host_epoch_s,device_ms,kind,raw_adc,millivolts,seq
1788814501.4643,1404896,V,547,481,14575
1788814501.4644,1404904,V,548,482,-1
1788814501.4644,1404912,V,548,482,-1
1788814501.4644,1404920,V,547,481,-1
1788814501.4644,1404928,V,546,480,-1
1788814501.4644,1404936,V,547,481,-1
1788814501.5127,1404950,V,546,480,14576
1788814501.5127,1404958,V,548,482,-1
1788814501.5127,1404966,V,547,481,-1
1788814501.5127,1404974,V,546,480,-1
1788814501.5127,1404982,V,546,480,-1
1788814501.5127,1404990,V,547,481,-1
1788814501.5616,1405003,V,547,481,14577
1788814501.5617,1405011,V,547,481,-1
1788814501.5617,1405019,V,547,481,-1
1788814501.5617,1405027,V,546,480,-1
1788814501.5617,1405035,V,547,481,-1
1788814501.5617,1405043,V,546,480,-1
1788814501.6102,1405057,V,548,482,14578
1788814501.6102,1405065,V,548,482,-1
1788814501.6102,1405073,V,548,482,-1
1788814501.6102,1405081,V,546,480,-1
1788814501.6102,1405089,V,548,482,-1
1788814501.6102,1405097,V,547,481,-1
1788814501.7078,1405111,V,546,480,14579
1788814501.7079,1405119,V,547,481,-1
1788814501.7080,1405127,V,547,481,-1
1788814501.7080,1405135,V,547,481,-1
1788814501.7080,1405143,V,547,481,-1
1788814501.7080,1405151,V,546,480,-1
1788814501.7569,1405164,V,547,481,14580
1788814501.7570,1405172,V,546,480,-1
1788814501.7570,1405180,V,547,481,-1
1788814501.7570,1405188,V,547,481,-1
1788814501.7570,1405196,V,551,484,-1
1788814501.7570,1405204,V,547,481,-1
1788814501.8053,1405218,V,546,480,14581
1788814501.8054,1405226,V,546,480,-1
1788814501.8054,1405234,V,546,480,-1
1788814501.8054,1405242,V,545,479,-1
1788814501.8054,1405250,V,546,480,-1
1788814501.8054,1405258,V,546,480,-1
1788814501.8579,1405271,V,546,480,14582
1788814501.8579,1405279,V,546,480,-1
1788814501.8579,1405287,V,546,480,-1
1788814501.8579,1405295,V,549,483,-1
1788814501.8579,1405303,V,546,480,-1
1788814501.8579,1405311,V,547,481,-1
1788814502.0006,1405325,V,546,480,14583
1788814502.0007,1405333,V,547,481,-1
1788814502.0007,1405341,V,546,480,-1
1788814502.0008,1405349,V,547,481,-1
1788814502.0008,1405357,V,547,481,-1
1788814502.0008,1405365,V,547,481,-1
1788814502.0017,1405379,V,546,480,14584
1788814502.0017,1405387,V,548,482,-1
1788814502.0017,1405395,V,558,490,-1
1788814502.0017,1405403,V,545,479,-1
1788814502.0017,1405411,V,546,480,-1
1788814502.0017,1405419,V,546,480,-1
1788814502.0023,1405432,V,546,480,14585
1788814502.0023,1405440,V,546,480,-1
1788814502.0023,1405448,V,545,479,-1
1788814502.0023,1405456,V,546,480,-1
1788814502.0023,1405464,V,547,481,-1
1788814502.0023,1405472,V,547,481,-1
1788814502.0495,1405486,V,547,481,14586
1788814502.0495,1405494,V,567,498,-1
1788814502.0495,1405502,V,547,481,-1
1788814502.0495,1405510,V,547,481,-1
1788814502.0495,1405518,V,547,481,-1
1788814502.0495,1405526,V,546,480,-1
1788814502.0984,1405540,V,546,480,14587
1788814502.0984,1405548,V,546,480,-1
1788814502.0984,1405556,V,547,481,-1
1788814502.0984,1405564,V,547,481,-1
1788814502.0984,1405572,V,548,482,-1
1788814502.0984,1405580,V,547,481,-1
1788814502.1465,1405593,V,547,481,14588
1788814502.1465,1405601,V,547,481,-1
1788814502.1465,1405609,V,546,480,-1
1788814502.1465,1405617,V,546,480,-1
1788814502.1465,1405625,V,548,482,-1
1788814502.1465,1405633,V,547,481,-1
1788814502.2444,1405647,V,546,480,14589
1788814502.2445,1405655,V,547,481,-1
1788814502.2445,1405663,V,546,480,-1
1788814502.2446,1405671,V,547,481,-1
1788814502.2446,1405679,V,546,480,-1
1788814502.2446,1405687,V,547,481,-1
1788814502.2932,1405701,V,547,481,14590
1788814502.2932,1405709,V,546,480,-1
1788814502.2932,1405717,V,547,481,-1
1788814502.2932,1405725,V,549,483,-1
1788814502.2932,1405733,V,554,487,-1
1788814502.2933,1405741,V,547,481,-1
1788814502.3416,1405754,V,546,480,14591
1788814502.3416,1405762,V,547,481,-1
1788814502.3417,1405770,V,546,480,-1
1788814502.3417,1405778,V,546,480,-1
1788814502.3417,1405786,V,546,480,-1
1788814502.3417,1405794,V,547,481,-1
1788814502.3904,1405808,V,546,480,14592
1788814502.3904,1405816,V,547,481,-1
1788814502.3904,1405824,V,546,480,-1
1788814502.3904,1405832,V,548,482,-1
1788814502.3904,1405840,V,548,482,-1
1788814502.3904,1405848,V,546,480,-1
1788814502.4387,1405861,V,547,481,14593
1788814502.4387,1405869,V,546,480,-1
1788814502.4387,1405877,V,546,480,-1
1788814502.4387,1405885,V,547,481,-1
1788814502.4387,1405893,V,548,482,-1
1788814502.4387,1405901,V,547,481,-1
1788814502.4876,1405915,V,547,481,14594
1788814502.4876,1405923,V,546,480,-1
1788814502.4876,1405931,V,566,497,-1
1788814502.4876,1405939,V,547,481,-1
1788814502.4876,1405947,V,547,481,-1
1788814502.4876,1405955,V,547,481,-1
1788814502.5374,1405969,V,548,482,14595
1788814502.5374,1405977,V,548,482,-1
1788814502.5374,1405985,V,546,480,-1
1788814502.5374,1405993,V,548,482,-1
1788814502.5374,1406001,V,547,481,-1
1788814502.5374,1406009,V,547,481,-1
1788814502.5852,1406022,V,547,481,14596
1788814502.5852,1406030,V,547,481,-1
1788814502.5852,1406038,V,547,481,-1
1788814502.5852,1406046,V,547,481,-1
1788814502.5852,1406054,V,546,480,-1
1788814502.5852,1406062,V,546,480,-1
1788814502.6348,1406076,V,545,479,14597
1788814502.6348,1406084,V,545,479,-1
1788814502.6348,1406092,V,546,480,-1
1788814502.6348,1406100,V,546,480,-1
1788814502.6348,1406108,V,547,481,-1
1788814502.6348,1406116,V,547,481,-1
1788814502.6831,1406129,V,547,481,14598
1788814502.6831,1406137,V,545,479,-1
1788814502.6831,1406145,V,547,481,-1
1788814502.6831,1406153,V,547,481,-1
1788814502.6831,1406161,V,547,481,-1
1788814502.6831,1406169,V,547,481,-1
1788814502.7816,1406183,V,546,480,14599
1788814502.7817,1406191,V,547,481,-1
1788814502.7817,1406199,V,545,479,-1
1788814502.7818,1406207,V,546,480,-1
1788814502.7818,1406215,V,548,482,-1
1788814502.7818,1406223,V,548,482,-1
1788814502.8304,1406237,V,546,480,14600
1788814502.8305,1406245,V,547,481,-1
1788814502.8305,1406253,V,547,481,-1
1788814502.8305,1406261,V,546,480,-1
1788814502.8305,1406269,V,551,484,-1
1788814502.8305,1406277,V,546,480,-1
1788814502.8790,1406290,V,546,480,14601
1788814502.8791,1406298,V,547,481,-1
1788814502.8791,1406306,V,546,480,-1
1788814502.8791,1406314,V,547,481,-1
1788814502.8791,1406322,V,546,480,-1
1788814502.8791,1406330,V,546,480,-1
1788814502.9266,1406344,V,547,481,14602
1788814502.9266,1406352,V,547,481,-1
1788814502.9266,1406360,V,546,480,-1
1788814502.9266,1406368,V,548,482,-1
1788814502.9266,1406376,V,547,481,-1
1788814502.9267,1406384,V,546,480,-1
1788814503.0248,1406398,V,546,480,14603
1788814503.0250,1406406,V,547,481,-1
1788814503.0250,1406414,V,547,481,-1
1788814503.0250,1406422,V,547,481,-1
1788814503.0250,1406430,V,547,481,-1
1788814503.0250,1406438,V,547,481,-1
1788814503.0259,1406451,V,547,481,14604
1788814503.0259,1406459,V,547,481,-1
1788814503.0259,1406467,V,566,497,-1
1788814503.0259,1406475,V,547,481,-1
1788814503.0259,1406483,V,547,481,-1
1788814503.0259,1406491,V,546,480,-1
1788814503.0732,1406505,V,547,481,14605
1788814503.0733,1406513,V,547,481,-1
1788814503.0733,1406521,V,546,480,-1
1788814503.0733,1406529,V,547,481,-1
1788814503.0733,1406537,V,546,480,-1
1788814503.0733,1406545,V,547,481,-1
1788814503.1217,1406558,V,546,480,14606
1788814503.1217,1406566,V,546,480,-1
1788814503.1217,1406574,V,547,481,-1
1788814503.1217,1406582,V,547,481,-1
1788814503.1217,1406590,V,548,482,-1
1788814503.1217,1406598,V,547,481,-1
1788814503.1737,1406612,V,546,480,14607
1788814503.1738,1406620,V,547,481,-1
1788814503.1738,1406628,V,546,480,-1
1788814503.1738,1406636,V,546,480,-1
1788814503.1738,1406644,V,546,480,-1
1788814503.1738,1406652,V,547,481,-1
1788814503.2198,1406666,V,547,481,14608
1788814503.2198,1406674,V,547,481,-1
1788814503.2203,1406682,V,548,482,-1
1788814503.2203,1406690,V,548,482,-1
1788814503.2203,1406698,V,548,482,-1
1788814503.2203,1406706,V,548,482,-1
1788814503.3172,1406719,V,549,483,14609
1788814503.3174,1406727,V,547,481,-1
1788814503.3174,1406735,V,547,481,-1
1788814503.3174,1406743,V,548,482,-1
1788814503.3174,1406751,V,548,482,-1
1788814503.3174,1406759,V,548,482,-1
1788814503.3666,1406773,V,547,481,14610
1788814503.3667,1406781,V,546,480,-1
1788814503.3667,1406789,V,547,481,-1
1788814503.3667,1406797,V,548,482,-1
1788814503.3667,1406805,V,554,487,-1
1788814503.3667,1406813,V,548,482,-1
1788814503.4150,1406827,V,549,483,14611
1788814503.4150,1406835,V,548,482,-1
1788814503.4150,1406843,V,548,482,-1
1788814503.4150,1406851,V,547,481,-1
1788814503.4150,1406859,V,547,481,-1
1788814503.4150,1406867,V,547,481,-1
1788814503.4627,1406880,V,547,481,14612
1788814503.4628,1406888,V,547,481,-1
1788814503.4628,1406896,V,548,482,-1
1788814503.4628,1406904,V,550,483,-1
1788814503.4628,1406912,V,548,482,-1
1788814503.4628,1406920,V,547,481,-1
1788814503.5115,1406934,V,547,481,14613
1788814503.5115,1406942,V,548,482,-1
1788814503.5115,1406950,V,547,481,-1
1788814503.5115,1406958,V,547,481,-1
1788814503.5116,1406966,V,546,480,-1
1788814503.5116,1406974,V,545,479,-1
1788814503.5611,1406987,V,546,480,14614
1788814503.5613,1406995,V,546,480,-1
1788814503.5613,1407003,V,566,497,-1
1788814503.5613,1407011,V,546,480,-1
1788814503.5613,1407019,V,547,481,-1
1788814503.5613,1407027,V,547,481,-1
1788814503.6092,1407041,V,547,481,14615
1788814503.6092,1407049,V,547,481,-1
1788814503.6092,1407057,V,546,480,-1
1788814503.6092,1407065,V,547,481,-1
1788814503.6092,1407073,V,546,480,-1
1788814503.6092,1407081,V,547,481,-1
1788814503.6578,1407095,V,548,482,14616
1788814503.6579,1407103,V,547,481,-1
1788814503.6579,1407111,V,547,481,-1
1788814503.6579,1407119,V,547,481,-1
1788814503.6579,1407127,V,547,481,-1
1788814503.6579,1407135,V,546,480,-1
1788814503.7065,1407148,V,547,481,14617
1788814503.7066,1407156,V,547,481,-1
1788814503.7066,1407164,V,548,482,-1
1788814503.7066,1407172,V,547,481,-1
1788814503.7066,1407180,V,547,481,-1
1788814503.7066,1407188,V,547,481,-1
1788814503.7562,1407202,V,548,482,14618
1788814503.7563,1407210,V,548,482,-1
1788814503.7563,1407218,V,548,482,-1
1788814503.7563,1407226,V,548,482,-1
1788814503.7563,1407234,V,548,482,-1
1788814503.7563,1407242,V,548,482,-1
1788814503.8537,1407256,V,548,482,14619
1788814503.8539,1407264,V,547,481,-1
1788814503.8539,1407272,V,547,481,-1
1788814503.8539,1407280,V,547,481,-1
1788814503.8539,1407288,V,548,482,-1
1788814503.8539,1407296,V,548,482,-1
1788814503.9025,1407309,V,548,482,14620
1788814503.9026,1407317,V,547,481,-1
1788814503.9026,1407325,V,547,481,-1
1788814503.9026,1407333,V,547,481,-1
1788814503.9026,1407341,V,555,488,-1
1788814503.9026,1407349,V,548,482,-1
1788814503.9504,1407363,V,547,481,14621
1788814503.9504,1407371,V,549,483,-1
1788814503.9504,1407379,V,549,483,-1
1788814503.9504,1407387,V,547,481,-1
1788814503.9504,1407395,V,549,483,-1
1788814503.9504,1407403,V,548,482,-1
1788814504.0479,1407416,V,548,482,14622
1788814504.0479,1407424,V,549,483,-1
1788814504.0479,1407432,V,548,482,-1
1788814504.0479,1407440,V,549,483,-1
1788814504.0479,1407448,V,548,482,-1
1788814504.0479,1407456,V,548,482,-1
1788814504.0491,1407470,V,547,481,14623
1788814504.0491,1407478,V,547,481,-1
1788814504.0491,1407486,V,547,481,-1
1788814504.0491,1407494,V,547,481,-1
1788814504.0491,1407502,V,547,481,-1
1788814504.0491,1407510,V,546,480,-1
1788814504.0975,1407524,V,547,481,14624
1788814504.0976,1407532,V,546,480,-1
1788814504.0977,1407540,V,569,500,-1
1788814504.0977,1407548,V,546,480,-1
1788814504.0977,1407556,V,546,480,-1
1788814504.0977,1407564,V,546,480,-1
1788814504.1457,1407577,V,546,480,14625
1788814504.1457,1407585,V,546,480,-1
1788814504.1458,1407593,V,547,481,-1
1788814504.1458,1407601,V,548,482,-1
1788814504.1458,1407609,V,546,480,-1
1788814504.1458,1407617,V,548,482,-1
1788814504.1958,1407631,V,547,481,14626
1788814504.1959,1407639,V,547,481,-1
1788814504.1959,1407647,V,547,481,-1
1788814504.1959,1407655,V,547,481,-1
1788814504.1959,1407663,V,547,481,-1
1788814504.1959,1407671,V,547,481,-1
1788814504.2435,1407685,V,547,481,14627
1788814504.2435,1407693,V,548,482,-1
1788814504.2435,1407701,V,547,481,-1
1788814504.2435,1407709,V,548,482,-1
1788814504.2435,1407717,V,547,481,-1
1788814504.2435,1407725,V,548,482,-1
1788814504.2925,1407738,V,548,482,14628
1788814504.2926,1407746,V,547,481,-1
1788814504.2926,1407754,V,547,481,-1
1788814504.2926,1407762,V,546,480,-1
1788814504.2926,1407770,V,547,481,-1
1788814504.2926,1407778,V,548,482,-1
1788814504.3901,1407792,V,547,481,14629
1788814504.3903,1407800,V,547,481,-1
1788814504.3903,1407808,V,547,481,-1
1788814504.3903,1407816,V,547,481,-1
1788814504.3903,1407824,V,547,481,-1
1788814504.3903,1407832,V,547,481,-1
1788814504.4392,1407846,V,547,481,14630
1788814504.4393,1407854,V,546,480,-1
1788814504.4393,1407862,V,547,481,-1
1788814504.4393,1407870,V,547,481,-1
1788814504.4393,1407878,V,552,485,-1
1788814504.4393,1407886,V,546,480,-1
1788814504.4867,1407899,V,546,480,14631
1788814504.4867,1407907,V,547,481,-1
1788814504.4868,1407915,V,547,481,-1
1788814504.4868,1407923,V,547,481,-1
1788814504.4868,1407931,V,548,482,-1
1788814504.4868,1407939,V,546,480,-1
1788814504.5351,1407953,V,546,480,14632
1788814504.5351,1407961,V,547,481,-1
1788814504.5351,1407969,V,547,481,-1
1788814504.5351,1407977,V,550,483,-1
1788814504.5351,1407985,V,546,480,-1
1788814504.5351,1407993,V,547,481,-1
1788814504.5840,1408007,V,547,481,14633
1788814504.5840,1408015,V,548,482,-1
1788814504.5841,1408023,V,547,481,-1
1788814504.5841,1408031,V,550,483,-1
1788814504.5841,1408039,V,549,483,-1
1788814504.5841,1408047,V,549,483,-1
1788814504.6337,1408060,V,548,482,14634
1788814504.6339,1408068,V,547,481,-1
1788814504.6339,1408076,V,555,488,-1
1788814504.6339,1408084,V,546,480,-1
1788814504.6339,1408092,V,548,482,-1
1788814504.6339,1408100,V,547,481,-1
1788814504.6820,1408114,V,546,480,14635
1788814504.6820,1408122,V,547,481,-1
1788814504.6820,1408130,V,547,481,-1
1788814504.6820,1408138,V,547,481,-1
1788814504.6820,1408146,V,547,481,-1
1788814504.6820,1408154,V,547,481,-1
1788814504.7304,1408168,V,548,482,14636
1788814504.7304,1408176,V,547,481,-1
1788814504.7304,1408184,V,548,482,-1
1788814504.7304,1408192,V,547,481,-1
1788814504.7304,1408200,V,547,481,-1
1788814504.7304,1408208,V,547,481,-1
1788814504.7792,1408221,V,548,482,14637
1788814504.7793,1408229,V,548,482,-1
1788814504.7793,1408237,V,548,482,-1
1788814504.7793,1408245,V,547,481,-1
1788814504.7793,1408253,V,548,482,-1
1788814504.7793,1408261,V,547,481,-1
1788814504.8277,1408275,V,547,481,14638
1788814504.8278,1408283,V,548,482,-1
1788814504.8278,1408291,V,548,482,-1
1788814504.8278,1408299,V,547,481,-1
1788814504.8278,1408307,V,547,481,-1
1788814504.8278,1408315,V,548,482,-1
1788814504.9255,1408328,V,547,481,14639
1788814504.9256,1408336,V,546,480,-1
1788814504.9256,1408344,V,545,479,-1
1788814504.9256,1408352,V,546,480,-1
1788814504.9256,1408360,V,546,480,-1
1788814504.9257,1408368,V,546,480,-1
1788814504.9745,1408382,V,546,480,14640
1788814504.9745,1408390,V,547,481,-1
1788814504.9745,1408398,V,546,480,-1
1788814504.9746,1408406,V,546,480,-1
1788814504.9746,1408414,V,553,486,-1
1788814504.9746,1408422,V,546,480,-1
1788814505.0231,1408436,V,546,480,14641
1788814505.0231,1408444,V,546,480,-1
1788814505.0231,1408452,V,546,480,-1
1788814505.0231,1408460,V,546,480,-1
1788814505.0233,1408468,V,546,480,-1
1788814505.0233,1408476,V,546,480,-1
1788814505.0718,1408489,V,547,481,14642
1788814505.0718,1408497,V,546,480,-1
1788814505.0718,1408505,V,547,481,-1
1788814505.0718,1408513,V,558,490,-1
1788814505.0718,1408521,V,547,481,-1
1788814505.0718,1408529,V,547,481,-1
1788814505.1201,1408543,V,547,481,14643
1788814505.1202,1408551,V,546,480,-1
1788814505.1202,1408559,V,546,480,-1
1788814505.1202,1408567,V,548,482,-1
1788814505.1202,1408575,V,547,481,-1
1788814505.1202,1408583,V,547,481,-1
1788814505.1691,1408597,V,548,482,14644
1788814505.1692,1408605,V,548,482,-1
1788814505.1692,1408613,V,548,482,-1
1788814505.1692,1408621,V,548,482,-1
1788814505.1692,1408629,V,547,481,-1
1788814505.1692,1408637,V,547,481,-1
1788814505.2183,1408650,V,548,482,14645
1788814505.2183,1408658,V,547,481,-1
1788814505.2183,1408666,V,546,480,-1
1788814505.2183,1408674,V,547,481,-1
1788814505.2183,1408682,V,548,482,-1
1788814505.2183,1408690,V,547,481,-1
1788814505.2676,1408704,V,547,481,14646
1788814505.2677,1408712,V,548,482,-1
1788814505.2677,1408720,V,547,481,-1
1788814505.2677,1408728,V,547,481,-1
1788814505.2677,1408736,V,547,481,-1
1788814505.2677,1408744,V,547,481,-1
1788814505.3163,1408758,V,547,481,14647
1788814505.3163,1408766,V,546,480,-1
1788814505.3163,1408774,V,546,480,-1
1788814505.3163,1408782,V,546,480,-1
1788814505.3163,1408790,V,547,481,-1
1788814505.3163,1408798,V,546,480,-1
1788814505.3641,1408811,V,548,482,14648
1788814505.3641,1408819,V,547,481,-1
1788814505.3641,1408827,V,546,480,-1
1788814505.3641,1408835,V,547,481,-1
1788814505.3641,1408843,V,546,480,-1
1788814505.3641,1408851,V,552,485,-1
1788814505.4616,1408865,V,547,481,14649
1788814505.4618,1408873,V,546,480,-1
1788814505.4618,1408881,V,546,480,-1
1788814505.4618,1408889,V,547,481,-1
1788814505.4618,1408897,V,547,481,-1
1788814505.4618,1408905,V,546,480,-1
1788814505.5105,1408919,V,547,481,14650
1788814505.5105,1408927,V,546,480,-1
1788814505.5105,1408935,V,547,481,-1
1788814505.5105,1408943,V,547,481,-1
1788814505.5105,1408951,V,549,483,-1
1788814505.5105,1408959,V,547,481,-1
1788814505.5591,1408972,V,548,482,14651
1788814505.5591,1408980,V,547,481,-1
1788814505.5591,1408988,V,548,482,-1
1788814505.5591,1408996,V,547,481,-1
1788814505.5591,1409004,V,548,482,-1
1788814505.5591,1409012,V,548,482,-1
1788814505.6079,1409026,V,547,481,14652
1788814505.6079,1409034,V,547,481,-1
1788814505.6079,1409042,V,546,480,-1
1788814505.6079,1409050,V,564,496,-1
1788814505.6079,1409058,V,546,480,-1
1788814505.6079,1409066,V,546,480,-1
1788814505.6567,1409079,V,546,480,14653
1788814505.6567,1409087,V,547,481,-1
1788814505.6567,1409095,V,545,479,-1
1788814505.6567,1409103,V,546,480,-1
1788814505.6567,1409111,V,547,481,-1
1788814505.6567,1409119,V,548,482,-1
1788814505.7049,1409133,V,546,480,14654
1788814505.7049,1409141,V,548,482,-1
1788814505.7049,1409149,V,549,483,-1
1788814505.7049,1409157,V,547,481,-1
1788814505.7049,1409165,V,548,482,-1
1788814505.7049,1409173,V,547,481,-1
1788814505.7540,1409187,V,547,481,14655
1788814505.7540,1409195,V,547,481,-1
1788814505.7540,1409203,V,547,481,-1
1788814505.7540,1409211,V,547,481,-1
1788814505.7540,1409219,V,547,481,-1
1788814505.7540,1409227,V,547,481,-1
1788814505.8026,1409240,V,548,482,14656
1788814505.8026,1409248,V,547,481,-1
1788814505.8026,1409256,V,547,481,-1
1788814505.8026,1409264,V,546,480,-1
1788814505.8026,1409272,V,547,481,-1
1788814505.8026,1409280,V,546,480,-1
1788814505.8513,1409294,V,546,480,14657
1788814505.8513,1409302,V,546,480,-1
1788814505.8513,1409310,V,547,481,-1
1788814505.8513,1409318,V,546,480,-1
1788814505.8513,1409326,V,547,481,-1
1788814505.8513,1409334,V,547,481,-1
1788814505.9005,1409348,V,547,481,14658
1788814505.9005,1409356,V,547,481,-1
1788814505.9005,1409364,V,545,479,-1
1788814505.9005,1409372,V,547,481,-1
1788814505.9005,1409380,V,547,481,-1
1788814505.9005,1409388,V,552,485,-1
1788814505.9982,1409401,V,547,481,14659
1788814505.9984,1409409,V,547,481,-1
1788814505.9984,1409417,V,547,481,-1
1788814505.9984,1409425,V,547,481,-1
1788814505.9984,1409433,V,547,481,-1
1788814505.9984,1409441,V,546,480,-1
1788814506.0465,1409455,V,547,481,14660
1788814506.0465,1409463,V,547,481,-1
1788814506.0465,1409471,V,548,482,-1
1788814506.0465,1409479,V,548,482,-1
1788814506.0465,1409487,V,549,483,-1
1788814506.0465,1409495,V,548,482,-1
1788814506.0953,1409508,V,547,481,14661
1788814506.0954,1409516,V,548,482,-1
1788814506.0954,1409524,V,548,482,-1
1788814506.0954,1409532,V,549,483,-1
1788814506.0954,1409540,V,547,481,-1
1788814506.0954,1409548,V,548,482,-1
1788814506.1445,1409562,V,549,483,14662
1788814506.1445,1409570,V,549,483,-1
1788814506.1445,1409578,V,548,482,-1
1788814506.1445,1409586,V,567,498,-1
1788814506.1445,1409594,V,548,482,-1
1788814506.1445,1409602,V,549,483,-1
1788814506.1946,1409616,V,548,482,14663
1788814506.1946,1409624,V,548,482,-1
1788814506.1946,1409632,V,547,481,-1
1788814506.1946,1409640,V,547,481,-1
1788814506.1946,1409648,V,548,482,-1
1788814506.1946,1409656,V,547,481,-1
1788814506.2418,1409669,V,548,482,14664
1788814506.2419,1409677,V,547,481,-1
1788814506.2420,1409685,V,548,482,-1
1788814506.2420,1409693,V,547,481,-1
1788814506.2420,1409701,V,547,481,-1
1788814506.2420,1409709,V,546,480,-1
1788814506.2909,1409723,V,546,480,14665
1788814506.2910,1409731,V,546,480,-1
1788814506.2910,1409739,V,546,480,-1
1788814506.2910,1409747,V,547,481,-1
1788814506.2910,1409755,V,547,481,-1
1788814506.2910,1409763,V,547,481,-1
1788814506.3392,1409777,V,546,480,14666
1788814506.3392,1409785,V,546,480,-1
1788814506.3392,1409793,V,546,480,-1
1788814506.3392,1409801,V,547,481,-1
1788814506.3392,1409809,V,548,482,-1
1788814506.3392,1409817,V,547,481,-1
1788814506.3878,1409830,V,548,482,14667
1788814506.3879,1409838,V,546,480,-1
1788814506.3879,1409846,V,547,481,-1
1788814506.3879,1409854,V,547,481,-1
1788814506.3879,1409862,V,547,481,-1
1788814506.3879,1409870,V,547,481,-1
1788814506.4857,1409884,V,547,481,14668
1788814506.4859,1409892,V,547,481,-1
1788814506.4859,1409900,V,546,480,-1
1788814506.4859,1409908,V,547,481,-1
1788814506.4859,1409916,V,547,481,-1
1788814506.4859,1409924,V,550,483,-1
1788814506.5343,1409937,V,547,481,14669
1788814506.5344,1409945,V,547,481,-1
1788814506.5344,1409953,V,546,480,-1
1788814506.5344,1409961,V,546,480,-1
1788814506.5344,1409969,V,547,481,-1
1788814506.5344,1409977,V,546,480,-1
1788814506.5830,1409991,V,546,480,14670
1788814506.5831,1409999,V,546,480,-1
1788814506.5831,1410007,V,547,481,-1
1788814506.5831,1410015,V,547,481,-1
1788814506.5831,1410023,V,549,483,-1
1788814506.5831,1410031,V,548,482,-1
1788814506.6315,1410045,V,548,482,14671
1788814506.6316,1410053,V,547,481,-1
1788814506.6316,1410061,V,546,480,-1
1788814506.6316,1410069,V,547,481,-1
1788814506.6316,1410077,V,547,481,-1
1788814506.6316,1410085,V,548,482,-1
1788814506.6806,1410098,V,548,482,14672
1788814506.6807,1410106,V,547,481,-1
1788814506.6807,1410114,V,548,482,-1
1788814506.6807,1410122,V,564,496,-1
1788814506.6807,1410130,V,547,481,-1
1788814506.6807,1410138,V,547,481,-1
1788814506.7291,1410152,V,548,482,14673
1788814506.7292,1410160,V,547,481,-1
1788814506.7293,1410168,V,547,481,-1
1788814506.7293,1410176,V,547,481,-1
1788814506.7293,1410184,V,547,481,-1
1788814506.7293,1410192,V,546,480,-1
1788814506.7783,1410205,V,547,481,14674
1788814506.7783,1410213,V,547,481,-1
1788814506.7783,1410221,V,548,482,-1
1788814506.7783,1410229,V,548,482,-1
1788814506.7783,1410237,V,547,481,-1
1788814506.7783,1410245,V,546,480,-1
1788814506.8274,1410259,V,547,481,14675
1788814506.8274,1410267,V,547,481,-1
1788814506.8274,1410275,V,547,481,-1
1788814506.8274,1410283,V,547,481,-1
1788814506.8274,1410291,V,547,481,-1
1788814506.8274,1410299,V,547,481,-1
1788814506.8755,1410313,V,547,481,14676
1788814506.8756,1410321,V,549,483,-1
1788814506.8756,1410329,V,548,482,-1
1788814506.8756,1410337,V,547,481,-1
1788814506.8756,1410345,V,548,482,-1
1788814506.8756,1410353,V,547,481,-1
1788814506.9238,1410366,V,549,483,14677
1788814506.9238,1410374,V,548,482,-1
1788814506.9238,1410382,V,548,482,-1
1788814506.9238,1410390,V,548,482,-1
1788814506.9238,1410398,V,548,482,-1
1788814506.9238,1410406,V,548,482,-1
1788814507.0216,1410420,V,548,482,14678
1788814507.0218,1410428,V,548,482,-1
1788814507.0218,1410436,V,548,482,-1
1788814507.0218,1410444,V,549,483,-1
1788814507.0218,1410452,V,548,482,-1
1788814507.0218,1410460,V,552,485,-1
1788814507.0707,1410474,V,548,482,14679
1788814507.0707,1410482,V,548,482,-1
1788814507.0707,1410490,V,548,482,-1
1788814507.0707,1410498,V,548,482,-1
1788814507.0707,1410506,V,548,482,-1
1788814507.0707,1410514,V,548,482,-1
1788814507.1191,1410527,V,547,481,14680
1788814507.1191,1410535,V,548,482,-1
1788814507.1191,1410543,V,548,482,-1
1788814507.1191,1410551,V,548,482,-1
1788814507.1191,1410559,V,550,483,-1
1788814507.1191,1410567,V,548,482,-1
1788814507.1679,1410581,V,547,481,14681
1788814507.1679,1410589,V,547,481,-1
1788814507.1679,1410597,V,548,482,-1
1788814507.1679,1410605,V,547,481,-1
1788814507.1679,1410613,V,548,482,-1
1788814507.1680,1410621,V,546,480,-1
1788814507.2171,1410635,V,546,480,14682
1788814507.2172,1410643,V,546,480,-1
1788814507.2172,1410651,V,547,481,-1
1788814507.2172,1410659,V,567,498,-1
1788814507.2172,1410667,V,547,481,-1
1788814507.2172,1410675,V,546,480,-1
1788814507.2662,1410688,V,546,480,14683
1788814507.2663,1410696,V,547,481,-1
1788814507.2663,1410704,V,546,480,-1
1788814507.2664,1410712,V,547,481,-1
1788814507.2664,1410720,V,548,482,-1
1788814507.2664,1410728,V,548,482,-1
1788814507.3147,1410742,V,546,480,14684
1788814507.3147,1410750,V,547,481,-1
1788814507.3147,1410758,V,547,481,-1
1788814507.3148,1410766,V,548,482,-1
1788814507.3148,1410774,V,548,482,-1
1788814507.3148,1410782,V,548,482,-1
1788814507.3638,1410796,V,547,481,14685
1788814507.3638,1410804,V,549,483,-1
1788814507.3638,1410812,V,548,482,-1
1788814507.3639,1410820,V,549,483,-1
1788814507.3639,1410828,V,550,483,-1
1788814507.3639,1410836,V,549,483,-1
1788814507.4126,1410849,V,550,483,14686
1788814507.4126,1410857,V,549,483,-1
1788814507.4126,1410865,V,549,483,-1
1788814507.4126,1410873,V,549,483,-1
1788814507.4126,1410881,V,549,483,-1
1788814507.4126,1410889,V,548,482,-1
1788814507.4615,1410903,V,549,483,14687
1788814507.4615,1410911,V,549,483,-1
1788814507.4615,1410919,V,549,483,-1
1788814507.4615,1410927,V,549,483,-1
1788814507.4615,1410935,V,549,483,-1
1788814507.4615,1410943,V,549,483,-1
1788814507.5091,1410956,V,549,483,14688
1788814507.5093,1410964,V,549,483,-1
1788814507.5093,1410972,V,549,483,-1
1788814507.5093,1410980,V,549,483,-1
1788814507.5093,1410988,V,548,482,-1
1788814507.5093,1410996,V,555,488,-1
1788814507.6069,1411010,V,550,483,14689
1788814507.6069,1411018,V,547,481,-1
1788814507.6069,1411026,V,548,482,-1
1788814507.6069,1411034,V,549,483,-1
1788814507.6069,1411042,V,548,482,-1
1788814507.6070,1411050,V,549,483,-1
1788814507.6555,1411064,V,548,482,14690
1788814507.6555,1411072,V,548,482,-1
1788814507.6555,1411080,V,546,480,-1
1788814507.6555,1411088,V,547,481,-1
1788814507.6555,1411096,V,549,483,-1
1788814507.6556,1411104,V,548,482,-1
1788814507.7041,1411117,V,547,481,14691
1788814507.7041,1411125,V,548,482,-1
1788814507.7041,1411133,V,547,481,-1
1788814507.7041,1411141,V,547,481,-1
1788814507.7042,1411149,V,547,481,-1
1788814507.7042,1411157,V,547,481,-1
1788814507.7529,1411171,V,546,480,14692
1788814507.7530,1411179,V,547,481,-1
1788814507.7530,1411187,V,547,481,-1
1788814507.7530,1411195,V,567,498,-1
1788814507.7530,1411203,V,548,482,-1
1788814507.7530,1411211,V,548,482,-1
1788814507.8018,1411224,V,549,483,14693
1788814507.8019,1411232,V,548,482,-1
1788814507.8019,1411240,V,547,481,-1
1788814507.8019,1411248,V,548,482,-1
1788814507.8020,1411256,V,547,481,-1
1788814507.8020,1411264,V,548,482,-1
1788814507.8505,1411278,V,548,482,14694
1788814507.8505,1411286,V,549,483,-1
1788814507.8505,1411294,V,548,482,-1
1788814507.8505,1411302,V,548,482,-1
1788814507.8506,1411310,V,549,483,-1
1788814507.8506,1411318,V,549,483,-1
1788814507.8992,1411332,V,547,481,14695
1788814507.8992,1411340,V,549,483,-1
1788814507.8992,1411348,V,549,483,-1
1788814507.8992,1411356,V,549,483,-1
1788814507.8992,1411364,V,549,483,-1
1788814507.8992,1411372,V,549,483,-1
1788814507.9478,1411385,V,549,483,14696
1788814507.9478,1411393,V,549,483,-1
1788814507.9478,1411401,V,550,483,-1
1788814507.9478,1411409,V,549,483,-1
1788814507.9479,1411417,V,550,483,-1
1788814507.9479,1411425,V,550,483,-1
1788814507.9965,1411439,V,550,483,14697
1788814507.9967,1411447,V,549,483,-1
1788814507.9967,1411455,V,549,483,-1
1788814507.9967,1411463,V,549,483,-1
1788814507.9967,1411471,V,549,483,-1
1788814507.9967,1411479,V,549,483,-1
1788814508.0457,1411492,V,548,482,14698
1788814508.0457,1411500,V,549,483,-1
1788814508.0457,1411508,V,547,481,-1
1788814508.0457,1411516,V,548,482,-1
1788814508.0457,1411524,V,549,483,-1
1788814508.0457,1411532,V,551,484,-1
1788814508.1430,1411546,V,548,482,14699
1788814508.1430,1411554,V,548,482,-1
1788814508.1430,1411562,V,548,482,-1
1788814508.1430,1411570,V,548,482,-1
1788814508.1431,1411578,V,547,481,-1
1788814508.1431,1411586,V,548,482,-1
1788814508.1933,1411600,V,547,481,14700
1788814508.1934,1411608,V,547,481,-1
1788814508.1934,1411616,V,547,481,-1
1788814508.1934,1411624,V,546,480,-1
1788814508.1934,1411632,V,549,483,-1
1788814508.1934,1411640,V,546,480,-1
1788814508.2406,1411653,V,547,481,14701
1788814508.2406,1411661,V,545,479,-1
1788814508.2406,1411669,V,546,480,-1
1788814508.2407,1411677,V,546,480,-1
1788814508.2407,1411685,V,547,481,-1
1788814508.2407,1411693,V,546,480,-1
1788814508.2894,1411707,V,547,481,14702
1788814508.2894,1411715,V,547,481,-1
1788814508.2894,1411723,V,546,480,-1
1788814508.2894,1411731,V,564,496,-1
1788814508.2894,1411739,V,547,481,-1
1788814508.2894,1411747,V,546,480,-1
1788814508.3380,1411761,V,547,481,14703
1788814508.3380,1411769,V,546,480,-1
1788814508.3380,1411777,V,546,480,-1
1788814508.3380,1411785,V,547,481,-1
1788814508.3381,1411793,V,547,481,-1
1788814508.3381,1411801,V,546,480,-1
1788814508.3868,1411814,V,546,480,14704
1788814508.3868,1411822,V,546,480,-1
1788814508.3868,1411830,V,550,483,-1
1788814508.3868,1411838,V,546,480,-1
1788814508.3868,1411846,V,546,480,-1
1788814508.3868,1411854,V,546,480,-1
1788814508.4351,1411868,V,547,481,14705
1788814508.4351,1411876,V,546,480,-1
1788814508.4351,1411884,V,547,481,-1
1788814508.4351,1411892,V,547,481,-1
1788814508.4351,1411900,V,546,480,-1
1788814508.4351,1411908,V,547,481,-1
1788814508.4843,1411921,V,547,481,14706
1788814508.4844,1411929,V,547,481,-1
1788814508.4844,1411937,V,548,482,-1
1788814508.4844,1411945,V,547,481,-1
1788814508.4844,1411953,V,548,482,-1
1788814508.4844,1411961,V,548,482,-1
1788814508.5332,1411975,V,546,480,14707
1788814508.5333,1411983,V,547,481,-1
1788814508.5333,1411991,V,546,480,-1
1788814508.5333,1411999,V,546,480,-1
1788814508.5333,1412007,V,546,480,-1
1788814508.5333,1412015,V,546,480,-1
1788814508.5818,1412029,V,546,480,14708
1788814508.5818,1412037,V,546,480,-1
1788814508.5819,1412045,V,547,481,-1
1788814508.5819,1412053,V,545,479,-1
1788814508.5819,1412061,V,546,480,-1
1788814508.5819,1412069,V,550,483,-1
1788814508.6809,1412082,V,546,480,14709
1788814508.6810,1412090,V,546,480,-1
1788814508.6810,1412098,V,545,479,-1
1788814508.6810,1412106,V,545,479,-1
1788814508.6810,1412114,V,545,479,-1
1788814508.6810,1412122,V,546,480,-1
1788814508.7292,1412136,V,545,479,14710
1788814508.7294,1412144,V,545,479,-1
1788814508.7294,1412152,V,546,480,-1
1788814508.7294,1412160,V,547,481,-1
1788814508.7294,1412168,V,548,482,-1
1788814508.7294,1412176,V,546,480,-1
1788814508.7769,1412190,V,546,480,14711
1788814508.7769,1412198,V,546,480,-1
1788814508.7769,1412206,V,547,481,-1
1788814508.7769,1412214,V,546,480,-1
1788814508.7769,1412222,V,546,480,-1
1788814508.7769,1412230,V,547,481,-1
1788814508.8255,1412243,V,546,480,14712
1788814508.8255,1412251,V,546,480,-1
1788814508.8255,1412259,V,547,481,-1
1788814508.8255,1412267,V,567,498,-1
1788814508.8255,1412275,V,549,483,-1
1788814508.8255,1412283,V,548,482,-1
1788814508.8740,1412297,V,547,481,14713
1788814508.8740,1412305,V,548,482,-1
1788814508.8740,1412313,V,547,481,-1
1788814508.8740,1412321,V,549,483,-1
1788814508.8740,1412329,V,548,482,-1
1788814508.8740,1412337,V,548,482,-1
1788814508.9226,1412351,V,548,482,14714
1788814508.9227,1412359,V,549,483,-1
1788814508.9227,1412367,V,548,482,-1
1788814508.9227,1412375,V,547,481,-1
1788814508.9227,1412383,V,548,482,-1
1788814508.9227,1412391,V,547,481,-1
1788814508.9717,1412404,V,549,483,14715
1788814508.9718,1412412,V,547,481,-1
1788814508.9718,1412420,V,548,482,-1
1788814508.9718,1412428,V,549,483,-1
1788814508.9718,1412436,V,549,483,-1
1788814508.9718,1412444,V,547,481,-1
1788814509.0201,1412458,V,548,482,14716
1788814509.0202,1412466,V,548,482,-1
1788814509.0202,1412474,V,548,482,-1
1788814509.0202,1412482,V,547,481,-1
1788814509.0202,1412490,V,548,482,-1
1788814509.0202,1412498,V,547,481,-1
1788814509.0692,1412511,V,548,482,14717
1788814509.0692,1412519,V,548,482,-1
1788814509.0692,1412527,V,549,483,-1
1788814509.0692,1412535,V,548,482,-1
1788814509.0692,1412543,V,548,482,-1
1788814509.0692,1412551,V,548,482,-1
1788814509.1178,1412565,V,548,482,14718
1788814509.1178,1412573,V,547,481,-1
1788814509.1178,1412581,V,546,480,-1
1788814509.1178,1412589,V,547,481,-1
1788814509.1179,1412597,V,549,483,-1
1788814509.1179,1412605,V,554,487,-1
1788814509.2166,1412619,V,549,483,14719
1788814509.2168,1412627,V,548,482,-1
1788814509.2168,1412635,V,548,482,-1
1788814509.2168,1412643,V,548,482,-1
1788814509.2168,1412651,V,547,481,-1
1788814509.2168,1412659,V,547,481,-1
1788814509.2647,1412672,V,547,481,14720
1788814509.2648,1412680,V,548,482,-1
1788814509.2648,1412688,V,548,482,-1
1788814509.2648,1412696,V,548,482,-1
1788814509.2648,1412704,V,549,483,-1
1788814509.2648,1412712,V,547,481,-1
1788814509.3136,1412726,V,546,480,14721
1788814509.3136,1412734,V,547,481,-1
1788814509.3136,1412742,V,546,480,-1
1788814509.3137,1412750,V,548,482,-1
1788814509.3137,1412758,V,548,482,-1
1788814509.3137,1412766,V,548,482,-1
1788814509.3626,1412779,V,547,481,14722
1788814509.3626,1412787,V,548,482,-1
1788814509.3626,1412795,V,547,481,-1
1788814509.3626,1412803,V,567,498,-1
1788814509.3626,1412811,V,548,482,-1
1788814509.3626,1412819,V,548,482,-1
1788814509.4106,1412833,V,548,482,14723
1788814509.4106,1412841,V,548,482,-1
1788814509.4106,1412849,V,548,482,-1
1788814509.4106,1412857,V,549,483,-1
1788814509.4106,1412865,V,547,481,-1
1788814509.4106,1412873,V,548,482,-1
1788814509.4591,1412887,V,548,482,14724
1788814509.4591,1412895,V,548,482,-1
1788814509.4591,1412903,V,547,481,-1
1788814509.4591,1412911,V,548,482,-1
1788814509.4591,1412919,V,548,482,-1
1788814509.4591,1412927,V,548,482,-1
1788814509.5082,1412941,V,548,482,14725
1788814509.5082,1412949,V,548,482,-1
1788814509.5082,1412957,V,548,482,-1
1788814509.5082,1412965,V,547,481,-1
1788814509.5082,1412973,V,547,481,-1
1788814509.5082,1412981,V,548,482,-1
1788814509.5580,1412994,V,547,481,14726
1788814509.5580,1413002,V,548,482,-1
1788814509.5580,1413010,V,547,481,-1
1788814509.5580,1413018,V,548,482,-1
1788814509.5580,1413026,V,548,482,-1
1788814509.5580,1413034,V,548,482,-1
1788814509.6054,1413048,V,548,482,14727
1788814509.6054,1413056,V,547,481,-1
1788814509.6054,1413064,V,548,482,-1
1788814509.6054,1413072,V,548,482,-1
1788814509.6054,1413080,V,548,482,-1
1788814509.6055,1413088,V,548,482,-1
1788814509.6545,1413101,V,548,482,14728
1788814509.6545,1413109,V,547,481,-1
1788814509.6545,1413117,V,549,483,-1
1788814509.6545,1413125,V,547,481,-1
1788814509.6545,1413133,V,547,481,-1
1788814509.6545,1413141,V,553,486,-1
1788814509.7518,1413155,V,547,481,14729
1788814509.7519,1413163,V,547,481,-1
1788814509.7519,1413171,V,548,482,-1
1788814509.7519,1413179,V,547,481,-1
1788814509.7519,1413187,V,548,482,-1
1788814509.7520,1413195,V,548,482,-1
1788814509.8010,1413209,V,548,482,14730
1788814509.8011,1413217,V,548,482,-1
1788814509.8011,1413225,V,548,482,-1
1788814509.8011,1413233,V,548,482,-1
1788814509.8011,1413241,V,550,483,-1
1788814509.8011,1413249,V,548,482,-1
1788814509.8491,1413262,V,548,482,14731
1788814509.8491,1413270,V,548,482,-1
1788814509.8491,1413278,V,547,481,-1
1788814509.8491,1413286,V,548,482,-1
1788814509.8491,1413294,V,548,482,-1
1788814509.8491,1413302,V,547,481,-1
1788814509.8979,1413316,V,548,482,14732
1788814509.8979,1413324,V,547,481,-1
1788814509.8979,1413332,V,547,481,-1
1788814509.8979,1413340,V,565,497,-1
1788814509.8979,1413348,V,547,481,-1
1788814509.8979,1413356,V,546,480,-1
1788814509.9462,1413369,V,547,481,14733
1788814509.9462,1413377,V,548,482,-1
1788814509.9462,1413385,V,547,481,-1
1788814509.9462,1413393,V,546,480,-1
1788814509.9462,1413401,V,546,480,-1
1788814509.9462,1413409,V,547,481,-1
1788814509.9952,1413423,V,547,481,14734
1788814509.9953,1413431,V,546,480,-1
1788814509.9953,1413439,V,547,481,-1
1788814509.9953,1413447,V,547,481,-1
1788814509.9954,1413455,V,548,482,-1
1788814509.9954,1413463,V,547,481,-1
1788814510.0445,1413477,V,546,480,14735
1788814510.0445,1413485,V,547,481,-1
1788814510.0445,1413493,V,547,481,-1
1788814510.0445,1413501,V,546,480,-1
1788814510.0446,1413509,V,547,481,-1
1788814510.0446,1413517,V,546,480,-1
1788814510.0931,1413530,V,548,482,14736
1788814510.0931,1413538,V,547,481,-1
1788814510.0931,1413546,V,547,481,-1
1788814510.0931,1413554,V,548,482,-1
1788814510.0931,1413562,V,547,481,-1
1788814510.0931,1413570,V,547,481,-1
1788814510.1418,1413584,V,546,480,14737
1788814510.1418,1413592,V,546,480,-1
1788814510.1419,1413600,V,547,481,-1
1788814510.1419,1413608,V,546,480,-1
1788814510.1419,1413616,V,547,481,-1
1788814510.1419,1413624,V,547,481,-1
1788814510.1913,1413638,V,548,482,14738
1788814510.1913,1413646,V,547,481,-1
1788814510.1913,1413654,V,547,481,-1
1788814510.1913,1413662,V,547,481,-1
1788814510.1913,1413670,V,547,481,-1
1788814510.1913,1413678,V,555,488,-1
1788814510.2881,1413691,V,547,481,14739
1788814510.2883,1413699,V,547,481,-1
1788814510.2883,1413707,V,548,482,-1
1788814510.2883,1413715,V,548,482,-1
1788814510.2883,1413723,V,547,481,-1
1788814510.2883,1413731,V,548,482,-1
1788814510.3371,1413745,V,548,482,14740
1788814510.3371,1413753,V,548,482,-1
1788814510.3372,1413761,V,548,482,-1
1788814510.3372,1413769,V,549,483,-1
1788814510.3372,1413777,V,553,486,-1
1788814510.3372,1413785,V,550,483,-1
1788814510.3864,1413798,V,548,482,14741
1788814510.3864,1413806,V,548,482,-1
1788814510.3865,1413814,V,547,481,-1
1788814510.3865,1413822,V,547,481,-1
1788814510.3866,1413830,V,547,481,-1
1788814510.3867,1413838,V,548,482,-1
1788814510.4341,1413852,V,547,481,14742
1788814510.4341,1413860,V,547,481,-1
1788814510.4341,1413868,V,547,481,-1
1788814510.4341,1413876,V,566,497,-1
1788814510.4341,1413884,V,546,480,-1
1788814510.4341,1413892,V,547,481,-1
1788814510.4830,1413906,V,547,481,14743
1788814510.4830,1413914,V,547,481,-1
1788814510.4830,1413922,V,547,481,-1
1788814510.4830,1413930,V,546,480,-1
1788814510.4830,1413938,V,547,481,-1
1788814510.4831,1413946,V,548,482,-1
1788814510.5322,1413959,V,547,481,14744
1788814510.5323,1413967,V,547,481,-1
1788814510.5323,1413975,V,547,481,-1
1788814510.5323,1413983,V,547,481,-1
1788814510.5323,1413991,V,548,482,-1
1788814510.5323,1413999,V,547,481,-1
1788814510.5817,1414013,V,547,481,14745
1788814510.5818,1414021,V,547,481,-1
1788814510.5818,1414029,V,547,481,-1
1788814510.5818,1414037,V,547,481,-1
1788814510.5818,1414045,V,548,482,-1
1788814510.5818,1414053,V,547,481,-1
1788814510.6293,1414067,V,547,481,14746
1788814510.6293,1414075,V,547,481,-1
1788814510.6293,1414083,V,546,480,-1
1788814510.6294,1414091,V,547,481,-1
1788814510.6294,1414099,V,547,481,-1
1788814510.6294,1414107,V,547,481,-1
1788814510.6788,1414120,V,548,482,14747
1788814510.6788,1414128,V,548,482,-1
1788814510.6788,1414136,V,548,482,-1
1788814510.6788,1414144,V,548,482,-1
1788814510.6788,1414152,V,550,483,-1
1788814510.6788,1414160,V,549,483,-1
1788814510.7271,1414174,V,550,483,14748
1788814510.7271,1414182,V,548,482,-1
1788814510.7271,1414190,V,548,482,-1
1788814510.7271,1414198,V,547,481,-1
1788814510.7271,1414206,V,548,482,-1
1788814510.7271,1414214,V,554,487,-1
1788814510.8237,1414227,V,548,482,14749
1788814510.8237,1414235,V,548,482,-1
1788814510.8237,1414243,V,548,482,-1
1788814510.8237,1414251,V,548,482,-1
1788814510.8237,1414259,V,548,482,-1
1788814510.8237,1414267,V,547,481,-1
1788814510.8728,1414281,V,548,482,14750
1788814510.8728,1414289,V,547,481,-1
1788814510.8728,1414297,V,546,480,-1
1788814510.8728,1414305,V,547,481,-1
1788814510.8728,1414313,V,549,483,-1
1788814510.8728,1414321,V,547,481,-1
1788814510.9217,1414335,V,546,480,14751
1788814510.9218,1414343,V,546,480,-1
1788814510.9218,1414351,V,546,480,-1
1788814510.9218,1414359,V,547,481,-1
1788814510.9218,1414367,V,545,479,-1
1788814510.9218,1414375,V,547,481,-1
1788814510.9703,1414388,V,546,480,14752
1788814510.9703,1414396,V,546,480,-1
1788814510.9704,1414404,V,546,480,-1
1788814510.9704,1414412,V,565,497,-1
1788814510.9704,1414420,V,547,481,-1
1788814510.9704,1414428,V,547,481,-1
1788814511.0192,1414442,V,547,481,14753
1788814511.0192,1414450,V,546,480,-1
1788814511.0192,1414458,V,546,480,-1
1788814511.0192,1414466,V,546,480,-1
1788814511.0192,1414474,V,547,481,-1
1788814511.0192,1414482,V,547,481,-1
1788814511.0680,1414496,V,547,481,14754
1788814511.0681,1414504,V,547,481,-1
1788814511.0681,1414512,V,546,480,-1
1788814511.0681,1414520,V,547,481,-1
1788814511.0681,1414528,V,546,480,-1
1788814511.0681,1414536,V,546,480,-1
1788814511.1165,1414549,V,546,480,14755
1788814511.1165,1414557,V,548,482,-1
1788814511.1165,1414565,V,547,481,-1
1788814511.1165,1414573,V,548,482,-1
1788814511.1165,1414581,V,547,481,-1
1788814511.1165,1414589,V,548,482,-1
1788814511.1657,1414603,V,548,482,14756
1788814511.1657,1414611,V,548,482,-1
1788814511.1657,1414619,V,547,481,-1
1788814511.1657,1414627,V,548,482,-1
1788814511.1657,1414635,V,547,481,-1
1788814511.1657,1414643,V,548,482,-1
1788814511.2155,1414656,V,548,482,14757
1788814511.2156,1414664,V,547,481,-1
1788814511.2156,1414672,V,547,481,-1
1788814511.2156,1414680,V,546,480,-1
1788814511.2156,1414688,V,546,480,-1
1788814511.2156,1414696,V,548,482,-1
1788814511.2630,1414710,V,548,482,14758
1788814511.2631,1414718,V,547,481,-1
1788814511.2631,1414726,V,546,480,-1
1788814511.2631,1414734,V,546,480,-1
1788814511.2631,1414742,V,547,481,-1
1788814511.2631,1414750,V,553,486,-1
1788814511.3607,1414763,V,547,481,14759
1788814511.3609,1414771,V,545,479,-1
1788814511.3609,1414779,V,546,480,-1
1788814511.3609,1414787,V,545,479,-1
1788814511.3609,1414795,V,546,480,-1
1788814511.3609,1414803,V,546,480,-1
1788814511.4093,1414817,V,547,481,14760
1788814511.4093,1414825,V,547,481,-1
1788814511.4093,1414833,V,547,481,-1
1788814511.4093,1414841,V,548,482,-1
1788814511.4093,1414849,V,549,483,-1
1788814511.4094,1414857,V,546,480,-1
1788814511.4580,1414871,V,546,480,14761
1788814511.4580,1414879,V,548,482,-1
1788814511.4580,1414887,V,548,482,-1
1788814511.4580,1414895,V,549,483,-1
1788814511.4580,1414903,V,548,482,-1
1788814511.4580,1414911,V,547,481,-1
1788814511.5081,1414924,V,548,482,14762
1788814511.5081,1414932,V,548,482,-1
1788814511.5081,1414940,V,547,481,-1
1788814511.5081,1414948,V,568,499,-1
1788814511.5081,1414956,V,548,482,-1
1788814511.5081,1414964,V,547,481,-1
1788814511.5571,1414978,V,548,482,14763
1788814511.5571,1414986,V,547,481,-1
1788814511.5571,1414994,V,547,481,-1
1788814511.5572,1415002,V,548,482,-1
1788814511.5572,1415010,V,548,482,-1
1788814511.5572,1415018,V,547,481,-1
1788814511.6044,1415032,V,547,481,14764
1788814511.6045,1415040,V,548,482,-1
1788814511.6046,1415048,V,549,483,-1
1788814511.6046,1415056,V,548,482,-1
1788814511.6046,1415064,V,547,481,-1
1788814511.6046,1415072,V,548,482,-1
1788814511.6533,1415085,V,548,482,14765
1788814511.6534,1415093,V,548,482,-1
1788814511.6534,1415101,V,548,482,-1
1788814511.6534,1415109,V,548,482,-1
1788814511.6534,1415117,V,548,482,-1
1788814511.6534,1415125,V,547,481,-1
1788814511.7015,1415139,V,548,482,14766
1788814511.7015,1415147,V,547,481,-1
1788814511.7015,1415155,V,548,482,-1
1788814511.7015,1415163,V,548,482,-1
1788814511.7015,1415171,V,548,482,-1
1788814511.7015,1415179,V,546,480,-1
1788814511.7505,1415192,V,547,481,14767
1788814511.7505,1415200,V,547,481,-1
1788814511.7505,1415208,V,547,481,-1
1788814511.7505,1415216,V,547,481,-1
1788814511.7505,1415224,V,547,481,-1
1788814511.7505,1415232,V,546,480,-1
1788814511.7991,1415246,V,546,480,14768
1788814511.7992,1415254,V,548,482,-1
1788814511.7992,1415262,V,546,480,-1
1788814511.7992,1415270,V,546,480,-1
1788814511.7992,1415278,V,546,480,-1
1788814511.7992,1415286,V,552,485,-1
1788814511.8968,1415300,V,546,480,14769
1788814511.8969,1415308,V,547,481,-1
1788814511.8969,1415316,V,547,481,-1
1788814511.8969,1415324,V,547,481,-1
1788814511.8969,1415332,V,547,481,-1
1788814511.8969,1415340,V,548,482,-1
1788814511.9457,1415353,V,547,481,14770
1788814511.9458,1415361,V,548,482,-1
1788814511.9458,1415369,V,547,481,-1
1788814511.9458,1415377,V,547,481,-1
1788814511.9458,1415385,V,549,483,-1
1788814511.9458,1415393,V,546,480,-1
1788814511.9943,1415407,V,546,480,14771
1788814511.9943,1415415,V,546,480,-1
1788814511.9943,1415423,V,547,481,-1
1788814511.9943,1415431,V,547,481,-1
1788814511.9943,1415439,V,547,481,-1
1788814511.9943,1415447,V,547,481,-1
1788814512.0427,1415461,V,547,481,14772
1788814512.0427,1415469,V,548,482,-1
1788814512.0427,1415477,V,547,481,-1
1788814512.0427,1415485,V,566,497,-1
1788814512.0427,1415493,V,547,481,-1
1788814512.0428,1415501,V,548,482,-1
1788814512.0917,1415514,V,548,482,14773
1788814512.0917,1415522,V,548,482,-1
1788814512.0917,1415530,V,547,481,-1
1788814512.0917,1415538,V,548,482,-1
1788814512.0917,1415546,V,547,481,-1
1788814512.0917,1415554,V,548,482,-1
1788814512.1403,1415568,V,548,482,14774
1788814512.1404,1415576,V,547,481,-1
1788814512.1404,1415584,V,548,482,-1
1788814512.1404,1415592,V,546,480,-1
1788814512.1404,1415600,V,547,481,-1
1788814512.1404,1415608,V,547,481,-1
1788814512.1897,1415621,V,546,480,14775
1788814512.1898,1415629,V,547,481,-1
1788814512.1898,1415637,V,547,481,-1
1788814512.1898,1415645,V,546,480,-1
1788814512.1898,1415653,V,547,481,-1
1788814512.1898,1415661,V,547,481,-1
1788814512.2416,1415675,V,546,480,14776
1788814512.2416,1415683,V,546,480,-1
1788814512.2416,1415691,V,547,481,-1
1788814512.2417,1415699,V,547,481,-1
1788814512.2417,1415707,V,546,480,-1
1788814512.2417,1415715,V,546,480,-1
1788814512.2876,1415729,V,546,480,14777
1788814512.2876,1415737,V,547,481,-1
1788814512.2876,1415745,V,546,480,-1
1788814512.2876,1415753,V,547,481,-1
1788814512.2876,1415761,V,546,480,-1
1788814512.2876,1415769,V,546,480,-1
1788814512.3360,1415782,V,545,479,14778
1788814512.3360,1415790,V,547,481,-1
1788814512.3360,1415798,V,547,481,-1
1788814512.3360,1415806,V,548,482,-1
1788814512.3361,1415814,V,547,481,-1
1788814512.3361,1415822,V,553,486,-1
1788814512.4329,1415836,V,546,480,14779
1788814512.4331,1415844,V,547,481,-1
1788814512.4331,1415852,V,547,481,-1
1788814512.4331,1415860,V,547,481,-1
1788814512.4331,1415868,V,547,481,-1
1788814512.4331,1415876,V,546,480,-1
1788814512.4826,1415890,V,547,481,14780
1788814512.4826,1415898,V,547,481,-1
1788814512.4826,1415906,V,548,482,-1
1788814512.4826,1415914,V,548,482,-1
1788814512.4826,1415922,V,548,482,-1
1788814512.4827,1415930,V,548,482,-1
1788814512.5305,1415943,V,548,482,14781
1788814512.5305,1415951,V,548,482,-1
1788814512.5305,1415959,V,546,480,-1
1788814512.5305,1415967,V,549,483,-1
1788814512.5306,1415975,V,549,483,-1
1788814512.5306,1415983,V,548,482,-1
1788814512.5793,1415997,V,548,482,14782
1788814512.5793,1416005,V,548,482,-1
1788814512.5793,1416013,V,547,481,-1
1788814512.5793,1416021,V,569,500,-1
1788814512.5793,1416029,V,547,481,-1
1788814512.5793,1416037,V,550,483,-1
1788814512.6278,1416051,V,549,483,14783
1788814512.6278,1416059,V,548,482,-1
1788814512.6278,1416067,V,548,482,-1
1788814512.6278,1416075,V,549,483,-1
1788814512.6278,1416083,V,548,482,-1
1788814512.6278,1416091,V,547,481,-1
1788814512.6766,1416104,V,546,480,14784
1788814512.6767,1416112,V,547,481,-1
1788814512.6767,1416120,V,547,481,-1
1788814512.6767,1416128,V,546,480,-1
1788814512.6767,1416136,V,546,480,-1
1788814512.6767,1416144,V,546,480,-1
1788814512.7259,1416158,V,546,480,14785
1788814512.7259,1416166,V,546,480,-1
1788814512.7259,1416174,V,546,480,-1
1788814512.7260,1416182,V,547,481,-1
1788814512.7260,1416190,V,547,481,-1
1788814512.7260,1416198,V,547,481,-1
1788814512.7742,1416212,V,546,480,14786
1788814512.7742,1416220,V,546,480,-1
1788814512.7742,1416228,V,546,480,-1
1788814512.7742,1416236,V,546,480,-1
1788814512.7743,1416244,V,547,481,-1
1788814512.7743,1416252,V,547,481,-1
1788814512.8729,1416265,V,550,483,14787
1788814512.8729,1416273,V,546,480,-1
1788814512.8729,1416281,V,546,480,-1
1788814512.8729,1416289,V,545,479,-1
1788814512.8729,1416297,V,547,481,-1
1788814512.8729,1416305,V,546,480,-1
1788814512.8748,1416319,V,546,480,14788
1788814512.8748,1416327,V,546,480,-1
1788814512.8748,1416335,V,547,481,-1
1788814512.8748,1416343,V,547,481,-1
1788814512.8748,1416351,V,547,481,-1
1788814512.8748,1416359,V,554,487,-1
1788814512.9694,1416372,V,548,482,14789
1788814512.9696,1416380,V,547,481,-1
1788814512.9696,1416388,V,546,480,-1
1788814512.9696,1416396,V,548,482,-1
1788814512.9696,1416404,V,547,481,-1
1788814512.9696,1416412,V,547,481,-1
1788814513.0182,1416426,V,547,481,14790
1788814513.0183,1416434,V,548,482,-1
1788814513.0183,1416442,V,547,481,-1
1788814513.0183,1416450,V,547,481,-1
1788814513.0183,1416458,V,550,483,-1
1788814513.0183,1416466,V,548,482,-1
1788814513.0668,1416480,V,547,481,14791
1788814513.0668,1416488,V,548,482,-1
1788814513.0668,1416496,V,548,482,-1
1788814513.0668,1416504,V,548,482,-1
1788814513.0668,1416512,V,548,482,-1
1788814513.0668,1416520,V,549,483,-1
1788814513.1154,1416533,V,548,482,14792
1788814513.1154,1416541,V,548,482,-1
1788814513.1154,1416549,V,547,481,-1
1788814513.1154,1416557,V,564,496,-1
1788814513.1154,1416565,V,548,482,-1
1788814513.1154,1416573,V,547,481,-1
1788814513.1642,1416587,V,547,481,14793
1788814513.1643,1416595,V,548,482,-1
1788814513.1643,1416603,V,548,482,-1
1788814513.1643,1416611,V,548,482,-1
1788814513.1643,1416619,V,548,482,-1
1788814513.1643,1416627,V,548,482,-1
1788814513.2130,1416641,V,548,482,14794
1788814513.2132,1416649,V,549,483,-1
1788814513.2132,1416657,V,549,483,-1
1788814513.2132,1416665,V,549,483,-1
1788814513.2132,1416673,V,548,482,-1
1788814513.2132,1416681,V,549,483,-1
1788814513.2621,1416694,V,549,483,14795
1788814513.2622,1416702,V,548,482,-1
1788814513.2622,1416710,V,548,482,-1
1788814513.2622,1416718,V,549,483,-1
1788814513.2622,1416726,V,548,482,-1
1788814513.2622,1416734,V,547,481,-1
1788814513.3106,1416748,V,547,481,14796
1788814513.3107,1416756,V,547,481,-1
1788814513.3107,1416764,V,547,481,-1
1788814513.3107,1416772,V,548,482,-1
1788814513.3107,1416780,V,547,481,-1
1788814513.3107,1416788,V,547,481,-1
1788814513.3592,1416801,V,549,483,14797
1788814513.3592,1416809,V,549,483,-1
1788814513.3592,1416817,V,548,482,-1
1788814513.3592,1416825,V,549,483,-1
1788814513.3593,1416833,V,547,481,-1
1788814513.3593,1416841,V,548,482,-1
1788814513.4079,1416855,V,548,482,14798
1788814513.4079,1416863,V,549,483,-1
1788814513.4079,1416871,V,548,482,-1
1788814513.4079,1416879,V,549,483,-1
1788814513.4079,1416887,V,547,481,-1
1788814513.4079,1416895,V,552,485,-1
1788814513.5081,1416909,V,548,482,14799
1788814513.5083,1416917,V,548,482,-1
1788814513.5083,1416925,V,548,482,-1
1788814513.5083,1416933,V,548,482,-1
1788814513.5083,1416941,V,548,482,-1
1788814513.5083,1416949,V,547,481,-1
1788814513.5556,1416962,V,548,482,14800
1788814513.5556,1416970,V,548,482,-1
1788814513.5556,1416978,V,548,482,-1
1788814513.5556,1416986,V,548,482,-1
1788814513.5556,1416994,V,551,484,-1
1788814513.5556,1417002,V,547,481,-1
1788814513.6525,1417016,V,547,481,14801
1788814513.6525,1417024,V,548,482,-1
1788814513.6525,1417032,V,548,482,-1
1788814513.6525,1417040,V,548,482,-1
1788814513.6525,1417048,V,548,482,-1
1788814513.6525,1417056,V,547,481,-1
1788814513.6540,1417069,V,547,481,14802
1788814513.6540,1417077,V,547,481,-1
1788814513.6540,1417085,V,547,481,-1
1788814513.6540,1417093,V,566,497,-1
1788814513.6540,1417101,V,548,482,-1
1788814513.6540,1417109,V,548,482,-1
1788814513.7013,1417123,V,548,482,14803
1788814513.7014,1417131,V,548,482,-1
1788814513.7014,1417139,V,547,481,-1
1788814513.7014,1417147,V,548,482,-1
1788814513.7014,1417155,V,547,481,-1
1788814513.7014,1417163,V,548,482,-1
1788814513.7988,1417177,V,547,481,14804
1788814513.7989,1417185,V,548,482,-1
1788814513.7990,1417193,V,549,483,-1
1788814513.7990,1417201,V,548,482,-1
1788814513.7990,1417209,V,548,482,-1
1788814513.7990,1417217,V,548,482,-1
1788814513.8010,1417230,V,548,482,14805
1788814513.8010,1417238,V,548,482,-1
1788814513.8010,1417246,V,548,482,-1
1788814513.8010,1417254,V,549,483,-1
1788814513.8010,1417262,V,548,482,-1
1788814513.8010,1417270,V,548,482,-1
1788814513.8467,1417284,V,548,482,14806
1788814513.8468,1417292,V,548,482,-1
1788814513.8468,1417300,V,548,482,-1
1788814513.8468,1417308,V,548,482,-1
1788814513.8468,1417316,V,549,483,-1
1788814513.8468,1417324,V,549,483,-1
1788814513.8964,1417338,V,550,483,14807
1788814513.8964,1417346,V,548,482,-1
1788814513.8964,1417354,V,549,483,-1
1788814513.8964,1417362,V,549,483,-1
1788814513.8964,1417370,V,549,483,-1
1788814513.8964,1417378,V,548,482,-1
1788814513.9450,1417391,V,549,483,14808
1788814513.9451,1417399,V,549,483,-1
1788814513.9452,1417407,V,549,483,-1
1788814513.9453,1417415,V,549,483,-1
1788814513.9453,1417423,V,548,482,-1
1788814513.9453,1417431,V,557,490,-1
1788814514.0910,1417445,V,548,482,14809
1788814514.0912,1417453,V,548,482,-1
1788814514.0912,1417461,V,547,481,-1
1788814514.0912,1417469,V,548,482,-1
1788814514.0912,1417477,V,547,481,-1
1788814514.0912,1417485,V,547,481,-1
1788814514.0919,1417499,V,546,480,14810
1788814514.0919,1417507,V,547,481,-1
1788814514.0919,1417515,V,547,481,-1
1788814514.0919,1417523,V,546,480,-1
1788814514.0920,1417531,V,549,483,-1
1788814514.0920,1417539,V,546,480,-1
1788814514.1395,1417552,V,547,481,14811
1788814514.1395,1417560,V,547,481,-1
1788814514.1395,1417568,V,548,482,-1
1788814514.1395,1417576,V,547,481,-1
1788814514.1396,1417584,V,547,481,-1
1788814514.1396,1417592,V,547,481,-1
1788814514.1880,1417606,V,547,481,14812
1788814514.1880,1417614,V,548,482,-1
1788814514.1880,1417622,V,547,481,-1
1788814514.1880,1417630,V,557,490,-1
1788814514.1880,1417638,V,548,482,-1
1788814514.1881,1417646,V,547,481,-1
1788814514.2374,1417660,V,547,481,14813
1788814514.2374,1417668,V,548,482,-1
1788814514.2374,1417676,V,548,482,-1
1788814514.2374,1417684,V,547,481,-1
1788814514.2374,1417692,V,548,482,-1
1788814514.2375,1417700,V,547,481,-1
1788814514.2864,1417713,V,548,482,14814
1788814514.2865,1417721,V,548,482,-1
1788814514.2865,1417729,V,547,481,-1
1788814514.2865,1417737,V,547,481,-1
1788814514.2865,1417745,V,547,481,-1
1788814514.2865,1417753,V,548,482,-1
1788814514.3343,1417767,V,548,482,14815
1788814514.3344,1417775,V,548,482,-1
1788814514.3344,1417783,V,548,482,-1
1788814514.3344,1417791,V,548,482,-1
1788814514.3344,1417799,V,549,483,-1
1788814514.3344,1417807,V,548,482,-1
1788814514.3841,1417820,V,547,481,14816
1788814514.3842,1417828,V,547,481,-1
1788814514.3842,1417836,V,548,482,-1
1788814514.3842,1417844,V,548,482,-1
1788814514.3842,1417852,V,549,483,-1
1788814514.3842,1417860,V,548,482,-1
1788814514.4314,1417874,V,550,483,14817
1788814514.4314,1417882,V,549,483,-1
1788814514.4314,1417890,V,548,482,-1
1788814514.4314,1417898,V,548,482,-1
1788814514.4314,1417906,V,548,482,-1
1788814514.4314,1417914,V,547,481,-1
1788814514.4804,1417928,V,548,482,14818
1788814514.4804,1417936,V,547,481,-1
1788814514.4804,1417944,V,547,481,-1
1788814514.4804,1417952,V,547,481,-1
1788814514.4804,1417960,V,548,482,-1
1788814514.4804,1417968,V,553,486,-1
1788814514.5793,1417981,V,549,483,14819
1788814514.5794,1417989,V,547,481,-1
1788814514.5795,1417997,V,548,482,-1
1788814514.5795,1418005,V,549,483,-1
1788814514.5795,1418013,V,548,482,-1
1788814514.5795,1418021,V,549,483,-1
1788814514.6272,1418035,V,548,482,14820
1788814514.6272,1418043,V,549,483,-1
1788814514.6273,1418051,V,549,483,-1
1788814514.6273,1418059,V,547,481,-1
1788814514.6273,1418067,V,549,483,-1
1788814514.6273,1418075,V,548,482,-1
1788814514.6760,1418088,V,548,482,14821
1788814514.6760,1418096,V,548,482,-1
1788814514.6760,1418104,V,547,481,-1
1788814514.6760,1418112,V,548,482,-1
1788814514.6760,1418120,V,549,483,-1
1788814514.6760,1418128,V,548,482,-1
1788814514.7248,1418142,V,547,481,14822
1788814514.7249,1418150,V,547,481,-1
1788814514.7249,1418158,V,546,480,-1
1788814514.7249,1418166,V,556,489,-1
1788814514.7249,1418174,V,546,480,-1
1788814514.7249,1418182,V,548,482,-1
1788814514.7732,1418196,V,547,481,14823
1788814514.7733,1418204,V,547,481,-1
1788814514.7733,1418212,V,547,481,-1
1788814514.7733,1418220,V,548,482,-1
1788814514.7733,1418228,V,548,482,-1
1788814514.7733,1418236,V,547,481,-1
1788814514.8227,1418250,V,547,481,14824
1788814514.8228,1418258,V,548,482,-1
1788814514.8228,1418266,V,547,481,-1
1788814514.8228,1418274,V,546,480,-1
1788814514.8228,1418282,V,547,481,-1
1788814514.8229,1418290,V,547,481,-1
1788814514.8708,1418303,V,548,482,14825
1788814514.8709,1418311,V,549,483,-1
1788814514.8709,1418319,V,547,481,-1
1788814514.8709,1418327,V,548,482,-1
1788814514.8709,1418335,V,547,481,-1
1788814514.8709,1418343,V,547,481,-1
1788814514.9193,1418357,V,547,481,14826
1788814514.9193,1418365,V,547,481,-1
1788814514.9193,1418373,V,547,481,-1
1788814514.9193,1418381,V,546,480,-1
1788814514.9193,1418389,V,547,481,-1
1788814514.9193,1418397,V,547,481,-1
1788814514.9681,1418410,V,549,483,14827
1788814514.9681,1418418,V,547,481,-1
1788814514.9681,1418426,V,546,480,-1
1788814514.9681,1418434,V,547,481,-1
1788814514.9681,1418442,V,547,481,-1
1788814514.9681,1418450,V,547,481,-1
1788814515.0164,1418464,V,547,481,14828
1788814515.0164,1418472,V,547,481,-1
1788814515.0164,1418480,V,546,480,-1
1788814515.0164,1418488,V,546,480,-1
1788814515.0165,1418496,V,546,480,-1
1788814515.0165,1418504,V,553,486,-1
1788814515.1143,1418517,V,546,480,14829
1788814515.1144,1418525,V,546,480,-1
1788814515.1145,1418533,V,547,481,-1
1788814515.1145,1418541,V,547,481,-1
1788814515.1145,1418549,V,547,481,-1
1788814515.1145,1418557,V,548,482,-1
1788814515.1633,1418571,V,546,480,14830
1788814515.1633,1418579,V,547,481,-1
1788814515.1634,1418587,V,548,482,-1
1788814515.1634,1418595,V,547,481,-1
1788814515.1634,1418603,V,552,485,-1
1788814515.1634,1418611,V,547,481,-1
1788814515.2117,1418625,V,547,481,14831
1788814515.2117,1418633,V,548,482,-1
1788814515.2117,1418641,V,547,481,-1
1788814515.2117,1418649,V,547,481,-1
1788814515.2117,1418657,V,548,482,-1
1788814515.2117,1418665,V,547,481,-1
1788814515.2622,1418678,V,549,483,14832
1788814515.2622,1418686,V,548,482,-1
1788814515.2622,1418694,V,548,482,-1
1788814515.2622,1418702,V,556,489,-1
1788814515.2622,1418710,V,548,482,-1
1788814515.2622,1418718,V,548,482,-1
1788814515.3090,1418732,V,548,482,14833
1788814515.3090,1418740,V,547,481,-1
1788814515.3090,1418748,V,548,482,-1
1788814515.3090,1418756,V,547,481,-1
1788814515.3090,1418764,V,547,481,-1
1788814515.3090,1418772,V,548,482,-1
1788814515.3579,1418786,V,548,482,14834
1788814515.3581,1418794,V,548,482,-1
1788814515.3581,1418802,V,548,482,-1
1788814515.3581,1418810,V,548,482,-1
1788814515.3581,1418818,V,548,482,-1
1788814515.3581,1418826,V,547,481,-1
1788814515.4070,1418839,V,547,481,14835
1788814515.4071,1418847,V,546,480,-1
1788814515.4071,1418855,V,546,480,-1
1788814515.4071,1418863,V,546,480,-1
1788814515.4071,1418871,V,547,481,-1
1788814515.4071,1418879,V,546,480,-1
1788814515.4553,1418893,V,545,479,14836
1788814515.4553,1418901,V,546,480,-1
1788814515.4553,1418909,V,546,480,-1
1788814515.4553,1418917,V,546,480,-1
1788814515.4553,1418925,V,545,479,-1
1788814515.4553,1418933,V,546,480,-1
1788814515.5052,1418947,V,551,484,14837
1788814515.5052,1418955,V,546,480,-1
1788814515.5052,1418963,V,546,480,-1
1788814515.5052,1418971,V,546,480,-1
1788814515.5052,1418979,V,546,480,-1
1788814515.5052,1418987,V,546,480,-1
1788814515.5530,1419000,V,547,481,14838
1788814515.5530,1419008,V,546,480,-1
1788814515.5530,1419016,V,547,481,-1
1788814515.5530,1419024,V,547,481,-1
1788814515.5530,1419032,V,546,480,-1
1788814515.5530,1419040,V,550,483,-1
1788814515.6505,1419054,V,548,482,14839
1788814515.6507,1419062,V,547,481,-1
1788814515.6507,1419070,V,548,482,-1
1788814515.6507,1419078,V,548,482,-1
1788814515.6507,1419086,V,547,481,-1
1788814515.6507,1419094,V,547,481,-1
1788814515.6991,1419108,V,547,481,14840
1788814515.6991,1419116,V,546,480,-1
1788814515.6991,1419124,V,548,482,-1
1788814515.6991,1419132,V,547,481,-1
1788814515.6991,1419140,V,563,495,-1
1788814515.6991,1419148,V,548,482,-1
1788814515.7478,1419161,V,548,482,14841
1788814515.7478,1419169,V,547,481,-1
1788814515.7478,1419177,V,547,481,-1
1788814515.7478,1419185,V,548,482,-1
1788814515.7479,1419193,V,548,482,-1
1788814515.7479,1419201,V,547,481,-1
1788814515.8452,1419215,V,548,482,14842
1788814515.8452,1419223,V,547,481,-1
1788814515.8452,1419231,V,547,481,-1
1788814515.8452,1419239,V,550,483,-1
1788814515.8452,1419247,V,547,481,-1
1788814515.8452,1419255,V,548,482,-1
1788814515.8466,1419269,V,547,481,14843
1788814515.8466,1419277,V,548,482,-1
1788814515.8466,1419285,V,547,481,-1
1788814515.8466,1419293,V,547,481,-1
1788814515.8466,1419301,V,547,481,-1
1788814515.8466,1419309,V,547,481,-1
1788814515.9048,1419322,V,546,480,14844
1788814515.9049,1419330,V,546,480,-1
1788814515.9049,1419338,V,546,480,-1
1788814515.9049,1419346,V,545,479,-1
1788814515.9049,1419354,V,547,481,-1
1788814515.9049,1419362,V,546,480,-1
1788814515.9454,1419376,V,548,482,14845
1788814515.9454,1419384,V,546,480,-1
1788814515.9455,1419392,V,547,481,-1
1788814515.9455,1419400,V,547,481,-1
1788814515.9455,1419408,V,546,480,-1
1788814515.9455,1419416,V,546,480,-1
1788814515.9949,1419429,V,545,479,14846
1788814515.9950,1419437,V,546,480,-1
1788814515.9950,1419445,V,545,479,-1
1788814515.9950,1419453,V,547,481,-1
1788814515.9950,1419461,V,546,480,-1
1788814515.9950,1419469,V,547,481,-1
1788814516.0413,1419483,V,553,486,14847
1788814516.0413,1419491,V,546,480,-1
1788814516.0413,1419499,V,547,481,-1
1788814516.0413,1419507,V,546,480,-1
1788814516.0414,1419515,V,547,481,-1
1788814516.0414,1419523,V,546,480,-1
1788814516.0892,1419537,V,547,481,14848
1788814516.0893,1419545,V,547,481,-1
1788814516.0893,1419553,V,547,481,-1
1788814516.0893,1419561,V,547,481,-1
1788814516.0893,1419569,V,547,481,-1
1788814516.0893,1419577,V,550,483,-1
1788814516.1867,1419590,V,547,481,14849
1788814516.1868,1419598,V,547,481,-1
1788814516.1868,1419606,V,547,481,-1
1788814516.1869,1419614,V,547,481,-1
1788814516.1869,1419622,V,547,481,-1
1788814516.1869,1419630,V,548,482,-1
1788814516.2351,1419644,V,548,482,14850
1788814516.2351,1419652,V,547,481,-1
1788814516.2352,1419660,V,548,482,-1
1788814516.2352,1419668,V,547,481,-1
1788814516.2352,1419676,V,564,496,-1
1788814516.2352,1419684,V,547,481,-1
1788814516.2842,1419698,V,547,481,14851
1788814516.2842,1419706,V,548,482,-1
1788814516.2842,1419714,V,548,482,-1
1788814516.2842,1419722,V,548,482,-1
1788814516.2842,1419730,V,548,482,-1
1788814516.2842,1419738,V,547,481,-1
1788814516.3330,1419751,V,547,481,14852
1788814516.3330,1419759,V,547,481,-1
1788814516.3330,1419767,V,547,481,-1
1788814516.3330,1419775,V,549,483,-1
1788814516.3330,1419783,V,546,480,-1
1788814516.3330,1419791,V,547,481,-1
1788814516.3819,1419805,V,547,481,14853
1788814516.3820,1419813,V,546,480,-1
1788814516.3820,1419821,V,547,481,-1
1788814516.3820,1419829,V,547,481,-1
1788814516.3820,1419837,V,547,481,-1
1788814516.3820,1419845,V,547,481,-1
1788814516.4305,1419859,V,547,481,14854
1788814516.4307,1419867,V,547,481,-1
1788814516.4307,1419875,V,547,481,-1
1788814516.4308,1419883,V,546,480,-1
1788814516.4308,1419891,V,547,481,-1
1788814516.4308,1419899,V,547,481,-1
1788814516.4797,1419912,V,547,481,14855
1788814516.4797,1419920,V,547,481,-1
1788814516.4797,1419928,V,547,481,-1
1788814516.4797,1419936,V,547,481,-1
1788814516.4797,1419944,V,546,480,-1
1788814516.4797,1419952,V,548,482,-1
1788814516.5277,1419966,V,548,482,14856
1788814516.5277,1419974,V,547,481,-1
1788814516.5277,1419982,V,547,481,-1
1788814516.5277,1419990,V,547,481,-1
1788814516.5277,1419998,V,547,481,-1
1788814516.5277,1420006,V,547,481,-1
1788814516.5771,1420019,V,553,486,14857
1788814516.5772,1420027,V,547,481,-1
1788814516.5772,1420035,V,546,480,-1
1788814516.5772,1420043,V,547,481,-1
1788814516.5772,1420051,V,546,480,-1
1788814516.5772,1420059,V,547,481,-1
1788814516.6258,1420073,V,547,481,14858
1788814516.6258,1420081,V,548,482,-1
1788814516.6258,1420089,V,548,482,-1
1788814516.6258,1420097,V,548,482,-1
1788814516.6258,1420105,V,547,481,-1
1788814516.6258,1420113,V,548,482,-1
1788814516.7232,1420127,V,547,481,14859
1788814516.7234,1420135,V,547,481,-1
1788814516.7234,1420143,V,547,481,-1
1788814516.7234,1420151,V,547,481,-1
1788814516.7234,1420159,V,547,481,-1
1788814516.7234,1420167,V,548,482,-1
1788814516.7721,1420181,V,547,481,14860
1788814516.7721,1420189,V,547,481,-1
1788814516.7721,1420197,V,547,481,-1
1788814516.7721,1420205,V,547,481,-1
1788814516.7721,1420213,V,558,490,-1
1788814516.7721,1420221,V,546,480,-1
1788814516.8695,1420234,V,547,481,14861
1788814516.8696,1420242,V,547,481,-1
1788814516.8696,1420250,V,546,480,-1
1788814516.8696,1420258,V,547,481,-1
1788814516.8696,1420266,V,547,481,-1
1788814516.8696,1420274,V,547,481,-1
1788814516.8706,1420288,V,546,480,14862
1788814516.8707,1420296,V,547,481,-1
1788814516.8707,1420304,V,547,481,-1
1788814516.8707,1420312,V,547,481,-1
1788814516.8707,1420320,V,547,481,-1
1788814516.8707,1420328,V,547,481,-1
1788814516.9179,1420342,V,547,481,14863
1788814516.9179,1420350,V,547,481,-1
1788814516.9180,1420358,V,547,481,-1
1788814516.9180,1420366,V,547,481,-1
1788814516.9180,1420374,V,548,482,-1
1788814516.9180,1420382,V,548,482,-1
1788814516.9669,1420395,V,548,482,14864
1788814516.9670,1420403,V,547,481,-1
1788814516.9671,1420411,V,547,481,-1
1788814516.9671,1420419,V,547,481,-1
1788814516.9671,1420427,V,548,482,-1
1788814516.9671,1420435,V,547,481,-1
1788814517.0159,1420449,V,548,482,14865
1788814517.0160,1420457,V,549,483,-1
1788814517.0160,1420465,V,547,481,-1
1788814517.0160,1420473,V,547,481,-1
1788814517.0160,1420481,V,548,482,-1
1788814517.0160,1420489,V,548,482,-1
1788814517.0643,1420502,V,548,482,14866
1788814517.0643,1420510,V,548,482,-1
1788814517.0643,1420518,V,548,482,-1
1788814517.0643,1420526,V,547,481,-1
1788814517.0643,1420534,V,548,482,-1
1788814517.0643,1420542,V,548,482,-1
1788814517.1133,1420556,V,553,486,14867
1788814517.1134,1420564,V,548,482,-1
1788814517.1134,1420572,V,548,482,-1
1788814517.1134,1420580,V,547,481,-1
1788814517.1134,1420588,V,548,482,-1
1788814517.1134,1420596,V,548,482,-1
1788814517.2106,1420610,V,549,483,14868
1788814517.2107,1420618,V,548,482,-1
1788814517.2108,1420626,V,548,482,-1
1788814517.2108,1420634,V,547,481,-1
1788814517.2108,1420642,V,548,482,-1
1788814517.2108,1420650,V,552,485,-1
1788814517.2611,1420664,V,548,482,14869
1788814517.2611,1420672,V,547,481,-1
1788814517.2611,1420680,V,548,482,-1
1788814517.2611,1420688,V,547,481,-1
1788814517.2611,1420696,V,548,482,-1
1788814517.2611,1420704,V,548,482,-1
1788814517.3079,1420717,V,546,480,14870
1788814517.3079,1420725,V,547,481,-1
1788814517.3079,1420733,V,547,481,-1
1788814517.3079,1420741,V,547,481,-1
1788814517.3079,1420749,V,550,483,-1
1788814517.3079,1420757,V,546,480,-1
1788814517.3566,1420771,V,547,481,14871
1788814517.3566,1420779,V,547,481,-1
1788814517.3566,1420787,V,546,480,-1
1788814517.3566,1420795,V,548,482,-1
1788814517.3566,1420803,V,547,481,-1
1788814517.3566,1420811,V,547,481,-1
1788814517.4054,1420824,V,547,481,14872
1788814517.4054,1420832,V,547,481,-1
1788814517.4054,1420840,V,546,480,-1
1788814517.4055,1420848,V,546,480,-1
1788814517.4055,1420856,V,546,480,-1
1788814517.4055,1420864,V,548,482,-1
1788814517.4547,1420878,V,547,481,14873
1788814517.4548,1420886,V,547,481,-1
1788814517.4548,1420894,V,547,481,-1
1788814517.4548,1420902,V,547,481,-1
1788814517.4548,1420910,V,548,482,-1
1788814517.4548,1420918,V,547,481,-1
1788814517.5040,1420932,V,547,481,14874
1788814517.5040,1420940,V,546,480,-1
1788814517.5040,1420948,V,546,480,-1
1788814517.5040,1420956,V,547,481,-1
1788814517.5040,1420964,V,547,481,-1
1788814517.5040,1420972,V,548,482,-1
1788814517.5527,1420985,V,547,481,14875
1788814517.5527,1420993,V,553,486,-1
1788814517.5527,1421001,V,547,481,-1
1788814517.5527,1421009,V,548,482,-1
1788814517.5527,1421017,V,547,481,-1
1788814517.5527,1421025,V,546,480,-1
1788814517.6001,1421039,V,549,483,14876
1788814517.6001,1421047,V,548,482,-1
1788814517.6001,1421055,V,547,481,-1
1788814517.6001,1421063,V,546,480,-1
1788814517.6001,1421071,V,547,481,-1
1788814517.6001,1421079,V,547,481,-1
1788814517.6489,1421093,V,549,483,14877
1788814517.6489,1421101,V,548,482,-1
1788814517.6489,1421109,V,546,480,-1
1788814517.6489,1421117,V,547,481,-1
1788814517.6489,1421125,V,547,481,-1
1788814517.6490,1421133,V,547,481,-1
1788814517.7473,1421146,V,547,481,14878
1788814517.7474,1421154,V,546,480,-1
1788814517.7475,1421162,V,547,481,-1
1788814517.7475,1421170,V,547,481,-1
1788814517.7475,1421178,V,547,481,-1
1788814517.7475,1421186,V,563,495,-1
1788814517.7956,1421200,V,547,481,14879
1788814517.7956,1421208,V,547,481,-1
1788814517.7956,1421216,V,546,480,-1
1788814517.7956,1421224,V,547,481,-1
1788814517.7956,1421232,V,547,481,-1
1788814517.7956,1421240,V,547,481,-1
1788814517.8444,1421253,V,547,481,14880
1788814517.8444,1421261,V,548,482,-1
1788814517.8444,1421269,V,547,481,-1
1788814517.8444,1421277,V,548,482,-1
1788814517.8444,1421285,V,548,482,-1
1788814517.8444,1421293,V,546,480,-1
1788814517.8931,1421307,V,547,481,14881
1788814517.8931,1421315,V,547,481,-1
1788814517.8931,1421323,V,548,482,-1
1788814517.8931,1421331,V,548,482,-1
1788814517.8931,1421339,V,547,481,-1
1788814517.8931,1421347,V,548,482,-1
1788814517.9416,1421361,V,547,481,14882
1788814517.9417,1421369,V,547,481,-1
1788814517.9417,1421377,V,547,481,-1
1788814517.9417,1421385,V,547,481,-1
1788814517.9417,1421393,V,547,481,-1
1788814517.9417,1421401,V,547,481,-1
1788814517.9904,1421414,V,547,481,14883
1788814517.9905,1421422,V,547,481,-1
1788814517.9905,1421430,V,548,482,-1
1788814517.9905,1421438,V,547,481,-1
1788814517.9905,1421446,V,548,482,-1
1788814517.9905,1421454,V,548,482,-1
1788814518.0395,1421468,V,547,481,14884
1788814518.0395,1421476,V,548,482,-1
1788814518.0395,1421484,V,546,480,-1
1788814518.0395,1421492,V,547,481,-1
1788814518.0395,1421500,V,548,482,-1
1788814518.0395,1421508,V,547,481,-1
1788814518.0880,1421522,V,547,481,14885
1788814518.0881,1421530,V,554,487,-1
1788814518.0881,1421538,V,548,482,-1
1788814518.0881,1421546,V,547,481,-1
1788814518.0881,1421554,V,547,481,-1
1788814518.0881,1421562,V,546,480,-1
1788814518.1377,1421575,V,547,481,14886
1788814518.1377,1421583,V,546,480,-1
1788814518.1377,1421591,V,546,480,-1
1788814518.1377,1421599,V,546,480,-1
1788814518.1377,1421607,V,545,479,-1
1788814518.1377,1421615,V,546,480,-1
1788814518.1855,1421629,V,548,482,14887
1788814518.1855,1421637,V,546,480,-1
1788814518.1855,1421645,V,547,481,-1
1788814518.1855,1421653,V,547,481,-1
1788814518.1855,1421661,V,547,481,-1
1788814518.1855,1421669,V,547,481,-1
1788814518.2844,1421682,V,546,480,14888
1788814518.2846,1421690,V,547,481,-1
1788814518.2846,1421698,V,546,480,-1
1788814518.2846,1421706,V,547,481,-1
1788814518.2846,1421714,V,547,481,-1
1788814518.2846,1421722,V,564,496,-1
1788814518.3323,1421736,V,547,481,14889
1788814518.3323,1421744,V,545,479,-1
1788814518.3323,1421752,V,547,481,-1
1788814518.3323,1421760,V,547,481,-1
1788814518.3323,1421768,V,546,480,-1
1788814518.3323,1421776,V,546,480,-1
1788814518.3815,1421790,V,546,480,14890
1788814518.3815,1421798,V,546,480,-1
1788814518.3815,1421806,V,547,481,-1
1788814518.3815,1421814,V,547,481,-1
1788814518.3815,1421822,V,547,481,-1
1788814518.3815,1421830,V,546,480,-1
1788814518.4302,1421843,V,548,482,14891
1788814518.4302,1421851,V,548,482,-1
1788814518.4302,1421859,V,546,480,-1
1788814518.4302,1421867,V,547,481,-1
1788814518.4302,1421875,V,548,482,-1
1788814518.4302,1421883,V,547,481,-1
1788814518.4789,1421897,V,547,481,14892
1788814518.4789,1421905,V,548,482,-1
1788814518.4790,1421913,V,548,482,-1
1788814518.4790,1421921,V,548,482,-1
1788814518.4790,1421929,V,547,481,-1
1788814518.4790,1421937,V,547,481,-1
1788814518.5269,1421951,V,548,482,14893
1788814518.5271,1421959,V,548,482,-1
1788814518.5271,1421967,V,548,482,-1
1788814518.5271,1421975,V,548,482,-1
1788814518.5271,1421983,V,547,481,-1
1788814518.5271,1421991,V,547,481,-1
1788814518.5758,1422004,V,547,481,14894
1788814518.5759,1422012,V,548,482,-1
1788814518.5759,1422020,V,546,480,-1
1788814518.5759,1422028,V,547,481,-1
1788814518.5759,1422036,V,547,481,-1
1788814518.5759,1422044,V,547,481,-1
1788814518.6240,1422058,V,547,481,14895
1788814518.6240,1422066,V,553,486,-1
1788814518.6240,1422074,V,547,481,-1
1788814518.6241,1422082,V,547,481,-1
1788814518.6241,1422090,V,547,481,-1
1788814518.6241,1422098,V,547,481,-1
1788814518.6729,1422111,V,549,483,14896
1788814518.6730,1422119,V,546,480,-1
1788814518.6730,1422127,V,547,481,-1
1788814518.6730,1422135,V,547,481,-1
1788814518.6730,1422143,V,547,481,-1
1788814518.6730,1422151,V,546,480,-1
1788814518.7217,1422165,V,548,482,14897
1788814518.7217,1422173,V,548,482,-1
1788814518.7217,1422181,V,547,481,-1
1788814518.7218,1422189,V,548,482,-1
1788814518.7218,1422197,V,547,481,-1
1788814518.7218,1422205,V,547,481,-1
1788814518.8196,1422219,V,547,481,14898
1788814518.8198,1422227,V,547,481,-1
1788814518.8198,1422235,V,546,480,-1
1788814518.8198,1422243,V,546,480,-1
1788814518.8198,1422251,V,546,480,-1
1788814518.8198,1422259,V,563,495,-1
1788814518.8685,1422272,V,547,481,14899
1788814518.8685,1422280,V,547,481,-1
1788814518.8686,1422288,V,547,481,-1
1788814518.8686,1422296,V,546,480,-1
1788814518.8686,1422304,V,547,481,-1
1788814518.8686,1422312,V,546,480,-1
1788814518.9167,1422326,V,547,481,14900
1788814518.9167,1422334,V,546,480,-1
1788814518.9167,1422342,V,547,481,-1
1788814518.9167,1422350,V,548,482,-1
1788814518.9167,1422358,V,548,482,-1
1788814518.9167,1422366,V,547,481,-1
1788814518.9655,1422380,V,547,481,14901
1788814518.9655,1422388,V,547,481,-1
1788814518.9655,1422396,V,546,480,-1
1788814518.9655,1422404,V,546,480,-1
1788814518.9655,1422412,V,547,481,-1
1788814518.9655,1422420,V,547,481,-1
1788814519.0143,1422433,V,547,481,14902
1788814519.0143,1422441,V,547,481,-1
1788814519.0143,1422449,V,546,480,-1
1788814519.0143,1422457,V,546,480,-1
1788814519.0143,1422465,V,546,480,-1
1788814519.0143,1422473,V,546,480,-1
1788814519.0632,1422487,V,545,479,14903
1788814519.0633,1422495,V,546,480,-1
1788814519.0633,1422503,V,546,480,-1
1788814519.0633,1422511,V,547,481,-1
1788814519.0633,1422519,V,546,480,-1
1788814519.0633,1422527,V,545,479,-1
1788814519.1120,1422540,V,546,480,14904
1788814519.1121,1422548,V,545,479,-1
1788814519.1121,1422556,V,546,480,-1
1788814519.1121,1422564,V,546,480,-1
1788814519.1121,1422572,V,546,480,-1
1788814519.1121,1422580,V,546,480,-1
1788814519.1623,1422594,V,547,481,14905
1788814519.1623,1422602,V,550,483,-1
1788814519.1624,1422610,V,546,480,-1
1788814519.1624,1422618,V,546,480,-1
1788814519.1624,1422626,V,546,480,-1
1788814519.1624,1422634,V,546,480,-1
1788814519.2091,1422648,V,546,480,14906
1788814519.2091,1422656,V,546,480,-1
1788814519.2091,1422664,V,546,480,-1
1788814519.2091,1422672,V,547,481,-1
1788814519.2091,1422680,V,547,481,-1
1788814519.2091,1422688,V,547,481,-1
1788814519.2576,1422701,V,549,483,14907
1788814519.2577,1422709,V,547,481,-1
1788814519.2577,1422717,V,548,482,-1
1788814519.2577,1422725,V,547,481,-1
1788814519.2577,1422733,V,546,480,-1
1788814519.2577,1422741,V,547,481,-1
1788814519.3556,1422755,V,546,480,14908
1788814519.3557,1422763,V,547,481,-1
1788814519.3558,1422771,V,546,480,-1
1788814519.3559,1422779,V,546,480,-1
1788814519.3559,1422787,V,548,482,-1
1788814519.3559,1422795,V,562,494,-1
1788814519.4046,1422809,V,547,481,14909
1788814519.4046,1422817,V,548,482,-1
1788814519.4046,1422825,V,548,482,-1
1788814519.4046,1422833,V,548,482,-1
1788814519.4046,1422841,V,548,482,-1
1788814519.4046,1422849,V,548,482,-1
1788814519.4530,1422862,V,548,482,14910
1788814519.4531,1422870,V,548,482,-1
1788814519.4531,1422878,V,548,482,-1
1788814519.4531,1422886,V,548,482,-1
1788814519.4531,1422894,V,548,482,-1
1788814519.4531,1422902,V,548,482,-1
1788814519.5019,1422916,V,547,481,14911
1788814519.5019,1422924,V,547,481,-1
1788814519.5019,1422932,V,546,480,-1
1788814519.5019,1422940,V,546,480,-1
1788814519.5019,1422948,V,546,480,-1
1788814519.5019,1422956,V,546,480,-1
1788814519.5502,1422970,V,547,481,14912
1788814519.5503,1422978,V,546,480,-1
1788814519.5503,1422986,V,546,480,-1
1788814519.5503,1422994,V,546,480,-1
1788814519.5503,1423002,V,545,479,-1
1788814519.5503,1423010,V,546,480,-1
1788814519.5992,1423023,V,546,480,14913
1788814519.5994,1423031,V,546,480,-1
1788814519.5994,1423039,V,547,481,-1
1788814519.5994,1423047,V,546,480,-1
1788814519.5994,1423055,V,545,479,-1
1788814519.5994,1423063,V,546,480,-1
1788814519.6484,1423077,V,545,479,14914
1788814519.6485,1423085,V,546,480,-1
1788814519.6485,1423093,V,546,480,-1
1788814519.6485,1423101,V,546,480,-1
1788814519.6485,1423109,V,546,480,-1
1788814519.6485,1423117,V,545,479,-1
1788814519.6968,1423130,V,545,479,14915
1788814519.6968,1423138,V,552,485,-1
1788814519.6968,1423146,V,546,480,-1
1788814519.6969,1423154,V,546,480,-1
1788814519.6969,1423162,V,546,480,-1
1788814519.6969,1423170,V,545,479,-1
1788814519.7455,1423184,V,546,480,14916
1788814519.7455,1423192,V,546,480,-1
1788814519.7455,1423200,V,547,481,-1
1788814519.7455,1423208,V,546,480,-1
1788814519.7455,1423216,V,547,481,-1
1788814519.7455,1423224,V,545,479,-1
1788814519.7980,1423238,V,551,484,14917
1788814519.7980,1423246,V,548,482,-1
1788814519.7980,1423254,V,547,481,-1
1788814519.7980,1423262,V,547,481,-1
1788814519.7980,1423270,V,546,480,-1
1788814519.7980,1423278,V,547,481,-1
1788814519.8922,1423291,V,546,480,14918
1788814519.8923,1423299,V,546,480,-1
1788814519.8924,1423307,V,547,481,-1
1788814519.8924,1423315,V,547,481,-1
1788814519.8924,1423323,V,547,481,-1
1788814519.8924,1423331,V,564,496,-1
1788814519.9418,1423345,V,547,481,14919
1788814519.9419,1423353,V,546,480,-1
1788814519.9419,1423361,V,546,480,-1
1788814519.9419,1423369,V,546,480,-1
1788814519.9419,1423377,V,546,480,-1
1788814519.9419,1423385,V,545,479,-1
1788814519.9896,1423399,V,546,480,14920
1788814519.9897,1423407,V,546,480,-1
1788814519.9897,1423415,V,547,481,-1
1788814519.9897,1423423,V,545,479,-1
1788814519.9897,1423431,V,546,480,-1
1788814519.9897,1423439,V,546,480,-1
1788814520.0390,1423452,V,546,480,14921
1788814520.0390,1423460,V,546,480,-1
1788814520.0390,1423468,V,544,478,-1
1788814520.0390,1423476,V,547,481,-1
1788814520.0391,1423484,V,546,480,-1
1788814520.0391,1423492,V,547,481,-1
1788814520.0867,1423506,V,546,480,14922
1788814520.0867,1423514,V,546,480,-1
1788814520.0867,1423522,V,546,480,-1
1788814520.0868,1423530,V,547,481,-1
1788814520.0868,1423538,V,547,481,-1
1788814520.0868,1423546,V,545,479,-1
1788814520.1360,1423559,V,547,481,14923
1788814520.1361,1423567,V,547,481,-1
1788814520.1361,1423575,V,546,480,-1
1788814520.1361,1423583,V,546,480,-1
1788814520.1361,1423591,V,547,481,-1
1788814520.1361,1423599,V,546,480,-1
1788814520.1854,1423613,V,546,480,14924
1788814520.1854,1423621,V,547,481,-1
1788814520.1854,1423629,V,546,480,-1
1788814520.1854,1423637,V,546,480,-1
1788814520.1854,1423645,V,546,480,-1
1788814520.1854,1423653,V,546,480,-1
1788814520.2329,1423666,V,545,479,14925
1788814520.2330,1423674,V,552,485,-1
1788814520.2330,1423682,V,546,480,-1
1788814520.2330,1423690,V,545,479,-1
1788814520.2330,1423698,V,547,481,-1
1788814520.2330,1423706,V,547,481,-1
1788814520.2817,1423720,V,546,480,14926
1788814520.2817,1423728,V,546,480,-1
1788814520.2817,1423736,V,546,480,-1
1788814520.2817,1423744,V,546,480,-1
1788814520.2817,1423752,V,547,481,-1
1788814520.2818,1423760,V,547,481,-1
1788814520.3323,1423774,V,548,482,14927
1788814520.3323,1423782,V,546,480,-1
1788814520.3323,1423790,V,547,481,-1
1788814520.3323,1423798,V,547,481,-1
1788814520.3323,1423806,V,546,480,-1
1788814520.3323,1423814,V,545,479,-1
1788814520.4277,1423827,V,546,480,14928
1788814520.4278,1423835,V,545,479,-1
1788814520.4278,1423843,V,545,479,-1
1788814520.4278,1423851,V,545,479,-1
1788814520.4278,1423859,V,545,479,-1
1788814520.4278,1423867,V,560,492,-1
1788814520.4781,1423881,V,546,480,14929
1788814520.4781,1423889,V,545,479,-1
1788814520.4781,1423897,V,546,480,-1
1788814520.4781,1423905,V,546,480,-1
1788814520.4781,1423913,V,545,479,-1
1788814520.4781,1423921,V,547,481,-1
1788814520.5255,1423935,V,546,480,14930
1788814520.5255,1423943,V,547,481,-1
1788814520.5256,1423951,V,546,480,-1
1788814520.5256,1423959,V,547,481,-1
1788814520.5256,1423967,V,549,483,-1
1788814520.5256,1423975,V,546,480,-1
1788814520.5742,1423988,V,546,480,14931
1788814520.5742,1423996,V,547,481,-1
1788814520.5742,1424004,V,547,481,-1
1788814520.5742,1424012,V,546,480,-1
1788814520.5742,1424020,V,547,481,-1
1788814520.5742,1424028,V,547,481,-1
1788814520.6230,1424042,V,549,483,14932
1788814520.6230,1424050,V,549,483,-1
1788814520.6230,1424058,V,549,483,-1
1788814520.6230,1424066,V,547,481,-1
1788814520.6230,1424074,V,547,481,-1
1788814520.6230,1424082,V,547,481,-1
1788814520.6716,1424096,V,548,482,14933
1788814520.6717,1424104,V,548,482,-1
1788814520.6717,1424112,V,547,481,-1
1788814520.6717,1424120,V,547,481,-1
1788814520.6717,1424128,V,547,481,-1
1788814520.6717,1424136,V,548,482,-1
1788814520.7219,1424149,V,548,482,14934
1788814520.7219,1424157,V,547,481,-1
1788814520.7219,1424165,V,547,481,-1
1788814520.7219,1424173,V,547,481,-1
1788814520.7219,1424181,V,547,481,-1
1788814520.7219,1424189,V,547,481,-1
1788814520.7699,1424203,V,547,481,14935
1788814520.7699,1424211,V,554,487,-1
1788814520.7699,1424219,V,548,482,-1
1788814520.7699,1424227,V,547,481,-1
1788814520.7699,1424235,V,548,482,-1
1788814520.7699,1424243,V,547,481,-1
1788814520.8177,1424256,V,547,481,14936
1788814520.8177,1424264,V,548,482,-1
1788814520.8177,1424272,V,548,482,-1
1788814520.8177,1424280,V,546,480,-1
1788814520.8177,1424288,V,547,481,-1
1788814520.8177,1424296,V,546,480,-1
1788814520.8673,1424310,V,548,482,14937
1788814520.8673,1424318,V,545,479,-1
1788814520.8673,1424326,V,546,480,-1
1788814520.8673,1424334,V,545,479,-1
1788814520.8673,1424342,V,545,479,-1
1788814520.8673,1424350,V,545,479,-1
1788814520.9644,1424364,V,545,479,14938
1788814520.9646,1424372,V,546,480,-1
1788814520.9646,1424380,V,546,480,-1
1788814520.9646,1424388,V,544,478,-1
1788814520.9646,1424396,V,546,480,-1
1788814520.9646,1424404,V,562,494,-1
1788814521.0137,1424417,V,544,478,14939
1788814521.0137,1424425,V,544,478,-1
1788814521.0137,1424433,V,546,480,-1
1788814521.0137,1424441,V,546,480,-1
1788814521.0137,1424449,V,545,479,-1
1788814521.0137,1424457,V,547,481,-1
1788814521.0624,1424471,V,546,480,14940
1788814521.0624,1424479,V,546,480,-1
1788814521.0624,1424487,V,546,480,-1
1788814521.0624,1424495,V,547,481,-1
1788814521.0624,1424503,V,548,482,-1
1788814521.0624,1424511,V,547,481,-1
1788814521.1113,1424525,V,545,479,14941
1788814521.1113,1424533,V,547,481,-1
1788814521.1113,1424541,V,547,481,-1
1788814521.1113,1424549,V,547,481,-1
1788814521.1115,1424557,V,547,481,-1
1788814521.1115,1424565,V,546,480,-1
1788814521.1594,1424578,V,546,480,14942
1788814521.1594,1424586,V,547,481,-1
1788814521.1594,1424594,V,545,479,-1
1788814521.1594,1424602,V,546,480,-1
1788814521.1594,1424610,V,547,481,-1
1788814521.1594,1424618,V,546,480,-1
1788814521.2080,1424632,V,547,481,14943
1788814521.2082,1424640,V,548,482,-1
1788814521.2082,1424648,V,547,481,-1
1788814521.2082,1424656,V,548,482,-1
1788814521.2082,1424664,V,548,482,-1
1788814521.2082,1424672,V,547,481,-1
1788814521.2571,1424686,V,547,481,14944
1788814521.2571,1424694,V,547,481,-1
1788814521.2571,1424702,V,548,482,-1
1788814521.2571,1424710,V,548,482,-1
1788814521.2571,1424718,V,546,480,-1
1788814521.2571,1424726,V,546,480,-1
1788814521.3058,1424739,V,547,481,14945
1788814521.3058,1424747,V,554,487,-1
1788814521.3059,1424755,V,546,480,-1
1788814521.3059,1424763,V,546,480,-1
1788814521.3059,1424771,V,546,480,-1
1788814521.3059,1424779,V,546,480,-1
1788814521.3541,1424793,V,547,481,14946
1788814521.3542,1424801,V,546,480,-1
1788814521.3542,1424809,V,546,480,-1
1788814521.3542,1424817,V,547,481,-1
1788814521.3542,1424825,V,546,480,-1
1788814521.3542,1424833,V,547,481,-1
1788814521.4031,1424846,V,548,482,14947
1788814521.4031,1424854,V,547,481,-1
1788814521.4032,1424862,V,546,480,-1
1788814521.4032,1424870,V,546,480,-1
1788814521.4032,1424878,V,545,479,-1
1788814521.4032,1424886,V,547,481,-1
1788814521.5005,1424900,V,546,480,14948
1788814521.5007,1424908,V,546,480,-1
1788814521.5007,1424916,V,548,482,-1
1788814521.5007,1424924,V,547,481,-1
1788814521.5007,1424932,V,546,480,-1
1788814521.5007,1424940,V,564,496,-1
1788814521.5496,1424954,V,546,480,14949
1788814521.5497,1424962,V,547,481,-1
1788814521.5497,1424970,V,546,480,-1
1788814521.5497,1424978,V,545,479,-1
1788814521.5497,1424986,V,546,480,-1
1788814521.5497,1424994,V,546,480,-1
1788814521.5984,1425007,V,546,480,14950
1788814521.5984,1425015,V,546,480,-1
1788814521.5984,1425023,V,547,481,-1
1788814521.5984,1425031,V,547,481,-1
1788814521.5984,1425039,V,547,481,-1
1788814521.5984,1425047,V,547,481,-1
1788814521.6466,1425061,V,546,480,14951
1788814521.6466,1425069,V,546,480,-1
1788814521.6466,1425077,V,547,481,-1
1788814521.6466,1425085,V,547,481,-1
1788814521.6466,1425093,V,547,481,-1
1788814521.6466,1425101,V,546,480,-1
1788814521.6956,1425115,V,546,480,14952
1788814521.6957,1425123,V,546,480,-1
1788814521.6957,1425131,V,546,480,-1
1788814521.6957,1425139,V,546,480,-1
1788814521.6957,1425147,V,545,479,-1
1788814521.6957,1425155,V,546,480,-1
1788814521.7442,1425168,V,546,480,14953
1788814521.7443,1425176,V,546,480,-1
1788814521.7443,1425184,V,546,480,-1
1788814521.7443,1425192,V,546,480,-1
1788814521.7443,1425200,V,546,480,-1
1788814521.7443,1425208,V,545,479,-1
1788814521.7932,1425222,V,545,479,14954
1788814521.7932,1425230,V,545,479,-1
1788814521.7932,1425238,V,546,480,-1
1788814521.7932,1425246,V,546,480,-1
1788814521.7932,1425254,V,546,480,-1
1788814521.7932,1425262,V,547,481,-1
1788814521.8419,1425275,V,546,480,14955
1788814521.8419,1425283,V,552,485,-1
1788814521.8419,1425291,V,545,479,-1
1788814521.8419,1425299,V,546,480,-1
1788814521.8419,1425307,V,545,479,-1
1788814521.8420,1425315,V,546,480,-1
1788814521.8922,1425329,V,546,480,14956
1788814521.8922,1425337,V,545,479,-1
1788814521.8922,1425345,V,546,480,-1
1788814521.8922,1425353,V,546,480,-1
1788814521.8922,1425361,V,546,480,-1
1788814521.8922,1425369,V,546,480,-1
1788814521.9390,1425383,V,549,483,14957
1788814521.9390,1425391,V,546,480,-1
1788814521.9390,1425399,V,546,480,-1
1788814521.9390,1425407,V,545,479,-1
1788814521.9390,1425415,V,548,482,-1
1788814521.9390,1425423,V,547,481,-1
1788814522.0367,1425436,V,546,480,14958
1788814522.0368,1425444,V,547,481,-1
1788814522.0368,1425452,V,545,479,-1
1788814522.0368,1425460,V,546,480,-1
1788814522.0368,1425468,V,546,480,-1
1788814522.0368,1425476,V,562,494,-1
1788814522.0859,1425490,V,546,480,14959
1788814522.0859,1425498,V,546,480,-1
1788814522.0859,1425506,V,546,480,-1
1788814522.0859,1425514,V,547,481,-1
1788814522.0859,1425522,V,546,480,-1
1788814522.0860,1425530,V,546,480,-1
1788814522.1344,1425544,V,546,480,14960
1788814522.1344,1425552,V,546,480,-1
1788814522.1344,1425560,V,546,480,-1
1788814522.1344,1425568,V,546,480,-1
1788814522.1345,1425576,V,547,481,-1
1788814522.1345,1425584,V,546,480,-1
1788814522.1831,1425597,V,547,481,14961
1788814522.1831,1425605,V,546,480,-1
1788814522.1831,1425613,V,546,480,-1
1788814522.1831,1425621,V,546,480,-1
1788814522.1832,1425629,V,544,478,-1
1788814522.1832,1425637,V,546,480,-1
1788814522.2315,1425651,V,546,480,14962
1788814522.2315,1425659,V,546,480,-1
1788814522.2316,1425667,V,545,479,-1
1788814522.2316,1425675,V,545,479,-1
1788814522.2316,1425683,V,546,480,-1
1788814522.2317,1425691,V,544,478,-1
1788814522.2807,1425705,V,545,479,14963
1788814522.2808,1425713,V,545,479,-1
1788814522.2808,1425721,V,545,479,-1
1788814522.2808,1425729,V,547,481,-1
1788814522.2808,1425737,V,545,479,-1
1788814522.2808,1425745,V,545,479,-1
1788814522.3307,1425758,V,546,480,14964
1788814522.3307,1425766,V,545,479,-1
1788814522.3307,1425774,V,546,480,-1
1788814522.3307,1425782,V,545,479,-1
1788814522.3307,1425790,V,545,479,-1
1788814522.3307,1425798,V,546,480,-1
1788814522.3781,1425812,V,547,481,14965
1788814522.3781,1425820,V,552,485,-1
1788814522.3781,1425828,V,546,480,-1
1788814522.3781,1425836,V,546,480,-1
1788814522.3781,1425844,V,546,480,-1
1788814522.3781,1425852,V,545,479,-1
1788814522.4276,1425865,V,545,479,14966
1788814522.4277,1425873,V,547,481,-1
1788814522.4277,1425881,V,546,480,-1
1788814522.4277,1425889,V,546,480,-1
1788814522.4277,1425897,V,546,480,-1
1788814522.4277,1425905,V,546,480,-1
1788814522.4755,1425919,V,550,483,14967
1788814522.4755,1425927,V,547,481,-1
1788814522.4755,1425935,V,547,481,-1
1788814522.4755,1425943,V,546,480,-1
1788814522.4755,1425951,V,547,481,-1
1788814522.4755,1425959,V,547,481,-1
1788814522.5739,1425973,V,548,482,14968
1788814522.5740,1425981,V,547,481,-1
1788814522.5741,1425989,V,548,482,-1
1788814522.5741,1425997,V,548,482,-1
1788814522.5741,1426005,V,547,481,-1
1788814522.5741,1426013,V,550,483,-1
1788814522.6230,1426027,V,547,481,14969
1788814522.6230,1426035,V,547,481,-1
1788814522.6230,1426043,V,547,481,-1
1788814522.6230,1426051,V,546,480,-1
1788814522.6230,1426059,V,547,481,-1
1788814522.6230,1426067,V,548,482,-1
1788814522.6705,1426080,V,547,481,14970
1788814522.6706,1426088,V,546,480,-1
1788814522.6706,1426096,V,548,482,-1
1788814522.6706,1426104,V,548,482,-1
1788814522.6706,1426112,V,547,481,-1
1788814522.6706,1426120,V,547,481,-1
1788814522.7192,1426134,V,547,481,14971
1788814522.7193,1426142,V,546,480,-1
1788814522.7193,1426150,V,546,480,-1
1788814522.7193,1426158,V,546,480,-1
1788814522.7193,1426166,V,546,480,-1
1788814522.7193,1426174,V,545,479,-1
1788814522.7679,1426188,V,547,481,14972
1788814522.7680,1426196,V,546,480,-1
1788814522.7680,1426204,V,546,480,-1
1788814522.7680,1426212,V,546,480,-1
1788814522.7680,1426220,V,546,480,-1
1788814522.7680,1426228,V,546,480,-1
1788814522.8164,1426241,V,546,480,14973
1788814522.8165,1426249,V,547,481,-1
1788814522.8165,1426257,V,552,485,-1
1788814522.8165,1426265,V,545,479,-1
1788814522.8165,1426273,V,545,479,-1
1788814522.8165,1426281,V,545,479,-1
1788814522.8660,1426295,V,546,480,14974
1788814522.8660,1426303,V,545,479,-1
1788814522.8660,1426311,V,545,479,-1
1788814522.8661,1426319,V,546,480,-1
1788814522.8661,1426327,V,546,480,-1
1788814522.8661,1426335,V,546,480,-1
1788814522.9143,1426348,V,545,479,14975
1788814522.9143,1426356,V,548,482,-1
1788814522.9143,1426364,V,545,479,-1
1788814522.9143,1426372,V,546,480,-1
1788814522.9143,1426380,V,546,480,-1
1788814522.9143,1426388,V,546,480,-1
1788814522.9639,1426402,V,545,479,14976
1788814522.9639,1426410,V,545,479,-1
1788814522.9639,1426418,V,546,480,-1
1788814522.9639,1426426,V,547,481,-1
1788814522.9639,1426434,V,547,481,-1
1788814522.9640,1426442,V,546,480,-1
1788814523.0117,1426456,V,566,497,14977
1788814523.0117,1426464,V,546,480,-1
1788814523.0117,1426472,V,545,479,-1
1788814523.0117,1426480,V,546,480,-1
1788814523.0117,1426488,V,546,480,-1
1788814523.0118,1426496,V,546,480,-1
1788814523.1103,1426509,V,547,481,14978
1788814523.1105,1426517,V,546,480,-1
1788814523.1105,1426525,V,545,479,-1
1788814523.1105,1426533,V,545,479,-1
1788814523.1105,1426541,V,545,479,-1
1788814523.1105,1426549,V,548,482,-1
1788814523.1590,1426563,V,546,480,14979
1788814523.1591,1426571,V,545,479,-1
1788814523.1591,1426579,V,545,479,-1
1788814523.1591,1426587,V,546,480,-1
1788814523.1591,1426595,V,546,480,-1
1788814523.1591,1426603,V,547,481,-1
1788814523.2077,1426617,V,546,480,14980
1788814523.2077,1426625,V,546,480,-1
1788814523.2077,1426633,V,546,480,-1
1788814523.2077,1426641,V,546,480,-1
1788814523.2077,1426649,V,546,480,-1
1788814523.2077,1426657,V,546,480,-1
1788814523.2564,1426670,V,547,481,14981
1788814523.2565,1426678,V,547,481,-1
1788814523.2565,1426686,V,547,481,-1
1788814523.2565,1426694,V,546,480,-1
1788814523.2565,1426702,V,547,481,-1
1788814523.2565,1426710,V,545,479,-1
1788814523.3043,1426724,V,546,480,14982
1788814523.3043,1426732,V,547,481,-1
1788814523.3043,1426740,V,546,480,-1
1788814523.3044,1426748,V,547,481,-1
1788814523.3044,1426756,V,547,481,-1
1788814523.3044,1426764,V,546,480,-1
1788814523.3557,1426777,V,547,481,14983
1788814523.3558,1426785,V,547,481,-1
1788814523.3558,1426793,V,552,485,-1
1788814523.3558,1426801,V,546,480,-1
1788814523.3559,1426809,V,547,481,-1
1788814523.3559,1426817,V,546,480,-1
1788814523.4023,1426831,V,547,481,14984
1788814523.4024,1426839,V,545,479,-1
1788814523.4024,1426847,V,547,481,-1
1788814523.4024,1426855,V,547,481,-1
1788814523.4024,1426863,V,546,480,-1
1788814523.4024,1426871,V,546,480,-1
1788814523.4503,1426885,V,547,481,14985
1788814523.4503,1426893,V,548,482,-1
1788814523.4503,1426901,V,546,480,-1
1788814523.4503,1426909,V,546,480,-1
1788814523.4503,1426917,V,546,480,-1
1788814523.4503,1426925,V,547,481,-1
1788814523.5002,1426938,V,546,480,14986
1788814523.5002,1426946,V,548,482,-1
1788814523.5002,1426954,V,547,481,-1
1788814523.5002,1426962,V,546,480,-1
1788814523.5002,1426970,V,546,480,-1
1788814523.5002,1426978,V,547,481,-1
1788814523.5480,1426992,V,562,494,14987
1788814523.5480,1427000,V,546,480,-1
1788814523.5480,1427008,V,546,480,-1
1788814523.5480,1427016,V,547,481,-1
1788814523.5480,1427024,V,546,480,-1
1788814523.5480,1427032,V,546,480,-1
1788814523.6466,1427045,V,545,479,14988
1788814523.6468,1427053,V,546,480,-1
1788814523.6468,1427061,V,545,479,-1
1788814523.6468,1427069,V,546,480,-1
1788814523.6468,1427077,V,546,480,-1
1788814523.6468,1427085,V,548,482,-1
1788814523.6956,1427099,V,545,479,14989
1788814523.6956,1427107,V,544,478,-1
1788814523.6956,1427115,V,546,480,-1
1788814523.6956,1427123,V,545,479,-1
1788814523.6956,1427131,V,545,479,-1
1788814523.6956,1427139,V,546,480,-1
1788814523.7437,1427153,V,545,479,14990
1788814523.7437,1427161,V,544,478,-1
1788814523.7438,1427169,V,546,480,-1
1788814523.7438,1427177,V,543,477,-1
1788814523.7438,1427185,V,546,480,-1
1788814523.7438,1427193,V,546,480,-1
1788814523.7927,1427206,V,546,480,14991
1788814523.7927,1427214,V,546,480,-1
1788814523.7927,1427222,V,546,480,-1
1788814523.7927,1427230,V,544,478,-1
1788814523.7927,1427238,V,546,480,-1
1788814523.7927,1427246,V,546,480,-1
1788814523.8414,1427260,V,545,479,14992
1788814523.8414,1427268,V,545,479,-1
1788814523.8414,1427276,V,546,480,-1
1788814523.8414,1427284,V,546,480,-1
1788814523.8414,1427292,V,547,481,-1
1788814523.8415,1427300,V,546,480,-1
1788814523.8902,1427314,V,545,479,14993
1788814523.8903,1427322,V,546,480,-1
1788814523.8903,1427330,V,549,483,-1
1788814523.8903,1427338,V,546,480,-1
1788814523.8903,1427346,V,547,481,-1
1788814523.8903,1427354,V,546,480,-1
1788814523.9876,1427367,V,546,480,14994
1788814523.9876,1427375,V,546,480,-1
1788814523.9876,1427383,V,546,480,-1
1788814523.9876,1427391,V,547,481,-1
1788814523.9876,1427399,V,547,481,-1
1788814523.9876,1427407,V,547,481,-1
1788814523.9897,1427421,V,546,480,14995
1788814523.9898,1427429,V,549,483,-1
1788814523.9898,1427437,V,547,481,-1
1788814523.9898,1427445,V,547,481,-1
1788814523.9898,1427453,V,547,481,-1
1788814523.9898,1427461,V,546,480,-1
1788814524.0360,1427475,V,547,481,14996
1788814524.0360,1427483,V,546,480,-1
1788814524.0361,1427491,V,545,479,-1
1788814524.0361,1427499,V,545,479,-1
1788814524.0361,1427507,V,545,479,-1
1788814524.0361,1427515,V,545,479,-1
1788814524.0843,1427528,V,565,497,14997
1788814524.0843,1427536,V,546,480,-1
1788814524.0843,1427544,V,545,479,-1
1788814524.0843,1427552,V,545,479,-1
1788814524.0843,1427560,V,546,480,-1
1788814524.0843,1427568,V,546,480,-1
1788814524.1822,1427582,V,545,479,14998
1788814524.1824,1427590,V,545,479,-1
1788814524.1824,1427598,V,544,478,-1
1788814524.1824,1427606,V,546,480,-1
1788814524.1824,1427614,V,545,479,-1
1788814524.1824,1427622,V,548,482,-1
1788814524.2311,1427635,V,547,481,14999
1788814524.2311,1427643,V,546,480,-1
1788814524.2311,1427651,V,545,479,-1
1788814524.2311,1427659,V,546,480,-1
1788814524.2311,1427667,V,545,479,-1
1788814524.2311,1427675,V,545,479,-1
1788814524.2793,1427689,V,546,480,15000
1788814524.2793,1427697,V,545,479,-1
1788814524.2793,1427705,V,546,480,-1
1788814524.2793,1427713,V,545,479,-1
1788814524.2794,1427721,V,547,481,-1
1788814524.2794,1427729,V,545,479,-1
1788814524.3278,1427743,V,546,480,15001
1788814524.3278,1427751,V,546,480,-1
1788814524.3278,1427759,V,546,480,-1
1788814524.3278,1427767,V,546,480,-1
1788814524.3279,1427775,V,546,480,-1
1788814524.3279,1427783,V,546,480,-1
1788814524.3770,1427796,V,546,480,15002
1788814524.3770,1427804,V,546,480,-1
1788814524.3770,1427812,V,546,480,-1
1788814524.3770,1427820,V,546,480,-1
1788814524.3770,1427828,V,546,480,-1
1788814524.3770,1427836,V,546,480,-1
1788814524.4254,1427850,V,546,480,15003
1788814524.4255,1427858,V,547,481,-1
1788814524.4256,1427866,V,549,483,-1
1788814524.4256,1427874,V,546,480,-1
1788814524.4256,1427882,V,546,480,-1
1788814524.4256,1427890,V,546,480,-1
1788814524.4747,1427903,V,547,481,15004
1788814524.4747,1427911,V,546,480,-1
1788814524.4747,1427919,V,546,480,-1
1788814524.4747,1427927,V,546,480,-1
1788814524.4747,1427935,V,547,481,-1
1788814524.4747,1427943,V,545,479,-1
1788814524.5233,1427957,V,546,480,15005
1788814524.5233,1427965,V,548,482,-1
1788814524.5233,1427973,V,545,479,-1
1788814524.5234,1427981,V,544,478,-1
1788814524.5234,1427989,V,544,478,-1
1788814524.5234,1427997,V,545,479,-1
1788814524.5718,1428011,V,547,481,15006
1788814524.5718,1428019,V,545,479,-1
1788814524.5718,1428027,V,545,479,-1
1788814524.5718,1428035,V,546,480,-1
1788814524.5718,1428043,V,545,479,-1
1788814524.5718,1428051,V,546,480,-1
1788814524.6202,1428065,V,566,497,15007
1788814524.6202,1428073,V,546,480,-1
1788814524.6202,1428081,V,547,481,-1
1788814524.6202,1428089,V,547,481,-1
1788814524.6202,1428097,V,546,480,-1
1788814524.6202,1428105,V,547,481,-1
1788814524.7182,1428118,V,546,480,15008
1788814524.7184,1428126,V,546,480,-1
1788814524.7185,1428134,V,546,480,-1
1788814524.7185,1428142,V,547,481,-1
1788814524.7185,1428150,V,547,481,-1
1788814524.7185,1428158,V,547,481,-1
1788814524.7672,1428172,V,545,479,15009
1788814524.7672,1428180,V,545,479,-1
1788814524.7672,1428188,V,546,480,-1
1788814524.7672,1428196,V,546,480,-1
1788814524.7673,1428204,V,547,481,-1
1788814524.7673,1428212,V,546,480,-1
1788814524.8168,1428225,V,547,481,15010
1788814524.8168,1428233,V,546,480,-1
1788814524.8168,1428241,V,547,481,-1
1788814524.8169,1428249,V,546,480,-1
1788814524.8169,1428257,V,547,481,-1
1788814524.8169,1428265,V,546,480,-1
1788814524.8650,1428279,V,547,481,15011
1788814524.8650,1428287,V,547,481,-1
1788814524.8650,1428295,V,546,480,-1
1788814524.8650,1428303,V,546,480,-1
1788814524.8650,1428311,V,546,480,-1
1788814524.8650,1428319,V,547,481,-1
1788814524.9142,1428332,V,547,481,15012
1788814524.9142,1428340,V,546,480,-1
1788814524.9142,1428348,V,547,481,-1
1788814524.9142,1428356,V,547,481,-1
1788814524.9142,1428364,V,546,480,-1
1788814524.9142,1428372,V,547,481,-1
1788814524.9623,1428386,V,547,481,15013
1788814524.9624,1428394,V,546,480,-1
1788814524.9625,1428402,V,550,483,-1
1788814524.9625,1428410,V,546,480,-1
1788814524.9625,1428418,V,545,479,-1
1788814524.9625,1428426,V,546,480,-1
1788814525.0111,1428440,V,545,479,15014
1788814525.0111,1428448,V,545,479,-1
1788814525.0111,1428456,V,545,479,-1
1788814525.0111,1428464,V,544,478,-1
1788814525.0111,1428472,V,546,480,-1
1788814525.0111,1428480,V,545,479,-1
1788814525.0603,1428493,V,546,480,15015
1788814525.0603,1428501,V,547,481,-1
1788814525.0603,1428509,V,545,479,-1
1788814525.0603,1428517,V,546,480,-1
1788814525.0603,1428525,V,546,480,-1
1788814525.0603,1428533,V,545,479,-1
1788814525.1080,1428547,V,544,478,15016
1788814525.1081,1428555,V,546,480,-1
1788814525.1081,1428563,V,546,480,-1
1788814525.1081,1428571,V,545,479,-1
1788814525.1081,1428579,V,546,480,-1
1788814525.1081,1428587,V,546,480,-1
1788814525.1567,1428601,V,564,496,15017
1788814525.1568,1428609,V,545,479,-1
1788814525.1568,1428617,V,546,480,-1
1788814525.1568,1428625,V,545,479,-1
1788814525.1568,1428633,V,545,479,-1
1788814525.1568,1428641,V,547,481,-1
1788814525.2541,1428654,V,546,480,15018
1788814525.2542,1428662,V,545,479,-1
1788814525.2542,1428670,V,545,479,-1
1788814525.2542,1428678,V,546,480,-1
1788814525.2542,1428686,V,546,480,-1
1788814525.2542,1428694,V,547,481,-1
1788814525.3034,1428708,V,547,481,15019
1788814525.3035,1428716,V,547,481,-1
1788814525.3035,1428724,V,547,481,-1
1788814525.3035,1428732,V,547,481,-1
1788814525.3035,1428740,V,547,481,-1
1788814525.3035,1428748,V,546,480,-1
1788814525.3534,1428762,V,546,480,15020
1788814525.3534,1428770,V,546,480,-1
1788814525.3534,1428778,V,548,482,-1
1788814525.3534,1428786,V,547,481,-1
1788814525.3534,1428794,V,547,481,-1
1788814525.3534,1428802,V,546,480,-1
1788814525.4003,1428815,V,546,480,15021
1788814525.4003,1428823,V,547,481,-1
1788814525.4003,1428831,V,546,480,-1
1788814525.4003,1428839,V,546,480,-1
1788814525.4003,1428847,V,546,480,-1
1788814525.4003,1428855,V,546,480,-1
1788814525.4501,1428869,V,545,479,15022
1788814525.4502,1428877,V,546,480,-1
1788814525.4502,1428885,V,545,479,-1
1788814525.4502,1428893,V,546,480,-1
1788814525.4502,1428901,V,545,479,-1
1788814525.4502,1428909,V,545,479,-1
1788814525.4980,1428922,V,546,480,15023
1788814525.4981,1428930,V,545,479,-1
1788814525.4982,1428938,V,552,485,-1
1788814525.4982,1428946,V,546,480,-1
1788814525.4982,1428954,V,546,480,-1
1788814525.4982,1428962,V,545,479,-1
1788814525.5485,1428976,V,546,480,15024
1788814525.5485,1428984,V,546,480,-1
1788814525.5485,1428992,V,547,481,-1
1788814525.5485,1429000,V,546,480,-1
1788814525.5485,1429008,V,546,480,-1
1788814525.5485,1429016,V,547,481,-1
1788814525.5965,1429030,V,547,481,15025
1788814525.5965,1429038,V,548,482,-1
1788814525.5965,1429046,V,546,480,-1
1788814525.5965,1429054,V,548,482,-1
1788814525.5966,1429062,V,547,481,-1
1788814525.5966,1429070,V,546,480,-1
1788814525.6442,1429083,V,547,481,15026
1788814525.6442,1429091,V,546,480,-1
1788814525.6442,1429099,V,546,480,-1
1788814525.6442,1429107,V,546,480,-1
1788814525.6442,1429115,V,546,480,-1
1788814525.6442,1429123,V,547,481,-1
1788814525.6929,1429137,V,564,496,15027
1788814525.6929,1429145,V,546,480,-1
1788814525.6929,1429153,V,546,480,-1
1788814525.6929,1429161,V,546,480,-1
1788814525.6929,1429169,V,546,480,-1
1788814525.6929,1429177,V,547,481,-1
1788814525.7906,1429190,V,547,481,15028
1788814525.7907,1429198,V,546,480,-1
1788814525.7907,1429206,V,548,482,-1
1788814525.7907,1429214,V,546,480,-1
1788814525.7907,1429222,V,548,482,-1
1788814525.7907,1429230,V,548,482,-1
1788814525.8389,1429244,V,547,481,15029
1788814525.8389,1429252,V,546,480,-1
1788814525.8389,1429260,V,548,482,-1
1788814525.8389,1429268,V,547,481,-1
1788814525.8389,1429276,V,547,481,-1
1788814525.8389,1429284,V,547,481,-1
1788814525.8881,1429298,V,547,481,15030
1788814525.8881,1429306,V,547,481,-1
1788814525.8881,1429314,V,546,480,-1
1788814525.8881,1429322,V,546,480,-1
1788814525.8881,1429330,V,547,481,-1
1788814525.8881,1429338,V,545,479,-1
1788814525.9371,1429351,V,546,480,15031
1788814525.9372,1429359,V,546,480,-1
1788814525.9372,1429367,V,547,481,-1
1788814525.9372,1429375,V,546,480,-1
1788814525.9372,1429383,V,546,480,-1
1788814525.9372,1429391,V,547,481,-1
1788814525.9865,1429405,V,546,480,15032
1788814525.9866,1429413,V,547,481,-1
1788814525.9866,1429421,V,546,480,-1
1788814525.9866,1429429,V,546,480,-1
1788814525.9866,1429437,V,547,481,-1
1788814525.9866,1429445,V,547,481,-1
1788814526.0838,1429459,V,547,481,15033
1788814526.0839,1429467,V,547,481,-1
1788814526.0840,1429475,V,551,484,-1
1788814526.0840,1429483,V,546,480,-1
1788814526.0840,1429491,V,547,481,-1
1788814526.0840,1429499,V,546,480,-1
1788814526.0853,1429512,V,547,481,15034
1788814526.0853,1429520,V,546,480,-1
1788814526.0853,1429528,V,547,481,-1
1788814526.0853,1429536,V,545,479,-1
1788814526.0853,1429544,V,547,481,-1
1788814526.0854,1429552,V,547,481,-1
1788814526.1338,1429566,V,546,480,15035
1788814526.1339,1429574,V,547,481,-1
1788814526.1339,1429582,V,546,480,-1
1788814526.1339,1429590,V,546,480,-1
1788814526.1339,1429598,V,547,481,-1
1788814526.1339,1429606,V,545,479,-1
1788814526.1806,1429619,V,546,480,15036
1788814526.1806,1429627,V,546,480,-1
1788814526.1806,1429635,V,547,481,-1
1788814526.1806,1429643,V,547,481,-1
1788814526.1806,1429651,V,546,480,-1
1788814526.1806,1429659,V,546,480,-1
1788814526.2294,1429673,V,561,493,15037
1788814526.2294,1429681,V,546,480,-1
1788814526.2294,1429689,V,546,480,-1
1788814526.2294,1429697,V,547,481,-1
1788814526.2294,1429705,V,546,480,-1
1788814526.2294,1429713,V,546,480,-1
1788814526.3269,1429727,V,547,481,15038
1788814526.3271,1429735,V,546,480,-1
1788814526.3271,1429743,V,546,480,-1
1788814526.3271,1429751,V,546,480,-1
1788814526.3271,1429759,V,547,481,-1
1788814526.3271,1429767,V,548,482,-1
1788814526.3785,1429780,V,545,479,15039
1788814526.3786,1429788,V,546,480,-1
1788814526.3786,1429796,V,546,480,-1
1788814526.3786,1429804,V,545,479,-1
1788814526.3786,1429812,V,545,479,-1
1788814526.3786,1429820,V,547,481,-1
1788814526.4237,1429834,V,547,481,15040
1788814526.4237,1429842,V,548,482,-1
1788814526.4237,1429850,V,547,481,-1
1788814526.4237,1429858,V,546,480,-1
1788814526.4237,1429866,V,547,481,-1
1788814526.4237,1429874,V,547,481,-1
1788814526.4738,1429888,V,546,480,15041
1788814526.4738,1429896,V,547,481,-1
1788814526.4738,1429904,V,547,481,-1
1788814526.4738,1429912,V,547,481,-1
1788814526.4739,1429920,V,547,481,-1
1788814526.4739,1429928,V,546,480,-1
1788814526.5226,1429941,V,548,482,15042
1788814526.5226,1429949,V,546,480,-1
1788814526.5226,1429957,V,548,482,-1
1788814526.5226,1429965,V,546,480,-1
1788814526.5226,1429973,V,547,481,-1
1788814526.5226,1429981,V,546,480,-1
1788814526.5705,1429995,V,547,481,15043
1788814526.5706,1430003,V,546,480,-1
1788814526.5706,1430011,V,551,484,-1
1788814526.5706,1430019,V,547,481,-1
1788814526.5706,1430027,V,547,481,-1
1788814526.5707,1430035,V,547,481,-1
1788814526.6196,1430049,V,547,481,15044
1788814526.6196,1430057,V,547,481,-1
1788814526.6196,1430065,V,547,481,-1
1788814526.6196,1430073,V,546,480,-1
1788814526.6196,1430081,V,547,481,-1
1788814526.6196,1430089,V,548,482,-1
1788814526.6682,1430102,V,546,480,15045
1788814526.6682,1430110,V,550,483,-1
1788814526.6682,1430118,V,547,481,-1
1788814526.6682,1430126,V,548,482,-1
1788814526.6682,1430134,V,548,482,-1
1788814526.6682,1430142,V,547,481,-1
1788814526.7165,1430156,V,547,481,15046
1788814526.7166,1430164,V,547,481,-1
1788814526.7166,1430172,V,547,481,-1
1788814526.7166,1430180,V,548,482,-1
1788814526.7166,1430188,V,548,482,-1
1788814526.7166,1430196,V,547,481,-1
1788814526.7655,1430209,V,565,497,15047
1788814526.7656,1430217,V,547,481,-1
1788814526.7656,1430225,V,546,480,-1
1788814526.7656,1430233,V,547,481,-1
1788814526.7656,1430241,V,546,480,-1
1788814526.7656,1430249,V,546,480,-1
1788814526.8634,1430263,V,546,480,15048
1788814526.8635,1430271,V,545,479,-1
1788814526.8635,1430279,V,546,480,-1
1788814526.8636,1430287,V,547,481,-1
1788814526.8636,1430295,V,546,480,-1
1788814526.8636,1430303,V,548,482,-1
1788814526.9122,1430317,V,545,479,15049
1788814526.9122,1430325,V,545,479,-1
1788814526.9122,1430333,V,546,480,-1
1788814526.9122,1430341,V,545,479,-1
1788814526.9122,1430349,V,545,479,-1
1788814526.9122,1430357,V,545,479,-1
1788814526.9607,1430370,V,546,480,15050
1788814526.9608,1430378,V,545,479,-1
1788814526.9608,1430386,V,546,480,-1
1788814526.9608,1430394,V,546,480,-1
1788814526.9608,1430402,V,545,479,-1
1788814526.9608,1430410,V,546,480,-1
1788814527.0094,1430424,V,546,480,15051
1788814527.0095,1430432,V,546,480,-1
1788814527.0095,1430440,V,547,481,-1
1788814527.0095,1430448,V,546,480,-1
1788814527.0095,1430456,V,546,480,-1
1788814527.0095,1430464,V,546,480,-1
1788814527.0579,1430477,V,545,479,15052
1788814527.0579,1430485,V,546,480,-1
1788814527.0579,1430493,V,545,479,-1
1788814527.0579,1430501,V,546,480,-1
1788814527.0580,1430509,V,547,481,-1
1788814527.0580,1430517,V,546,480,-1
1788814527.1071,1430531,V,547,481,15053
1788814527.1072,1430539,V,547,481,-1
1788814527.1073,1430547,V,549,483,-1
1788814527.1073,1430555,V,547,481,-1
1788814527.1073,1430563,V,548,482,-1
1788814527.1073,1430571,V,547,481,-1
1788814527.1562,1430585,V,547,481,15054
1788814527.1563,1430593,V,548,482,-1
1788814527.1563,1430601,V,548,482,-1
1788814527.1563,1430609,V,548,482,-1
1788814527.1563,1430617,V,547,481,-1
1788814527.1563,1430625,V,548,482,-1
1788814527.2044,1430638,V,547,481,15055
1788814527.2044,1430646,V,549,483,-1
1788814527.2044,1430654,V,547,481,-1
1788814527.2044,1430662,V,547,481,-1
1788814527.2044,1430670,V,549,483,-1
1788814527.2044,1430678,V,547,481,-1
1788814527.2531,1430692,V,546,480,15056
1788814527.2531,1430700,V,546,480,-1
1788814527.2532,1430708,V,546,480,-1
1788814527.2532,1430716,V,545,479,-1
1788814527.2532,1430724,V,546,480,-1
1788814527.2532,1430732,V,546,480,-1
1788814527.3018,1430745,V,561,493,15057
1788814527.3018,1430753,V,546,480,-1
1788814527.3018,1430761,V,547,481,-1
1788814527.3018,1430769,V,546,480,-1
1788814527.3018,1430777,V,546,480,-1
1788814527.3018,1430785,V,546,480,-1
1788814527.3995,1430799,V,545,479,15058
1788814527.3996,1430807,V,546,480,-1
1788814527.3996,1430815,V,546,480,-1
1788814527.3996,1430823,V,546,480,-1
1788814527.3996,1430831,V,546,480,-1
1788814527.3996,1430839,V,549,483,-1
1788814527.4483,1430853,V,545,479,15059
1788814527.4484,1430861,V,546,480,-1
1788814527.4484,1430869,V,545,479,-1
1788814527.4484,1430877,V,546,480,-1
1788814527.4484,1430885,V,546,480,-1
1788814527.4484,1430893,V,546,480,-1
1788814527.4968,1430906,V,546,480,15060
1788814527.4968,1430914,V,547,481,-1
1788814527.4969,1430922,V,545,479,-1
1788814527.4969,1430930,V,545,479,-1
1788814527.4969,1430938,V,546,480,-1
1788814527.4969,1430946,V,545,479,-1
1788814527.5455,1430960,V,546,480,15061
1788814527.5455,1430968,V,546,480,-1
1788814527.5455,1430976,V,545,479,-1
1788814527.5455,1430984,V,547,481,-1
1788814527.5455,1430992,V,545,479,-1
1788814527.5455,1431000,V,546,480,-1
1788814527.5943,1431014,V,546,480,15062
1788814527.5943,1431022,V,545,479,-1
1788814527.5943,1431030,V,546,480,-1
1788814527.5944,1431038,V,546,480,-1
1788814527.5944,1431046,V,546,480,-1
1788814527.5944,1431054,V,546,480,-1
1788814527.6427,1431067,V,546,480,15063
1788814527.6428,1431075,V,546,480,-1
1788814527.6428,1431083,V,551,484,-1
1788814527.6428,1431091,V,547,481,-1
1788814527.6428,1431099,V,546,480,-1
1788814527.6428,1431107,V,546,480,-1
1788814527.6918,1431121,V,546,480,15064
1788814527.6919,1431129,V,546,480,-1
1788814527.6919,1431137,V,545,479,-1
1788814527.6919,1431145,V,545,479,-1
1788814527.6919,1431153,V,546,480,-1
1788814527.6919,1431161,V,545,479,-1
1788814527.7404,1431175,V,545,479,15065
1788814527.7405,1431183,V,549,483,-1
1788814527.7405,1431191,V,545,479,-1
1788814527.7405,1431199,V,545,479,-1
1788814527.7405,1431207,V,546,480,-1
1788814527.7405,1431215,V,546,480,-1
1788814527.7895,1431228,V,546,480,15066
1788814527.7895,1431236,V,546,480,-1
1788814527.7895,1431244,V,546,480,-1
1788814527.7895,1431252,V,545,479,-1
1788814527.7895,1431260,V,546,480,-1
1788814527.7895,1431268,V,546,480,-1
1788814527.8380,1431282,V,562,494,15067
1788814527.8380,1431290,V,545,479,-1
1788814527.8380,1431298,V,547,481,-1
1788814527.8380,1431306,V,547,481,-1
1788814527.8380,1431314,V,546,480,-1
1788814527.8380,1431322,V,546,480,-1
1788814527.9362,1431335,V,546,480,15068
1788814527.9364,1431343,V,546,480,-1
1788814527.9364,1431351,V,545,479,-1
1788814527.9364,1431359,V,546,480,-1
1788814527.9364,1431367,V,547,481,-1
1788814527.9364,1431375,V,548,482,-1
1788814527.9858,1431389,V,546,480,15069
1788814527.9859,1431397,V,547,481,-1
1788814527.9859,1431405,V,547,481,-1
1788814527.9859,1431413,V,546,480,-1
1788814527.9859,1431421,V,547,481,-1
1788814527.9859,1431429,V,546,480,-1
1788814528.0339,1431443,V,546,480,15070
1788814528.0340,1431451,V,547,481,-1
1788814528.0340,1431459,V,546,480,-1
1788814528.0340,1431467,V,546,480,-1
1788814528.0340,1431475,V,546,480,-1
1788814528.0340,1431483,V,546,480,-1
1788814528.0817,1431496,V,547,481,15071
1788814528.0818,1431504,V,547,481,-1
1788814528.0818,1431512,V,547,481,-1
1788814528.0818,1431520,V,548,482,-1
1788814528.0818,1431528,V,547,481,-1
1788814528.0818,1431536,V,547,481,-1
1788814528.1796,1431550,V,547,481,15072
1788814528.1797,1431558,V,547,481,-1
1788814528.1797,1431566,V,547,481,-1
1788814528.1798,1431574,V,547,481,-1
1788814528.1798,1431582,V,546,480,-1
1788814528.1798,1431590,V,546,480,-1
1788814528.1808,1431603,V,546,480,15073
1788814528.1808,1431611,V,545,479,-1
1788814528.1808,1431619,V,548,482,-1
1788814528.1808,1431627,V,545,479,-1
1788814528.1808,1431635,V,545,479,-1
1788814528.1808,1431643,V,545,479,-1
1788814528.2282,1431657,V,545,479,15074
1788814528.2282,1431665,V,545,479,-1
1788814528.2282,1431673,V,545,479,-1
1788814528.2283,1431681,V,545,479,-1
1788814528.2283,1431689,V,545,479,-1
1788814528.2283,1431697,V,546,480,-1
1788814528.2769,1431711,V,546,480,15075
1788814528.2769,1431719,V,550,483,-1
1788814528.2769,1431727,V,545,479,-1
1788814528.2769,1431735,V,545,479,-1
1788814528.2769,1431743,V,547,481,-1
1788814528.2770,1431751,V,545,479,-1
1788814528.3256,1431764,V,546,480,15076
1788814528.3256,1431772,V,545,479,-1
1788814528.3256,1431780,V,546,480,-1
1788814528.3256,1431788,V,546,480,-1
1788814528.3256,1431796,V,545,479,-1
1788814528.3256,1431804,V,546,480,-1
1788814528.3763,1431818,V,564,496,15077
1788814528.3763,1431826,V,547,481,-1
1788814528.3763,1431834,V,546,480,-1
1788814528.3763,1431842,V,546,480,-1
1788814528.3764,1431850,V,546,480,-1
1788814528.3764,1431858,V,546,480,-1
1788814528.4718,1431872,V,546,480,15078
1788814528.4719,1431880,V,546,480,-1
1788814528.4719,1431888,V,546,480,-1
1788814528.4719,1431896,V,546,480,-1
1788814528.4719,1431904,V,547,481,-1
1788814528.4719,1431912,V,548,482,-1
1788814528.5207,1431925,V,547,481,15079
1788814528.5207,1431933,V,547,481,-1
1788814528.5207,1431941,V,547,481,-1
1788814528.5207,1431949,V,547,481,-1
1788814528.5207,1431957,V,546,480,-1
1788814528.5207,1431965,V,547,481,-1
1788814528.5693,1431979,V,547,481,15080
1788814528.5694,1431987,V,546,480,-1
1788814528.5694,1431995,V,546,480,-1
1788814528.5694,1432003,V,546,480,-1
1788814528.5694,1432011,V,547,481,-1
1788814528.5694,1432019,V,547,481,-1
1788814528.6179,1432033,V,546,480,15081
1788814528.6179,1432041,V,548,482,-1
1788814528.6179,1432049,V,547,481,-1
1788814528.6179,1432057,V,548,482,-1
1788814528.6179,1432065,V,545,479,-1
1788814528.6179,1432073,V,545,479,-1
1788814528.6668,1432086,V,545,479,15082
1788814528.6668,1432094,V,546,480,-1
1788814528.6668,1432102,V,545,479,-1
1788814528.6668,1432110,V,546,480,-1
1788814528.6668,1432118,V,545,479,-1
1788814528.6668,1432126,V,546,480,-1
1788814528.7165,1432140,V,545,479,15083
1788814528.7166,1432148,V,545,479,-1
1788814528.7167,1432156,V,552,485,-1
1788814528.7167,1432164,V,545,479,-1
1788814528.7167,1432172,V,545,479,-1
1788814528.7167,1432180,V,545,479,-1
1788814528.7656,1432194,V,545,479,15084
1788814528.7656,1432202,V,546,480,-1
1788814528.7656,1432210,V,547,481,-1
1788814528.7656,1432218,V,546,480,-1
1788814528.7657,1432226,V,546,480,-1
1788814528.7657,1432234,V,546,480,-1
1788814528.8136,1432247,V,545,479,15085
1788814528.8137,1432255,V,547,481,-1
1788814528.8137,1432263,V,545,479,-1
1788814528.8137,1432271,V,546,480,-1
1788814528.8137,1432279,V,546,480,-1
1788814528.8137,1432287,V,546,480,-1
1788814528.8615,1432301,V,547,481,15086
1788814528.8615,1432309,V,545,479,-1
1788814528.8615,1432317,V,545,479,-1
1788814528.8615,1432325,V,545,479,-1
1788814528.8615,1432333,V,545,479,-1
1788814528.8615,1432341,V,547,481,-1
1788814528.9107,1432354,V,567,498,15087
1788814528.9107,1432362,V,546,480,-1
1788814528.9107,1432370,V,545,479,-1
1788814528.9107,1432378,V,547,481,-1
1788814528.9107,1432386,V,546,480,-1
1788814528.9107,1432394,V,546,480,-1
1788814529.0081,1432408,V,545,479,15088
1788814529.0083,1432416,V,546,480,-1
1788814529.0083,1432424,V,546,480,-1
1788814529.0083,1432432,V,546,480,-1
1788814529.0083,1432440,V,547,481,-1
1788814529.0083,1432448,V,546,480,-1
1788814529.0567,1432462,V,545,479,15089
1788814529.0567,1432470,V,546,480,-1
1788814529.0567,1432478,V,545,479,-1
1788814529.0567,1432486,V,546,480,-1
1788814529.0567,1432494,V,546,480,-1
1788814529.0567,1432502,V,546,480,-1
1788814529.1057,1432515,V,545,479,15090
1788814529.1057,1432523,V,546,480,-1
1788814529.1057,1432531,V,545,479,-1
1788814529.1057,1432539,V,546,480,-1
1788814529.1057,1432547,V,546,480,-1
1788814529.1057,1432555,V,546,480,-1
1788814529.1550,1432569,V,546,480,15091
1788814529.1550,1432577,V,547,481,-1
1788814529.1551,1432585,V,546,480,-1
1788814529.1551,1432593,V,545,479,-1
1788814529.1551,1432601,V,546,480,-1
1788814529.1551,1432609,V,546,480,-1
1788814529.2033,1432623,V,545,479,15092
1788814529.2033,1432631,V,545,479,-1
1788814529.2033,1432639,V,545,479,-1
1788814529.2033,1432647,V,546,480,-1
1788814529.2033,1432655,V,547,481,-1
1788814529.2033,1432663,V,546,480,-1
1788814529.2521,1432676,V,547,481,15093
1788814529.2522,1432684,V,545,479,-1
1788814529.2522,1432692,V,551,484,-1
1788814529.2522,1432700,V,546,480,-1
1788814529.2522,1432708,V,545,479,-1
1788814529.2523,1432716,V,545,479,-1
1788814529.3010,1432730,V,546,480,15094
1788814529.3010,1432738,V,546,480,-1
1788814529.3010,1432746,V,545,479,-1
1788814529.3010,1432754,V,546,480,-1
1788814529.3010,1432762,V,546,480,-1
1788814529.3010,1432770,V,545,479,-1
1788814529.3494,1432783,V,547,481,15095
1788814529.3494,1432791,V,549,483,-1
1788814529.3494,1432799,V,545,479,-1
1788814529.3494,1432807,V,548,482,-1
1788814529.3494,1432815,V,546,480,-1
1788814529.3494,1432823,V,547,481,-1
1788814529.3998,1432837,V,547,481,15096
1788814529.3998,1432845,V,545,479,-1
1788814529.3998,1432853,V,547,481,-1
1788814529.3998,1432861,V,547,481,-1
1788814529.3998,1432869,V,547,481,-1
1788814529.3999,1432877,V,547,481,-1
1788814529.4465,1432891,V,566,497,15097
1788814529.4465,1432899,V,546,480,-1
1788814529.4465,1432907,V,547,481,-1
1788814529.4465,1432915,V,546,480,-1
1788814529.4465,1432923,V,547,481,-1
1788814529.4465,1432931,V,546,480,-1
1788814529.5444,1432944,V,546,480,15098
1788814529.5445,1432952,V,546,480,-1
1788814529.5445,1432960,V,546,480,-1
1788814529.5445,1432968,V,546,480,-1
1788814529.5445,1432976,V,545,479,-1
1788814529.5445,1432984,V,546,480,-1
1788814529.5932,1432998,V,546,480,15099
1788814529.5932,1433006,V,546,480,-1
1788814529.5932,1433014,V,546,480,-1
1788814529.5932,1433022,V,545,479,-1
1788814529.5932,1433030,V,546,480,-1
1788814529.5932,1433038,V,545,479,-1
1788814529.6421,1433052,V,545,479,15100
1788814529.6421,1433060,V,546,480,-1
1788814529.6421,1433068,V,546,480,-1
1788814529.6421,1433076,V,546,480,-1
1788814529.6421,1433084,V,545,479,-1
1788814529.6421,1433092,V,545,479,-1
1788814529.6906,1433105,V,544,478,15101
1788814529.6907,1433113,V,547,481,-1
1788814529.6907,1433121,V,548,482,-1
1788814529.6907,1433129,V,546,480,-1
1788814529.6907,1433137,V,546,480,-1
1788814529.6907,1433145,V,546,480,-1
1788814529.7391,1433159,V,546,480,15102
1788814529.7391,1433167,V,547,481,-1
1788814529.7391,1433175,V,547,481,-1
1788814529.7391,1433183,V,547,481,-1
1788814529.7391,1433191,V,546,480,-1
1788814529.7391,1433199,V,546,480,-1
1788814529.7884,1433213,V,546,480,15103
1788814529.7885,1433221,V,546,480,-1
1788814529.7885,1433229,V,553,486,-1
1788814529.7886,1433237,V,547,481,-1
1788814529.7886,1433245,V,547,481,-1
1788814529.7886,1433253,V,547,481,-1
1788814529.8372,1433266,V,547,481,15104
1788814529.8372,1433274,V,546,480,-1
1788814529.8372,1433282,V,547,481,-1
1788814529.8372,1433290,V,547,481,-1
1788814529.8372,1433298,V,546,480,-1
1788814529.8372,1433306,V,546,480,-1
1788814529.8857,1433320,V,547,481,15105
1788814529.8857,1433328,V,550,483,-1
1788814529.8857,1433336,V,547,481,-1
1788814529.8857,1433344,V,547,481,-1
1788814529.8857,1433352,V,547,481,-1
1788814529.8857,1433360,V,546,480,-1
1788814529.9353,1433373,V,547,481,15106
1788814529.9353,1433381,V,546,480,-1
1788814529.9353,1433389,V,546,480,-1
1788814529.9354,1433397,V,546,480,-1
1788814529.9354,1433405,V,547,481,-1
1788814529.9354,1433413,V,546,480,-1
1788814529.9840,1433427,V,563,495,15107
1788814529.9840,1433435,V,545,479,-1
1788814529.9840,1433443,V,546,480,-1
1788814529.9840,1433451,V,545,479,-1
1788814529.9840,1433459,V,545,479,-1
1788814529.9840,1433467,V,545,479,-1
1788814530.0815,1433481,V,546,480,15108
1788814530.0817,1433489,V,546,480,-1
1788814530.0817,1433497,V,545,479,-1
1788814530.0817,1433505,V,546,480,-1
1788814530.0818,1433513,V,546,480,-1
1788814530.0818,1433521,V,546,480,-1
1788814530.1297,1433534,V,546,480,15109
1788814530.1297,1433542,V,546,480,-1
1788814530.1298,1433550,V,546,480,-1
1788814530.1298,1433558,V,545,479,-1
1788814530.1298,1433566,V,546,480,-1
1788814530.1298,1433574,V,545,479,-1
1788814530.1791,1433588,V,546,480,15110
1788814530.1791,1433596,V,546,480,-1
1788814530.1791,1433604,V,546,480,-1
1788814530.1791,1433612,V,546,480,-1
1788814530.1791,1433620,V,546,480,-1
1788814530.1791,1433628,V,546,480,-1
1788814530.2755,1433641,V,546,480,15111
1788814530.2755,1433649,V,546,480,-1
1788814530.2755,1433657,V,545,479,-1
1788814530.2755,1433665,V,547,481,-1
1788814530.2755,1433673,V,547,481,-1
1788814530.2755,1433681,V,547,481,-1
1788814530.2767,1433695,V,547,481,15112
1788814530.2767,1433703,V,546,480,-1
1788814530.2767,1433711,V,547,481,-1
1788814530.2767,1433719,V,547,481,-1
1788814530.2767,1433727,V,546,480,-1
1788814530.2767,1433735,V,548,482,-1
1788814530.3248,1433749,V,547,481,15113
1788814530.3249,1433757,V,548,482,-1
1788814530.3249,1433765,V,552,485,-1
1788814530.3249,1433773,V,547,481,-1
1788814530.3249,1433781,V,547,481,-1
1788814530.3249,1433789,V,548,482,-1
1788814530.3731,1433802,V,548,482,15114
1788814530.3732,1433810,V,546,480,-1
1788814530.3732,1433818,V,547,481,-1
1788814530.3732,1433826,V,547,481,-1
1788814530.3732,1433834,V,547,481,-1
1788814530.3732,1433842,V,548,482,-1
1788814530.4223,1433856,V,547,481,15115
1788814530.4223,1433864,V,549,483,-1
1788814530.4223,1433872,V,547,481,-1
1788814530.4223,1433880,V,546,480,-1
1788814530.4224,1433888,V,547,481,-1
1788814530.4224,1433896,V,547,481,-1
1788814530.4706,1433910,V,546,480,15116
1788814530.4706,1433918,V,547,481,-1
1788814530.4706,1433926,V,546,480,-1
1788814530.4706,1433934,V,546,480,-1
1788814530.4707,1433942,V,546,480,-1
1788814530.4707,1433950,V,545,479,-1
1788814530.5193,1433964,V,554,487,15117
1788814530.5193,1433972,V,547,481,-1
1788814530.5193,1433980,V,547,481,-1
1788814530.5193,1433988,V,546,480,-1
1788814530.5193,1433996,V,547,481,-1
1788814530.5193,1434004,V,546,480,-1
1788814530.6178,1434017,V,547,481,15118
1788814530.6179,1434025,V,547,481,-1
1788814530.6179,1434033,V,547,481,-1
1788814530.6179,1434041,V,547,481,-1
1788814530.6179,1434049,V,547,481,-1
1788814530.6180,1434057,V,547,481,-1
1788814530.6666,1434071,V,547,481,15119
1788814530.6666,1434079,V,547,481,-1
1788814530.6666,1434087,V,548,482,-1
1788814530.6666,1434095,V,547,481,-1
1788814530.6666,1434103,V,548,482,-1
1788814530.6666,1434111,V,547,481,-1
1788814530.7150,1434124,V,547,481,15120
1788814530.7150,1434132,V,547,481,-1
1788814530.7151,1434140,V,547,481,-1
1788814530.7151,1434148,V,548,482,-1
1788814530.7151,1434156,V,548,482,-1
1788814530.7151,1434164,V,547,481,-1
1788814530.7630,1434178,V,547,481,15121
1788814530.7630,1434186,V,547,481,-1
1788814530.7630,1434194,V,547,481,-1
1788814530.7630,1434202,V,547,481,-1
1788814530.7630,1434210,V,548,482,-1
1788814530.7630,1434218,V,546,480,-1
1788814530.8125,1434232,V,549,483,15122
1788814530.8125,1434240,V,547,481,-1
1788814530.8125,1434248,V,547,481,-1
1788814530.8125,1434256,V,547,481,-1
1788814530.8125,1434264,V,547,481,-1
1788814530.8125,1434272,V,546,480,-1
1788814530.8613,1434285,V,548,482,15123
1788814530.8614,1434293,V,546,480,-1
1788814530.8614,1434301,V,554,487,-1
1788814530.8614,1434309,V,547,481,-1
1788814530.8614,1434317,V,547,481,-1
1788814530.8614,1434325,V,546,480,-1
1788814530.9097,1434339,V,546,480,15124
1788814530.9097,1434347,V,546,480,-1
1788814530.9097,1434355,V,545,479,-1
1788814530.9097,1434363,V,545,479,-1
1788814530.9097,1434371,V,546,480,-1
1788814530.9097,1434379,V,546,480,-1
1788814530.9589,1434393,V,545,479,15125
1788814530.9589,1434401,V,554,487,-1
1788814530.9589,1434409,V,546,480,-1
1788814530.9589,1434417,V,546,480,-1
1788814530.9589,1434425,V,546,480,-1
1788814530.9589,1434433,V,546,480,-1
1788814531.0067,1434446,V,546,480,15126
1788814531.0067,1434454,V,546,480,-1
1788814531.0067,1434462,V,547,481,-1
1788814531.0067,1434470,V,546,480,-1
1788814531.0067,1434478,V,546,480,-1
1788814531.0068,1434486,V,547,481,-1
1788814531.0556,1434500,V,547,481,15127
1788814531.0556,1434508,V,546,480,-1
1788814531.0556,1434516,V,547,481,-1
1788814531.0556,1434524,V,548,482,-1
1788814531.0556,1434532,V,547,481,-1
1788814531.0556,1434540,V,547,481,-1
1788814531.1540,1434554,V,547,481,15128
1788814531.1542,1434562,V,546,480,-1
1788814531.1542,1434570,V,546,480,-1
1788814531.1542,1434578,V,547,481,-1
1788814531.1542,1434586,V,547,481,-1
1788814531.1542,1434594,V,547,481,-1
1788814531.2023,1434607,V,547,481,15129
1788814531.2024,1434615,V,547,481,-1
1788814531.2024,1434623,V,547,481,-1
1788814531.2024,1434631,V,547,481,-1
1788814531.2024,1434639,V,547,481,-1
1788814531.2024,1434647,V,548,482,-1
1788814531.2505,1434661,V,548,482,15130
1788814531.2505,1434669,V,547,481,-1
1788814531.2505,1434677,V,547,481,-1
1788814531.2505,1434685,V,548,482,-1
1788814531.2505,1434693,V,547,481,-1
1788814531.2505,1434701,V,548,482,-1
1788814531.2994,1434715,V,548,482,15131
1788814531.2994,1434723,V,547,481,-1
1788814531.2994,1434731,V,548,482,-1
1788814531.2994,1434739,V,553,486,-1
1788814531.2994,1434747,V,547,481,-1
1788814531.2994,1434755,V,548,482,-1
1788814531.3491,1434768,V,547,481,15132
1788814531.3491,1434776,V,547,481,-1
1788814531.3491,1434784,V,546,480,-1
1788814531.3491,1434792,V,546,480,-1
1788814531.3491,1434800,V,547,481,-1
1788814531.3491,1434808,V,546,480,-1
1788814531.3984,1434822,V,546,480,15133
1788814531.3985,1434830,V,546,480,-1
1788814531.3985,1434838,V,547,481,-1
1788814531.3985,1434846,V,546,480,-1
1788814531.3985,1434854,V,546,480,-1
1788814531.3985,1434862,V,547,481,-1
1788814531.4460,1434876,V,546,480,15134
1788814531.4460,1434884,V,546,480,-1
1788814531.4460,1434892,V,546,480,-1
1788814531.4460,1434900,V,545,479,-1
1788814531.4460,1434908,V,546,480,-1
1788814531.4460,1434916,V,546,480,-1
1788814531.4945,1434929,V,546,480,15135
1788814531.4945,1434937,V,566,497,-1
1788814531.4945,1434945,V,546,480,-1
1788814531.4945,1434953,V,546,480,-1
1788814531.4945,1434961,V,547,481,-1
1788814531.4945,1434969,V,547,481,-1
1788814531.5442,1434983,V,546,480,15136
1788814531.5443,1434991,V,546,480,-1
1788814531.5443,1434999,V,546,480,-1
1788814531.5443,1435007,V,547,481,-1
1788814531.5443,1435015,V,545,479,-1
1788814531.5443,1435023,V,546,480,-1
1788814531.5918,1435036,V,546,480,15137
1788814531.5918,1435044,V,545,479,-1
1788814531.5918,1435052,V,546,480,-1
1788814531.5918,1435060,V,546,480,-1
1788814531.5918,1435068,V,545,479,-1
1788814531.5918,1435076,V,546,480,-1
1788814531.6896,1435090,V,546,480,15138
1788814531.6897,1435098,V,545,479,-1
1788814531.6898,1435106,V,546,480,-1
1788814531.6898,1435114,V,547,481,-1
1788814531.6898,1435122,V,546,480,-1
1788814531.6898,1435130,V,546,480,-1
1788814531.7384,1435144,V,546,480,15139
1788814531.7385,1435152,V,546,480,-1
1788814531.7385,1435160,V,546,480,-1
1788814531.7385,1435168,V,545,479,-1
1788814531.7385,1435176,V,547,481,-1
1788814531.7385,1435184,V,547,481,-1
1788814531.7872,1435197,V,547,481,15140
1788814531.7872,1435205,V,547,481,-1
1788814531.7872,1435213,V,547,481,-1
1788814531.7872,1435221,V,547,481,-1
1788814531.7872,1435229,V,547,481,-1
1788814531.7872,1435237,V,547,481,-1
1788814531.8354,1435251,V,546,480,15141
1788814531.8354,1435259,V,546,480,-1
1788814531.8354,1435267,V,546,480,-1
1788814531.8354,1435275,V,552,485,-1
1788814531.8355,1435283,V,546,480,-1
1788814531.8355,1435291,V,546,480,-1
1788814531.8843,1435305,V,545,479,15142
1788814531.8844,1435313,V,546,480,-1
1788814531.8844,1435321,V,545,479,-1
1788814531.8844,1435329,V,546,480,-1
1788814531.8844,1435337,V,546,480,-1
1788814531.8844,1435345,V,546,480,-1
1788814531.9335,1435358,V,546,480,15143
1788814531.9336,1435366,V,546,480,-1
1788814531.9336,1435374,V,548,482,-1
1788814531.9336,1435382,V,545,479,-1
1788814531.9336,1435390,V,547,481,-1
1788814531.9336,1435398,V,548,482,-1
1788814531.9822,1435412,V,547,481,15144
1788814531.9823,1435420,V,546,480,-1
1788814531.9823,1435428,V,547,481,-1
1788814531.9823,1435436,V,546,480,-1
1788814531.9823,1435444,V,546,480,-1
1788814531.9823,1435452,V,547,481,-1
1788814532.0307,1435466,V,547,481,15145
1788814532.0307,1435474,V,566,497,-1
1788814532.0308,1435482,V,547,481,-1
1788814532.0308,1435490,V,547,481,-1
1788814532.0308,1435498,V,545,479,-1
1788814532.0308,1435506,V,546,480,-1
1788814532.0794,1435519,V,546,480,15146
1788814532.0794,1435527,V,546,480,-1
1788814532.0794,1435535,V,546,480,-1
1788814532.0794,1435543,V,547,481,-1
1788814532.0794,1435551,V,547,481,-1
1788814532.0794,1435559,V,547,481,-1
1788814532.1280,1435573,V,547,481,15147
1788814532.1280,1435581,V,546,480,-1
1788814532.1280,1435589,V,546,480,-1
1788814532.1280,1435597,V,547,481,-1
1788814532.1280,1435605,V,547,481,-1
1788814532.1280,1435613,V,547,481,-1
1788814532.2260,1435626,V,547,481,15148
1788814532.2262,1435634,V,547,481,-1
1788814532.2262,1435642,V,546,480,-1
1788814532.2262,1435650,V,546,480,-1
1788814532.2262,1435658,V,546,480,-1
1788814532.2262,1435666,V,545,479,-1
1788814532.2747,1435680,V,546,480,15149
1788814532.2747,1435688,V,547,481,-1
1788814532.2747,1435696,V,545,479,-1
1788814532.2747,1435704,V,545,479,-1
1788814532.2747,1435712,V,545,479,-1
1788814532.2748,1435720,V,545,479,-1
1788814532.3724,1435734,V,547,481,15150
1788814532.3724,1435742,V,545,479,-1
1788814532.3724,1435750,V,544,478,-1
1788814532.3724,1435758,V,546,480,-1
1788814532.3724,1435766,V,546,480,-1
1788814532.3724,1435774,V,546,480,-1
1788814532.3741,1435787,V,546,480,15151
1788814532.3741,1435795,V,545,479,-1
1788814532.3742,1435803,V,545,479,-1
1788814532.3742,1435811,V,552,485,-1
1788814532.3742,1435819,V,546,480,-1
1788814532.3742,1435827,V,546,480,-1
1788814532.4219,1435841,V,546,480,15152
1788814532.4219,1435849,V,547,481,-1
1788814532.4219,1435857,V,546,480,-1
1788814532.4219,1435865,V,547,481,-1
1788814532.4219,1435873,V,546,480,-1
1788814532.4219,1435881,V,547,481,-1
1788814532.4694,1435895,V,546,480,15153
1788814532.4695,1435903,V,547,481,-1
1788814532.4695,1435911,V,547,481,-1
1788814532.4695,1435919,V,545,479,-1
1788814532.4695,1435927,V,547,481,-1
1788814532.4695,1435935,V,547,481,-1
1788814532.5185,1435948,V,547,481,15154
1788814532.5185,1435956,V,547,481,-1
1788814532.5185,1435964,V,546,480,-1
1788814532.5186,1435972,V,547,481,-1
1788814532.5186,1435980,V,546,480,-1
1788814532.5186,1435988,V,546,480,-1
1788814532.5670,1436002,V,549,483,15155
1788814532.5670,1436010,V,567,498,-1
1788814532.5670,1436018,V,547,481,-1
1788814532.5670,1436026,V,546,480,-1
1788814532.5670,1436034,V,547,481,-1
1788814532.5670,1436042,V,547,481,-1
1788814532.6156,1436055,V,547,481,15156
1788814532.6156,1436063,V,546,480,-1
1788814532.6157,1436071,V,548,482,-1
1788814532.6157,1436079,V,546,480,-1
1788814532.6157,1436087,V,547,481,-1
1788814532.6157,1436095,V,546,480,-1
1788814532.6653,1436109,V,546,480,15157
1788814532.6653,1436117,V,546,480,-1
1788814532.6653,1436125,V,547,481,-1
1788814532.6653,1436133,V,547,481,-1
1788814532.6653,1436141,V,548,482,-1
1788814532.6653,1436149,V,547,481,-1
1788814532.7617,1436163,V,546,480,15158
1788814532.7618,1436171,V,547,481,-1
1788814532.7618,1436179,V,546,480,-1
1788814532.7618,1436187,V,546,480,-1
1788814532.7618,1436195,V,546,480,-1
1788814532.7618,1436203,V,545,479,-1
1788814532.8111,1436216,V,546,480,15159
1788814532.8111,1436224,V,546,480,-1
1788814532.8111,1436232,V,545,479,-1
1788814532.8111,1436240,V,545,479,-1
1788814532.8111,1436248,V,545,479,-1
1788814532.8111,1436256,V,545,479,-1
1788814532.8595,1436270,V,545,479,15160
1788814532.8596,1436278,V,544,478,-1
1788814532.8596,1436286,V,545,479,-1
1788814532.8596,1436294,V,545,479,-1
1788814532.8596,1436302,V,547,481,-1
1788814532.8596,1436310,V,548,482,-1
1788814532.9083,1436323,V,546,480,15161
1788814532.9083,1436331,V,546,480,-1
1788814532.9083,1436339,V,546,480,-1
1788814532.9083,1436347,V,550,483,-1
1788814532.9083,1436355,V,546,480,-1
1788814532.9083,1436363,V,546,480,-1
1788814532.9568,1436377,V,547,481,15162
1788814532.9569,1436385,V,546,480,-1
1788814532.9569,1436393,V,546,480,-1
1788814532.9569,1436401,V,546,480,-1
1788814532.9569,1436409,V,547,481,-1
1788814532.9569,1436417,V,548,482,-1
1788814533.0058,1436431,V,547,481,15163
1788814533.0060,1436439,V,547,481,-1
1788814533.0060,1436447,V,549,483,-1
1788814533.0060,1436455,V,547,481,-1
1788814533.0060,1436463,V,547,481,-1
1788814533.0060,1436471,V,547,481,-1
1788814533.0549,1436484,V,547,481,15164
1788814533.0550,1436492,V,547,481,-1
1788814533.0550,1436500,V,546,480,-1
1788814533.0550,1436508,V,547,481,-1
1788814533.0550,1436516,V,547,481,-1
1788814533.0550,1436524,V,547,481,-1
1788814533.1032,1436538,V,548,482,15165
1788814533.1032,1436546,V,567,498,-1
1788814533.1032,1436554,V,547,481,-1
1788814533.1032,1436562,V,548,482,-1
1788814533.1032,1436570,V,546,480,-1
1788814533.1032,1436578,V,547,481,-1
1788814533.1519,1436592,V,547,481,15166
1788814533.1519,1436600,V,548,482,-1
1788814533.1519,1436608,V,546,480,-1
1788814533.1520,1436616,V,547,481,-1
1788814533.1520,1436624,V,547,481,-1
1788814533.1520,1436632,V,547,481,-1
1788814533.2007,1436645,V,547,481,15167
1788814533.2008,1436653,V,546,480,-1
1788814533.2008,1436661,V,546,480,-1
1788814533.2008,1436669,V,546,480,-1
1788814533.2008,1436677,V,545,479,-1
1788814533.2008,1436685,V,546,480,-1
1788814533.2985,1436699,V,547,481,15168
1788814533.2986,1436707,V,547,481,-1
1788814533.2986,1436715,V,547,481,-1
1788814533.2986,1436723,V,547,481,-1
1788814533.2986,1436731,V,547,481,-1
1788814533.2986,1436739,V,547,481,-1
1788814533.3471,1436752,V,545,479,15169
1788814533.3471,1436760,V,546,480,-1
1788814533.3471,1436768,V,548,482,-1
1788814533.3471,1436776,V,546,480,-1
1788814533.3472,1436784,V,546,480,-1
1788814533.3472,1436792,V,547,481,-1
1788814533.3972,1436806,V,545,479,15170
1788814533.3972,1436814,V,545,479,-1
1788814533.3972,1436822,V,546,480,-1
1788814533.3972,1436830,V,546,480,-1
1788814533.3972,1436838,V,546,480,-1
1788814533.3972,1436846,V,546,480,-1
1788814533.4453,1436860,V,546,480,15171
1788814533.4453,1436868,V,546,480,-1
1788814533.4453,1436876,V,546,480,-1
1788814533.4453,1436884,V,551,484,-1
1788814533.4453,1436892,V,546,480,-1
1788814533.4453,1436900,V,547,481,-1
1788814533.4933,1436913,V,546,480,15172
1788814533.4933,1436921,V,547,481,-1
1788814533.4933,1436929,V,546,480,-1
1788814533.4933,1436937,V,547,481,-1
1788814533.4933,1436945,V,546,480,-1
1788814533.4933,1436953,V,546,480,-1
1788814533.5419,1436967,V,547,481,15173
1788814533.5420,1436975,V,547,481,-1
1788814533.5420,1436983,V,550,483,-1
1788814533.5421,1436991,V,547,481,-1
1788814533.5421,1436999,V,547,481,-1
1788814533.5421,1437007,V,547,481,-1
1788814533.5912,1437021,V,548,482,15174
1788814533.5912,1437029,V,547,481,-1
1788814533.5912,1437037,V,547,481,-1
1788814533.5912,1437045,V,548,482,-1
1788814533.5912,1437053,V,546,480,-1
1788814533.5912,1437061,V,547,481,-1
1788814533.6400,1437074,V,546,480,15175
1788814533.6401,1437082,V,564,496,-1
1788814533.6401,1437090,V,546,480,-1
1788814533.6401,1437098,V,546,480,-1
1788814533.6401,1437106,V,546,480,-1
1788814533.6401,1437114,V,547,481,-1
1788814533.6887,1437128,V,547,481,15176
1788814533.6887,1437136,V,546,480,-1
1788814533.6887,1437144,V,546,480,-1
1788814533.6887,1437152,V,547,481,-1
1788814533.6887,1437160,V,546,480,-1
1788814533.6887,1437168,V,546,480,-1
1788814533.7378,1437181,V,548,482,15177
1788814533.7378,1437189,V,545,479,-1
1788814533.7378,1437197,V,546,480,-1
1788814533.7378,1437205,V,546,480,-1
1788814533.7378,1437213,V,546,480,-1
1788814533.7378,1437221,V,545,479,-1
1788814533.8353,1437235,V,546,480,15178
1788814533.8354,1437243,V,547,481,-1
1788814533.8354,1437251,V,546,480,-1
1788814533.8355,1437259,V,546,480,-1
1788814533.8355,1437267,V,546,480,-1
1788814533.8355,1437275,V,546,480,-1
1788814533.8837,1437289,V,546,480,15179
1788814533.8837,1437297,V,546,480,-1
1788814533.8837,1437305,V,547,481,-1
1788814533.8837,1437313,V,546,480,-1
1788814533.8837,1437321,V,546,480,-1
1788814533.8837,1437329,V,546,480,-1
1788814533.9316,1437342,V,546,480,15180
1788814533.9316,1437350,V,546,480,-1
1788814533.9316,1437358,V,547,481,-1
1788814533.9316,1437366,V,547,481,-1
1788814533.9316,1437374,V,547,481,-1
1788814533.9316,1437382,V,547,481,-1
1788814533.9816,1437396,V,546,480,15181
1788814533.9816,1437404,V,547,481,-1
1788814533.9816,1437412,V,546,480,-1
1788814533.9816,1437420,V,550,483,-1
1788814533.9816,1437428,V,546,480,-1
1788814533.9816,1437436,V,547,481,-1
1788814534.0294,1437449,V,547,481,15182
1788814534.0295,1437457,V,546,480,-1
1788814534.0295,1437465,V,547,481,-1
1788814534.0295,1437473,V,548,482,-1
1788814534.0295,1437481,V,547,481,-1
1788814534.0295,1437489,V,546,480,-1
1788814534.0782,1437503,V,547,481,15183
1788814534.0784,1437511,V,547,481,-1
1788814534.0784,1437519,V,548,482,-1
1788814534.0784,1437527,V,546,480,-1
1788814534.0784,1437535,V,547,481,-1
1788814534.0784,1437543,V,546,480,-1
1788814534.1275,1437557,V,545,479,15184
1788814534.1275,1437565,V,546,480,-1
1788814534.1275,1437573,V,546,480,-1
1788814534.1275,1437581,V,546,480,-1
1788814534.1275,1437589,V,547,481,-1
1788814534.1275,1437597,V,546,480,-1
1788814534.1759,1437610,V,546,480,15185
1788814534.1760,1437618,V,566,497,-1
1788814534.1760,1437626,V,546,480,-1
1788814534.1760,1437634,V,547,481,-1
1788814534.1760,1437642,V,546,480,-1
1788814534.1760,1437650,V,548,482,-1
1788814534.2242,1437664,V,547,481,15186
1788814534.2242,1437672,V,546,480,-1
1788814534.2242,1437680,V,546,480,-1
1788814534.2243,1437688,V,546,480,-1
1788814534.2243,1437696,V,547,481,-1
1788814534.2243,1437704,V,547,481,-1
1788814534.2732,1437718,V,548,482,15187
1788814534.2732,1437726,V,547,481,-1
1788814534.2732,1437734,V,546,480,-1
1788814534.2732,1437742,V,546,480,-1
1788814534.2732,1437750,V,547,481,-1
1788814534.2732,1437758,V,547,481,-1
1788814534.3712,1437771,V,546,480,15188
1788814534.3713,1437779,V,546,480,-1
1788814534.3713,1437787,V,548,482,-1
1788814534.3713,1437795,V,546,480,-1
1788814534.3713,1437803,V,547,481,-1
1788814534.3714,1437811,V,546,480,-1
1788814534.4685,1437825,V,547,481,15189
1788814534.4685,1437833,V,548,482,-1
1788814534.4685,1437841,V,546,480,-1
1788814534.4686,1437849,V,546,480,-1
1788814534.4686,1437857,V,547,481,-1
1788814534.4686,1437865,V,546,480,-1
1788814534.4698,1437879,V,546,480,15190
1788814534.4698,1437887,V,547,481,-1
1788814534.4698,1437895,V,546,480,-1
1788814534.4698,1437903,V,546,480,-1
1788814534.4698,1437911,V,546,480,-1
1788814534.4698,1437919,V,546,480,-1
1788814534.5175,1437932,V,546,480,15191
1788814534.5176,1437940,V,546,480,-1
1788814534.5176,1437948,V,547,481,-1
1788814534.5176,1437956,V,551,484,-1
1788814534.5176,1437964,V,547,481,-1
1788814534.5176,1437972,V,546,480,-1
1788814534.5656,1437986,V,547,481,15192
1788814534.5657,1437994,V,547,481,-1
1788814534.5657,1438002,V,546,480,-1
1788814534.5657,1438010,V,546,480,-1
1788814534.5657,1438018,V,547,481,-1
1788814534.5657,1438026,V,546,480,-1
1788814534.6145,1438039,V,547,481,15193
1788814534.6146,1438047,V,546,480,-1
1788814534.6146,1438055,V,548,482,-1
1788814534.6146,1438063,V,546,480,-1
1788814534.6146,1438071,V,546,480,-1
1788814534.6146,1438079,V,546,480,-1
1788814534.6647,1438093,V,547,481,15194
1788814534.6647,1438101,V,546,480,-1
1788814534.6647,1438109,V,547,481,-1
1788814534.6647,1438117,V,546,480,-1
1788814534.6647,1438125,V,548,482,-1
1788814534.6647,1438133,V,547,481,-1
1788814534.7130,1438147,V,547,481,15195
1788814534.7131,1438155,V,567,498,-1
1788814534.7131,1438163,V,546,480,-1
1788814534.7131,1438171,V,546,480,-1
1788814534.7131,1438179,V,546,480,-1
1788814534.7131,1438187,V,547,481,-1
1788814534.7616,1438200,V,546,480,15196
1788814534.7616,1438208,V,546,480,-1
1788814534.7616,1438216,V,547,481,-1
1788814534.7616,1438224,V,546,480,-1
1788814534.7616,1438232,V,547,481,-1
1788814534.7617,1438240,V,548,482,-1
1788814534.8107,1438254,V,549,483,15197
1788814534.8107,1438262,V,547,481,-1
1788814534.8107,1438270,V,547,481,-1
1788814534.8107,1438278,V,548,482,-1
1788814534.8107,1438286,V,548,482,-1
1788814534.8107,1438294,V,547,481,-1
1788814534.9072,1438308,V,547,481,15198
1788814534.9074,1438316,V,548,482,-1
1788814534.9074,1438324,V,547,481,-1
1788814534.9074,1438332,V,548,482,-1
1788814534.9074,1438340,V,547,481,-1
1788814534.9074,1438348,V,548,482,-1
1788814534.9563,1438361,V,548,482,15199
1788814534.9563,1438369,V,548,482,-1
1788814534.9563,1438377,V,547,481,-1
1788814534.9563,1438385,V,547,481,-1
1788814534.9563,1438393,V,547,481,-1
1788814534.9563,1438401,V,547,481,-1
1788814535.0047,1438415,V,548,482,15200
1788814535.0047,1438423,V,546,480,-1
1788814535.0047,1438431,V,546,480,-1
1788814535.0047,1438439,V,547,481,-1
1788814535.0047,1438447,V,545,479,-1
1788814535.0047,1438455,V,545,479,-1
1788814535.0533,1438468,V,547,481,15201
1788814535.0533,1438476,V,546,480,-1
1788814535.0533,1438484,V,547,481,-1
1788814535.0533,1438492,V,549,483,-1
1788814535.0533,1438500,V,546,480,-1
1788814535.0533,1438508,V,546,480,-1
1788814535.1021,1438522,V,546,480,15202
1788814535.1021,1438530,V,546,480,-1
1788814535.1021,1438538,V,546,480,-1
1788814535.1021,1438546,V,546,480,-1
1788814535.1021,1438554,V,546,480,-1
1788814535.1022,1438562,V,547,481,-1
1788814535.1998,1438576,V,545,479,15203
1788814535.1999,1438584,V,546,480,-1
1788814535.1999,1438592,V,547,481,-1
1788814535.1999,1438600,V,546,480,-1
1788814535.1999,1438608,V,546,480,-1
1788814535.1999,1438616,V,545,479,-1
1788814535.2008,1438629,V,546,480,15204
1788814535.2008,1438637,V,546,480,-1
1788814535.2008,1438645,V,544,478,-1
1788814535.2008,1438653,V,546,480,-1
1788814535.2008,1438661,V,546,480,-1
1788814535.2009,1438669,V,547,481,-1
1788814535.2486,1438683,V,546,480,15205
1788814535.2486,1438691,V,563,495,-1
1788814535.2486,1438699,V,546,480,-1
1788814535.2486,1438707,V,546,480,-1
1788814535.2486,1438715,V,546,480,-1
1788814535.2487,1438723,V,547,481,-1
1788814535.2970,1438737,V,547,481,15206
1788814535.2971,1438745,V,547,481,-1
1788814535.2971,1438753,V,546,480,-1
1788814535.2971,1438761,V,547,481,-1
1788814535.2971,1438769,V,547,481,-1
1788814535.2971,1438777,V,547,481,-1
1788814535.3457,1438790,V,549,483,15207
1788814535.3457,1438798,V,548,482,-1
1788814535.3457,1438806,V,547,481,-1
1788814535.3457,1438814,V,547,481,-1
1788814535.3458,1438822,V,547,481,-1
1788814535.3458,1438830,V,547,481,-1
1788814535.4430,1438844,V,547,481,15208
1788814535.4431,1438852,V,546,480,-1
1788814535.4433,1438860,V,546,480,-1
1788814535.4434,1438868,V,547,481,-1
1788814535.4434,1438876,V,546,480,-1
1788814535.4434,1438884,V,546,480,-1
1788814535.4923,1438897,V,546,480,15209
1788814535.4923,1438905,V,546,480,-1
1788814535.4924,1438913,V,547,481,-1
1788814535.4924,1438921,V,546,480,-1
1788814535.4924,1438929,V,546,480,-1
1788814535.4924,1438937,V,547,481,-1
1788814535.5420,1438951,V,546,480,15210
1788814535.5420,1438959,V,546,480,-1
1788814535.5420,1438967,V,547,481,-1
1788814535.5420,1438975,V,547,481,-1
1788814535.5420,1438983,V,546,480,-1
1788814535.5420,1438991,V,546,480,-1
1788814535.5894,1439005,V,546,480,15211
1788814535.5895,1439013,V,546,480,-1
1788814535.5895,1439021,V,547,481,-1
1788814535.5895,1439029,V,547,481,-1
1788814535.5895,1439037,V,546,480,-1
1788814535.5895,1439045,V,546,480,-1
1788814535.6382,1439058,V,546,480,15212
1788814535.6382,1439066,V,546,480,-1
1788814535.6382,1439074,V,546,480,-1
1788814535.6383,1439082,V,547,481,-1
1788814535.6383,1439090,V,546,480,-1
1788814535.6383,1439098,V,546,480,-1
1788814535.6870,1439112,V,546,480,15213
1788814535.6870,1439120,V,546,480,-1
1788814535.6870,1439128,V,551,484,-1
1788814535.6871,1439136,V,546,480,-1
1788814535.6871,1439144,V,546,480,-1
1788814535.6871,1439152,V,546,480,-1
1788814535.7382,1439165,V,546,480,15214
1788814535.7382,1439173,V,546,480,-1
1788814535.7382,1439181,V,546,480,-1
1788814535.7382,1439189,V,546,480,-1
1788814535.7382,1439197,V,545,479,-1
1788814535.7382,1439205,V,546,480,-1
1788814535.7851,1439219,V,545,479,15215
1788814535.7851,1439227,V,557,490,-1
1788814535.7851,1439235,V,546,480,-1
1788814535.7851,1439243,V,545,479,-1
1788814535.7851,1439251,V,546,480,-1
1788814535.7851,1439259,V,546,480,-1
1788814535.8339,1439273,V,546,480,15216
1788814535.8339,1439281,V,545,479,-1
1788814535.8339,1439289,V,546,480,-1
1788814535.8339,1439297,V,547,481,-1
1788814535.8339,1439305,V,547,481,-1
1788814535.8339,1439313,V,547,481,-1
1788814535.8830,1439326,V,548,482,15217
1788814535.8830,1439334,V,545,479,-1
1788814535.8830,1439342,V,544,478,-1
1788814535.8830,1439350,V,545,479,-1
1788814535.8830,1439358,V,545,479,-1
1788814535.8830,1439366,V,546,480,-1
1788814535.9797,1439380,V,546,480,15218
1788814535.9798,1439388,V,546,480,-1
1788814535.9799,1439396,V,546,480,-1
1788814535.9799,1439404,V,546,480,-1
1788814535.9799,1439412,V,546,480,-1
1788814535.9799,1439420,V,546,480,-1
1788814536.0284,1439434,V,546,480,15219
1788814536.0284,1439442,V,547,481,-1
1788814536.0284,1439450,V,545,479,-1
1788814536.0284,1439458,V,546,480,-1
1788814536.0284,1439466,V,546,480,-1
1788814536.0284,1439474,V,546,480,-1
1788814536.0780,1439487,V,546,480,15220
1788814536.0780,1439495,V,546,480,-1
1788814536.0780,1439503,V,546,480,-1
1788814536.0780,1439511,V,546,480,-1
1788814536.0780,1439519,V,546,480,-1
1788814536.0780,1439527,V,546,480,-1
1788814536.1271,1439541,V,547,481,15221
1788814536.1272,1439549,V,546,480,-1
1788814536.1272,1439557,V,546,480,-1
1788814536.1272,1439565,V,550,483,-1
1788814536.1272,1439573,V,546,480,-1
1788814536.1272,1439581,V,547,481,-1
1788814536.2724,1439595,V,548,482,15222
1788814536.2726,1439603,V,546,480,-1
1788814536.2726,1439611,V,546,480,-1
1788814536.2726,1439619,V,546,480,-1
1788814536.2726,1439627,V,546,480,-1
1788814536.2726,1439635,V,546,480,-1
1788814536.2734,1439648,V,547,481,15223
1788814536.2734,1439656,V,547,481,-1
1788814536.2734,1439664,V,548,482,-1
1788814536.2734,1439672,V,547,481,-1
1788814536.2735,1439680,V,547,481,-1
1788814536.2735,1439688,V,547,481,-1
1788814536.2737,1439702,V,547,481,15224
1788814536.2737,1439710,V,546,480,-1
1788814536.2737,1439718,V,547,481,-1
1788814536.2737,1439726,V,546,480,-1
1788814536.2738,1439734,V,547,481,-1
1788814536.2738,1439742,V,547,481,-1
1788814536.3218,1439756,V,546,480,15225
1788814536.3218,1439764,V,563,495,-1
1788814536.3218,1439772,V,546,480,-1
1788814536.3218,1439780,V,546,480,-1
1788814536.3218,1439788,V,547,481,-1
1788814536.3218,1439796,V,546,480,-1
1788814536.3706,1439809,V,546,480,15226
1788814536.3706,1439817,V,547,481,-1
1788814536.3706,1439825,V,546,480,-1
1788814536.3706,1439833,V,546,480,-1
1788814536.3706,1439841,V,546,480,-1
1788814536.3706,1439849,V,546,480,-1
1788814536.4205,1439863,V,546,480,15227
1788814536.4206,1439871,V,546,480,-1
1788814536.4206,1439879,V,545,479,-1
1788814536.4206,1439887,V,545,479,-1
1788814536.4206,1439895,V,546,480,-1
1788814536.4206,1439903,V,546,480,-1
1788814536.5646,1439917,V,546,480,15228
1788814536.5647,1439925,V,546,480,-1
1788814536.5647,1439933,V,546,480,-1
1788814536.5647,1439941,V,546,480,-1
1788814536.5647,1439949,V,546,480,-1
1788814536.5647,1439957,V,546,480,-1
1788814536.5658,1439970,V,547,481,15229
1788814536.5658,1439978,V,547,481,-1
1788814536.5658,1439986,V,546,480,-1
1788814536.5658,1439994,V,546,480,-1
1788814536.5658,1440002,V,546,480,-1
1788814536.5659,1440010,V,548,482,-1
1788814536.6148,1440024,V,547,481,15230
1788814536.6148,1440032,V,547,481,-1
1788814536.6148,1440040,V,547,481,-1
1788814536.6148,1440048,V,547,481,-1
1788814536.6148,1440056,V,548,482,-1
1788814536.6148,1440064,V,546,480,-1
1788814536.6616,1440078,V,547,481,15231
1788814536.6616,1440086,V,547,481,-1
1788814536.6616,1440094,V,546,480,-1
1788814536.6616,1440102,V,552,485,-1
1788814536.6617,1440110,V,546,480,-1
1788814536.6617,1440118,V,547,481,-1
1788814536.7106,1440131,V,548,482,15232
1788814536.7107,1440139,V,547,481,-1
1788814536.7107,1440147,V,547,481,-1
1788814536.7107,1440155,V,548,482,-1
1788814536.7107,1440163,V,546,480,-1
1788814536.7107,1440171,V,547,481,-1
1788814536.7603,1440185,V,547,481,15233
1788814536.7603,1440193,V,546,480,-1
1788814536.7603,1440201,V,553,486,-1
1788814536.7603,1440209,V,546,480,-1
1788814536.7603,1440217,V,546,480,-1
1788814536.7603,1440225,V,547,481,-1
1788814536.8091,1440239,V,547,481,15234
1788814536.8092,1440247,V,546,480,-1
1788814536.8092,1440255,V,544,478,-1
1788814536.8092,1440263,V,544,478,-1
1788814536.8092,1440271,V,545,479,-1
1788814536.8092,1440279,V,545,479,-1
1788814536.8581,1440293,V,544,478,15235
1788814536.8582,1440301,V,547,481,-1
1788814536.8582,1440309,V,547,481,-1
1788814536.8582,1440317,V,547,481,-1
1788814536.8582,1440325,V,546,480,-1
1788814536.8582,1440333,V,546,480,-1
1788814536.9075,1440346,V,546,480,15236
1788814536.9075,1440354,V,545,479,-1
1788814536.9075,1440362,V,546,480,-1
1788814536.9075,1440370,V,544,478,-1
1788814536.9075,1440378,V,546,480,-1
1788814536.9075,1440386,V,545,479,-1
1788814536.9565,1440400,V,546,480,15237
1788814536.9565,1440408,V,546,480,-1
1788814536.9565,1440416,V,546,480,-1
1788814536.9565,1440424,V,547,481,-1
1788814536.9565,1440432,V,546,480,-1
1788814536.9565,1440440,V,546,480,-1
1788814537.0523,1440453,V,548,482,15238
1788814537.0525,1440461,V,546,480,-1
1788814537.0525,1440469,V,547,481,-1
1788814537.0525,1440477,V,547,481,-1
1788814537.0525,1440485,V,546,480,-1
1788814537.0525,1440493,V,547,481,-1
1788814537.1011,1440507,V,546,480,15239
1788814537.1011,1440515,V,546,480,-1
1788814537.1011,1440523,V,546,480,-1
1788814537.1011,1440531,V,546,480,-1
1788814537.1011,1440539,V,551,484,-1
1788814537.1011,1440547,V,546,480,-1
1788814537.1498,1440561,V,547,481,15240
1788814537.1498,1440569,V,548,482,-1
1788814537.1498,1440577,V,547,481,-1
1788814537.1499,1440585,V,548,482,-1
1788814537.1499,1440593,V,548,482,-1
1788814537.1499,1440601,V,547,481,-1
1788814537.2470,1440614,V,547,481,15241
1788814537.2470,1440622,V,547,481,-1
1788814537.2470,1440630,V,547,481,-1
1788814537.2470,1440638,V,552,485,-1
1788814537.2471,1440646,V,548,482,-1
1788814537.2471,1440654,V,548,482,-1
1788814537.2481,1440668,V,547,481,15242
1788814537.2481,1440676,V,547,481,-1
1788814537.2482,1440684,V,548,482,-1
1788814537.2482,1440692,V,547,481,-1
1788814537.2482,1440700,V,546,480,-1
1788814537.2482,1440708,V,547,481,-1
1788814537.2956,1440722,V,547,481,15243
1788814537.2956,1440730,V,547,481,-1
1788814537.2956,1440738,V,560,492,-1
1788814537.2956,1440746,V,546,480,-1
1788814537.2956,1440754,V,546,480,-1
1788814537.2956,1440762,V,547,481,-1
1788814537.3448,1440775,V,546,480,15244
1788814537.3448,1440783,V,545,479,-1
1788814537.3448,1440791,V,546,480,-1
1788814537.3448,1440799,V,545,479,-1
1788814537.3448,1440807,V,545,479,-1
1788814537.3448,1440815,V,546,480,-1
1788814537.3932,1440829,V,546,480,15245
1788814537.3932,1440837,V,548,482,-1
1788814537.3932,1440845,V,547,481,-1
1788814537.3932,1440853,V,546,480,-1
1788814537.3932,1440861,V,546,480,-1
1788814537.3932,1440869,V,547,481,-1
1788814537.4441,1440882,V,546,480,15246
1788814537.4441,1440890,V,546,480,-1
1788814537.4441,1440898,V,546,480,-1
1788814537.4441,1440906,V,546,480,-1
1788814537.4442,1440914,V,546,480,-1
1788814537.4442,1440922,V,545,479,-1
1788814537.4910,1440936,V,546,480,15247
1788814537.4910,1440944,V,545,479,-1
1788814537.4910,1440952,V,546,480,-1
1788814537.4910,1440960,V,546,480,-1
1788814537.4910,1440968,V,546,480,-1
1788814537.4910,1440976,V,547,481,-1
1788814537.5885,1440990,V,546,480,15248
1788814537.5886,1440998,V,547,481,-1
1788814537.5886,1441006,V,546,480,-1
1788814537.5887,1441014,V,548,482,-1
1788814537.5887,1441022,V,547,481,-1
1788814537.5887,1441030,V,547,481,-1
1788814537.6374,1441043,V,546,480,15249
1788814537.6374,1441051,V,547,481,-1
1788814537.6374,1441059,V,547,481,-1
1788814537.6375,1441067,V,548,482,-1
1788814537.6375,1441075,V,551,484,-1
1788814537.6375,1441083,V,547,481,-1
1788814537.6857,1441097,V,547,481,15250
1788814537.6857,1441105,V,548,482,-1
1788814537.6857,1441113,V,547,481,-1
1788814537.6857,1441121,V,547,481,-1
1788814537.6858,1441129,V,547,481,-1
1788814537.6858,1441137,V,548,482,-1
1788814537.7345,1441150,V,548,482,15251
1788814537.7345,1441158,V,548,482,-1
1788814537.7345,1441166,V,547,481,-1
1788814537.7345,1441174,V,548,482,-1
1788814537.7345,1441182,V,546,480,-1
1788814537.7345,1441190,V,546,480,-1
1788814537.7833,1441204,V,547,481,15252
1788814537.7833,1441212,V,547,481,-1
1788814537.7833,1441220,V,546,480,-1
1788814537.7833,1441228,V,546,480,-1
1788814537.7833,1441236,V,546,480,-1
1788814537.7833,1441244,V,546,480,-1
1788814537.8335,1441258,V,546,480,15253
1788814537.8335,1441266,V,546,480,-1
1788814537.8335,1441274,V,564,496,-1
1788814537.8335,1441282,V,547,481,-1
1788814537.8335,1441290,V,547,481,-1
1788814537.8335,1441298,V,546,480,-1
1788814537.8805,1441311,V,546,480,15254
1788814537.8805,1441319,V,547,481,-1
1788814537.8805,1441327,V,546,480,-1
1788814537.8805,1441335,V,546,480,-1
1788814537.8805,1441343,V,547,481,-1
1788814537.8805,1441351,V,547,481,-1
1788814537.9292,1441365,V,547,481,15255
1788814537.9292,1441373,V,548,482,-1
1788814537.9292,1441381,V,548,482,-1
1788814537.9292,1441389,V,546,480,-1
1788814537.9292,1441397,V,545,479,-1
1788814537.9292,1441405,V,546,480,-1
1788814537.9781,1441419,V,546,480,15256
1788814537.9781,1441427,V,545,479,-1
1788814537.9781,1441435,V,546,480,-1
1788814537.9782,1441443,V,546,480,-1
1788814537.9782,1441451,V,547,481,-1
1788814537.9782,1441459,V,546,480,-1
1788814538.0269,1441472,V,546,480,15257
1788814538.0269,1441480,V,547,481,-1
1788814538.0269,1441488,V,547,481,-1
1788814538.0269,1441496,V,547,481,-1
1788814538.0269,1441504,V,546,480,-1
1788814538.0270,1441512,V,547,481,-1
1788814538.1246,1441526,V,546,480,15258
1788814538.1247,1441534,V,546,480,-1
1788814538.1247,1441542,V,546,480,-1
1788814538.1247,1441550,V,546,480,-1
1788814538.1247,1441558,V,547,481,-1
1788814538.1248,1441566,V,547,481,-1
1788814538.1737,1441579,V,546,480,15259
1788814538.1737,1441587,V,546,480,-1
1788814538.1737,1441595,V,546,480,-1
1788814538.1737,1441603,V,546,480,-1
1788814538.1737,1441611,V,552,485,-1
1788814538.1738,1441619,V,545,479,-1
1788814538.2221,1441633,V,546,480,15260
1788814538.2221,1441641,V,547,481,-1
1788814538.2221,1441649,V,546,480,-1
1788814538.2222,1441657,V,546,480,-1
1788814538.2222,1441665,V,546,480,-1
1788814538.2222,1441673,V,546,480,-1
1788814538.2709,1441687,V,546,480,15261
1788814538.2710,1441695,V,545,479,-1
1788814538.2710,1441703,V,546,480,-1
1788814538.2710,1441711,V,548,482,-1
1788814538.2710,1441719,V,545,479,-1
1788814538.2710,1441727,V,547,481,-1
1788814538.3197,1441740,V,546,480,15262
1788814538.3197,1441748,V,545,479,-1
1788814538.3198,1441756,V,546,480,-1
1788814538.3198,1441764,V,546,480,-1
1788814538.3198,1441772,V,546,480,-1
1788814538.3198,1441780,V,546,480,-1
1788814538.3684,1441794,V,546,480,15263
1788814538.3685,1441802,V,546,480,-1
1788814538.3685,1441810,V,562,494,-1
1788814538.3685,1441818,V,547,481,-1
1788814538.3685,1441826,V,546,480,-1
1788814538.3686,1441834,V,546,480,-1
1788814538.4170,1441848,V,546,480,15264
1788814538.4170,1441856,V,547,481,-1
1788814538.4170,1441864,V,547,481,-1
1788814538.4170,1441872,V,547,481,-1
1788814538.4170,1441880,V,546,480,-1
1788814538.4171,1441888,V,544,478,-1
1788814538.4658,1441901,V,545,479,15265
1788814538.4658,1441909,V,548,482,-1
1788814538.4658,1441917,V,546,480,-1
1788814538.4658,1441925,V,547,481,-1
1788814538.4658,1441933,V,546,480,-1
1788814538.4658,1441941,V,547,481,-1
1788814538.5144,1441955,V,548,482,15266
1788814538.5144,1441963,V,547,481,-1
1788814538.5145,1441971,V,547,481,-1
1788814538.5145,1441979,V,548,482,-1
1788814538.5145,1441987,V,547,481,-1
1788814538.5145,1441995,V,547,481,-1
1788814538.5632,1442008,V,548,482,15267
1788814538.5632,1442016,V,547,481,-1
1788814538.5632,1442024,V,548,482,-1
1788814538.5633,1442032,V,547,481,-1
1788814538.5633,1442040,V,547,481,-1
1788814538.5633,1442048,V,547,481,-1
1788814538.6608,1442062,V,548,482,15268
1788814538.6609,1442070,V,546,480,-1
1788814538.6609,1442078,V,546,480,-1
1788814538.6609,1442086,V,547,481,-1
1788814538.6609,1442094,V,547,481,-1
1788814538.6609,1442102,V,547,481,-1
1788814538.7108,1442116,V,547,481,15269
1788814538.7108,1442124,V,546,480,-1
1788814538.7108,1442132,V,546,480,-1
1788814538.7108,1442140,V,546,480,-1
1788814538.7108,1442148,V,551,484,-1
1788814538.7108,1442156,V,546,480,-1
1788814538.7580,1442169,V,546,480,15270
1788814538.7580,1442177,V,546,480,-1
1788814538.7581,1442185,V,546,480,-1
1788814538.7581,1442193,V,545,479,-1
1788814538.7581,1442201,V,544,478,-1
1788814538.7581,1442209,V,545,479,-1
1788814538.8079,1442223,V,546,480,15271
1788814538.8079,1442231,V,546,480,-1
1788814538.8079,1442239,V,546,480,-1
1788814538.8079,1442247,V,548,482,-1
1788814538.8079,1442255,V,546,480,-1
1788814538.8079,1442263,V,547,481,-1
1788814538.8559,1442277,V,545,479,15272
1788814538.8559,1442285,V,547,481,-1
1788814538.8559,1442293,V,546,480,-1
1788814538.8559,1442301,V,546,480,-1
1788814538.8559,1442309,V,546,480,-1
1788814538.8559,1442317,V,546,480,-1
1788814538.9044,1442330,V,546,480,15273
1788814538.9045,1442338,V,545,479,-1
1788814538.9046,1442346,V,565,497,-1
1788814538.9046,1442354,V,545,479,-1
1788814538.9046,1442362,V,546,480,-1
1788814538.9046,1442370,V,547,481,-1
1788814538.9536,1442384,V,546,480,15274
1788814538.9536,1442392,V,547,481,-1
1788814538.9536,1442400,V,547,481,-1
1788814538.9536,1442408,V,547,481,-1
1788814538.9536,1442416,V,545,479,-1
1788814538.9537,1442424,V,546,480,-1
1788814539.0022,1442437,V,546,480,15275
1788814539.0023,1442445,V,548,482,-1
1788814539.0023,1442453,V,546,480,-1
1788814539.0023,1442461,V,546,480,-1
1788814539.0023,1442469,V,547,481,-1
1788814539.0023,1442477,V,547,481,-1
1788814539.0504,1442491,V,546,480,15276
1788814539.0505,1442499,V,546,480,-1
1788814539.0505,1442507,V,546,480,-1
1788814539.0505,1442515,V,547,481,-1
1788814539.0505,1442523,V,547,481,-1
1788814539.0505,1442531,V,547,481,-1
1788814539.1005,1442545,V,546,480,15277
1788814539.1005,1442553,V,546,480,-1
1788814539.1005,1442561,V,546,480,-1
1788814539.1005,1442569,V,546,480,-1
1788814539.1005,1442577,V,546,480,-1
1788814539.1005,1442585,V,545,479,-1
1788814539.1973,1442598,V,546,480,15278
1788814539.1974,1442606,V,546,480,-1
1788814539.1974,1442614,V,546,480,-1
1788814539.1974,1442622,V,546,480,-1
1788814539.1974,1442630,V,546,480,-1
1788814539.1974,1442638,V,547,481,-1
1788814539.2462,1442652,V,546,480,15279
1788814539.2462,1442660,V,546,480,-1
1788814539.2462,1442668,V,546,480,-1
1788814539.2462,1442676,V,546,480,-1
1788814539.2463,1442684,V,552,485,-1
1788814539.2463,1442692,V,547,481,-1
1788814539.2946,1442706,V,547,481,15280
1788814539.2946,1442714,V,547,481,-1
1788814539.2947,1442722,V,546,480,-1
1788814539.2947,1442730,V,546,480,-1
1788814539.2947,1442738,V,546,480,-1
1788814539.2947,1442746,V,547,481,-1
1788814539.3444,1442759,V,546,480,15281
1788814539.3445,1442767,V,547,481,-1
1788814539.3445,1442775,V,547,481,-1
1788814539.3445,1442783,V,549,483,-1
1788814539.3445,1442791,V,546,480,-1
1788814539.3445,1442799,V,547,481,-1
1788814539.3921,1442813,V,547,481,15282
1788814539.3921,1442821,V,547,481,-1
1788814539.3921,1442829,V,547,481,-1
1788814539.3921,1442837,V,546,480,-1
1788814539.3921,1442845,V,547,481,-1
1788814539.3921,1442853,V,547,481,-1
1788814539.4423,1442867,V,547,481,15283
1788814539.4424,1442875,V,547,481,-1
1788814539.4425,1442883,V,567,498,-1
1788814539.4425,1442891,V,547,481,-1
1788814539.4425,1442899,V,547,481,-1
1788814539.4425,1442907,V,546,480,-1
1788814539.4900,1442920,V,547,481,15284
1788814539.4900,1442928,V,547,481,-1
1788814539.4900,1442936,V,547,481,-1
1788814539.4900,1442944,V,547,481,-1
1788814539.4900,1442952,V,547,481,-1
1788814539.4900,1442960,V,547,481,-1
1788814539.5387,1442974,V,546,480,15285
1788814539.5387,1442982,V,548,482,-1
1788814539.5387,1442990,V,546,480,-1
1788814539.5387,1442998,V,546,480,-1
1788814539.5387,1443006,V,545,479,-1
1788814539.5387,1443014,V,546,480,-1
1788814539.5872,1443027,V,546,480,15286
1788814539.5873,1443035,V,547,481,-1
1788814539.5873,1443043,V,547,481,-1
1788814539.5873,1443051,V,546,480,-1
1788814539.5873,1443059,V,546,480,-1
1788814539.5873,1443067,V,546,480,-1
1788814539.6357,1443081,V,545,479,15287
1788814539.6357,1443089,V,546,480,-1
1788814539.6358,1443097,V,547,481,-1
1788814539.6358,1443105,V,547,481,-1
1788814539.6358,1443113,V,546,480,-1
1788814539.6358,1443121,V,546,480,-1
1788814539.7333,1443135,V,546,480,15288
1788814539.7334,1443143,V,547,481,-1
1788814539.7334,1443151,V,548,482,-1
1788814539.7334,1443159,V,547,481,-1
1788814539.7334,1443167,V,546,480,-1
1788814539.7334,1443175,V,546,480,-1
1788814539.7822,1443188,V,546,480,15289
1788814539.7822,1443196,V,546,480,-1
1788814539.7822,1443204,V,547,481,-1
1788814539.7822,1443212,V,547,481,-1
1788814539.7822,1443220,V,553,486,-1
1788814539.7823,1443228,V,547,481,-1
1788814539.8307,1443242,V,547,481,15290
1788814539.8308,1443250,V,546,480,-1
1788814539.8308,1443258,V,548,482,-1
1788814539.8308,1443266,V,547,481,-1
1788814539.8308,1443274,V,547,481,-1
1788814539.8308,1443282,V,546,480,-1
1788814539.8796,1443295,V,546,480,15291
1788814539.8797,1443303,V,547,481,-1
1788814539.8797,1443311,V,547,481,-1
1788814539.8797,1443319,V,548,482,-1
1788814539.8797,1443327,V,545,479,-1
1788814539.8797,1443335,V,546,480,-1
1788814539.9280,1443349,V,548,482,15292
1788814539.9281,1443357,V,547,481,-1
1788814539.9281,1443365,V,547,481,-1
1788814539.9281,1443373,V,547,481,-1
1788814539.9281,1443381,V,547,481,-1
1788814539.9281,1443389,V,548,482,-1
1788814539.9770,1443403,V,547,481,15293
1788814539.9772,1443411,V,547,481,-1
1788814539.9772,1443419,V,564,496,-1
1788814539.9772,1443427,V,547,481,-1
1788814539.9772,1443435,V,548,482,-1
1788814539.9772,1443443,V,547,481,-1
1788814540.0261,1443456,V,546,480,15294
1788814540.0261,1443464,V,547,481,-1
1788814540.0261,1443472,V,547,481,-1
1788814540.0261,1443480,V,546,480,-1
1788814540.0261,1443488,V,546,480,-1
1788814540.0261,1443496,V,547,481,-1
1788814540.0748,1443510,V,546,480,15295
1788814540.0748,1443518,V,549,483,-1
1788814540.0748,1443526,V,547,481,-1
1788814540.0748,1443534,V,545,479,-1
1788814540.0748,1443542,V,546,480,-1
1788814540.0748,1443550,V,547,481,-1
1788814540.1235,1443563,V,546,480,15296
1788814540.1235,1443571,V,546,480,-1
1788814540.1235,1443579,V,547,481,-1
1788814540.1235,1443587,V,547,481,-1
1788814540.1235,1443595,V,546,480,-1
1788814540.1235,1443603,V,547,481,-1
1788814540.1733,1443617,V,547,481,15297
1788814540.1733,1443625,V,547,481,-1
1788814540.1733,1443633,V,547,481,-1
1788814540.1733,1443641,V,547,481,-1
1788814540.1733,1443649,V,546,480,-1
1788814540.1733,1443657,V,547,481,-1
1788814540.2708,1443671,V,548,482,15298
1788814540.2709,1443679,V,547,481,-1
1788814540.2710,1443687,V,547,481,-1
1788814540.2710,1443695,V,547,481,-1
1788814540.2710,1443703,V,547,481,-1
1788814540.2710,1443711,V,546,480,-1
1788814540.3188,1443724,V,546,480,15299
1788814540.3188,1443732,V,546,480,-1
1788814540.3188,1443740,V,546,480,-1
1788814540.3188,1443748,V,547,481,-1
1788814540.3188,1443756,V,551,484,-1
1788814540.3188,1443764,V,547,481,-1
1788814540.3668,1443778,V,547,481,15300
1788814540.3668,1443786,V,546,480,-1
1788814540.3668,1443794,V,547,481,-1
1788814540.3668,1443802,V,547,481,-1
1788814540.3668,1443810,V,548,482,-1
1788814540.3669,1443818,V,547,481,-1
1788814540.4167,1443832,V,546,480,15301
1788814540.4167,1443840,V,546,480,-1
1788814540.4167,1443848,V,545,479,-1
1788814540.4167,1443856,V,549,483,-1
1788814540.4167,1443864,V,545,479,-1
1788814540.4167,1443872,V,546,480,-1
1788814540.4674,1443885,V,546,480,15302
1788814540.4674,1443893,V,546,480,-1
1788814540.4674,1443901,V,545,479,-1
1788814540.4674,1443909,V,545,479,-1
1788814540.4674,1443917,V,546,480,-1
1788814540.4674,1443925,V,545,479,-1
1788814540.5143,1443939,V,545,479,15303
1788814540.5144,1443947,V,545,479,-1
1788814540.5144,1443955,V,564,496,-1
1788814540.5144,1443963,V,546,480,-1
1788814540.5144,1443971,V,546,480,-1
1788814540.5144,1443979,V,545,479,-1
1788814540.6109,1443992,V,545,479,15304
1788814540.6109,1444000,V,545,479,-1
1788814540.6109,1444008,V,544,478,-1
1788814540.6109,1444016,V,545,479,-1
1788814540.6109,1444024,V,546,480,-1
1788814540.6109,1444032,V,545,479,-1
1788814540.6130,1444046,V,545,479,15305
1788814540.6130,1444054,V,545,479,-1
1788814540.6130,1444062,V,545,479,-1
1788814540.6130,1444070,V,546,480,-1
1788814540.6130,1444078,V,545,479,-1
1788814540.6130,1444086,V,546,480,-1
1788814540.6604,1444100,V,546,480,15306
1788814540.6604,1444108,V,545,479,-1
1788814540.6604,1444116,V,545,479,-1
1788814540.6604,1444124,V,546,480,-1
1788814540.6604,1444132,V,545,479,-1
1788814540.6604,1444140,V,546,480,-1
1788814540.7571,1444153,V,546,480,15307
1788814540.7571,1444161,V,547,481,-1
1788814540.7571,1444169,V,547,481,-1
1788814540.7571,1444177,V,546,480,-1
1788814540.7571,1444185,V,546,480,-1
1788814540.7571,1444193,V,547,481,-1
1788814540.8066,1444207,V,547,481,15308
1788814540.8066,1444215,V,547,481,-1
1788814540.8067,1444223,V,546,480,-1
1788814540.8067,1444231,V,547,481,-1
1788814540.8067,1444239,V,547,481,-1
1788814540.8067,1444247,V,546,480,-1
1788814540.8540,1444261,V,547,481,15309
1788814540.8540,1444269,V,547,481,-1
1788814540.8540,1444277,V,546,480,-1
1788814540.8540,1444285,V,548,482,-1
1788814540.8540,1444293,V,553,486,-1
1788814540.8540,1444301,V,547,481,-1
1788814540.9042,1444314,V,547,481,15310
1788814540.9042,1444322,V,548,482,-1
1788814540.9042,1444330,V,548,482,-1
1788814540.9042,1444338,V,547,481,-1
1788814540.9042,1444346,V,547,481,-1
1788814540.9042,1444354,V,546,480,-1
1788814540.9529,1444368,V,545,479,15311
1788814540.9529,1444376,V,546,480,-1
1788814540.9529,1444384,V,547,481,-1
1788814540.9529,1444392,V,548,482,-1
1788814540.9529,1444400,V,546,480,-1
1788814540.9529,1444408,V,545,479,-1
1788814541.0014,1444421,V,546,480,15312
1788814541.0015,1444429,V,547,481,-1
1788814541.0015,1444437,V,546,480,-1
1788814541.0016,1444445,V,545,479,-1
1788814541.0016,1444453,V,545,479,-1
1788814541.0016,1444461,V,545,479,-1
1788814541.0501,1444475,V,545,479,15313
1788814541.0502,1444483,V,545,479,-1
1788814541.0502,1444491,V,565,497,-1
1788814541.0502,1444499,V,545,479,-1
1788814541.0502,1444507,V,545,479,-1
1788814541.0502,1444515,V,546,480,-1
1788814541.0993,1444529,V,547,481,15314
1788814541.0993,1444537,V,546,480,-1
1788814541.0993,1444545,V,546,480,-1
1788814541.0993,1444553,V,546,480,-1
1788814541.0993,1444561,V,545,479,-1
1788814541.0993,1444569,V,546,480,-1
1788814541.1476,1444582,V,545,479,15315
1788814541.1476,1444590,V,546,480,-1
1788814541.1476,1444598,V,545,479,-1
1788814541.1476,1444606,V,546,480,-1
1788814541.1476,1444614,V,547,481,-1
1788814541.1477,1444622,V,546,480,-1
1788814541.1967,1444636,V,546,480,15316
1788814541.1968,1444644,V,547,481,-1
1788814541.1968,1444652,V,546,480,-1
1788814541.1968,1444660,V,546,480,-1
1788814541.1968,1444668,V,548,482,-1
1788814541.1968,1444676,V,547,481,-1
1788814541.2446,1444690,V,547,481,15317
1788814541.2447,1444698,V,546,480,-1
1788814541.2447,1444706,V,547,481,-1
1788814541.2447,1444714,V,547,481,-1
1788814541.2447,1444722,V,546,480,-1
1788814541.2448,1444730,V,547,481,-1
1788814541.3424,1444743,V,546,480,15318
1788814541.3424,1444751,V,547,481,-1
1788814541.3424,1444759,V,547,481,-1
1788814541.3424,1444767,V,547,481,-1
1788814541.3424,1444775,V,547,481,-1
1788814541.3424,1444783,V,547,481,-1
1788814541.3909,1444797,V,548,482,15319
1788814541.3909,1444805,V,548,482,-1
1788814541.3910,1444813,V,547,481,-1
1788814541.3910,1444821,V,547,481,-1
1788814541.3910,1444829,V,554,487,-1
1788814541.3910,1444837,V,546,480,-1
1788814541.4401,1444851,V,547,481,15320
1788814541.4401,1444859,V,548,482,-1
1788814541.4402,1444867,V,547,481,-1
1788814541.4402,1444875,V,547,481,-1
1788814541.4402,1444883,V,547,481,-1
1788814541.4402,1444891,V,546,480,-1
1788814541.4891,1444904,V,548,482,15321
1788814541.4893,1444912,V,547,481,-1
1788814541.4893,1444920,V,547,481,-1
1788814541.4893,1444928,V,549,483,-1
1788814541.4893,1444936,V,547,481,-1
1788814541.4893,1444944,V,548,482,-1
1788814541.5384,1444958,V,547,481,15322
1788814541.5384,1444966,V,547,481,-1
1788814541.5384,1444974,V,547,481,-1
1788814541.5384,1444982,V,548,482,-1
1788814541.5384,1444990,V,546,480,-1
1788814541.5384,1444998,V,548,482,-1
1788814541.5867,1445011,V,547,481,15323
1788814541.5867,1445019,V,548,482,-1
1788814541.5867,1445027,V,566,497,-1
1788814541.5867,1445035,V,548,482,-1
1788814541.5867,1445043,V,547,481,-1
1788814541.5867,1445051,V,547,481,-1
1788814541.6348,1445065,V,548,482,15324
1788814541.6348,1445073,V,548,482,-1
1788814541.6349,1445081,V,547,481,-1
1788814541.6349,1445089,V,546,480,-1
1788814541.6349,1445097,V,547,481,-1
1788814541.6349,1445105,V,546,480,-1
1788814541.6845,1445119,V,547,481,15325
1788814541.6845,1445127,V,548,482,-1
1788814541.6845,1445135,V,547,481,-1
1788814541.6845,1445143,V,547,481,-1
1788814541.6845,1445151,V,547,481,-1
1788814541.6845,1445159,V,547,481,-1
1788814541.7317,1445172,V,548,482,15326
1788814541.7319,1445180,V,547,481,-1
1788814541.7319,1445188,V,547,481,-1
1788814541.7319,1445196,V,547,481,-1
1788814541.7319,1445204,V,546,480,-1
1788814541.7319,1445212,V,547,481,-1
1788814541.7812,1445226,V,547,481,15327
1788814541.7812,1445234,V,546,480,-1
1788814541.7812,1445242,V,547,481,-1
1788814541.7812,1445250,V,547,481,-1
1788814541.7812,1445258,V,547,481,-1
1788814541.7812,1445266,V,546,480,-1
1788814541.8784,1445279,V,546,480,15328
1788814541.8785,1445287,V,547,481,-1
1788814541.8785,1445295,V,546,480,-1
1788814541.8785,1445303,V,546,480,-1
1788814541.8785,1445311,V,546,480,-1
1788814541.8785,1445319,V,546,480,-1
1788814541.9271,1445333,V,545,479,15329
1788814541.9271,1445341,V,546,480,-1
1788814541.9271,1445349,V,547,481,-1
1788814541.9271,1445357,V,548,482,-1
1788814541.9271,1445365,V,552,485,-1
1788814541.9271,1445373,V,547,481,-1
1788814541.9757,1445387,V,547,481,15330
1788814541.9759,1445395,V,547,481,-1
1788814541.9759,1445403,V,547,481,-1
1788814541.9759,1445411,V,546,480,-1
1788814541.9759,1445419,V,547,481,-1
1788814541.9759,1445427,V,546,480,-1
1788814542.0245,1445441,V,546,480,15331
1788814542.0246,1445449,V,547,481,-1
1788814542.0246,1445457,V,547,481,-1
1788814542.0246,1445465,V,553,486,-1
1788814542.0246,1445473,V,546,480,-1
1788814542.0246,1445481,V,547,481,-1
1788814542.0735,1445494,V,548,482,15332
1788814542.0736,1445502,V,548,482,-1
1788814542.0736,1445510,V,547,481,-1
1788814542.0736,1445518,V,546,480,-1
1788814542.0736,1445526,V,547,481,-1
1788814542.0736,1445534,V,546,480,-1
1788814542.1221,1445548,V,546,480,15333
1788814542.1221,1445556,V,547,481,-1
1788814542.1221,1445564,V,548,482,-1
1788814542.1221,1445572,V,548,482,-1
1788814542.1221,1445580,V,548,482,-1
1788814542.1222,1445588,V,547,481,-1
1788814542.1708,1445602,V,547,481,15334
1788814542.1708,1445610,V,547,481,-1
1788814542.1708,1445618,V,547,481,-1
1788814542.1708,1445626,V,548,482,-1
1788814542.1708,1445634,V,546,480,-1
1788814542.1708,1445642,V,547,481,-1
1788814542.2196,1445655,V,547,481,15335
1788814542.2197,1445663,V,546,480,-1
1788814542.2197,1445671,V,547,481,-1
1788814542.2197,1445679,V,548,482,-1
1788814542.2197,1445687,V,547,481,-1
1788814542.2197,1445695,V,547,481,-1
1788814542.2688,1445709,V,546,480,15336
1788814542.2689,1445717,V,547,481,-1
1788814542.2689,1445725,V,546,480,-1
1788814542.2689,1445733,V,546,480,-1
1788814542.2690,1445741,V,546,480,-1
1788814542.2690,1445749,V,546,480,-1
1788814542.3169,1445763,V,546,480,15337
1788814542.3170,1445771,V,546,480,-1
1788814542.3170,1445779,V,546,480,-1
1788814542.3170,1445787,V,546,480,-1
1788814542.3170,1445795,V,547,481,-1
1788814542.3170,1445803,V,550,483,-1
1788814542.4146,1445816,V,546,480,15338
1788814542.4146,1445824,V,546,480,-1
1788814542.4147,1445832,V,546,480,-1
1788814542.4147,1445840,V,546,480,-1
1788814542.4147,1445848,V,545,479,-1
1788814542.4147,1445856,V,547,481,-1
1788814542.4647,1445870,V,547,481,15339
1788814542.4649,1445878,V,547,481,-1
1788814542.4649,1445886,V,547,481,-1
1788814542.4649,1445894,V,548,482,-1
1788814542.4649,1445902,V,550,483,-1
1788814542.4649,1445910,V,547,481,-1
1788814542.5124,1445923,V,548,482,15340
1788814542.5125,1445931,V,547,481,-1
1788814542.5125,1445939,V,547,481,-1
1788814542.5125,1445947,V,547,481,-1
1788814542.5125,1445955,V,547,481,-1
1788814542.5125,1445963,V,547,481,-1
1788814542.5608,1445977,V,548,482,15341
1788814542.5609,1445985,V,547,481,-1
1788814542.5609,1445993,V,547,481,-1
1788814542.5609,1446001,V,567,498,-1
1788814542.5610,1446009,V,548,482,-1
1788814542.5610,1446017,V,546,480,-1
1788814542.6097,1446031,V,548,482,15342
1788814542.6097,1446039,V,547,481,-1
1788814542.6097,1446047,V,548,482,-1
1788814542.6097,1446055,V,547,481,-1
1788814542.6097,1446063,V,548,482,-1
1788814542.6097,1446071,V,547,481,-1
1788814542.6580,1446084,V,548,482,15343
1788814542.6581,1446092,V,547,481,-1
1788814542.6581,1446100,V,548,482,-1
1788814542.6581,1446108,V,547,481,-1
1788814542.6581,1446116,V,547,481,-1
1788814542.6581,1446124,V,548,482,-1
1788814542.7070,1446138,V,547,481,15344
1788814542.7071,1446146,V,547,481,-1
1788814542.7071,1446154,V,547,481,-1
1788814542.7072,1446162,V,546,480,-1
1788814542.7072,1446170,V,547,481,-1
1788814542.7072,1446178,V,546,480,-1
1788814542.7564,1446192,V,547,481,15345
1788814542.7564,1446200,V,547,481,-1
1788814542.7564,1446208,V,546,480,-1
1788814542.7564,1446216,V,546,480,-1
1788814542.7564,1446224,V,547,481,-1
1788814542.7564,1446232,V,546,480,-1
1788814542.8534,1446245,V,548,482,15346
1788814542.8534,1446253,V,546,480,-1
1788814542.8534,1446261,V,546,480,-1
1788814542.8534,1446269,V,546,480,-1
1788814542.8534,1446277,V,546,480,-1
1788814542.8534,1446285,V,546,480,-1
1788814542.8547,1446299,V,547,481,15347
1788814542.8547,1446307,V,546,480,-1
1788814542.8547,1446315,V,547,481,-1
1788814542.8547,1446323,V,547,481,-1
1788814542.8547,1446331,V,547,481,-1
1788814542.8547,1446339,V,550,483,-1
1788814542.9506,1446352,V,547,481,15348
1788814542.9508,1446360,V,547,481,-1
1788814542.9508,1446368,V,546,480,-1
1788814542.9508,1446376,V,547,481,-1
1788814542.9508,1446384,V,547,481,-1
1788814542.9508,1446392,V,547,481,-1
1788814542.9999,1446406,V,546,480,15349
1788814542.9999,1446414,V,546,480,-1
1788814542.9999,1446422,V,546,480,-1
1788814542.9999,1446430,V,546,480,-1
1788814543.0000,1446438,V,550,483,-1
1788814543.0000,1446446,V,547,481,-1
1788814543.0484,1446460,V,547,481,15350
1788814543.0484,1446468,V,546,480,-1
1788814543.0484,1446476,V,547,481,-1
1788814543.0485,1446484,V,547,481,-1
1788814543.0485,1446492,V,548,482,-1
1788814543.0485,1446500,V,547,481,-1
1788814543.0971,1446513,V,547,481,15351
1788814543.0971,1446521,V,547,481,-1
1788814543.0971,1446529,V,547,481,-1
1788814543.0971,1446537,V,568,499,-1
1788814543.0971,1446545,V,547,481,-1
1788814543.0971,1446553,V,546,480,-1
1788814543.1467,1446567,V,547,481,15352
1788814543.1467,1446575,V,548,482,-1
1788814543.1467,1446583,V,547,481,-1
1788814543.1467,1446591,V,547,481,-1
1788814543.1467,1446599,V,547,481,-1
1788814543.1467,1446607,V,547,481,-1
1788814543.1953,1446621,V,547,481,15353
1788814543.1955,1446629,V,547,481,-1
1788814543.1955,1446637,V,547,481,-1
1788814543.1955,1446645,V,547,481,-1
1788814543.1955,1446653,V,546,480,-1
1788814543.1955,1446661,V,547,481,-1
1788814543.2443,1446674,V,545,479,15354
1788814543.2443,1446682,V,546,480,-1
1788814543.2443,1446690,V,545,479,-1
1788814543.2443,1446698,V,546,480,-1
1788814543.2443,1446706,V,546,480,-1
1788814543.2443,1446714,V,546,480,-1
1788814543.2928,1446728,V,546,480,15355
1788814543.2928,1446736,V,545,479,-1
1788814543.2929,1446744,V,547,481,-1
1788814543.2929,1446752,V,547,481,-1
1788814543.2929,1446760,V,546,480,-1
1788814543.2929,1446768,V,546,480,-1
1788814543.3408,1446781,V,547,481,15356
1788814543.3408,1446789,V,547,481,-1
1788814543.3408,1446797,V,546,480,-1
1788814543.3408,1446805,V,546,480,-1
1788814543.3408,1446813,V,546,480,-1
1788814543.3408,1446821,V,548,482,-1
1788814543.3904,1446835,V,547,481,15357
1788814543.3904,1446843,V,547,481,-1
1788814543.3904,1446851,V,547,481,-1
1788814543.3904,1446859,V,547,481,-1
1788814543.3904,1446867,V,548,482,-1
1788814543.3904,1446875,V,552,485,-1
1788814543.4884,1446889,V,547,481,15358
1788814543.4886,1446897,V,547,481,-1
1788814543.4886,1446905,V,546,480,-1
1788814543.4886,1446913,V,546,480,-1
1788814543.4886,1446921,V,547,481,-1
1788814543.4886,1446929,V,546,480,-1
1788814543.5358,1446942,V,546,480,15359
1788814543.5358,1446950,V,547,481,-1
1788814543.5358,1446958,V,547,481,-1
1788814543.5358,1446966,V,547,481,-1
1788814543.5358,1446974,V,548,482,-1
1788814543.5358,1446982,V,548,482,-1
1788814543.5866,1446996,V,547,481,15360
1788814543.5866,1447004,V,548,482,-1
1788814543.5866,1447012,V,547,481,-1
1788814543.5866,1447020,V,546,480,-1
1788814543.5867,1447028,V,546,480,-1
1788814543.5867,1447036,V,546,480,-1
1788814543.6333,1447049,V,547,481,15361
1788814543.6333,1447057,V,546,480,-1
1788814543.6333,1447065,V,546,480,-1
1788814543.6333,1447073,V,562,494,-1
1788814543.6333,1447081,V,546,480,-1
1788814543.6334,1447089,V,546,480,-1
1788814543.6825,1447103,V,545,479,15362
1788814543.6825,1447111,V,546,480,-1
1788814543.6825,1447119,V,546,480,-1
1788814543.6825,1447127,V,545,479,-1
1788814543.6825,1447135,V,545,479,-1
1788814543.6825,1447143,V,545,479,-1
1788814543.7308,1447157,V,545,479,15363
1788814543.7309,1447165,V,546,480,-1
1788814543.7309,1447173,V,548,482,-1
1788814543.7309,1447181,V,545,479,-1
1788814543.7309,1447189,V,546,480,-1
1788814543.7309,1447197,V,546,480,-1
1788814543.7797,1447210,V,546,480,15364
1788814543.7797,1447218,V,546,480,-1
1788814543.7797,1447226,V,546,480,-1
1788814543.7797,1447234,V,546,480,-1
1788814543.7798,1447242,V,546,480,-1
1788814543.7798,1447250,V,546,480,-1
1788814543.8282,1447264,V,546,480,15365
1788814543.8282,1447272,V,546,480,-1
1788814543.8282,1447280,V,547,481,-1
1788814543.8282,1447288,V,547,481,-1
1788814543.8282,1447296,V,546,480,-1
1788814543.8282,1447304,V,546,480,-1
1788814543.8769,1447317,V,546,480,15366
1788814543.8769,1447325,V,547,481,-1
1788814543.8769,1447333,V,546,480,-1
1788814543.8769,1447341,V,546,480,-1
1788814543.8769,1447349,V,547,481,-1
1788814543.8769,1447357,V,547,481,-1
1788814543.9266,1447371,V,548,482,15367
1788814543.9266,1447379,V,548,482,-1
1788814543.9266,1447387,V,547,481,-1
1788814543.9266,1447395,V,548,482,-1
1788814543.9266,1447403,V,547,481,-1
1788814543.9266,1447411,V,551,484,-1
1788814544.0235,1447425,V,548,482,15368
1788814544.0236,1447433,V,548,482,-1
1788814544.0237,1447441,V,548,482,-1
1788814544.0237,1447449,V,547,481,-1
1788814544.0237,1447457,V,548,482,-1
1788814544.0237,1447465,V,547,481,-1
1788814544.0732,1447478,V,548,482,15369
1788814544.0732,1447486,V,548,482,-1
1788814544.0732,1447494,V,548,482,-1
1788814544.0732,1447502,V,548,482,-1
1788814544.0732,1447510,V,550,483,-1
1788814544.0733,1447518,V,547,481,-1
1788814544.1214,1447532,V,548,482,15370
1788814544.1214,1447540,V,547,481,-1
1788814544.1214,1447548,V,548,482,-1
1788814544.1214,1447556,V,547,481,-1
1788814544.1214,1447564,V,547,481,-1
1788814544.1214,1447572,V,546,480,-1
1788814544.1696,1447586,V,546,480,15371
1788814544.1696,1447594,V,545,479,-1
1788814544.1696,1447602,V,546,480,-1
1788814544.1696,1447610,V,564,496,-1
1788814544.1696,1447618,V,546,480,-1
1788814544.1696,1447626,V,547,481,-1
1788814544.2193,1447639,V,547,481,15372
1788814544.2193,1447647,V,547,481,-1
1788814544.2193,1447655,V,548,482,-1
1788814544.2193,1447663,V,546,480,-1
1788814544.2193,1447671,V,546,480,-1
1788814544.2193,1447679,V,546,480,-1
1788814544.2680,1447693,V,546,480,15373
1788814544.2681,1447701,V,546,480,-1
1788814544.2681,1447709,V,548,482,-1
1788814544.2681,1447717,V,547,481,-1
1788814544.2681,1447725,V,546,480,-1
1788814544.2681,1447733,V,546,480,-1
1788814544.3171,1447747,V,546,480,15374
1788814544.3171,1447755,V,546,480,-1
1788814544.3171,1447763,V,546,480,-1
1788814544.3171,1447771,V,547,481,-1
1788814544.3171,1447779,V,547,481,-1
1788814544.3172,1447787,V,546,480,-1
1788814544.3654,1447800,V,546,480,15375
1788814544.3655,1447808,V,546,480,-1
1788814544.3655,1447816,V,545,479,-1
1788814544.3655,1447824,V,546,480,-1
1788814544.3655,1447832,V,545,479,-1
1788814544.3655,1447840,V,546,480,-1
1788814544.4135,1447854,V,547,481,15376
1788814544.4136,1447862,V,546,480,-1
1788814544.4136,1447870,V,547,481,-1
1788814544.4136,1447878,V,546,480,-1
1788814544.4136,1447886,V,547,481,-1
1788814544.4136,1447894,V,548,482,-1
1788814544.4619,1447907,V,547,481,15377
1788814544.4619,1447915,V,547,481,-1
1788814544.4619,1447923,V,547,481,-1
1788814544.4619,1447931,V,547,481,-1
1788814544.4619,1447939,V,546,480,-1
1788814544.4619,1447947,V,553,486,-1
1788814544.5600,1447961,V,547,481,15378
1788814544.5602,1447969,V,547,481,-1
1788814544.5602,1447977,V,546,480,-1
1788814544.5602,1447985,V,547,481,-1
1788814544.5602,1447993,V,547,481,-1
1788814544.5602,1448001,V,547,481,-1
1788814544.6087,1448015,V,547,481,15379
1788814544.6088,1448023,V,547,481,-1
1788814544.6088,1448031,V,547,481,-1
1788814544.6088,1448039,V,548,482,-1
1788814544.6088,1448047,V,547,481,-1
1788814544.6088,1448055,V,548,482,-1
1788814544.6574,1448068,V,546,480,15380
1788814544.6575,1448076,V,547,481,-1
1788814544.6575,1448084,V,547,481,-1
1788814544.6575,1448092,V,546,480,-1
1788814544.6575,1448100,V,547,481,-1
1788814544.6575,1448108,V,546,480,-1
1788814544.7065,1448122,V,547,481,15381
1788814544.7065,1448130,V,547,481,-1
1788814544.7066,1448138,V,547,481,-1
1788814544.7066,1448146,V,565,497,-1
1788814544.7066,1448154,V,547,481,-1
1788814544.7066,1448162,V,547,481,-1
1788814544.7548,1448176,V,547,481,15382
1788814544.7548,1448184,V,546,480,-1
1788814544.7548,1448192,V,548,482,-1
1788814544.7548,1448200,V,547,481,-1
1788814544.7548,1448208,V,548,482,-1
1788814544.7548,1448216,V,548,482,-1
1788814544.8045,1448229,V,547,481,15383
1788814544.8047,1448237,V,547,481,-1
1788814544.8047,1448245,V,548,482,-1
1788814544.8047,1448253,V,546,480,-1
1788814544.8047,1448261,V,547,481,-1
1788814544.8048,1448269,V,547,481,-1
1788814544.8534,1448283,V,547,481,15384
1788814544.8534,1448291,V,546,480,-1
1788814544.8534,1448299,V,547,481,-1
1788814544.8534,1448307,V,547,481,-1
1788814544.8534,1448315,V,548,482,-1
1788814544.8534,1448323,V,546,480,-1
1788814544.9496,1448337,V,548,482,15385
1788814544.9496,1448345,V,547,481,-1
1788814544.9496,1448353,V,548,482,-1
1788814544.9496,1448361,V,546,480,-1
1788814544.9496,1448369,V,547,481,-1
1788814544.9497,1448377,V,547,481,-1
1788814544.9509,1448390,V,548,482,15386
1788814544.9509,1448398,V,546,480,-1
1788814544.9509,1448406,V,547,481,-1
1788814544.9509,1448414,V,548,482,-1
1788814544.9509,1448422,V,546,480,-1
1788814544.9509,1448430,V,547,481,-1
1788814544.9985,1448444,V,547,481,15387
1788814544.9985,1448452,V,547,481,-1
1788814544.9985,1448460,V,545,479,-1
1788814544.9986,1448468,V,546,480,-1
1788814544.9986,1448476,V,545,479,-1
1788814544.9986,1448484,V,552,485,-1
1788814545.0962,1448497,V,546,480,15388
1788814545.0963,1448505,V,546,480,-1
1788814545.0963,1448513,V,546,480,-1
1788814545.0963,1448521,V,547,481,-1
1788814545.0963,1448529,V,545,479,-1
1788814545.0964,1448537,V,546,480,-1
1788814545.1449,1448551,V,545,479,15389
1788814545.1449,1448559,V,546,480,-1
1788814545.1450,1448567,V,545,479,-1
1788814545.1450,1448575,V,546,480,-1
1788814545.1450,1448583,V,550,483,-1
1788814545.1450,1448591,V,545,479,-1
1788814545.1933,1448605,V,545,479,15390
1788814545.1934,1448613,V,545,479,-1
1788814545.1934,1448621,V,547,481,-1
1788814545.1934,1448629,V,546,480,-1
1788814545.1934,1448637,V,546,480,-1
1788814545.1934,1448645,V,546,480,-1
1788814545.2421,1448658,V,547,481,15391
1788814545.2421,1448666,V,547,481,-1
1788814545.2421,1448674,V,546,480,-1
1788814545.2422,1448682,V,566,497,-1
1788814545.2422,1448690,V,547,481,-1
1788814545.2422,1448698,V,547,481,-1
1788814545.2911,1448712,V,546,480,15392
1788814545.2911,1448720,V,546,480,-1
1788814545.2912,1448728,V,546,480,-1
1788814545.2912,1448736,V,547,481,-1
1788814545.2912,1448744,V,547,481,-1
1788814545.2912,1448752,V,547,481,-1
1788814545.3403,1448765,V,546,480,15393
1788814545.3405,1448773,V,547,481,-1
1788814545.3405,1448781,V,548,482,-1
1788814545.3405,1448789,V,547,481,-1
1788814545.3405,1448797,V,547,481,-1
1788814545.3405,1448805,V,547,481,-1
1788814545.3898,1448819,V,546,480,15394
1788814545.3898,1448827,V,548,482,-1
1788814545.3898,1448835,V,547,481,-1
1788814545.3898,1448843,V,547,481,-1
1788814545.3898,1448851,V,547,481,-1
1788814545.3898,1448859,V,547,481,-1
1788814545.4372,1448873,V,547,481,15395
1788814545.4373,1448881,V,547,481,-1
1788814545.4373,1448889,V,547,481,-1
1788814545.4373,1448897,V,547,481,-1
1788814545.4373,1448905,V,546,480,-1
1788814545.4373,1448913,V,546,480,-1
1788814545.4861,1448926,V,546,480,15396
1788814545.4861,1448934,V,548,482,-1
1788814545.4861,1448942,V,546,480,-1
1788814545.4861,1448950,V,546,480,-1
1788814545.4861,1448958,V,546,480,-1
1788814545.4861,1448966,V,546,480,-1
1788814545.5386,1448980,V,547,481,15397
1788814545.5386,1448988,V,547,481,-1
1788814545.5386,1448996,V,547,481,-1
1788814545.5386,1449004,V,546,480,-1
1788814545.5386,1449012,V,546,480,-1
1788814545.5386,1449020,V,552,485,-1
1788814545.6329,1449034,V,546,480,15398
1788814545.6331,1449042,V,546,480,-1
1788814545.6331,1449050,V,546,480,-1
1788814545.6331,1449058,V,546,480,-1
1788814545.6331,1449066,V,546,480,-1
1788814545.6331,1449074,V,547,481,-1
1788814545.6818,1449087,V,546,480,15399
1788814545.6818,1449095,V,546,480,-1
1788814545.6818,1449103,V,547,481,-1
1788814545.6818,1449111,V,547,481,-1
1788814545.6818,1449119,V,549,483,-1
1788814545.6818,1449127,V,546,480,-1
1788814545.7293,1449141,V,547,481,15400
1788814545.7293,1449149,V,546,480,-1
1788814545.7293,1449157,V,547,481,-1
1788814545.7293,1449165,V,546,480,-1
1788814545.7293,1449173,V,546,480,-1
1788814545.7293,1449181,V,545,479,-1
1788814545.7782,1449195,V,546,480,15401
1788814545.7782,1449203,V,546,480,-1
1788814545.7782,1449211,V,546,480,-1
1788814545.7782,1449219,V,566,497,-1
1788814545.7782,1449227,V,547,481,-1
1788814545.7782,1449235,V,546,480,-1
1788814545.8270,1449248,V,547,481,15402
1788814545.8270,1449256,V,547,481,-1
1788814545.8270,1449264,V,546,480,-1
1788814545.8270,1449272,V,547,481,-1
1788814545.8270,1449280,V,547,481,-1
1788814545.8270,1449288,V,548,482,-1
1788814545.8755,1449302,V,548,482,15403
1788814545.8756,1449310,V,548,482,-1
1788814545.8756,1449318,V,548,482,-1
1788814545.8756,1449326,V,548,482,-1
1788814545.8756,1449334,V,547,481,-1
1788814545.8756,1449342,V,546,480,-1
1788814545.9245,1449355,V,546,480,15404
1788814545.9245,1449363,V,547,481,-1
1788814545.9246,1449371,V,546,480,-1
1788814545.9246,1449379,V,546,480,-1
1788814545.9246,1449387,V,546,480,-1
1788814545.9246,1449395,V,547,481,-1
1788814545.9733,1449409,V,545,479,15405
1788814545.9734,1449417,V,547,481,-1
1788814545.9734,1449425,V,545,479,-1
1788814545.9734,1449433,V,547,481,-1
1788814545.9734,1449441,V,546,480,-1
1788814545.9734,1449449,V,547,481,-1
1788814546.0221,1449463,V,547,481,15406
1788814546.0221,1449471,V,545,479,-1
1788814546.0221,1449479,V,546,480,-1
1788814546.0221,1449487,V,546,480,-1
1788814546.0221,1449495,V,546,480,-1
1788814546.0222,1449503,V,546,480,-1
1788814546.0708,1449516,V,546,480,15407
1788814546.0708,1449524,V,546,480,-1
1788814546.0708,1449532,V,547,481,-1
1788814546.0708,1449540,V,547,481,-1
1788814546.0708,1449548,V,547,481,-1
1788814546.0708,1449556,V,552,485,-1
1788814546.1685,1449570,V,547,481,15408
1788814546.1687,1449578,V,547,481,-1
1788814546.1689,1449586,V,547,481,-1
1788814546.1689,1449594,V,547,481,-1
1788814546.1689,1449602,V,547,481,-1
1788814546.1689,1449610,V,547,481,-1
1788814546.2176,1449624,V,547,481,15409
1788814546.2176,1449632,V,547,481,-1
1788814546.2176,1449640,V,547,481,-1
1788814546.2176,1449648,V,546,480,-1
1788814546.2177,1449656,V,549,483,-1
1788814546.2177,1449664,V,547,481,-1
1788814546.2679,1449677,V,548,482,15410
1788814546.2679,1449685,V,546,480,-1
1788814546.2679,1449693,V,547,481,-1
1788814546.2679,1449701,V,548,482,-1
1788814546.2679,1449709,V,548,482,-1
1788814546.2679,1449717,V,547,481,-1
1788814546.3152,1449731,V,548,482,15411
1788814546.3152,1449739,V,547,481,-1
1788814546.3152,1449747,V,547,481,-1
1788814546.3152,1449755,V,566,497,-1
1788814546.3152,1449763,V,547,481,-1
1788814546.3152,1449771,V,546,480,-1
1788814546.3643,1449784,V,547,481,15412
1788814546.3643,1449792,V,547,481,-1
1788814546.3643,1449800,V,547,481,-1
1788814546.3643,1449808,V,546,480,-1
1788814546.3643,1449816,V,547,481,-1
1788814546.3643,1449824,V,546,480,-1
1788814546.4120,1449838,V,546,480,15413
1788814546.4122,1449846,V,546,480,-1
1788814546.4122,1449854,V,546,480,-1
1788814546.4122,1449862,V,546,480,-1
1788814546.4122,1449870,V,545,479,-1
1788814546.4122,1449878,V,546,480,-1
1788814546.4620,1449892,V,546,480,15414
1788814546.4620,1449900,V,546,480,-1
1788814546.4620,1449908,V,545,479,-1
1788814546.4620,1449916,V,546,480,-1
1788814546.4620,1449924,V,545,479,-1
1788814546.4621,1449932,V,546,480,-1
1788814546.5097,1449945,V,545,479,15415
1788814546.5098,1449953,V,545,479,-1
1788814546.5098,1449961,V,546,480,-1
1788814546.5098,1449969,V,545,479,-1
1788814546.5098,1449977,V,546,480,-1
1788814546.5098,1449985,V,546,480,-1
1788814546.5588,1449999,V,547,481,15416
1788814546.5589,1450007,V,547,481,-1
1788814546.5589,1450015,V,546,480,-1
1788814546.5589,1450023,V,546,480,-1
1788814546.5589,1450031,V,546,480,-1
1788814546.5589,1450039,V,546,480,-1
1788814546.6071,1450053,V,546,480,15417
1788814546.6071,1450061,V,547,481,-1
1788814546.6071,1450069,V,546,480,-1
1788814546.6071,1450077,V,547,481,-1
1788814546.6071,1450085,V,546,480,-1
1788814546.6071,1450093,V,553,486,-1
1788814546.7055,1450106,V,547,481,15418
1788814546.7057,1450114,V,547,481,-1
1788814546.7057,1450122,V,547,481,-1
1788814546.7058,1450130,V,547,481,-1
1788814546.7058,1450138,V,547,481,-1
1788814546.7058,1450146,V,547,481,-1
1788814546.7536,1450160,V,547,481,15419
1788814546.7536,1450168,V,547,481,-1
1788814546.7536,1450176,V,549,483,-1
1788814546.7536,1450184,V,547,481,-1
1788814546.7536,1450192,V,550,483,-1
1788814546.7536,1450200,V,548,482,-1
1788814546.8023,1450213,V,547,481,15420
1788814546.8023,1450221,V,547,481,-1
1788814546.8023,1450229,V,548,482,-1
1788814546.8023,1450237,V,547,481,-1
1788814546.8023,1450245,V,547,481,-1
1788814546.8023,1450253,V,547,481,-1
1788814546.8514,1450267,V,547,481,15421
1788814546.8514,1450275,V,547,481,-1
1788814546.8514,1450283,V,547,481,-1
1788814546.8514,1450291,V,565,497,-1
1788814546.8514,1450299,V,547,481,-1
1788814546.8514,1450307,V,547,481,-1
1788814546.9004,1450321,V,548,482,15422
1788814546.9004,1450329,V,547,481,-1
1788814546.9004,1450337,V,547,481,-1
1788814546.9004,1450345,V,546,480,-1
1788814546.9004,1450353,V,546,480,-1
1788814546.9004,1450361,V,547,481,-1
1788814546.9482,1450374,V,546,480,15423
1788814546.9483,1450382,V,546,480,-1
1788814546.9483,1450390,V,546,480,-1
1788814546.9483,1450398,V,546,480,-1
1788814546.9483,1450406,V,546,480,-1
1788814546.9483,1450414,V,546,480,-1
1788814547.0459,1450428,V,546,480,15424
1788814547.0460,1450436,V,547,481,-1
1788814547.0460,1450444,V,547,481,-1
1788814547.0460,1450452,V,548,482,-1
1788814547.0460,1450460,V,547,481,-1
1788814547.0460,1450468,V,547,481,-1
1788814547.0470,1450481,V,547,481,15425
1788814547.0470,1450489,V,546,480,-1
1788814547.0470,1450497,V,547,481,-1
1788814547.0470,1450505,V,547,481,-1
1788814547.0470,1450513,V,548,482,-1
1788814547.0470,1450521,V,547,481,-1
1788814547.0950,1450535,V,548,482,15426
1788814547.0950,1450543,V,547,481,-1
1788814547.0950,1450551,V,547,481,-1
1788814547.0951,1450559,V,547,481,-1
1788814547.0951,1450567,V,546,480,-1
1788814547.0951,1450575,V,547,481,-1
1788814547.1431,1450589,V,547,481,15427
1788814547.1431,1450597,V,546,480,-1
1788814547.1432,1450605,V,547,481,-1
1788814547.1432,1450613,V,547,481,-1
1788814547.1432,1450621,V,547,481,-1
1788814547.1432,1450629,V,553,486,-1
1788814547.2411,1450642,V,546,480,15428
1788814547.2412,1450650,V,548,482,-1
1788814547.2412,1450658,V,547,481,-1
1788814547.2412,1450666,V,547,481,-1
1788814547.2413,1450674,V,547,481,-1
1788814547.2413,1450682,V,548,482,-1
1788814547.2899,1450696,V,546,480,15429
1788814547.2899,1450704,V,546,480,-1
1788814547.2899,1450712,V,547,481,-1
1788814547.2899,1450720,V,547,481,-1
1788814547.2899,1450728,V,547,481,-1
1788814547.2899,1450736,V,546,480,-1
1788814547.3384,1450750,V,547,481,15430
1788814547.3384,1450758,V,547,481,-1
1788814547.3384,1450766,V,548,482,-1
1788814547.3384,1450774,V,547,481,-1
1788814547.3384,1450782,V,546,480,-1
1788814547.3384,1450790,V,546,480,-1
1788814547.3871,1450803,V,546,480,15431
1788814547.3872,1450811,V,546,480,-1
1788814547.3872,1450819,V,546,480,-1
1788814547.3872,1450827,V,565,497,-1
1788814547.3872,1450835,V,547,481,-1
1788814547.3872,1450843,V,546,480,-1
1788814547.4355,1450857,V,546,480,15432
1788814547.4356,1450865,V,546,480,-1
1788814547.4356,1450873,V,545,479,-1
1788814547.4356,1450881,V,546,480,-1
1788814547.4356,1450889,V,547,481,-1
1788814547.4356,1450897,V,547,481,-1
1788814547.4849,1450911,V,546,480,15433
1788814547.4850,1450919,V,546,480,-1
1788814547.4850,1450927,V,546,480,-1
1788814547.4850,1450935,V,546,480,-1
1788814547.4850,1450943,V,546,480,-1
1788814547.4850,1450951,V,546,480,-1
1788814547.5351,1450964,V,546,480,15434
1788814547.5351,1450972,V,546,480,-1
1788814547.5351,1450980,V,546,480,-1
1788814547.5351,1450988,V,546,480,-1
1788814547.5351,1450996,V,546,480,-1
1788814547.5351,1451004,V,546,480,-1
1788814547.5820,1451018,V,546,480,15435
1788814547.5820,1451026,V,546,480,-1
1788814547.5821,1451034,V,546,480,-1
1788814547.5821,1451042,V,547,481,-1
1788814547.5821,1451050,V,548,482,-1
1788814547.5821,1451058,V,547,481,-1
1788814547.6310,1451071,V,547,481,15436
1788814547.6311,1451079,V,547,481,-1
1788814547.6311,1451087,V,547,481,-1
1788814547.6311,1451095,V,546,480,-1
1788814547.6311,1451103,V,547,481,-1
1788814547.6311,1451111,V,547,481,-1
1788814547.6798,1451125,V,548,482,15437
1788814547.6799,1451133,V,547,481,-1
1788814547.6799,1451141,V,548,482,-1
1788814547.6799,1451149,V,547,481,-1
1788814547.6799,1451157,V,546,480,-1
1788814547.6799,1451165,V,553,486,-1
1788814547.7791,1451179,V,548,482,15438
1788814547.7792,1451187,V,547,481,-1
1788814547.7792,1451195,V,547,481,-1
1788814547.7792,1451203,V,547,481,-1
1788814547.7792,1451211,V,548,482,-1
1788814547.7792,1451219,V,548,482,-1
1788814547.8262,1451232,V,547,481,15439
1788814547.8263,1451240,V,547,481,-1
1788814547.8263,1451248,V,546,480,-1
1788814547.8263,1451256,V,547,481,-1
1788814547.8263,1451264,V,548,482,-1
1788814547.8263,1451272,V,547,481,-1
1788814547.8746,1451286,V,547,481,15440
1788814547.8746,1451294,V,547,481,-1
1788814547.8746,1451302,V,545,479,-1
1788814547.8746,1451310,V,547,481,-1
1788814547.8746,1451318,V,547,481,-1
1788814547.8746,1451326,V,546,480,-1
1788814547.9235,1451339,V,546,480,15441
1788814547.9235,1451347,V,546,480,-1
1788814547.9235,1451355,V,546,480,-1
1788814547.9235,1451363,V,566,497,-1
1788814547.9237,1451371,V,547,481,-1
1788814547.9237,1451379,V,546,480,-1
1788814547.9721,1451393,V,546,480,15442
1788814547.9721,1451401,V,548,482,-1
1788814547.9721,1451409,V,547,481,-1
1788814547.9721,1451417,V,547,481,-1
1788814547.9721,1451425,V,546,480,-1
1788814547.9721,1451433,V,548,482,-1
1788814548.0208,1451447,V,547,481,15443
1788814548.0209,1451455,V,547,481,-1
1788814548.0210,1451463,V,547,481,-1
1788814548.0210,1451471,V,546,480,-1
1788814548.0210,1451479,V,547,481,-1
1788814548.0210,1451487,V,547,481,-1
1788814548.0697,1451500,V,548,482,15444
1788814548.0698,1451508,V,548,482,-1
1788814548.0698,1451516,V,548,482,-1
1788814548.0698,1451524,V,548,482,-1
1788814548.0698,1451532,V,547,481,-1
1788814548.0698,1451540,V,548,482,-1
1788814548.1183,1451554,V,548,482,15445
1788814548.1183,1451562,V,549,483,-1
1788814548.1183,1451570,V,548,482,-1
1788814548.1183,1451578,V,548,482,-1
1788814548.1183,1451586,V,547,481,-1
1788814548.1183,1451594,V,547,481,-1
1788814548.1671,1451608,V,549,483,15446
1788814548.1671,1451616,V,547,481,-1
1788814548.1671,1451624,V,547,481,-1
1788814548.1672,1451632,V,548,482,-1
1788814548.1672,1451640,V,547,481,-1
1788814548.1672,1451648,V,548,482,-1
1788814548.2157,1451661,V,547,481,15447
1788814548.2158,1451669,V,547,481,-1
1788814548.2158,1451677,V,547,481,-1
1788814548.2158,1451685,V,546,480,-1
1788814548.2158,1451693,V,546,480,-1
1788814548.2158,1451701,V,553,486,-1
1788814548.3140,1451715,V,547,481,15448
1788814548.3142,1451723,V,546,480,-1
1788814548.3142,1451731,V,546,480,-1
1788814548.3142,1451739,V,547,481,-1
1788814548.3142,1451747,V,547,481,-1
1788814548.3142,1451755,V,547,481,-1
1788814548.3623,1451769,V,546,480,15449
1788814548.3623,1451777,V,547,481,-1
1788814548.3623,1451785,V,547,481,-1
1788814548.3623,1451793,V,547,481,-1
1788814548.3623,1451801,V,550,483,-1
1788814548.3623,1451809,V,548,482,-1
1788814548.4110,1451822,V,548,482,15450
1788814548.4110,1451830,V,548,482,-1
1788814548.4110,1451838,V,546,480,-1
1788814548.4110,1451846,V,547,481,-1
1788814548.4110,1451854,V,547,481,-1
1788814548.4110,1451862,V,547,481,-1
1788814548.4594,1451876,V,546,480,15451
1788814548.4594,1451884,V,546,480,-1
1788814548.4594,1451892,V,546,480,-1
1788814548.4594,1451900,V,565,497,-1
1788814548.4594,1451908,V,547,481,-1
1788814548.4594,1451916,V,547,481,-1
1788814548.5091,1451929,V,547,481,15452
1788814548.5091,1451937,V,547,481,-1
1788814548.5092,1451945,V,546,480,-1
1788814548.5092,1451953,V,547,481,-1
1788814548.5092,1451961,V,546,480,-1
1788814548.5092,1451969,V,547,481,-1
1788814548.5598,1451983,V,546,480,15453
1788814548.5600,1451991,V,546,480,-1
1788814548.5600,1451999,V,547,481,-1
1788814548.5600,1452007,V,547,481,-1
1788814548.5600,1452015,V,547,481,-1
1788814548.5601,1452023,V,546,480,-1
1788814548.6065,1452037,V,547,481,15454
1788814548.6065,1452045,V,546,480,-1
1788814548.6065,1452053,V,548,482,-1
1788814548.6066,1452061,V,546,480,-1
1788814548.6066,1452069,V,547,481,-1
1788814548.6066,1452077,V,547,481,-1
1788814548.6555,1452090,V,546,480,15455
1788814548.6556,1452098,V,546,480,-1
1788814548.6556,1452106,V,545,479,-1
1788814548.6556,1452114,V,546,480,-1
1788814548.6556,1452122,V,546,480,-1
1788814548.6556,1452130,V,545,479,-1
1788814548.7032,1452144,V,547,481,15456
1788814548.7032,1452152,V,545,479,-1
1788814548.7032,1452160,V,546,480,-1
1788814548.7033,1452168,V,545,479,-1
1788814548.7033,1452176,V,546,480,-1
1788814548.7033,1452184,V,546,480,-1
1788814548.7521,1452198,V,548,482,15457
1788814548.7522,1452206,V,546,480,-1
1788814548.7522,1452214,V,546,480,-1
1788814548.7522,1452222,V,547,481,-1
1788814548.7522,1452230,V,547,481,-1
1788814548.7522,1452238,V,553,486,-1
1788814548.8496,1452251,V,546,480,15458
1788814548.8498,1452259,V,548,482,-1
1788814548.8498,1452267,V,546,480,-1
1788814548.8498,1452275,V,547,481,-1
1788814548.8498,1452283,V,547,481,-1
1788814548.8498,1452291,V,547,481,-1
1788814548.8989,1452305,V,547,481,15459
1788814548.8989,1452313,V,547,481,-1
1788814548.8989,1452321,V,547,481,-1
1788814548.8989,1452329,V,548,482,-1
1788814548.8989,1452337,V,552,485,-1
1788814548.8990,1452345,V,548,482,-1
1788814548.9469,1452359,V,546,480,15460
1788814548.9469,1452367,V,548,482,-1
1788814548.9469,1452375,V,547,481,-1
1788814548.9469,1452383,V,547,481,-1
1788814548.9469,1452391,V,547,481,-1
1788814548.9469,1452399,V,548,482,-1
1788814548.9968,1452412,V,548,482,15461
1788814548.9968,1452420,V,547,481,-1
1788814548.9968,1452428,V,548,482,-1
1788814548.9969,1452436,V,557,490,-1
1788814548.9969,1452444,V,548,482,-1
1788814548.9969,1452452,V,547,481,-1
1788814549.0455,1452466,V,547,481,15462
1788814549.0455,1452474,V,547,481,-1
1788814549.0455,1452482,V,547,481,-1
1788814549.0455,1452490,V,548,482,-1
1788814549.0455,1452498,V,547,481,-1
1788814549.0455,1452506,V,548,482,-1
1788814549.1442,1452520,V,548,482,15463
1788814549.1444,1452528,V,547,481,-1
1788814549.1445,1452536,V,548,482,-1
1788814549.1445,1452544,V,548,482,-1
1788814549.1445,1452552,V,547,481,-1
1788814549.1445,1452560,V,547,481,-1
1788814549.1447,1452573,V,548,482,15464
1788814549.1447,1452581,V,547,481,-1
1788814549.1447,1452589,V,548,482,-1
1788814549.1447,1452597,V,547,481,-1
1788814549.1448,1452605,V,548,482,-1
1788814549.1448,1452613,V,548,482,-1
1788814549.1921,1452627,V,547,481,15465
1788814549.1922,1452635,V,548,482,-1
1788814549.1922,1452643,V,546,480,-1
1788814549.1922,1452651,V,547,481,-1
1788814549.1922,1452659,V,548,482,-1
1788814549.1922,1452667,V,546,480,-1
1788814549.2394,1452680,V,552,485,15466
1788814549.2394,1452688,V,546,480,-1
1788814549.2394,1452696,V,548,482,-1
1788814549.2395,1452704,V,547,481,-1
1788814549.2395,1452712,V,548,482,-1
1788814549.2395,1452720,V,547,481,-1
1788814549.2884,1452734,V,547,481,15467
1788814549.2884,1452742,V,547,481,-1
1788814549.2884,1452750,V,547,481,-1
1788814549.2884,1452758,V,548,482,-1
1788814549.2884,1452766,V,548,482,-1
1788814549.2884,1452774,V,552,485,-1
1788814549.3869,1452788,V,548,482,15468
1788814549.3871,1452796,V,548,482,-1
1788814549.3871,1452804,V,546,480,-1
1788814549.3871,1452812,V,548,482,-1
1788814549.3871,1452820,V,547,481,-1
1788814549.3871,1452828,V,547,481,-1
1788814549.4359,1452841,V,548,482,15469
1788814549.4359,1452849,V,548,482,-1
1788814549.4359,1452857,V,548,482,-1
1788814549.4359,1452865,V,547,481,-1
1788814549.4359,1452873,V,555,488,-1
1788814549.4359,1452881,V,548,482,-1
1788814549.4836,1452895,V,548,482,15470
1788814549.4837,1452903,V,548,482,-1
1788814549.4837,1452911,V,547,481,-1
1788814549.4837,1452919,V,547,481,-1
1788814549.4837,1452927,V,548,482,-1
1788814549.4837,1452935,V,548,482,-1
1788814549.5321,1452949,V,549,483,15471
1788814549.5322,1452957,V,549,483,-1
1788814549.5322,1452965,V,549,483,-1
1788814549.5322,1452973,V,556,489,-1
1788814549.5322,1452981,V,548,482,-1
1788814549.5322,1452989,V,547,481,-1
1788814549.5809,1453002,V,547,481,15472
1788814549.5809,1453010,V,546,480,-1
1788814549.5809,1453018,V,546,480,-1
1788814549.5810,1453026,V,546,480,-1
1788814549.5810,1453034,V,547,481,-1
1788814549.5810,1453042,V,547,481,-1
1788814549.6297,1453056,V,547,481,15473
1788814549.6298,1453064,V,548,482,-1
1788814549.6298,1453072,V,546,480,-1
1788814549.6298,1453080,V,547,481,-1
1788814549.6298,1453088,V,545,479,-1
1788814549.6298,1453096,V,545,479,-1
1788814549.6787,1453109,V,546,480,15474
1788814549.6788,1453117,V,546,480,-1
1788814549.6788,1453125,V,546,480,-1
1788814549.6788,1453133,V,546,480,-1
1788814549.6788,1453141,V,546,480,-1
1788814549.6788,1453149,V,546,480,-1
1788814549.7274,1453163,V,546,480,15475
1788814549.7275,1453171,V,546,480,-1
1788814549.7275,1453179,V,547,481,-1
1788814549.7275,1453187,V,546,480,-1
1788814549.7275,1453195,V,548,482,-1
1788814549.7275,1453203,V,547,481,-1
1788814549.7759,1453217,V,554,487,15476
1788814549.7759,1453225,V,546,480,-1
1788814549.7760,1453233,V,547,481,-1
1788814549.7760,1453241,V,546,480,-1
1788814549.7760,1453249,V,546,480,-1
1788814549.7760,1453257,V,547,481,-1
1788814549.8244,1453270,V,547,481,15477
1788814549.8244,1453278,V,546,480,-1
1788814549.8244,1453286,V,547,481,-1
1788814549.8244,1453294,V,546,480,-1
1788814549.8244,1453302,V,546,480,-1
1788814549.8245,1453310,V,549,483,-1
1788814549.9221,1453324,V,546,480,15478
1788814549.9222,1453332,V,546,480,-1
1788814549.9223,1453340,V,546,480,-1
1788814549.9223,1453348,V,547,481,-1
1788814549.9223,1453356,V,546,480,-1
1788814549.9223,1453364,V,547,481,-1
1788814549.9709,1453378,V,547,481,15479
1788814549.9710,1453386,V,546,480,-1
1788814549.9710,1453394,V,546,480,-1
1788814549.9710,1453402,V,546,480,-1
1788814549.9710,1453410,V,557,490,-1
1788814549.9710,1453418,V,547,481,-1
1788814550.0196,1453431,V,547,481,15480
1788814550.0196,1453439,V,547,481,-1
1788814550.0197,1453447,V,548,482,-1
1788814550.0197,1453455,V,547,481,-1
1788814550.0197,1453463,V,547,481,-1
1788814550.0197,1453471,V,545,479,-1
1788814550.0685,1453485,V,545,479,15481
1788814550.0685,1453493,V,546,480,-1
1788814550.0685,1453501,V,544,478,-1
1788814550.0685,1453509,V,547,481,-1
1788814550.0686,1453517,V,546,480,-1
1788814550.0686,1453525,V,546,480,-1
1788814550.1171,1453539,V,546,480,15482
1788814550.1171,1453547,V,545,479,-1
1788814550.1171,1453555,V,546,480,-1
1788814550.1171,1453563,V,546,480,-1
1788814550.1171,1453571,V,546,480,-1
1788814550.1172,1453579,V,546,480,-1
1788814550.1660,1453592,V,546,480,15483
1788814550.1661,1453600,V,546,480,-1
1788814550.1662,1453608,V,546,480,-1
1788814550.1662,1453616,V,545,479,-1
1788814550.1662,1453624,V,545,479,-1
1788814550.1662,1453632,V,546,480,-1
1788814550.2152,1453646,V,547,481,15484
1788814550.2153,1453654,V,547,481,-1
1788814550.2153,1453662,V,547,481,-1
1788814550.2153,1453670,V,547,481,-1
1788814550.2153,1453678,V,546,480,-1
1788814550.2153,1453686,V,546,480,-1
1788814550.2637,1453700,V,546,480,15485
1788814550.2637,1453708,V,546,480,-1
1788814550.2637,1453716,V,546,480,-1
1788814550.2637,1453724,V,546,480,-1
1788814550.2637,1453732,V,546,480,-1
1788814550.2637,1453740,V,546,480,-1
1788814550.3124,1453753,V,553,486,15486
1788814550.3125,1453761,V,546,480,-1
1788814550.3125,1453769,V,547,481,-1
1788814550.3125,1453777,V,546,480,-1
1788814550.3125,1453785,V,547,481,-1
1788814550.3125,1453793,V,546,480,-1
1788814550.3609,1453807,V,547,481,15487
1788814550.3609,1453815,V,547,481,-1
1788814550.3609,1453823,V,547,481,-1
1788814550.3609,1453831,V,548,482,-1
1788814550.3609,1453839,V,546,480,-1
1788814550.3609,1453847,V,548,482,-1
1788814550.4581,1453861,V,547,481,15488
1788814550.4582,1453869,V,546,480,-1
1788814550.4582,1453877,V,547,481,-1
1788814550.4582,1453885,V,548,482,-1
1788814550.4582,1453893,V,548,482,-1
1788814550.4583,1453901,V,548,482,-1
1788814550.5075,1453915,V,547,481,15489
1788814550.5075,1453923,V,547,481,-1
1788814550.5075,1453931,V,547,481,-1
1788814550.5075,1453939,V,547,481,-1
1788814550.5075,1453947,V,555,488,-1
1788814550.5075,1453955,V,546,480,-1
1788814550.5573,1453968,V,547,481,15490
1788814550.5573,1453976,V,546,480,-1
1788814550.5573,1453984,V,547,481,-1
1788814550.5573,1453992,V,546,480,-1
1788814550.5573,1454000,V,547,481,-1
1788814550.5573,1454008,V,547,481,-1
1788814550.6045,1454022,V,548,482,15491
1788814550.6045,1454030,V,547,481,-1
1788814550.6045,1454038,V,548,482,-1
1788814550.6045,1454046,V,547,481,-1
1788814550.6045,1454054,V,546,480,-1
1788814550.6045,1454062,V,546,480,-1
1788814550.6534,1454075,V,547,481,15492
1788814550.6534,1454083,V,547,481,-1
1788814550.6534,1454091,V,547,481,-1
1788814550.6534,1454099,V,547,481,-1
1788814550.6534,1454107,V,547,481,-1
1788814550.6534,1454115,V,546,480,-1
1788814550.7020,1454129,V,547,481,15493
1788814550.7020,1454137,V,546,480,-1
1788814550.7020,1454145,V,546,480,-1
1788814550.7020,1454153,V,548,482,-1
1788814550.7021,1454161,V,546,480,-1
1788814550.7021,1454169,V,546,480,-1
1788814550.7504,1454183,V,546,480,15494
1788814550.7504,1454191,V,548,482,-1
1788814550.7504,1454199,V,547,481,-1
1788814550.7504,1454207,V,547,481,-1
1788814550.7504,1454215,V,547,481,-1
1788814550.7504,1454223,V,547,481,-1
1788814550.7994,1454236,V,546,480,15495
1788814550.7994,1454244,V,547,481,-1
1788814550.7994,1454252,V,548,482,-1
1788814550.7994,1454260,V,548,482,-1
1788814550.7994,1454268,V,546,480,-1
1788814550.7994,1454276,V,547,481,-1
1788814550.8481,1454290,V,550,483,15496
1788814550.8481,1454298,V,547,481,-1
1788814550.8481,1454306,V,548,482,-1
1788814550.8481,1454314,V,546,480,-1
1788814550.8481,1454322,V,548,482,-1
1788814550.8481,1454330,V,548,482,-1
1788814550.9462,1454343,V,549,483,15497
1788814550.9463,1454351,V,548,482,-1
1788814550.9463,1454359,V,548,482,-1
1788814550.9463,1454367,V,549,483,-1
1788814550.9463,1454375,V,548,482,-1
1788814550.9463,1454383,V,554,487,-1
1788814550.9952,1454397,V,547,481,15498
1788814550.9953,1454405,V,548,482,-1
1788814550.9953,1454413,V,548,482,-1
1788814550.9953,1454421,V,548,482,-1
1788814550.9953,1454429,V,547,481,-1
1788814550.9953,1454437,V,547,481,-1
1788814551.0440,1454451,V,547,481,15499
1788814551.0441,1454459,V,547,481,-1
1788814551.0441,1454467,V,547,481,-1
1788814551.0441,1454475,V,548,482,-1
1788814551.0441,1454483,V,548,482,-1
1788814551.0441,1454491,V,547,481,-1
1788814551.0921,1454505,V,547,481,15500
1788814551.0921,1454513,V,547,481,-1
1788814551.0921,1454521,V,547,481,-1
1788814551.0921,1454529,V,547,481,-1
1788814551.0921,1454537,V,548,482,-1
1788814551.0921,1454545,V,546,480,-1
1788814551.1422,1454558,V,546,480,15501
1788814551.1422,1454566,V,547,481,-1
1788814551.1423,1454574,V,546,480,-1
1788814551.1423,1454582,V,546,480,-1
1788814551.1423,1454590,V,547,481,-1
1788814551.1423,1454598,V,546,480,-1
1788814551.2390,1454612,V,546,480,15502
1788814551.2392,1454620,V,546,480,-1
1788814551.2392,1454628,V,547,481,-1
1788814551.2392,1454636,V,546,480,-1
1788814551.2392,1454644,V,547,481,-1
1788814551.2392,1454652,V,546,480,-1
1788814551.2408,1454666,V,547,481,15503
1788814551.2408,1454674,V,549,483,-1
1788814551.2408,1454682,V,548,482,-1
1788814551.2408,1454690,V,548,482,-1
1788814551.2408,1454698,V,548,482,-1
1788814551.2409,1454706,V,548,482,-1
1788814551.2889,1454719,V,547,481,15504
1788814551.2890,1454727,V,553,486,-1
1788814551.2890,1454735,V,548,482,-1
1788814551.2890,1454743,V,547,481,-1
1788814551.2890,1454751,V,547,481,-1
1788814551.2890,1454759,V,548,482,-1
1788814551.3357,1454773,V,547,481,15505
1788814551.3358,1454781,V,548,482,-1
1788814551.3358,1454789,V,547,481,-1
1788814551.3358,1454797,V,548,482,-1
1788814551.3358,1454805,V,547,481,-1
1788814551.3358,1454813,V,548,482,-1
1788814551.3846,1454826,V,550,483,15506
1788814551.3846,1454834,V,547,481,-1
1788814551.3847,1454842,V,546,480,-1
1788814551.3847,1454850,V,546,480,-1
1788814551.3847,1454858,V,546,480,-1
1788814551.3847,1454866,V,547,481,-1
1788814551.4831,1454880,V,546,480,15507
1788814551.4832,1454888,V,547,481,-1
1788814551.4832,1454896,V,546,480,-1
1788814551.4832,1454904,V,546,480,-1
1788814551.4832,1454912,V,546,480,-1
1788814551.4832,1454920,V,563,495,-1
1788814551.5312,1454934,V,546,480,15508
1788814551.5312,1454942,V,547,481,-1
1788814551.5313,1454950,V,546,480,-1
1788814551.5313,1454958,V,547,481,-1
1788814551.5313,1454966,V,547,481,-1
1788814551.5313,1454974,V,546,480,-1
1788814551.5834,1454987,V,546,480,15509
1788814551.5834,1454995,V,548,482,-1
1788814551.5834,1455003,V,546,480,-1
1788814551.5834,1455011,V,547,481,-1
1788814551.5834,1455019,V,548,482,-1
1788814551.5834,1455027,V,548,482,-1
1788814551.6292,1455041,V,547,481,15510
1788814551.6293,1455049,V,548,482,-1
1788814551.6293,1455057,V,547,481,-1
1788814551.6293,1455065,V,547,481,-1
1788814551.6293,1455073,V,547,481,-1
1788814551.6293,1455081,V,547,481,-1
1788814551.7263,1455095,V,547,481,15511
1788814551.7264,1455103,V,547,481,-1
1788814551.7264,1455111,V,547,481,-1
1788814551.7264,1455119,V,546,480,-1
1788814551.7265,1455127,V,547,481,-1
1788814551.7265,1455135,V,548,482,-1
1788814551.7280,1455148,V,548,482,15512
1788814551.7281,1455156,V,546,480,-1
1788814551.7281,1455164,V,548,482,-1
1788814551.7281,1455172,V,547,481,-1
1788814551.7281,1455180,V,547,481,-1
1788814551.7281,1455188,V,548,482,-1
1788814551.7750,1455202,V,547,481,15513
1788814551.7750,1455210,V,547,481,-1
1788814551.7750,1455218,V,548,482,-1
1788814551.7750,1455226,V,547,481,-1
1788814551.7750,1455234,V,548,482,-1
1788814551.7750,1455242,V,548,482,-1
1788814551.8237,1455255,V,548,482,15514
1788814551.8237,1455263,V,555,488,-1
1788814551.8237,1455271,V,548,482,-1
1788814551.8237,1455279,V,549,483,-1
1788814551.8237,1455287,V,548,482,-1
1788814551.8237,1455295,V,547,481,-1
1788814551.8721,1455309,V,547,481,15515
1788814551.8722,1455317,V,547,481,-1
1788814551.8722,1455325,V,547,481,-1
1788814551.8722,1455333,V,547,481,-1
1788814551.8722,1455341,V,548,482,-1
1788814551.8722,1455349,V,547,481,-1
1788814551.9206,1455363,V,549,483,15516
1788814551.9207,1455371,V,546,480,-1
1788814551.9207,1455379,V,546,480,-1
1788814551.9207,1455387,V,547,481,-1
1788814551.9207,1455395,V,546,480,-1
1788814551.9207,1455403,V,547,481,-1
1788814552.0184,1455416,V,546,480,15517
1788814552.0186,1455424,V,546,480,-1
1788814552.0186,1455432,V,546,480,-1
1788814552.0186,1455440,V,546,480,-1
1788814552.0186,1455448,V,547,481,-1
1788814552.0186,1455456,V,564,496,-1
1788814552.0675,1455470,V,546,480,15518
1788814552.0675,1455478,V,547,481,-1
1788814552.0675,1455486,V,547,481,-1
1788814552.0675,1455494,V,546,480,-1
1788814552.0675,1455502,V,547,481,-1
1788814552.0675,1455510,V,547,481,-1
1788814552.1160,1455524,V,547,481,15519
1788814552.1161,1455532,V,547,481,-1
1788814552.1161,1455540,V,546,480,-1
1788814552.1161,1455548,V,546,480,-1
1788814552.1161,1455556,V,548,482,-1
1788814552.1161,1455564,V,547,481,-1
1788814552.1645,1455577,V,546,480,15520
1788814552.1645,1455585,V,547,481,-1
1788814552.1645,1455593,V,546,480,-1
1788814552.1646,1455601,V,547,481,-1
1788814552.1646,1455609,V,546,480,-1
1788814552.1646,1455617,V,547,481,-1
1788814552.2138,1455631,V,546,480,15521
1788814552.2139,1455639,V,546,480,-1
1788814552.2139,1455647,V,547,481,-1
1788814552.2139,1455655,V,547,481,-1
1788814552.2139,1455663,V,547,481,-1
1788814552.2139,1455671,V,547,481,-1
1788814552.2620,1455684,V,547,481,15522
1788814552.2621,1455692,V,547,481,-1
1788814552.2621,1455700,V,547,481,-1
1788814552.2621,1455708,V,547,481,-1
1788814552.2621,1455716,V,546,480,-1
1788814552.2621,1455724,V,547,481,-1
1788814552.3114,1455738,V,546,480,15523
1788814552.3114,1455746,V,546,480,-1
1788814552.3114,1455754,V,546,480,-1
1788814552.3114,1455762,V,545,479,-1
1788814552.3114,1455770,V,545,479,-1
1788814552.3114,1455778,V,545,479,-1
1788814552.3599,1455792,V,545,479,15524
1788814552.3599,1455800,V,551,484,-1
1788814552.3599,1455808,V,545,479,-1
1788814552.3599,1455816,V,544,478,-1
1788814552.3599,1455824,V,545,479,-1
1788814552.3599,1455832,V,545,479,-1
1788814552.4084,1455845,V,544,478,15525
1788814552.4085,1455853,V,544,478,-1
1788814552.4085,1455861,V,545,479,-1
1788814552.4085,1455869,V,544,478,-1
1788814552.4085,1455877,V,545,479,-1
1788814552.4085,1455885,V,545,479,-1
1788814552.4571,1455899,V,547,481,15526
1788814552.4571,1455907,V,547,481,-1
1788814552.4571,1455915,V,547,481,-1
1788814552.4571,1455923,V,546,480,-1
1788814552.4572,1455931,V,547,481,-1
1788814552.4572,1455939,V,547,481,-1
1788814552.5544,1455953,V,546,480,15527
1788814552.5545,1455961,V,548,482,-1
1788814552.5546,1455969,V,548,482,-1
1788814552.5546,1455977,V,547,481,-1
1788814552.5546,1455985,V,547,481,-1
1788814552.5546,1455993,V,564,496,-1
1788814552.6038,1456006,V,546,480,15528
1788814552.6038,1456014,V,548,482,-1
1788814552.6038,1456022,V,547,481,-1
1788814552.6038,1456030,V,547,481,-1
1788814552.6038,1456038,V,549,483,-1
1788814552.6038,1456046,V,548,482,-1
1788814552.6525,1456060,V,548,482,15529
1788814552.6525,1456068,V,547,481,-1
1788814552.6526,1456076,V,547,481,-1
1788814552.6526,1456084,V,547,481,-1
1788814552.6526,1456092,V,547,481,-1
1788814552.6526,1456100,V,547,481,-1
1788814552.7010,1456114,V,546,480,15530
1788814552.7010,1456122,V,547,481,-1
1788814552.7010,1456130,V,548,482,-1
1788814552.7010,1456138,V,546,480,-1
1788814552.7010,1456146,V,548,482,-1
1788814552.7010,1456154,V,545,479,-1
1788814552.7496,1456167,V,546,480,15531
1788814552.7497,1456175,V,547,481,-1
1788814552.7497,1456183,V,547,481,-1
1788814552.7497,1456191,V,547,481,-1
1788814552.7497,1456199,V,547,481,-1
1788814552.7497,1456207,V,546,480,-1
1788814552.7985,1456221,V,546,480,15532
1788814552.7986,1456229,V,546,480,-1
1788814552.7986,1456237,V,544,478,-1
1788814552.7987,1456245,V,545,479,-1
1788814552.7987,1456253,V,545,479,-1
1788814552.7987,1456261,V,545,479,-1
1788814552.8475,1456275,V,546,480,15533
1788814552.8475,1456283,V,545,479,-1
1788814552.8475,1456291,V,545,479,-1
1788814552.8475,1456299,V,546,480,-1
1788814552.8475,1456307,V,546,480,-1
1788814552.8476,1456315,V,546,480,-1
1788814552.8960,1456328,V,546,480,15534
1788814552.8961,1456336,V,553,486,-1
1788814552.8961,1456344,V,546,480,-1
1788814552.8961,1456352,V,546,480,-1
1788814552.8961,1456360,V,546,480,-1
1788814552.8961,1456368,V,546,480,-1
1788814552.9446,1456382,V,547,481,15535
1788814552.9446,1456390,V,546,480,-1
1788814552.9446,1456398,V,547,481,-1
1788814552.9447,1456406,V,546,480,-1
1788814552.9447,1456414,V,547,481,-1
1788814552.9447,1456422,V,546,480,-1
1788814552.9936,1456435,V,552,485,15536
1788814552.9936,1456443,V,547,481,-1
1788814552.9936,1456451,V,546,480,-1
1788814552.9936,1456459,V,546,480,-1
1788814552.9936,1456467,V,545,479,-1
1788814552.9936,1456475,V,546,480,-1
1788814553.0913,1456489,V,546,480,15537
1788814553.0914,1456497,V,546,480,-1
1788814553.0914,1456505,V,547,481,-1
1788814553.0914,1456513,V,546,480,-1
1788814553.0914,1456521,V,547,481,-1
1788814553.0914,1456529,V,548,482,-1
1788814553.1399,1456543,V,546,480,15538
1788814553.1400,1456551,V,547,481,-1
1788814553.1400,1456559,V,547,481,-1
1788814553.1400,1456567,V,547,481,-1
1788814553.1400,1456575,V,547,481,-1
1788814553.1400,1456583,V,547,481,-1
1788814553.1885,1456597,V,546,480,15539
1788814553.1885,1456605,V,547,481,-1
1788814553.1885,1456613,V,547,481,-1
1788814553.1885,1456621,V,547,481,-1
1788814553.1885,1456629,V,546,480,-1
1788814553.1885,1456637,V,547,481,-1
1788814553.2372,1456650,V,547,481,15540
1788814553.2372,1456658,V,546,480,-1
1788814553.2373,1456666,V,546,480,-1
1788814553.2373,1456674,V,546,480,-1
1788814553.2373,1456682,V,547,481,-1
1788814553.2373,1456690,V,546,480,-1
1788814553.3353,1456704,V,546,480,15541
1788814553.3354,1456712,V,546,480,-1
1788814553.3354,1456720,V,547,481,-1
1788814553.3354,1456728,V,547,481,-1
1788814553.3356,1456736,V,546,480,-1
1788814553.3356,1456744,V,546,480,-1
1788814553.3371,1456758,V,549,483,15542
1788814553.3371,1456766,V,547,481,-1
1788814553.3371,1456774,V,551,484,-1
1788814553.3371,1456782,V,546,480,-1
1788814553.3372,1456790,V,546,480,-1
1788814553.3372,1456798,V,546,480,-1
1788814553.3847,1456811,V,545,479,15543
1788814553.3847,1456819,V,547,481,-1
1788814553.3847,1456827,V,546,480,-1
1788814553.3847,1456835,V,547,481,-1
1788814553.3847,1456843,V,546,480,-1
1788814553.3848,1456851,V,546,480,-1
1788814553.4319,1456865,V,546,480,15544
1788814553.4319,1456873,V,548,482,-1
1788814553.4319,1456881,V,546,480,-1
1788814553.4319,1456889,V,546,480,-1
1788814553.4319,1456897,V,546,480,-1
1788814553.4319,1456905,V,548,482,-1
1788814553.4808,1456918,V,546,480,15545
1788814553.4808,1456926,V,546,480,-1
1788814553.4809,1456934,V,547,481,-1
1788814553.4809,1456942,V,547,481,-1
1788814553.4809,1456950,V,546,480,-1
1788814553.4809,1456958,V,547,481,-1
1788814553.5305,1456972,V,567,498,15546
1788814553.5305,1456980,V,547,481,-1
1788814553.5305,1456988,V,547,481,-1
1788814553.5305,1456996,V,547,481,-1
1788814553.5305,1457004,V,548,482,-1
1788814553.5305,1457012,V,547,481,-1
1788814553.6281,1457026,V,546,480,15547
1788814553.6283,1457034,V,546,480,-1
1788814553.6283,1457042,V,547,481,-1
1788814553.6283,1457050,V,547,481,-1
1788814553.6283,1457058,V,547,481,-1
1788814553.6283,1457066,V,549,483,-1
1788814553.6773,1457079,V,548,482,15548
1788814553.6773,1457087,V,547,481,-1
1788814553.6773,1457095,V,547,481,-1
1788814553.6773,1457103,V,547,481,-1
1788814553.6773,1457111,V,546,480,-1
1788814553.6773,1457119,V,546,480,-1
1788814553.7245,1457133,V,546,480,15549
1788814553.7245,1457141,V,546,480,-1
1788814553.7245,1457149,V,546,480,-1
1788814553.7245,1457157,V,546,480,-1
1788814553.7245,1457165,V,547,481,-1
1788814553.7245,1457173,V,546,480,-1
1788814553.7734,1457186,V,546,480,15550
1788814553.7734,1457194,V,546,480,-1
1788814553.7734,1457202,V,547,481,-1
1788814553.7734,1457210,V,546,480,-1
1788814553.7735,1457218,V,547,481,-1
1788814553.7735,1457226,V,547,481,-1
1788814553.8223,1457240,V,546,480,15551
1788814553.8224,1457248,V,548,482,-1
1788814553.8224,1457256,V,545,479,-1
1788814553.8224,1457264,V,546,480,-1
1788814553.8224,1457272,V,547,481,-1
1788814553.8224,1457280,V,548,482,-1
1788814553.8708,1457294,V,547,481,15552
1788814553.8709,1457302,V,547,481,-1
1788814553.8709,1457310,V,552,485,-1
1788814553.8710,1457318,V,548,482,-1
1788814553.8710,1457326,V,548,482,-1
1788814553.8710,1457334,V,548,482,-1
1788814553.9199,1457347,V,547,481,15553
1788814553.9200,1457355,V,548,482,-1
1788814553.9200,1457363,V,547,481,-1
1788814553.9200,1457371,V,548,482,-1
1788814553.9200,1457379,V,547,481,-1
1788814553.9200,1457387,V,547,481,-1
1788814553.9685,1457401,V,548,482,15554
1788814553.9685,1457409,V,551,484,-1
1788814553.9685,1457417,V,547,481,-1
1788814553.9685,1457425,V,548,482,-1
1788814553.9685,1457433,V,547,481,-1
1788814553.9685,1457441,V,547,481,-1
1788814554.0173,1457455,V,547,481,15555
1788814554.0174,1457463,V,548,482,-1
1788814554.0174,1457471,V,548,482,-1
1788814554.0174,1457479,V,548,482,-1
1788814554.0174,1457487,V,548,482,-1
1788814554.0174,1457495,V,547,481,-1
1788814554.0663,1457508,V,562,494,15556
1788814554.0664,1457516,V,547,481,-1
1788814554.0664,1457524,V,547,481,-1
1788814554.0664,1457532,V,547,481,-1
1788814554.0664,1457540,V,548,482,-1
1788814554.0664,1457548,V,547,481,-1
1788814554.1637,1457562,V,549,483,15557
1788814554.1639,1457570,V,548,482,-1
1788814554.1639,1457578,V,547,481,-1
1788814554.1639,1457586,V,547,481,-1
1788814554.1639,1457594,V,548,482,-1
1788814554.1639,1457602,V,550,483,-1
1788814554.2126,1457616,V,547,481,15558
1788814554.2127,1457624,V,547,481,-1
1788814554.2127,1457632,V,547,481,-1
1788814554.2127,1457640,V,546,480,-1
1788814554.2127,1457648,V,547,481,-1
1788814554.2127,1457656,V,547,481,-1
1788814554.2610,1457669,V,546,480,15559
1788814554.2611,1457677,V,547,481,-1
1788814554.2611,1457685,V,547,481,-1
1788814554.2611,1457693,V,547,481,-1
1788814554.2611,1457701,V,548,482,-1
1788814554.2611,1457709,V,547,481,-1
1788814554.3100,1457723,V,547,481,15560
1788814554.3100,1457731,V,547,481,-1
1788814554.3100,1457739,V,548,482,-1
1788814554.3100,1457747,V,547,481,-1
1788814554.3100,1457755,V,547,481,-1
1788814554.3100,1457763,V,548,482,-1
1788814554.3583,1457776,V,546,480,15561
1788814554.3583,1457784,V,548,482,-1
1788814554.3583,1457792,V,548,482,-1
1788814554.3584,1457800,V,547,481,-1
1788814554.3584,1457808,V,546,480,-1
1788814554.3584,1457816,V,547,481,-1
1788814554.4072,1457830,V,547,481,15562
1788814554.4073,1457838,V,548,482,-1
1788814554.4073,1457846,V,552,485,-1
1788814554.4073,1457854,V,546,480,-1
1788814554.4073,1457862,V,547,481,-1
1788814554.4073,1457870,V,549,483,-1
1788814554.4563,1457884,V,548,482,15563
1788814554.4563,1457892,V,548,482,-1
1788814554.4563,1457900,V,547,481,-1
1788814554.4563,1457908,V,547,481,-1
1788814554.4564,1457916,V,547,481,-1
1788814554.4564,1457924,V,547,481,-1
1788814554.5535,1457937,V,546,480,15564
1788814554.5535,1457945,V,548,482,-1
1788814554.5535,1457953,V,547,481,-1
1788814554.5536,1457961,V,547,481,-1
1788814554.5536,1457969,V,548,482,-1
1788814554.5536,1457977,V,547,481,-1
1788814554.5547,1457991,V,548,482,15565
1788814554.5547,1457999,V,547,481,-1
1788814554.5548,1458007,V,548,482,-1
1788814554.5548,1458015,V,548,482,-1
1788814554.5548,1458023,V,547,481,-1
1788814554.5548,1458031,V,546,480,-1
1788814554.6038,1458045,V,569,500,15566
1788814554.6038,1458053,V,547,481,-1
1788814554.6038,1458061,V,546,480,-1
1788814554.6038,1458069,V,547,481,-1
1788814554.6038,1458077,V,547,481,-1
1788814554.6038,1458085,V,547,481,-1
1788814554.7009,1458098,V,547,481,15567
1788814554.7010,1458106,V,547,481,-1
1788814554.7011,1458114,V,546,480,-1
1788814554.7011,1458122,V,547,481,-1
1788814554.7011,1458130,V,547,481,-1
1788814554.7011,1458138,V,547,481,-1
1788814554.7488,1458152,V,547,481,15568
1788814554.7488,1458160,V,547,481,-1
1788814554.7488,1458168,V,546,480,-1
1788814554.7488,1458176,V,546,480,-1
1788814554.7488,1458184,V,546,480,-1
1788814554.7488,1458192,V,546,480,-1
1788814554.7974,1458206,V,546,480,15569
1788814554.7974,1458214,V,547,481,-1
1788814554.7974,1458222,V,548,482,-1
1788814554.7974,1458230,V,547,481,-1
1788814554.7974,1458238,V,547,481,-1
1788814554.7974,1458246,V,547,481,-1
1788814554.8459,1458259,V,547,481,15570
1788814554.8460,1458267,V,547,481,-1
1788814554.8460,1458275,V,547,481,-1
1788814554.8460,1458283,V,547,481,-1
1788814554.8460,1458291,V,547,481,-1
1788814554.8460,1458299,V,546,480,-1
1788814554.8948,1458313,V,546,480,15571
1788814554.8949,1458321,V,546,480,-1
1788814554.8949,1458329,V,546,480,-1
1788814554.8949,1458337,V,547,481,-1
1788814554.8949,1458345,V,548,482,-1
1788814554.8949,1458353,V,547,481,-1
1788814554.9433,1458367,V,547,481,15572
1788814554.9434,1458375,V,547,481,-1
1788814554.9434,1458383,V,554,487,-1
1788814554.9434,1458391,V,547,481,-1
1788814554.9434,1458399,V,547,481,-1
1788814554.9435,1458407,V,547,481,-1
1788814554.9925,1458420,V,547,481,15573
1788814554.9925,1458428,V,548,482,-1
1788814554.9925,1458436,V,547,481,-1
1788814554.9925,1458444,V,548,482,-1
1788814554.9926,1458452,V,548,482,-1
1788814554.9926,1458460,V,548,482,-1
1788814555.0409,1458474,V,547,481,15574
1788814555.0410,1458482,V,550,483,-1
1788814555.0410,1458490,V,547,481,-1
1788814555.0410,1458498,V,546,480,-1
1788814555.0410,1458506,V,546,480,-1
1788814555.0410,1458514,V,547,481,-1
1788814555.0906,1458527,V,548,482,15575
1788814555.0906,1458535,V,547,481,-1
1788814555.0906,1458543,V,547,481,-1
1788814555.0907,1458551,V,546,480,-1
1788814555.0907,1458559,V,547,481,-1
1788814555.0907,1458567,V,547,481,-1
1788814555.1394,1458581,V,565,497,15576
1788814555.1394,1458589,V,546,480,-1
1788814555.1395,1458597,V,546,480,-1
1788814555.1395,1458605,V,546,480,-1
1788814555.1395,1458613,V,546,480,-1
1788814555.1395,1458621,V,546,480,-1
1788814555.2358,1458634,V,546,480,15577
1788814555.2360,1458642,V,548,482,-1
1788814555.2360,1458650,V,547,481,-1
1788814555.2360,1458658,V,548,482,-1
1788814555.2360,1458666,V,547,481,-1
1788814555.2360,1458674,V,548,482,-1
1788814555.2851,1458688,V,548,482,15578
1788814555.2852,1458696,V,548,482,-1
1788814555.2852,1458704,V,548,482,-1
1788814555.2852,1458712,V,548,482,-1
1788814555.2852,1458720,V,547,481,-1
1788814555.2852,1458728,V,549,483,-1
1788814555.3334,1458742,V,547,481,15579
1788814555.3334,1458750,V,548,482,-1
1788814555.3334,1458758,V,548,482,-1
1788814555.3334,1458766,V,547,481,-1
1788814555.3335,1458774,V,548,482,-1
1788814555.3335,1458782,V,548,482,-1
1788814555.4313,1458795,V,548,482,15580
1788814555.4313,1458803,V,548,482,-1
1788814555.4313,1458811,V,547,481,-1
1788814555.4314,1458819,V,547,481,-1
1788814555.4314,1458827,V,547,481,-1
1788814555.4314,1458835,V,547,481,-1
1788814555.4322,1458849,V,547,481,15581
1788814555.4322,1458857,V,548,482,-1
1788814555.4322,1458865,V,548,482,-1
1788814555.4322,1458873,V,547,481,-1
1788814555.4322,1458881,V,548,482,-1
1788814555.4322,1458889,V,547,481,-1
1788814555.4798,1458903,V,547,481,15582
1788814555.4800,1458911,V,548,482,-1
1788814555.4800,1458919,V,554,487,-1
1788814555.4800,1458927,V,548,482,-1
1788814555.4800,1458935,V,548,482,-1
1788814555.4800,1458943,V,547,481,-1
1788814555.5776,1458956,V,546,480,15583
1788814555.5776,1458964,V,546,480,-1
1788814555.5776,1458972,V,547,481,-1
1788814555.5776,1458980,V,548,482,-1
1788814555.5776,1458988,V,548,482,-1
1788814555.5776,1458996,V,547,481,-1
1788814555.5787,1459010,V,546,480,15584
1788814555.5787,1459018,V,548,482,-1
1788814555.5787,1459026,V,547,481,-1
1788814555.5787,1459034,V,547,481,-1
1788814555.5787,1459042,V,547,481,-1
1788814555.5787,1459050,V,547,481,-1
1788814555.6261,1459064,V,548,482,15585
1788814555.6261,1459072,V,548,482,-1
1788814555.6262,1459080,V,546,480,-1
1788814555.6262,1459088,V,548,482,-1
1788814555.6262,1459096,V,547,481,-1
1788814555.6262,1459104,V,548,482,-1
1788814555.6757,1459117,V,564,496,15586
1788814555.6757,1459125,V,547,481,-1
1788814555.6757,1459133,V,547,481,-1
1788814555.6757,1459141,V,547,481,-1
1788814555.6757,1459149,V,547,481,-1
1788814555.6757,1459157,V,546,480,-1
1788814555.7731,1459171,V,547,481,15587
1788814555.7731,1459179,V,547,481,-1
1788814555.7731,1459187,V,547,481,-1
1788814555.7731,1459195,V,546,480,-1
1788814555.7731,1459203,V,548,482,-1
1788814555.7731,1459211,V,548,482,-1
1788814555.8206,1459224,V,547,481,15588
1788814555.8206,1459232,V,548,482,-1
1788814555.8206,1459240,V,546,480,-1
1788814555.8206,1459248,V,547,481,-1
1788814555.8206,1459256,V,547,481,-1
1788814555.8206,1459264,V,548,482,-1
1788814555.8704,1459278,V,547,481,15589
1788814555.8704,1459286,V,547,481,-1
1788814555.8704,1459294,V,548,482,-1
1788814555.8704,1459302,V,548,482,-1
1788814555.8704,1459310,V,547,481,-1
1788814555.8704,1459318,V,547,481,-1
1788814555.9185,1459331,V,548,482,15590
1788814555.9185,1459339,V,548,482,-1
1788814555.9185,1459347,V,547,481,-1
1788814555.9185,1459355,V,548,482,-1
1788814555.9185,1459363,V,548,482,-1
1788814555.9185,1459371,V,547,481,-1
1788814555.9674,1459385,V,548,482,15591
1788814555.9674,1459393,V,547,481,-1
1788814555.9674,1459401,V,548,482,-1
1788814555.9674,1459409,V,548,482,-1
1788814555.9674,1459417,V,546,480,-1
1788814555.9674,1459425,V,547,481,-1
1788814556.0161,1459439,V,547,481,15592
1788814556.0162,1459447,V,547,481,-1
1788814556.0163,1459455,V,553,486,-1
1788814556.0163,1459463,V,547,481,-1
1788814556.0163,1459471,V,547,481,-1
1788814556.0163,1459479,V,548,482,-1
1788814556.0650,1459492,V,546,480,15593
1788814556.0650,1459500,V,548,482,-1
1788814556.0651,1459508,V,547,481,-1
1788814556.0651,1459516,V,547,481,-1
1788814556.0651,1459524,V,547,481,-1
1788814556.0651,1459532,V,547,481,-1
1788814556.1157,1459546,V,546,480,15594
1788814556.1157,1459554,V,549,483,-1
1788814556.1157,1459562,V,547,481,-1
1788814556.1158,1459570,V,547,481,-1
1788814556.1158,1459578,V,546,480,-1
1788814556.1158,1459586,V,546,480,-1
1788814556.1623,1459600,V,546,480,15595
1788814556.1623,1459608,V,545,479,-1
1788814556.1623,1459616,V,546,480,-1
1788814556.1623,1459624,V,547,481,-1
1788814556.1623,1459632,V,547,481,-1
1788814556.1623,1459640,V,546,480,-1
1788814556.2112,1459653,V,567,498,15596
1788814556.2113,1459661,V,546,480,-1
1788814556.2113,1459669,V,547,481,-1
1788814556.2113,1459677,V,547,481,-1
1788814556.2113,1459685,V,545,479,-1
1788814556.2113,1459693,V,547,481,-1
1788814556.3097,1459707,V,546,480,15597
1788814556.3099,1459715,V,546,480,-1
1788814556.3099,1459723,V,547,481,-1
1788814556.3099,1459731,V,546,480,-1
1788814556.3099,1459739,V,547,481,-1
1788814556.3099,1459747,V,548,482,-1
1788814556.3585,1459760,V,547,481,15598
1788814556.3585,1459768,V,547,481,-1
1788814556.3586,1459776,V,546,480,-1
1788814556.3586,1459784,V,547,481,-1
1788814556.3586,1459792,V,547,481,-1
1788814556.3586,1459800,V,547,481,-1
1788814556.4069,1459814,V,547,481,15599
1788814556.4069,1459822,V,547,481,-1
1788814556.4069,1459830,V,547,481,-1
1788814556.4069,1459838,V,548,482,-1
1788814556.4069,1459846,V,547,481,-1
1788814556.4069,1459854,V,546,480,-1
1788814556.4562,1459868,V,546,480,15600
1788814556.4562,1459876,V,545,479,-1
1788814556.4562,1459884,V,546,480,-1
1788814556.4562,1459892,V,547,481,-1
1788814556.4562,1459900,V,546,480,-1
1788814556.4562,1459908,V,546,480,-1
1788814556.5041,1459921,V,547,481,15601
1788814556.5041,1459929,V,546,480,-1
1788814556.5042,1459937,V,546,480,-1
1788814556.5042,1459945,V,546,480,-1
1788814556.5042,1459953,V,546,480,-1
1788814556.5042,1459961,V,545,479,-1
1788814556.6031,1459975,V,545,479,15602
1788814556.6033,1459983,V,546,480,-1
1788814556.6033,1459991,V,552,485,-1
1788814556.6033,1459999,V,546,480,-1
1788814556.6033,1460007,V,547,481,-1
1788814556.6033,1460015,V,546,480,-1
1788814556.6035,1460029,V,547,481,15603
1788814556.6036,1460037,V,547,481,-1
1788814556.6036,1460045,V,547,481,-1
1788814556.6036,1460053,V,548,482,-1
1788814556.6036,1460061,V,547,481,-1
1788814556.6036,1460069,V,547,481,-1
1788814556.6501,1460082,V,547,481,15604
1788814556.6501,1460090,V,550,483,-1
1788814556.6501,1460098,V,548,482,-1
1788814556.6501,1460106,V,548,482,-1
1788814556.6501,1460114,V,546,480,-1
1788814556.6501,1460122,V,547,481,-1
1788814556.6993,1460136,V,547,481,15605
1788814556.6993,1460144,V,548,482,-1
1788814556.6994,1460152,V,548,482,-1
1788814556.6994,1460160,V,549,483,-1
1788814556.6994,1460168,V,548,482,-1
1788814556.6994,1460176,V,548,482,-1
1788814556.7478,1460189,V,567,498,15606
1788814556.7478,1460197,V,549,483,-1
1788814556.7478,1460205,V,548,482,-1
1788814556.7478,1460213,V,548,482,-1
1788814556.7478,1460221,V,549,483,-1
1788814556.7478,1460229,V,548,482,-1
1788814556.8457,1460243,V,548,482,15607
1788814556.8458,1460251,V,548,482,-1
1788814556.8459,1460259,V,548,482,-1
1788814556.8459,1460267,V,547,481,-1
1788814556.8459,1460275,V,546,480,-1
1788814556.8459,1460283,V,549,483,-1
1788814556.8947,1460297,V,546,480,15608
1788814556.8948,1460305,V,546,480,-1
1788814556.8949,1460313,V,546,480,-1
1788814556.8949,1460321,V,546,480,-1
1788814556.8950,1460329,V,546,480,-1
1788814556.8950,1460337,V,546,480,-1
1788814556.9431,1460350,V,547,481,15609
1788814556.9432,1460358,V,547,481,-1
1788814556.9432,1460366,V,546,480,-1
1788814556.9432,1460374,V,545,479,-1
1788814556.9432,1460382,V,546,480,-1
1788814556.9432,1460390,V,545,479,-1
1788814556.9910,1460404,V,545,479,15610
1788814556.9911,1460412,V,547,481,-1
1788814556.9911,1460420,V,547,481,-1
1788814556.9911,1460428,V,546,480,-1
1788814556.9911,1460436,V,545,479,-1
1788814556.9911,1460444,V,545,479,-1
1788814557.0402,1460457,V,545,479,15611
1788814557.0402,1460465,V,546,480,-1
1788814557.0403,1460473,V,546,480,-1
1788814557.0403,1460481,V,547,481,-1
1788814557.0403,1460489,V,547,481,-1
1788814557.0403,1460497,V,547,481,-1
1788814557.0886,1460511,V,546,480,15612
1788814557.0888,1460519,V,546,480,-1
1788814557.0888,1460527,V,552,485,-1
1788814557.0888,1460535,V,547,481,-1
1788814557.0888,1460543,V,546,480,-1
1788814557.0888,1460551,V,545,479,-1
1788814557.1372,1460565,V,547,481,15613
1788814557.1373,1460573,V,546,480,-1
1788814557.1373,1460581,V,547,481,-1
1788814557.1373,1460589,V,547,481,-1
1788814557.1373,1460597,V,546,480,-1
1788814557.1373,1460605,V,546,480,-1
1788814557.1870,1460618,V,548,482,15614
1788814557.1870,1460626,V,550,483,-1
1788814557.1871,1460634,V,546,480,-1
1788814557.1871,1460642,V,547,481,-1
1788814557.1871,1460650,V,547,481,-1
1788814557.1871,1460658,V,547,481,-1
1788814557.2370,1460672,V,546,480,15615
1788814557.2370,1460680,V,547,481,-1
1788814557.2370,1460688,V,547,481,-1
1788814557.2370,1460696,V,547,481,-1
1788814557.2370,1460704,V,545,479,-1
1788814557.2370,1460712,V,545,479,-1
1788814557.2851,1460726,V,566,497,15616
1788814557.2851,1460734,V,547,481,-1
1788814557.2851,1460742,V,546,480,-1
1788814557.2851,1460750,V,547,481,-1
1788814557.2851,1460758,V,547,481,-1
1788814557.2852,1460766,V,546,480,-1
1788814557.3812,1460779,V,547,481,15617
1788814557.3814,1460787,V,545,479,-1
1788814557.3814,1460795,V,546,480,-1
1788814557.3814,1460803,V,545,479,-1
1788814557.3814,1460811,V,546,480,-1
1788814557.3814,1460819,V,547,481,-1
1788814557.4311,1460833,V,545,479,15618
1788814557.4312,1460841,V,547,481,-1
1788814557.4312,1460849,V,545,479,-1
1788814557.4312,1460857,V,547,481,-1
1788814557.4312,1460865,V,546,480,-1
1788814557.4312,1460873,V,546,480,-1
1788814557.5276,1460887,V,546,480,15619
1788814557.5276,1460895,V,546,480,-1
1788814557.5276,1460903,V,547,481,-1
1788814557.5276,1460911,V,547,481,-1
1788814557.5276,1460919,V,546,480,-1
1788814557.5276,1460927,V,547,481,-1
1788814557.5286,1460940,V,546,480,15620
1788814557.5286,1460948,V,547,481,-1
1788814557.5286,1460956,V,546,480,-1
1788814557.5286,1460964,V,547,481,-1
1788814557.5286,1460972,V,546,480,-1
1788814557.5286,1460980,V,547,481,-1
1788814557.5761,1460994,V,546,480,15621
1788814557.5761,1461002,V,546,480,-1
1788814557.5761,1461010,V,547,481,-1
1788814557.5761,1461018,V,546,480,-1
1788814557.5761,1461026,V,548,482,-1
1788814557.5761,1461034,V,546,480,-1
1788814557.6265,1461047,V,547,481,15622
1788814557.6266,1461055,V,547,481,-1
1788814557.6266,1461063,V,552,485,-1
1788814557.6266,1461071,V,548,482,-1
1788814557.6266,1461079,V,548,482,-1
1788814557.6266,1461087,V,547,481,-1
1788814557.6738,1461101,V,546,480,15623
1788814557.6738,1461109,V,548,482,-1
1788814557.6738,1461117,V,547,481,-1
1788814557.6739,1461125,V,547,481,-1
1788814557.6739,1461133,V,547,481,-1
1788814557.6739,1461141,V,546,480,-1
1788814557.7222,1461155,V,547,481,15624
1788814557.7223,1461163,V,549,483,-1
1788814557.7223,1461171,V,547,481,-1
1788814557.7223,1461179,V,547,481,-1
1788814557.7223,1461187,V,547,481,-1
1788814557.7223,1461195,V,546,480,-1
1788814557.7711,1461208,V,547,481,15625
1788814557.7711,1461216,V,546,480,-1
1788814557.7711,1461224,V,546,480,-1
1788814557.7711,1461232,V,546,480,-1
1788814557.7711,1461240,V,546,480,-1
1788814557.7711,1461248,V,546,480,-1
1788814557.8202,1461262,V,565,497,15626
1788814557.8202,1461270,V,546,480,-1
1788814557.8202,1461278,V,547,481,-1
1788814557.8202,1461286,V,547,481,-1
1788814557.8202,1461294,V,546,480,-1
1788814557.8202,1461302,V,547,481,-1
1788814557.9174,1461316,V,547,481,15627
1788814557.9176,1461324,V,546,480,-1
1788814557.9176,1461332,V,547,481,-1
1788814557.9176,1461340,V,548,482,-1
1788814557.9176,1461348,V,547,481,-1
1788814557.9176,1461356,V,547,481,-1
1788814557.9664,1461369,V,547,481,15628
1788814557.9664,1461377,V,547,481,-1
1788814557.9664,1461385,V,548,482,-1
1788814557.9664,1461393,V,546,480,-1
1788814557.9664,1461401,V,546,480,-1
1788814557.9664,1461409,V,546,480,-1
1788814558.0148,1461423,V,547,481,15629
1788814558.0149,1461431,V,548,482,-1
1788814558.0149,1461439,V,546,480,-1
1788814558.0149,1461447,V,547,481,-1
1788814558.0149,1461455,V,546,480,-1
1788814558.0149,1461463,V,545,479,-1
1788814558.0634,1461476,V,546,480,15630
1788814558.0634,1461484,V,548,482,-1
1788814558.0634,1461492,V,547,481,-1
1788814558.0635,1461500,V,546,480,-1
1788814558.0635,1461508,V,547,481,-1
1788814558.0635,1461516,V,547,481,-1
1788814558.1124,1461530,V,547,481,15631
1788814558.1124,1461538,V,547,481,-1
1788814558.1124,1461546,V,547,481,-1
1788814558.1124,1461554,V,548,482,-1
1788814558.1124,1461562,V,548,482,-1
1788814558.1124,1461570,V,547,481,-1
1788814558.1608,1461584,V,547,481,15632
1788814558.1609,1461592,V,546,480,-1
1788814558.1609,1461600,V,554,487,-1
1788814558.1609,1461608,V,547,481,-1
1788814558.1609,1461616,V,547,481,-1
1788814558.1609,1461624,V,547,481,-1
1788814558.2101,1461637,V,548,482,15633
1788814558.2101,1461645,V,548,482,-1
1788814558.2102,1461653,V,547,481,-1
1788814558.2102,1461661,V,547,481,-1
1788814558.2102,1461669,V,548,482,-1
1788814558.2102,1461677,V,548,482,-1
1788814558.2586,1461691,V,546,480,15634
1788814558.2586,1461699,V,548,482,-1
1788814558.2586,1461707,V,546,480,-1
1788814558.2586,1461715,V,547,481,-1
1788814558.2586,1461723,V,548,482,-1
1788814558.2586,1461731,V,548,482,-1
1788814558.3072,1461744,V,547,481,15635
1788814558.3072,1461752,V,547,481,-1
1788814558.3072,1461760,V,546,480,-1
1788814558.3072,1461768,V,547,481,-1
1788814558.3072,1461776,V,547,481,-1
1788814558.3072,1461784,V,547,481,-1
1788814558.3558,1461798,V,567,498,15636
1788814558.3559,1461806,V,547,481,-1
1788814558.3559,1461814,V,547,481,-1
1788814558.3559,1461822,V,547,481,-1
1788814558.3559,1461830,V,548,482,-1
1788814558.3559,1461838,V,547,481,-1
1788814558.4532,1461852,V,547,481,15637
1788814558.4533,1461860,V,547,481,-1
1788814558.4533,1461868,V,546,480,-1
1788814558.4533,1461876,V,547,481,-1
1788814558.4533,1461884,V,546,480,-1
1788814558.4533,1461892,V,547,481,-1
1788814558.5024,1461905,V,545,479,15638
1788814558.5024,1461913,V,547,481,-1
1788814558.5024,1461921,V,547,481,-1
1788814558.5024,1461929,V,547,481,-1
1788814558.5024,1461937,V,547,481,-1
1788814558.5024,1461945,V,547,481,-1
1788814558.5512,1461959,V,546,480,15639
1788814558.5513,1461967,V,547,481,-1
1788814558.5513,1461975,V,546,480,-1
1788814558.5513,1461983,V,547,481,-1
1788814558.5513,1461991,V,547,481,-1
1788814558.5513,1461999,V,546,480,-1
1788814558.5998,1462013,V,548,482,15640
1788814558.5998,1462021,V,547,481,-1
1788814558.5998,1462029,V,547,481,-1
1788814558.5998,1462037,V,547,481,-1
1788814558.5998,1462045,V,547,481,-1
1788814558.5998,1462053,V,546,480,-1
1788814558.6487,1462066,V,548,482,15641
1788814558.6487,1462074,V,547,481,-1
1788814558.6487,1462082,V,547,481,-1
1788814558.6487,1462090,V,547,481,-1
1788814558.6488,1462098,V,549,483,-1
1788814558.6489,1462106,V,547,481,-1
1788814558.7466,1462120,V,549,483,15642
1788814558.7467,1462128,V,547,481,-1
1788814558.7467,1462136,V,552,485,-1
1788814558.7467,1462144,V,547,481,-1
1788814558.7467,1462152,V,546,480,-1
1788814558.7467,1462160,V,546,480,-1
1788814558.7476,1462174,V,545,479,15643
1788814558.7476,1462182,V,547,481,-1
1788814558.7476,1462190,V,546,480,-1
1788814558.7476,1462198,V,547,481,-1
1788814558.7476,1462206,V,546,480,-1
1788814558.7477,1462214,V,547,481,-1
1788814558.7948,1462227,V,546,480,15644
1788814558.7949,1462235,V,551,484,-1
1788814558.7949,1462243,V,547,481,-1
1788814558.7949,1462251,V,546,480,-1
1788814558.7949,1462259,V,546,480,-1
1788814558.7949,1462267,V,547,481,-1
1788814558.8438,1462281,V,546,480,15645
1788814558.8438,1462289,V,547,481,-1
1788814558.8438,1462297,V,547,481,-1
1788814558.8438,1462305,V,547,481,-1
1788814558.8438,1462313,V,547,481,-1
1788814558.8439,1462321,V,547,481,-1
1788814558.8922,1462335,V,549,483,15646
1788814558.8922,1462343,V,546,480,-1
1788814558.8922,1462351,V,548,482,-1
1788814558.8922,1462359,V,547,481,-1
1788814558.8923,1462367,V,546,480,-1
1788814558.8923,1462375,V,547,481,-1
1788814558.9900,1462389,V,548,482,15647
1788814558.9902,1462397,V,548,482,-1
1788814558.9902,1462405,V,547,481,-1
1788814558.9902,1462413,V,547,481,-1
1788814558.9902,1462421,V,548,482,-1
1788814558.9902,1462429,V,547,481,-1
1788814559.0386,1462442,V,547,481,15648
1788814559.0386,1462450,V,547,481,-1
1788814559.0386,1462458,V,548,482,-1
1788814559.0386,1462466,V,546,480,-1
1788814559.0387,1462474,V,547,481,-1
1788814559.0387,1462482,V,547,481,-1
1788814559.0871,1462496,V,547,481,15649
1788814559.0871,1462504,V,547,481,-1
1788814559.0872,1462512,V,547,481,-1
1788814559.0872,1462520,V,548,482,-1
1788814559.0872,1462528,V,546,480,-1
1788814559.0872,1462536,V,547,481,-1
1788814559.1374,1462549,V,548,482,15650
1788814559.1374,1462557,V,547,481,-1
1788814559.1374,1462565,V,548,482,-1
1788814559.1375,1462573,V,551,484,-1
1788814559.1375,1462581,V,546,480,-1
1788814559.1375,1462589,V,547,481,-1
1788814559.1848,1462603,V,546,480,15651
1788814559.1848,1462611,V,545,479,-1
1788814559.1848,1462619,V,547,481,-1
1788814559.1848,1462627,V,547,481,-1
1788814559.1848,1462635,V,547,481,-1
1788814559.1848,1462643,V,547,481,-1
1788814559.2334,1462657,V,546,480,15652
1788814559.2336,1462665,V,547,481,-1
1788814559.2336,1462673,V,548,482,-1
1788814559.2336,1462681,V,547,481,-1
1788814559.2336,1462689,V,547,481,-1
1788814559.2336,1462697,V,547,481,-1
1788814559.2826,1462710,V,547,481,15653
1788814559.2827,1462718,V,546,480,-1
1788814559.2827,1462726,V,547,481,-1
1788814559.2827,1462734,V,547,481,-1
1788814559.2827,1462742,V,547,481,-1
1788814559.2827,1462750,V,547,481,-1
1788814559.3309,1462764,V,546,480,15654
1788814559.3310,1462772,V,566,497,-1
1788814559.3310,1462780,V,547,481,-1
1788814559.3310,1462788,V,546,480,-1
1788814559.3310,1462796,V,547,481,-1
1788814559.3310,1462804,V,548,482,-1
1788814559.3818,1462818,V,546,480,15655
1788814559.3818,1462826,V,546,480,-1
1788814559.3818,1462834,V,548,482,-1
1788814559.3818,1462842,V,547,481,-1
1788814559.3818,1462850,V,546,480,-1
1788814559.3818,1462858,V,547,481,-1
1788814559.4293,1462871,V,548,482,15656
1788814559.4293,1462879,V,547,481,-1
1788814559.4294,1462887,V,546,480,-1
1788814559.4294,1462895,V,548,482,-1
1788814559.4294,1462903,V,547,481,-1
1788814559.4294,1462911,V,547,481,-1
1788814559.5270,1462925,V,547,481,15657
1788814559.5271,1462933,V,548,482,-1
1788814559.5271,1462941,V,547,481,-1
1788814559.5271,1462949,V,547,481,-1
1788814559.5271,1462957,V,547,481,-1
1788814559.5271,1462965,V,547,481,-1
1788814559.6252,1462979,V,548,482,15658
1788814559.6253,1462987,V,547,481,-1
1788814559.6253,1462995,V,547,481,-1
1788814559.6253,1463003,V,547,481,-1
1788814559.6253,1463011,V,548,482,-1
1788814559.6253,1463019,V,547,481,-1
1788814559.6256,1463032,V,548,482,15659
1788814559.6256,1463040,V,548,482,-1
1788814559.6256,1463048,V,546,480,-1
1788814559.6256,1463056,V,547,481,-1
1788814559.6256,1463064,V,546,480,-1
1788814559.6257,1463072,V,546,480,-1
1788814559.6732,1463086,V,546,480,15660
1788814559.6732,1463094,V,547,481,-1
1788814559.6732,1463102,V,547,481,-1
1788814559.6732,1463110,V,553,486,-1
1788814559.6732,1463118,V,546,480,-1
1788814559.6732,1463126,V,547,481,-1
1788814559.7210,1463139,V,546,480,15661
1788814559.7210,1463147,V,547,481,-1
1788814559.7210,1463155,V,547,481,-1
1788814559.7210,1463163,V,547,481,-1
1788814559.7211,1463171,V,547,481,-1
1788814559.7211,1463179,V,547,481,-1
1788814559.7698,1463193,V,548,482,15662
1788814559.7699,1463201,V,546,480,-1
1788814559.7699,1463209,V,548,482,-1
1788814559.7699,1463217,V,548,482,-1
1788814559.7699,1463225,V,547,481,-1
1788814559.7700,1463233,V,547,481,-1
1788814559.8189,1463247,V,547,481,15663
1788814559.8189,1463255,V,547,481,-1
1788814559.8189,1463263,V,548,482,-1
1788814559.8189,1463271,V,547,481,-1
1788814559.8189,1463279,V,547,481,-1
1788814559.8189,1463287,V,546,480,-1
1788814559.8674,1463300,V,546,480,15664
1788814559.8674,1463308,V,567,498,-1
1788814559.8674,1463316,V,547,481,-1
1788814559.8674,1463324,V,548,482,-1
1788814559.8674,1463332,V,547,481,-1
1788814559.8674,1463340,V,547,481,-1
1788814559.9158,1463354,V,549,483,15665
1788814559.9159,1463362,V,547,481,-1
1788814559.9159,1463370,V,547,481,-1
1788814559.9159,1463378,V,548,482,-1
1788814559.9159,1463386,V,548,482,-1
1788814559.9159,1463394,V,547,481,-1
1788814559.9644,1463408,V,548,482,15666
1788814559.9644,1463416,V,547,481,-1
1788814559.9645,1463424,V,548,482,-1
1788814559.9645,1463432,V,546,480,-1
1788814559.9645,1463440,V,547,481,-1
1788814559.9645,1463448,V,548,482,-1
1788814560.0627,1463461,V,547,481,15667
1788814560.0628,1463469,V,548,482,-1
1788814560.0628,1463477,V,546,480,-1
1788814560.0628,1463485,V,548,482,-1
1788814560.0628,1463493,V,547,481,-1
1788814560.0628,1463501,V,547,481,-1
1788814560.1110,1463515,V,547,481,15668
1788814560.1111,1463523,V,546,480,-1
1788814560.1111,1463531,V,547,481,-1
1788814560.1111,1463539,V,547,481,-1
1788814560.1111,1463547,V,548,482,-1
1788814560.1111,1463555,V,547,481,-1
1788814560.1596,1463568,V,546,480,15669
1788814560.1596,1463576,V,547,481,-1
1788814560.1596,1463584,V,546,480,-1
1788814560.1596,1463592,V,547,481,-1
1788814560.1596,1463600,V,547,481,-1
1788814560.1597,1463608,V,547,481,-1
1788814560.2085,1463622,V,546,480,15670
1788814560.2085,1463630,V,546,480,-1
1788814560.2085,1463638,V,547,481,-1
1788814560.2085,1463646,V,552,485,-1
1788814560.2085,1463654,V,547,481,-1
1788814560.2085,1463662,V,546,480,-1
1788814560.2580,1463676,V,547,481,15671
1788814560.2580,1463684,V,547,481,-1
1788814560.2580,1463692,V,547,481,-1
1788814560.2580,1463700,V,549,483,-1
1788814560.2581,1463708,V,547,481,-1
1788814560.2581,1463716,V,547,481,-1
1788814560.3063,1463729,V,547,481,15672
1788814560.3065,1463737,V,548,482,-1
1788814560.3065,1463745,V,551,484,-1
1788814560.3065,1463753,V,547,481,-1
1788814560.3065,1463761,V,548,482,-1
1788814560.3065,1463769,V,547,481,-1
1788814560.3549,1463783,V,548,482,15673
1788814560.3550,1463791,V,547,481,-1
1788814560.3550,1463799,V,548,482,-1
1788814560.3550,1463807,V,548,482,-1
1788814560.3550,1463815,V,549,483,-1
1788814560.3550,1463823,V,548,482,-1
1788814560.4035,1463837,V,548,482,15674
1788814560.4035,1463845,V,567,498,-1
1788814560.4035,1463853,V,547,481,-1
1788814560.4035,1463861,V,548,482,-1
1788814560.4036,1463869,V,548,482,-1
1788814560.4036,1463877,V,548,482,-1
1788814560.4522,1463890,V,548,482,15675
1788814560.4522,1463898,V,548,482,-1
1788814560.4522,1463906,V,548,482,-1
1788814560.4522,1463914,V,548,482,-1
1788814560.4522,1463922,V,548,482,-1
1788814560.4522,1463930,V,548,482,-1
1788814560.5013,1463944,V,548,482,15676
1788814560.5013,1463952,V,548,482,-1
1788814560.5013,1463960,V,548,482,-1
1788814560.5013,1463968,V,547,481,-1
1788814560.5013,1463976,V,547,481,-1
1788814560.5013,1463984,V,547,481,-1
1788814560.5986,1463997,V,547,481,15677
1788814560.5987,1464005,V,547,481,-1
1788814560.5987,1464013,V,546,480,-1
1788814560.5987,1464021,V,547,481,-1
1788814560.5987,1464029,V,546,480,-1
1788814560.5987,1464037,V,548,482,-1
1788814560.6492,1464051,V,548,482,15678
1788814560.6492,1464059,V,548,482,-1
1788814560.6492,1464067,V,547,481,-1
1788814560.6492,1464075,V,547,481,-1
1788814560.6492,1464083,V,547,481,-1
1788814560.6492,1464091,V,547,481,-1
1788814560.6958,1464105,V,546,480,15679
1788814560.6958,1464113,V,546,480,-1
1788814560.6958,1464121,V,547,481,-1
1788814560.6958,1464129,V,547,481,-1
1788814560.6958,1464137,V,546,480,-1
1788814560.6958,1464145,V,547,481,-1
1788814560.7446,1464158,V,547,481,15680
1788814560.7446,1464166,V,547,481,-1
1788814560.7446,1464174,V,547,481,-1
1788814560.7446,1464182,V,551,484,-1
1788814560.7446,1464190,V,547,481,-1
1788814560.7446,1464198,V,547,481,-1
1788814560.7937,1464212,V,546,480,15681
1788814560.7937,1464220,V,547,481,-1
1788814560.7937,1464228,V,547,481,-1
1788814560.7937,1464236,V,547,481,-1
1788814560.7937,1464244,V,547,481,-1
1788814560.7937,1464252,V,547,481,-1
1788814560.8436,1464265,V,547,481,15682
1788814560.8436,1464273,V,548,482,-1
1788814560.8437,1464281,V,548,482,-1
1788814560.8437,1464289,V,548,482,-1
1788814560.8437,1464297,V,548,482,-1
1788814560.8437,1464305,V,547,481,-1
1788814560.8908,1464319,V,547,481,15683
1788814560.8908,1464327,V,547,481,-1
1788814560.8908,1464335,V,547,481,-1
1788814560.8908,1464343,V,548,482,-1
1788814560.8909,1464351,V,547,481,-1
1788814560.8909,1464359,V,547,481,-1
1788814560.9394,1464373,V,546,480,15684
1788814560.9394,1464381,V,567,498,-1
1788814560.9394,1464389,V,547,481,-1
1788814560.9394,1464397,V,547,481,-1
1788814560.9394,1464405,V,547,481,-1
1788814560.9394,1464413,V,547,481,-1
1788814560.9884,1464426,V,547,481,15685
1788814560.9885,1464434,V,547,481,-1
1788814560.9885,1464442,V,546,480,-1
1788814560.9885,1464450,V,546,480,-1
1788814560.9885,1464458,V,546,480,-1
1788814560.9885,1464466,V,547,481,-1
1788814561.0379,1464480,V,547,481,15686
1788814561.0379,1464488,V,546,480,-1
1788814561.0379,1464496,V,547,481,-1
1788814561.0379,1464504,V,547,481,-1
1788814561.0380,1464512,V,548,482,-1
1788814561.0380,1464520,V,548,482,-1
1788814561.1348,1464534,V,547,481,15687
1788814561.1352,1464542,V,547,481,-1
1788814561.1352,1464550,V,548,482,-1
1788814561.1352,1464558,V,548,482,-1
1788814561.1352,1464566,V,547,481,-1
1788814561.1353,1464574,V,548,482,-1
1788814561.1838,1464587,V,549,483,15688
1788814561.1838,1464595,V,547,481,-1
1788814561.1838,1464603,V,548,482,-1
1788814561.1838,1464611,V,549,483,-1
1788814561.1838,1464619,V,548,482,-1
1788814561.1838,1464627,V,547,481,-1
1788814561.2333,1464641,V,549,483,15689
1788814561.2333,1464649,V,547,481,-1
1788814561.2333,1464657,V,548,482,-1
1788814561.2333,1464665,V,546,480,-1
1788814561.2333,1464673,V,547,481,-1
1788814561.2333,1464681,V,548,482,-1
1788814561.2810,1464695,V,548,482,15690
1788814561.2810,1464703,V,547,481,-1
1788814561.2811,1464711,V,547,481,-1
1788814561.2811,1464719,V,554,487,-1
1788814561.2811,1464727,V,547,481,-1
1788814561.2811,1464735,V,547,481,-1
1788814561.3301,1464748,V,547,481,15691
1788814561.3301,1464756,V,548,482,-1
1788814561.3301,1464764,V,547,481,-1
1788814561.3301,1464772,V,547,481,-1
1788814561.3301,1464780,V,546,480,-1
1788814561.3301,1464788,V,547,481,-1
1788814561.3794,1464802,V,548,482,15692
1788814561.3796,1464810,V,546,480,-1
1788814561.3796,1464818,V,548,482,-1
1788814561.3796,1464826,V,547,481,-1
1788814561.3796,1464834,V,547,481,-1
1788814561.3796,1464842,V,546,480,-1
1788814561.4282,1464855,V,548,482,15693
1788814561.4282,1464863,V,547,481,-1
1788814561.4282,1464871,V,546,480,-1
1788814561.4282,1464879,V,547,481,-1
1788814561.4282,1464887,V,546,480,-1
1788814561.4282,1464895,V,546,480,-1
1788814561.4772,1464909,V,546,480,15694
1788814561.4772,1464917,V,565,497,-1
1788814561.4772,1464925,V,546,480,-1
1788814561.4772,1464933,V,547,481,-1
1788814561.4772,1464941,V,547,481,-1
1788814561.4773,1464949,V,547,481,-1
1788814561.5747,1464963,V,546,480,15695
1788814561.5747,1464971,V,546,480,-1
1788814561.5747,1464979,V,547,481,-1
1788814561.5747,1464987,V,547,481,-1
1788814561.5747,1464995,V,546,480,-1
1788814561.5747,1465003,V,547,481,-1
1788814561.5759,1465016,V,548,482,15696
1788814561.5759,1465024,V,547,481,-1
1788814561.5759,1465032,V,547,481,-1
1788814561.5759,1465040,V,547,481,-1
1788814561.5759,1465048,V,547,481,-1
1788814561.5759,1465056,V,547,481,-1
1788814561.7201,1465070,V,548,482,15697
1788814561.7203,1465078,V,548,482,-1
1788814561.7203,1465086,V,547,481,-1
1788814561.7203,1465094,V,548,482,-1
1788814561.7203,1465102,V,547,481,-1
1788814561.7203,1465110,V,547,481,-1
1788814561.7212,1465124,V,548,482,15698
1788814561.7212,1465132,V,547,481,-1
1788814561.7212,1465140,V,547,481,-1
1788814561.7212,1465148,V,546,480,-1
1788814561.7212,1465156,V,548,482,-1
1788814561.7212,1465164,V,548,482,-1
1788814561.7689,1465177,V,548,482,15699
1788814561.7690,1465185,V,548,482,-1
1788814561.7690,1465193,V,549,483,-1
1788814561.7690,1465201,V,548,482,-1
1788814561.7690,1465209,V,549,483,-1
1788814561.7690,1465217,V,548,482,-1
1788814561.8174,1465231,V,548,482,15700
1788814561.8174,1465239,V,548,482,-1
1788814561.8174,1465247,V,548,482,-1
1788814561.8174,1465255,V,553,486,-1
1788814561.8174,1465263,V,548,482,-1
1788814561.8174,1465271,V,547,481,-1
1788814561.8660,1465284,V,547,481,15701
1788814561.8660,1465292,V,548,482,-1
1788814561.8660,1465300,V,549,483,-1
1788814561.8660,1465308,V,548,482,-1
1788814561.8660,1465316,V,548,482,-1
1788814561.8660,1465324,V,546,480,-1
1788814561.9147,1465338,V,546,480,15702
1788814561.9148,1465346,V,545,479,-1
1788814561.9148,1465354,V,549,483,-1
1788814561.9148,1465362,V,546,480,-1
1788814561.9148,1465370,V,546,480,-1
1788814561.9148,1465378,V,545,479,-1
1788814562.0145,1465392,V,546,480,15703
1788814562.0147,1465400,V,546,480,-1
1788814562.0148,1465408,V,548,482,-1
1788814562.0148,1465416,V,547,481,-1
1788814562.0148,1465424,V,547,481,-1
1788814562.0148,1465432,V,548,482,-1
1788814562.0150,1465445,V,547,481,15704
1788814562.0150,1465453,V,565,497,-1
1788814562.0150,1465461,V,546,480,-1
1788814562.0150,1465469,V,546,480,-1
1788814562.0150,1465477,V,547,481,-1
1788814562.0150,1465485,V,547,481,-1
1788814562.0609,1465499,V,546,480,15705
1788814562.0609,1465507,V,546,480,-1
1788814562.0609,1465515,V,546,480,-1
1788814562.0609,1465523,V,546,480,-1
1788814562.0609,1465531,V,546,480,-1
1788814562.0609,1465539,V,547,481,-1
1788814562.1098,1465553,V,546,480,15706
1788814562.1098,1465561,V,547,481,-1
1788814562.1098,1465569,V,547,481,-1
1788814562.1098,1465577,V,546,480,-1
1788814562.1098,1465585,V,548,482,-1
1788814562.1099,1465593,V,547,481,-1
1788814562.2075,1465606,V,547,481,15707
1788814562.2076,1465614,V,547,481,-1
1788814562.2076,1465622,V,547,481,-1
1788814562.2076,1465630,V,548,482,-1
1788814562.2076,1465638,V,547,481,-1
1788814562.2076,1465646,V,548,482,-1
1788814562.2561,1465660,V,548,482,15708
1788814562.2562,1465668,V,547,481,-1
1788814562.2563,1465676,V,547,481,-1
1788814562.2563,1465684,V,547,481,-1
1788814562.2563,1465692,V,546,480,-1
1788814562.2563,1465700,V,547,481,-1
1788814562.3053,1465714,V,547,481,15709
1788814562.3053,1465722,V,548,482,-1
1788814562.3053,1465730,V,548,482,-1
1788814562.3053,1465738,V,547,481,-1
1788814562.3053,1465746,V,547,481,-1
1788814562.3054,1465754,V,547,481,-1
1788814562.3538,1465767,V,547,481,15710
1788814562.3538,1465775,V,547,481,-1
1788814562.3538,1465783,V,546,480,-1
1788814562.3538,1465791,V,554,487,-1
1788814562.3539,1465799,V,547,481,-1
1788814562.3539,1465807,V,547,481,-1
1788814562.4023,1465821,V,548,482,15711
1788814562.4023,1465829,V,547,481,-1
1788814562.4023,1465837,V,546,480,-1
1788814562.4023,1465845,V,548,482,-1
1788814562.4023,1465853,V,546,480,-1
1788814562.4023,1465861,V,548,482,-1
1788814562.4510,1465874,V,546,480,15712
1788814562.4510,1465882,V,546,480,-1
1788814562.4510,1465890,V,549,483,-1
1788814562.4511,1465898,V,547,481,-1
1788814562.4511,1465906,V,546,480,-1
1788814562.4511,1465914,V,546,480,-1
1788814562.4997,1465928,V,547,481,15713
1788814562.4999,1465936,V,546,480,-1
1788814562.4999,1465944,V,547,481,-1
1788814562.4999,1465952,V,546,480,-1
1788814562.4999,1465960,V,546,480,-1
1788814562.4999,1465968,V,546,480,-1
1788814562.5489,1465982,V,547,481,15714
1788814562.5489,1465990,V,556,489,-1
1788814562.5490,1465998,V,546,480,-1
1788814562.5490,1466006,V,546,480,-1
1788814562.5490,1466014,V,546,480,-1
1788814562.5490,1466022,V,545,479,-1
1788814562.5975,1466036,V,545,479,15715
1788814562.5975,1466044,V,546,480,-1
1788814562.5975,1466052,V,546,480,-1
1788814562.5976,1466060,V,545,479,-1
1788814562.5976,1466068,V,546,480,-1
1788814562.5976,1466076,V,545,479,-1
1788814562.6457,1466089,V,547,481,15716
1788814562.6457,1466097,V,545,479,-1
1788814562.6457,1466105,V,546,480,-1
1788814562.6457,1466113,V,547,481,-1
1788814562.6457,1466121,V,546,480,-1
1788814562.6457,1466129,V,547,481,-1
1788814562.7437,1466143,V,548,482,15717
1788814562.7439,1466151,V,547,481,-1
1788814562.7439,1466159,V,548,482,-1
1788814562.7439,1466167,V,547,481,-1
1788814562.7439,1466175,V,548,482,-1
1788814562.7439,1466183,V,547,481,-1
1788814562.7932,1466196,V,547,481,15718
1788814562.7933,1466204,V,547,481,-1
1788814562.7933,1466212,V,547,481,-1
1788814562.7933,1466220,V,548,482,-1
1788814562.7933,1466228,V,548,482,-1
1788814562.7933,1466236,V,546,480,-1
1788814562.8413,1466250,V,546,480,15719
1788814562.8413,1466258,V,546,480,-1
1788814562.8413,1466266,V,546,480,-1
1788814562.8413,1466274,V,546,480,-1
1788814562.8414,1466282,V,546,480,-1
1788814562.8414,1466290,V,545,479,-1
1788814562.8899,1466303,V,546,480,15720
1788814562.8899,1466311,V,546,480,-1
1788814562.8899,1466319,V,546,480,-1
1788814562.8899,1466327,V,553,486,-1
1788814562.8899,1466335,V,545,479,-1
1788814562.8900,1466343,V,546,480,-1
1788814562.9383,1466357,V,547,481,15721
1788814562.9383,1466365,V,546,480,-1
1788814562.9383,1466373,V,547,481,-1
1788814562.9383,1466381,V,546,480,-1
1788814562.9383,1466389,V,547,481,-1
1788814562.9383,1466397,V,547,481,-1
1788814563.0363,1466411,V,547,481,15722
1788814563.0365,1466419,V,547,481,-1
1788814563.0365,1466427,V,551,484,-1
1788814563.0365,1466435,V,546,480,-1
1788814563.0365,1466443,V,546,480,-1
1788814563.0365,1466451,V,548,482,-1
1788814563.0375,1466465,V,547,481,15723
1788814563.0375,1466473,V,546,480,-1
1788814563.0375,1466481,V,547,481,-1
1788814563.0375,1466489,V,546,480,-1
1788814563.0375,1466497,V,547,481,-1
1788814563.0375,1466505,V,547,481,-1
1788814563.0851,1466518,V,548,482,15724
1788814563.0851,1466526,V,567,498,-1
1788814563.0851,1466534,V,547,481,-1
1788814563.0852,1466542,V,546,480,-1
1788814563.0852,1466550,V,548,482,-1
1788814563.0852,1466558,V,547,481,-1
1788814563.1826,1466572,V,548,482,15725
1788814563.1827,1466580,V,548,482,-1
1788814563.1827,1466588,V,548,482,-1
1788814563.1827,1466596,V,548,482,-1
1788814563.1827,1466604,V,548,482,-1
1788814563.1827,1466612,V,548,482,-1
1788814563.1835,1466626,V,547,481,15726
1788814563.1835,1466634,V,547,481,-1
1788814563.1835,1466642,V,547,481,-1
1788814563.1835,1466650,V,547,481,-1
1788814563.1835,1466658,V,547,481,-1
1788814563.1836,1466666,V,546,480,-1
1788814563.2801,1466679,V,548,482,15727
1788814563.2802,1466687,V,547,481,-1
1788814563.2802,1466695,V,547,481,-1
1788814563.2803,1466703,V,547,481,-1
1788814563.2803,1466711,V,547,481,-1
1788814563.2803,1466719,V,546,480,-1
1788814563.3289,1466733,V,547,481,15728
1788814563.3290,1466741,V,546,480,-1
1788814563.3290,1466749,V,546,480,-1
1788814563.3290,1466757,V,546,480,-1
1788814563.3290,1466765,V,548,482,-1
1788814563.3290,1466773,V,546,480,-1
1788814563.3774,1466786,V,547,481,15729
1788814563.3774,1466794,V,546,480,-1
1788814563.3774,1466802,V,545,479,-1
1788814563.3774,1466810,V,546,480,-1
1788814563.3774,1466818,V,545,479,-1
1788814563.3775,1466826,V,546,480,-1
1788814563.4260,1466840,V,546,480,15730
1788814563.4260,1466848,V,547,481,-1
1788814563.4260,1466856,V,546,480,-1
1788814563.4260,1466864,V,550,483,-1
1788814563.4260,1466872,V,547,481,-1
1788814563.4260,1466880,V,547,481,-1
1788814563.4748,1466894,V,547,481,15731
1788814563.4748,1466902,V,548,482,-1
1788814563.4748,1466910,V,547,481,-1
1788814563.4748,1466918,V,547,481,-1
1788814563.4748,1466926,V,546,480,-1
1788814563.4748,1466934,V,548,482,-1
1788814563.5233,1466947,V,546,480,15732
1788814563.5234,1466955,V,546,480,-1
1788814563.5234,1466963,V,557,490,-1
1788814563.5234,1466971,V,547,481,-1
1788814563.5234,1466979,V,548,482,-1
1788814563.5234,1466987,V,546,480,-1
1788814563.5727,1467001,V,547,481,15733
1788814563.5728,1467009,V,548,482,-1
1788814563.5728,1467017,V,548,482,-1
1788814563.5728,1467025,V,548,482,-1
1788814563.5728,1467033,V,547,481,-1
1788814563.5728,1467041,V,548,482,-1
1788814563.6211,1467055,V,547,481,15734
1788814563.6211,1467063,V,550,483,-1
1788814563.6211,1467071,V,548,482,-1
1788814563.6211,1467079,V,548,482,-1
1788814563.6211,1467087,V,546,480,-1
1788814563.6211,1467095,V,548,482,-1
1788814563.6698,1467108,V,548,482,15735
1788814563.6698,1467116,V,548,482,-1
1788814563.6698,1467124,V,548,482,-1
1788814563.6698,1467132,V,548,482,-1
1788814563.6698,1467140,V,548,482,-1
1788814563.6698,1467148,V,547,481,-1
1788814563.7203,1467162,V,546,480,15736
1788814563.7203,1467170,V,547,481,-1
1788814563.7203,1467178,V,546,480,-1
1788814563.7204,1467186,V,547,481,-1
1788814563.7204,1467194,V,546,480,-1
1788814563.7204,1467202,V,547,481,-1
1788814563.8159,1467215,V,548,482,15737
1788814563.8160,1467223,V,547,481,-1
1788814563.8160,1467231,V,547,481,-1
1788814563.8160,1467239,V,546,480,-1
1788814563.8160,1467247,V,546,480,-1
1788814563.8161,1467255,V,547,481,-1
1788814563.8649,1467269,V,547,481,15738
1788814563.8650,1467277,V,547,481,-1
1788814563.8650,1467285,V,545,479,-1
1788814563.8650,1467293,V,545,479,-1
1788814563.8650,1467301,V,547,481,-1
1788814563.8650,1467309,V,546,480,-1
1788814563.9136,1467323,V,546,480,15739
1788814563.9137,1467331,V,546,480,-1
1788814563.9137,1467339,V,547,481,-1
1788814563.9137,1467347,V,547,481,-1
1788814563.9137,1467355,V,546,480,-1
1788814563.9137,1467363,V,547,481,-1
1788814563.9623,1467376,V,547,481,15740
1788814563.9623,1467384,V,546,480,-1
1788814563.9623,1467392,V,546,480,-1
1788814563.9624,1467400,V,551,484,-1
1788814563.9624,1467408,V,545,479,-1
1788814563.9624,1467416,V,547,481,-1
1788814564.0110,1467430,V,546,480,15741
1788814564.0111,1467438,V,547,481,-1
1788814564.0111,1467446,V,547,481,-1
1788814564.0111,1467454,V,548,482,-1
1788814564.0113,1467462,V,548,482,-1
1788814564.0113,1467470,V,547,481,-1
1788814564.0597,1467483,V,547,481,15742
1788814564.0599,1467491,V,548,482,-1
1788814564.0599,1467499,V,553,486,-1
1788814564.0599,1467507,V,548,482,-1
1788814564.0599,1467515,V,547,481,-1
1788814564.0599,1467523,V,548,482,-1
1788814564.1092,1467537,V,548,482,15743
1788814564.1092,1467545,V,548,482,-1
1788814564.1092,1467553,V,548,482,-1
1788814564.1092,1467561,V,547,481,-1
1788814564.1092,1467569,V,547,481,-1
1788814564.1092,1467577,V,547,481,-1
1788814564.1583,1467591,V,547,481,15744
1788814564.1583,1467599,V,549,483,-1
1788814564.1583,1467607,V,546,480,-1
1788814564.1583,1467615,V,547,481,-1
1788814564.1583,1467623,V,547,481,-1
1788814564.1583,1467631,V,546,480,-1
1788814564.2070,1467645,V,546,480,15745
1788814564.2070,1467653,V,547,481,-1
1788814564.2070,1467661,V,546,480,-1
1788814564.2070,1467669,V,546,480,-1
1788814564.2070,1467677,V,545,479,-1
1788814564.2071,1467685,V,546,480,-1
1788814564.2549,1467698,V,546,480,15746
1788814564.2549,1467706,V,546,480,-1
1788814564.2549,1467714,V,545,479,-1
1788814564.2549,1467722,V,547,481,-1
1788814564.2549,1467730,V,547,481,-1
1788814564.2549,1467738,V,547,481,-1
1788814564.3525,1467752,V,546,480,15747
1788814564.3527,1467760,V,547,481,-1
1788814564.3527,1467768,V,547,481,-1
1788814564.3527,1467776,V,546,480,-1
1788814564.3527,1467784,V,546,480,-1
1788814564.3527,1467792,V,546,480,-1
1788814564.4018,1467805,V,547,481,15748
1788814564.4018,1467813,V,548,482,-1
1788814564.4018,1467821,V,547,481,-1
1788814564.4018,1467829,V,546,480,-1
1788814564.4018,1467837,V,547,481,-1
1788814564.4018,1467845,V,546,480,-1
1788814564.4498,1467859,V,546,480,15749
1788814564.4498,1467867,V,546,480,-1
1788814564.4498,1467875,V,547,481,-1
1788814564.4498,1467883,V,546,480,-1
1788814564.4498,1467891,V,547,481,-1
1788814564.4498,1467899,V,547,481,-1
1788814564.4985,1467912,V,547,481,15750
1788814564.4985,1467920,V,547,481,-1
1788814564.4985,1467928,V,547,481,-1
1788814564.4985,1467936,V,552,485,-1
1788814564.4985,1467944,V,547,481,-1
1788814564.4985,1467952,V,547,481,-1
1788814564.5475,1467966,V,547,481,15751
1788814564.5475,1467974,V,547,481,-1
1788814564.5475,1467982,V,547,481,-1
1788814564.5475,1467990,V,547,481,-1
1788814564.5475,1467998,V,548,482,-1
1788814564.5475,1468006,V,547,481,-1
1788814564.5960,1468020,V,547,481,15752
1788814564.5962,1468028,V,548,482,-1
1788814564.5962,1468036,V,556,489,-1
1788814564.5962,1468044,V,548,482,-1
1788814564.5962,1468052,V,548,482,-1
1788814564.5962,1468060,V,547,481,-1
1788814564.6453,1468074,V,547,481,15753
1788814564.6453,1468082,V,546,480,-1
1788814564.6453,1468090,V,547,481,-1
1788814564.6453,1468098,V,547,481,-1
1788814564.6453,1468106,V,547,481,-1
1788814564.6454,1468114,V,546,480,-1
1788814564.6939,1468127,V,547,481,15754
1788814564.6939,1468135,V,549,483,-1
1788814564.6939,1468143,V,546,480,-1
1788814564.6939,1468151,V,547,481,-1
1788814564.6939,1468159,V,546,480,-1
1788814564.6939,1468167,V,547,481,-1
1788814564.7420,1468181,V,546,480,15755
1788814564.7420,1468189,V,546,480,-1
1788814564.7420,1468197,V,547,481,-1
1788814564.7420,1468205,V,546,480,-1
1788814564.7420,1468213,V,548,482,-1
1788814564.7421,1468221,V,547,481,-1
1788814564.7910,1468234,V,547,481,15756
1788814564.7911,1468242,V,547,481,-1
1788814564.7911,1468250,V,547,481,-1
1788814564.7911,1468258,V,547,481,-1
1788814564.7911,1468266,V,546,480,-1
1788814564.7911,1468274,V,547,481,-1
1788814564.8896,1468288,V,546,480,15757
1788814564.8898,1468296,V,546,480,-1
1788814564.8898,1468304,V,547,481,-1
1788814564.8898,1468312,V,546,480,-1
1788814564.8898,1468320,V,547,481,-1
1788814564.8898,1468328,V,547,481,-1
1788814564.9386,1468342,V,547,481,15758
1788814564.9387,1468350,V,548,482,-1
1788814564.9387,1468358,V,547,481,-1
1788814564.9387,1468366,V,547,481,-1
1788814564.9387,1468374,V,550,483,-1
1788814564.9387,1468382,V,547,481,-1
1788814564.9863,1468395,V,546,480,15759
1788814564.9864,1468403,V,546,480,-1
1788814564.9864,1468411,V,547,481,-1
1788814564.9864,1468419,V,546,480,-1
1788814564.9864,1468427,V,547,481,-1
1788814564.9864,1468435,V,547,481,-1
1788814565.0354,1468449,V,547,481,15760
1788814565.0354,1468457,V,547,481,-1
1788814565.0354,1468465,V,546,480,-1
1788814565.0354,1468473,V,548,482,-1
1788814565.0354,1468481,V,547,481,-1
1788814565.0354,1468489,V,546,480,-1
1788814565.0837,1468503,V,546,480,15761
1788814565.0837,1468511,V,546,480,-1
1788814565.0837,1468519,V,546,480,-1
1788814565.0837,1468527,V,547,481,-1
1788814565.0837,1468535,V,547,481,-1
1788814565.0837,1468543,V,547,481,-1
1788814565.1323,1468556,V,546,480,15762
1788814565.1325,1468564,V,547,481,-1
1788814565.1325,1468572,V,565,497,-1
1788814565.1325,1468580,V,546,480,-1
1788814565.1325,1468588,V,547,481,-1
1788814565.1325,1468596,V,547,481,-1
1788814565.1816,1468610,V,548,482,15763
1788814565.1816,1468618,V,547,481,-1
1788814565.1816,1468626,V,548,482,-1
1788814565.1816,1468634,V,546,480,-1
1788814565.1816,1468642,V,547,481,-1
1788814565.1816,1468650,V,546,480,-1
1788814565.2299,1468664,V,547,481,15764
1788814565.2299,1468672,V,549,483,-1
1788814565.2299,1468680,V,548,482,-1
1788814565.2299,1468688,V,547,481,-1
1788814565.2299,1468696,V,547,481,-1
1788814565.2299,1468704,V,547,481,-1
1788814565.2786,1468717,V,546,480,15765
1788814565.2786,1468725,V,546,480,-1
1788814565.2786,1468733,V,547,481,-1
1788814565.2786,1468741,V,547,481,-1
1788814565.2786,1468749,V,546,480,-1
1788814565.2786,1468757,V,548,482,-1
1788814565.3272,1468771,V,547,481,15766
1788814565.3273,1468779,V,547,481,-1
1788814565.3273,1468787,V,547,481,-1
1788814565.3273,1468795,V,546,480,-1
1788814565.3273,1468803,V,546,480,-1
1788814565.3273,1468811,V,547,481,-1
1788814565.4258,1468824,V,548,482,15767
1788814565.4259,1468832,V,547,481,-1
1788814565.4259,1468840,V,547,481,-1
1788814565.4259,1468848,V,546,480,-1
1788814565.4259,1468856,V,546,480,-1
1788814565.4259,1468864,V,547,481,-1
1788814565.4741,1468878,V,546,480,15768
1788814565.4742,1468886,V,547,481,-1
1788814565.4742,1468894,V,547,481,-1
1788814565.4742,1468902,V,547,481,-1
1788814565.4742,1468910,V,551,484,-1
1788814565.4742,1468918,V,547,481,-1
1788814565.5226,1468932,V,547,481,15769
1788814565.5226,1468940,V,546,480,-1
1788814565.5226,1468948,V,547,481,-1
1788814565.5226,1468956,V,548,482,-1
1788814565.5226,1468964,V,548,482,-1
1788814565.5226,1468972,V,547,481,-1
1788814565.5711,1468985,V,547,481,15770
1788814565.5711,1468993,V,546,480,-1
1788814565.5711,1469001,V,546,480,-1
1788814565.5711,1469009,V,549,483,-1
1788814565.5711,1469017,V,547,481,-1
1788814565.5711,1469025,V,547,481,-1
1788814565.6215,1469039,V,546,480,15771
1788814565.6216,1469047,V,546,480,-1
1788814565.6216,1469055,V,547,481,-1
1788814565.6216,1469063,V,547,481,-1
1788814565.6216,1469071,V,546,480,-1
1788814565.6216,1469079,V,546,480,-1
1788814565.6686,1469093,V,546,480,15772
1788814565.6687,1469101,V,545,479,-1
1788814565.6687,1469109,V,567,498,-1
1788814565.6687,1469117,V,546,480,-1
1788814565.6687,1469125,V,547,481,-1
1788814565.6687,1469133,V,548,482,-1
1788814565.7186,1469146,V,547,481,15773
1788814565.7186,1469154,V,547,481,-1
1788814565.7186,1469162,V,548,482,-1
1788814565.7186,1469170,V,548,482,-1
1788814565.7186,1469178,V,547,481,-1
1788814565.7186,1469186,V,548,482,-1
1788814565.7660,1469200,V,547,481,15774
1788814565.7660,1469208,V,548,482,-1
1788814565.7660,1469216,V,547,481,-1
1788814565.7660,1469224,V,546,480,-1
1788814565.7660,1469232,V,546,480,-1
1788814565.7660,1469240,V,545,479,-1
1788814565.8155,1469254,V,546,480,15775
1788814565.8155,1469262,V,546,480,-1
1788814565.8155,1469270,V,547,481,-1
1788814565.8155,1469278,V,548,482,-1
1788814565.8155,1469286,V,547,481,-1
1788814565.8155,1469294,V,546,480,-1
1788814565.8633,1469307,V,548,482,15776
1788814565.8633,1469315,V,548,482,-1
1788814565.8633,1469323,V,548,482,-1
1788814565.8633,1469331,V,548,482,-1
1788814565.8633,1469339,V,547,481,-1
1788814565.8633,1469347,V,547,481,-1
1788814565.9618,1469361,V,548,482,15777
1788814565.9620,1469369,V,548,482,-1
1788814565.9620,1469377,V,546,480,-1
1788814565.9620,1469385,V,547,481,-1
1788814565.9620,1469393,V,548,482,-1
1788814565.9620,1469401,V,547,481,-1
1788814566.0102,1469414,V,549,483,15778
1788814566.0102,1469422,V,548,482,-1
1788814566.0102,1469430,V,546,480,-1
1788814566.0102,1469438,V,547,481,-1
1788814566.0102,1469446,V,551,484,-1
1788814566.0102,1469454,V,546,480,-1
1788814566.0586,1469468,V,547,481,15779
1788814566.0586,1469476,V,546,480,-1
1788814566.0586,1469484,V,546,480,-1
1788814566.0587,1469492,V,547,481,-1
1788814566.0587,1469500,V,546,480,-1
1788814566.0587,1469508,V,547,481,-1
1788814566.1086,1469522,V,546,480,15780
1788814566.1087,1469530,V,547,481,-1
1788814566.1087,1469538,V,547,481,-1
1788814566.1087,1469546,V,548,482,-1
1788814566.1087,1469554,V,548,482,-1
1788814566.1087,1469562,V,547,481,-1
1788814566.1561,1469575,V,547,481,15781
1788814566.1562,1469583,V,547,481,-1
1788814566.1562,1469591,V,547,481,-1
1788814566.1562,1469599,V,547,481,-1
1788814566.1562,1469607,V,547,481,-1
1788814566.1562,1469615,V,547,481,-1
1788814566.2059,1469629,V,547,481,15782
1788814566.2061,1469637,V,548,482,-1
1788814566.2061,1469645,V,567,498,-1
1788814566.2061,1469653,V,548,482,-1
1788814566.2061,1469661,V,547,481,-1
1788814566.2061,1469669,V,548,482,-1
1788814566.2549,1469683,V,548,482,15783
1788814566.2550,1469691,V,548,482,-1
1788814566.2550,1469699,V,547,481,-1
1788814566.2550,1469707,V,549,483,-1
1788814566.2550,1469715,V,547,481,-1
1788814566.2550,1469723,V,547,481,-1
1788814566.3034,1469736,V,547,481,15784
1788814566.3034,1469744,V,548,482,-1
1788814566.3034,1469752,V,549,483,-1
1788814566.3034,1469760,V,547,481,-1
1788814566.3034,1469768,V,548,482,-1
1788814566.3034,1469776,V,548,482,-1
1788814566.3521,1469790,V,547,481,15785
1788814566.3521,1469798,V,548,482,-1
1788814566.3522,1469806,V,548,482,-1
1788814566.3522,1469814,V,548,482,-1
1788814566.3522,1469822,V,547,481,-1
1788814566.3522,1469830,V,548,482,-1
1788814566.3998,1469843,V,548,482,15786
1788814566.3998,1469851,V,548,482,-1
1788814566.3998,1469859,V,548,482,-1
1788814566.3998,1469867,V,547,481,-1
1788814566.3998,1469875,V,548,482,-1
1788814566.3999,1469883,V,546,480,-1
1788814566.4983,1469897,V,546,480,15787
1788814566.4984,1469905,V,546,480,-1
1788814566.4984,1469913,V,545,479,-1
1788814566.4984,1469921,V,545,479,-1
1788814566.4985,1469929,V,546,480,-1
1788814566.4985,1469937,V,545,479,-1
1788814566.5462,1469951,V,546,480,15788
1788814566.5463,1469959,V,546,480,-1
1788814566.5463,1469967,V,546,480,-1
1788814566.5463,1469975,V,547,481,-1
1788814566.5463,1469983,V,551,484,-1
1788814566.5463,1469991,V,547,481,-1
1788814566.5949,1470004,V,546,480,15789
1788814566.5950,1470012,V,547,481,-1
1788814566.5950,1470020,V,546,480,-1
1788814566.5950,1470028,V,547,481,-1
1788814566.5950,1470036,V,547,481,-1
1788814566.5950,1470044,V,547,481,-1
1788814566.6445,1470058,V,547,481,15790
1788814566.6445,1470066,V,548,482,-1
1788814566.6445,1470074,V,548,482,-1
1788814566.6445,1470082,V,549,483,-1
1788814566.6445,1470090,V,547,481,-1
1788814566.6445,1470098,V,548,482,-1
1788814566.6935,1470112,V,546,480,15791
1788814566.6935,1470120,V,547,481,-1
1788814566.6935,1470128,V,547,481,-1
1788814566.6935,1470136,V,546,480,-1
1788814566.6936,1470144,V,548,482,-1
1788814566.6936,1470152,V,548,482,-1
1788814566.7451,1470165,V,547,481,15792
1788814566.7452,1470173,V,548,482,-1
1788814566.7452,1470181,V,567,498,-1
1788814566.7453,1470189,V,548,482,-1
1788814566.7453,1470197,V,548,482,-1
1788814566.7453,1470205,V,548,482,-1
1788814566.7904,1470219,V,548,482,15793
1788814566.7904,1470227,V,549,483,-1
1788814566.7905,1470235,V,548,482,-1
1788814566.7905,1470243,V,550,483,-1
1788814566.7905,1470251,V,549,483,-1
1788814566.7905,1470259,V,548,482,-1
1788814566.8394,1470273,V,547,481,15794
1788814566.8394,1470281,V,548,482,-1
1788814566.8394,1470289,V,548,482,-1
1788814566.8395,1470297,V,548,482,-1
1788814566.8395,1470305,V,547,481,-1
1788814566.8395,1470313,V,548,482,-1
1788814566.8885,1470326,V,547,481,15795
1788814566.8885,1470334,V,548,482,-1
1788814566.8885,1470342,V,547,481,-1
1788814566.8885,1470350,V,547,481,-1
1788814566.8885,1470358,V,547,481,-1
1788814566.8885,1470366,V,547,481,-1
1788814566.9363,1470380,V,546,480,15796
1788814566.9363,1470388,V,547,481,-1
1788814566.9363,1470396,V,547,481,-1
1788814566.9364,1470404,V,546,480,-1
1788814566.9364,1470412,V,547,481,-1
1788814566.9364,1470420,V,546,480,-1
1788814567.0338,1470433,V,547,481,15797
1788814567.0339,1470441,V,546,480,-1
1788814567.0340,1470449,V,547,481,-1
1788814567.0340,1470457,V,546,480,-1
1788814567.0340,1470465,V,547,481,-1
1788814567.0340,1470473,V,546,480,-1
1788814567.0827,1470487,V,547,481,15798
1788814567.0827,1470495,V,546,480,-1
1788814567.0828,1470503,V,546,480,-1
1788814567.0828,1470511,V,545,479,-1
1788814567.0828,1470519,V,552,485,-1
1788814567.0828,1470527,V,548,482,-1
1788814567.1311,1470541,V,547,481,15799
1788814567.1311,1470549,V,548,482,-1
1788814567.1312,1470557,V,546,480,-1
1788814567.1312,1470565,V,546,480,-1
1788814567.1312,1470573,V,547,481,-1
1788814567.1312,1470581,V,546,480,-1
1788814567.1796,1470594,V,547,481,15800
1788814567.1797,1470602,V,547,481,-1
1788814567.1797,1470610,V,546,480,-1
1788814567.1797,1470618,V,549,483,-1
1788814567.1797,1470626,V,547,481,-1
1788814567.1797,1470634,V,547,481,-1
1788814567.2285,1470648,V,548,482,15801
1788814567.2285,1470656,V,548,482,-1
1788814567.2285,1470664,V,548,482,-1
1788814567.2285,1470672,V,548,482,-1
1788814567.2285,1470680,V,547,481,-1
1788814567.2285,1470688,V,547,481,-1
1788814567.3279,1470702,V,548,482,15802
1788814567.3281,1470710,V,548,482,-1
1788814567.3282,1470718,V,566,497,-1
1788814567.3282,1470726,V,547,481,-1
1788814567.3282,1470734,V,548,482,-1
1788814567.3282,1470742,V,547,481,-1
1788814567.3285,1470755,V,549,483,15803
1788814567.3285,1470763,V,548,482,-1
1788814567.3285,1470771,V,549,483,-1
1788814567.3285,1470779,V,548,482,-1
1788814567.3285,1470787,V,548,482,-1
1788814567.3285,1470795,V,548,482,-1
1788814567.3748,1470809,V,548,482,15804
1788814567.3749,1470817,V,550,483,-1
1788814567.3749,1470825,V,547,481,-1
1788814567.3749,1470833,V,547,481,-1
1788814567.3749,1470841,V,546,480,-1
1788814567.3749,1470849,V,547,481,-1
1788814567.4232,1470863,V,547,481,15805
1788814567.4233,1470871,V,547,481,-1
1788814567.4233,1470879,V,548,482,-1
1788814567.4233,1470887,V,548,482,-1
1788814567.4233,1470895,V,547,481,-1
1788814567.4233,1470903,V,547,481,-1
1788814567.4742,1470916,V,547,481,15806
1788814567.4742,1470924,V,548,482,-1
1788814567.4742,1470932,V,547,481,-1
1788814567.4742,1470940,V,546,480,-1
1788814567.4742,1470948,V,548,482,-1
1788814567.4742,1470956,V,548,482,-1
1788814567.5703,1470970,V,548,482,15807
1788814567.5705,1470978,V,547,481,-1
1788814567.5705,1470986,V,547,481,-1
1788814567.5705,1470994,V,548,482,-1
1788814567.5705,1471002,V,547,481,-1
1788814567.5705,1471010,V,547,481,-1
1788814567.6191,1471023,V,547,481,15808
1788814567.6192,1471031,V,547,481,-1
1788814567.6193,1471039,V,547,481,-1
1788814567.6193,1471047,V,547,481,-1
1788814567.6193,1471055,V,553,486,-1
1788814567.6194,1471063,V,547,481,-1
1788814567.6674,1471077,V,547,481,15809
1788814567.6675,1471085,V,547,481,-1
1788814567.6675,1471093,V,546,480,-1
1788814567.6675,1471101,V,547,481,-1
1788814567.6675,1471109,V,547,481,-1
1788814567.6675,1471117,V,548,482,-1
1788814567.7178,1471131,V,546,480,15810
1788814567.7178,1471139,V,547,481,-1
1788814567.7178,1471147,V,546,480,-1
1788814567.7178,1471155,V,552,485,-1
1788814567.7178,1471163,V,547,481,-1
1788814567.7178,1471171,V,549,483,-1
1788814567.7670,1471184,V,548,482,15811
1788814567.7670,1471192,V,547,481,-1
1788814567.7670,1471200,V,547,481,-1
1788814567.7670,1471208,V,548,482,-1
1788814567.7670,1471216,V,547,481,-1
1788814567.7670,1471224,V,547,481,-1
1788814567.8137,1471238,V,548,482,15812
1788814567.8139,1471246,V,546,480,-1
1788814567.8139,1471254,V,563,495,-1
1788814567.8139,1471262,V,546,480,-1
1788814567.8139,1471270,V,545,479,-1
1788814567.8139,1471278,V,545,479,-1
1788814567.8627,1471291,V,545,479,15813
1788814567.8627,1471299,V,545,479,-1
1788814567.8628,1471307,V,546,480,-1
1788814567.8628,1471315,V,547,481,-1
1788814567.8628,1471323,V,546,480,-1
1788814567.8628,1471331,V,546,480,-1
1788814567.9111,1471345,V,546,480,15814
1788814567.9111,1471353,V,547,481,-1
1788814567.9111,1471361,V,546,480,-1
1788814567.9111,1471369,V,546,480,-1
1788814567.9111,1471377,V,547,481,-1
1788814567.9111,1471385,V,546,480,-1
1788814567.9602,1471399,V,546,480,15815
1788814567.9602,1471407,V,546,480,-1
1788814567.9602,1471415,V,547,481,-1
1788814567.9602,1471423,V,547,481,-1
1788814567.9602,1471431,V,547,481,-1
1788814567.9603,1471439,V,546,480,-1
1788814568.0088,1471452,V,548,482,15816
1788814568.0088,1471460,V,547,481,-1
1788814568.0088,1471468,V,546,480,-1
1788814568.0088,1471476,V,547,481,-1
1788814568.0089,1471484,V,546,480,-1
1788814568.0089,1471492,V,547,481,-1
1788814568.1064,1471506,V,547,481,15817
1788814568.1066,1471514,V,546,480,-1
1788814568.1066,1471522,V,546,480,-1
1788814568.1066,1471530,V,546,480,-1
1788814568.1066,1471538,V,547,481,-1
1788814568.1066,1471546,V,547,481,-1
1788814568.1552,1471560,V,548,482,15818
1788814568.1553,1471568,V,547,481,-1
1788814568.1553,1471576,V,548,482,-1
1788814568.1553,1471584,V,547,481,-1
1788814568.1553,1471592,V,554,487,-1
1788814568.1553,1471600,V,546,480,-1
1788814568.2039,1471613,V,546,480,15819
1788814568.2040,1471621,V,547,481,-1
1788814568.2040,1471629,V,547,481,-1
1788814568.2040,1471637,V,548,482,-1
1788814568.2040,1471645,V,548,482,-1
1788814568.2040,1471653,V,547,481,-1
1788814568.2524,1471667,V,548,482,15820
1788814568.2524,1471675,V,548,482,-1
1788814568.2524,1471683,V,548,482,-1
1788814568.2524,1471691,V,549,483,-1
1788814568.2524,1471699,V,548,482,-1
1788814568.2524,1471707,V,547,481,-1
1788814568.3016,1471720,V,546,480,15821
1788814568.3017,1471728,V,546,480,-1
1788814568.3017,1471736,V,546,480,-1
1788814568.3017,1471744,V,545,479,-1
1788814568.3017,1471752,V,547,481,-1
1788814568.3017,1471760,V,547,481,-1
1788814568.3499,1471774,V,546,480,15822
1788814568.3500,1471782,V,546,480,-1
1788814568.3500,1471790,V,566,497,-1
1788814568.3501,1471798,V,548,482,-1
1788814568.3501,1471806,V,547,481,-1
1788814568.3501,1471814,V,546,480,-1
1788814568.4477,1471828,V,546,480,15823
1788814568.4477,1471836,V,545,479,-1
1788814568.4477,1471844,V,546,480,-1
1788814568.4477,1471852,V,545,479,-1
1788814568.4477,1471860,V,545,479,-1
1788814568.4477,1471868,V,547,481,-1
1788814568.4487,1471881,V,546,480,15824
1788814568.4487,1471889,V,545,479,-1
1788814568.4487,1471897,V,546,480,-1
1788814568.4487,1471905,V,546,480,-1
1788814568.4487,1471913,V,547,481,-1
1788814568.4487,1471921,V,546,480,-1
1788814568.4963,1471935,V,547,481,15825
1788814568.4963,1471943,V,546,480,-1
1788814568.4963,1471951,V,545,479,-1
1788814568.4963,1471959,V,546,480,-1
1788814568.4963,1471967,V,546,480,-1
1788814568.4963,1471975,V,547,481,-1
1788814568.5447,1471989,V,546,480,15826
1788814568.5448,1471997,V,546,480,-1
1788814568.5448,1472005,V,545,479,-1
1788814568.5448,1472013,V,547,481,-1
1788814568.5448,1472021,V,547,481,-1
1788814568.5448,1472029,V,547,481,-1
1788814568.6438,1472042,V,549,483,15827
1788814568.6439,1472050,V,547,481,-1
1788814568.6439,1472058,V,550,483,-1
1788814568.6439,1472066,V,547,481,-1
1788814568.6439,1472074,V,547,481,-1
1788814568.6439,1472082,V,548,482,-1
1788814568.6911,1472096,V,547,481,15828
1788814568.6911,1472104,V,546,480,-1
1788814568.6911,1472112,V,546,480,-1
1788814568.6911,1472120,V,547,481,-1
1788814568.6911,1472128,V,552,485,-1
1788814568.6911,1472136,V,547,481,-1
1788814568.7399,1472149,V,547,481,15829
1788814568.7400,1472157,V,548,482,-1
1788814568.7400,1472165,V,546,480,-1
1788814568.7400,1472173,V,546,480,-1
1788814568.7400,1472181,V,546,480,-1
1788814568.7400,1472189,V,546,480,-1
1788814568.7905,1472203,V,547,481,15830
1788814568.7905,1472211,V,547,481,-1
1788814568.7905,1472219,V,546,480,-1
1788814568.7905,1472227,V,548,482,-1
1788814568.7905,1472235,V,546,480,-1
1788814568.7905,1472243,V,546,480,-1
1788814568.8373,1472257,V,546,480,15831
1788814568.8374,1472265,V,545,479,-1
1788814568.8374,1472273,V,547,481,-1
1788814568.8374,1472281,V,546,480,-1
1788814568.8374,1472289,V,546,480,-1
1788814568.8374,1472297,V,546,480,-1
1788814568.8862,1472310,V,546,480,15832
1788814568.8863,1472318,V,546,480,-1
1788814568.8863,1472326,V,566,497,-1
1788814568.8863,1472334,V,546,480,-1
1788814568.8863,1472342,V,546,480,-1
1788814568.8863,1472350,V,547,481,-1
1788814568.9346,1472364,V,546,480,15833
1788814568.9347,1472372,V,546,480,-1
1788814568.9347,1472380,V,546,480,-1
1788814568.9347,1472388,V,546,480,-1
1788814568.9347,1472396,V,546,480,-1
1788814568.9347,1472404,V,546,480,-1
1788814568.9835,1472418,V,546,480,15834
1788814568.9835,1472426,V,546,480,-1
1788814568.9835,1472434,V,546,480,-1
1788814568.9835,1472442,V,545,479,-1
1788814568.9835,1472450,V,546,480,-1
1788814568.9835,1472458,V,546,480,-1
1788814569.0326,1472471,V,546,480,15835
1788814569.0326,1472479,V,547,481,-1
1788814569.0326,1472487,V,548,482,-1
1788814569.0326,1472495,V,546,480,-1
1788814569.0326,1472503,V,546,480,-1
1788814569.0326,1472511,V,546,480,-1
1788814569.0821,1472525,V,547,481,15836
1788814569.0821,1472533,V,546,480,-1
1788814569.0821,1472541,V,546,480,-1
1788814569.0821,1472549,V,546,480,-1
1788814569.0821,1472557,V,546,480,-1
1788814569.0821,1472565,V,545,479,-1
1788814569.1787,1472578,V,546,480,15837
1788814569.1789,1472586,V,547,481,-1
1788814569.1789,1472594,V,546,480,-1
1788814569.1789,1472602,V,547,481,-1
1788814569.1789,1472610,V,546,480,-1
1788814569.1789,1472618,V,546,480,-1
1788814569.2276,1472632,V,546,480,15838
1788814569.2276,1472640,V,544,478,-1
1788814569.2276,1472648,V,546,480,-1
1788814569.2276,1472656,V,545,479,-1
1788814569.2276,1472664,V,551,484,-1
1788814569.2276,1472672,V,546,480,-1
1788814569.2772,1472686,V,546,480,15839
1788814569.2772,1472694,V,547,481,-1
1788814569.2772,1472702,V,547,481,-1
1788814569.2772,1472710,V,545,479,-1
1788814569.2772,1472718,V,546,480,-1
1788814569.2772,1472726,V,546,480,-1
1788814569.3258,1472739,V,547,481,15840
1788814569.3259,1472747,V,546,480,-1
1788814569.3259,1472755,V,545,479,-1
1788814569.3259,1472763,V,547,481,-1
1788814569.3259,1472771,V,547,481,-1
1788814569.3259,1472779,V,547,481,-1
1788814569.3736,1472793,V,546,480,15841
1788814569.3736,1472801,V,546,480,-1
1788814569.3736,1472809,V,546,480,-1
1788814569.3736,1472817,V,546,480,-1
1788814569.3737,1472825,V,547,481,-1
1788814569.3738,1472833,V,546,480,-1
1788814569.4224,1472846,V,546,480,15842
1788814569.4225,1472854,V,547,481,-1
1788814569.4225,1472862,V,565,497,-1
1788814569.4225,1472870,V,547,481,-1
1788814569.4225,1472878,V,547,481,-1
1788814569.4225,1472886,V,547,481,-1
1788814569.4714,1472900,V,548,482,15843
1788814569.4714,1472908,V,546,480,-1
1788814569.4714,1472916,V,548,482,-1
1788814569.4714,1472924,V,548,482,-1
1788814569.4715,1472932,V,548,482,-1
1788814569.4715,1472940,V,547,481,-1
1788814569.5199,1472954,V,547,481,15844
1788814569.5199,1472962,V,547,481,-1
1788814569.5199,1472970,V,547,481,-1
1788814569.5200,1472978,V,547,481,-1
1788814569.5200,1472986,V,547,481,-1
1788814569.5200,1472994,V,547,481,-1
1788814569.5687,1473007,V,547,481,15845
1788814569.5687,1473015,V,547,481,-1
1788814569.5687,1473023,V,546,480,-1
1788814569.5687,1473031,V,546,480,-1
1788814569.5687,1473039,V,547,481,-1
1788814569.5687,1473047,V,546,480,-1
1788814569.6181,1473061,V,546,480,15846
1788814569.6181,1473069,V,546,480,-1
1788814569.6181,1473077,V,546,480,-1
1788814569.6181,1473085,V,547,481,-1
1788814569.6181,1473093,V,547,481,-1
1788814569.6181,1473101,V,546,480,-1
1788814569.7150,1473114,V,545,479,15847
1788814569.7151,1473122,V,545,479,-1
1788814569.7151,1473130,V,546,480,-1
1788814569.7152,1473138,V,545,479,-1
1788814569.7152,1473146,V,545,479,-1
1788814569.7152,1473154,V,547,481,-1
1788814569.7650,1473168,V,545,479,15848
1788814569.7650,1473176,V,546,480,-1
1788814569.7650,1473184,V,546,480,-1
1788814569.7650,1473192,V,546,480,-1
1788814569.7650,1473200,V,551,484,-1
1788814569.7650,1473208,V,547,481,-1
1788814569.8159,1473222,V,545,479,15849
1788814569.8160,1473230,V,547,481,-1
1788814569.8160,1473238,V,546,480,-1
1788814569.8160,1473246,V,547,481,-1
1788814569.8160,1473254,V,546,480,-1
1788814569.8160,1473262,V,546,480,-1
1788814569.8608,1473275,V,546,480,15850
1788814569.8608,1473283,V,548,482,-1
1788814569.8608,1473291,V,547,481,-1
1788814569.8608,1473299,V,548,482,-1
1788814569.8608,1473307,V,547,481,-1
1788814569.8608,1473315,V,546,480,-1
1788814569.9108,1473329,V,546,480,15851
1788814569.9108,1473337,V,547,481,-1
1788814569.9108,1473345,V,548,482,-1
1788814569.9108,1473353,V,547,481,-1
1788814569.9108,1473361,V,546,480,-1
1788814569.9108,1473369,V,547,481,-1
1788814569.9594,1473383,V,547,481,15852
1788814569.9595,1473391,V,547,481,-1
1788814569.9595,1473399,V,567,498,-1
1788814569.9596,1473407,V,547,481,-1
1788814569.9596,1473415,V,547,481,-1
1788814569.9596,1473423,V,546,480,-1
1788814570.0078,1473436,V,547,481,15853
1788814570.0078,1473444,V,546,480,-1
1788814570.0078,1473452,V,545,479,-1
1788814570.0078,1473460,V,546,480,-1
1788814570.0078,1473468,V,547,481,-1
1788814570.0078,1473476,V,547,481,-1
1788814570.0563,1473490,V,547,481,15854
1788814570.0563,1473498,V,547,481,-1
1788814570.0563,1473506,V,547,481,-1
1788814570.0563,1473514,V,547,481,-1
1788814570.0563,1473522,V,547,481,-1
1788814570.0563,1473530,V,546,480,-1
1788814570.1051,1473544,V,546,480,15855
1788814570.1051,1473552,V,546,480,-1
1788814570.1051,1473560,V,545,479,-1
1788814570.1051,1473568,V,545,479,-1
1788814570.1051,1473576,V,546,480,-1
1788814570.1051,1473584,V,545,479,-1
1788814570.1535,1473597,V,546,480,15856
1788814570.1535,1473605,V,545,479,-1
1788814570.1535,1473613,V,545,479,-1
1788814570.1535,1473621,V,545,479,-1
1788814570.1535,1473629,V,545,479,-1
1788814570.1535,1473637,V,545,479,-1
1788814570.2512,1473651,V,545,479,15857
1788814570.2513,1473659,V,545,479,-1
1788814570.2513,1473667,V,545,479,-1
1788814570.2513,1473675,V,545,479,-1
1788814570.2514,1473683,V,546,480,-1
1788814570.2514,1473691,V,545,479,-1
1788814570.3003,1473705,V,546,480,15858
1788814570.3003,1473713,V,545,479,-1
1788814570.3003,1473721,V,546,480,-1
1788814570.3003,1473729,V,546,480,-1
1788814570.3003,1473737,V,552,485,-1
1788814570.3003,1473745,V,546,480,-1
1788814570.3485,1473758,V,545,479,15859
1788814570.3486,1473766,V,545,479,-1
1788814570.3486,1473774,V,547,481,-1
1788814570.3486,1473782,V,547,481,-1
1788814570.3486,1473790,V,546,480,-1
1788814570.3486,1473798,V,547,481,-1
1788814570.3974,1473812,V,547,481,15860
1788814570.3974,1473820,V,547,481,-1
1788814570.3974,1473828,V,546,480,-1
1788814570.3974,1473836,V,549,483,-1
1788814570.3974,1473844,V,547,481,-1
1788814570.3974,1473852,V,547,481,-1
1788814570.4458,1473865,V,546,480,15861
1788814570.4458,1473873,V,545,479,-1
1788814570.4458,1473881,V,547,481,-1
1788814570.4458,1473889,V,546,480,-1
1788814570.4458,1473897,V,546,480,-1
1788814570.4458,1473905,V,545,479,-1
1788814570.4948,1473919,V,547,481,15862
1788814570.4949,1473927,V,546,480,-1
1788814570.4949,1473935,V,566,497,-1
1788814570.4949,1473943,V,546,480,-1
1788814570.4950,1473951,V,546,480,-1
1788814570.4950,1473959,V,546,480,-1
1788814570.5440,1473973,V,547,481,15863
1788814570.5440,1473981,V,545,479,-1
1788814570.5440,1473989,V,545,479,-1
1788814570.5440,1473997,V,546,480,-1
1788814570.5441,1474005,V,546,480,-1
1788814570.5441,1474013,V,546,480,-1
1788814570.5925,1474026,V,546,480,15864
1788814570.5925,1474034,V,546,480,-1
1788814570.5926,1474042,V,546,480,-1
1788814570.5926,1474050,V,545,479,-1
1788814570.5926,1474058,V,546,480,-1
1788814570.5926,1474066,V,546,480,-1
1788814570.6412,1474080,V,546,480,15865
1788814570.6412,1474088,V,547,481,-1
1788814570.6412,1474096,V,546,480,-1
1788814570.6412,1474104,V,546,480,-1
1788814570.6412,1474112,V,545,479,-1
1788814570.6412,1474120,V,545,479,-1
1788814570.6898,1474134,V,545,479,15866
1788814570.6898,1474142,V,545,479,-1
1788814570.6899,1474150,V,545,479,-1
1788814570.6899,1474158,V,546,480,-1
1788814570.6899,1474166,V,547,481,-1
1788814570.6899,1474174,V,546,480,-1
1788814570.7888,1474187,V,546,480,15867
1788814570.7888,1474195,V,547,481,-1
1788814570.7888,1474203,V,547,481,-1
1788814570.7888,1474211,V,546,480,-1
1788814570.7888,1474219,V,546,480,-1
1788814570.7888,1474227,V,545,479,-1
1788814570.8361,1474241,V,545,479,15868
1788814570.8361,1474249,V,545,479,-1
1788814570.8361,1474257,V,546,480,-1
1788814570.8361,1474265,V,545,479,-1
1788814570.8361,1474273,V,551,484,-1
1788814570.8361,1474281,V,545,479,-1
1788814570.8846,1474294,V,546,480,15869
1788814570.8846,1474302,V,546,480,-1
1788814570.8846,1474310,V,548,482,-1
1788814570.8846,1474318,V,546,480,-1
1788814570.8846,1474326,V,546,480,-1
1788814570.8846,1474334,V,547,481,-1
1788814570.9337,1474348,V,547,481,15870
1788814570.9337,1474356,V,546,480,-1
1788814570.9337,1474364,V,546,480,-1
1788814570.9337,1474372,V,550,483,-1
1788814570.9337,1474380,V,547,481,-1
1788814570.9337,1474388,V,547,481,-1
1788814570.9823,1474402,V,547,481,15871
1788814570.9824,1474410,V,546,480,-1
1788814570.9824,1474418,V,547,481,-1
1788814570.9824,1474426,V,548,482,-1
1788814570.9824,1474434,V,547,481,-1
1788814570.9824,1474442,V,546,480,-1
1788814571.0308,1474455,V,546,480,15872
1788814571.0309,1474463,V,547,481,-1
1788814571.0309,1474471,V,565,497,-1
1788814571.0310,1474479,V,546,480,-1
1788814571.0310,1474487,V,546,480,-1
1788814571.0310,1474495,V,546,480,-1
1788814571.0803,1474509,V,546,480,15873
1788814571.0803,1474517,V,546,480,-1
1788814571.0804,1474525,V,546,480,-1
1788814571.0804,1474533,V,545,479,-1
1788814571.0804,1474541,V,546,480,-1
1788814571.0804,1474549,V,547,481,-1
1788814571.1288,1474563,V,547,481,15874
1788814571.1288,1474571,V,546,480,-1
1788814571.1288,1474579,V,547,481,-1
1788814571.1288,1474587,V,547,481,-1
1788814571.1288,1474595,V,546,480,-1
1788814571.1288,1474603,V,547,481,-1
1788814571.1782,1474616,V,547,481,15875
1788814571.1782,1474624,V,547,481,-1
1788814571.1782,1474632,V,546,480,-1
1788814571.1782,1474640,V,547,481,-1
1788814571.1782,1474648,V,548,482,-1
1788814571.1782,1474656,V,546,480,-1
1788814571.2260,1474670,V,547,481,15876
1788814571.2260,1474678,V,547,481,-1
1788814571.2261,1474686,V,546,480,-1
1788814571.2261,1474694,V,547,481,-1
1788814571.2261,1474702,V,547,481,-1
1788814571.2261,1474710,V,546,480,-1
1788814571.3243,1474723,V,547,481,15877
1788814571.3244,1474731,V,546,480,-1
1788814571.3244,1474739,V,546,480,-1
1788814571.3244,1474747,V,546,480,-1
1788814571.3244,1474755,V,547,481,-1
1788814571.3244,1474763,V,547,481,-1
1788814571.3737,1474777,V,546,480,15878
1788814571.3737,1474785,V,546,480,-1
1788814571.3737,1474793,V,546,480,-1
1788814571.3737,1474801,V,546,480,-1
1788814571.3737,1474809,V,552,485,-1
1788814571.3737,1474817,V,547,481,-1
1788814571.4222,1474831,V,546,480,15879
1788814571.4222,1474839,V,546,480,-1
1788814571.4222,1474847,V,547,481,-1
1788814571.4222,1474855,V,546,480,-1
1788814571.4222,1474863,V,546,480,-1
1788814571.4222,1474871,V,547,481,-1
1788814571.4707,1474884,V,546,480,15880
1788814571.4707,1474892,V,546,480,-1
1788814571.4708,1474900,V,547,481,-1
1788814571.4708,1474908,V,548,482,-1
1788814571.4708,1474916,V,545,479,-1
1788814571.4708,1474924,V,546,480,-1
1788814571.5195,1474938,V,545,479,15881
1788814571.5196,1474946,V,545,479,-1
1788814571.5196,1474954,V,546,480,-1
1788814571.5196,1474962,V,545,479,-1
1788814571.5196,1474970,V,546,480,-1
1788814571.5196,1474978,V,545,479,-1
1788814571.5682,1474992,V,545,479,15882
1788814571.5683,1475000,V,546,480,-1
1788814571.5683,1475008,V,564,496,-1
1788814571.5684,1475016,V,544,478,-1
1788814571.5684,1475024,V,545,479,-1
1788814571.5684,1475032,V,545,479,-1
1788814571.6173,1475045,V,545,479,15883
1788814571.6173,1475053,V,546,480,-1
1788814571.6173,1475061,V,546,480,-1
1788814571.6173,1475069,V,545,479,-1
1788814571.6173,1475077,V,546,480,-1
1788814571.6173,1475085,V,546,480,-1
1788814571.6652,1475099,V,547,481,15884
1788814571.6652,1475107,V,547,481,-1
1788814571.6652,1475115,V,546,480,-1
1788814571.6652,1475123,V,546,480,-1
1788814571.6652,1475131,V,546,480,-1
1788814571.6652,1475139,V,546,480,-1
1788814571.7144,1475152,V,545,479,15885
1788814571.7145,1475160,V,546,480,-1
1788814571.7145,1475168,V,546,480,-1
1788814571.7145,1475176,V,546,480,-1
1788814571.7145,1475184,V,546,480,-1
1788814571.7145,1475192,V,547,481,-1
1788814571.7625,1475206,V,547,481,15886
1788814571.7625,1475214,V,547,481,-1
1788814571.7625,1475222,V,546,480,-1
1788814571.7625,1475230,V,547,481,-1
1788814571.7625,1475238,V,547,481,-1
1788814571.7625,1475246,V,548,482,-1
1788814571.8612,1475260,V,547,481,15887
1788814571.8613,1475268,V,547,481,-1
1788814571.8613,1475276,V,548,482,-1
1788814571.8613,1475284,V,547,481,-1
1788814571.8613,1475292,V,548,482,-1
1788814571.8614,1475300,V,547,481,-1
1788814571.9092,1475313,V,547,481,15888
1788814571.9092,1475321,V,547,481,-1
1788814571.9093,1475329,V,547,481,-1
1788814571.9093,1475337,V,547,481,-1
1788814571.9093,1475345,V,554,487,-1
1788814571.9093,1475353,V,547,481,-1
1788814571.9572,1475367,V,548,482,15889
1788814571.9572,1475375,V,546,480,-1
1788814571.9572,1475383,V,546,480,-1
1788814571.9572,1475391,V,546,480,-1
1788814571.9572,1475399,V,546,480,-1
1788814571.9573,1475407,V,547,481,-1
1788814572.0061,1475421,V,546,480,15890
1788814572.0061,1475429,V,546,480,-1
1788814572.0061,1475437,V,546,480,-1
1788814572.0061,1475445,V,548,482,-1
1788814572.0062,1475453,V,544,478,-1
1788814572.0062,1475461,V,546,480,-1
1788814572.0548,1475474,V,546,480,15891
1788814572.0548,1475482,V,545,479,-1
1788814572.0548,1475490,V,545,479,-1
1788814572.0548,1475498,V,545,479,-1
1788814572.0548,1475506,V,546,480,-1
1788814572.0548,1475514,V,546,480,-1
1788814572.1037,1475528,V,546,480,15892
1788814572.1039,1475536,V,546,480,-1
1788814572.1039,1475544,V,548,482,-1
1788814572.1039,1475552,V,546,480,-1
1788814572.1039,1475560,V,546,480,-1
1788814572.1039,1475568,V,546,480,-1
1788814572.1528,1475582,V,546,480,15893
1788814572.1529,1475590,V,545,479,-1
1788814572.1529,1475598,V,546,480,-1
1788814572.1529,1475606,V,547,481,-1
1788814572.1529,1475614,V,546,480,-1
1788814572.1529,1475622,V,546,480,-1
1788814572.2016,1475636,V,546,480,15894
1788814572.2017,1475644,V,545,479,-1
1788814572.2017,1475652,V,546,480,-1
1788814572.2017,1475660,V,546,480,-1
1788814572.2017,1475668,V,546,480,-1
1788814572.2017,1475676,V,547,481,-1
1788814572.2498,1475689,V,546,480,15895
1788814572.2498,1475697,V,546,480,-1
1788814572.2498,1475705,V,547,481,-1
1788814572.2498,1475713,V,547,481,-1
1788814572.2498,1475721,V,547,481,-1
1788814572.2498,1475729,V,546,480,-1
1788814572.2987,1475743,V,547,481,15896
1788814572.2987,1475751,V,546,480,-1
1788814572.2987,1475759,V,547,481,-1
1788814572.2987,1475767,V,547,481,-1
1788814572.2987,1475775,V,547,481,-1
1788814572.2987,1475783,V,551,484,-1
1788814572.3973,1475796,V,547,481,15897
1788814572.3975,1475804,V,547,481,-1
1788814572.3975,1475812,V,546,480,-1
1788814572.3975,1475820,V,546,480,-1
1788814572.3975,1475828,V,546,480,-1
1788814572.3975,1475836,V,546,480,-1
1788814572.4461,1475850,V,547,481,15898
1788814572.4462,1475858,V,546,480,-1
1788814572.4462,1475866,V,546,480,-1
1788814572.4462,1475874,V,546,480,-1
1788814572.4462,1475882,V,549,483,-1
1788814572.4462,1475890,V,545,479,-1
1788814572.4946,1475904,V,546,480,15899
1788814572.4946,1475912,V,546,480,-1
1788814572.4946,1475920,V,546,480,-1
1788814572.4946,1475928,V,546,480,-1
1788814572.4946,1475936,V,546,480,-1
1788814572.4946,1475944,V,546,480,-1
1788814572.5429,1475957,V,546,480,15900
1788814572.5429,1475965,V,547,481,-1
1788814572.5429,1475973,V,546,480,-1
1788814572.5429,1475981,V,564,496,-1
1788814572.5429,1475989,V,547,481,-1
1788814572.5429,1475997,V,547,481,-1
1788814572.5921,1476011,V,547,481,15901
1788814572.5921,1476019,V,547,481,-1
1788814572.5921,1476027,V,546,480,-1
1788814572.5921,1476035,V,546,480,-1
1788814572.5921,1476043,V,547,481,-1
1788814572.5921,1476051,V,546,480,-1
1788814572.6408,1476065,V,547,481,15902
1788814572.6409,1476073,V,546,480,-1
1788814572.6409,1476081,V,546,480,-1
1788814572.6409,1476089,V,546,480,-1
1788814572.6410,1476097,V,547,481,-1
1788814572.6410,1476105,V,545,479,-1
1788814572.6892,1476118,V,546,480,15903
1788814572.6892,1476126,V,547,481,-1
1788814572.6892,1476134,V,546,480,-1
1788814572.6893,1476142,V,547,481,-1
1788814572.6893,1476150,V,546,480,-1
1788814572.6893,1476158,V,547,481,-1
1788814572.7374,1476172,V,546,480,15904
1788814572.7374,1476180,V,547,481,-1
1788814572.7374,1476188,V,547,481,-1
1788814572.7374,1476196,V,546,480,-1
1788814572.7374,1476204,V,547,481,-1
1788814572.7375,1476212,V,547,481,-1
1788814572.7863,1476225,V,547,481,15905
1788814572.7864,1476233,V,547,481,-1
1788814572.7864,1476241,V,547,481,-1
1788814572.7864,1476249,V,547,481,-1
1788814572.7864,1476257,V,547,481,-1
1788814572.7864,1476265,V,546,480,-1
1788814572.8345,1476279,V,548,482,15906
1788814572.8346,1476287,V,546,480,-1
1788814572.8346,1476295,V,547,481,-1
1788814572.8346,1476303,V,547,481,-1
1788814572.8346,1476311,V,546,480,-1
1788814572.8346,1476319,V,551,484,-1
1788814572.9324,1476333,V,546,480,15907
1788814572.9325,1476341,V,547,481,-1
1788814572.9325,1476349,V,547,481,-1
1788814572.9325,1476357,V,546,480,-1
1788814572.9325,1476365,V,546,480,-1
1788814572.9326,1476373,V,546,480,-1
1788814572.9814,1476386,V,548,482,15908
1788814572.9815,1476394,V,547,481,-1
1788814572.9816,1476402,V,546,480,-1
1788814572.9816,1476410,V,546,480,-1
1788814572.9816,1476418,V,549,483,-1
1788814572.9816,1476426,V,548,482,-1
1788814573.0300,1476440,V,547,481,15909
1788814573.0300,1476448,V,546,480,-1
1788814573.0300,1476456,V,546,480,-1
1788814573.0300,1476464,V,546,480,-1
1788814573.0301,1476472,V,546,480,-1
1788814573.0301,1476480,V,546,480,-1
1788814573.0787,1476494,V,546,480,15910
1788814573.0787,1476502,V,547,481,-1
1788814573.0787,1476510,V,546,480,-1
1788814573.0787,1476518,V,565,497,-1
1788814573.0787,1476526,V,546,480,-1
1788814573.0787,1476534,V,547,481,-1
1788814573.1273,1476547,V,547,481,15911
1788814573.1273,1476555,V,546,480,-1
1788814573.1273,1476563,V,546,480,-1
1788814573.1273,1476571,V,547,481,-1
1788814573.1273,1476579,V,547,481,-1
1788814573.1273,1476587,V,547,481,-1
1788814573.1763,1476601,V,547,481,15912
1788814573.1764,1476609,V,546,480,-1
1788814573.1764,1476617,V,547,481,-1
1788814573.1764,1476625,V,547,481,-1
1788814573.1764,1476633,V,546,480,-1
1788814573.1764,1476641,V,547,481,-1
1788814573.2253,1476655,V,547,481,15913
1788814573.2254,1476663,V,546,480,-1
1788814573.2254,1476671,V,547,481,-1
1788814573.2254,1476679,V,547,481,-1
1788814573.2254,1476687,V,546,480,-1
1788814573.2254,1476695,V,548,482,-1
1788814573.2738,1476708,V,546,480,15914
1788814573.2738,1476716,V,546,480,-1
1788814573.2738,1476724,V,546,480,-1
1788814573.2738,1476732,V,545,479,-1
1788814573.2738,1476740,V,545,479,-1
1788814573.2738,1476748,V,546,480,-1
1788814573.3226,1476762,V,546,480,15915
1788814573.3226,1476770,V,545,479,-1
1788814573.3226,1476778,V,545,479,-1
1788814573.3226,1476786,V,547,481,-1
1788814573.3226,1476794,V,546,480,-1
1788814573.3226,1476802,V,547,481,-1
1788814573.3714,1476816,V,546,480,15916
1788814573.3715,1476824,V,545,479,-1
1788814573.3715,1476832,V,546,480,-1
1788814573.3715,1476840,V,545,479,-1
1788814573.3715,1476848,V,546,480,-1
1788814573.3715,1476856,V,552,485,-1
1788814573.4686,1476869,V,546,480,15917
1788814573.4687,1476877,V,546,480,-1
1788814573.4687,1476885,V,546,480,-1
1788814573.4687,1476893,V,546,480,-1
1788814573.4687,1476901,V,547,481,-1
1788814573.4687,1476909,V,546,480,-1
1788814573.5178,1476923,V,546,480,15918
1788814573.5179,1476931,V,546,480,-1
1788814573.5179,1476939,V,546,480,-1
1788814573.5179,1476947,V,548,482,-1
1788814573.5179,1476955,V,550,483,-1
1788814573.5179,1476963,V,545,479,-1
1788814573.5665,1476977,V,545,479,15919
1788814573.5665,1476985,V,547,481,-1
1788814573.5666,1476993,V,546,480,-1
1788814573.5666,1477001,V,545,479,-1
1788814573.5666,1477009,V,546,480,-1
1788814573.5666,1477017,V,545,479,-1
1788814573.6150,1477030,V,546,480,15920
1788814573.6150,1477038,V,547,481,-1
1788814573.6150,1477046,V,547,481,-1
1788814573.6150,1477054,V,549,483,-1
1788814573.6150,1477062,V,547,481,-1
1788814573.6150,1477070,V,547,481,-1
1788814573.6636,1477084,V,546,480,15921
1788814573.6636,1477092,V,546,480,-1
1788814573.6636,1477100,V,547,481,-1
1788814573.6636,1477108,V,546,480,-1
1788814573.6636,1477116,V,547,481,-1
1788814573.6637,1477124,V,547,481,-1
1788814573.7126,1477138,V,547,481,15922
1788814573.7128,1477146,V,547,481,-1
1788814573.7128,1477154,V,547,481,-1
1788814573.7128,1477162,V,547,481,-1
1788814573.7128,1477170,V,547,481,-1
1788814573.7128,1477178,V,546,480,-1
1788814573.7612,1477191,V,546,480,15923
1788814573.7612,1477199,V,546,480,-1
1788814573.7612,1477207,V,547,481,-1
1788814573.7612,1477215,V,546,480,-1
1788814573.7612,1477223,V,547,481,-1
1788814573.7612,1477231,V,547,481,-1
1788814573.8115,1477245,V,547,481,15924
1788814573.8115,1477253,V,547,481,-1
1788814573.8115,1477261,V,546,480,-1
1788814573.8115,1477269,V,546,480,-1
1788814573.8115,1477277,V,546,480,-1
1788814573.8115,1477285,V,546,480,-1
1788814573.8587,1477299,V,553,486,15925
1788814573.8587,1477307,V,547,481,-1
1788814573.8587,1477315,V,546,480,-1
1788814573.8587,1477323,V,545,479,-1
1788814573.8587,1477331,V,547,481,-1
1788814573.8587,1477339,V,546,480,-1
1788814573.9074,1477352,V,546,480,15926
1788814573.9074,1477360,V,547,481,-1
1788814573.9074,1477368,V,546,480,-1
1788814573.9074,1477376,V,547,481,-1
1788814573.9074,1477384,V,546,480,-1
1788814573.9074,1477392,V,549,483,-1
1788814574.0050,1477406,V,547,481,15927
1788814574.0051,1477414,V,547,481,-1
1788814574.0052,1477422,V,547,481,-1
1788814574.0052,1477430,V,546,480,-1
1788814574.0052,1477438,V,547,481,-1
1788814574.0052,1477446,V,547,481,-1
1788814574.0537,1477460,V,546,480,15928
1788814574.0538,1477468,V,547,481,-1
1788814574.0538,1477476,V,546,480,-1
1788814574.0538,1477484,V,547,481,-1
1788814574.0538,1477492,V,564,496,-1
1788814574.0538,1477500,V,547,481,-1
1788814574.1034,1477513,V,547,481,15929
1788814574.1034,1477521,V,546,480,-1
1788814574.1034,1477529,V,546,480,-1
1788814574.1034,1477537,V,547,481,-1
1788814574.1034,1477545,V,546,480,-1
1788814574.1035,1477553,V,548,482,-1
1788814574.1521,1477567,V,547,481,15930
1788814574.1521,1477575,V,548,482,-1
1788814574.1521,1477583,V,547,481,-1
1788814574.1521,1477591,V,547,481,-1
1788814574.1521,1477599,V,547,481,-1
1788814574.1521,1477607,V,547,481,-1
1788814574.2008,1477621,V,547,481,15931
1788814574.2008,1477629,V,548,482,-1
1788814574.2008,1477637,V,545,479,-1
1788814574.2008,1477645,V,546,480,-1
1788814574.2008,1477653,V,547,481,-1
1788814574.2008,1477661,V,546,480,-1
1788814574.2488,1477674,V,546,480,15932
1788814574.2489,1477682,V,547,481,-1
1788814574.2489,1477690,V,548,482,-1
1788814574.2489,1477698,V,547,481,-1
1788814574.2489,1477706,V,546,480,-1
1788814574.2489,1477714,V,546,480,-1
1788814574.2980,1477728,V,547,481,15933
1788814574.2980,1477736,V,547,481,-1
1788814574.2980,1477744,V,547,481,-1
1788814574.2980,1477752,V,547,481,-1
1788814574.2980,1477760,V,546,480,-1
1788814574.2980,1477768,V,546,480,-1
1788814574.3458,1477781,V,546,480,15934
1788814574.3458,1477789,V,546,480,-1
1788814574.3459,1477797,V,546,480,-1
1788814574.3459,1477805,V,546,480,-1
1788814574.3459,1477813,V,547,481,-1
1788814574.3459,1477821,V,547,481,-1
1788814574.3949,1477835,V,553,486,15935
1788814574.3949,1477843,V,546,480,-1
1788814574.3949,1477851,V,546,480,-1
1788814574.3949,1477859,V,547,481,-1
1788814574.3949,1477867,V,546,480,-1
1788814574.3949,1477875,V,546,480,-1
1788814574.4436,1477889,V,546,480,15936
1788814574.4436,1477897,V,547,481,-1
1788814574.4436,1477905,V,546,480,-1
1788814574.4436,1477913,V,546,480,-1
1788814574.4436,1477921,V,547,481,-1
1788814574.4437,1477929,V,547,481,-1
1788814574.5425,1477942,V,547,481,15937
1788814574.5427,1477950,V,548,482,-1
1788814574.5428,1477958,V,546,480,-1
1788814574.5428,1477966,V,547,481,-1
1788814574.5428,1477974,V,547,481,-1
1788814574.5428,1477982,V,546,480,-1
1788814574.5915,1477996,V,546,480,15938
1788814574.5915,1478004,V,548,482,-1
1788814574.5915,1478012,V,546,480,-1
1788814574.5915,1478020,V,547,481,-1
1788814574.5915,1478028,V,563,495,-1
1788814574.5916,1478036,V,545,479,-1
1788814574.6392,1478050,V,547,481,15939
1788814574.6392,1478058,V,547,481,-1
1788814574.6392,1478066,V,547,481,-1
1788814574.6392,1478074,V,547,481,-1
1788814574.6392,1478082,V,546,480,-1
1788814574.6392,1478090,V,546,480,-1
1788814574.6877,1478103,V,547,481,15940
1788814574.6877,1478111,V,547,481,-1
1788814574.6877,1478119,V,546,480,-1
1788814574.6877,1478127,V,547,481,-1
1788814574.6878,1478135,V,545,479,-1
1788814574.6878,1478143,V,547,481,-1
1788814574.7363,1478157,V,547,481,15941
1788814574.7364,1478165,V,545,479,-1
1788814574.7364,1478173,V,547,481,-1
1788814574.7364,1478181,V,547,481,-1
1788814574.7366,1478189,V,546,480,-1
1788814574.7366,1478197,V,546,480,-1
1788814574.7852,1478210,V,547,481,15942
1788814574.7853,1478218,V,546,480,-1
1788814574.7854,1478226,V,546,480,-1
1788814574.7854,1478234,V,545,479,-1
1788814574.7854,1478242,V,546,480,-1
1788814574.7854,1478250,V,546,480,-1
1788814574.8354,1478264,V,546,480,15943
1788814574.8354,1478272,V,546,480,-1
1788814574.8355,1478280,V,546,480,-1
1788814574.8355,1478288,V,546,480,-1
1788814574.8355,1478296,V,547,481,-1
1788814574.8355,1478304,V,546,480,-1
1788814574.9311,1478318,V,546,480,15944
1788814574.9312,1478326,V,547,481,-1
1788814574.9312,1478334,V,545,479,-1
1788814574.9312,1478342,V,546,480,-1
1788814574.9312,1478350,V,546,480,-1
1788814574.9312,1478358,V,545,479,-1
1788814574.9329,1478371,V,551,484,15945
1788814574.9330,1478379,V,547,481,-1
1788814574.9330,1478387,V,546,480,-1
1788814574.9330,1478395,V,545,479,-1
1788814574.9330,1478403,V,545,479,-1
1788814574.9330,1478411,V,546,480,-1
1788814574.9799,1478425,V,546,480,15946
1788814574.9799,1478433,V,546,480,-1
1788814574.9799,1478441,V,546,480,-1
1788814574.9799,1478449,V,547,481,-1
1788814574.9799,1478457,V,546,480,-1
1788814574.9799,1478465,V,547,481,-1
1788814575.0773,1478479,V,547,481,15947
1788814575.0775,1478487,V,547,481,-1
1788814575.0775,1478495,V,546,480,-1
1788814575.0775,1478503,V,547,481,-1
1788814575.0775,1478511,V,547,481,-1
1788814575.0775,1478519,V,547,481,-1
1788814575.1275,1478532,V,547,481,15948
1788814575.1275,1478540,V,549,483,-1
1788814575.1276,1478548,V,546,480,-1
1788814575.1276,1478556,V,546,480,-1
1788814575.1276,1478564,V,559,491,-1
1788814575.1276,1478572,V,546,480,-1
1788814575.1750,1478586,V,546,480,15949
1788814575.1750,1478594,V,546,480,-1
1788814575.1751,1478602,V,545,479,-1
1788814575.1751,1478610,V,547,481,-1
1788814575.1751,1478618,V,546,480,-1
1788814575.1751,1478626,V,546,480,-1
1788814575.2234,1478640,V,547,481,15950
1788814575.2234,1478648,V,547,481,-1
1788814575.2235,1478656,V,546,480,-1
1788814575.2235,1478664,V,547,481,-1
1788814575.2235,1478672,V,546,480,-1
1788814575.2235,1478680,V,546,480,-1
1788814575.2727,1478693,V,546,480,15951
1788814575.2727,1478701,V,546,480,-1
1788814575.2727,1478709,V,547,481,-1
1788814575.2727,1478717,V,546,480,-1
1788814575.2727,1478725,V,546,480,-1
1788814575.2727,1478733,V,547,481,-1
1788814575.3214,1478747,V,546,480,15952
1788814575.3215,1478755,V,547,481,-1
1788814575.3216,1478763,V,547,481,-1
1788814575.3216,1478771,V,546,480,-1
1788814575.3216,1478779,V,548,482,-1
1788814575.3216,1478787,V,547,481,-1
1788814575.3707,1478801,V,549,483,15953
1788814575.3707,1478809,V,549,483,-1
1788814575.3707,1478817,V,546,480,-1
1788814575.3707,1478825,V,547,481,-1
1788814575.3708,1478833,V,546,480,-1
1788814575.3708,1478841,V,546,480,-1
1788814575.4186,1478854,V,547,481,15954
1788814575.4187,1478862,V,547,481,-1
1788814575.4187,1478870,V,546,480,-1
1788814575.4187,1478878,V,547,481,-1
1788814575.4187,1478886,V,546,480,-1
1788814575.4187,1478894,V,547,481,-1
1788814575.4674,1478908,V,548,482,15955
1788814575.4674,1478916,V,547,481,-1
1788814575.4674,1478924,V,547,481,-1
1788814575.4674,1478932,V,546,480,-1
1788814575.4674,1478940,V,546,480,-1
1788814575.4674,1478948,V,546,480,-1
1788814575.5647,1478962,V,546,480,15956
1788814575.5649,1478970,V,546,480,-1
1788814575.5649,1478978,V,545,479,-1
1788814575.5649,1478986,V,546,480,-1
1788814575.5649,1478994,V,546,480,-1
1788814575.5649,1479002,V,554,487,-1
1788814575.6142,1479015,V,546,480,15957
1788814575.6142,1479023,V,546,480,-1
1788814575.6142,1479031,V,545,479,-1
1788814575.6142,1479039,V,546,480,-1
1788814575.6143,1479047,V,547,481,-1
1788814575.6143,1479055,V,546,480,-1
1788814575.6634,1479069,V,546,480,15958
1788814575.6634,1479077,V,546,480,-1
1788814575.6634,1479085,V,545,479,-1
1788814575.6634,1479093,V,547,481,-1
1788814575.6634,1479101,V,549,483,-1
1788814575.6635,1479109,V,547,481,-1
1788814575.7110,1479123,V,546,480,15959
1788814575.7110,1479131,V,546,480,-1
1788814575.7110,1479139,V,546,480,-1
1788814575.7110,1479147,V,545,479,-1
1788814575.7110,1479155,V,547,481,-1
1788814575.7110,1479163,V,546,480,-1
1788814575.7598,1479176,V,546,480,15960
1788814575.7598,1479184,V,546,480,-1
1788814575.7598,1479192,V,546,480,-1
1788814575.7598,1479200,V,547,481,-1
1788814575.7598,1479208,V,547,481,-1
1788814575.7598,1479216,V,546,480,-1
1788814575.8085,1479230,V,547,481,15961
1788814575.8086,1479238,V,547,481,-1
1788814575.8086,1479246,V,547,481,-1
1788814575.8086,1479254,V,547,481,-1
1788814575.8086,1479262,V,547,481,-1
1788814575.8086,1479270,V,546,480,-1
1788814575.8570,1479283,V,546,480,15962
1788814575.8570,1479291,V,547,481,-1
1788814575.8570,1479299,V,547,481,-1
1788814575.8570,1479307,V,547,481,-1
1788814575.8570,1479315,V,547,481,-1
1788814575.8570,1479323,V,547,481,-1
1788814575.9064,1479337,V,548,482,15963
1788814575.9064,1479345,V,553,486,-1
1788814575.9065,1479353,V,547,481,-1
1788814575.9065,1479361,V,548,482,-1
1788814575.9065,1479369,V,546,480,-1
1788814575.9065,1479377,V,547,481,-1
1788814575.9549,1479391,V,547,481,15964
1788814575.9550,1479399,V,547,481,-1
1788814575.9550,1479407,V,548,482,-1
1788814575.9550,1479415,V,548,482,-1
1788814575.9550,1479423,V,547,481,-1
1788814575.9550,1479431,V,547,481,-1
1788814576.0037,1479444,V,549,483,15965
1788814576.0037,1479452,V,548,482,-1
1788814576.0037,1479460,V,548,482,-1
1788814576.0037,1479468,V,547,481,-1
1788814576.0037,1479476,V,547,481,-1
1788814576.0037,1479484,V,548,482,-1
1788814576.1014,1479498,V,547,481,15966
1788814576.1015,1479506,V,546,480,-1
1788814576.1015,1479514,V,546,480,-1
1788814576.1015,1479522,V,547,481,-1
1788814576.1016,1479530,V,546,480,-1
1788814576.1016,1479538,V,556,489,-1
1788814576.1498,1479552,V,547,481,15967
1788814576.1499,1479560,V,547,481,-1
1788814576.1499,1479568,V,547,481,-1
1788814576.1499,1479576,V,546,480,-1
1788814576.1499,1479584,V,545,479,-1
1788814576.1499,1479592,V,547,481,-1
1788814576.1997,1479605,V,546,480,15968
1788814576.1997,1479613,V,546,480,-1
1788814576.1997,1479621,V,547,481,-1
1788814576.1997,1479629,V,546,480,-1
1788814576.1997,1479637,V,548,482,-1
1788814576.1997,1479645,V,546,480,-1
1788814576.2483,1479659,V,546,480,15969
1788814576.2483,1479667,V,547,481,-1
1788814576.2483,1479675,V,547,481,-1
1788814576.2483,1479683,V,547,481,-1
1788814576.2483,1479691,V,547,481,-1
1788814576.2483,1479699,V,547,481,-1
1788814576.2973,1479713,V,546,480,15970
1788814576.2973,1479721,V,547,481,-1
1788814576.2973,1479729,V,546,480,-1
1788814576.2973,1479737,V,546,480,-1
1788814576.2973,1479745,V,547,481,-1
1788814576.2973,1479753,V,546,480,-1
1788814576.3458,1479766,V,548,482,15971
1788814576.3460,1479774,V,546,480,-1
1788814576.3460,1479782,V,547,481,-1
1788814576.3460,1479790,V,547,481,-1
1788814576.3460,1479798,V,547,481,-1
1788814576.3460,1479806,V,547,481,-1
1788814576.3941,1479820,V,547,481,15972
1788814576.3941,1479828,V,547,481,-1
1788814576.3942,1479836,V,547,481,-1
1788814576.3942,1479844,V,546,480,-1
1788814576.3942,1479852,V,547,481,-1
1788814576.3942,1479860,V,547,481,-1
1788814576.4430,1479873,V,547,481,15973
1788814576.4430,1479881,V,553,486,-1
1788814576.4430,1479889,V,546,480,-1
1788814576.4430,1479897,V,547,481,-1
1788814576.4430,1479905,V,547,481,-1
1788814576.4430,1479913,V,546,480,-1
1788814576.4911,1479927,V,546,480,15974
1788814576.4911,1479935,V,546,480,-1
1788814576.4911,1479943,V,546,480,-1
1788814576.4912,1479951,V,547,481,-1
1788814576.4912,1479959,V,546,480,-1
1788814576.4912,1479967,V,546,480,-1
1788814576.5399,1479981,V,549,483,15975
1788814576.5399,1479989,V,546,480,-1
1788814576.5399,1479997,V,546,480,-1
1788814576.5399,1480005,V,547,481,-1
1788814576.5399,1480013,V,547,481,-1
1788814576.5400,1480021,V,547,481,-1
1788814576.6383,1480034,V,550,483,15976
1788814576.6385,1480042,V,547,481,-1
1788814576.6385,1480050,V,548,482,-1
1788814576.6385,1480058,V,547,481,-1
1788814576.6385,1480066,V,547,481,-1
1788814576.6385,1480074,V,563,495,-1
1788814576.6874,1480088,V,546,480,15977
1788814576.6874,1480096,V,548,482,-1
1788814576.6874,1480104,V,548,482,-1
1788814576.6874,1480112,V,547,481,-1
1788814576.6874,1480120,V,547,481,-1
1788814576.6874,1480128,V,548,482,-1
1788814576.7349,1480142,V,547,481,15978
1788814576.7349,1480150,V,548,482,-1
1788814576.7349,1480158,V,547,481,-1
1788814576.7349,1480166,V,547,481,-1
1788814576.7350,1480174,V,548,482,-1
1788814576.7350,1480182,V,547,481,-1
1788814576.7846,1480195,V,548,482,15979
1788814576.7847,1480203,V,546,480,-1
1788814576.7847,1480211,V,546,480,-1
1788814576.7847,1480219,V,546,480,-1
1788814576.7847,1480227,V,547,481,-1
1788814576.7847,1480235,V,546,480,-1
1788814576.8345,1480249,V,547,481,15980
1788814576.8346,1480257,V,547,481,-1
1788814576.8346,1480265,V,548,482,-1
1788814576.8346,1480273,V,548,482,-1
1788814576.8346,1480281,V,548,482,-1
1788814576.8346,1480289,V,548,482,-1
1788814576.8812,1480302,V,547,481,15981
1788814576.8813,1480310,V,547,481,-1
1788814576.8813,1480318,V,546,480,-1
1788814576.8813,1480326,V,546,480,-1
1788814576.8813,1480334,V,547,481,-1
1788814576.8813,1480342,V,546,480,-1
1788814576.9792,1480356,V,546,480,15982
1788814576.9792,1480364,V,547,481,-1
1788814576.9792,1480372,V,547,481,-1
1788814576.9792,1480380,V,546,480,-1
1788814576.9792,1480388,V,546,480,-1
1788814576.9792,1480396,V,546,480,-1
1788814576.9801,1480410,V,546,480,15983
1788814576.9801,1480418,V,551,484,-1
1788814576.9801,1480426,V,546,480,-1
1788814576.9801,1480434,V,546,480,-1
1788814576.9801,1480442,V,546,480,-1
1788814576.9801,1480450,V,547,481,-1
1788814577.0272,1480463,V,546,480,15984
1788814577.0273,1480471,V,545,479,-1
1788814577.0273,1480479,V,546,480,-1
1788814577.0273,1480487,V,545,479,-1
1788814577.0273,1480495,V,546,480,-1
1788814577.0273,1480503,V,545,479,-1
1788814577.0761,1480517,V,548,482,15985
1788814577.0762,1480525,V,547,481,-1
1788814577.0762,1480533,V,546,480,-1
1788814577.0762,1480541,V,545,479,-1
1788814577.0762,1480549,V,546,480,-1
1788814577.0762,1480557,V,547,481,-1
1788814577.1740,1480571,V,547,481,15986
1788814577.1741,1480579,V,547,481,-1
1788814577.1742,1480587,V,547,481,-1
1788814577.1742,1480595,V,547,481,-1
1788814577.1742,1480603,V,547,481,-1
1788814577.1742,1480611,V,565,497,-1
1788814577.2229,1480624,V,546,480,15987
1788814577.2229,1480632,V,547,481,-1
1788814577.2229,1480640,V,546,480,-1
1788814577.2229,1480648,V,547,481,-1
1788814577.2229,1480656,V,546,480,-1
1788814577.2229,1480664,V,548,482,-1
1788814577.2712,1480678,V,548,482,15988
1788814577.2713,1480686,V,546,480,-1
1788814577.2713,1480694,V,547,481,-1
1788814577.2713,1480702,V,548,482,-1
1788814577.2713,1480710,V,548,482,-1
1788814577.2713,1480718,V,547,481,-1
1788814577.3209,1480732,V,547,481,15989
1788814577.3209,1480740,V,548,482,-1
1788814577.3210,1480748,V,547,481,-1
1788814577.3210,1480756,V,548,482,-1
1788814577.3210,1480764,V,547,481,-1
1788814577.3210,1480772,V,547,481,-1
1788814577.3689,1480785,V,546,480,15990
1788814577.3690,1480793,V,547,481,-1
1788814577.3690,1480801,V,547,481,-1
1788814577.3690,1480809,V,547,481,-1
1788814577.3690,1480817,V,547,481,-1
1788814577.3690,1480825,V,546,480,-1
1788814577.4176,1480839,V,546,480,15991
1788814577.4177,1480847,V,546,480,-1
1788814577.4178,1480855,V,546,480,-1
1788814577.4178,1480863,V,546,480,-1
1788814577.4178,1480871,V,547,481,-1
1788814577.4178,1480879,V,546,480,-1
1788814577.4666,1480892,V,545,479,15992
1788814577.4666,1480900,V,545,479,-1
1788814577.4666,1480908,V,546,480,-1
1788814577.4666,1480916,V,546,480,-1
1788814577.4666,1480924,V,546,480,-1
1788814577.4666,1480932,V,546,480,-1
1788814577.5152,1480946,V,546,480,15993
1788814577.5152,1480954,V,553,486,-1
1788814577.5152,1480962,V,546,480,-1
1788814577.5152,1480970,V,546,480,-1
1788814577.5152,1480978,V,546,480,-1
1788814577.5152,1480986,V,546,480,-1
1788814577.5638,1481000,V,547,481,15994
1788814577.5638,1481008,V,547,481,-1
1788814577.5638,1481016,V,546,480,-1
1788814577.5638,1481024,V,545,479,-1
1788814577.5638,1481032,V,546,480,-1
1788814577.5638,1481040,V,546,480,-1
1788814577.6124,1481053,V,550,483,15995
1788814577.6124,1481061,V,546,480,-1
1788814577.6124,1481069,V,546,480,-1
1788814577.6124,1481077,V,546,480,-1
1788814577.6124,1481085,V,547,481,-1
1788814577.6124,1481093,V,547,481,-1
1788814577.7099,1481107,V,547,481,15996
1788814577.7100,1481115,V,547,481,-1
1788814577.7100,1481123,V,548,482,-1
1788814577.7100,1481131,V,548,482,-1
1788814577.7101,1481139,V,547,481,-1
1788814577.7101,1481147,V,564,496,-1
1788814577.7589,1481160,V,547,481,15997
1788814577.7589,1481168,V,547,481,-1
1788814577.7589,1481176,V,548,482,-1
1788814577.7589,1481184,V,548,482,-1
1788814577.7589,1481192,V,548,482,-1
1788814577.7589,1481200,V,548,482,-1
1788814577.8072,1481214,V,548,482,15998
1788814577.8072,1481222,V,548,482,-1
1788814577.8072,1481230,V,549,483,-1
1788814577.8072,1481238,V,547,481,-1
1788814577.8072,1481246,V,550,483,-1
1788814577.8072,1481254,V,548,482,-1
1788814577.8577,1481268,V,548,482,15999
1788814577.8577,1481276,V,547,481,-1
1788814577.8577,1481284,V,547,481,-1
1788814577.8577,1481292,V,548,482,-1
1788814577.8577,1481300,V,548,482,-1
1788814577.8577,1481308,V,547,481,-1
1788814577.9048,1481321,V,546,480,16000
1788814577.9048,1481329,V,547,481,-1
1788814577.9048,1481337,V,546,480,-1
1788814577.9048,1481345,V,546,480,-1
1788814577.9048,1481353,V,547,481,-1
1788814577.9048,1481361,V,547,481,-1
1788814577.9550,1481375,V,546,480,16001
1788814577.9552,1481383,V,547,481,-1
1788814577.9552,1481391,V,547,481,-1
1788814577.9552,1481399,V,547,481,-1
1788814577.9552,1481407,V,548,482,-1
1788814577.9552,1481415,V,546,480,-1
1788814578.0032,1481429,V,547,481,16002
1788814578.0032,1481437,V,546,480,-1
1788814578.0032,1481445,V,547,481,-1
1788814578.0033,1481453,V,546,480,-1
1788814578.0033,1481461,V,547,481,-1
1788814578.0033,1481469,V,548,482,-1
1788814578.0531,1481482,V,546,480,16003
1788814578.0531,1481490,V,555,488,-1
1788814578.0531,1481498,V,548,482,-1
1788814578.0531,1481506,V,548,482,-1
1788814578.0531,1481514,V,547,481,-1
1788814578.0531,1481522,V,547,481,-1
1788814578.1044,1481536,V,547,481,16004
1788814578.1045,1481544,V,547,481,-1
1788814578.1045,1481552,V,547,481,-1
1788814578.1045,1481560,V,547,481,-1
1788814578.1045,1481568,V,548,482,-1
1788814578.1045,1481576,V,547,481,-1
1788814578.1490,1481589,V,550,483,16005
1788814578.1491,1481597,V,548,482,-1
1788814578.1491,1481605,V,547,481,-1
1788814578.1491,1481613,V,547,481,-1
1788814578.1491,1481621,V,549,483,-1
1788814578.1491,1481629,V,548,482,-1
1788814578.2466,1481643,V,547,481,16006
1788814578.2468,1481651,V,548,482,-1
1788814578.2468,1481659,V,547,481,-1
1788814578.2468,1481667,V,547,481,-1
1788814578.2468,1481675,V,548,482,-1
1788814578.2468,1481683,V,563,495,-1
1788814578.2950,1481697,V,547,481,16007
1788814578.2950,1481705,V,547,481,-1
1788814578.2950,1481713,V,548,482,-1
1788814578.2950,1481721,V,548,482,-1
1788814578.2950,1481729,V,548,482,-1
1788814578.2950,1481737,V,547,481,-1
1788814578.3438,1481750,V,547,481,16008
1788814578.3439,1481758,V,547,481,-1
1788814578.3440,1481766,V,546,480,-1
1788814578.3441,1481774,V,547,481,-1
1788814578.3441,1481782,V,549,483,-1
1788814578.3441,1481790,V,546,480,-1
1788814578.3924,1481804,V,546,480,16009
1788814578.3924,1481812,V,547,481,-1
1788814578.3924,1481820,V,546,480,-1
1788814578.3924,1481828,V,547,481,-1
1788814578.3924,1481836,V,548,482,-1
1788814578.3924,1481844,V,546,480,-1
1788814578.4413,1481857,V,547,481,16010
1788814578.4414,1481865,V,547,481,-1
1788814578.4414,1481873,V,546,480,-1
1788814578.4414,1481881,V,546,480,-1
1788814578.4414,1481889,V,547,481,-1
1788814578.4414,1481897,V,546,480,-1
1788814578.4899,1481911,V,547,481,16011
1788814578.4901,1481919,V,547,481,-1
1788814578.4901,1481927,V,547,481,-1
1788814578.4901,1481935,V,548,482,-1
1788814578.4901,1481943,V,547,481,-1
1788814578.4901,1481951,V,548,482,-1
1788814578.5391,1481965,V,547,481,16012
1788814578.5391,1481973,V,547,481,-1
1788814578.5391,1481981,V,546,480,-1
1788814578.5391,1481989,V,546,480,-1
1788814578.5391,1481997,V,545,479,-1
1788814578.5391,1482005,V,546,480,-1
1788814578.5874,1482018,V,547,481,16013
1788814578.5874,1482026,V,551,484,-1
1788814578.5874,1482034,V,547,481,-1
1788814578.5874,1482042,V,548,482,-1
1788814578.5874,1482050,V,548,482,-1
1788814578.5874,1482058,V,547,481,-1
1788814578.6362,1482072,V,548,482,16014
1788814578.6363,1482080,V,547,481,-1
1788814578.6363,1482088,V,546,480,-1
1788814578.6363,1482096,V,548,482,-1
1788814578.6363,1482104,V,547,481,-1
1788814578.6363,1482112,V,546,480,-1
1788814578.6849,1482126,V,550,483,16015
1788814578.6849,1482134,V,547,481,-1
1788814578.6849,1482142,V,547,481,-1
1788814578.6849,1482150,V,546,480,-1
1788814578.6849,1482158,V,546,480,-1
1788814578.6849,1482166,V,546,480,-1
1788814578.7824,1482179,V,547,481,16016
1788814578.7825,1482187,V,546,480,-1
1788814578.7825,1482195,V,545,479,-1
1788814578.7825,1482203,V,546,480,-1
1788814578.7825,1482211,V,547,481,-1
1788814578.7825,1482219,V,564,496,-1
1788814578.8311,1482233,V,547,481,16017
1788814578.8312,1482241,V,545,479,-1
1788814578.8312,1482249,V,546,480,-1
1788814578.8312,1482257,V,545,479,-1
1788814578.8312,1482265,V,546,480,-1
1788814578.8312,1482273,V,545,479,-1
1788814578.8814,1482287,V,546,480,16018
1788814578.8814,1482295,V,547,481,-1
1788814578.8814,1482303,V,546,480,-1
1788814578.8814,1482311,V,545,479,-1
1788814578.8814,1482319,V,545,479,-1
1788814578.8814,1482327,V,546,480,-1
1788814578.9284,1482340,V,546,480,16019
1788814578.9284,1482348,V,545,479,-1
1788814578.9284,1482356,V,545,479,-1
1788814578.9284,1482364,V,545,479,-1
1788814578.9284,1482372,V,547,481,-1
1788814578.9284,1482380,V,546,480,-1
1788814578.9775,1482394,V,546,480,16020
1788814578.9775,1482402,V,546,480,-1
1788814578.9775,1482410,V,546,480,-1
1788814578.9775,1482418,V,546,480,-1
1788814578.9775,1482426,V,546,480,-1
1788814578.9775,1482434,V,545,479,-1
1788814579.0264,1482447,V,545,479,16021
1788814579.0266,1482455,V,546,480,-1
1788814579.0266,1482463,V,547,481,-1
1788814579.0266,1482471,V,546,480,-1
1788814579.0266,1482479,V,545,479,-1
1788814579.0266,1482487,V,546,480,-1
1788814579.0753,1482501,V,546,480,16022
1788814579.0754,1482509,V,547,481,-1
1788814579.0754,1482517,V,546,480,-1
1788814579.0754,1482525,V,547,481,-1
1788814579.0754,1482533,V,546,480,-1
1788814579.0754,1482541,V,546,480,-1
1788814579.1238,1482555,V,546,480,16023
1788814579.1239,1482563,V,554,487,-1
1788814579.1239,1482571,V,546,480,-1
1788814579.1239,1482579,V,546,480,-1
1788814579.1239,1482587,V,547,481,-1
1788814579.1239,1482595,V,546,480,-1
1788814579.1724,1482608,V,546,480,16024
1788814579.1724,1482616,V,546,480,-1
1788814579.1725,1482624,V,545,479,-1
1788814579.1725,1482632,V,546,480,-1
1788814579.1725,1482640,V,547,481,-1
1788814579.1725,1482648,V,545,479,-1
1788814579.2701,1482662,V,552,485,16025
1788814579.2703,1482670,V,546,480,-1
1788814579.2703,1482678,V,547,481,-1
1788814579.2703,1482686,V,546,480,-1
1788814579.2703,1482694,V,546,480,-1
1788814579.2703,1482702,V,545,479,-1
1788814579.3192,1482716,V,545,479,16026
1788814579.3192,1482724,V,546,480,-1
1788814579.3192,1482732,V,545,479,-1
1788814579.3192,1482740,V,546,480,-1
1788814579.3192,1482748,V,546,480,-1
1788814579.3192,1482756,V,554,487,-1
1788814579.3687,1482770,V,545,479,16027
1788814579.3687,1482778,V,545,479,-1
1788814579.3688,1482786,V,545,479,-1
1788814579.3688,1482794,V,546,480,-1
1788814579.3688,1482802,V,546,480,-1
1788814579.3688,1482810,V,545,479,-1
1788814579.4170,1482823,V,545,479,16028
1788814579.4171,1482831,V,546,480,-1
1788814579.4171,1482839,V,545,479,-1
1788814579.4171,1482847,V,545,479,-1
1788814579.4171,1482855,V,546,480,-1
1788814579.4171,1482863,V,546,480,-1
1788814579.4650,1482877,V,545,479,16029
1788814579.4650,1482885,V,546,480,-1
1788814579.4650,1482893,V,546,480,-1
1788814579.4650,1482901,V,545,479,-1
1788814579.4650,1482909,V,547,481,-1
1788814579.4650,1482917,V,546,480,-1
1788814579.5133,1482931,V,546,480,16030
1788814579.5134,1482939,V,547,481,-1
1788814579.5135,1482947,V,547,481,-1
1788814579.5135,1482955,V,547,481,-1
1788814579.5135,1482963,V,547,481,-1
1788814579.5135,1482971,V,546,480,-1
1788814579.5629,1482984,V,548,482,16031
1788814579.5629,1482992,V,547,481,-1
1788814579.5629,1483000,V,551,484,-1
1788814579.5629,1483008,V,547,481,-1
1788814579.5629,1483016,V,546,480,-1
1788814579.5629,1483024,V,547,481,-1
1788814579.6112,1483038,V,548,482,16032
1788814579.6112,1483046,V,547,481,-1
1788814579.6112,1483054,V,548,482,-1
1788814579.6112,1483062,V,548,482,-1
1788814579.6112,1483070,V,547,481,-1
1788814579.6112,1483078,V,547,481,-1
1788814579.6600,1483091,V,547,481,16033
1788814579.6600,1483099,V,550,483,-1
1788814579.6600,1483107,V,545,479,-1
1788814579.6600,1483115,V,546,480,-1
1788814579.6600,1483123,V,546,480,-1
1788814579.6600,1483131,V,547,481,-1
1788814579.7087,1483145,V,546,480,16034
1788814579.7087,1483153,V,546,480,-1
1788814579.7087,1483161,V,546,480,-1
1788814579.7087,1483169,V,546,480,-1
1788814579.7087,1483177,V,546,480,-1
1788814579.7088,1483185,V,546,480,-1
1788814579.7574,1483199,V,564,496,16035
1788814579.7576,1483207,V,546,480,-1
1788814579.7576,1483215,V,546,480,-1
1788814579.7576,1483223,V,546,480,-1
1788814579.7576,1483231,V,546,480,-1
1788814579.7576,1483239,V,546,480,-1
1788814579.8559,1483252,V,547,481,16036
1788814579.8559,1483260,V,546,480,-1
1788814579.8559,1483268,V,546,480,-1
1788814579.8559,1483276,V,547,481,-1
1788814579.8559,1483284,V,546,480,-1
1788814579.8559,1483292,V,547,481,-1
1788814579.9037,1483306,V,547,481,16037
1788814579.9037,1483314,V,548,482,-1
1788814579.9037,1483322,V,546,480,-1
1788814579.9037,1483330,V,546,480,-1
1788814579.9037,1483338,V,547,481,-1
1788814579.9037,1483346,V,546,480,-1
1788814579.9534,1483360,V,547,481,16038
1788814579.9534,1483368,V,546,480,-1
1788814579.9534,1483376,V,546,480,-1
1788814579.9534,1483384,V,547,481,-1
1788814579.9534,1483392,V,546,480,-1
1788814579.9534,1483400,V,546,480,-1
1788814580.0021,1483413,V,547,481,16039
1788814580.0022,1483421,V,547,481,-1
1788814580.0022,1483429,V,546,480,-1
1788814580.0022,1483437,V,548,482,-1
1788814580.0022,1483445,V,547,481,-1
1788814580.0022,1483453,V,548,482,-1
1788814580.0502,1483467,V,547,481,16040
1788814580.0503,1483475,V,548,482,-1
1788814580.0503,1483483,V,548,482,-1
1788814580.0503,1483491,V,548,482,-1
1788814580.0503,1483499,V,548,482,-1
1788814580.0503,1483507,V,549,483,-1
1788814580.0984,1483520,V,548,482,16041
1788814580.0985,1483528,V,549,483,-1
1788814580.0985,1483536,V,553,486,-1
1788814580.0985,1483544,V,549,483,-1
1788814580.0986,1483552,V,549,483,-1
1788814580.0986,1483560,V,547,481,-1
1788814580.1474,1483574,V,548,482,16042
1788814580.1474,1483582,V,549,483,-1
1788814580.1474,1483590,V,548,482,-1
1788814580.1474,1483598,V,548,482,-1
1788814580.1474,1483606,V,547,481,-1
1788814580.1474,1483614,V,549,483,-1
1788814580.1962,1483628,V,547,481,16043
1788814580.1962,1483636,V,551,484,-1
1788814580.1962,1483644,V,547,481,-1
1788814580.1962,1483652,V,547,481,-1
1788814580.1962,1483660,V,549,483,-1
1788814580.1962,1483668,V,548,482,-1
1788814580.2458,1483681,V,547,481,16044
1788814580.2460,1483689,V,547,481,-1
1788814580.2460,1483697,V,547,481,-1
1788814580.2460,1483705,V,546,480,-1
1788814580.2460,1483713,V,547,481,-1
1788814580.2460,1483721,V,547,481,-1
1788814580.2949,1483735,V,564,496,16045
1788814580.2949,1483743,V,547,481,-1
1788814580.2950,1483751,V,548,482,-1
1788814580.2950,1483759,V,547,481,-1
1788814580.2950,1483767,V,548,482,-1
1788814580.2950,1483775,V,547,481,-1
1788814580.3911,1483789,V,548,482,16046
1788814580.3912,1483797,V,548,482,-1
1788814580.3912,1483805,V,547,481,-1
1788814580.3912,1483813,V,547,481,-1
1788814580.3912,1483821,V,546,480,-1
1788814580.3912,1483829,V,548,482,-1
1788814580.4400,1483842,V,547,481,16047
1788814580.4400,1483850,V,546,480,-1
1788814580.4401,1483858,V,547,481,-1
1788814580.4401,1483866,V,547,481,-1
1788814580.4401,1483874,V,547,481,-1
1788814580.4401,1483882,V,547,481,-1
1788814580.4887,1483896,V,547,481,16048
1788814580.4889,1483904,V,546,480,-1
1788814580.4889,1483912,V,547,481,-1
1788814580.4889,1483920,V,547,481,-1
1788814580.4890,1483928,V,548,482,-1
1788814580.4890,1483936,V,547,481,-1
1788814580.5376,1483950,V,548,482,16049
1788814580.5376,1483958,V,546,480,-1
1788814580.5376,1483966,V,548,482,-1
1788814580.5376,1483974,V,547,481,-1
1788814580.5376,1483982,V,548,482,-1
1788814580.5376,1483990,V,547,481,-1
1788814580.5861,1484003,V,547,481,16050
1788814580.5861,1484011,V,547,481,-1
1788814580.5861,1484019,V,547,481,-1
1788814580.5861,1484027,V,546,480,-1
1788814580.5861,1484035,V,547,481,-1
1788814580.5861,1484043,V,547,481,-1
1788814580.6351,1484057,V,546,480,16051
1788814580.6351,1484065,V,546,480,-1
1788814580.6351,1484073,V,552,485,-1
1788814580.6351,1484081,V,546,480,-1
1788814580.6351,1484089,V,547,481,-1
1788814580.6352,1484097,V,547,481,-1
1788814580.6834,1484110,V,547,481,16052
1788814580.6834,1484118,V,546,480,-1
1788814580.6834,1484126,V,546,480,-1
1788814580.6834,1484134,V,546,480,-1
1788814580.6834,1484142,V,547,481,-1
1788814580.6834,1484150,V,547,481,-1
1788814580.7321,1484164,V,547,481,16053
1788814580.7321,1484172,V,549,483,-1
1788814580.7321,1484180,V,546,480,-1
1788814580.7321,1484188,V,546,480,-1
1788814580.7321,1484196,V,546,480,-1
1788814580.7321,1484204,V,546,480,-1
1788814580.7811,1484218,V,546,480,16054
1788814580.7811,1484226,V,545,479,-1
1788814580.7811,1484234,V,547,481,-1
1788814580.7811,1484242,V,547,481,-1
1788814580.7811,1484250,V,546,480,-1
1788814580.7811,1484258,V,546,480,-1
1788814580.8296,1484271,V,565,497,16055
1788814580.8296,1484279,V,547,481,-1
1788814580.8297,1484287,V,547,481,-1
1788814580.8297,1484295,V,546,480,-1
1788814580.8297,1484303,V,547,481,-1
1788814580.8297,1484311,V,546,480,-1
1788814580.9276,1484325,V,547,481,16056
1788814580.9277,1484333,V,546,480,-1
1788814580.9277,1484341,V,545,479,-1
1788814580.9277,1484349,V,547,481,-1
1788814580.9277,1484357,V,546,480,-1
1788814580.9277,1484365,V,547,481,-1
1788814580.9766,1484379,V,547,481,16057
1788814580.9768,1484387,V,548,482,-1
1788814580.9768,1484395,V,546,480,-1
1788814580.9768,1484403,V,548,482,-1
1788814580.9768,1484411,V,546,480,-1
1788814580.9768,1484419,V,547,481,-1
1788814581.0252,1484432,V,547,481,16058
1788814581.0252,1484440,V,546,480,-1
1788814581.0252,1484448,V,547,481,-1
1788814581.0252,1484456,V,547,481,-1
1788814581.0252,1484464,V,548,482,-1
1788814581.0252,1484472,V,547,481,-1
1788814581.0739,1484486,V,546,480,16059
1788814581.0739,1484494,V,547,481,-1
1788814581.0739,1484502,V,547,481,-1
1788814581.0739,1484510,V,547,481,-1
1788814581.0739,1484518,V,548,482,-1
1788814581.0739,1484526,V,547,481,-1
1788814581.1224,1484539,V,546,480,16060
1788814581.1225,1484547,V,546,480,-1
1788814581.1225,1484555,V,546,480,-1
1788814581.1225,1484563,V,546,480,-1
1788814581.1225,1484571,V,547,481,-1
1788814581.1225,1484579,V,547,481,-1
1788814581.1711,1484593,V,546,480,16061
1788814581.1712,1484601,V,547,481,-1
1788814581.1712,1484609,V,550,483,-1
1788814581.1712,1484617,V,548,482,-1
1788814581.1712,1484625,V,547,481,-1
1788814581.1712,1484633,V,547,481,-1
1788814581.2200,1484647,V,546,480,16062
1788814581.2201,1484655,V,547,481,-1
1788814581.2201,1484663,V,546,480,-1
1788814581.2201,1484671,V,546,480,-1
1788814581.2201,1484679,V,546,480,-1
1788814581.2201,1484687,V,546,480,-1
1788814581.2693,1484700,V,546,480,16063
1788814581.2693,1484708,V,549,483,-1
1788814581.2693,1484716,V,547,481,-1
1788814581.2693,1484724,V,547,481,-1
1788814581.2693,1484732,V,546,480,-1
1788814581.2693,1484740,V,546,480,-1
1788814581.3173,1484754,V,547,481,16064
1788814581.3174,1484762,V,547,481,-1
1788814581.3174,1484770,V,546,480,-1
1788814581.3174,1484778,V,547,481,-1
1788814581.3174,1484786,V,548,482,-1
1788814581.3174,1484794,V,546,480,-1
1788814581.3662,1484807,V,561,493,16065
1788814581.3662,1484815,V,547,481,-1
1788814581.3662,1484823,V,547,481,-1
1788814581.3662,1484831,V,547,481,-1
1788814581.3662,1484839,V,547,481,-1
1788814581.3662,1484847,V,548,482,-1
1788814581.4646,1484861,V,547,481,16066
1788814581.4647,1484869,V,548,482,-1
1788814581.4647,1484877,V,547,481,-1
1788814581.4648,1484885,V,547,481,-1
1788814581.4648,1484893,V,547,481,-1
1788814581.4648,1484901,V,549,483,-1
1788814581.5134,1484915,V,547,481,16067
1788814581.5134,1484923,V,547,481,-1
1788814581.5134,1484931,V,547,481,-1
1788814581.5134,1484939,V,546,480,-1
1788814581.5134,1484947,V,546,480,-1
1788814581.5134,1484955,V,546,480,-1
1788814581.5612,1484968,V,545,479,16068
1788814581.5612,1484976,V,546,480,-1
1788814581.5612,1484984,V,546,480,-1
1788814581.5612,1484992,V,546,480,-1
1788814581.5612,1485000,V,546,480,-1
1788814581.5612,1485008,V,546,480,-1
1788814581.6097,1485022,V,546,480,16069
1788814581.6097,1485030,V,547,481,-1
1788814581.6097,1485038,V,546,480,-1
1788814581.6097,1485046,V,546,480,-1
1788814581.6098,1485054,V,546,480,-1
1788814581.6098,1485062,V,547,481,-1
1788814581.6586,1485076,V,547,481,16070
1788814581.6587,1485084,V,547,481,-1
1788814581.6587,1485092,V,547,481,-1
1788814581.6587,1485100,V,548,482,-1
1788814581.6587,1485108,V,547,481,-1
1788814581.6587,1485116,V,547,481,-1
1788814581.7073,1485129,V,548,482,16071
1788814581.7074,1485137,V,547,481,-1
1788814581.7074,1485145,V,551,484,-1
1788814581.7074,1485153,V,548,482,-1
1788814581.7075,1485161,V,548,482,-1
1788814581.7075,1485169,V,547,481,-1
1788814581.7565,1485183,V,547,481,16072
1788814581.7566,1485191,V,547,481,-1
1788814581.7566,1485199,V,547,481,-1
1788814581.7566,1485207,V,547,481,-1
1788814581.7566,1485215,V,546,480,-1
1788814581.7566,1485223,V,547,481,-1
1788814581.8049,1485236,V,548,482,16073
1788814581.8049,1485244,V,551,484,-1
1788814581.8049,1485252,V,549,483,-1
1788814581.8049,1485260,V,548,482,-1
1788814581.8049,1485268,V,548,482,-1
1788814581.8049,1485276,V,547,481,-1
1788814581.8537,1485290,V,548,482,16074
1788814581.8537,1485298,V,547,481,-1
1788814581.8537,1485306,V,547,481,-1
1788814581.8537,1485314,V,548,482,-1
1788814581.8537,1485322,V,548,482,-1
1788814581.8537,1485330,V,547,481,-1
1788814581.9022,1485344,V,564,496,16075
1788814581.9022,1485352,V,548,482,-1
1788814581.9022,1485360,V,547,481,-1
1788814581.9022,1485368,V,548,482,-1
1788814581.9023,1485376,V,549,483,-1
1788814581.9023,1485384,V,547,481,-1
1788814582.0009,1485397,V,546,480,16076
1788814582.0010,1485405,V,546,480,-1
1788814582.0010,1485413,V,547,481,-1
1788814582.0010,1485421,V,546,480,-1
1788814582.0010,1485429,V,548,482,-1
1788814582.0010,1485437,V,550,483,-1
1788814582.0491,1485451,V,548,482,16077
1788814582.0491,1485459,V,546,480,-1
1788814582.0491,1485467,V,545,479,-1
1788814582.0491,1485475,V,546,480,-1
1788814582.0491,1485483,V,545,479,-1
1788814582.0491,1485491,V,546,480,-1
1788814582.0986,1485505,V,546,480,16078
1788814582.0986,1485513,V,546,480,-1
1788814582.0986,1485521,V,546,480,-1
1788814582.0986,1485529,V,545,479,-1
1788814582.0986,1485537,V,547,481,-1
1788814582.0986,1485545,V,547,481,-1
1788814582.1462,1485558,V,546,480,16079
1788814582.1462,1485566,V,547,481,-1
1788814582.1462,1485574,V,547,481,-1
1788814582.1462,1485582,V,546,480,-1
1788814582.1463,1485590,V,547,481,-1
1788814582.1463,1485598,V,547,481,-1
1788814582.1955,1485612,V,547,481,16080
1788814582.1955,1485620,V,546,480,-1
1788814582.1955,1485628,V,547,481,-1
1788814582.1956,1485636,V,547,481,-1
1788814582.1956,1485644,V,546,480,-1
1788814582.1956,1485652,V,545,479,-1
1788814582.2437,1485665,V,547,481,16081
1788814582.2439,1485673,V,547,481,-1
1788814582.2439,1485681,V,551,484,-1
1788814582.2439,1485689,V,546,480,-1
1788814582.2439,1485697,V,547,481,-1
1788814582.2439,1485705,V,547,481,-1
1788814582.2929,1485719,V,548,482,16082
1788814582.2929,1485727,V,547,481,-1
1788814582.2930,1485735,V,547,481,-1
1788814582.2930,1485743,V,547,481,-1
1788814582.2930,1485751,V,547,481,-1
1788814582.2930,1485759,V,547,481,-1
1788814582.3422,1485773,V,547,481,16083
1788814582.3422,1485781,V,550,483,-1
1788814582.3422,1485789,V,548,482,-1
1788814582.3422,1485797,V,547,481,-1
1788814582.3422,1485805,V,547,481,-1
1788814582.3422,1485813,V,547,481,-1
1788814582.3899,1485826,V,546,480,16084
1788814582.3899,1485834,V,549,483,-1
1788814582.3899,1485842,V,546,480,-1
1788814582.3900,1485850,V,545,479,-1
1788814582.3900,1485858,V,547,481,-1
1788814582.3900,1485866,V,546,480,-1
1788814582.4387,1485880,V,564,496,16085
1788814582.4387,1485888,V,547,481,-1
1788814582.4387,1485896,V,547,481,-1
1788814582.4387,1485904,V,546,480,-1
1788814582.4387,1485912,V,547,481,-1
1788814582.4387,1485920,V,547,481,-1
1788814582.5371,1485934,V,547,481,16086
1788814582.5372,1485942,V,546,480,-1
1788814582.5372,1485950,V,546,480,-1
1788814582.5373,1485958,V,546,480,-1
1788814582.5373,1485966,V,547,481,-1
1788814582.5373,1485974,V,549,483,-1
1788814582.5861,1485987,V,546,480,16087
1788814582.5862,1485995,V,548,482,-1
1788814582.5862,1486003,V,547,481,-1
1788814582.5862,1486011,V,547,481,-1
1788814582.5862,1486019,V,547,481,-1
1788814582.5862,1486027,V,547,481,-1
1788814582.6346,1486041,V,546,480,16088
1788814582.6347,1486049,V,546,480,-1
1788814582.6347,1486057,V,547,481,-1
1788814582.6347,1486065,V,548,482,-1
1788814582.6347,1486073,V,546,480,-1
1788814582.6347,1486081,V,545,479,-1
1788814582.6824,1486095,V,546,480,16089
1788814582.6824,1486103,V,547,481,-1
1788814582.6824,1486111,V,547,481,-1
1788814582.6824,1486119,V,547,481,-1
1788814582.6824,1486127,V,546,480,-1
1788814582.6824,1486135,V,547,481,-1
1788814582.7320,1486148,V,548,482,16090
1788814582.7321,1486156,V,548,482,-1
1788814582.7321,1486164,V,547,481,-1
1788814582.7321,1486172,V,547,481,-1
1788814582.7321,1486180,V,546,480,-1
1788814582.7321,1486188,V,546,480,-1
1788814582.7802,1486202,V,548,482,16091
1788814582.7804,1486210,V,546,480,-1
1788814582.7804,1486218,V,552,485,-1
1788814582.7804,1486226,V,547,481,-1
1788814582.7804,1486234,V,548,482,-1
1788814582.7804,1486242,V,547,481,-1
1788814582.8288,1486255,V,547,481,16092
1788814582.8288,1486263,V,548,482,-1
1788814582.8288,1486271,V,547,481,-1
1788814582.8289,1486279,V,547,481,-1
1788814582.8289,1486287,V,547,481,-1
1788814582.8289,1486295,V,545,479,-1
1788814582.8801,1486309,V,545,479,16093
1788814582.8801,1486317,V,549,483,-1
1788814582.8801,1486325,V,547,481,-1
1788814582.8801,1486333,V,546,480,-1
1788814582.8801,1486341,V,546,480,-1
1788814582.8801,1486349,V,547,481,-1
1788814582.9271,1486363,V,546,480,16094
1788814582.9271,1486371,V,546,480,-1
1788814582.9271,1486379,V,546,480,-1
1788814582.9271,1486387,V,546,480,-1
1788814582.9271,1486395,V,547,481,-1
1788814582.9271,1486403,V,547,481,-1
1788814582.9759,1486416,V,565,497,16095
1788814582.9759,1486424,V,546,480,-1
1788814582.9760,1486432,V,547,481,-1
1788814582.9760,1486440,V,546,480,-1
1788814582.9760,1486448,V,547,481,-1
1788814582.9760,1486456,V,546,480,-1
1788814583.0727,1486470,V,546,480,16096
1788814583.0729,1486478,V,546,480,-1
1788814583.0729,1486486,V,546,480,-1
1788814583.0729,1486494,V,547,481,-1
1788814583.0729,1486502,V,546,480,-1
1788814583.0729,1486510,V,549,483,-1
1788814583.1213,1486524,V,547,481,16097
1788814583.1213,1486532,V,548,482,-1
1788814583.1213,1486540,V,548,482,-1
1788814583.1214,1486548,V,546,480,-1
1788814583.1214,1486556,V,548,482,-1
1788814583.1214,1486564,V,547,481,-1
1788814583.1700,1486577,V,547,481,16098
1788814583.1700,1486585,V,547,481,-1
1788814583.1700,1486593,V,547,481,-1
1788814583.1700,1486601,V,547,481,-1
1788814583.1700,1486609,V,547,481,-1
1788814583.1700,1486617,V,547,481,-1
1788814583.2188,1486631,V,547,481,16099
1788814583.2188,1486639,V,547,481,-1
1788814583.2188,1486647,V,547,481,-1
1788814583.2188,1486655,V,548,482,-1
1788814583.2188,1486663,V,548,482,-1
1788814583.2188,1486671,V,548,482,-1
1788814583.2676,1486684,V,547,481,16100
1788814583.2676,1486692,V,547,481,-1
1788814583.2676,1486700,V,547,481,-1
1788814583.2676,1486708,V,547,481,-1
1788814583.2676,1486716,V,548,482,-1
1788814583.2676,1486724,V,548,482,-1
1788814583.3165,1486738,V,547,481,16101
1788814583.3166,1486746,V,548,482,-1
1788814583.3166,1486754,V,553,486,-1
1788814583.3166,1486762,V,548,482,-1
1788814583.3166,1486770,V,547,481,-1
1788814583.3166,1486778,V,546,480,-1
1788814583.3655,1486792,V,546,480,16102
1788814583.3655,1486800,V,547,481,-1
1788814583.3655,1486808,V,546,480,-1
1788814583.3655,1486816,V,547,481,-1
1788814583.3655,1486824,V,547,481,-1
1788814583.3655,1486832,V,546,480,-1
1788814583.4146,1486845,V,546,480,16103
1788814583.4147,1486853,V,549,483,-1
1788814583.4147,1486861,V,547,481,-1
1788814583.4147,1486869,V,548,482,-1
1788814583.4147,1486877,V,546,480,-1
1788814583.4147,1486885,V,546,480,-1
1788814583.4627,1486899,V,547,481,16104
1788814583.4627,1486907,V,546,480,-1
1788814583.4627,1486915,V,548,482,-1
1788814583.4627,1486923,V,546,480,-1
1788814583.4627,1486931,V,547,481,-1
1788814583.4627,1486939,V,547,481,-1
1788814583.5112,1486953,V,566,497,16105
1788814583.5112,1486961,V,547,481,-1
1788814583.5113,1486969,V,546,480,-1
1788814583.5113,1486977,V,547,481,-1
1788814583.5113,1486985,V,549,483,-1
1788814583.5113,1486993,V,548,482,-1
1788814583.6089,1487006,V,548,482,16106
1788814583.6090,1487014,V,547,481,-1
1788814583.6090,1487022,V,547,481,-1
1788814583.6090,1487030,V,546,480,-1
1788814583.6090,1487038,V,547,481,-1
1788814583.6090,1487046,V,548,482,-1
1788814583.6598,1487060,V,548,482,16107
1788814583.6598,1487068,V,548,482,-1
1788814583.6599,1487076,V,547,481,-1
1788814583.6599,1487084,V,548,482,-1
1788814583.6599,1487092,V,548,482,-1
1788814583.6599,1487100,V,547,481,-1
1788814583.7550,1487114,V,549,483,16108
1788814583.7550,1487122,V,549,483,-1
1788814583.7551,1487130,V,549,483,-1
1788814583.7552,1487138,V,546,480,-1
1788814583.7552,1487146,V,548,482,-1
1788814583.7552,1487154,V,548,482,-1
1788814583.7563,1487167,V,548,482,16109
1788814583.7564,1487175,V,548,482,-1
1788814583.7564,1487183,V,548,482,-1
1788814583.7564,1487191,V,548,482,-1
1788814583.7564,1487199,V,547,481,-1
1788814583.7564,1487207,V,547,481,-1
1788814583.8037,1487221,V,547,481,16110
1788814583.8037,1487229,V,546,480,-1
1788814583.8038,1487237,V,548,482,-1
1788814583.8038,1487245,V,547,481,-1
1788814583.8038,1487253,V,547,481,-1
1788814583.8038,1487261,V,547,481,-1
1788814583.8526,1487274,V,546,480,16111
1788814583.8528,1487282,V,546,480,-1
1788814583.8528,1487290,V,553,486,-1
1788814583.8528,1487298,V,546,480,-1
1788814583.8528,1487306,V,546,480,-1
1788814583.8528,1487314,V,546,480,-1
1788814583.9033,1487328,V,546,480,16112
1788814583.9033,1487336,V,546,480,-1
1788814583.9033,1487344,V,546,480,-1
1788814583.9033,1487352,V,546,480,-1
1788814583.9033,1487360,V,546,480,-1
1788814583.9033,1487368,V,546,480,-1
1788814583.9499,1487382,V,545,479,16113
1788814583.9500,1487390,V,547,481,-1
1788814583.9500,1487398,V,547,481,-1
1788814583.9500,1487406,V,547,481,-1
1788814583.9500,1487414,V,546,480,-1
1788814583.9500,1487422,V,545,479,-1
1788814583.9985,1487435,V,546,480,16114
1788814583.9985,1487443,V,546,480,-1
1788814583.9985,1487451,V,545,479,-1
1788814583.9985,1487459,V,547,481,-1
1788814583.9985,1487467,V,547,481,-1
1788814583.9985,1487475,V,547,481,-1
1788814584.0476,1487489,V,566,497,16115
1788814584.0477,1487497,V,547,481,-1
1788814584.0477,1487505,V,547,481,-1
1788814584.0477,1487513,V,547,481,-1
1788814584.0477,1487521,V,546,480,-1
1788814584.0477,1487529,V,548,482,-1
1788814584.1451,1487543,V,548,482,16116
1788814584.1453,1487551,V,548,482,-1
1788814584.1453,1487559,V,547,481,-1
1788814584.1453,1487567,V,546,480,-1
1788814584.1453,1487575,V,547,481,-1
1788814584.1453,1487583,V,548,482,-1
1788814584.1942,1487596,V,546,480,16117
1788814584.1942,1487604,V,547,481,-1
1788814584.1942,1487612,V,547,481,-1
1788814584.1942,1487620,V,548,482,-1
1788814584.1942,1487628,V,547,481,-1
1788814584.1942,1487636,V,548,482,-1
1788814584.2425,1487650,V,547,481,16118
1788814584.2426,1487658,V,547,481,-1
1788814584.2426,1487666,V,547,481,-1
1788814584.2426,1487674,V,546,480,-1
1788814584.2426,1487682,V,547,481,-1
1788814584.2426,1487690,V,547,481,-1
1788814584.2910,1487703,V,548,482,16119
1788814584.2910,1487711,V,546,480,-1
1788814584.2910,1487719,V,547,481,-1
1788814584.2910,1487727,V,546,480,-1
1788814584.2910,1487735,V,547,481,-1
1788814584.2910,1487743,V,547,481,-1
1788814584.3409,1487757,V,547,481,16120
1788814584.3409,1487765,V,546,480,-1
1788814584.3409,1487773,V,546,480,-1
1788814584.3409,1487781,V,546,480,-1
1788814584.3410,1487789,V,547,481,-1
1788814584.3410,1487797,V,546,480,-1
1788814584.3887,1487811,V,545,479,16121
1788814584.3888,1487819,V,547,481,-1
1788814584.3888,1487827,V,551,484,-1
1788814584.3888,1487835,V,546,480,-1
1788814584.3889,1487843,V,546,480,-1
1788814584.3889,1487851,V,546,480,-1
1788814584.4378,1487864,V,546,480,16122
1788814584.4379,1487872,V,547,481,-1
1788814584.4379,1487880,V,546,480,-1
1788814584.4379,1487888,V,547,481,-1
1788814584.4379,1487896,V,546,480,-1
1788814584.4379,1487904,V,545,479,-1
1788814584.4862,1487918,V,546,480,16123
1788814584.4862,1487926,V,549,483,-1
1788814584.4862,1487934,V,546,480,-1
1788814584.4862,1487942,V,545,479,-1
1788814584.4862,1487950,V,545,479,-1
1788814584.4862,1487958,V,546,480,-1
1788814584.5349,1487972,V,546,480,16124
1788814584.5349,1487980,V,547,481,-1
1788814584.5350,1487988,V,546,480,-1
1788814584.5350,1487996,V,546,480,-1
1788814584.5350,1488004,V,546,480,-1
1788814584.5350,1488012,V,546,480,-1
1788814584.5835,1488025,V,565,497,16125
1788814584.5835,1488033,V,546,480,-1
1788814584.5835,1488041,V,548,482,-1
1788814584.5835,1488049,V,551,484,-1
1788814584.5835,1488057,V,549,483,-1
1788814584.5835,1488065,V,547,481,-1
1788814584.6822,1488079,V,547,481,16126
1788814584.6823,1488087,V,548,482,-1
1788814584.6823,1488095,V,546,480,-1
1788814584.6823,1488103,V,546,480,-1
1788814584.6824,1488111,V,547,481,-1
1788814584.6824,1488119,V,547,481,-1
1788814584.7303,1488132,V,546,480,16127
1788814584.7303,1488140,V,546,480,-1
1788814584.7303,1488148,V,547,481,-1
1788814584.7304,1488156,V,546,480,-1
1788814584.7304,1488164,V,547,481,-1
1788814584.7304,1488172,V,546,480,-1
1788814584.7789,1488186,V,546,480,16128
1788814584.7789,1488194,V,546,480,-1
1788814584.7789,1488202,V,547,481,-1
1788814584.7789,1488210,V,547,481,-1
1788814584.7789,1488218,V,547,481,-1
1788814584.7789,1488226,V,545,479,-1
1788814584.8275,1488240,V,546,480,16129
1788814584.8275,1488248,V,546,480,-1
1788814584.8275,1488256,V,546,480,-1
1788814584.8275,1488264,V,546,480,-1
1788814584.8275,1488272,V,547,481,-1
1788814584.8275,1488280,V,548,482,-1
1788814584.8764,1488293,V,547,481,16130
1788814584.8764,1488301,V,547,481,-1
1788814584.8764,1488309,V,546,480,-1
1788814584.8764,1488317,V,547,481,-1
1788814584.8764,1488325,V,547,481,-1
1788814584.8764,1488333,V,547,481,-1
1788814584.9248,1488347,V,546,480,16131
1788814584.9249,1488355,V,547,481,-1
1788814584.9249,1488363,V,552,485,-1
1788814584.9249,1488371,V,546,480,-1
1788814584.9249,1488379,V,546,480,-1
1788814584.9249,1488387,V,546,480,-1
1788814584.9741,1488401,V,547,481,16132
1788814584.9741,1488409,V,547,481,-1
1788814584.9741,1488417,V,546,480,-1
1788814584.9741,1488425,V,546,480,-1
1788814584.9741,1488433,V,546,480,-1
1788814584.9741,1488441,V,548,482,-1
1788814585.0227,1488454,V,546,480,16133
1788814585.0227,1488462,V,546,480,-1
1788814585.0227,1488470,V,546,480,-1
1788814585.0227,1488478,V,547,481,-1
1788814585.0227,1488486,V,545,479,-1
1788814585.0227,1488494,V,547,481,-1
1788814585.0713,1488508,V,546,480,16134
1788814585.0713,1488516,V,547,481,-1
1788814585.0713,1488524,V,547,481,-1
1788814585.0713,1488532,V,547,481,-1
1788814585.0713,1488540,V,547,481,-1
1788814585.0713,1488548,V,547,481,-1
1788814585.1199,1488561,V,568,499,16135
1788814585.1200,1488569,V,547,481,-1
1788814585.1200,1488577,V,547,481,-1
1788814585.1200,1488585,V,546,480,-1
1788814585.1200,1488593,V,546,480,-1
1788814585.1200,1488601,V,546,480,-1
1788814585.2174,1488615,V,547,481,16136
1788814585.2175,1488623,V,547,481,-1
1788814585.2175,1488631,V,547,481,-1
1788814585.2175,1488639,V,546,480,-1
1788814585.2175,1488647,V,545,479,-1
1788814585.2175,1488655,V,548,482,-1
1788814585.3153,1488669,V,547,481,16137
1788814585.3154,1488677,V,547,481,-1
1788814585.3154,1488685,V,547,481,-1
1788814585.3154,1488693,V,547,481,-1
1788814585.3154,1488701,V,547,481,-1
1788814585.3154,1488709,V,547,481,-1
1788814585.3165,1488722,V,546,480,16138
1788814585.3165,1488730,V,546,480,-1
1788814585.3165,1488738,V,546,480,-1
1788814585.3165,1488746,V,547,481,-1
1788814585.3165,1488754,V,546,480,-1
1788814585.3165,1488762,V,548,482,-1
1788814585.3646,1488776,V,547,481,16139
1788814585.3646,1488784,V,547,481,-1
1788814585.3646,1488792,V,546,480,-1
1788814585.3646,1488800,V,547,481,-1
1788814585.3646,1488808,V,547,481,-1
1788814585.3646,1488816,V,546,480,-1
1788814585.5102,1488830,V,547,481,16140
1788814585.5104,1488838,V,547,481,-1
1788814585.5104,1488846,V,548,482,-1
1788814585.5104,1488854,V,547,481,-1
1788814585.5104,1488862,V,547,481,-1
1788814585.5104,1488870,V,547,481,-1
1788814585.5123,1488883,V,547,481,16141
1788814585.5124,1488891,V,548,482,-1
1788814585.5124,1488899,V,554,487,-1
1788814585.5124,1488907,V,548,482,-1
1788814585.5125,1488915,V,548,482,-1
1788814585.5125,1488923,V,548,482,-1
1788814585.5127,1488937,V,547,481,16142
1788814585.5127,1488945,V,548,482,-1
1788814585.5127,1488953,V,548,482,-1
1788814585.5127,1488961,V,547,481,-1
1788814585.5127,1488969,V,548,482,-1
1788814585.5127,1488977,V,547,481,-1
1788814585.5591,1488990,V,548,482,16143
1788814585.5592,1488998,V,550,483,-1
1788814585.5592,1489006,V,548,482,-1
1788814585.5592,1489014,V,547,481,-1
1788814585.5592,1489022,V,547,481,-1
1788814585.5592,1489030,V,546,480,-1
1788814585.6077,1489044,V,546,480,16144
1788814585.6078,1489052,V,546,480,-1
1788814585.6078,1489060,V,547,481,-1
1788814585.6078,1489068,V,546,480,-1
1788814585.6078,1489076,V,546,480,-1
1788814585.6078,1489084,V,547,481,-1
1788814585.6561,1489098,V,565,497,16145
1788814585.6561,1489106,V,546,480,-1
1788814585.6561,1489114,V,547,481,-1
1788814585.6561,1489122,V,545,479,-1
1788814585.6561,1489130,V,546,480,-1
1788814585.6561,1489138,V,547,481,-1
1788814585.7538,1489151,V,547,481,16146
1788814585.7539,1489159,V,546,480,-1
1788814585.7539,1489167,V,546,480,-1
1788814585.7539,1489175,V,545,479,-1
1788814585.7539,1489183,V,547,481,-1
1788814585.7539,1489191,V,548,482,-1
1788814585.8512,1489205,V,547,481,16147
1788814585.8512,1489213,V,547,481,-1
1788814585.8512,1489221,V,548,482,-1
1788814585.8512,1489229,V,548,482,-1
1788814585.8512,1489237,V,547,481,-1
1788814585.8512,1489245,V,546,480,-1
1788814585.8524,1489259,V,547,481,16148
1788814585.8524,1489267,V,547,481,-1
1788814585.8524,1489275,V,548,482,-1
1788814585.8524,1489283,V,548,482,-1
1788814585.8524,1489291,V,548,482,-1
1788814585.8524,1489299,V,546,480,-1
1788814585.9016,1489312,V,547,481,16149
1788814585.9016,1489320,V,546,480,-1
1788814585.9016,1489328,V,546,480,-1
1788814585.9016,1489336,V,546,480,-1
1788814585.9016,1489344,V,548,482,-1
1788814585.9017,1489352,V,547,481,-1
1788814585.9487,1489366,V,546,480,16150
1788814585.9488,1489374,V,546,480,-1
1788814585.9488,1489382,V,547,481,-1
1788814585.9488,1489390,V,547,481,-1
1788814585.9488,1489398,V,547,481,-1
1788814585.9488,1489406,V,546,480,-1
1788814585.9976,1489420,V,547,481,16151
1788814585.9977,1489428,V,547,481,-1
1788814585.9977,1489436,V,554,487,-1
1788814585.9977,1489444,V,547,481,-1
1788814585.9977,1489452,V,548,482,-1
1788814585.9977,1489460,V,547,481,-1
1788814586.0467,1489473,V,548,482,16152
1788814586.0467,1489481,V,548,482,-1
1788814586.0467,1489489,V,548,482,-1
1788814586.0467,1489497,V,547,481,-1
1788814586.0467,1489505,V,547,481,-1
1788814586.0467,1489513,V,546,480,-1
1788814586.0953,1489527,V,546,480,16153
1788814586.0953,1489535,V,548,482,-1
1788814586.0953,1489543,V,547,481,-1
1788814586.0953,1489551,V,545,479,-1
1788814586.0953,1489559,V,546,480,-1
1788814586.0953,1489567,V,545,479,-1
1788814586.1441,1489580,V,546,480,16154
1788814586.1442,1489588,V,546,480,-1
1788814586.1442,1489596,V,545,479,-1
1788814586.1442,1489604,V,546,480,-1
1788814586.1442,1489612,V,546,480,-1
1788814586.1442,1489620,V,546,480,-1
1788814586.1926,1489634,V,554,487,16155
1788814586.1926,1489642,V,546,480,-1
1788814586.1926,1489650,V,547,481,-1
1788814586.1926,1489658,V,547,481,-1
1788814586.1926,1489666,V,547,481,-1
1788814586.1926,1489674,V,546,480,-1
1788814586.2912,1489688,V,547,481,16156
1788814586.2913,1489696,V,547,481,-1
1788814586.2913,1489704,V,547,481,-1
1788814586.2913,1489712,V,547,481,-1
1788814586.2913,1489720,V,547,481,-1
1788814586.2914,1489728,V,547,481,-1
1788814586.3391,1489742,V,547,481,16157
1788814586.3392,1489750,V,547,481,-1
1788814586.3392,1489758,V,548,482,-1
1788814586.3392,1489766,V,546,480,-1
1788814586.3392,1489774,V,547,481,-1
1788814586.3392,1489782,V,547,481,-1
1788814586.3876,1489795,V,549,483,16158
1788814586.3877,1489803,V,549,483,-1
1788814586.3877,1489811,V,549,483,-1
1788814586.3877,1489819,V,548,482,-1
1788814586.3877,1489827,V,547,481,-1
1788814586.3877,1489835,V,548,482,-1
1788814586.4371,1489849,V,548,482,16159
1788814586.4371,1489857,V,550,483,-1
1788814586.4371,1489865,V,548,482,-1
1788814586.4371,1489873,V,552,485,-1
1788814586.4371,1489881,V,549,483,-1
1788814586.4371,1489889,V,548,482,-1
1788814586.4849,1489902,V,548,482,16160
1788814586.4849,1489910,V,547,481,-1
1788814586.4849,1489918,V,547,481,-1
1788814586.4849,1489926,V,548,482,-1
1788814586.4849,1489934,V,548,482,-1
1788814586.4849,1489942,V,546,480,-1
1788814586.5337,1489956,V,546,480,16161
1788814586.5338,1489964,V,546,480,-1
1788814586.5338,1489972,V,550,483,-1
1788814586.5338,1489980,V,547,481,-1
1788814586.5339,1489988,V,547,481,-1
1788814586.5339,1489996,V,546,480,-1
1788814586.5829,1490010,V,546,480,16162
1788814586.5829,1490018,V,546,480,-1
1788814586.5829,1490026,V,546,480,-1
1788814586.5829,1490034,V,546,480,-1
1788814586.5829,1490042,V,545,479,-1
1788814586.5829,1490050,V,547,481,-1
1788814586.6313,1490063,V,547,481,16163
1788814586.6313,1490071,V,559,491,-1
1788814586.6313,1490079,V,546,480,-1
1788814586.6313,1490087,V,546,480,-1
1788814586.6313,1490095,V,547,481,-1
1788814586.6313,1490103,V,546,480,-1
1788814586.6801,1490117,V,546,480,16164
1788814586.6802,1490125,V,546,480,-1
1788814586.6802,1490133,V,547,481,-1
1788814586.6802,1490141,V,547,481,-1
1788814586.6802,1490149,V,547,481,-1
1788814586.6802,1490157,V,547,481,-1
1788814586.7286,1490171,V,549,483,16165
1788814586.7286,1490179,V,547,481,-1
1788814586.7286,1490187,V,548,482,-1
1788814586.7286,1490195,V,548,482,-1
1788814586.7286,1490203,V,545,479,-1
1788814586.7286,1490211,V,547,481,-1
1788814586.8267,1490224,V,547,481,16166
1788814586.8268,1490232,V,546,480,-1
1788814586.8269,1490240,V,547,481,-1
1788814586.8269,1490248,V,548,482,-1
1788814586.8269,1490256,V,548,482,-1
1788814586.8269,1490264,V,548,482,-1
1788814586.8754,1490278,V,548,482,16167
1788814586.8754,1490286,V,548,482,-1
1788814586.8755,1490294,V,548,482,-1
1788814586.8755,1490302,V,548,482,-1
1788814586.8755,1490310,V,547,481,-1
1788814586.8755,1490318,V,549,483,-1
1788814586.9257,1490331,V,548,482,16168
1788814586.9257,1490339,V,548,482,-1
1788814586.9257,1490347,V,548,482,-1
1788814586.9257,1490355,V,547,481,-1
1788814586.9258,1490363,V,548,482,-1
1788814586.9258,1490371,V,549,483,-1
1788814586.9726,1490385,V,548,482,16169
1788814586.9726,1490393,V,548,482,-1
1788814586.9727,1490401,V,548,482,-1
1788814586.9727,1490409,V,549,483,-1
1788814586.9727,1490417,V,548,482,-1
1788814586.9727,1490425,V,548,482,-1
1788814587.0210,1490439,V,548,482,16170
1788814587.0210,1490447,V,548,482,-1
1788814587.0210,1490455,V,547,481,-1
1788814587.0210,1490463,V,548,482,-1
1788814587.0210,1490471,V,547,481,-1
1788814587.0210,1490479,V,546,480,-1
1788814587.0700,1490492,V,545,479,16171
1788814587.0702,1490500,V,546,480,-1
1788814587.0702,1490508,V,550,483,-1
1788814587.0702,1490516,V,547,481,-1
1788814587.0702,1490524,V,546,480,-1
1788814587.0702,1490532,V,546,480,-1
1788814587.1191,1490546,V,546,480,16172
1788814587.1192,1490554,V,547,481,-1
1788814587.1192,1490562,V,547,481,-1
1788814587.1192,1490570,V,548,482,-1
1788814587.1192,1490578,V,546,480,-1
1788814587.1192,1490586,V,546,480,-1
1788814587.1676,1490600,V,547,481,16173
1788814587.1676,1490608,V,561,493,-1
1788814587.1676,1490616,V,547,481,-1
1788814587.1676,1490624,V,547,481,-1
1788814587.1676,1490632,V,547,481,-1
1788814587.1676,1490640,V,547,481,-1
1788814587.2163,1490653,V,546,480,16174
1788814587.2163,1490661,V,546,480,-1
1788814587.2163,1490669,V,546,480,-1
1788814587.2163,1490677,V,546,480,-1
1788814587.2164,1490685,V,546,480,-1
1788814587.2164,1490693,V,547,481,-1
1788814587.2651,1490707,V,549,483,16175
1788814587.2651,1490715,V,547,481,-1
1788814587.2651,1490723,V,547,481,-1
1788814587.2651,1490731,V,547,481,-1
1788814587.2651,1490739,V,547,481,-1
1788814587.2651,1490747,V,546,480,-1
1788814587.3626,1490760,V,547,481,16176
1788814587.3628,1490768,V,547,481,-1
1788814587.3628,1490776,V,547,481,-1
1788814587.3628,1490784,V,547,481,-1
1788814587.3628,1490792,V,548,482,-1
1788814587.3628,1490800,V,547,481,-1
1788814587.4132,1490814,V,547,481,16177
1788814587.4132,1490822,V,547,481,-1
1788814587.4132,1490830,V,547,481,-1
1788814587.4132,1490838,V,547,481,-1
1788814587.4132,1490846,V,547,481,-1
1788814587.4132,1490854,V,547,481,-1
1788814587.4610,1490868,V,546,480,16178
1788814587.4611,1490876,V,546,480,-1
1788814587.4611,1490884,V,546,480,-1
1788814587.4611,1490892,V,547,481,-1
1788814587.4611,1490900,V,546,480,-1
1788814587.4611,1490908,V,547,481,-1
1788814587.5087,1490921,V,546,480,16179
1788814587.5087,1490929,V,545,479,-1
1788814587.5087,1490937,V,546,480,-1
1788814587.5087,1490945,V,546,480,-1
1788814587.5087,1490953,V,545,479,-1
1788814587.5088,1490961,V,545,479,-1
1788814587.5576,1490975,V,545,479,16180
1788814587.5576,1490983,V,547,481,-1
1788814587.5576,1490991,V,545,479,-1
1788814587.5577,1490999,V,546,480,-1
1788814587.5577,1491007,V,547,481,-1
1788814587.5577,1491015,V,546,480,-1
1788814587.6060,1491028,V,546,480,16181
1788814587.6062,1491036,V,547,481,-1
1788814587.6062,1491044,V,550,483,-1
1788814587.6062,1491052,V,547,481,-1
1788814587.6062,1491060,V,546,480,-1
1788814587.6062,1491068,V,546,480,-1
1788814587.6554,1491082,V,546,480,16182
1788814587.6554,1491090,V,545,479,-1
1788814587.6556,1491098,V,545,479,-1
1788814587.6556,1491106,V,546,480,-1
1788814587.6556,1491114,V,547,481,-1
1788814587.6556,1491122,V,547,481,-1
1788814587.7038,1491136,V,547,481,16183
1788814587.7038,1491144,V,553,486,-1
1788814587.7038,1491152,V,546,480,-1
1788814587.7038,1491160,V,547,481,-1
1788814587.7039,1491168,V,547,481,-1
1788814587.7039,1491176,V,547,481,-1
1788814587.7525,1491190,V,547,481,16184
1788814587.7526,1491198,V,547,481,-1
1788814587.7526,1491206,V,547,481,-1
1788814587.7526,1491214,V,548,482,-1
1788814587.7526,1491222,V,546,480,-1
1788814587.7526,1491230,V,546,480,-1
1788814587.8013,1491243,V,549,483,16185
1788814587.8013,1491251,V,547,481,-1
1788814587.8013,1491259,V,547,481,-1
1788814587.8013,1491267,V,547,481,-1
1788814587.8014,1491275,V,547,481,-1
1788814587.8014,1491283,V,548,482,-1
1788814587.9473,1491297,V,547,481,16186
1788814587.9474,1491305,V,547,481,-1
1788814587.9474,1491313,V,546,480,-1
1788814587.9474,1491321,V,547,481,-1
1788814587.9474,1491329,V,547,481,-1
1788814587.9474,1491337,V,547,481,-1
1788814587.9485,1491350,V,547,481,16187
1788814587.9485,1491358,V,547,481,-1
1788814587.9485,1491366,V,547,481,-1
1788814587.9485,1491374,V,546,480,-1
1788814587.9485,1491382,V,545,479,-1
1788814587.9485,1491390,V,546,480,-1
1788814587.9964,1491404,V,546,480,16188
1788814587.9964,1491412,V,547,481,-1
1788814587.9964,1491420,V,546,480,-1
1788814587.9964,1491428,V,546,480,-1
1788814587.9964,1491436,V,546,480,-1
1788814587.9965,1491444,V,545,479,-1
1788814588.0454,1491458,V,546,480,16189
1788814588.0454,1491466,V,546,480,-1
1788814588.0454,1491474,V,546,480,-1
1788814588.0454,1491482,V,550,483,-1
1788814588.0454,1491490,V,547,481,-1
1788814588.0455,1491498,V,546,480,-1
1788814588.0940,1491511,V,547,481,16190
1788814588.0940,1491519,V,546,480,-1
1788814588.0940,1491527,V,546,480,-1
1788814588.0940,1491535,V,546,480,-1
1788814588.0940,1491543,V,546,480,-1
1788814588.0940,1491551,V,546,480,-1
1788814588.1428,1491565,V,545,479,16191
1788814588.1428,1491573,V,547,481,-1
1788814588.1428,1491581,V,550,483,-1
1788814588.1428,1491589,V,545,479,-1
1788814588.1428,1491597,V,547,481,-1
1788814588.1428,1491605,V,547,481,-1
1788814588.1911,1491618,V,546,480,16192
1788814588.1913,1491626,V,547,481,-1
1788814588.1913,1491634,V,547,481,-1
1788814588.1913,1491642,V,548,482,-1
1788814588.1913,1491650,V,546,480,-1
1788814588.1913,1491658,V,547,481,-1
1788814588.2404,1491672,V,546,480,16193
1788814588.2404,1491680,V,564,496,-1
1788814588.2404,1491688,V,547,481,-1
1788814588.2404,1491696,V,547,481,-1
1788814588.2405,1491704,V,547,481,-1
1788814588.2405,1491712,V,547,481,-1
1788814588.2890,1491726,V,547,481,16194
1788814588.2890,1491734,V,547,481,-1
1788814588.2890,1491742,V,547,481,-1
1788814588.2890,1491750,V,546,480,-1
1788814588.2890,1491758,V,547,481,-1
1788814588.2890,1491766,V,546,480,-1
1788814588.3375,1491779,V,546,480,16195
1788814588.3376,1491787,V,545,479,-1
1788814588.3376,1491795,V,546,480,-1
1788814588.3376,1491803,V,546,480,-1
1788814588.3376,1491811,V,546,480,-1
1788814588.3376,1491819,V,545,479,-1
1788814588.4353,1491833,V,546,480,16196
1788814588.4355,1491841,V,546,480,-1
1788814588.4355,1491849,V,547,481,-1
1788814588.4355,1491857,V,547,481,-1
1788814588.4355,1491865,V,545,479,-1
1788814588.4355,1491873,V,546,480,-1
1788814588.4842,1491887,V,547,481,16197
1788814588.4842,1491895,V,546,480,-1
1788814588.4842,1491903,V,547,481,-1
1788814588.4842,1491911,V,546,480,-1
1788814588.4842,1491919,V,546,480,-1
1788814588.4842,1491927,V,546,480,-1
1788814588.5328,1491940,V,547,481,16198
1788814588.5329,1491948,V,547,481,-1
1788814588.5329,1491956,V,548,482,-1
1788814588.5329,1491964,V,546,480,-1
1788814588.5329,1491972,V,547,481,-1
1788814588.5329,1491980,V,546,480,-1
1788814588.5812,1491994,V,546,480,16199
1788814588.5812,1492002,V,546,480,-1
1788814588.5812,1492010,V,547,481,-1
1788814588.5813,1492018,V,550,483,-1
1788814588.5813,1492026,V,547,481,-1
1788814588.5813,1492034,V,547,481,-1
1788814588.6300,1492047,V,547,481,16200
1788814588.6300,1492055,V,547,481,-1
1788814588.6301,1492063,V,548,482,-1
1788814588.6301,1492071,V,548,482,-1
1788814588.6301,1492079,V,548,482,-1
1788814588.6301,1492087,V,549,483,-1
1788814588.6787,1492101,V,547,481,16201
1788814588.6789,1492109,V,548,482,-1
1788814588.6789,1492117,V,553,486,-1
1788814588.6789,1492125,V,547,481,-1
1788814588.6789,1492133,V,548,482,-1
1788814588.6789,1492141,V,548,482,-1
1788814588.7277,1492155,V,549,483,16202
1788814588.7278,1492163,V,548,482,-1
1788814588.7278,1492171,V,547,481,-1
1788814588.7278,1492179,V,549,483,-1
1788814588.7278,1492187,V,549,483,-1
1788814588.7278,1492195,V,548,482,-1
1788814588.7763,1492208,V,548,482,16203
1788814588.7764,1492216,V,564,496,-1
1788814588.7764,1492224,V,546,480,-1
1788814588.7764,1492232,V,548,482,-1
1788814588.7764,1492240,V,548,482,-1
1788814588.7764,1492248,V,547,481,-1
1788814588.8247,1492262,V,548,482,16204
1788814588.8248,1492270,V,547,481,-1
1788814588.8248,1492278,V,548,482,-1
1788814588.8248,1492286,V,548,482,-1
1788814588.8248,1492294,V,547,481,-1
1788814588.8248,1492302,V,546,480,-1
1788814588.8737,1492316,V,549,483,16205
1788814588.8738,1492324,V,547,481,-1
1788814588.8738,1492332,V,547,481,-1
1788814588.8738,1492340,V,547,481,-1
1788814588.8738,1492348,V,547,481,-1
1788814588.8738,1492356,V,547,481,-1
1788814589.0204,1492369,V,548,482,16206
1788814589.0205,1492377,V,547,481,-1
1788814589.0205,1492385,V,548,482,-1
1788814589.0205,1492393,V,547,481,-1
1788814589.0205,1492401,V,547,481,-1
1788814589.0205,1492409,V,548,482,-1
1788814589.0224,1492423,V,547,481,16207
1788814589.0224,1492431,V,547,481,-1
1788814589.0224,1492439,V,546,480,-1
1788814589.0224,1492447,V,547,481,-1
1788814589.0224,1492455,V,547,481,-1
1788814589.0224,1492463,V,549,483,-1
1788814589.0687,1492476,V,548,482,16208
1788814589.0687,1492484,V,548,482,-1
1788814589.0688,1492492,V,547,481,-1
1788814589.0688,1492500,V,547,481,-1
1788814589.0688,1492508,V,547,481,-1
1788814589.0688,1492516,V,547,481,-1
1788814589.1170,1492530,V,546,480,16209
1788814589.1170,1492538,V,547,481,-1
1788814589.1170,1492546,V,547,481,-1
1788814589.1170,1492554,V,551,484,-1
1788814589.1170,1492562,V,548,482,-1
1788814589.1170,1492570,V,548,482,-1
1788814589.1659,1492584,V,548,482,16210
1788814589.1659,1492592,V,548,482,-1
1788814589.1659,1492600,V,548,482,-1
1788814589.1659,1492608,V,547,481,-1
1788814589.1659,1492616,V,547,481,-1
1788814589.1659,1492624,V,548,482,-1
1788814589.2150,1492637,V,549,483,16211
1788814589.2150,1492645,V,547,481,-1
1788814589.2150,1492653,V,551,484,-1
1788814589.2150,1492661,V,547,481,-1
1788814589.2150,1492669,V,548,482,-1
1788814589.2150,1492677,V,548,482,-1
1788814589.2639,1492691,V,548,482,16212
1788814589.2641,1492699,V,548,482,-1
1788814589.2641,1492707,V,547,481,-1
1788814589.2641,1492715,V,547,481,-1
1788814589.2641,1492723,V,546,480,-1
1788814589.2641,1492731,V,547,481,-1
1788814589.3129,1492744,V,547,481,16213
1788814589.3130,1492752,V,560,492,-1
1788814589.3130,1492760,V,546,480,-1
1788814589.3130,1492768,V,548,482,-1
1788814589.3130,1492776,V,548,482,-1
1788814589.3130,1492784,V,547,481,-1
1788814589.3614,1492798,V,547,481,16214
1788814589.3614,1492806,V,548,482,-1
1788814589.3614,1492814,V,548,482,-1
1788814589.3615,1492822,V,547,481,-1
1788814589.3615,1492830,V,547,481,-1
1788814589.3615,1492838,V,547,481,-1
1788814589.4097,1492852,V,549,483,16215
1788814589.4097,1492860,V,547,481,-1
1788814589.4097,1492868,V,547,481,-1
1788814589.4097,1492876,V,546,480,-1
1788814589.4097,1492884,V,547,481,-1
1788814589.4097,1492892,V,547,481,-1
1788814589.5076,1492905,V,548,482,16216
1788814589.5077,1492913,V,547,481,-1
1788814589.5078,1492921,V,547,481,-1
1788814589.5078,1492929,V,547,481,-1
1788814589.5078,1492937,V,547,481,-1
1788814589.5078,1492945,V,547,481,-1
1788814589.5566,1492959,V,547,481,16217
1788814589.5566,1492967,V,548,482,-1
1788814589.5566,1492975,V,546,480,-1
1788814589.5566,1492983,V,547,481,-1
1788814589.5566,1492991,V,547,481,-1
1788814589.5566,1492999,V,548,482,-1
1788814589.6050,1493013,V,547,481,16218
1788814589.6051,1493021,V,548,482,-1
1788814589.6051,1493029,V,547,481,-1
1788814589.6051,1493037,V,548,482,-1
1788814589.6051,1493045,V,548,482,-1
1788814589.6051,1493053,V,547,481,-1
1788814589.7034,1493066,V,546,480,16219
1788814589.7034,1493074,V,547,481,-1
1788814589.7034,1493082,V,547,481,-1
1788814589.7034,1493090,V,551,484,-1
1788814589.7034,1493098,V,547,481,-1
1788814589.7034,1493106,V,548,482,-1
1788814589.7044,1493120,V,546,480,16220
1788814589.7044,1493128,V,547,481,-1
1788814589.7045,1493136,V,547,481,-1
1788814589.7045,1493144,V,547,481,-1
1788814589.7045,1493152,V,545,479,-1
1788814589.7045,1493160,V,546,480,-1
1788814589.7521,1493173,V,546,480,16221
1788814589.7522,1493181,V,546,480,-1
1788814589.7522,1493189,V,549,483,-1
1788814589.7523,1493197,V,546,480,-1
1788814589.7523,1493205,V,547,481,-1
1788814589.7523,1493213,V,547,481,-1
1788814589.8014,1493227,V,547,481,16222
1788814589.8014,1493235,V,547,481,-1
1788814589.8014,1493243,V,546,480,-1
1788814589.8014,1493251,V,546,480,-1
1788814589.8014,1493259,V,547,481,-1
1788814589.8015,1493267,V,546,480,-1
1788814589.8500,1493281,V,546,480,16223
1788814589.8500,1493289,V,562,494,-1
1788814589.8500,1493297,V,547,481,-1
1788814589.8500,1493305,V,547,481,-1
1788814589.8500,1493313,V,546,480,-1
1788814589.8500,1493321,V,545,479,-1
1788814589.8983,1493334,V,547,481,16224
1788814589.8984,1493342,V,547,481,-1
1788814589.8984,1493350,V,546,480,-1
1788814589.8984,1493358,V,546,480,-1
1788814589.8984,1493366,V,546,480,-1
1788814589.8984,1493374,V,546,480,-1
1788814589.9501,1493388,V,547,481,16225
1788814589.9501,1493396,V,546,480,-1
1788814589.9501,1493404,V,545,479,-1
1788814589.9501,1493412,V,545,479,-1
1788814589.9501,1493420,V,545,479,-1
1788814589.9501,1493428,V,545,479,-1
1788814590.0441,1493442,V,546,480,16226
1788814590.0442,1493450,V,547,481,-1
1788814590.0442,1493458,V,547,481,-1
1788814590.0443,1493466,V,547,481,-1
1788814590.0443,1493474,V,547,481,-1
1788814590.0443,1493482,V,547,481,-1
1788814590.0930,1493495,V,547,481,16227
1788814590.0930,1493503,V,547,481,-1
1788814590.0930,1493511,V,548,482,-1
1788814590.0930,1493519,V,547,481,-1
1788814590.0930,1493527,V,547,481,-1
1788814590.0930,1493535,V,547,481,-1
1788814590.1412,1493549,V,547,481,16228
1788814590.1412,1493557,V,547,481,-1
1788814590.1412,1493565,V,546,480,-1
1788814590.1413,1493573,V,547,481,-1
1788814590.1413,1493581,V,546,480,-1
1788814590.1413,1493589,V,546,480,-1
1788814590.1900,1493602,V,546,480,16229
1788814590.1901,1493610,V,546,480,-1
1788814590.1901,1493618,V,547,481,-1
1788814590.1901,1493626,V,549,483,-1
1788814590.1901,1493634,V,546,480,-1
1788814590.1901,1493642,V,546,480,-1
1788814590.2388,1493656,V,547,481,16230
1788814590.2388,1493664,V,547,481,-1
1788814590.2388,1493672,V,546,480,-1
1788814590.2388,1493680,V,547,481,-1
1788814590.2388,1493688,V,546,480,-1
1788814590.2388,1493696,V,546,480,-1
1788814590.2876,1493710,V,546,480,16231
1788814590.2877,1493718,V,548,482,-1
1788814590.2878,1493726,V,549,483,-1
1788814590.2878,1493734,V,547,481,-1
1788814590.2878,1493742,V,547,481,-1
1788814590.2878,1493750,V,547,481,-1
1788814590.3376,1493763,V,546,480,16232
1788814590.3377,1493771,V,546,480,-1
1788814590.3377,1493779,V,547,481,-1
1788814590.3377,1493787,V,547,481,-1
1788814590.3377,1493795,V,547,481,-1
1788814590.3377,1493803,V,547,481,-1
1788814590.3860,1493817,V,547,481,16233
1788814590.3860,1493825,V,565,497,-1
1788814590.3860,1493833,V,547,481,-1
1788814590.3860,1493841,V,546,480,-1
1788814590.3860,1493849,V,546,480,-1
1788814590.3860,1493857,V,546,480,-1
1788814590.4346,1493871,V,546,480,16234
1788814590.4347,1493879,V,546,480,-1
1788814590.4347,1493887,V,545,479,-1
1788814590.4347,1493895,V,546,480,-1
1788814590.4347,1493903,V,546,480,-1
1788814590.4347,1493911,V,546,480,-1
1788814590.4824,1493924,V,547,481,16235
1788814590.4824,1493932,V,547,481,-1
1788814590.4824,1493940,V,546,480,-1
1788814590.4824,1493948,V,546,480,-1
1788814590.4825,1493956,V,547,481,-1
1788814590.4825,1493964,V,547,481,-1
1788814590.5802,1493978,V,547,481,16236
1788814590.5803,1493986,V,548,482,-1
1788814590.5803,1493994,V,546,480,-1
1788814590.5803,1494002,V,547,481,-1
1788814590.5803,1494010,V,547,481,-1
1788814590.5803,1494018,V,547,481,-1
1788814590.6288,1494032,V,548,482,16237
1788814590.6289,1494040,V,547,481,-1
1788814590.6289,1494048,V,546,480,-1
1788814590.6289,1494056,V,546,480,-1
1788814590.6289,1494064,V,547,481,-1
1788814590.6289,1494072,V,546,480,-1
1788814590.6776,1494085,V,547,481,16238
1788814590.6776,1494093,V,547,481,-1
1788814590.6776,1494101,V,547,481,-1
1788814590.6776,1494109,V,546,480,-1
1788814590.6776,1494117,V,545,479,-1
1788814590.6776,1494125,V,547,481,-1
1788814590.7261,1494139,V,546,480,16239
1788814590.7261,1494147,V,546,480,-1
1788814590.7261,1494155,V,546,480,-1
1788814590.7261,1494163,V,552,485,-1
1788814590.7261,1494171,V,546,480,-1
1788814590.7261,1494179,V,546,480,-1
1788814590.7747,1494192,V,546,480,16240
1788814590.7748,1494200,V,547,481,-1
1788814590.7748,1494208,V,547,481,-1
1788814590.7748,1494216,V,545,479,-1
1788814590.7748,1494224,V,547,481,-1
1788814590.7748,1494232,V,546,480,-1
1788814590.8234,1494246,V,547,481,16241
1788814590.8235,1494254,V,547,481,-1
1788814590.8235,1494262,V,550,483,-1
1788814590.8235,1494270,V,547,481,-1
1788814590.8235,1494278,V,548,482,-1
1788814590.8235,1494286,V,548,482,-1
1788814590.8724,1494300,V,547,481,16242
1788814590.8724,1494308,V,548,482,-1
1788814590.8724,1494316,V,546,480,-1
1788814590.8725,1494324,V,547,481,-1
1788814590.8725,1494332,V,547,481,-1
1788814590.8725,1494340,V,545,479,-1
1788814590.9209,1494353,V,547,481,16243
1788814590.9210,1494361,V,567,498,-1
1788814590.9210,1494369,V,547,481,-1
1788814590.9210,1494377,V,547,481,-1
1788814590.9210,1494385,V,547,481,-1
1788814590.9210,1494393,V,546,480,-1
1788814590.9701,1494407,V,546,480,16244
1788814590.9701,1494415,V,546,480,-1
1788814590.9701,1494423,V,548,482,-1
1788814590.9701,1494431,V,548,482,-1
1788814590.9701,1494439,V,548,482,-1
1788814590.9701,1494447,V,547,481,-1
1788814591.0190,1494461,V,548,482,16245
1788814591.0191,1494469,V,548,482,-1
1788814591.0191,1494477,V,547,481,-1
1788814591.0191,1494485,V,547,481,-1
1788814591.0191,1494493,V,547,481,-1
1788814591.0191,1494501,V,547,481,-1
1788814591.1165,1494514,V,547,481,16246
1788814591.1167,1494522,V,547,481,-1
1788814591.1167,1494530,V,547,481,-1
1788814591.1167,1494538,V,548,482,-1
1788814591.1167,1494546,V,547,481,-1
1788814591.1167,1494554,V,547,481,-1
1788814591.1653,1494568,V,548,482,16247
1788814591.1653,1494576,V,548,482,-1
1788814591.1653,1494584,V,546,480,-1
1788814591.1653,1494592,V,548,482,-1
1788814591.1653,1494600,V,547,481,-1
1788814591.1653,1494608,V,547,481,-1
1788814591.2137,1494622,V,547,481,16248
1788814591.2137,1494630,V,546,480,-1
1788814591.2137,1494638,V,547,481,-1
1788814591.2137,1494646,V,547,481,-1
1788814591.2137,1494654,V,546,480,-1
1788814591.2137,1494662,V,547,481,-1
1788814591.2626,1494675,V,547,481,16249
1788814591.2626,1494683,V,546,480,-1
1788814591.2626,1494691,V,547,481,-1
1788814591.2626,1494699,V,552,485,-1
1788814591.2626,1494707,V,547,481,-1
1788814591.2626,1494715,V,546,480,-1
1788814591.3113,1494729,V,546,480,16250
1788814591.3113,1494737,V,548,482,-1
1788814591.3113,1494745,V,546,480,-1
1788814591.3113,1494753,V,547,481,-1
1788814591.3114,1494761,V,546,480,-1
1788814591.3114,1494769,V,548,482,-1
1788814591.3599,1494782,V,547,481,16251
1788814591.3601,1494790,V,546,480,-1
1788814591.3601,1494798,V,548,482,-1
1788814591.3601,1494806,V,547,481,-1
1788814591.3601,1494814,V,548,482,-1
1788814591.3601,1494822,V,547,481,-1
1788814591.4091,1494836,V,547,481,16252
1788814591.4091,1494844,V,548,482,-1
1788814591.4091,1494852,V,547,481,-1
1788814591.4091,1494860,V,547,481,-1
1788814591.4091,1494868,V,547,481,-1
1788814591.4091,1494876,V,548,482,-1
1788814591.4579,1494890,V,546,480,16253
1788814591.4580,1494898,V,566,497,-1
1788814591.4580,1494906,V,547,481,-1
1788814591.4580,1494914,V,546,480,-1
1788814591.4580,1494922,V,546,480,-1
1788814591.4580,1494930,V,547,481,-1
1788814591.5059,1494943,V,546,480,16254
1788814591.5059,1494951,V,546,480,-1
1788814591.5059,1494959,V,546,480,-1
1788814591.5059,1494967,V,546,480,-1
1788814591.5059,1494975,V,546,480,-1
1788814591.5059,1494983,V,546,480,-1
1788814591.5550,1494997,V,546,480,16255
1788814591.5550,1495005,V,545,479,-1
1788814591.5550,1495013,V,547,481,-1
1788814591.5550,1495021,V,546,480,-1
1788814591.5551,1495029,V,546,480,-1
1788814591.5551,1495037,V,546,480,-1
1788814591.6525,1495050,V,545,479,16256
1788814591.6526,1495058,V,546,480,-1
1788814591.6526,1495066,V,547,481,-1
1788814591.6526,1495074,V,546,480,-1
1788814591.6526,1495082,V,546,480,-1
1788814591.6526,1495090,V,547,481,-1
1788814591.7014,1495104,V,546,480,16257
1788814591.7014,1495112,V,547,481,-1
1788814591.7014,1495120,V,547,481,-1
1788814591.7014,1495128,V,547,481,-1
1788814591.7014,1495136,V,547,481,-1
1788814591.7014,1495144,V,548,482,-1
1788814591.7499,1495158,V,547,481,16258
1788814591.7499,1495166,V,547,481,-1
1788814591.7499,1495174,V,546,480,-1
1788814591.7499,1495182,V,547,481,-1
1788814591.7499,1495190,V,546,480,-1
1788814591.7499,1495198,V,545,479,-1
1788814591.7988,1495211,V,547,481,16259
1788814591.7988,1495219,V,546,480,-1
1788814591.7989,1495227,V,547,481,-1
1788814591.7989,1495235,V,553,486,-1
1788814591.7989,1495243,V,547,481,-1
1788814591.7989,1495251,V,547,481,-1
1788814591.8476,1495265,V,547,481,16260
1788814591.8476,1495273,V,547,481,-1
1788814591.8476,1495281,V,547,481,-1
1788814591.8476,1495289,V,547,481,-1
1788814591.8476,1495297,V,547,481,-1
1788814591.8476,1495305,V,547,481,-1
1788814591.8962,1495319,V,546,480,16261
1788814591.8963,1495327,V,546,480,-1
1788814591.8964,1495335,V,549,483,-1
1788814591.8964,1495343,V,547,481,-1
1788814591.8964,1495351,V,547,481,-1
1788814591.8964,1495359,V,547,481,-1
1788814591.9468,1495372,V,546,480,16262
1788814591.9468,1495380,V,547,481,-1
1788814591.9469,1495388,V,547,481,-1
1788814591.9469,1495396,V,546,480,-1
1788814591.9469,1495404,V,547,481,-1
1788814591.9469,1495412,V,546,480,-1
1788814591.9936,1495426,V,546,480,16263
1788814591.9936,1495434,V,565,497,-1
1788814591.9937,1495442,V,546,480,-1
1788814591.9937,1495450,V,545,479,-1
1788814591.9937,1495458,V,546,480,-1
1788814591.9937,1495466,V,546,480,-1
1788814592.1404,1495479,V,547,481,16264
1788814592.1406,1495487,V,545,479,-1
1788814592.1406,1495495,V,544,478,-1
1788814592.1406,1495503,V,546,480,-1
1788814592.1406,1495511,V,546,480,-1
1788814592.1406,1495519,V,545,479,-1
1788814592.1415,1495533,V,547,481,16265
1788814592.1415,1495541,V,545,479,-1
1788814592.1415,1495549,V,545,479,-1
1788814592.1415,1495557,V,545,479,-1
1788814592.1415,1495565,V,545,479,-1
1788814592.1415,1495573,V,545,479,-1
1788814592.1900,1495587,V,545,479,16266
1788814592.1901,1495595,V,545,479,-1
1788814592.1901,1495603,V,545,479,-1
1788814592.1901,1495611,V,545,479,-1
1788814592.1901,1495619,V,545,479,-1
1788814592.1901,1495627,V,547,481,-1
1788814592.2375,1495640,V,545,479,16267
1788814592.2376,1495648,V,547,481,-1
1788814592.2376,1495656,V,546,480,-1
1788814592.2376,1495664,V,546,480,-1
1788814592.2376,1495672,V,545,479,-1
1788814592.2376,1495680,V,546,480,-1
1788814592.2863,1495694,V,548,482,16268
1788814592.2863,1495702,V,547,481,-1
1788814592.2863,1495710,V,547,481,-1
1788814592.2863,1495718,V,546,480,-1
1788814592.2863,1495726,V,547,481,-1
1788814592.2863,1495734,V,547,481,-1
1788814592.3360,1495748,V,548,482,16269
1788814592.3360,1495756,V,547,481,-1
1788814592.3360,1495764,V,548,482,-1
1788814592.3360,1495772,V,553,486,-1
1788814592.3360,1495780,V,547,481,-1
1788814592.3361,1495788,V,548,482,-1
1788814592.3848,1495801,V,547,481,16270
1788814592.3849,1495809,V,547,481,-1
1788814592.3849,1495817,V,547,481,-1
1788814592.3849,1495825,V,547,481,-1
1788814592.3849,1495833,V,546,480,-1
1788814592.3849,1495841,V,546,480,-1
1788814592.4338,1495855,V,547,481,16271
1788814592.4338,1495863,V,546,480,-1
1788814592.4338,1495871,V,549,483,-1
1788814592.4338,1495879,V,546,480,-1
1788814592.4338,1495887,V,547,481,-1
1788814592.4338,1495895,V,547,481,-1
1788814592.4822,1495908,V,546,480,16272
1788814592.4822,1495916,V,546,480,-1
1788814592.4823,1495924,V,546,480,-1
1788814592.4823,1495932,V,547,481,-1
1788814592.4823,1495940,V,546,480,-1
1788814592.4823,1495948,V,546,480,-1
1788814592.5309,1495962,V,546,480,16273
1788814592.5309,1495970,V,566,497,-1
1788814592.5309,1495978,V,547,481,-1
1788814592.5309,1495986,V,547,481,-1
1788814592.5310,1495994,V,546,480,-1
1788814592.5310,1496002,V,547,481,-1
1788814592.5797,1496016,V,546,480,16274
1788814592.5797,1496024,V,546,480,-1
1788814592.5797,1496032,V,547,481,-1
1788814592.5797,1496040,V,549,483,-1
1788814592.5797,1496048,V,548,482,-1
1788814592.5797,1496056,V,548,482,-1
1788814592.6275,1496069,V,548,482,16275
1788814592.6276,1496077,V,547,481,-1
1788814592.6276,1496085,V,546,480,-1
1788814592.6276,1496093,V,546,480,-1
1788814592.6276,1496101,V,546,480,-1
1788814592.6276,1496109,V,547,481,-1
1788814592.7259,1496123,V,548,482,16276
1788814592.7260,1496131,V,547,481,-1
1788814592.7260,1496139,V,546,480,-1
1788814592.7260,1496147,V,547,481,-1
1788814592.7260,1496155,V,546,480,-1
1788814592.7260,1496163,V,547,481,-1
1788814592.7736,1496177,V,546,480,16277
1788814592.7737,1496185,V,547,481,-1
1788814592.7737,1496193,V,547,481,-1
1788814592.7737,1496201,V,547,481,-1
1788814592.7737,1496209,V,546,480,-1
1788814592.7737,1496217,V,547,481,-1
1788814592.8234,1496230,V,547,481,16278
1788814592.8234,1496238,V,547,481,-1
1788814592.8234,1496246,V,547,481,-1
1788814592.8234,1496254,V,547,481,-1
1788814592.8234,1496262,V,547,481,-1
1788814592.8234,1496270,V,547,481,-1
1788814592.8721,1496284,V,547,481,16279
1788814592.8722,1496292,V,547,481,-1
1788814592.8723,1496300,V,548,482,-1
1788814592.8723,1496308,V,553,486,-1
1788814592.8723,1496316,V,548,482,-1
1788814592.8723,1496324,V,546,480,-1
1788814592.9718,1496337,V,546,480,16280
1788814592.9718,1496345,V,546,480,-1
1788814592.9718,1496353,V,546,480,-1
1788814592.9718,1496361,V,545,479,-1
1788814592.9718,1496369,V,546,480,-1
1788814592.9718,1496377,V,546,480,-1
1788814592.9722,1496391,V,546,480,16281
1788814592.9722,1496399,V,546,480,-1
1788814592.9722,1496407,V,548,482,-1
1788814592.9722,1496415,V,546,480,-1
1788814592.9722,1496423,V,545,479,-1
1788814592.9723,1496431,V,545,479,-1
1788814593.0181,1496445,V,546,480,16282
1788814593.0181,1496453,V,545,479,-1
1788814593.0181,1496461,V,546,480,-1
1788814593.0181,1496469,V,547,481,-1
1788814593.0181,1496477,V,547,481,-1
1788814593.0181,1496485,V,547,481,-1
1788814593.1160,1496498,V,546,480,16283
1788814593.1162,1496506,V,567,498,-1
1788814593.1162,1496514,V,548,482,-1
1788814593.1162,1496522,V,547,481,-1
1788814593.1162,1496530,V,547,481,-1
1788814593.1162,1496538,V,546,480,-1
1788814593.1174,1496552,V,546,480,16284
1788814593.1174,1496560,V,547,481,-1
1788814593.1174,1496568,V,546,480,-1
1788814593.1174,1496576,V,548,482,-1
1788814593.1174,1496584,V,545,479,-1
1788814593.1174,1496592,V,547,481,-1
1788814593.1642,1496606,V,556,489,16285
1788814593.1642,1496614,V,547,481,-1
1788814593.1642,1496622,V,546,480,-1
1788814593.1642,1496630,V,547,481,-1
1788814593.1642,1496638,V,546,480,-1
1788814593.1642,1496646,V,547,481,-1
1788814593.2615,1496659,V,546,480,16286
1788814593.2615,1496667,V,546,480,-1
1788814593.2615,1496675,V,545,479,-1
1788814593.2615,1496683,V,547,481,-1
1788814593.2615,1496691,V,547,481,-1
1788814593.2615,1496699,V,546,480,-1
1788814593.3099,1496713,V,546,480,16287
1788814593.3099,1496721,V,546,480,-1
1788814593.3099,1496729,V,548,482,-1
1788814593.3099,1496737,V,548,482,-1
1788814593.3099,1496745,V,547,481,-1
1788814593.3100,1496753,V,547,481,-1
1788814593.3587,1496766,V,548,482,16288
1788814593.3589,1496774,V,546,480,-1
1788814593.3589,1496782,V,547,481,-1
1788814593.3589,1496790,V,547,481,-1
1788814593.3589,1496798,V,547,481,-1
1788814593.3589,1496806,V,546,480,-1
1788814593.4079,1496820,V,546,480,16289
1788814593.4079,1496828,V,547,481,-1
1788814593.4079,1496836,V,546,480,-1
1788814593.4079,1496844,V,554,487,-1
1788814593.4080,1496852,V,547,481,-1
1788814593.4080,1496860,V,548,482,-1
1788814593.4566,1496874,V,548,482,16290
1788814593.4566,1496882,V,548,482,-1
1788814593.4566,1496890,V,547,481,-1
1788814593.4566,1496898,V,547,481,-1
1788814593.4566,1496906,V,546,480,-1
1788814593.4566,1496914,V,547,481,-1
1788814593.5053,1496927,V,546,480,16291
1788814593.5053,1496935,V,548,482,-1
1788814593.5053,1496943,V,550,483,-1
1788814593.5053,1496951,V,547,481,-1
1788814593.5053,1496959,V,548,482,-1
1788814593.5053,1496967,V,547,481,-1
1788814593.6030,1496981,V,547,481,16292
1788814593.6032,1496989,V,547,481,-1
1788814593.6032,1496997,V,547,481,-1
1788814593.6032,1497005,V,547,481,-1
1788814593.6032,1497013,V,546,480,-1
1788814593.6032,1497021,V,546,480,-1
1788814593.6047,1497035,V,546,480,16293
1788814593.6047,1497043,V,548,482,-1
1788814593.6047,1497051,V,546,480,-1
1788814593.6047,1497059,V,547,481,-1
1788814593.6047,1497067,V,547,481,-1
1788814593.6047,1497075,V,548,482,-1
1788814593.6521,1497089,V,548,482,16294
1788814593.6521,1497097,V,548,482,-1
1788814593.6521,1497105,V,548,482,-1
1788814593.6521,1497113,V,548,482,-1
1788814593.6521,1497121,V,547,481,-1
1788814593.6521,1497129,V,547,481,-1
1788814593.6999,1497142,V,549,483,16295
1788814593.7000,1497150,V,547,481,-1
1788814593.7000,1497158,V,547,481,-1
1788814593.7000,1497166,V,548,482,-1
1788814593.7000,1497174,V,548,482,-1
1788814593.7000,1497182,V,548,482,-1
1788814593.7977,1497196,V,547,481,16296
1788814593.7977,1497204,V,547,481,-1
1788814593.7977,1497212,V,547,481,-1
1788814593.7977,1497220,V,547,481,-1
1788814593.7978,1497228,V,547,481,-1
1788814593.7978,1497236,V,546,480,-1
1788814593.8462,1497249,V,546,480,16297
1788814593.8464,1497257,V,546,480,-1
1788814593.8464,1497265,V,547,481,-1
1788814593.8464,1497273,V,546,480,-1
1788814593.8464,1497281,V,546,480,-1
1788814593.8464,1497289,V,546,480,-1
1788814593.8951,1497303,V,545,479,16298
1788814593.8952,1497311,V,546,480,-1
1788814593.8952,1497319,V,545,479,-1
1788814593.8952,1497327,V,546,480,-1
1788814593.8952,1497335,V,546,480,-1
1788814593.8952,1497343,V,546,480,-1
1788814593.9440,1497357,V,545,479,16299
1788814593.9440,1497365,V,546,480,-1
1788814593.9440,1497373,V,546,480,-1
1788814593.9440,1497381,V,552,485,-1
1788814593.9440,1497389,V,546,480,-1
1788814593.9440,1497397,V,546,480,-1
1788814593.9927,1497410,V,546,480,16300
1788814593.9927,1497418,V,546,480,-1
1788814593.9927,1497426,V,547,481,-1
1788814593.9927,1497434,V,546,480,-1
1788814593.9927,1497442,V,546,480,-1
1788814593.9927,1497450,V,546,480,-1
1788814594.0413,1497464,V,547,481,16301
1788814594.0413,1497472,V,547,481,-1
1788814594.0413,1497480,V,555,488,-1
1788814594.0413,1497488,V,546,480,-1
1788814594.0413,1497496,V,547,481,-1
1788814594.0413,1497504,V,546,480,-1
1788814594.0900,1497518,V,546,480,16302
1788814594.0901,1497526,V,547,481,-1
1788814594.0901,1497534,V,547,481,-1
1788814594.0901,1497542,V,547,481,-1
1788814594.0901,1497550,V,546,480,-1
1788814594.0901,1497558,V,547,481,-1
1788814594.1392,1497571,V,547,481,16303
1788814594.1392,1497579,V,548,482,-1
1788814594.1392,1497587,V,547,481,-1
1788814594.1392,1497595,V,547,481,-1
1788814594.1392,1497603,V,547,481,-1
1788814594.1393,1497611,V,547,481,-1
1788814594.2853,1497625,V,546,480,16304
1788814594.2854,1497633,V,547,481,-1
1788814594.2854,1497641,V,546,480,-1
1788814594.2854,1497649,V,547,481,-1
1788814594.2854,1497657,V,548,482,-1
1788814594.2854,1497665,V,546,480,-1
1788814594.2865,1497679,V,547,481,16305
1788814594.2865,1497687,V,547,481,-1
1788814594.2865,1497695,V,547,481,-1
1788814594.2865,1497703,V,546,480,-1
1788814594.2865,1497711,V,546,480,-1
1788814594.2865,1497719,V,546,480,-1
1788814594.3339,1497732,V,546,480,16306
1788814594.3340,1497740,V,546,480,-1
1788814594.3340,1497748,V,546,480,-1
1788814594.3340,1497756,V,547,481,-1
1788814594.3340,1497764,V,547,481,-1
1788814594.3340,1497772,V,546,480,-1
1788814594.3829,1497786,V,547,481,16307
1788814594.3829,1497794,V,546,480,-1
1788814594.3829,1497802,V,547,481,-1
1788814594.3829,1497810,V,547,481,-1
1788814594.3829,1497818,V,550,483,-1
1788814594.3830,1497826,V,547,481,-1
1788814594.4313,1497839,V,547,481,16308
1788814594.4313,1497847,V,547,481,-1
1788814594.4315,1497855,V,546,480,-1
1788814594.4315,1497863,V,546,480,-1
1788814594.4315,1497871,V,546,480,-1
1788814594.4315,1497879,V,546,480,-1
1788814594.4801,1497893,V,546,480,16309
1788814594.4801,1497901,V,546,480,-1
1788814594.4801,1497909,V,545,479,-1
1788814594.4801,1497917,V,548,482,-1
1788814594.4801,1497925,V,546,480,-1
1788814594.4802,1497933,V,545,479,-1
1788814594.5284,1497947,V,545,479,16310
1788814594.5284,1497955,V,547,481,-1
1788814594.5284,1497963,V,546,480,-1
1788814594.5284,1497971,V,546,480,-1
1788814594.5284,1497979,V,545,479,-1
1788814594.5284,1497987,V,546,480,-1
1788814594.5775,1498000,V,546,480,16311
1788814594.5776,1498008,V,546,480,-1
1788814594.5776,1498016,V,560,492,-1
1788814594.5776,1498024,V,547,481,-1
1788814594.5776,1498032,V,545,479,-1
1788814594.5776,1498040,V,546,480,-1
1788814594.6266,1498054,V,547,481,16312
1788814594.6266,1498062,V,546,480,-1
1788814594.6266,1498070,V,546,480,-1
1788814594.6266,1498078,V,546,480,-1
1788814594.6266,1498086,V,546,480,-1
1788814594.6266,1498094,V,546,480,-1
1788814594.6751,1498108,V,547,481,16313
1788814594.6751,1498116,V,549,483,-1
1788814594.6752,1498124,V,547,481,-1
1788814594.6752,1498132,V,546,480,-1
1788814594.6752,1498140,V,546,480,-1
1788814594.6752,1498148,V,546,480,-1
1788814594.7238,1498161,V,545,479,16314
1788814594.7238,1498169,V,547,481,-1
1788814594.7238,1498177,V,545,479,-1
1788814594.7238,1498185,V,545,479,-1
1788814594.7238,1498193,V,546,480,-1
1788814594.7238,1498201,V,545,479,-1
1788814594.7734,1498215,V,545,479,16315
1788814594.7734,1498223,V,545,479,-1
1788814594.7735,1498231,V,547,481,-1
1788814594.7735,1498239,V,546,480,-1
1788814594.7735,1498247,V,547,481,-1
1788814594.7735,1498255,V,546,480,-1
1788814594.8703,1498268,V,546,480,16316
1788814594.8704,1498276,V,546,480,-1
1788814594.8704,1498284,V,546,480,-1
1788814594.8704,1498292,V,546,480,-1
1788814594.8704,1498300,V,546,480,-1
1788814594.8704,1498308,V,546,480,-1
1788814594.9201,1498322,V,546,480,16317
1788814594.9201,1498330,V,547,481,-1
1788814594.9201,1498338,V,547,481,-1
1788814594.9201,1498346,V,548,482,-1
1788814594.9202,1498354,V,550,483,-1
1788814594.9202,1498362,V,547,481,-1
1788814595.0164,1498376,V,547,481,16318
1788814595.0165,1498384,V,547,481,-1
1788814595.0165,1498392,V,547,481,-1
1788814595.0165,1498400,V,546,480,-1
1788814595.0165,1498408,V,547,481,-1
1788814595.0165,1498416,V,545,479,-1
1788814595.0176,1498429,V,545,479,16319
1788814595.0176,1498437,V,547,481,-1
1788814595.0177,1498445,V,547,481,-1
1788814595.0177,1498453,V,550,483,-1
1788814595.0177,1498461,V,546,480,-1
1788814595.0177,1498469,V,545,479,-1
1788814595.0653,1498483,V,547,481,16320
1788814595.0653,1498491,V,547,481,-1
1788814595.0653,1498499,V,547,481,-1
1788814595.0653,1498507,V,546,480,-1
1788814595.0653,1498515,V,547,481,-1
1788814595.0653,1498523,V,546,480,-1
1788814595.1139,1498536,V,547,481,16321
1788814595.1140,1498544,V,547,481,-1
1788814595.1140,1498552,V,557,490,-1
1788814595.1140,1498560,V,546,480,-1
1788814595.1140,1498568,V,545,479,-1
1788814595.1140,1498576,V,547,481,-1
1788814595.1630,1498590,V,546,480,16322
1788814595.1630,1498598,V,546,480,-1
1788814595.1630,1498606,V,545,479,-1
1788814595.1630,1498614,V,547,481,-1
1788814595.1630,1498622,V,546,480,-1
1788814595.1630,1498630,V,546,480,-1
1788814595.2114,1498644,V,546,480,16323
1788814595.2114,1498652,V,547,481,-1
1788814595.2114,1498660,V,545,479,-1
1788814595.2115,1498668,V,546,480,-1
1788814595.2115,1498676,V,546,480,-1
1788814595.2115,1498684,V,546,480,-1
1788814595.2602,1498697,V,546,480,16324
1788814595.2602,1498705,V,544,478,-1
1788814595.2602,1498713,V,546,480,-1
1788814595.2602,1498721,V,546,480,-1
1788814595.2602,1498729,V,547,481,-1
1788814595.2602,1498737,V,546,480,-1
1788814595.3089,1498751,V,545,479,16325
1788814595.3089,1498759,V,546,480,-1
1788814595.3089,1498767,V,546,480,-1
1788814595.3089,1498775,V,546,480,-1
1788814595.3089,1498783,V,547,481,-1
1788814595.3089,1498791,V,546,480,-1
1788814595.4062,1498805,V,546,480,16326
1788814595.4063,1498813,V,547,481,-1
1788814595.4063,1498821,V,546,480,-1
1788814595.4063,1498829,V,546,480,-1
1788814595.4063,1498837,V,547,481,-1
1788814595.4063,1498845,V,546,480,-1
1788814595.4556,1498858,V,547,481,16327
1788814595.4557,1498866,V,545,479,-1
1788814595.4557,1498874,V,548,482,-1
1788814595.4557,1498882,V,547,481,-1
1788814595.4557,1498890,V,550,483,-1
1788814595.4557,1498898,V,546,480,-1
1788814595.5526,1498912,V,548,482,16328
1788814595.5527,1498920,V,547,481,-1
1788814595.5527,1498928,V,547,481,-1
1788814595.5527,1498936,V,546,480,-1
1788814595.5527,1498944,V,548,482,-1
1788814595.5527,1498952,V,547,481,-1
1788814595.5539,1498965,V,547,481,16329
1788814595.5539,1498973,V,547,481,-1
1788814595.5539,1498981,V,546,480,-1
1788814595.5539,1498989,V,549,483,-1
1788814595.5539,1498997,V,547,481,-1
1788814595.5540,1499005,V,546,480,-1
1788814595.6022,1499019,V,547,481,16330
1788814595.6023,1499027,V,546,480,-1
1788814595.6023,1499035,V,547,481,-1
1788814595.6023,1499043,V,547,481,-1
1788814595.6023,1499051,V,548,482,-1
1788814595.6023,1499059,V,547,481,-1
1788814595.6509,1499073,V,546,480,16331
1788814595.6510,1499081,V,545,479,-1
1788814595.6510,1499089,V,560,492,-1
1788814595.6510,1499097,V,546,480,-1
1788814595.6510,1499105,V,546,480,-1
1788814595.6511,1499113,V,546,480,-1
1788814595.6992,1499126,V,546,480,16332
1788814595.6992,1499134,V,546,480,-1
1788814595.6992,1499142,V,546,480,-1
1788814595.6992,1499150,V,546,480,-1
1788814595.6992,1499158,V,546,480,-1
1788814595.6992,1499166,V,546,480,-1
1788814595.7485,1499180,V,546,480,16333
1788814595.7485,1499188,V,547,481,-1
1788814595.7485,1499196,V,547,481,-1
1788814595.7485,1499204,V,546,480,-1
1788814595.7485,1499212,V,546,480,-1
1788814595.7485,1499220,V,546,480,-1
1788814595.7961,1499234,V,546,480,16334
1788814595.7961,1499242,V,546,480,-1
1788814595.7961,1499250,V,547,481,-1
1788814595.7961,1499258,V,546,480,-1
1788814595.7961,1499266,V,545,479,-1
1788814595.7961,1499274,V,547,481,-1
1788814595.8457,1499287,V,546,480,16335
1788814595.8457,1499295,V,546,480,-1
1788814595.8457,1499303,V,545,479,-1
1788814595.8457,1499311,V,546,480,-1
1788814595.8457,1499319,V,546,480,-1
1788814595.8457,1499327,V,546,480,-1
1788814595.9428,1499341,V,546,480,16336
1788814595.9429,1499349,V,546,480,-1
1788814595.9430,1499357,V,545,479,-1
1788814595.9430,1499365,V,546,480,-1
1788814595.9430,1499373,V,547,481,-1
1788814595.9430,1499381,V,546,480,-1
1788814595.9940,1499395,V,547,481,16337
1788814595.9940,1499403,V,547,481,-1
1788814595.9940,1499411,V,547,481,-1
1788814595.9940,1499419,V,548,482,-1
1788814595.9940,1499427,V,552,485,-1
1788814595.9940,1499435,V,548,482,-1
1788814596.0413,1499448,V,547,481,16338
1788814596.0413,1499456,V,546,480,-1
1788814596.0413,1499464,V,547,481,-1
1788814596.0413,1499472,V,546,480,-1
1788814596.0413,1499480,V,547,481,-1
1788814596.0413,1499488,V,547,481,-1
1788814596.0896,1499502,V,544,478,16339
1788814596.0897,1499510,V,546,480,-1
1788814596.0897,1499518,V,545,479,-1
1788814596.0897,1499526,V,548,482,-1
1788814596.0897,1499534,V,546,480,-1
1788814596.0897,1499542,V,546,480,-1
1788814596.1412,1499555,V,545,479,16340
1788814596.1412,1499563,V,545,479,-1
1788814596.1412,1499571,V,545,479,-1
1788814596.1412,1499579,V,545,479,-1
1788814596.1412,1499587,V,546,480,-1
1788814596.1412,1499595,V,545,479,-1
1788814596.1872,1499609,V,546,480,16341
1788814596.1873,1499617,V,545,479,-1
1788814596.1873,1499625,V,563,495,-1
1788814596.1873,1499633,V,545,479,-1
1788814596.1875,1499641,V,545,479,-1
1788814596.1875,1499649,V,546,480,-1
1788814596.2364,1499663,V,546,480,16342
1788814596.2365,1499671,V,546,480,-1
1788814596.2365,1499679,V,547,481,-1
1788814596.2365,1499687,V,547,481,-1
1788814596.2365,1499695,V,548,482,-1
1788814596.2365,1499703,V,547,481,-1
1788814596.3329,1499716,V,547,481,16343
1788814596.3330,1499724,V,549,483,-1
1788814596.3330,1499732,V,546,480,-1
1788814596.3330,1499740,V,548,482,-1
1788814596.3330,1499748,V,548,482,-1
1788814596.3330,1499756,V,545,479,-1
1788814596.3345,1499770,V,547,481,16344
1788814596.3345,1499778,V,547,481,-1
1788814596.3345,1499786,V,547,481,-1
1788814596.3345,1499794,V,546,480,-1
1788814596.3345,1499802,V,547,481,-1
1788814596.3345,1499810,V,547,481,-1
1788814596.3813,1499823,V,546,480,16345
1788814596.3814,1499831,V,547,481,-1
1788814596.3814,1499839,V,546,480,-1
1788814596.3814,1499847,V,548,482,-1
1788814596.3814,1499855,V,547,481,-1
1788814596.3814,1499863,V,546,480,-1
1788814596.4797,1499877,V,548,482,16346
1788814596.4799,1499885,V,546,480,-1
1788814596.4799,1499893,V,547,481,-1
1788814596.4799,1499901,V,546,480,-1
1788814596.4799,1499909,V,546,480,-1
1788814596.4799,1499917,V,545,479,-1
1788814596.5279,1499931,V,547,481,16347
1788814596.5280,1499939,V,547,481,-1
1788814596.5280,1499947,V,547,481,-1
1788814596.5280,1499955,V,546,480,-1
1788814596.5280,1499963,V,550,483,-1
1788814596.5280,1499971,V,544,478,-1
1788814596.5772,1499984,V,545,479,16348
1788814596.5772,1499992,V,547,481,-1
1788814596.5772,1500000,V,546,480,-1
1788814596.5772,1500008,V,546,480,-1
1788814596.5772,1500016,V,547,481,-1
1788814596.5772,1500024,V,546,480,-1
1788814596.6257,1500038,V,546,480,16349
1788814596.6257,1500046,V,544,478,-1
1788814596.6257,1500054,V,546,480,-1
1788814596.6257,1500062,V,547,481,-1
1788814596.6257,1500070,V,545,479,-1
1788814596.6257,1500078,V,546,480,-1
1788814596.6747,1500091,V,546,480,16350
1788814596.6747,1500099,V,546,480,-1
1788814596.6747,1500107,V,546,480,-1
1788814596.6747,1500115,V,544,478,-1
1788814596.6747,1500123,V,546,480,-1
1788814596.6747,1500131,V,546,480,-1
1788814596.7234,1500145,V,546,480,16351
1788814596.7236,1500153,V,546,480,-1
1788814596.7236,1500161,V,563,495,-1
1788814596.7236,1500169,V,547,481,-1
1788814596.7236,1500177,V,547,481,-1
1788814596.7236,1500185,V,546,480,-1
1788814596.7725,1500199,V,546,480,16352
1788814596.7726,1500207,V,545,479,-1
1788814596.7726,1500215,V,546,480,-1
1788814596.7726,1500223,V,547,481,-1
1788814596.7726,1500231,V,547,481,-1
1788814596.7726,1500239,V,546,480,-1
1788814596.8201,1500252,V,547,481,16353
1788814596.8201,1500260,V,547,481,-1
1788814596.8201,1500268,V,547,481,-1
1788814596.8201,1500276,V,547,481,-1
1788814596.8201,1500284,V,547,481,-1
1788814596.8201,1500292,V,549,483,-1
1788814596.8689,1500306,V,549,483,16354
1788814596.8689,1500314,V,548,482,-1
1788814596.8689,1500322,V,548,482,-1
1788814596.8690,1500330,V,548,482,-1
1788814596.8690,1500338,V,549,483,-1
1788814596.8690,1500346,V,548,482,-1
1788814596.9205,1500360,V,547,481,16355
1788814596.9205,1500368,V,548,482,-1
1788814596.9205,1500376,V,547,481,-1
1788814596.9205,1500384,V,547,481,-1
1788814596.9205,1500392,V,547,481,-1
1788814596.9206,1500400,V,547,481,-1
1788814597.0161,1500413,V,548,482,16356
1788814597.0163,1500421,V,547,481,-1
1788814597.0163,1500429,V,546,480,-1
1788814597.0163,1500437,V,547,481,-1
1788814597.0163,1500445,V,546,480,-1
1788814597.0163,1500453,V,546,480,-1
1788814597.0651,1500467,V,547,481,16357
1788814597.0651,1500475,V,545,479,-1
1788814597.0651,1500483,V,546,480,-1
1788814597.0651,1500491,V,546,480,-1
1788814597.0651,1500499,V,551,484,-1
1788814597.0651,1500507,V,547,481,-1
1788814597.1136,1500521,V,545,479,16358
1788814597.1136,1500529,V,547,481,-1
1788814597.1137,1500537,V,547,481,-1
1788814597.1137,1500545,V,546,480,-1
1788814597.1137,1500553,V,546,480,-1
1788814597.1137,1500561,V,547,481,-1
1788814597.2107,1500574,V,546,480,16359
1788814597.2107,1500582,V,546,480,-1
1788814597.2107,1500590,V,546,480,-1
1788814597.2107,1500598,V,548,482,-1
1788814597.2107,1500606,V,547,481,-1
1788814597.2107,1500614,V,546,480,-1
1788814597.2130,1500628,V,546,480,16360
1788814597.2130,1500636,V,547,481,-1
1788814597.2130,1500644,V,546,480,-1
1788814597.2130,1500652,V,546,480,-1
1788814597.2130,1500660,V,546,480,-1
1788814597.2130,1500668,V,546,480,-1
1788814597.2597,1500682,V,546,480,16361
1788814597.2598,1500690,V,546,480,-1
1788814597.2598,1500698,V,568,499,-1
1788814597.2598,1500706,V,546,480,-1
1788814597.2598,1500714,V,547,481,-1
1788814597.2598,1500722,V,546,480,-1
1788814597.3084,1500735,V,547,481,16362
1788814597.3084,1500743,V,546,480,-1
1788814597.3084,1500751,V,546,480,-1
1788814597.3084,1500759,V,547,481,-1
1788814597.3084,1500767,V,546,480,-1
1788814597.3084,1500775,V,546,480,-1
1788814597.3565,1500789,V,546,480,16363
1788814597.3565,1500797,V,547,481,-1
1788814597.3565,1500805,V,547,481,-1
1788814597.3565,1500813,V,547,481,-1
1788814597.3565,1500821,V,548,482,-1
1788814597.3565,1500829,V,548,482,-1
1788814597.4051,1500843,V,548,482,16364
1788814597.4051,1500851,V,548,482,-1
1788814597.4051,1500859,V,547,481,-1
1788814597.4052,1500867,V,548,482,-1
1788814597.4052,1500875,V,548,482,-1
1788814597.4052,1500883,V,547,481,-1
1788814597.5023,1500896,V,547,481,16365
1788814597.5025,1500904,V,548,482,-1
1788814597.5025,1500912,V,547,481,-1
1788814597.5025,1500920,V,547,481,-1
1788814597.5025,1500928,V,547,481,-1
1788814597.5025,1500936,V,546,480,-1
1788814597.5526,1500950,V,546,480,16366
1788814597.5527,1500958,V,547,481,-1
1788814597.5527,1500966,V,546,480,-1
1788814597.5527,1500974,V,547,481,-1
1788814597.5527,1500982,V,546,480,-1
1788814597.5527,1500990,V,545,479,-1
1788814597.6001,1501003,V,546,480,16367
1788814597.6001,1501011,V,547,481,-1
1788814597.6001,1501019,V,545,479,-1
1788814597.6001,1501027,V,545,479,-1
1788814597.6001,1501035,V,553,486,-1
1788814597.6001,1501043,V,545,479,-1
1788814597.6489,1501057,V,546,480,16368
1788814597.6489,1501065,V,545,479,-1
1788814597.6489,1501073,V,546,480,-1
1788814597.6489,1501081,V,546,480,-1
1788814597.6489,1501089,V,546,480,-1
1788814597.6489,1501097,V,545,479,-1
1788814597.6976,1501111,V,546,480,16369
1788814597.6976,1501119,V,545,479,-1
1788814597.6976,1501127,V,546,480,-1
1788814597.6976,1501135,V,550,483,-1
1788814597.6976,1501143,V,546,480,-1
1788814597.6976,1501151,V,545,479,-1
1788814597.7464,1501165,V,546,480,16370
1788814597.7465,1501173,V,545,479,-1
1788814597.7465,1501181,V,544,478,-1
1788814597.7465,1501189,V,546,480,-1
1788814597.7465,1501197,V,546,480,-1
1788814597.7465,1501205,V,546,480,-1
1788814597.7952,1501218,V,546,480,16371
1788814597.7952,1501226,V,547,481,-1
1788814597.7952,1501234,V,549,483,-1
1788814597.7952,1501242,V,546,480,-1
1788814597.7952,1501250,V,546,480,-1
1788814597.7952,1501258,V,546,480,-1
1788814597.8447,1501272,V,547,481,16372
1788814597.8447,1501280,V,547,481,-1
1788814597.8447,1501288,V,547,481,-1
1788814597.8447,1501296,V,546,480,-1
1788814597.8447,1501304,V,547,481,-1
1788814597.8447,1501312,V,546,480,-1
1788814597.8925,1501326,V,547,481,16373
1788814597.8925,1501334,V,547,481,-1
1788814597.8925,1501342,V,547,481,-1
1788814597.8925,1501350,V,547,481,-1
1788814597.8925,1501358,V,546,480,-1
1788814597.8925,1501366,V,546,480,-1
1788814597.9411,1501379,V,547,481,16374
1788814597.9411,1501387,V,548,482,-1
1788814597.9411,1501395,V,546,480,-1
1788814597.9411,1501403,V,547,481,-1
1788814597.9411,1501411,V,547,481,-1
1788814597.9411,1501419,V,547,481,-1
1788814597.9920,1501433,V,547,481,16375
1788814597.9921,1501441,V,547,481,-1
1788814597.9922,1501449,V,546,480,-1
1788814597.9922,1501457,V,547,481,-1
1788814597.9922,1501465,V,547,481,-1
1788814597.9922,1501473,V,549,483,-1
1788814598.0878,1501486,V,546,480,16376
1788814598.0878,1501494,V,546,480,-1
1788814598.0878,1501502,V,546,480,-1
1788814598.0878,1501510,V,546,480,-1
1788814598.0878,1501518,V,546,480,-1
1788814598.0878,1501526,V,547,481,-1
1788814598.1363,1501540,V,546,480,16377
1788814598.1363,1501548,V,546,480,-1
1788814598.1363,1501556,V,547,481,-1
1788814598.1363,1501564,V,547,481,-1
1788814598.1363,1501572,V,548,482,-1
1788814598.1363,1501580,V,546,480,-1
1788814598.1851,1501594,V,546,480,16378
1788814598.1851,1501602,V,545,479,-1
1788814598.1852,1501610,V,546,480,-1
1788814598.1852,1501618,V,547,481,-1
1788814598.1852,1501626,V,545,479,-1
1788814598.1852,1501634,V,546,480,-1
1788814598.2339,1501647,V,546,480,16379
1788814598.2340,1501655,V,546,480,-1
1788814598.2340,1501663,V,545,479,-1
1788814598.2340,1501671,V,562,494,-1
1788814598.2340,1501679,V,546,480,-1
1788814598.2340,1501687,V,546,480,-1
1788814598.2830,1501701,V,546,480,16380
1788814598.2831,1501709,V,546,480,-1
1788814598.2831,1501717,V,546,480,-1
1788814598.2831,1501725,V,546,480,-1
1788814598.2831,1501733,V,547,481,-1
1788814598.2831,1501741,V,546,480,-1
1788814598.3313,1501755,V,546,480,16381
1788814598.3313,1501763,V,546,480,-1
1788814598.3313,1501771,V,548,482,-1
1788814598.3313,1501779,V,546,480,-1
1788814598.3313,1501787,V,546,480,-1
1788814598.3313,1501795,V,546,480,-1
1788814598.4292,1501808,V,545,479,16382
1788814598.4292,1501816,V,546,480,-1
1788814598.4292,1501824,V,545,479,-1
1788814598.4292,1501832,V,545,479,-1
1788814598.4292,1501840,V,547,481,-1
1788814598.4292,1501848,V,546,480,-1
1788814598.4306,1501862,V,546,480,16383
1788814598.4307,1501870,V,547,481,-1
1788814598.4307,1501878,V,547,481,-1
1788814598.4307,1501886,V,547,481,-1
1788814598.4307,1501894,V,548,482,-1
1788814598.4307,1501902,V,546,480,-1
1788814598.4776,1501916,V,547,481,16384
1788814598.4777,1501924,V,546,480,-1
1788814598.4777,1501932,V,546,480,-1
1788814598.4778,1501940,V,546,480,-1
1788814598.4778,1501948,V,547,481,-1
1788814598.4778,1501956,V,547,481,-1
1788814598.5269,1501969,V,548,482,16385
1788814598.5269,1501977,V,547,481,-1
1788814598.5269,1501985,V,546,480,-1
1788814598.5270,1501993,V,547,481,-1
1788814598.5270,1502001,V,547,481,-1
1788814598.5270,1502009,V,553,486,-1
1788814598.6241,1502023,V,547,481,16386
1788814598.6241,1502031,V,547,481,-1
1788814598.6241,1502039,V,547,481,-1
1788814598.6241,1502047,V,547,481,-1
1788814598.6241,1502055,V,547,481,-1
1788814598.6241,1502063,V,546,480,-1
1788814598.6728,1502077,V,546,480,16387
1788814598.6729,1502085,V,547,481,-1
1788814598.6729,1502093,V,547,481,-1
1788814598.6729,1502101,V,547,481,-1
1788814598.6729,1502109,V,549,483,-1
1788814598.6729,1502117,V,547,481,-1
1788814598.7246,1502130,V,547,481,16388
1788814598.7248,1502138,V,547,481,-1
1788814598.7248,1502146,V,547,481,-1
1788814598.7248,1502154,V,546,480,-1
1788814598.7248,1502162,V,546,480,-1
1788814598.7248,1502170,V,546,480,-1
1788814598.7705,1502184,V,546,480,16389
1788814598.7706,1502192,V,546,480,-1
1788814598.7706,1502200,V,546,480,-1
1788814598.7706,1502208,V,564,496,-1
1788814598.7706,1502216,V,547,481,-1
1788814598.7706,1502224,V,547,481,-1
1788814598.8192,1502237,V,546,480,16390
1788814598.8193,1502245,V,546,480,-1
1788814598.8193,1502253,V,546,480,-1
1788814598.8193,1502261,V,545,479,-1
1788814598.8193,1502269,V,546,480,-1
1788814598.8193,1502277,V,546,480,-1
1788814598.8680,1502291,V,546,480,16391
1788814598.8680,1502299,V,546,480,-1
1788814598.8680,1502307,V,546,480,-1
1788814598.8680,1502315,V,546,480,-1
1788814598.8680,1502323,V,546,480,-1
1788814598.8681,1502331,V,547,481,-1
1788814598.9167,1502345,V,548,482,16392
1788814598.9167,1502353,V,546,480,-1
1788814598.9167,1502361,V,546,480,-1
1788814598.9167,1502369,V,547,481,-1
1788814598.9167,1502377,V,546,480,-1
1788814598.9167,1502385,V,547,481,-1
1788814598.9652,1502398,V,547,481,16393
1788814598.9654,1502406,V,547,481,-1
1788814598.9654,1502414,V,547,481,-1
1788814598.9654,1502422,V,547,481,-1
1788814598.9654,1502430,V,547,481,-1
1788814598.9654,1502438,V,547,481,-1
1788814599.0146,1502452,V,547,481,16394
1788814599.0147,1502460,V,548,482,-1
1788814599.0147,1502468,V,547,481,-1
1788814599.0147,1502476,V,548,482,-1
1788814599.0147,1502484,V,546,480,-1
1788814599.0147,1502492,V,548,482,-1
1788814599.0625,1502506,V,548,482,16395
1788814599.0626,1502514,V,546,480,-1
1788814599.0626,1502522,V,548,482,-1
1788814599.0626,1502530,V,547,481,-1
1788814599.0626,1502538,V,549,483,-1
1788814599.0626,1502546,V,553,486,-1
1788814599.1626,1502559,V,547,481,16396
1788814599.1626,1502567,V,547,481,-1
1788814599.1626,1502575,V,547,481,-1
1788814599.1626,1502583,V,547,481,-1
1788814599.1626,1502591,V,547,481,-1
1788814599.1626,1502599,V,547,481,-1
1788814599.2089,1502613,V,546,480,16397
1788814599.2091,1502621,V,547,481,-1
1788814599.2091,1502629,V,545,479,-1
1788814599.2091,1502637,V,546,480,-1
1788814599.2091,1502645,V,550,483,-1
1788814599.2091,1502653,V,547,481,-1
1788814599.2580,1502666,V,546,480,16398
1788814599.2580,1502674,V,546,480,-1
1788814599.2580,1502682,V,546,480,-1
1788814599.2580,1502690,V,546,480,-1
1788814599.2580,1502698,V,546,480,-1
1788814599.2580,1502706,V,545,479,-1
1788814599.3079,1502720,V,545,479,16399
1788814599.3079,1502728,V,545,479,-1
1788814599.3079,1502736,V,545,479,-1
1788814599.3079,1502744,V,564,496,-1
1788814599.3079,1502752,V,546,480,-1
1788814599.3079,1502760,V,545,479,-1
1788814599.3548,1502774,V,544,478,16400
1788814599.3548,1502782,V,545,479,-1
1788814599.3548,1502790,V,545,479,-1
1788814599.3548,1502798,V,546,480,-1
1788814599.3548,1502806,V,545,479,-1
1788814599.3548,1502814,V,545,479,-1
1788814599.4038,1502827,V,547,481,16401
1788814599.4038,1502835,V,546,480,-1
1788814599.4038,1502843,V,545,479,-1
1788814599.4038,1502851,V,545,479,-1
1788814599.4038,1502859,V,546,480,-1
1788814599.4038,1502867,V,545,479,-1
1788814599.4526,1502881,V,547,481,16402
1788814599.4526,1502889,V,547,481,-1
1788814599.4526,1502897,V,547,481,-1
1788814599.4526,1502905,V,547,481,-1
1788814599.4526,1502913,V,547,481,-1
1788814599.4526,1502921,V,546,480,-1
1788814599.5016,1502934,V,546,480,16403
1788814599.5016,1502942,V,547,481,-1
1788814599.5016,1502950,V,546,480,-1
1788814599.5016,1502958,V,546,480,-1
1788814599.5016,1502966,V,547,481,-1
1788814599.5016,1502974,V,546,480,-1
1788814599.5504,1502988,V,547,481,16404
1788814599.5504,1502996,V,547,481,-1
1788814599.5504,1503004,V,547,481,-1
1788814599.5505,1503012,V,547,481,-1
1788814599.5505,1503020,V,547,481,-1
1788814599.5505,1503028,V,547,481,-1
1788814599.5989,1503042,V,547,481,16405
1788814599.5989,1503050,V,547,481,-1
1788814599.5989,1503058,V,548,482,-1
1788814599.5989,1503066,V,547,481,-1
1788814599.5989,1503074,V,548,482,-1
1788814599.5990,1503082,V,554,487,-1
1788814599.6970,1503095,V,547,481,16406
1788814599.6972,1503103,V,548,482,-1
1788814599.6972,1503111,V,548,482,-1
1788814599.6972,1503119,V,548,482,-1
1788814599.6972,1503127,V,549,483,-1
1788814599.6972,1503135,V,548,482,-1
1788814599.7456,1503149,V,547,481,16407
1788814599.7457,1503157,V,548,482,-1
1788814599.7457,1503165,V,547,481,-1
1788814599.7457,1503173,V,547,481,-1
1788814599.7457,1503181,V,549,483,-1
1788814599.7457,1503189,V,547,481,-1
1788814599.7941,1503203,V,545,479,16408
1788814599.7941,1503211,V,546,480,-1
1788814599.7942,1503219,V,546,480,-1
1788814599.7942,1503227,V,546,480,-1
1788814599.7942,1503235,V,546,480,-1
1788814599.7942,1503243,V,546,480,-1
1788814599.8426,1503256,V,546,480,16409
1788814599.8427,1503264,V,545,479,-1
1788814599.8427,1503272,V,546,480,-1
1788814599.8427,1503280,V,566,497,-1
1788814599.8427,1503288,V,545,479,-1
1788814599.8427,1503296,V,545,479,-1
1788814599.8916,1503310,V,544,478,16410
1788814599.8916,1503318,V,545,479,-1
1788814599.8916,1503326,V,545,479,-1
1788814599.8916,1503334,V,545,479,-1
1788814599.8916,1503342,V,545,479,-1
1788814599.8916,1503350,V,545,479,-1
1788814599.9410,1503363,V,546,480,16411
1788814599.9413,1503371,V,545,479,-1
1788814599.9413,1503379,V,545,479,-1
1788814599.9413,1503387,V,544,478,-1
1788814599.9413,1503395,V,545,479,-1
1788814599.9413,1503403,V,546,480,-1
1788814599.9905,1503417,V,545,479,16412
1788814599.9905,1503425,V,544,478,-1
1788814599.9905,1503433,V,545,479,-1
1788814599.9905,1503441,V,544,478,-1
1788814599.9906,1503449,V,546,480,-1
1788814599.9906,1503457,V,544,478,-1
1788814600.0377,1503471,V,546,480,16413
1788814600.0377,1503479,V,545,479,-1
1788814600.0377,1503487,V,546,480,-1
1788814600.0378,1503495,V,545,479,-1
1788814600.0378,1503503,V,546,480,-1
1788814600.0378,1503511,V,545,479,-1
1788814600.0864,1503524,V,546,480,16414
1788814600.0864,1503532,V,546,480,-1
1788814600.0865,1503540,V,546,480,-1
1788814600.0865,1503548,V,545,479,-1
1788814600.0865,1503556,V,546,480,-1
1788814600.0865,1503564,V,546,480,-1
1788814600.1353,1503578,V,545,479,16415
1788814600.1353,1503586,V,546,480,-1
1788814600.1353,1503594,V,546,480,-1
1788814600.1353,1503602,V,545,479,-1
1788814600.1353,1503610,V,546,480,-1
1788814600.1353,1503618,V,551,484,-1
1788814600.2330,1503632,V,547,481,16416
1788814600.2331,1503640,V,546,480,-1
1788814600.2331,1503648,V,545,479,-1
1788814600.2332,1503656,V,546,480,-1
1788814600.2332,1503664,V,547,481,-1
1788814600.2332,1503672,V,547,481,-1
1788814600.2827,1503685,V,547,481,16417
1788814600.2827,1503693,V,547,481,-1
1788814600.2827,1503701,V,547,481,-1
1788814600.2827,1503709,V,546,480,-1
1788814600.2828,1503717,V,551,484,-1
1788814600.2828,1503725,V,547,481,-1
1788814600.3303,1503739,V,546,480,16418
1788814600.3304,1503747,V,548,482,-1
1788814600.3304,1503755,V,547,481,-1
1788814600.3304,1503763,V,546,480,-1
1788814600.3304,1503771,V,548,482,-1
1788814600.3304,1503779,V,547,481,-1
1788814600.3789,1503793,V,547,481,16419
1788814600.3789,1503801,V,547,481,-1
1788814600.3789,1503809,V,546,480,-1
1788814600.3789,1503817,V,555,488,-1
1788814600.3789,1503825,V,545,479,-1
1788814600.3789,1503833,V,547,481,-1
1788814600.4277,1503846,V,546,480,16420
1788814600.4277,1503854,V,546,480,-1
1788814600.4277,1503862,V,547,481,-1
1788814600.4277,1503870,V,547,481,-1
1788814600.4277,1503878,V,546,480,-1
1788814600.4277,1503886,V,545,479,-1
1788814600.5251,1503900,V,546,480,16421
1788814600.5253,1503908,V,546,480,-1
1788814600.5253,1503916,V,546,480,-1
1788814600.5253,1503924,V,547,481,-1
1788814600.5253,1503932,V,548,482,-1
1788814600.5253,1503940,V,546,480,-1
1788814600.5270,1503954,V,546,480,16422
1788814600.5270,1503962,V,547,481,-1
1788814600.5270,1503970,V,546,480,-1
1788814600.5270,1503978,V,548,482,-1
1788814600.5270,1503986,V,546,480,-1
1788814600.5270,1503994,V,546,480,-1
1788814600.5751,1504007,V,546,480,16423
1788814600.5751,1504015,V,546,480,-1
1788814600.5751,1504023,V,546,480,-1
1788814600.5751,1504031,V,546,480,-1
1788814600.5751,1504039,V,549,483,-1
1788814600.5751,1504047,V,547,481,-1
1788814600.6228,1504061,V,549,483,16424
1788814600.6228,1504069,V,547,481,-1
1788814600.6228,1504077,V,544,478,-1
1788814600.6228,1504085,V,544,478,-1
1788814600.6228,1504093,V,546,480,-1
1788814600.6228,1504101,V,546,480,-1
1788814600.6724,1504114,V,546,480,16425
1788814600.6725,1504122,V,546,480,-1
1788814600.6725,1504130,V,546,480,-1
1788814600.6725,1504138,V,545,479,-1
1788814600.6725,1504146,V,545,479,-1
1788814600.6725,1504154,V,550,483,-1
1788814600.7690,1504168,V,546,480,16426
1788814600.7691,1504176,V,546,480,-1
1788814600.7691,1504184,V,546,480,-1
1788814600.7691,1504192,V,546,480,-1
1788814600.7691,1504200,V,547,481,-1
1788814600.7691,1504208,V,547,481,-1
1788814600.8185,1504222,V,547,481,16427
1788814600.8185,1504230,V,546,480,-1
1788814600.8185,1504238,V,548,482,-1
1788814600.8185,1504246,V,546,480,-1
1788814600.8185,1504254,V,556,489,-1
1788814600.8185,1504262,V,548,482,-1
1788814600.8672,1504275,V,546,480,16428
1788814600.8672,1504283,V,547,481,-1
1788814600.8672,1504291,V,546,480,-1
1788814600.8672,1504299,V,547,481,-1
1788814600.8672,1504307,V,546,480,-1
1788814600.8672,1504315,V,547,481,-1
1788814600.9163,1504329,V,547,481,16429
1788814600.9163,1504337,V,546,480,-1
1788814600.9163,1504345,V,547,481,-1
1788814600.9163,1504353,V,550,483,-1
1788814600.9163,1504361,V,546,480,-1
1788814600.9163,1504369,V,546,480,-1
1788814600.9651,1504383,V,546,480,16430
1788814600.9651,1504391,V,546,480,-1
1788814600.9651,1504399,V,546,480,-1
1788814600.9651,1504407,V,546,480,-1
1788814600.9651,1504415,V,546,480,-1
1788814600.9651,1504423,V,546,480,-1
1788814601.0144,1504436,V,546,480,16431
1788814601.0145,1504444,V,546,480,-1
1788814601.0145,1504452,V,546,480,-1
1788814601.0145,1504460,V,545,479,-1
1788814601.0145,1504468,V,546,480,-1
1788814601.0145,1504476,V,546,480,-1
1788814601.0614,1504490,V,547,481,16432
1788814601.0615,1504498,V,546,480,-1
1788814601.0615,1504506,V,547,481,-1
1788814601.0615,1504514,V,546,480,-1
1788814601.0615,1504522,V,547,481,-1
1788814601.0615,1504530,V,546,480,-1
1788814601.1104,1504544,V,546,480,16433
1788814601.1104,1504552,V,546,480,-1
1788814601.1104,1504560,V,546,480,-1
1788814601.1104,1504568,V,545,479,-1
1788814601.1104,1504576,V,545,479,-1
1788814601.1104,1504584,V,546,480,-1
1788814601.1589,1504597,V,550,483,16434
1788814601.1589,1504605,V,547,481,-1
1788814601.1589,1504613,V,546,480,-1
1788814601.1589,1504621,V,546,480,-1
1788814601.1589,1504629,V,546,480,-1
1788814601.1589,1504637,V,545,479,-1
1788814601.2077,1504651,V,546,480,16435
1788814601.2077,1504659,V,546,480,-1
1788814601.2077,1504667,V,545,479,-1
1788814601.2077,1504675,V,546,480,-1
1788814601.2077,1504683,V,546,480,-1
1788814601.2077,1504691,V,550,483,-1
1788814601.3057,1504704,V,545,479,16436
1788814601.3058,1504712,V,546,480,-1
1788814601.3059,1504720,V,545,479,-1
1788814601.3059,1504728,V,546,480,-1
1788814601.3059,1504736,V,546,480,-1
1788814601.3059,1504744,V,546,480,-1
1788814601.3544,1504758,V,546,480,16437
1788814601.3545,1504766,V,546,480,-1
1788814601.3545,1504774,V,546,480,-1
1788814601.3545,1504782,V,546,480,-1
1788814601.3545,1504790,V,555,488,-1
1788814601.3545,1504798,V,546,480,-1
1788814601.4041,1504812,V,547,481,16438
1788814601.4041,1504820,V,547,481,-1
1788814601.4041,1504828,V,546,480,-1
1788814601.4042,1504836,V,547,481,-1
1788814601.4042,1504844,V,547,481,-1
1788814601.4042,1504852,V,548,482,-1
1788814601.4531,1504865,V,547,481,16439
1788814601.4531,1504873,V,547,481,-1
1788814601.4531,1504881,V,547,481,-1
1788814601.4531,1504889,V,556,489,-1
1788814601.4531,1504897,V,547,481,-1
1788814601.4531,1504905,V,547,481,-1
1788814601.5003,1504919,V,546,480,16440
1788814601.5003,1504927,V,548,482,-1
1788814601.5003,1504935,V,548,482,-1
1788814601.5003,1504943,V,548,482,-1
1788814601.5003,1504951,V,548,482,-1
1788814601.5003,1504959,V,548,482,-1
1788814601.5491,1504972,V,546,480,16441
1788814601.5493,1504980,V,547,481,-1
1788814601.5493,1504988,V,547,481,-1
1788814601.5493,1504996,V,546,480,-1
1788814601.5494,1505004,V,546,480,-1
1788814601.5494,1505012,V,546,480,-1
1788814601.5981,1505026,V,545,479,16442
1788814601.5982,1505034,V,546,480,-1
1788814601.5982,1505042,V,545,479,-1
1788814601.5982,1505050,V,546,480,-1
1788814601.5982,1505058,V,544,478,-1
1788814601.5982,1505066,V,545,479,-1
1788814601.6466,1505080,V,546,480,16443
1788814601.6467,1505088,V,545,479,-1
1788814601.6467,1505096,V,546,480,-1
1788814601.6467,1505104,V,546,480,-1
1788814601.6467,1505112,V,546,480,-1
1788814601.6467,1505120,V,545,479,-1
1788814601.6954,1505133,V,549,483,16444
1788814601.6954,1505141,V,546,480,-1
1788814601.6954,1505149,V,546,480,-1
1788814601.6954,1505157,V,548,482,-1
1788814601.6954,1505165,V,547,481,-1
1788814601.6954,1505173,V,547,481,-1
1788814601.7437,1505187,V,547,481,16445
1788814601.7437,1505195,V,548,482,-1
1788814601.7437,1505203,V,547,481,-1
1788814601.7437,1505211,V,547,481,-1
1788814601.7437,1505219,V,547,481,-1
1788814601.7438,1505227,V,552,485,-1
1788814601.8414,1505241,V,547,481,16446
1788814601.8415,1505249,V,548,482,-1
1788814601.8415,1505257,V,547,481,-1
1788814601.8415,1505265,V,546,480,-1
1788814601.8415,1505273,V,546,480,-1
1788814601.8415,1505281,V,546,480,-1
1788814601.8903,1505294,V,547,481,16447
1788814601.8903,1505302,V,547,481,-1
1788814601.8903,1505310,V,547,481,-1
1788814601.8903,1505318,V,547,481,-1
1788814601.8903,1505326,V,555,488,-1
1788814601.8903,1505334,V,547,481,-1
1788814601.9390,1505348,V,547,481,16448
1788814601.9390,1505356,V,546,480,-1
1788814601.9390,1505364,V,547,481,-1
1788814601.9390,1505372,V,547,481,-1
1788814601.9390,1505380,V,546,480,-1
1788814601.9390,1505388,V,545,479,-1
1788814601.9885,1505402,V,546,480,16449
1788814601.9885,1505410,V,547,481,-1
1788814601.9886,1505418,V,547,481,-1
1788814601.9886,1505426,V,556,489,-1
1788814601.9886,1505434,V,546,480,-1
1788814601.9886,1505442,V,546,480,-1
1788814602.0371,1505455,V,545,479,16450
1788814602.0371,1505463,V,545,479,-1
1788814602.0371,1505471,V,545,479,-1
1788814602.0371,1505479,V,546,480,-1
1788814602.0371,1505487,V,546,480,-1
1788814602.0372,1505495,V,545,479,-1
1788814602.0853,1505509,V,546,480,16451
1788814602.0854,1505517,V,545,479,-1
1788814602.0854,1505525,V,546,480,-1
1788814602.0855,1505533,V,547,481,-1
1788814602.0855,1505541,V,546,480,-1
1788814602.0855,1505549,V,546,480,-1
1788814602.1354,1505562,V,546,480,16452
1788814602.1354,1505570,V,546,480,-1
1788814602.1354,1505578,V,546,480,-1
1788814602.1354,1505586,V,545,479,-1
1788814602.1354,1505594,V,547,481,-1
1788814602.1354,1505602,V,547,481,-1
1788814602.1829,1505616,V,545,479,16453
1788814602.1829,1505624,V,547,481,-1
1788814602.1829,1505632,V,546,480,-1
1788814602.1829,1505640,V,546,480,-1
1788814602.1829,1505648,V,546,480,-1
1788814602.1829,1505656,V,546,480,-1
1788814602.2316,1505670,V,551,484,16454
1788814602.2316,1505678,V,547,481,-1
1788814602.2316,1505686,V,546,480,-1
1788814602.2316,1505694,V,547,481,-1
1788814602.2316,1505702,V,547,481,-1
1788814602.2316,1505710,V,546,480,-1
1788814602.2810,1505723,V,546,480,16455
1788814602.2810,1505731,V,548,482,-1
1788814602.2810,1505739,V,547,481,-1
1788814602.2810,1505747,V,547,481,-1
1788814602.2810,1505755,V,547,481,-1
1788814602.2810,1505763,V,553,486,-1
1788814602.3790,1505777,V,547,481,16456
1788814602.3792,1505785,V,546,480,-1
1788814602.3792,1505793,V,548,482,-1
1788814602.3792,1505801,V,549,483,-1
1788814602.3792,1505809,V,548,482,-1
1788814602.3792,1505817,V,548,482,-1
1788814602.4278,1505830,V,547,481,16457
1788814602.4278,1505838,V,548,482,-1
1788814602.4278,1505846,V,548,482,-1
1788814602.4278,1505854,V,547,481,-1
1788814602.4278,1505862,V,555,488,-1
1788814602.4278,1505870,V,548,482,-1
1788814602.4762,1505884,V,547,481,16458
1788814602.4762,1505892,V,548,482,-1
1788814602.4762,1505900,V,547,481,-1
1788814602.4762,1505908,V,546,480,-1
1788814602.4762,1505916,V,546,480,-1
1788814602.4762,1505924,V,547,481,-1
1788814602.5240,1505938,V,546,480,16459
1788814602.5240,1505946,V,546,480,-1
1788814602.5240,1505954,V,547,481,-1
1788814602.5241,1505962,V,555,488,-1
1788814602.5241,1505970,V,547,481,-1
1788814602.5241,1505978,V,547,481,-1
1788814602.6215,1505991,V,547,481,16460
1788814602.6217,1505999,V,547,481,-1
1788814602.6217,1506007,V,547,481,-1
1788814602.6217,1506015,V,546,480,-1
1788814602.6217,1506023,V,546,480,-1
1788814602.6217,1506031,V,546,480,-1
1788814602.6230,1506045,V,546,480,16461
1788814602.6230,1506053,V,546,480,-1
1788814602.6230,1506061,V,546,480,-1
1788814602.6230,1506069,V,545,479,-1
1788814602.6230,1506077,V,545,479,-1
1788814602.6230,1506085,V,546,480,-1
1788814602.6706,1506099,V,546,480,16462
1788814602.6707,1506107,V,546,480,-1
1788814602.6707,1506115,V,547,481,-1
1788814602.6707,1506123,V,546,480,-1
1788814602.6707,1506131,V,545,479,-1
1788814602.6707,1506139,V,546,480,-1
1788814602.7191,1506152,V,545,479,16463
1788814602.7191,1506160,V,545,479,-1
1788814602.7191,1506168,V,545,479,-1
1788814602.7191,1506176,V,546,480,-1
1788814602.7191,1506184,V,546,480,-1
1788814602.7191,1506192,V,546,480,-1
1788814602.7678,1506206,V,551,484,16464
1788814602.7678,1506214,V,547,481,-1
1788814602.7678,1506222,V,546,480,-1
1788814602.7678,1506230,V,547,481,-1
1788814602.7678,1506238,V,547,481,-1
1788814602.7678,1506246,V,547,481,-1
1788814602.8164,1506260,V,547,481,16465
1788814602.8165,1506268,V,546,480,-1
1788814602.8165,1506276,V,547,481,-1
1788814602.8165,1506284,V,546,480,-1
1788814602.8165,1506292,V,547,481,-1
1788814602.8165,1506300,V,549,483,-1
1788814602.9152,1506313,V,547,481,16466
1788814602.9153,1506321,V,548,482,-1
1788814602.9153,1506329,V,548,482,-1
1788814602.9153,1506337,V,547,481,-1
1788814602.9153,1506345,V,547,481,-1
1788814602.9153,1506353,V,547,481,-1
1788814602.9666,1506367,V,546,480,16467
1788814602.9666,1506375,V,547,481,-1
1788814602.9666,1506383,V,547,481,-1
1788814602.9666,1506391,V,548,482,-1
1788814602.9667,1506399,V,563,495,-1
1788814602.9667,1506407,V,546,480,-1
1788814603.0141,1506421,V,546,480,16468
1788814603.0142,1506429,V,546,480,-1
1788814603.0142,1506437,V,547,481,-1
1788814603.0142,1506445,V,548,482,-1
1788814603.0142,1506453,V,546,480,-1
1788814603.0142,1506461,V,547,481,-1
1788814603.0603,1506474,V,547,481,16469
1788814603.0603,1506482,V,546,480,-1
1788814603.0603,1506490,V,547,481,-1
1788814603.0603,1506498,V,547,481,-1
1788814603.0603,1506506,V,546,480,-1
1788814603.0603,1506514,V,546,480,-1
1788814603.1090,1506528,V,546,480,16470
1788814603.1090,1506536,V,546,480,-1
1788814603.1090,1506544,V,546,480,-1
1788814603.1091,1506552,V,547,481,-1
1788814603.1091,1506560,V,547,481,-1
1788814603.1091,1506568,V,546,480,-1
1788814603.1587,1506582,V,546,480,16471
1788814603.1588,1506590,V,546,480,-1
1788814603.1588,1506598,V,546,480,-1
1788814603.1588,1506606,V,546,480,-1
1788814603.1588,1506614,V,546,480,-1
1788814603.1588,1506622,V,546,480,-1
1788814603.2079,1506635,V,546,480,16472
1788814603.2079,1506643,V,546,480,-1
1788814603.2079,1506651,V,546,480,-1
1788814603.2079,1506659,V,546,480,-1
1788814603.2079,1506667,V,546,480,-1
1788814603.2079,1506675,V,548,482,-1
1788814603.2551,1506689,V,547,481,16473
1788814603.2551,1506697,V,547,481,-1
1788814603.2551,1506705,V,548,482,-1
1788814603.2551,1506713,V,546,480,-1
1788814603.2551,1506721,V,546,480,-1
1788814603.2551,1506729,V,547,481,-1
1788814603.3041,1506742,V,552,485,16474
1788814603.3041,1506750,V,547,481,-1
1788814603.3041,1506758,V,546,480,-1
1788814603.3041,1506766,V,546,480,-1
1788814603.3042,1506774,V,547,481,-1
1788814603.3042,1506782,V,545,479,-1
1788814603.3528,1506796,V,546,480,16475
1788814603.3529,1506804,V,546,480,-1
1788814603.3529,1506812,V,545,479,-1
1788814603.3529,1506820,V,545,479,-1
1788814603.3529,1506828,V,545,479,-1
1788814603.3529,1506836,V,547,481,-1
1788814603.4504,1506850,V,546,480,16476
1788814603.4506,1506858,V,546,480,-1
1788814603.4506,1506866,V,545,479,-1
1788814603.4506,1506874,V,545,479,-1
1788814603.4506,1506882,V,546,480,-1
1788814603.4506,1506890,V,545,479,-1
1788814603.4995,1506903,V,547,481,16477
1788814603.4996,1506911,V,547,481,-1
1788814603.4996,1506919,V,546,480,-1
1788814603.4996,1506927,V,546,480,-1
1788814603.4996,1506935,V,561,493,-1
1788814603.4996,1506943,V,547,481,-1
1788814603.5475,1506957,V,545,479,16478
1788814603.5475,1506965,V,546,480,-1
1788814603.5476,1506973,V,547,481,-1
1788814603.5476,1506981,V,547,481,-1
1788814603.5476,1506989,V,547,481,-1
1788814603.5476,1506997,V,547,481,-1
1788814603.5965,1507011,V,547,481,16479
1788814603.5965,1507019,V,547,481,-1
1788814603.5965,1507027,V,547,481,-1
1788814603.5965,1507035,V,547,481,-1
1788814603.5965,1507043,V,547,481,-1
1788814603.5965,1507051,V,545,479,-1
1788814603.6453,1507064,V,545,479,16480
1788814603.6453,1507072,V,544,478,-1
1788814603.6453,1507080,V,547,481,-1
1788814603.6453,1507088,V,546,480,-1
1788814603.6453,1507096,V,546,480,-1
1788814603.6453,1507104,V,547,481,-1
1788814603.6940,1507118,V,546,480,16481
1788814603.6941,1507126,V,546,480,-1
1788814603.6941,1507134,V,547,481,-1
1788814603.6942,1507142,V,546,480,-1
1788814603.6942,1507150,V,545,479,-1
1788814603.6942,1507158,V,547,481,-1
1788814603.7433,1507171,V,546,480,16482
1788814603.7434,1507179,V,547,481,-1
1788814603.7434,1507187,V,546,480,-1
1788814603.7434,1507195,V,547,481,-1
1788814603.7434,1507203,V,548,482,-1
1788814603.7434,1507211,V,547,481,-1
1788814603.7917,1507225,V,545,479,16483
1788814603.7918,1507233,V,546,480,-1
1788814603.7918,1507241,V,547,481,-1
1788814603.7918,1507249,V,547,481,-1
1788814603.7918,1507257,V,546,480,-1
1788814603.7918,1507265,V,545,479,-1
1788814603.8413,1507279,V,553,486,16484
1788814603.8413,1507287,V,547,481,-1
1788814603.8414,1507295,V,546,480,-1
1788814603.8414,1507303,V,547,481,-1
1788814603.8414,1507311,V,546,480,-1
1788814603.8414,1507319,V,547,481,-1
1788814603.8890,1507332,V,546,480,16485
1788814603.8890,1507340,V,546,480,-1
1788814603.8890,1507348,V,546,480,-1
1788814603.8890,1507356,V,545,479,-1
1788814603.8890,1507364,V,544,478,-1
1788814603.8891,1507372,V,548,482,-1
1788814603.9869,1507386,V,545,479,16486
1788814603.9871,1507394,V,546,480,-1
1788814603.9871,1507402,V,545,479,-1
1788814603.9871,1507410,V,546,480,-1
1788814603.9871,1507418,V,545,479,-1
1788814603.9871,1507426,V,546,480,-1
1788814604.0375,1507440,V,545,479,16487
1788814604.0375,1507448,V,545,479,-1
1788814604.0376,1507456,V,545,479,-1
1788814604.0376,1507464,V,546,480,-1
1788814604.0376,1507472,V,562,494,-1
1788814604.0376,1507480,V,545,479,-1
1788814604.0843,1507493,V,545,479,16488
1788814604.0843,1507501,V,545,479,-1
1788814604.0844,1507509,V,546,480,-1
1788814604.0844,1507517,V,546,480,-1
1788814604.0844,1507525,V,546,480,-1
1788814604.0844,1507533,V,547,481,-1
1788814604.1346,1507547,V,546,480,16489
1788814604.1346,1507555,V,546,480,-1
1788814604.1346,1507563,V,545,479,-1
1788814604.1346,1507571,V,549,483,-1
1788814604.1346,1507579,V,546,480,-1
1788814604.1346,1507587,V,547,481,-1
1788814604.1820,1507600,V,547,481,16490
1788814604.1820,1507608,V,548,482,-1
1788814604.1820,1507616,V,548,482,-1
1788814604.1820,1507624,V,547,481,-1
1788814604.1820,1507632,V,547,481,-1
1788814604.1820,1507640,V,547,481,-1
1788814604.2308,1507654,V,546,480,16491
1788814604.2309,1507662,V,546,480,-1
1788814604.2309,1507670,V,547,481,-1
1788814604.2310,1507678,V,547,481,-1
1788814604.2310,1507686,V,547,481,-1
1788814604.2310,1507694,V,546,480,-1
1788814604.2794,1507708,V,546,480,16492
1788814604.2795,1507716,V,546,480,-1
1788814604.2795,1507724,V,547,481,-1
1788814604.2795,1507732,V,546,480,-1
1788814604.2795,1507740,V,546,480,-1
1788814604.2795,1507748,V,546,480,-1
1788814604.3281,1507761,V,546,480,16493
1788814604.3281,1507769,V,546,480,-1
1788814604.3281,1507777,V,546,480,-1
1788814604.3281,1507785,V,546,480,-1
1788814604.3282,1507793,V,547,481,-1
1788814604.3282,1507801,V,546,480,-1
1788814604.3764,1507815,V,551,484,16494
1788814604.3765,1507823,V,545,479,-1
1788814604.3765,1507831,V,546,480,-1
1788814604.3765,1507839,V,546,480,-1
1788814604.3765,1507847,V,546,480,-1
1788814604.3765,1507855,V,546,480,-1
1788814604.4251,1507868,V,547,481,16495
1788814604.4251,1507876,V,547,481,-1
1788814604.4251,1507884,V,546,480,-1
1788814604.4251,1507892,V,546,480,-1
1788814604.4251,1507900,V,545,479,-1
1788814604.4251,1507908,V,549,483,-1
1788814604.5232,1507922,V,547,481,16496
1788814604.5234,1507930,V,546,480,-1
1788814604.5234,1507938,V,546,480,-1
1788814604.5234,1507946,V,546,480,-1
1788814604.5234,1507954,V,546,480,-1
1788814604.5234,1507962,V,546,480,-1
1788814604.5723,1507976,V,545,479,16497
1788814604.5723,1507984,V,546,480,-1
1788814604.5723,1507992,V,546,480,-1
1788814604.5723,1508000,V,545,479,-1
1788814604.5723,1508008,V,559,491,-1
1788814604.5723,1508016,V,546,480,-1
1788814604.6207,1508029,V,547,481,16498
1788814604.6207,1508037,V,546,480,-1
1788814604.6207,1508045,V,546,480,-1
1788814604.6207,1508053,V,545,479,-1
1788814604.6207,1508061,V,546,480,-1
1788814604.6207,1508069,V,545,479,-1
1788814604.7188,1508083,V,547,481,16499
1788814604.7188,1508091,V,547,481,-1
1788814604.7188,1508099,V,546,480,-1
1788814604.7188,1508107,V,550,483,-1
1788814604.7188,1508115,V,546,480,-1
1788814604.7188,1508123,V,546,480,-1
1788814604.7202,1508137,V,547,481,16500
1788814604.7203,1508145,V,546,480,-1
1788814604.7203,1508153,V,546,480,-1
1788814604.7203,1508161,V,547,481,-1
1788814604.7203,1508169,V,546,480,-1
1788814604.7203,1508177,V,547,481,-1
1788814604.7670,1508190,V,545,479,16501
1788814604.7672,1508198,V,547,481,-1
1788814604.7672,1508206,V,547,481,-1
1788814604.7672,1508214,V,547,481,-1
1788814604.7672,1508222,V,546,480,-1
1788814604.7672,1508230,V,547,481,-1
1788814604.8157,1508244,V,547,481,16502
1788814604.8157,1508252,V,547,481,-1
1788814604.8157,1508260,V,547,481,-1
1788814604.8157,1508268,V,547,481,-1
1788814604.8157,1508276,V,546,480,-1
1788814604.8157,1508284,V,546,480,-1
1788814604.8640,1508297,V,546,480,16503
1788814604.8640,1508305,V,547,481,-1
1788814604.8640,1508313,V,547,481,-1
1788814604.8640,1508321,V,546,480,-1
1788814604.8640,1508329,V,547,481,-1
1788814604.8640,1508337,V,546,480,-1
1788814604.9128,1508351,V,552,485,16504
1788814604.9129,1508359,V,547,481,-1
1788814604.9129,1508367,V,546,480,-1
1788814604.9129,1508375,V,546,480,-1
1788814604.9129,1508383,V,546,480,-1
1788814604.9129,1508391,V,546,480,-1
1788814604.9615,1508405,V,545,479,16505
1788814604.9615,1508413,V,545,479,-1
1788814604.9615,1508421,V,546,480,-1
1788814604.9615,1508429,V,546,480,-1
1788814604.9615,1508437,V,547,481,-1
1788814604.9615,1508445,V,549,483,-1
1788814605.0597,1508458,V,547,481,16506
1788814605.0599,1508466,V,546,480,-1
1788814605.0599,1508474,V,546,480,-1
1788814605.0599,1508482,V,546,480,-1
1788814605.0599,1508490,V,546,480,-1
1788814605.0599,1508498,V,547,481,-1
1788814605.1092,1508512,V,546,480,16507
1788814605.1092,1508520,V,548,482,-1
1788814605.1092,1508528,V,547,481,-1
1788814605.1092,1508536,V,547,481,-1
1788814605.1092,1508544,V,555,488,-1
1788814605.1092,1508552,V,548,482,-1
1788814605.1566,1508565,V,547,481,16508
1788814605.1567,1508573,V,548,482,-1
1788814605.1569,1508581,V,547,481,-1
1788814605.1569,1508589,V,548,482,-1
1788814605.1569,1508597,V,547,481,-1
1788814605.1569,1508605,V,548,482,-1
1788814605.2054,1508619,V,547,481,16509
1788814605.2054,1508627,V,547,481,-1
1788814605.2054,1508635,V,547,481,-1
1788814605.2054,1508643,V,554,487,-1
1788814605.2054,1508651,V,547,481,-1
1788814605.2054,1508659,V,546,480,-1
1788814605.2541,1508673,V,546,480,16510
1788814605.2541,1508681,V,544,478,-1
1788814605.2541,1508689,V,544,478,-1
1788814605.2541,1508697,V,546,480,-1
1788814605.2541,1508705,V,546,480,-1
1788814605.2541,1508713,V,545,479,-1
1788814605.3037,1508726,V,546,480,16511
1788814605.3039,1508734,V,546,480,-1
1788814605.3039,1508742,V,547,481,-1
1788814605.3039,1508750,V,546,480,-1
1788814605.3039,1508758,V,546,480,-1
1788814605.3039,1508766,V,546,480,-1
1788814605.3520,1508780,V,547,481,16512
1788814605.3520,1508788,V,547,481,-1
1788814605.3521,1508796,V,548,482,-1
1788814605.3521,1508804,V,547,481,-1
1788814605.3521,1508812,V,547,481,-1
1788814605.3521,1508820,V,547,481,-1
1788814605.4014,1508833,V,547,481,16513
1788814605.4014,1508841,V,547,481,-1
1788814605.4014,1508849,V,547,481,-1
1788814605.4014,1508857,V,546,480,-1
1788814605.4014,1508865,V,546,480,-1
1788814605.4014,1508873,V,547,481,-1
1788814605.4500,1508887,V,550,483,16514
1788814605.4500,1508895,V,546,480,-1
1788814605.4500,1508903,V,547,481,-1
1788814605.4500,1508911,V,547,481,-1
1788814605.4500,1508919,V,547,481,-1
1788814605.4500,1508927,V,546,480,-1
1788814605.4987,1508941,V,548,482,16515
1788814605.4987,1508949,V,547,481,-1
1788814605.4987,1508957,V,545,479,-1
1788814605.4987,1508965,V,547,481,-1
1788814605.4987,1508973,V,546,480,-1
1788814605.4987,1508981,V,552,485,-1
1788814605.5955,1508994,V,547,481,16516
1788814605.5957,1509002,V,547,481,-1
1788814605.5957,1509010,V,546,480,-1
1788814605.5957,1509018,V,547,481,-1
1788814605.5957,1509026,V,547,481,-1
1788814605.5957,1509034,V,546,480,-1
1788814605.6442,1509048,V,545,479,16517
1788814605.6442,1509056,V,546,480,-1
1788814605.6442,1509064,V,546,480,-1
1788814605.6442,1509072,V,546,480,-1
1788814605.6442,1509080,V,553,486,-1
1788814605.6442,1509088,V,546,480,-1
1788814605.6928,1509102,V,545,479,16518
1788814605.6928,1509110,V,546,480,-1
1788814605.6928,1509118,V,546,480,-1
1788814605.6928,1509126,V,546,480,-1
1788814605.6928,1509134,V,546,480,-1
1788814605.6928,1509142,V,546,480,-1
1788814605.7414,1509155,V,547,481,16519
1788814605.7414,1509163,V,546,480,-1
1788814605.7414,1509171,V,544,478,-1
1788814605.7414,1509179,V,554,487,-1
1788814605.7414,1509187,V,546,480,-1
1788814605.7414,1509195,V,545,479,-1
1788814605.7902,1509209,V,546,480,16520
1788814605.7902,1509217,V,545,479,-1
1788814605.7902,1509225,V,545,479,-1
1788814605.7902,1509233,V,546,480,-1
1788814605.7902,1509241,V,545,479,-1
1788814605.7902,1509249,V,545,479,-1
1788814605.8389,1509263,V,546,480,16521
1788814605.8390,1509271,V,545,479,-1
1788814605.8390,1509279,V,546,480,-1
1788814605.8390,1509287,V,545,479,-1
1788814605.8390,1509295,V,544,478,-1
1788814605.8390,1509303,V,546,480,-1
1788814605.9366,1509316,V,547,481,16522
1788814605.9366,1509324,V,546,480,-1
1788814605.9366,1509332,V,546,480,-1
1788814605.9366,1509340,V,546,480,-1
1788814605.9366,1509348,V,546,480,-1
1788814605.9366,1509356,V,545,479,-1
1788814605.9379,1509370,V,547,481,16523
1788814605.9379,1509378,V,546,480,-1
1788814605.9380,1509386,V,546,480,-1
1788814605.9380,1509394,V,547,481,-1
1788814605.9380,1509402,V,547,481,-1
1788814605.9380,1509410,V,548,482,-1
1788814605.9851,1509423,V,551,484,16524
1788814605.9851,1509431,V,548,482,-1
1788814605.9851,1509439,V,546,480,-1
1788814605.9851,1509447,V,547,481,-1
1788814605.9851,1509455,V,547,481,-1
1788814605.9851,1509463,V,547,481,-1
1788814606.0356,1509477,V,546,480,16525
1788814606.0356,1509485,V,548,482,-1
1788814606.0356,1509493,V,547,481,-1
1788814606.0356,1509501,V,548,482,-1
1788814606.0356,1509509,V,548,482,-1
1788814606.0356,1509517,V,551,484,-1
1788814606.1338,1509531,V,546,480,16526
1788814606.1339,1509539,V,547,481,-1
1788814606.1339,1509547,V,546,480,-1
1788814606.1339,1509555,V,545,479,-1
1788814606.1340,1509563,V,547,481,-1
1788814606.1340,1509571,V,546,480,-1
1788814606.1816,1509584,V,546,480,16527
1788814606.1817,1509592,V,547,481,-1
1788814606.1817,1509600,V,546,480,-1
1788814606.1817,1509608,V,547,481,-1
1788814606.1817,1509616,V,553,486,-1
1788814606.1817,1509624,V,546,480,-1
1788814606.2298,1509638,V,547,481,16528
1788814606.2298,1509646,V,547,481,-1
1788814606.2298,1509654,V,547,481,-1
1788814606.2298,1509662,V,546,480,-1
1788814606.2298,1509670,V,547,481,-1
1788814606.2298,1509678,V,547,481,-1
1788814606.2779,1509691,V,545,479,16529
1788814606.2779,1509699,V,547,481,-1
1788814606.2779,1509707,V,547,481,-1
1788814606.2779,1509715,V,556,489,-1
1788814606.2779,1509723,V,546,480,-1
1788814606.2779,1509731,V,546,480,-1
1788814606.3277,1509745,V,546,480,16530
1788814606.3277,1509753,V,547,481,-1
1788814606.3278,1509761,V,547,481,-1
1788814606.3278,1509769,V,547,481,-1
1788814606.3278,1509777,V,546,480,-1
1788814606.3278,1509785,V,547,481,-1
1788814606.3754,1509799,V,546,480,16531
1788814606.3756,1509807,V,547,481,-1
1788814606.3756,1509815,V,547,481,-1
1788814606.3756,1509823,V,547,481,-1
1788814606.3756,1509831,V,546,480,-1
1788814606.3756,1509839,V,547,481,-1
1788814606.4245,1509852,V,547,481,16532
1788814606.4246,1509860,V,546,480,-1
1788814606.4246,1509868,V,547,481,-1
1788814606.4246,1509876,V,546,480,-1
1788814606.4246,1509884,V,547,481,-1
1788814606.4246,1509892,V,548,482,-1
1788814606.4740,1509906,V,548,482,16533
1788814606.4741,1509914,V,547,481,-1
1788814606.4741,1509922,V,547,481,-1
1788814606.4741,1509930,V,548,482,-1
1788814606.4741,1509938,V,548,482,-1
1788814606.4741,1509946,V,548,482,-1
1788814606.5222,1509960,V,550,483,16534
1788814606.5222,1509968,V,547,481,-1
1788814606.5222,1509976,V,548,482,-1
1788814606.5222,1509984,V,548,482,-1
1788814606.5222,1509992,V,548,482,-1
1788814606.5222,1510000,V,546,480,-1
1788814606.5741,1510013,V,547,481,16535
1788814606.5741,1510021,V,547,481,-1
1788814606.5741,1510029,V,546,480,-1
1788814606.5741,1510037,V,546,480,-1
1788814606.5741,1510045,V,546,480,-1
1788814606.5742,1510053,V,553,486,-1
1788814606.6690,1510067,V,546,480,16536
1788814606.6691,1510075,V,545,479,-1
1788814606.6691,1510083,V,547,481,-1
1788814606.6691,1510091,V,546,480,-1
1788814606.6691,1510099,V,545,479,-1
1788814606.6692,1510107,V,546,480,-1
1788814606.7180,1510120,V,545,479,16537
1788814606.7181,1510128,V,547,481,-1
1788814606.7181,1510136,V,546,480,-1
1788814606.7181,1510144,V,546,480,-1
1788814606.7181,1510152,V,552,485,-1
1788814606.7181,1510160,V,546,480,-1
1788814606.8149,1510174,V,547,481,16538
1788814606.8149,1510182,V,546,480,-1
1788814606.8149,1510190,V,546,480,-1
1788814606.8149,1510198,V,546,480,-1
1788814606.8149,1510206,V,546,480,-1
1788814606.8149,1510214,V,546,480,-1
1788814606.8163,1510228,V,547,481,16539
1788814606.8163,1510236,V,546,480,-1
1788814606.8163,1510244,V,547,481,-1
1788814606.8163,1510252,V,549,483,-1
1788814606.8163,1510260,V,546,480,-1
1788814606.8163,1510268,V,546,480,-1
1788814606.8626,1510281,V,547,481,16540
1788814606.8626,1510289,V,547,481,-1
1788814606.8626,1510297,V,547,481,-1
1788814606.8626,1510305,V,547,481,-1
1788814606.8626,1510313,V,548,482,-1
1788814606.8626,1510321,V,547,481,-1
1788814606.9116,1510335,V,546,480,16541
1788814606.9118,1510343,V,546,480,-1
1788814606.9118,1510351,V,546,480,-1
1788814606.9118,1510359,V,547,481,-1
1788814606.9120,1510367,V,547,481,-1
1788814606.9120,1510375,V,547,481,-1
1788814606.9607,1510388,V,547,481,16542
1788814606.9608,1510396,V,546,480,-1
1788814606.9608,1510404,V,546,480,-1
1788814606.9608,1510412,V,547,481,-1
1788814606.9608,1510420,V,546,480,-1
1788814606.9608,1510428,V,548,482,-1
1788814607.0092,1510442,V,548,482,16543
1788814607.0092,1510450,V,546,480,-1
1788814607.0092,1510458,V,547,481,-1
1788814607.0092,1510466,V,546,480,-1
1788814607.0092,1510474,V,547,481,-1
1788814607.0093,1510482,V,546,480,-1
1788814607.0615,1510496,V,548,482,16544
1788814607.0615,1510504,V,547,481,-1
1788814607.0615,1510512,V,545,479,-1
1788814607.0615,1510520,V,546,480,-1
1788814607.0615,1510528,V,546,480,-1
1788814607.0615,1510536,V,546,480,-1
1788814607.1076,1510549,V,546,480,16545
1788814607.1076,1510557,V,546,480,-1
1788814607.1076,1510565,V,546,480,-1
1788814607.1076,1510573,V,547,481,-1
1788814607.1076,1510581,V,546,480,-1
1788814607.1076,1510589,V,554,487,-1
1788814607.2052,1510603,V,547,481,16546
1788814607.2054,1510611,V,546,480,-1
1788814607.2054,1510619,V,547,481,-1
1788814607.2054,1510627,V,547,481,-1
1788814607.2054,1510635,V,546,480,-1
1788814607.2054,1510643,V,545,479,-1
1788814607.2542,1510657,V,546,480,16547
1788814607.2542,1510665,V,546,480,-1
1788814607.2542,1510673,V,546,480,-1
1788814607.2542,1510681,V,546,480,-1
1788814607.2542,1510689,V,549,483,-1
1788814607.2542,1510697,V,546,480,-1
1788814607.3019,1510710,V,547,481,16548
1788814607.3020,1510718,V,546,480,-1
1788814607.3020,1510726,V,546,480,-1
1788814607.3020,1510734,V,547,481,-1
1788814607.3020,1510742,V,546,480,-1
1788814607.3020,1510750,V,546,480,-1
1788814607.3514,1510764,V,547,481,16549
1788814607.3514,1510772,V,547,481,-1
1788814607.3514,1510780,V,546,480,-1
1788814607.3514,1510788,V,556,489,-1
1788814607.3514,1510796,V,546,480,-1
1788814607.3514,1510804,V,547,481,-1
1788814607.4000,1510818,V,546,480,16550
1788814607.4000,1510826,V,546,480,-1
1788814607.4000,1510834,V,547,481,-1
1788814607.4000,1510842,V,547,481,-1
1788814607.4000,1510850,V,547,481,-1
1788814607.4000,1510858,V,548,482,-1
1788814607.4492,1510871,V,548,482,16551
1788814607.4494,1510879,V,548,482,-1
1788814607.4494,1510887,V,547,481,-1
1788814607.4494,1510895,V,547,481,-1
1788814607.4494,1510903,V,548,482,-1
1788814607.4494,1510911,V,545,479,-1
1788814607.4971,1510925,V,546,480,16552
1788814607.4971,1510933,V,546,480,-1
1788814607.4971,1510941,V,546,480,-1
1788814607.4971,1510949,V,546,480,-1
1788814607.4971,1510957,V,546,480,-1
1788814607.4971,1510965,V,546,480,-1
1788814607.5465,1510979,V,546,480,16553
1788814607.5465,1510987,V,544,478,-1
1788814607.5465,1510995,V,546,480,-1
1788814607.5465,1511003,V,545,479,-1
1788814607.5465,1511011,V,545,479,-1
1788814607.5465,1511019,V,545,479,-1
1788814607.5941,1511032,V,552,485,16554
1788814607.5942,1511040,V,545,479,-1
1788814607.5942,1511048,V,546,480,-1
1788814607.5942,1511056,V,546,480,-1
1788814607.5942,1511064,V,547,481,-1
1788814607.5942,1511072,V,547,481,-1
1788814607.6428,1511086,V,547,481,16555
1788814607.6429,1511094,V,547,481,-1
1788814607.6429,1511102,V,547,481,-1
1788814607.6429,1511110,V,547,481,-1
1788814607.6429,1511118,V,547,481,-1
1788814607.6429,1511126,V,550,483,-1
1788814607.7404,1511140,V,547,481,16556
1788814607.7405,1511148,V,547,481,-1
1788814607.7405,1511156,V,547,481,-1
1788814607.7405,1511164,V,546,480,-1
1788814607.7405,1511172,V,547,481,-1
1788814607.7405,1511180,V,546,480,-1
1788814607.7895,1511193,V,547,481,16557
1788814607.7896,1511201,V,547,481,-1
1788814607.7896,1511209,V,546,480,-1
1788814607.7896,1511217,V,547,481,-1
1788814607.7896,1511225,V,559,491,-1
1788814607.7896,1511233,V,547,481,-1
1788814607.8379,1511247,V,547,481,16558
1788814607.8379,1511255,V,547,481,-1
1788814607.8380,1511263,V,547,481,-1
1788814607.8380,1511271,V,547,481,-1
1788814607.8380,1511279,V,547,481,-1
1788814607.8380,1511287,V,546,480,-1
1788814607.8866,1511301,V,547,481,16559
1788814607.8866,1511309,V,546,480,-1
1788814607.8866,1511317,V,546,480,-1
1788814607.8867,1511325,V,547,481,-1
1788814607.8867,1511333,V,546,480,-1
1788814607.8867,1511341,V,546,480,-1
1788814607.9355,1511354,V,547,481,16560
1788814607.9355,1511362,V,547,481,-1
1788814607.9355,1511370,V,545,479,-1
1788814607.9355,1511378,V,546,480,-1
1788814607.9355,1511386,V,545,479,-1
1788814607.9355,1511394,V,547,481,-1
1788814607.9843,1511408,V,546,480,16561
1788814607.9845,1511416,V,546,480,-1
1788814607.9845,1511424,V,547,481,-1
1788814607.9845,1511432,V,547,481,-1
1788814607.9845,1511440,V,546,480,-1
1788814607.9845,1511448,V,546,480,-1
1788814608.0331,1511461,V,545,479,16562
1788814608.0331,1511469,V,547,481,-1
1788814608.0331,1511477,V,546,480,-1
1788814608.0331,1511485,V,546,480,-1
1788814608.0331,1511493,V,546,480,-1
1788814608.0331,1511501,V,546,480,-1
1788814608.0817,1511515,V,545,479,16563
1788814608.0817,1511523,V,545,479,-1
1788814608.0817,1511531,V,545,479,-1
1788814608.0817,1511539,V,546,480,-1
1788814608.0817,1511547,V,545,479,-1
1788814608.0817,1511555,V,545,479,-1
1788814608.1305,1511569,V,552,485,16564
1788814608.1305,1511577,V,545,479,-1
1788814608.1305,1511585,V,546,480,-1
1788814608.1305,1511593,V,544,478,-1
1788814608.1305,1511601,V,546,480,-1
1788814608.1305,1511609,V,546,480,-1
1788814608.1790,1511622,V,545,479,16565
1788814608.1791,1511630,V,546,480,-1
1788814608.1791,1511638,V,546,480,-1
1788814608.1791,1511646,V,546,480,-1
1788814608.1791,1511654,V,546,480,-1
1788814608.1791,1511662,V,549,483,-1
1788814608.3273,1511676,V,546,480,16566
1788814608.3275,1511684,V,547,481,-1
1788814608.3275,1511692,V,548,482,-1
1788814608.3275,1511700,V,547,481,-1
1788814608.3276,1511708,V,547,481,-1
1788814608.3276,1511716,V,548,482,-1
1788814608.3277,1511730,V,547,481,16567
1788814608.3278,1511738,V,547,481,-1
1788814608.3278,1511746,V,547,481,-1
1788814608.3278,1511754,V,547,481,-1
1788814608.3278,1511762,V,563,495,-1
1788814608.3278,1511770,V,546,480,-1
1788814608.3742,1511783,V,546,480,16568
1788814608.3742,1511791,V,547,481,-1
1788814608.3742,1511799,V,547,481,-1
1788814608.3742,1511807,V,546,480,-1
1788814608.3742,1511815,V,546,480,-1
1788814608.3742,1511823,V,546,480,-1
1788814608.4229,1511837,V,546,480,16569
1788814608.4229,1511845,V,546,480,-1
1788814608.4229,1511853,V,546,480,-1
1788814608.4229,1511861,V,548,482,-1
1788814608.4229,1511869,V,545,479,-1
1788814608.4229,1511877,V,545,479,-1
1788814608.4715,1511890,V,546,480,16570
1788814608.4716,1511898,V,544,478,-1
1788814608.4716,1511906,V,545,479,-1
1788814608.4716,1511914,V,545,479,-1
1788814608.4716,1511922,V,546,480,-1
1788814608.4716,1511930,V,545,479,-1
1788814608.5206,1511944,V,545,479,16571
1788814608.5206,1511952,V,545,479,-1
1788814608.5206,1511960,V,547,481,-1
1788814608.5206,1511968,V,546,480,-1
1788814608.5206,1511976,V,545,479,-1
1788814608.5206,1511984,V,546,480,-1
1788814608.6184,1511998,V,546,480,16572
1788814608.6185,1512006,V,546,480,-1
1788814608.6185,1512014,V,547,481,-1
1788814608.6185,1512022,V,546,480,-1
1788814608.6186,1512030,V,546,480,-1
1788814608.6186,1512038,V,547,481,-1
1788814608.6193,1512051,V,549,483,16573
1788814608.6193,1512059,V,547,481,-1
1788814608.6193,1512067,V,546,480,-1
1788814608.6193,1512075,V,547,481,-1
1788814608.6193,1512083,V,546,480,-1
1788814608.6193,1512091,V,547,481,-1
1788814608.6686,1512105,V,552,485,16574
1788814608.6686,1512113,V,547,481,-1
1788814608.6686,1512121,V,546,480,-1
1788814608.6686,1512129,V,546,480,-1
1788814608.6686,1512137,V,547,481,-1
1788814608.6686,1512145,V,547,481,-1
1788814608.7164,1512158,V,547,481,16575
1788814608.7164,1512166,V,547,481,-1
1788814608.7164,1512174,V,545,479,-1
1788814608.7164,1512182,V,546,480,-1
1788814608.7164,1512190,V,545,479,-1
1788814608.7164,1512198,V,547,481,-1
1788814608.8141,1512212,V,547,481,16576
1788814608.8141,1512220,V,547,481,-1
1788814608.8141,1512228,V,546,480,-1
1788814608.8141,1512236,V,547,481,-1
1788814608.8142,1512244,V,546,480,-1
1788814608.8142,1512252,V,546,480,-1
1788814608.9109,1512266,V,547,481,16577
1788814608.9110,1512274,V,547,481,-1
1788814608.9110,1512282,V,546,480,-1
1788814608.9110,1512290,V,547,481,-1
1788814608.9110,1512298,V,561,493,-1
1788814608.9110,1512306,V,547,481,-1
1788814608.9122,1512319,V,546,480,16578
1788814608.9122,1512327,V,546,480,-1
1788814608.9122,1512335,V,546,480,-1
1788814608.9122,1512343,V,546,480,-1
1788814608.9122,1512351,V,545,479,-1
1788814608.9122,1512359,V,545,479,-1
1788814608.9594,1512373,V,546,480,16579
1788814608.9594,1512381,V,546,480,-1
1788814608.9594,1512389,V,546,480,-1
1788814608.9594,1512397,V,555,488,-1
1788814608.9594,1512405,V,546,480,-1
1788814608.9594,1512413,V,546,480,-1
1788814609.0080,1512427,V,546,480,16580
1788814609.0080,1512435,V,546,480,-1
1788814609.0081,1512443,V,546,480,-1
1788814609.0081,1512451,V,548,482,-1
1788814609.0081,1512459,V,546,480,-1
1788814609.0081,1512467,V,546,480,-1
1788814609.0587,1512481,V,546,480,16581
1788814609.0587,1512489,V,546,480,-1
1788814609.0587,1512497,V,546,480,-1
1788814609.0587,1512505,V,546,480,-1
1788814609.0587,1512513,V,547,481,-1
1788814609.0587,1512521,V,547,481,-1
1788814609.1057,1512534,V,547,481,16582
1788814609.1057,1512542,V,546,480,-1
1788814609.1057,1512550,V,547,481,-1
1788814609.1057,1512558,V,547,481,-1
1788814609.1057,1512566,V,547,481,-1
1788814609.1057,1512574,V,546,480,-1
1788814609.1563,1512588,V,547,481,16583
1788814609.1564,1512596,V,548,482,-1
1788814609.1564,1512604,V,546,480,-1
1788814609.1564,1512612,V,548,482,-1
1788814609.1565,1512620,V,547,481,-1
1788814609.1565,1512628,V,547,481,-1
1788814609.2035,1512641,V,553,486,16584
1788814609.2035,1512649,V,547,481,-1
1788814609.2035,1512657,V,546,480,-1
1788814609.2035,1512665,V,547,481,-1
1788814609.2035,1512673,V,547,481,-1
1788814609.2035,1512681,V,548,482,-1
1788814609.2515,1512695,V,546,480,16585
1788814609.2516,1512703,V,548,482,-1
1788814609.2516,1512711,V,547,481,-1
1788814609.2516,1512719,V,546,480,-1
1788814609.2516,1512727,V,547,481,-1
1788814609.2516,1512735,V,547,481,-1
1788814609.3984,1512749,V,545,479,16586
1788814609.3986,1512757,V,545,479,-1
1788814609.3986,1512765,V,544,478,-1
1788814609.3986,1512773,V,546,480,-1
1788814609.3986,1512781,V,546,480,-1
1788814609.3986,1512789,V,546,480,-1
1788814609.3994,1512803,V,546,480,16587
1788814609.3994,1512811,V,546,480,-1
1788814609.3994,1512819,V,546,480,-1
1788814609.3994,1512827,V,545,479,-1
1788814609.3994,1512835,V,555,488,-1
1788814609.3994,1512843,V,545,479,-1
1788814609.4471,1512856,V,545,479,16588
1788814609.4472,1512864,V,546,480,-1
1788814609.4473,1512872,V,545,479,-1
1788814609.4473,1512880,V,547,481,-1
1788814609.4473,1512888,V,546,480,-1
1788814609.4473,1512896,V,547,481,-1
1788814609.4960,1512910,V,548,482,16589
1788814609.4960,1512918,V,547,481,-1
1788814609.4960,1512926,V,546,480,-1
1788814609.4960,1512934,V,547,481,-1
1788814609.4960,1512942,V,546,480,-1
1788814609.4960,1512950,V,546,480,-1
1788814609.5440,1512964,V,546,480,16590
1788814609.5440,1512972,V,547,481,-1
1788814609.5440,1512980,V,546,480,-1
1788814609.5440,1512988,V,547,481,-1
1788814609.5440,1512996,V,547,481,-1
1788814609.5440,1513004,V,547,481,-1
1788814609.5931,1513017,V,546,480,16591
1788814609.5931,1513025,V,546,480,-1
1788814609.5931,1513033,V,546,480,-1
1788814609.5931,1513041,V,546,480,-1
1788814609.5932,1513049,V,546,480,-1
1788814609.5932,1513057,V,546,480,-1
1788814609.6418,1513071,V,547,481,16592
1788814609.6419,1513079,V,552,485,-1
1788814609.6419,1513087,V,547,481,-1
1788814609.6419,1513095,V,546,480,-1
1788814609.6419,1513103,V,547,481,-1
1788814609.6419,1513111,V,547,481,-1
1788814609.6906,1513124,V,547,481,16593
1788814609.6906,1513132,V,547,481,-1
1788814609.6906,1513140,V,548,482,-1
1788814609.6906,1513148,V,548,482,-1
1788814609.6906,1513156,V,547,481,-1
1788814609.6907,1513164,V,548,482,-1
1788814609.7395,1513178,V,547,481,16594
1788814609.7395,1513186,V,548,482,-1
1788814609.7395,1513194,V,547,481,-1
1788814609.7395,1513202,V,546,480,-1
1788814609.7396,1513210,V,545,479,-1
1788814609.7396,1513218,V,546,480,-1
1788814609.8372,1513232,V,545,479,16595
1788814609.8372,1513240,V,546,480,-1
1788814609.8372,1513248,V,545,479,-1
1788814609.8373,1513256,V,545,479,-1
1788814609.8373,1513264,V,546,480,-1
1788814609.8373,1513272,V,556,489,-1
1788814609.8855,1513285,V,546,480,16596
1788814609.8856,1513293,V,547,481,-1
1788814609.8856,1513301,V,545,479,-1
1788814609.8856,1513309,V,547,481,-1
1788814609.8856,1513317,V,546,480,-1
1788814609.8857,1513325,V,547,481,-1
1788814609.9346,1513339,V,545,479,16597
1788814609.9347,1513347,V,546,480,-1
1788814609.9347,1513355,V,546,480,-1
1788814609.9347,1513363,V,546,480,-1
1788814609.9347,1513371,V,549,483,-1
1788814609.9347,1513379,V,546,480,-1
1788814609.9830,1513393,V,546,480,16598
1788814609.9830,1513401,V,546,480,-1
1788814609.9830,1513409,V,546,480,-1
1788814609.9830,1513417,V,545,479,-1
1788814609.9831,1513425,V,545,479,-1
1788814609.9831,1513433,V,545,479,-1
1788814610.0319,1513446,V,546,480,16599
1788814610.0319,1513454,V,547,481,-1
1788814610.0319,1513462,V,545,479,-1
1788814610.0319,1513470,V,546,480,-1
1788814610.0319,1513478,V,547,481,-1
1788814610.0319,1513486,V,546,480,-1
1788814610.0823,1513500,V,547,481,16600
1788814610.0823,1513508,V,547,481,-1
1788814610.0823,1513516,V,547,481,-1
1788814610.0823,1513524,V,547,481,-1
1788814610.0823,1513532,V,548,482,-1
1788814610.0823,1513540,V,547,481,-1
1788814610.1291,1513554,V,548,482,16601
1788814610.1292,1513562,V,547,481,-1
1788814610.1292,1513570,V,546,480,-1
1788814610.1292,1513578,V,547,481,-1
1788814610.1292,1513586,V,547,481,-1
1788814610.1293,1513594,V,547,481,-1
1788814610.1783,1513607,V,547,481,16602
1788814610.1784,1513615,V,554,487,-1
1788814610.1784,1513623,V,548,482,-1
1788814610.1784,1513631,V,548,482,-1
1788814610.1784,1513639,V,547,481,-1
1788814610.1784,1513647,V,547,481,-1
1788814610.2269,1513661,V,547,481,16603
1788814610.2269,1513669,V,547,481,-1
1788814610.2269,1513677,V,545,479,-1
1788814610.2269,1513685,V,546,480,-1
1788814610.2270,1513693,V,547,481,-1
1788814610.2270,1513701,V,547,481,-1
1788814610.2764,1513715,V,552,485,16604
1788814610.2764,1513723,V,547,481,-1
1788814610.2764,1513731,V,548,482,-1
1788814610.2764,1513739,V,549,483,-1
1788814610.2764,1513747,V,547,481,-1
1788814610.2764,1513755,V,546,480,-1
1788814610.3742,1513769,V,547,481,16605
1788814610.3744,1513777,V,546,480,-1
1788814610.3744,1513785,V,547,481,-1
1788814610.3744,1513793,V,547,481,-1
1788814610.3744,1513801,V,547,481,-1
1788814610.3744,1513809,V,549,483,-1
1788814610.4231,1513822,V,546,480,16606
1788814610.4232,1513830,V,547,481,-1
1788814610.4232,1513838,V,546,480,-1
1788814610.4232,1513846,V,547,481,-1
1788814610.4232,1513854,V,547,481,-1
1788814610.4232,1513862,V,546,480,-1
1788814610.4705,1513876,V,547,481,16607
1788814610.4706,1513884,V,547,481,-1
1788814610.4706,1513892,V,547,481,-1
1788814610.4706,1513900,V,547,481,-1
1788814610.4706,1513908,V,545,479,-1
1788814610.4706,1513916,V,546,480,-1
1788814610.5192,1513930,V,547,481,16608
1788814610.5193,1513938,V,547,481,-1
1788814610.5195,1513946,V,545,479,-1
1788814610.5195,1513954,V,546,480,-1
1788814610.5195,1513962,V,545,479,-1
1788814610.5195,1513970,V,546,480,-1
1788814610.5680,1513983,V,546,480,16609
1788814610.5680,1513991,V,545,479,-1
1788814610.5680,1513999,V,546,480,-1
1788814610.5680,1514007,V,546,480,-1
1788814610.5681,1514015,V,547,481,-1
1788814610.5681,1514023,V,546,480,-1
1788814610.6167,1514037,V,545,479,16610
1788814610.6169,1514045,V,545,479,-1
1788814610.6169,1514053,V,550,483,-1
1788814610.6169,1514061,V,545,479,-1
1788814610.6169,1514069,V,545,479,-1
1788814610.6169,1514077,V,545,479,-1
1788814610.6659,1514091,V,546,480,16611
1788814610.6659,1514099,V,546,480,-1
1788814610.6659,1514107,V,546,480,-1
1788814610.6659,1514115,V,546,480,-1
1788814610.6659,1514123,V,545,479,-1
1788814610.6659,1514131,V,546,480,-1
1788814610.7143,1514144,V,545,479,16612
1788814610.7143,1514152,V,547,481,-1
1788814610.7143,1514160,V,545,479,-1
1788814610.7143,1514168,V,546,480,-1
1788814610.7143,1514176,V,546,480,-1
1788814610.7143,1514184,V,545,479,-1
1788814610.7627,1514198,V,546,480,16613
1788814610.7627,1514206,V,546,480,-1
1788814610.7627,1514214,V,545,479,-1
1788814610.7627,1514222,V,545,479,-1
1788814610.7627,1514230,V,546,480,-1
1788814610.7627,1514238,V,546,480,-1
1788814610.8115,1514252,V,566,497,16614
1788814610.8115,1514260,V,546,480,-1
1788814610.8115,1514268,V,546,480,-1
1788814610.8115,1514276,V,546,480,-1
1788814610.8115,1514284,V,546,480,-1
1788814610.8115,1514292,V,546,480,-1
1788814610.9104,1514305,V,546,480,16615
1788814610.9105,1514313,V,546,480,-1
1788814610.9106,1514321,V,546,480,-1
1788814610.9106,1514329,V,546,480,-1
1788814610.9106,1514337,V,546,480,-1
1788814610.9106,1514345,V,548,482,-1
1788814611.0076,1514359,V,545,479,16616
1788814611.0076,1514367,V,546,480,-1
1788814611.0076,1514375,V,546,480,-1
1788814611.0076,1514383,V,545,479,-1
1788814611.0077,1514391,V,547,481,-1
1788814611.0077,1514399,V,546,480,-1
1788814611.0083,1514412,V,546,480,16617
1788814611.0083,1514420,V,547,481,-1
1788814611.0084,1514428,V,546,480,-1
1788814611.0084,1514436,V,547,481,-1
1788814611.0084,1514444,V,547,481,-1
1788814611.0084,1514452,V,547,481,-1
1788814611.0560,1514466,V,548,482,16618
1788814611.0560,1514474,V,548,482,-1
1788814611.0560,1514482,V,547,481,-1
1788814611.0560,1514490,V,547,481,-1
1788814611.0560,1514498,V,548,482,-1
1788814611.0560,1514506,V,547,481,-1
1788814611.1042,1514520,V,546,480,16619
1788814611.1042,1514528,V,547,481,-1
1788814611.1042,1514536,V,547,481,-1
1788814611.1042,1514544,V,547,481,-1
1788814611.1042,1514552,V,547,481,-1
1788814611.1042,1514560,V,546,480,-1
1788814611.2027,1514573,V,547,481,16620
1788814611.2029,1514581,V,546,480,-1
1788814611.2029,1514589,V,551,484,-1
1788814611.2029,1514597,V,547,481,-1
1788814611.2029,1514605,V,544,478,-1
1788814611.2029,1514613,V,546,480,-1
1788814611.2041,1514627,V,546,480,16621
1788814611.2042,1514635,V,546,480,-1
1788814611.2042,1514643,V,545,479,-1
1788814611.2042,1514651,V,545,479,-1
1788814611.2042,1514659,V,545,479,-1
1788814611.2042,1514667,V,545,479,-1
1788814611.2505,1514680,V,545,479,16622
1788814611.2505,1514688,V,546,480,-1
1788814611.2505,1514696,V,546,480,-1
1788814611.2506,1514704,V,546,480,-1
1788814611.2506,1514712,V,546,480,-1
1788814611.2506,1514720,V,547,481,-1
1788814611.2994,1514734,V,546,480,16623
1788814611.2994,1514742,V,546,480,-1
1788814611.2994,1514750,V,546,480,-1
1788814611.2994,1514758,V,547,481,-1
1788814611.2994,1514766,V,547,481,-1
1788814611.2994,1514774,V,547,481,-1
1788814611.3478,1514788,V,567,498,16624
1788814611.3478,1514796,V,546,480,-1
1788814611.3478,1514804,V,547,481,-1
1788814611.3478,1514812,V,546,480,-1
1788814611.3478,1514820,V,547,481,-1
1788814611.3478,1514828,V,547,481,-1
1788814611.4458,1514841,V,546,480,16625
1788814611.4459,1514849,V,546,480,-1
1788814611.4460,1514857,V,547,481,-1
1788814611.4460,1514865,V,547,481,-1
1788814611.4460,1514873,V,547,481,-1
1788814611.4460,1514881,V,547,481,-1
1788814611.4946,1514895,V,546,480,16626
1788814611.4946,1514903,V,547,481,-1
1788814611.4947,1514911,V,546,480,-1
1788814611.4947,1514919,V,545,479,-1
1788814611.4947,1514927,V,546,480,-1
1788814611.4947,1514935,V,545,479,-1
1788814611.5430,1514949,V,546,480,16627
1788814611.5431,1514957,V,546,480,-1
1788814611.5431,1514965,V,546,480,-1
1788814611.5431,1514973,V,546,480,-1
1788814611.5431,1514981,V,545,479,-1
1788814611.5431,1514989,V,546,480,-1
1788814611.5920,1515002,V,546,480,16628
1788814611.5921,1515010,V,546,480,-1
1788814611.5921,1515018,V,545,479,-1
1788814611.5921,1515026,V,544,478,-1
1788814611.5921,1515034,V,546,480,-1
1788814611.5921,1515042,V,546,480,-1
1788814611.6404,1515056,V,546,480,16629
1788814611.6405,1515064,V,545,479,-1
1788814611.6405,1515072,V,546,480,-1
1788814611.6405,1515080,V,547,481,-1
1788814611.6405,1515088,V,546,480,-1
1788814611.6405,1515096,V,545,479,-1
1788814611.6894,1515110,V,546,480,16630
1788814611.6895,1515118,V,545,479,-1
1788814611.6895,1515126,V,552,485,-1
1788814611.6895,1515134,V,546,480,-1
1788814611.6896,1515142,V,547,481,-1
1788814611.6896,1515150,V,546,480,-1
1788814611.7384,1515163,V,546,480,16631
1788814611.7384,1515171,V,547,481,-1
1788814611.7384,1515179,V,546,480,-1
1788814611.7384,1515187,V,547,481,-1
1788814611.7384,1515195,V,547,481,-1
1788814611.7384,1515203,V,546,480,-1
1788814611.7868,1515217,V,547,481,16632
1788814611.7869,1515225,V,547,481,-1
1788814611.7869,1515233,V,546,480,-1
1788814611.7869,1515241,V,546,480,-1
1788814611.7869,1515249,V,546,480,-1
1788814611.7869,1515257,V,545,479,-1
1788814611.8358,1515270,V,545,479,16633
1788814611.8358,1515278,V,546,480,-1
1788814611.8358,1515286,V,546,480,-1
1788814611.8358,1515294,V,547,481,-1
1788814611.8358,1515302,V,548,482,-1
1788814611.8358,1515310,V,546,480,-1
1788814611.8847,1515324,V,566,497,16634
1788814611.8847,1515332,V,547,481,-1
1788814611.8848,1515340,V,546,480,-1
1788814611.8848,1515348,V,547,481,-1
1788814611.8848,1515356,V,547,481,-1
1788814611.8848,1515364,V,547,481,-1
1788814611.9817,1515378,V,546,480,16635
1788814611.9818,1515386,V,547,481,-1
1788814611.9819,1515394,V,547,481,-1
1788814611.9819,1515402,V,546,480,-1
1788814611.9819,1515410,V,547,481,-1
1788814611.9819,1515418,V,547,481,-1
1788814612.0309,1515431,V,546,480,16636
1788814612.0309,1515439,V,547,481,-1
1788814612.0309,1515447,V,546,480,-1
1788814612.0309,1515455,V,547,481,-1
1788814612.0309,1515463,V,546,480,-1
1788814612.0310,1515471,V,547,481,-1
1788814612.0806,1515485,V,547,481,16637
1788814612.0806,1515493,V,546,480,-1
1788814612.0806,1515501,V,545,479,-1
1788814612.0806,1515509,V,545,479,-1
1788814612.0806,1515517,V,545,479,-1
1788814612.0806,1515525,V,546,480,-1
1788814612.1280,1515539,V,546,480,16638
1788814612.1280,1515547,V,546,480,-1
1788814612.1280,1515555,V,547,481,-1
1788814612.1280,1515563,V,547,481,-1
1788814612.1280,1515571,V,546,480,-1
1788814612.1280,1515579,V,546,480,-1
1788814612.1767,1515592,V,545,479,16639
1788814612.1767,1515600,V,546,480,-1
1788814612.1767,1515608,V,545,479,-1
1788814612.1767,1515616,V,545,479,-1
1788814612.1767,1515624,V,545,479,-1
1788814612.1767,1515632,V,545,479,-1
1788814612.2253,1515646,V,545,479,16640
1788814612.2254,1515654,V,546,480,-1
1788814612.2254,1515662,V,551,484,-1
1788814612.2254,1515670,V,545,479,-1
1788814612.2254,1515678,V,545,479,-1
1788814612.2254,1515686,V,544,478,-1
1788814612.2746,1515699,V,545,479,16641
1788814612.2747,1515707,V,546,480,-1
1788814612.2747,1515715,V,546,480,-1
1788814612.2747,1515723,V,546,480,-1
1788814612.2748,1515731,V,546,480,-1
1788814612.2748,1515739,V,547,481,-1
1788814612.3232,1515753,V,546,480,16642
1788814612.3232,1515761,V,548,482,-1
1788814612.3232,1515769,V,546,480,-1
1788814612.3232,1515777,V,546,480,-1
1788814612.3232,1515785,V,547,481,-1
1788814612.3232,1515793,V,546,480,-1
1788814612.3730,1515807,V,547,481,16643
1788814612.3730,1515815,V,547,481,-1
1788814612.3730,1515823,V,547,481,-1
1788814612.3730,1515831,V,547,481,-1
1788814612.3730,1515839,V,547,481,-1
1788814612.3730,1515847,V,547,481,-1
1788814612.4703,1515860,V,566,497,16644
1788814612.4704,1515868,V,547,481,-1
1788814612.4705,1515876,V,548,482,-1
1788814612.4705,1515884,V,547,481,-1
1788814612.4705,1515892,V,547,481,-1
1788814612.4705,1515900,V,546,480,-1
1788814612.5194,1515914,V,546,480,16645
1788814612.5194,1515922,V,547,481,-1
1788814612.5195,1515930,V,546,480,-1
1788814612.5195,1515938,V,545,479,-1
1788814612.5195,1515946,V,545,479,-1
1788814612.5195,1515954,V,547,481,-1
1788814612.5669,1515968,V,544,478,16646
1788814612.5670,1515976,V,546,480,-1
1788814612.5670,1515984,V,545,479,-1
1788814612.5670,1515992,V,545,479,-1
1788814612.5670,1516000,V,546,480,-1
1788814612.5670,1516008,V,545,479,-1
1788814612.6165,1516021,V,545,479,16647
1788814612.6165,1516029,V,545,479,-1
1788814612.6165,1516037,V,546,480,-1
1788814612.6165,1516045,V,546,480,-1
1788814612.6165,1516053,V,546,480,-1
1788814612.6165,1516061,V,545,479,-1
1788814612.6643,1516075,V,545,479,16648
1788814612.6643,1516083,V,545,479,-1
1788814612.6643,1516091,V,546,480,-1
1788814612.6643,1516099,V,546,480,-1
1788814612.6643,1516107,V,545,479,-1
1788814612.6643,1516115,V,545,479,-1
1788814612.7131,1516128,V,545,479,16649
1788814612.7133,1516136,V,545,479,-1
1788814612.7133,1516144,V,546,480,-1
1788814612.7133,1516152,V,546,480,-1
1788814612.7133,1516160,V,546,480,-1
1788814612.7133,1516168,V,547,481,-1
1788814612.7631,1516182,V,547,481,16650
1788814612.7632,1516190,V,546,480,-1
1788814612.7632,1516198,V,551,484,-1
1788814612.7632,1516206,V,548,482,-1
1788814612.7632,1516214,V,548,482,-1
1788814612.7632,1516222,V,547,481,-1
1788814612.8601,1516236,V,547,481,16651
1788814612.8601,1516244,V,548,482,-1
1788814612.8601,1516252,V,548,482,-1
1788814612.8601,1516260,V,547,481,-1
1788814612.8601,1516268,V,547,481,-1
1788814612.8601,1516276,V,546,480,-1
1788814612.8619,1516289,V,546,480,16652
1788814612.8619,1516297,V,550,483,-1
1788814612.8619,1516305,V,547,481,-1
1788814612.8619,1516313,V,547,481,-1
1788814612.8619,1516321,V,546,480,-1
1788814612.8619,1516329,V,547,481,-1
1788814612.9089,1516343,V,547,481,16653
1788814612.9090,1516351,V,547,481,-1
1788814612.9090,1516359,V,546,480,-1
1788814612.9090,1516367,V,545,479,-1
1788814612.9090,1516375,V,546,480,-1
1788814612.9090,1516383,V,545,479,-1
1788814612.9568,1516397,V,563,495,16654
1788814612.9570,1516405,V,544,478,-1
1788814612.9570,1516413,V,545,479,-1
1788814612.9570,1516421,V,546,480,-1
1788814612.9570,1516429,V,545,479,-1
1788814612.9570,1516437,V,546,480,-1
1788814613.1048,1516450,V,545,479,16655
1788814613.1048,1516458,V,545,479,-1
1788814613.1048,1516466,V,546,480,-1
1788814613.1048,1516474,V,545,479,-1
1788814613.1049,1516482,V,545,479,-1
1788814613.1049,1516490,V,545,479,-1
1788814613.1053,1516504,V,545,479,16656
1788814613.1053,1516512,V,545,479,-1
1788814613.1053,1516520,V,545,479,-1
1788814613.1053,1516528,V,545,479,-1
1788814613.1053,1516536,V,546,480,-1
1788814613.1053,1516544,V,545,479,-1
1788814613.1517,1516558,V,547,481,16657
1788814613.1517,1516566,V,546,480,-1
1788814613.1517,1516574,V,546,480,-1
1788814613.1517,1516582,V,546,480,-1
1788814613.1517,1516590,V,546,480,-1
1788814613.1517,1516598,V,546,480,-1
1788814613.2006,1516611,V,546,480,16658
1788814613.2007,1516619,V,546,480,-1
1788814613.2007,1516627,V,548,482,-1
1788814613.2007,1516635,V,548,482,-1
1788814613.2007,1516643,V,547,481,-1
1788814613.2007,1516651,V,547,481,-1
1788814613.2498,1516665,V,547,481,16659
1788814613.2498,1516673,V,547,481,-1
1788814613.2498,1516681,V,547,481,-1
1788814613.2498,1516689,V,547,481,-1
1788814613.2498,1516697,V,548,482,-1
1788814613.2498,1516705,V,548,482,-1
1788814613.2991,1516718,V,547,481,16660
1788814613.2991,1516726,V,547,481,-1
1788814613.2991,1516734,V,553,486,-1
1788814613.2991,1516742,V,547,481,-1
1788814613.2991,1516750,V,546,480,-1
1788814613.2991,1516758,V,547,481,-1
1788814613.3480,1516772,V,548,482,16661
1788814613.3480,1516780,V,547,481,-1
1788814613.3480,1516788,V,546,480,-1
1788814613.3480,1516796,V,547,481,-1
1788814613.3480,1516804,V,546,480,-1
1788814613.3480,1516812,V,547,481,-1
1788814613.3965,1516826,V,546,480,16662
1788814613.3965,1516834,V,549,483,-1
1788814613.3965,1516842,V,544,478,-1
1788814613.3966,1516850,V,545,479,-1
1788814613.3966,1516858,V,545,479,-1
1788814613.3966,1516866,V,546,480,-1
1788814613.4939,1516879,V,546,480,16663
1788814613.4940,1516887,V,546,480,-1
1788814613.4940,1516895,V,546,480,-1
1788814613.4940,1516903,V,546,480,-1
1788814613.4940,1516911,V,546,480,-1
1788814613.4940,1516919,V,548,482,-1
1788814613.4952,1516933,V,558,490,16664
1788814613.4953,1516941,V,546,480,-1
1788814613.4953,1516949,V,547,481,-1
1788814613.4953,1516957,V,546,480,-1
1788814613.4953,1516965,V,546,480,-1
1788814613.4953,1516973,V,546,480,-1
1788814613.5910,1516986,V,547,481,16665
1788814613.5910,1516994,V,547,481,-1
1788814613.5910,1517002,V,547,481,-1
1788814613.5910,1517010,V,547,481,-1
1788814613.5910,1517018,V,547,481,-1
1788814613.5911,1517026,V,548,482,-1
1788814613.6394,1517040,V,546,480,16666
1788814613.6394,1517048,V,547,481,-1
1788814613.6394,1517056,V,547,481,-1
1788814613.6394,1517064,V,546,480,-1
1788814613.6394,1517072,V,546,480,-1
1788814613.6394,1517080,V,547,481,-1
1788814613.6882,1517094,V,547,481,16667
1788814613.6882,1517102,V,547,481,-1
1788814613.6882,1517110,V,547,481,-1
1788814613.6882,1517118,V,546,480,-1
1788814613.6882,1517126,V,546,480,-1
1788814613.6882,1517134,V,545,479,-1
1788814613.7386,1517147,V,546,480,16668
1788814613.7388,1517155,V,547,481,-1
1788814613.7388,1517163,V,546,480,-1
1788814613.7388,1517171,V,548,482,-1
1788814613.7388,1517179,V,547,481,-1
1788814613.7388,1517187,V,547,481,-1
1788814613.7868,1517201,V,547,481,16669
1788814613.7868,1517209,V,547,481,-1
1788814613.7868,1517217,V,547,481,-1
1788814613.7868,1517225,V,547,481,-1
1788814613.7868,1517233,V,547,481,-1
1788814613.7868,1517241,V,549,483,-1
1788814613.8354,1517255,V,547,481,16670
1788814613.8354,1517263,V,547,481,-1
1788814613.8354,1517271,V,553,486,-1
1788814613.8354,1517279,V,546,480,-1
1788814613.8354,1517287,V,547,481,-1
1788814613.8354,1517295,V,548,482,-1
1788814613.8840,1517308,V,546,480,16671
1788814613.8840,1517316,V,547,481,-1
1788814613.8840,1517324,V,547,481,-1
1788814613.8841,1517332,V,546,480,-1
1788814613.8841,1517340,V,546,480,-1
1788814613.8841,1517348,V,546,480,-1
1788814613.9318,1517362,V,547,481,16672
1788814613.9318,1517370,V,548,482,-1
1788814613.9318,1517378,V,547,481,-1
1788814613.9318,1517386,V,546,480,-1
1788814613.9318,1517394,V,546,480,-1
1788814613.9318,1517402,V,547,481,-1
1788814613.9806,1517416,V,546,480,16673
1788814613.9807,1517424,V,546,480,-1
1788814613.9807,1517432,V,546,480,-1
1788814613.9807,1517440,V,545,479,-1
1788814613.9807,1517448,V,545,479,-1
1788814613.9807,1517456,V,545,479,-1
1788814614.0293,1517469,V,565,497,16674
1788814614.0293,1517477,V,546,480,-1
1788814614.0293,1517485,V,545,479,-1
1788814614.0293,1517493,V,545,479,-1
1788814614.0293,1517501,V,545,479,-1
1788814614.0293,1517509,V,545,479,-1
1788814614.1286,1517523,V,546,480,16675
1788814614.1286,1517531,V,547,481,-1
1788814614.1286,1517539,V,546,480,-1
1788814614.1286,1517547,V,546,480,-1
1788814614.1286,1517555,V,547,481,-1
1788814614.1286,1517563,V,547,481,-1
1788814614.1756,1517576,V,546,480,16676
1788814614.1756,1517584,V,546,480,-1
1788814614.1757,1517592,V,545,479,-1
1788814614.1757,1517600,V,547,481,-1
1788814614.1757,1517608,V,547,481,-1
1788814614.1757,1517616,V,547,481,-1
1788814614.2244,1517630,V,547,481,16677
1788814614.2245,1517638,V,547,481,-1
1788814614.2245,1517646,V,546,480,-1
1788814614.2245,1517654,V,546,480,-1
1788814614.2245,1517662,V,547,481,-1
1788814614.2245,1517670,V,548,482,-1
1788814614.2734,1517684,V,547,481,16678
1788814614.2734,1517692,V,547,481,-1
1788814614.2734,1517700,V,548,482,-1
1788814614.2734,1517708,V,547,481,-1
1788814614.2734,1517716,V,547,481,-1
1788814614.2734,1517724,V,547,481,-1
1788814614.3219,1517737,V,547,481,16679
1788814614.3219,1517745,V,547,481,-1
1788814614.3220,1517753,V,545,479,-1
1788814614.3220,1517761,V,546,480,-1
1788814614.3220,1517769,V,545,479,-1
1788814614.3220,1517777,V,546,480,-1
1788814614.3710,1517791,V,547,481,16680
1788814614.3710,1517799,V,547,481,-1
1788814614.3710,1517807,V,553,486,-1
1788814614.3710,1517815,V,547,481,-1
1788814614.3710,1517823,V,546,480,-1
1788814614.3710,1517831,V,547,481,-1
1788814614.4194,1517845,V,547,481,16681
1788814614.4194,1517853,V,547,481,-1
1788814614.4194,1517861,V,546,480,-1
1788814614.4194,1517869,V,547,481,-1
1788814614.4194,1517877,V,546,480,-1
1788814614.4194,1517885,V,546,480,-1
1788814614.4680,1517898,V,546,480,16682
1788814614.4682,1517906,V,550,483,-1
1788814614.4682,1517914,V,546,480,-1
1788814614.4682,1517922,V,546,480,-1
1788814614.4682,1517930,V,546,480,-1
1788814614.4682,1517938,V,547,481,-1
1788814614.5170,1517952,V,546,480,16683
1788814614.5171,1517960,V,546,480,-1
1788814614.5171,1517968,V,547,481,-1
1788814614.5171,1517976,V,547,481,-1
1788814614.5171,1517984,V,546,480,-1
1788814614.5171,1517992,V,547,481,-1
1788814614.5658,1518005,V,565,497,16684
1788814614.5658,1518013,V,546,480,-1
1788814614.5658,1518021,V,546,480,-1
1788814614.5658,1518029,V,545,479,-1
1788814614.5658,1518037,V,547,481,-1
1788814614.5658,1518045,V,547,481,-1
1788814614.6632,1518059,V,547,481,16685
1788814614.6632,1518067,V,547,481,-1
1788814614.6632,1518075,V,547,481,-1
1788814614.6632,1518083,V,547,481,-1
1788814614.6632,1518091,V,547,481,-1
1788814614.6633,1518099,V,549,483,-1
1788814614.7120,1518113,V,546,480,16686
1788814614.7121,1518121,V,547,481,-1
1788814614.7121,1518129,V,547,481,-1
1788814614.7121,1518137,V,548,482,-1
1788814614.7121,1518145,V,546,480,-1
1788814614.7121,1518153,V,547,481,-1
1788814614.7611,1518166,V,547,481,16687
1788814614.7611,1518174,V,547,481,-1
1788814614.7611,1518182,V,548,482,-1
1788814614.7611,1518190,V,546,480,-1
1788814614.7611,1518198,V,546,480,-1
1788814614.7611,1518206,V,546,480,-1
1788814614.8097,1518220,V,546,480,16688
1788814614.8098,1518228,V,544,478,-1
1788814614.8098,1518236,V,546,480,-1
1788814614.8098,1518244,V,547,481,-1
1788814614.8098,1518252,V,546,480,-1
1788814614.8100,1518260,V,546,480,-1
1788814614.8583,1518273,V,546,480,16689
1788814614.8583,1518281,V,547,481,-1
1788814614.8583,1518289,V,546,480,-1
1788814614.8583,1518297,V,547,481,-1
1788814614.8583,1518305,V,546,480,-1
1788814614.8584,1518313,V,547,481,-1
1788814614.9071,1518327,V,547,481,16690
1788814614.9072,1518335,V,547,481,-1
1788814614.9072,1518343,V,553,486,-1
1788814614.9072,1518351,V,547,481,-1
1788814614.9072,1518359,V,547,481,-1
1788814614.9072,1518367,V,546,480,-1
1788814614.9554,1518381,V,548,482,16691
1788814614.9555,1518389,V,548,482,-1
1788814614.9555,1518397,V,547,481,-1
1788814614.9555,1518405,V,546,480,-1
1788814614.9555,1518413,V,547,481,-1
1788814614.9555,1518421,V,547,481,-1
1788814615.0047,1518434,V,547,481,16692
1788814615.0048,1518442,V,549,483,-1
1788814615.0048,1518450,V,547,481,-1
1788814615.0048,1518458,V,547,481,-1
1788814615.0048,1518466,V,547,481,-1
1788814615.0048,1518474,V,546,480,-1
1788814615.0532,1518488,V,547,481,16693
1788814615.0532,1518496,V,547,481,-1
1788814615.0533,1518504,V,546,480,-1
1788814615.0533,1518512,V,547,481,-1
1788814615.0533,1518520,V,547,481,-1
1788814615.0533,1518528,V,547,481,-1
1788814615.1021,1518542,V,566,497,16694
1788814615.1021,1518550,V,546,480,-1
1788814615.1021,1518558,V,546,480,-1
1788814615.1021,1518566,V,546,480,-1
1788814615.1021,1518574,V,546,480,-1
1788814615.1021,1518582,V,546,480,-1
1788814615.1997,1518595,V,546,480,16695
1788814615.1999,1518603,V,547,481,-1
1788814615.1999,1518611,V,547,481,-1
1788814615.1999,1518619,V,547,481,-1
1788814615.1999,1518627,V,546,480,-1
1788814615.1999,1518635,V,546,480,-1
1788814615.2482,1518649,V,547,481,16696
1788814615.2482,1518657,V,546,480,-1
1788814615.2482,1518665,V,545,479,-1
1788814615.2482,1518673,V,546,480,-1
1788814615.2483,1518681,V,547,481,-1
1788814615.2483,1518689,V,548,482,-1
1788814615.2967,1518702,V,546,480,16697
1788814615.2967,1518710,V,545,479,-1
1788814615.2967,1518718,V,546,480,-1
1788814615.2967,1518726,V,546,480,-1
1788814615.2967,1518734,V,547,481,-1
1788814615.2968,1518742,V,546,480,-1
1788814615.3457,1518756,V,547,481,16698
1788814615.3457,1518764,V,547,481,-1
1788814615.3457,1518772,V,547,481,-1
1788814615.3457,1518780,V,547,481,-1
1788814615.3457,1518788,V,547,481,-1
1788814615.3457,1518796,V,547,481,-1
1788814615.3943,1518810,V,547,481,16699
1788814615.3944,1518818,V,547,481,-1
1788814615.3944,1518826,V,547,481,-1
1788814615.3944,1518834,V,547,481,-1
1788814615.3944,1518842,V,546,480,-1
1788814615.3944,1518850,V,545,479,-1
1788814615.4431,1518863,V,547,481,16700
1788814615.4433,1518871,V,545,479,-1
1788814615.4433,1518879,V,553,486,-1
1788814615.4433,1518887,V,546,480,-1
1788814615.4433,1518895,V,547,481,-1
1788814615.4433,1518903,V,545,479,-1
1788814615.4930,1518917,V,546,480,16701
1788814615.4930,1518925,V,546,480,-1
1788814615.4930,1518933,V,546,480,-1
1788814615.4930,1518941,V,545,479,-1
1788814615.4930,1518949,V,547,481,-1
1788814615.4930,1518957,V,546,480,-1
1788814615.5415,1518971,V,547,481,16702
1788814615.5415,1518979,V,549,483,-1
1788814615.5415,1518987,V,547,481,-1
1788814615.5416,1518995,V,546,480,-1
1788814615.5416,1519003,V,547,481,-1
1788814615.5416,1519011,V,547,481,-1
1788814615.5901,1519024,V,547,481,16703
1788814615.5901,1519032,V,546,480,-1
1788814615.5901,1519040,V,547,481,-1
1788814615.5901,1519048,V,546,480,-1
1788814615.5901,1519056,V,546,480,-1
1788814615.5901,1519064,V,548,482,-1
1788814615.6391,1519078,V,557,490,16704
1788814615.6391,1519086,V,546,480,-1
1788814615.6391,1519094,V,548,482,-1
1788814615.6391,1519102,V,547,481,-1
1788814615.6392,1519110,V,548,482,-1
1788814615.6392,1519118,V,548,482,-1
1788814615.7355,1519132,V,548,482,16705
1788814615.7355,1519140,V,547,481,-1
1788814615.7355,1519148,V,548,482,-1
1788814615.7355,1519156,V,547,481,-1
1788814615.7355,1519164,V,547,481,-1
1788814615.7355,1519172,V,546,480,-1
1788814615.7846,1519185,V,548,482,16706
1788814615.7846,1519193,V,547,481,-1
1788814615.7846,1519201,V,546,480,-1
1788814615.7846,1519209,V,549,483,-1
1788814615.7846,1519217,V,546,480,-1
1788814615.7846,1519225,V,548,482,-1
1788814615.8327,1519239,V,547,481,16707
1788814615.8327,1519247,V,546,480,-1
1788814615.8327,1519255,V,547,481,-1
1788814615.8327,1519263,V,547,481,-1
1788814615.8327,1519271,V,548,482,-1
1788814615.8327,1519279,V,548,482,-1
1788814615.8817,1519293,V,547,481,16708
1788814615.8817,1519301,V,547,481,-1
1788814615.8818,1519309,V,547,481,-1
1788814615.8818,1519317,V,547,481,-1
1788814615.8818,1519325,V,548,482,-1
1788814615.8818,1519333,V,548,482,-1
1788814615.9308,1519346,V,547,481,16709
1788814615.9308,1519354,V,547,481,-1
1788814615.9308,1519362,V,548,482,-1
1788814615.9308,1519370,V,547,481,-1
1788814615.9308,1519378,V,548,482,-1
1788814615.9308,1519386,V,547,481,-1
1788814615.9794,1519400,V,548,482,16710
1788814615.9795,1519408,V,548,482,-1
1788814615.9796,1519416,V,554,487,-1
1788814615.9796,1519424,V,548,482,-1
1788814615.9796,1519432,V,548,482,-1
1788814615.9796,1519440,V,548,482,-1
1788814616.0295,1519454,V,548,482,16711
1788814616.0295,1519462,V,548,482,-1
1788814616.0295,1519470,V,547,481,-1
1788814616.0295,1519478,V,548,482,-1
1788814616.0295,1519486,V,548,482,-1
1788814616.0295,1519494,V,547,481,-1
1788814616.0778,1519507,V,547,481,16712
1788814616.0778,1519515,V,553,486,-1
1788814616.0778,1519523,V,546,480,-1
1788814616.0778,1519531,V,547,481,-1
1788814616.0778,1519539,V,547,481,-1
1788814616.0778,1519547,V,547,481,-1
1788814616.1269,1519561,V,547,481,16713
1788814616.1269,1519569,V,547,481,-1
1788814616.1269,1519577,V,546,480,-1
1788814616.1269,1519585,V,546,480,-1
1788814616.1269,1519593,V,546,480,-1
1788814616.1269,1519601,V,546,480,-1
1788814616.1754,1519615,V,547,481,16714
1788814616.1754,1519623,V,545,479,-1
1788814616.1754,1519631,V,545,479,-1
1788814616.1754,1519639,V,545,479,-1
1788814616.1754,1519647,V,546,480,-1
1788814616.1754,1519655,V,545,479,-1
1788814616.2724,1519668,V,547,481,16715
1788814616.2725,1519676,V,546,480,-1
1788814616.2725,1519684,V,545,479,-1
1788814616.2726,1519692,V,546,480,-1
1788814616.2726,1519700,V,546,480,-1
1788814616.2726,1519708,V,545,479,-1
1788814616.3213,1519722,V,545,479,16716
1788814616.3213,1519730,V,547,481,-1
1788814616.3213,1519738,V,547,481,-1
1788814616.3214,1519746,V,548,482,-1
1788814616.3214,1519754,V,548,482,-1
1788814616.3214,1519762,V,547,481,-1
1788814616.3695,1519776,V,548,482,16717
1788814616.3695,1519784,V,548,482,-1
1788814616.3695,1519792,V,547,481,-1
1788814616.3695,1519800,V,547,481,-1
1788814616.3695,1519808,V,549,483,-1
1788814616.3696,1519816,V,549,483,-1
1788814616.4184,1519829,V,547,481,16718
1788814616.4184,1519837,V,548,482,-1
1788814616.4184,1519845,V,547,481,-1
1788814616.4184,1519853,V,550,483,-1
1788814616.4184,1519861,V,548,482,-1
1788814616.4184,1519869,V,547,481,-1
1788814616.4669,1519883,V,547,481,16719
1788814616.4669,1519891,V,548,482,-1
1788814616.4669,1519899,V,547,481,-1
1788814616.4669,1519907,V,547,481,-1
1788814616.4669,1519915,V,547,481,-1
1788814616.4669,1519923,V,548,482,-1
1788814616.5156,1519936,V,547,481,16720
1788814616.5157,1519944,V,547,481,-1
1788814616.5157,1519952,V,551,484,-1
1788814616.5157,1519960,V,547,481,-1
1788814616.5157,1519968,V,548,482,-1
1788814616.5157,1519976,V,547,481,-1
1788814616.5648,1519990,V,549,483,16721
1788814616.5648,1519998,V,547,481,-1
1788814616.5648,1520006,V,547,481,-1
1788814616.5648,1520014,V,546,480,-1
1788814616.5648,1520022,V,547,481,-1
1788814616.5648,1520030,V,546,480,-1
1788814616.6132,1520044,V,549,483,16722
1788814616.6132,1520052,V,564,496,-1
1788814616.6132,1520060,V,547,481,-1
1788814616.6132,1520068,V,546,480,-1
1788814616.6132,1520076,V,546,480,-1
1788814616.6133,1520084,V,547,481,-1
1788814616.6619,1520097,V,546,480,16723
1788814616.6619,1520105,V,546,480,-1
1788814616.6619,1520113,V,547,481,-1
1788814616.6619,1520121,V,547,481,-1
1788814616.6620,1520129,V,547,481,-1
1788814616.6620,1520137,V,547,481,-1
1788814616.7108,1520151,V,548,482,16724
1788814616.7108,1520159,V,547,481,-1
1788814616.7108,1520167,V,547,481,-1
1788814616.7108,1520175,V,547,481,-1
1788814616.7108,1520183,V,547,481,-1
1788814616.7108,1520191,V,546,480,-1
1788814616.8080,1520205,V,547,481,16725
1788814616.8081,1520213,V,546,480,-1
1788814616.8081,1520221,V,546,480,-1
1788814616.8081,1520229,V,545,479,-1
1788814616.8081,1520237,V,546,480,-1
1788814616.8081,1520245,V,546,480,-1
1788814616.8569,1520258,V,547,481,16726
1788814616.8569,1520266,V,546,480,-1
1788814616.8569,1520274,V,547,481,-1
1788814616.8569,1520282,V,546,480,-1
1788814616.8569,1520290,V,545,479,-1
1788814616.8569,1520298,V,546,480,-1
1788814616.9055,1520312,V,547,481,16727
1788814616.9055,1520320,V,544,478,-1
1788814616.9055,1520328,V,546,480,-1
1788814616.9055,1520336,V,546,480,-1
1788814616.9055,1520344,V,546,480,-1
1788814616.9055,1520352,V,547,481,-1
1788814616.9545,1520365,V,546,480,16728
1788814616.9545,1520373,V,546,480,-1
1788814616.9545,1520381,V,546,480,-1
1788814616.9545,1520389,V,551,484,-1
1788814616.9545,1520397,V,547,481,-1
1788814616.9545,1520405,V,546,480,-1
1788814617.0033,1520419,V,548,482,16729
1788814617.0033,1520427,V,547,481,-1
1788814617.0033,1520435,V,548,482,-1
1788814617.0033,1520443,V,547,481,-1
1788814617.0033,1520451,V,547,481,-1
1788814617.0033,1520459,V,548,482,-1
1788814617.0516,1520473,V,547,481,16730
1788814617.0517,1520481,V,548,482,-1
1788814617.0517,1520489,V,550,483,-1
1788814617.0517,1520497,V,547,481,-1
1788814617.0517,1520505,V,547,481,-1
1788814617.0517,1520513,V,547,481,-1
1788814617.1010,1520526,V,546,480,16731
1788814617.1010,1520534,V,546,480,-1
1788814617.1010,1520542,V,547,481,-1
1788814617.1010,1520550,V,546,480,-1
1788814617.1010,1520558,V,546,480,-1
1788814617.1010,1520566,V,546,480,-1
1788814617.1510,1520580,V,547,481,16732
1788814617.1510,1520588,V,562,494,-1
1788814617.1510,1520596,V,545,479,-1
1788814617.1510,1520604,V,546,480,-1
1788814617.1510,1520612,V,545,479,-1
1788814617.1510,1520620,V,546,480,-1
1788814617.1991,1520634,V,546,480,16733
1788814617.1991,1520642,V,546,480,-1
1788814617.1991,1520650,V,546,480,-1
1788814617.1991,1520658,V,547,481,-1
1788814617.1991,1520666,V,546,480,-1
1788814617.1991,1520674,V,545,479,-1
1788814617.2961,1520687,V,547,481,16734
1788814617.2962,1520695,V,547,481,-1
1788814617.2962,1520703,V,547,481,-1
1788814617.2962,1520711,V,547,481,-1
1788814617.2962,1520719,V,546,480,-1
1788814617.2963,1520727,V,547,481,-1
1788814617.3939,1520741,V,546,480,16735
1788814617.3939,1520749,V,547,481,-1
1788814617.3939,1520757,V,547,481,-1
1788814617.3939,1520765,V,547,481,-1
1788814617.3939,1520773,V,547,481,-1
1788814617.3939,1520781,V,546,480,-1
1788814617.3954,1520794,V,547,481,16736
1788814617.3954,1520802,V,547,481,-1
1788814617.3954,1520810,V,547,481,-1
1788814617.3954,1520818,V,547,481,-1
1788814617.3954,1520826,V,548,482,-1
1788814617.3954,1520834,V,547,481,-1
1788814617.4434,1520848,V,547,481,16737
1788814617.4434,1520856,V,546,480,-1
1788814617.4434,1520864,V,546,480,-1
1788814617.4434,1520872,V,547,481,-1
1788814617.4435,1520880,V,547,481,-1
1788814617.4435,1520888,V,547,481,-1
1788814617.4906,1520902,V,546,480,16738
1788814617.4906,1520910,V,547,481,-1
1788814617.4906,1520918,V,547,481,-1
1788814617.4906,1520926,V,550,483,-1
1788814617.4906,1520934,V,547,481,-1
1788814617.4906,1520942,V,546,480,-1
1788814617.5394,1520955,V,546,480,16739
1788814617.5395,1520963,V,546,480,-1
1788814617.5396,1520971,V,546,480,-1
1788814617.5396,1520979,V,546,480,-1
1788814617.5396,1520987,V,546,480,-1
1788814617.5396,1520995,V,546,480,-1
1788814617.5889,1521009,V,546,480,16740
1788814617.5890,1521017,V,545,479,-1
1788814617.5890,1521025,V,547,481,-1
1788814617.5890,1521033,V,546,480,-1
1788814617.5890,1521041,V,546,480,-1
1788814617.5890,1521049,V,546,480,-1
1788814617.6369,1521063,V,546,480,16741
1788814617.6370,1521071,V,547,481,-1
1788814617.6370,1521079,V,547,481,-1
1788814617.6370,1521087,V,547,481,-1
1788814617.6371,1521095,V,547,481,-1
1788814617.6371,1521103,V,547,481,-1
1788814617.6856,1521116,V,548,482,16742
1788814617.6856,1521124,V,565,497,-1
1788814617.6856,1521132,V,547,481,-1
1788814617.6856,1521140,V,547,481,-1
1788814617.6856,1521148,V,547,481,-1
1788814617.6856,1521156,V,547,481,-1
1788814617.7346,1521170,V,547,481,16743
1788814617.7346,1521178,V,548,482,-1
1788814617.7346,1521186,V,547,481,-1
1788814617.7346,1521194,V,548,482,-1
1788814617.7346,1521202,V,547,481,-1
1788814617.7346,1521210,V,548,482,-1
1788814617.7834,1521224,V,548,482,16744
1788814617.7835,1521232,V,546,480,-1
1788814617.7835,1521240,V,547,481,-1
1788814617.7835,1521248,V,546,480,-1
1788814617.7835,1521256,V,547,481,-1
1788814617.7835,1521264,V,547,481,-1
1788814617.8810,1521277,V,547,481,16745
1788814617.8810,1521285,V,546,480,-1
1788814617.8810,1521293,V,547,481,-1
1788814617.8810,1521301,V,546,480,-1
1788814617.8811,1521309,V,547,481,-1
1788814617.8811,1521317,V,547,481,-1
1788814617.9293,1521331,V,546,480,16746
1788814617.9293,1521339,V,547,481,-1
1788814617.9293,1521347,V,547,481,-1
1788814617.9293,1521355,V,547,481,-1
1788814617.9293,1521363,V,546,480,-1
1788814617.9293,1521371,V,546,480,-1
1788814617.9782,1521384,V,547,481,16747
1788814617.9782,1521392,V,547,481,-1
1788814617.9782,1521400,V,546,480,-1
1788814617.9782,1521408,V,547,481,-1
1788814617.9782,1521416,V,547,481,-1
1788814617.9782,1521424,V,547,481,-1
1788814618.0271,1521438,V,547,481,16748
1788814618.0272,1521446,V,546,480,-1
1788814618.0272,1521454,V,546,480,-1
1788814618.0272,1521462,V,550,483,-1
1788814618.0272,1521470,V,546,480,-1
1788814618.0272,1521478,V,546,480,-1
1788814618.0761,1521492,V,546,480,16749
1788814618.0762,1521500,V,546,480,-1
1788814618.0762,1521508,V,546,480,-1
1788814618.0762,1521516,V,547,481,-1
1788814618.0762,1521524,V,546,480,-1
1788814618.0762,1521532,V,546,480,-1
1788814618.1246,1521545,V,547,481,16750
1788814618.1246,1521553,V,546,480,-1
1788814618.1246,1521561,V,549,483,-1
1788814618.1246,1521569,V,547,481,-1
1788814618.1246,1521577,V,545,479,-1
1788814618.1246,1521585,V,546,480,-1
1788814618.1750,1521599,V,547,481,16751
1788814618.1750,1521607,V,547,481,-1
1788814618.1750,1521615,V,546,480,-1
1788814618.1750,1521623,V,548,482,-1
1788814618.1750,1521631,V,546,480,-1
1788814618.1750,1521639,V,547,481,-1
1788814618.2226,1521652,V,547,481,16752
1788814618.2226,1521660,V,556,489,-1
1788814618.2226,1521668,V,546,480,-1
1788814618.2226,1521676,V,546,480,-1
1788814618.2226,1521684,V,546,480,-1
1788814618.2226,1521692,V,546,480,-1
1788814618.2716,1521706,V,547,481,16753
1788814618.2718,1521714,V,545,479,-1
1788814618.2718,1521722,V,546,480,-1
1788814618.2718,1521730,V,547,481,-1
1788814618.2718,1521738,V,547,481,-1
1788814618.2718,1521746,V,546,480,-1
1788814618.3198,1521760,V,549,483,16754
1788814618.3199,1521768,V,547,481,-1
1788814618.3199,1521776,V,547,481,-1
1788814618.3199,1521784,V,547,481,-1
1788814618.3199,1521792,V,547,481,-1
1788814618.3199,1521800,V,547,481,-1
1788814618.4173,1521813,V,547,481,16755
1788814618.4173,1521821,V,548,482,-1
1788814618.4173,1521829,V,547,481,-1
1788814618.4173,1521837,V,547,481,-1
1788814618.4173,1521845,V,547,481,-1
1788814618.4174,1521853,V,546,480,-1
1788814618.4658,1521867,V,547,481,16756
1788814618.4658,1521875,V,546,480,-1
1788814618.4658,1521883,V,546,480,-1
1788814618.4658,1521891,V,546,480,-1
1788814618.4658,1521899,V,547,481,-1
1788814618.4658,1521907,V,547,481,-1
1788814618.5179,1521920,V,547,481,16757
1788814618.5180,1521928,V,546,480,-1
1788814618.5180,1521936,V,546,480,-1
1788814618.5180,1521944,V,547,481,-1
1788814618.5181,1521952,V,546,480,-1
1788814618.5181,1521960,V,547,481,-1
1788814618.5640,1521974,V,547,481,16758
1788814618.5640,1521982,V,546,480,-1
1788814618.5640,1521990,V,547,481,-1
1788814618.5640,1521998,V,547,481,-1
1788814618.5640,1522006,V,546,480,-1
1788814618.5641,1522014,V,546,480,-1
1788814618.6129,1522028,V,547,481,16759
1788814618.6129,1522036,V,547,481,-1
1788814618.6129,1522044,V,547,481,-1
1788814618.6129,1522052,V,548,482,-1
1788814618.6129,1522060,V,547,481,-1
1788814618.6129,1522068,V,547,481,-1
1788814618.6615,1522081,V,546,480,16760
1788814618.6616,1522089,V,547,481,-1
1788814618.6616,1522097,V,550,483,-1
1788814618.6616,1522105,V,547,481,-1
1788814618.6616,1522113,V,546,480,-1
1788814618.6616,1522121,V,547,481,-1
1788814618.7593,1522135,V,547,481,16761
1788814618.7595,1522143,V,547,481,-1
1788814618.7595,1522151,V,547,481,-1
1788814618.7595,1522159,V,547,481,-1
1788814618.7595,1522167,V,546,480,-1
1788814618.7595,1522175,V,547,481,-1
1788814618.7607,1522189,V,546,480,16762
1788814618.7607,1522197,V,557,490,-1
1788814618.7607,1522205,V,546,480,-1
1788814618.7607,1522213,V,547,481,-1
1788814618.7607,1522221,V,547,481,-1
1788814618.7607,1522229,V,547,481,-1
1788814618.8075,1522242,V,546,480,16763
1788814618.8076,1522250,V,547,481,-1
1788814618.8076,1522258,V,547,481,-1
1788814618.8076,1522266,V,547,481,-1
1788814618.8076,1522274,V,548,482,-1
1788814618.8076,1522282,V,546,480,-1
1788814618.8566,1522296,V,550,483,16764
1788814618.8566,1522304,V,547,481,-1
1788814618.8566,1522312,V,546,480,-1
1788814618.8566,1522320,V,547,481,-1
1788814618.8566,1522328,V,547,481,-1
1788814618.8566,1522336,V,546,480,-1
1788814618.9532,1522350,V,547,481,16765
1788814618.9533,1522358,V,546,480,-1
1788814618.9533,1522366,V,546,480,-1
1788814618.9533,1522374,V,546,480,-1
1788814618.9533,1522382,V,547,481,-1
1788814618.9533,1522390,V,547,481,-1
1788814619.0019,1522403,V,546,480,16766
1788814619.0020,1522411,V,547,481,-1
1788814619.0021,1522419,V,547,481,-1
1788814619.0021,1522427,V,547,481,-1
1788814619.0021,1522435,V,547,481,-1
1788814619.0021,1522443,V,548,482,-1
1788814619.0521,1522457,V,546,480,16767
1788814619.0521,1522465,V,547,481,-1
1788814619.0521,1522473,V,547,481,-1
1788814619.0522,1522481,V,547,481,-1
1788814619.0522,1522489,V,547,481,-1
1788814619.0522,1522497,V,546,480,-1
1788814619.1004,1522510,V,546,480,16768
1788814619.1005,1522518,V,546,480,-1
1788814619.1005,1522526,V,547,481,-1
1788814619.1005,1522534,V,548,482,-1
1788814619.1005,1522542,V,547,481,-1
1788814619.1005,1522550,V,547,481,-1
1788814619.1504,1522564,V,547,481,16769
1788814619.1504,1522572,V,547,481,-1
1788814619.1504,1522580,V,546,480,-1
1788814619.1504,1522588,V,546,480,-1
1788814619.1505,1522596,V,546,480,-1
1788814619.1505,1522604,V,547,481,-1
1788814619.1980,1522618,V,547,481,16770
1788814619.1980,1522626,V,547,481,-1
1788814619.1980,1522634,V,552,485,-1
1788814619.1980,1522642,V,548,482,-1
1788814619.1980,1522650,V,548,482,-1
1788814619.1980,1522658,V,546,480,-1
1788814619.2467,1522671,V,547,481,16771
1788814619.2468,1522679,V,547,481,-1
1788814619.2468,1522687,V,546,480,-1
1788814619.2469,1522695,V,547,481,-1
1788814619.2469,1522703,V,547,481,-1
1788814619.2469,1522711,V,547,481,-1
1788814619.2956,1522725,V,547,481,16772
1788814619.2956,1522733,V,556,489,-1
1788814619.2956,1522741,V,547,481,-1
1788814619.2956,1522749,V,547,481,-1
1788814619.2956,1522757,V,545,479,-1
1788814619.2956,1522765,V,545,479,-1
1788814619.3927,1522779,V,546,480,16773
1788814619.3927,1522787,V,546,480,-1
1788814619.3927,1522795,V,546,480,-1
1788814619.3927,1522803,V,545,479,-1
1788814619.3927,1522811,V,545,479,-1
1788814619.3927,1522819,V,545,479,-1
1788814619.3937,1522832,V,546,480,16774
1788814619.3937,1522840,V,545,479,-1
1788814619.3937,1522848,V,545,479,-1
1788814619.3937,1522856,V,545,479,-1
1788814619.3937,1522864,V,546,480,-1
1788814619.3937,1522872,V,546,480,-1
1788814619.4900,1522886,V,545,479,16775
1788814619.4902,1522894,V,545,479,-1
1788814619.4902,1522902,V,545,479,-1
1788814619.4902,1522910,V,545,479,-1
1788814619.4902,1522918,V,545,479,-1
1788814619.4902,1522926,V,544,478,-1
1788814619.5387,1522940,V,546,480,16776
1788814619.5387,1522948,V,546,480,-1
1788814619.5388,1522956,V,546,480,-1
1788814619.5388,1522964,V,546,480,-1
1788814619.5388,1522972,V,546,480,-1
1788814619.5388,1522980,V,546,480,-1
1788814619.5871,1522993,V,545,479,16777
1788814619.5872,1523001,V,546,480,-1
1788814619.5872,1523009,V,547,481,-1
1788814619.5872,1523017,V,546,480,-1
1788814619.5872,1523025,V,547,481,-1
1788814619.5872,1523033,V,547,481,-1
1788814619.6358,1523047,V,546,480,16778
1788814619.6358,1523055,V,546,480,-1
1788814619.6358,1523063,V,546,480,-1
1788814619.6358,1523071,V,550,483,-1
1788814619.6358,1523079,V,547,481,-1
1788814619.6358,1523087,V,547,481,-1
1788814619.7021,1523100,V,547,481,16779
1788814619.7023,1523108,V,547,481,-1
1788814619.7023,1523116,V,547,481,-1
1788814619.7023,1523124,V,546,480,-1
1788814619.7023,1523132,V,547,481,-1
1788814619.7023,1523140,V,547,481,-1
1788814619.7333,1523154,V,548,482,16780
1788814619.7333,1523162,V,547,481,-1
1788814619.7333,1523170,V,552,485,-1
1788814619.7333,1523178,V,547,481,-1
1788814619.7333,1523186,V,547,481,-1
1788814619.7333,1523194,V,547,481,-1
1788814619.7840,1523208,V,548,482,16781
1788814619.7840,1523216,V,547,481,-1
1788814619.7840,1523224,V,545,479,-1
1788814619.7840,1523232,V,545,479,-1
1788814619.7840,1523240,V,547,481,-1
1788814619.7840,1523248,V,546,480,-1
1788814619.8308,1523261,V,547,481,16782
1788814619.8309,1523269,V,563,495,-1
1788814619.8309,1523277,V,546,480,-1
1788814619.8309,1523285,V,546,480,-1
1788814619.8309,1523293,V,546,480,-1
1788814619.8309,1523301,V,547,481,-1
1788814619.8795,1523315,V,546,480,16783
1788814619.8795,1523323,V,546,480,-1
1788814619.8795,1523331,V,547,481,-1
1788814619.8796,1523339,V,547,481,-1
1788814619.8796,1523347,V,546,480,-1
1788814619.8796,1523355,V,546,480,-1
1788814619.9282,1523369,V,548,482,16784
1788814619.9283,1523377,V,547,481,-1
1788814619.9283,1523385,V,547,481,-1
1788814619.9283,1523393,V,546,480,-1
1788814619.9283,1523401,V,546,480,-1
1788814619.9283,1523409,V,548,482,-1
1788814620.0259,1523422,V,547,481,16785
1788814620.0259,1523430,V,547,481,-1
1788814620.0259,1523438,V,547,481,-1
1788814620.0259,1523446,V,546,480,-1
1788814620.0259,1523454,V,547,481,-1
1788814620.0260,1523462,V,547,481,-1
1788814620.0774,1523476,V,548,482,16786
1788814620.0775,1523484,V,546,480,-1
1788814620.0775,1523492,V,547,481,-1
1788814620.0775,1523500,V,548,482,-1
1788814620.0775,1523508,V,548,482,-1
1788814620.0775,1523516,V,547,481,-1
1788814620.1236,1523529,V,548,482,16787
1788814620.1236,1523537,V,548,482,-1
1788814620.1236,1523545,V,548,482,-1
1788814620.1236,1523553,V,547,481,-1
1788814620.1236,1523561,V,549,483,-1
1788814620.1236,1523569,V,547,481,-1
1788814620.1741,1523583,V,548,482,16788
1788814620.1743,1523591,V,547,481,-1
1788814620.1743,1523599,V,547,481,-1
1788814620.1743,1523607,V,550,483,-1
1788814620.1743,1523615,V,548,482,-1
1788814620.1743,1523623,V,547,481,-1
1788814620.2212,1523637,V,546,480,16789
1788814620.2212,1523645,V,548,482,-1
1788814620.2212,1523653,V,546,480,-1
1788814620.2212,1523661,V,547,481,-1
1788814620.2212,1523669,V,546,480,-1
1788814620.2212,1523677,V,546,480,-1
1788814620.2716,1523690,V,545,479,16790
1788814620.2716,1523698,V,546,480,-1
1788814620.2716,1523706,V,548,482,-1
1788814620.2717,1523714,V,545,479,-1
1788814620.2717,1523722,V,545,479,-1
1788814620.2717,1523730,V,546,480,-1
1788814620.3184,1523744,V,545,479,16791
1788814620.3185,1523752,V,546,480,-1
1788814620.3185,1523760,V,546,480,-1
1788814620.3185,1523768,V,546,480,-1
1788814620.3185,1523776,V,546,480,-1
1788814620.3185,1523784,V,545,479,-1
1788814620.3670,1523798,V,545,479,16792
1788814620.3670,1523806,V,563,495,-1
1788814620.3670,1523814,V,545,479,-1
1788814620.3670,1523822,V,545,479,-1
1788814620.3670,1523830,V,547,481,-1
1788814620.3670,1523838,V,546,480,-1
1788814620.4159,1523851,V,546,480,16793
1788814620.4160,1523859,V,547,481,-1
1788814620.4160,1523867,V,545,479,-1
1788814620.4160,1523875,V,545,479,-1
1788814620.4160,1523883,V,546,480,-1
1788814620.4160,1523891,V,546,480,-1
1788814620.4649,1523905,V,547,481,16794
1788814620.4649,1523913,V,546,480,-1
1788814620.4649,1523921,V,546,480,-1
1788814620.4649,1523929,V,546,480,-1
1788814620.4650,1523937,V,547,481,-1
1788814620.4650,1523945,V,546,480,-1
1788814620.5621,1523959,V,546,480,16795
1788814620.5621,1523967,V,547,481,-1
1788814620.5621,1523975,V,547,481,-1
1788814620.5621,1523983,V,547,481,-1
1788814620.5621,1523991,V,548,482,-1
1788814620.5621,1523999,V,547,481,-1
1788814620.6109,1524012,V,546,480,16796
1788814620.6109,1524020,V,548,482,-1
1788814620.6110,1524028,V,547,481,-1
1788814620.6110,1524036,V,546,480,-1
1788814620.6110,1524044,V,546,480,-1
1788814620.6110,1524052,V,546,480,-1
1788814620.6592,1524066,V,546,480,16797
1788814620.6594,1524074,V,546,480,-1
1788814620.6594,1524082,V,547,481,-1
1788814620.6594,1524090,V,547,481,-1
1788814620.6594,1524098,V,547,481,-1
1788814620.6594,1524106,V,547,481,-1
1788814620.7081,1524119,V,548,482,16798
1788814620.7081,1524127,V,548,482,-1
1788814620.7081,1524135,V,546,480,-1
1788814620.7081,1524143,V,553,486,-1
1788814620.7081,1524151,V,546,480,-1
1788814620.7081,1524159,V,547,481,-1
1788814620.7570,1524173,V,546,480,16799
1788814620.7570,1524181,V,546,480,-1
1788814620.7570,1524189,V,547,481,-1
1788814620.7570,1524197,V,547,481,-1
1788814620.7570,1524205,V,548,482,-1
1788814620.7570,1524213,V,547,481,-1
1788814620.8055,1524227,V,548,482,16800
1788814620.8055,1524235,V,547,481,-1
1788814620.8055,1524243,V,550,483,-1
1788814620.8055,1524251,V,548,482,-1
1788814620.8055,1524259,V,547,481,-1
1788814620.8055,1524267,V,548,482,-1
1788814620.9036,1524280,V,546,480,16801
1788814620.9038,1524288,V,548,482,-1
1788814620.9038,1524296,V,548,482,-1
1788814620.9038,1524304,V,549,483,-1
1788814620.9038,1524312,V,547,481,-1
1788814620.9038,1524320,V,548,482,-1
1788814620.9053,1524334,V,548,482,16802
1788814620.9053,1524342,V,569,500,-1
1788814620.9053,1524350,V,548,482,-1
1788814620.9053,1524358,V,548,482,-1
1788814620.9053,1524366,V,547,481,-1
1788814620.9053,1524374,V,547,481,-1
1788814620.9522,1524388,V,547,481,16803
1788814620.9523,1524396,V,547,481,-1
1788814620.9523,1524404,V,547,481,-1
1788814620.9523,1524412,V,547,481,-1
1788814620.9523,1524420,V,548,482,-1
1788814620.9523,1524428,V,547,481,-1
1788814621.0010,1524441,V,548,482,16804
1788814621.0010,1524449,V,548,482,-1
1788814621.0010,1524457,V,547,481,-1
1788814621.0010,1524465,V,549,483,-1
1788814621.0010,1524473,V,548,482,-1
1788814621.0010,1524481,V,548,482,-1
1788814621.0985,1524495,V,547,481,16805
1788814621.0985,1524503,V,548,482,-1
1788814621.0985,1524511,V,547,481,-1
1788814621.0985,1524519,V,547,481,-1
1788814621.0985,1524527,V,548,482,-1
1788814621.0985,1524535,V,548,482,-1
1788814621.1471,1524548,V,549,483,16806
1788814621.1472,1524556,V,547,481,-1
1788814621.1472,1524564,V,549,483,-1
1788814621.1472,1524572,V,547,481,-1
1788814621.1472,1524580,V,549,483,-1
1788814621.1472,1524588,V,547,481,-1
1788814621.1962,1524602,V,546,480,16807
1788814621.1963,1524610,V,547,481,-1
1788814621.1963,1524618,V,546,480,-1
1788814621.1963,1524626,V,546,480,-1
1788814621.1963,1524634,V,547,481,-1
1788814621.1963,1524642,V,547,481,-1
1788814621.2444,1524656,V,546,480,16808
1788814621.2444,1524664,V,546,480,-1
1788814621.2446,1524672,V,547,481,-1
1788814621.2446,1524680,V,551,484,-1
1788814621.2446,1524688,V,547,481,-1
1788814621.2446,1524696,V,546,480,-1
1788814621.2943,1524709,V,546,480,16809
1788814621.2943,1524717,V,547,481,-1
1788814621.2943,1524725,V,547,481,-1
1788814621.2943,1524733,V,545,479,-1
1788814621.2943,1524741,V,546,480,-1
1788814621.2943,1524749,V,547,481,-1
1788814621.3421,1524763,V,546,480,16810
1788814621.3421,1524771,V,546,480,-1
1788814621.3421,1524779,V,548,482,-1
1788814621.3421,1524787,V,546,480,-1
1788814621.3421,1524795,V,545,479,-1
1788814621.3421,1524803,V,546,480,-1
1788814621.3908,1524816,V,546,480,16811
1788814621.3910,1524824,V,546,480,-1
1788814621.3910,1524832,V,548,482,-1
1788814621.3910,1524840,V,547,481,-1
1788814621.3910,1524848,V,547,481,-1
1788814621.3910,1524856,V,548,482,-1
1788814621.4904,1524870,V,548,482,16812
1788814621.4905,1524878,V,563,495,-1
1788814621.4905,1524886,V,547,481,-1
1788814621.4905,1524894,V,548,482,-1
1788814621.4905,1524902,V,548,482,-1
1788814621.4905,1524910,V,547,481,-1
1788814621.4908,1524924,V,548,482,16813
1788814621.4908,1524932,V,548,482,-1
1788814621.4908,1524940,V,548,482,-1
1788814621.4908,1524948,V,550,483,-1
1788814621.4908,1524956,V,548,482,-1
1788814621.4908,1524964,V,550,483,-1
1788814621.5367,1524977,V,557,490,16814
1788814621.5367,1524985,V,548,482,-1
1788814621.5367,1524993,V,548,482,-1
1788814621.5367,1525001,V,548,482,-1
1788814621.5367,1525009,V,548,482,-1
1788814621.5367,1525017,V,549,483,-1
1788814621.6346,1525031,V,548,482,16815
1788814621.6347,1525039,V,548,482,-1
1788814621.6347,1525047,V,547,481,-1
1788814621.6347,1525055,V,547,481,-1
1788814621.6347,1525063,V,547,481,-1
1788814621.6348,1525071,V,547,481,-1
1788814621.6835,1525085,V,547,481,16816
1788814621.6835,1525093,V,546,480,-1
1788814621.6835,1525101,V,546,480,-1
1788814621.6836,1525109,V,547,481,-1
1788814621.6836,1525117,V,546,480,-1
1788814621.6836,1525125,V,547,481,-1
1788814621.7322,1525138,V,547,481,16817
1788814621.7322,1525146,V,546,480,-1
1788814621.7322,1525154,V,546,480,-1
1788814621.7323,1525162,V,546,480,-1
1788814621.7323,1525170,V,546,480,-1
1788814621.7323,1525178,V,546,480,-1
1788814621.7809,1525192,V,547,481,16818
1788814621.7810,1525200,V,546,480,-1
1788814621.7810,1525208,V,546,480,-1
1788814621.7810,1525216,V,551,484,-1
1788814621.7810,1525224,V,548,482,-1
1788814621.7810,1525232,V,547,481,-1
1788814621.8306,1525246,V,545,479,16819
1788814621.8306,1525254,V,547,481,-1
1788814621.8306,1525262,V,546,480,-1
1788814621.8307,1525270,V,546,480,-1
1788814621.8307,1525278,V,547,481,-1
1788814621.8307,1525286,V,546,480,-1
1788814621.8798,1525299,V,547,481,16820
1788814621.8799,1525307,V,547,481,-1
1788814621.8799,1525315,V,550,483,-1
1788814621.8799,1525323,V,545,479,-1
1788814621.8800,1525331,V,546,480,-1
1788814621.8800,1525339,V,548,482,-1
1788814621.9271,1525353,V,547,481,16821
1788814621.9272,1525361,V,548,482,-1
1788814621.9272,1525369,V,546,480,-1
1788814621.9272,1525377,V,548,482,-1
1788814621.9272,1525385,V,548,482,-1
1788814621.9272,1525393,V,546,480,-1
1788814621.9760,1525407,V,548,482,16822
1788814621.9760,1525415,V,555,488,-1
1788814621.9760,1525423,V,548,482,-1
1788814621.9760,1525431,V,547,481,-1
1788814621.9760,1525439,V,548,482,-1
1788814621.9760,1525447,V,547,481,-1
1788814622.0246,1525460,V,548,482,16823
1788814622.0246,1525468,V,547,481,-1
1788814622.0246,1525476,V,547,481,-1
1788814622.0246,1525484,V,547,481,-1
1788814622.0246,1525492,V,548,482,-1
1788814622.0246,1525500,V,547,481,-1
1788814622.0733,1525514,V,547,481,16824
1788814622.0733,1525522,V,546,480,-1
1788814622.0733,1525530,V,547,481,-1
1788814622.0734,1525538,V,547,481,-1
1788814622.0734,1525546,V,546,480,-1
1788814622.0734,1525554,V,547,481,-1
1788814622.1731,1525568,V,547,481,16825
1788814622.1732,1525576,V,546,480,-1
1788814622.1732,1525584,V,547,481,-1
1788814622.1732,1525592,V,546,480,-1
1788814622.1732,1525600,V,547,481,-1
1788814622.1733,1525608,V,546,480,-1
1788814622.2199,1525621,V,547,481,16826
1788814622.2200,1525629,V,548,482,-1
1788814622.2200,1525637,V,546,480,-1
1788814622.2200,1525645,V,548,482,-1
1788814622.2200,1525653,V,547,481,-1
1788814622.2200,1525661,V,547,481,-1
1788814622.2682,1525675,V,548,482,16827
1788814622.2683,1525683,V,548,482,-1
1788814622.2683,1525691,V,547,481,-1
1788814622.2683,1525699,V,548,482,-1
1788814622.2683,1525707,V,549,483,-1
1788814622.2683,1525715,V,549,483,-1
1788814622.3171,1525729,V,547,481,16828
1788814622.3171,1525737,V,548,482,-1
1788814622.3172,1525745,V,546,480,-1
1788814622.3172,1525753,V,555,488,-1
1788814622.3172,1525761,V,548,482,-1
1788814622.3172,1525769,V,549,483,-1
1788814622.3658,1525782,V,547,481,16829
1788814622.3658,1525790,V,548,482,-1
1788814622.3658,1525798,V,546,480,-1
1788814622.3658,1525806,V,547,481,-1
1788814622.3658,1525814,V,548,482,-1
1788814622.3658,1525822,V,548,482,-1
1788814622.4146,1525836,V,548,482,16830
1788814622.4147,1525844,V,547,481,-1
1788814622.4147,1525852,V,555,488,-1
1788814622.4148,1525860,V,547,481,-1
1788814622.4148,1525868,V,548,482,-1
1788814622.4148,1525876,V,547,481,-1
1788814622.4639,1525890,V,546,480,16831
1788814622.4639,1525898,V,547,481,-1
1788814622.4639,1525906,V,547,481,-1
1788814622.4639,1525914,V,547,481,-1
1788814622.4639,1525922,V,547,481,-1
1788814622.4639,1525930,V,546,480,-1
1788814622.5141,1525943,V,547,481,16832
1788814622.5142,1525951,V,549,483,-1
1788814622.5142,1525959,V,546,480,-1
1788814622.5142,1525967,V,546,480,-1
1788814622.5142,1525975,V,545,479,-1
1788814622.5142,1525983,V,546,480,-1
1788814622.5618,1525997,V,547,481,16833
1788814622.5619,1526005,V,546,480,-1
1788814622.5619,1526013,V,547,481,-1
1788814622.5619,1526021,V,547,481,-1
1788814622.5619,1526029,V,546,480,-1
1788814622.5619,1526037,V,547,481,-1
1788814622.6097,1526050,V,546,480,16834
1788814622.6097,1526058,V,548,482,-1
1788814622.6097,1526066,V,546,480,-1
1788814622.6097,1526074,V,548,482,-1
1788814622.6097,1526082,V,546,480,-1
1788814622.6097,1526090,V,547,481,-1
1788814622.7073,1526104,V,546,480,16835
1788814622.7074,1526112,V,546,480,-1
1788814622.7075,1526120,V,547,481,-1
1788814622.7075,1526128,V,547,481,-1
1788814622.7075,1526136,V,548,482,-1
1788814622.7075,1526144,V,547,481,-1
1788814622.7562,1526158,V,547,481,16836
1788814622.7562,1526166,V,547,481,-1
1788814622.7562,1526174,V,547,481,-1
1788814622.7562,1526182,V,548,482,-1
1788814622.7562,1526190,V,548,482,-1
1788814622.7562,1526198,V,546,480,-1
1788814622.8148,1526211,V,547,481,16837
1788814622.8148,1526219,V,547,481,-1
1788814622.8149,1526227,V,548,482,-1
1788814622.8149,1526235,V,547,481,-1
1788814622.8149,1526243,V,547,481,-1
1788814622.8149,1526251,V,547,481,-1
1788814622.8542,1526265,V,546,480,16838
1788814622.8542,1526273,V,548,482,-1
1788814622.8542,1526281,V,548,482,-1
1788814622.8542,1526289,V,553,486,-1
1788814622.8542,1526297,V,545,479,-1
1788814622.8542,1526305,V,548,482,-1
1788814622.9033,1526319,V,547,481,16839
1788814622.9033,1526327,V,547,481,-1
1788814622.9033,1526335,V,548,482,-1
1788814622.9034,1526343,V,547,481,-1
1788814622.9034,1526351,V,546,480,-1
1788814622.9034,1526359,V,547,481,-1
1788814622.9517,1526372,V,547,481,16840
1788814622.9518,1526380,V,547,481,-1
1788814622.9518,1526388,V,557,490,-1
1788814622.9518,1526396,V,547,481,-1
1788814622.9518,1526404,V,547,481,-1
1788814622.9518,1526412,V,547,481,-1
1788814623.0009,1526426,V,546,480,16841
1788814623.0009,1526434,V,546,480,-1
1788814623.0009,1526442,V,547,481,-1
1788814623.0009,1526450,V,546,480,-1
1788814623.0011,1526458,V,546,480,-1
1788814623.0011,1526466,V,546,480,-1
1788814623.0977,1526480,V,546,480,16842
1788814623.0977,1526488,V,549,483,-1
1788814623.0977,1526496,V,547,481,-1
1788814623.0977,1526504,V,547,481,-1
1788814623.0977,1526512,V,546,480,-1
1788814623.0977,1526520,V,545,479,-1
1788814623.1461,1526533,V,546,480,16843
1788814623.1461,1526541,V,545,479,-1
1788814623.1461,1526549,V,545,479,-1
1788814623.1462,1526557,V,545,479,-1
1788814623.1462,1526565,V,546,480,-1
1788814623.1462,1526573,V,546,480,-1
1788814623.1483,1526587,V,547,481,16844
1788814623.1483,1526595,V,546,480,-1
1788814623.1483,1526603,V,546,480,-1
1788814623.1483,1526611,V,547,481,-1
1788814623.1483,1526619,V,547,481,-1
1788814623.1483,1526627,V,546,480,-1
1788814623.2445,1526640,V,547,481,16845
1788814623.2446,1526648,V,546,480,-1
1788814623.2446,1526656,V,546,480,-1
1788814623.2446,1526664,V,546,480,-1
1788814623.2446,1526672,V,546,480,-1
1788814623.2446,1526680,V,547,481,-1
1788814623.2932,1526694,V,545,479,16846
1788814623.2932,1526702,V,546,480,-1
1788814623.2932,1526710,V,546,480,-1
1788814623.2932,1526718,V,546,480,-1
1788814623.2932,1526726,V,548,482,-1
1788814623.2932,1526734,V,546,480,-1
1788814623.3418,1526747,V,548,482,16847
1788814623.3418,1526755,V,547,481,-1
1788814623.3418,1526763,V,546,480,-1
1788814623.3418,1526771,V,548,482,-1
1788814623.3418,1526779,V,547,481,-1
1788814623.3418,1526787,V,547,481,-1
1788814623.3904,1526801,V,548,482,16848
1788814623.3904,1526809,V,547,481,-1
1788814623.3904,1526817,V,548,482,-1
1788814623.3904,1526825,V,553,486,-1
1788814623.3904,1526833,V,547,481,-1
1788814623.3904,1526841,V,548,482,-1
1788814623.4391,1526855,V,547,481,16849
1788814623.4391,1526863,V,548,482,-1
1788814623.4392,1526871,V,546,480,-1
1788814623.4392,1526879,V,547,481,-1
1788814623.4392,1526887,V,547,481,-1
1788814623.4392,1526895,V,547,481,-1
1788814623.4905,1526908,V,546,480,16850
1788814623.4906,1526916,V,547,481,-1
1788814623.4906,1526924,V,554,487,-1
1788814623.4906,1526932,V,546,480,-1
1788814623.4906,1526940,V,546,480,-1
1788814623.4906,1526948,V,546,480,-1
1788814623.5377,1526962,V,548,482,16851
1788814623.5377,1526970,V,547,481,-1
1788814623.5377,1526978,V,548,482,-1
1788814623.5377,1526986,V,546,480,-1
1788814623.5378,1526994,V,546,480,-1
1788814623.5378,1527002,V,545,479,-1
1788814623.5846,1527016,V,547,481,16852
1788814623.5846,1527024,V,549,483,-1
1788814623.5846,1527032,V,547,481,-1
1788814623.5846,1527040,V,547,481,-1
1788814623.5846,1527048,V,547,481,-1
1788814623.5846,1527056,V,547,481,-1
1788814623.6342,1527069,V,547,481,16853
1788814623.6343,1527077,V,547,481,-1
1788814623.6343,1527085,V,547,481,-1
1788814623.6343,1527093,V,546,480,-1
1788814623.6343,1527101,V,546,480,-1
1788814623.6343,1527109,V,547,481,-1
1788814623.6821,1527123,V,547,481,16854
1788814623.6821,1527131,V,546,480,-1
1788814623.6821,1527139,V,546,480,-1
1788814623.6821,1527147,V,546,480,-1
1788814623.6821,1527155,V,547,481,-1
1788814623.6821,1527163,V,547,481,-1
1788814623.7806,1527177,V,546,480,16855
1788814623.7808,1527185,V,547,481,-1
1788814623.7808,1527193,V,546,480,-1
1788814623.7808,1527201,V,547,481,-1
1788814623.7808,1527209,V,546,480,-1
1788814623.7808,1527217,V,546,480,-1
1788814623.8294,1527230,V,547,481,16856
1788814623.8294,1527238,V,546,480,-1
1788814623.8294,1527246,V,547,481,-1
1788814623.8294,1527254,V,546,480,-1
1788814623.8294,1527262,V,550,483,-1
1788814623.8294,1527270,V,546,480,-1
1788814623.8777,1527284,V,546,480,16857
1788814623.8777,1527292,V,547,481,-1
1788814623.8777,1527300,V,546,480,-1
1788814623.8777,1527308,V,546,480,-1
1788814623.8777,1527316,V,547,481,-1
1788814623.8777,1527324,V,546,480,-1
1788814623.9258,1527337,V,547,481,16858
1788814623.9259,1527345,V,546,480,-1
1788814623.9259,1527353,V,546,480,-1
1788814623.9259,1527361,V,550,483,-1
1788814623.9259,1527369,V,547,481,-1
1788814623.9259,1527377,V,547,481,-1
1788814623.9755,1527391,V,547,481,16859
1788814623.9755,1527399,V,546,480,-1
1788814623.9755,1527407,V,547,481,-1
1788814623.9755,1527415,V,547,481,-1
1788814623.9755,1527423,V,547,481,-1
1788814623.9755,1527431,V,547,481,-1
1788814624.0242,1527445,V,547,481,16860
1788814624.0244,1527453,V,547,481,-1
1788814624.0244,1527461,V,562,494,-1
1788814624.0244,1527469,V,548,482,-1
1788814624.0244,1527477,V,547,481,-1
1788814624.0244,1527485,V,548,482,-1
1788814624.0725,1527498,V,547,481,16861
1788814624.0726,1527506,V,547,481,-1
1788814624.0726,1527514,V,548,482,-1
1788814624.0726,1527522,V,547,481,-1
1788814624.0726,1527530,V,547,481,-1
1788814624.0726,1527538,V,546,480,-1
1788814624.1210,1527552,V,546,480,16862
1788814624.1210,1527560,V,548,482,-1
1788814624.1210,1527568,V,546,480,-1
1788814624.1210,1527576,V,547,481,-1
1788814624.1210,1527584,V,546,480,-1
1788814624.1210,1527592,V,547,481,-1
1788814624.1723,1527606,V,546,480,16863
1788814624.1723,1527614,V,547,481,-1
1788814624.1723,1527622,V,548,482,-1
1788814624.1724,1527630,V,547,481,-1
1788814624.1724,1527638,V,548,482,-1
1788814624.1724,1527646,V,548,482,-1
1788814624.2183,1527659,V,547,481,16864
1788814624.2183,1527667,V,546,480,-1
1788814624.2183,1527675,V,548,482,-1
1788814624.2184,1527683,V,547,481,-1
1788814624.2184,1527691,V,547,481,-1
1788814624.2184,1527699,V,548,482,-1
1788814624.3160,1527713,V,546,480,16865
1788814624.3161,1527721,V,548,482,-1
1788814624.3161,1527729,V,547,481,-1
1788814624.3162,1527737,V,546,480,-1
1788814624.3162,1527745,V,548,482,-1
1788814624.3162,1527753,V,547,481,-1
1788814624.3650,1527766,V,547,481,16866
1788814624.3651,1527774,V,547,481,-1
1788814624.3651,1527782,V,546,480,-1
1788814624.3651,1527790,V,546,480,-1
1788814624.3651,1527798,V,550,483,-1
1788814624.3651,1527806,V,545,479,-1
1788814624.4134,1527820,V,547,481,16867
1788814624.4134,1527828,V,545,479,-1
1788814624.4134,1527836,V,545,479,-1
1788814624.4134,1527844,V,545,479,-1
1788814624.4134,1527852,V,545,479,-1
1788814624.4134,1527860,V,545,479,-1
1788814624.4622,1527874,V,546,480,16868
1788814624.4622,1527882,V,546,480,-1
1788814624.4622,1527890,V,546,480,-1
1788814624.4622,1527898,V,549,483,-1
1788814624.4622,1527906,V,545,479,-1
1788814624.4622,1527914,V,546,480,-1
1788814624.5108,1527927,V,546,480,16869
1788814624.5108,1527935,V,546,480,-1
1788814624.5108,1527943,V,546,480,-1
1788814624.5109,1527951,V,546,480,-1
1788814624.5109,1527959,V,547,481,-1
1788814624.5109,1527967,V,546,480,-1
1788814624.5598,1527981,V,546,480,16870
1788814624.5600,1527989,V,547,481,-1
1788814624.5600,1527997,V,565,497,-1
1788814624.5600,1528005,V,548,482,-1
1788814624.5600,1528013,V,547,481,-1
1788814624.5600,1528021,V,546,480,-1
1788814624.6578,1528035,V,547,481,16871
1788814624.6578,1528043,V,548,482,-1
1788814624.6578,1528051,V,549,483,-1
1788814624.6578,1528059,V,550,483,-1
1788814624.6578,1528067,V,548,482,-1
1788814624.6578,1528075,V,548,482,-1
1788814624.6592,1528088,V,548,482,16872
1788814624.6592,1528096,V,547,481,-1
1788814624.6593,1528104,V,548,482,-1
1788814624.6593,1528112,V,547,481,-1
1788814624.6593,1528120,V,547,481,-1
1788814624.6593,1528128,V,546,480,-1
1788814624.7059,1528142,V,547,481,16873
1788814624.7059,1528150,V,546,480,-1
1788814624.7060,1528158,V,547,481,-1
1788814624.7060,1528166,V,547,481,-1
1788814624.7060,1528174,V,546,480,-1
1788814624.7060,1528182,V,546,480,-1
1788814624.7544,1528196,V,546,480,16874
1788814624.7544,1528204,V,546,480,-1
1788814624.7544,1528212,V,546,480,-1
1788814624.7544,1528220,V,546,480,-1
1788814624.7545,1528228,V,546,480,-1
1788814624.7545,1528236,V,546,480,-1
1788814624.8524,1528249,V,547,481,16875
1788814624.8525,1528257,V,546,480,-1
1788814624.8525,1528265,V,545,479,-1
1788814624.8525,1528273,V,545,479,-1
1788814624.8525,1528281,V,546,480,-1
1788814624.8525,1528289,V,544,478,-1
1788814624.9013,1528303,V,545,479,16876
1788814624.9013,1528311,V,545,479,-1
1788814624.9014,1528319,V,545,479,-1
1788814624.9014,1528327,V,546,480,-1
1788814624.9014,1528335,V,551,484,-1
1788814624.9014,1528343,V,546,480,-1
1788814624.9497,1528357,V,546,480,16877
1788814624.9498,1528365,V,545,479,-1
1788814624.9498,1528373,V,546,480,-1
1788814624.9498,1528381,V,546,480,-1
1788814624.9498,1528389,V,546,480,-1
1788814624.9498,1528397,V,546,480,-1
1788814624.9981,1528410,V,546,480,16878
1788814624.9981,1528418,V,546,480,-1
1788814624.9981,1528426,V,546,480,-1
1788814624.9981,1528434,V,547,481,-1
1788814624.9981,1528442,V,546,480,-1
1788814624.9981,1528450,V,545,479,-1
1788814625.0472,1528464,V,546,480,16879
1788814625.0472,1528472,V,545,479,-1
1788814625.0472,1528480,V,546,480,-1
1788814625.0472,1528488,V,546,480,-1
1788814625.0472,1528496,V,546,480,-1
1788814625.0472,1528504,V,547,481,-1
1788814625.0961,1528518,V,546,480,16880
1788814625.0962,1528526,V,546,480,-1
1788814625.0963,1528534,V,564,496,-1
1788814625.0963,1528542,V,547,481,-1
1788814625.0963,1528550,V,546,480,-1
1788814625.0963,1528558,V,546,480,-1
1788814625.1937,1528571,V,546,480,16881
1788814625.1937,1528579,V,546,480,-1
1788814625.1937,1528587,V,547,481,-1
1788814625.1937,1528595,V,546,480,-1
1788814625.1937,1528603,V,545,479,-1
1788814625.1937,1528611,V,546,480,-1
1788814625.1945,1528625,V,546,480,16882
1788814625.1945,1528633,V,547,481,-1
1788814625.1945,1528641,V,547,481,-1
1788814625.1945,1528649,V,547,481,-1
1788814625.1945,1528657,V,546,480,-1
1788814625.1945,1528665,V,546,480,-1
1788814625.2421,1528678,V,546,480,16883
1788814625.2421,1528686,V,546,480,-1
1788814625.2421,1528694,V,545,479,-1
1788814625.2421,1528702,V,545,479,-1
1788814625.2421,1528710,V,544,478,-1
1788814625.2421,1528718,V,545,479,-1
1788814625.2929,1528732,V,545,479,16884
1788814625.2930,1528740,V,545,479,-1
1788814625.2930,1528748,V,545,479,-1
1788814625.2930,1528756,V,545,479,-1
1788814625.2930,1528764,V,545,479,-1
1788814625.2930,1528772,V,545,479,-1
1788814625.3902,1528786,V,546,480,16885
1788814625.3903,1528794,V,546,480,-1
1788814625.3903,1528802,V,546,480,-1
1788814625.3903,1528810,V,545,479,-1
1788814625.3903,1528818,V,545,479,-1
1788814625.3903,1528826,V,545,479,-1
1788814625.4376,1528839,V,545,479,16886
1788814625.4377,1528847,V,546,480,-1
1788814625.4377,1528855,V,546,480,-1
1788814625.4377,1528863,V,546,480,-1
1788814625.4377,1528871,V,553,486,-1
1788814625.4377,1528879,V,546,480,-1
1788814625.5353,1528893,V,546,480,16887
1788814625.5353,1528901,V,547,481,-1
1788814625.5353,1528909,V,546,480,-1
1788814625.5353,1528917,V,545,479,-1
1788814625.5353,1528925,V,546,480,-1
1788814625.5353,1528933,V,547,481,-1
1788814625.5364,1528947,V,545,479,16888
1788814625.5364,1528955,V,547,481,-1
1788814625.5364,1528963,V,546,480,-1
1788814625.5364,1528971,V,549,483,-1
1788814625.5364,1528979,V,546,480,-1
1788814625.5364,1528987,V,546,480,-1
1788814625.5833,1529000,V,546,480,16889
1788814625.5833,1529008,V,546,480,-1
1788814625.5833,1529016,V,547,481,-1
1788814625.5833,1529024,V,545,479,-1
1788814625.5833,1529032,V,546,480,-1
1788814625.5833,1529040,V,545,479,-1
1788814625.6812,1529054,V,546,480,16890
1788814625.6812,1529062,V,547,481,-1
1788814625.6812,1529070,V,564,496,-1
1788814625.6812,1529078,V,546,480,-1
1788814625.6812,1529086,V,547,481,-1
1788814625.6813,1529094,V,547,481,-1
1788814625.6828,1529108,V,547,481,16891
1788814625.6829,1529116,V,548,482,-1
1788814625.6829,1529124,V,547,481,-1
1788814625.6829,1529132,V,547,481,-1
1788814625.6829,1529140,V,548,482,-1
1788814625.6829,1529148,V,546,480,-1
1788814625.7311,1529161,V,546,480,16892
1788814625.7311,1529169,V,549,483,-1
1788814625.7311,1529177,V,546,480,-1
1788814625.7311,1529185,V,546,480,-1
1788814625.7311,1529193,V,546,480,-1
1788814625.7311,1529201,V,548,482,-1
1788814625.7783,1529215,V,546,480,16893
1788814625.7783,1529223,V,547,481,-1
1788814625.7783,1529231,V,547,481,-1
1788814625.7783,1529239,V,545,479,-1
1788814625.7783,1529247,V,546,480,-1
1788814625.7783,1529255,V,546,480,-1
1788814625.8288,1529269,V,545,479,16894
1788814625.8288,1529277,V,546,480,-1
1788814625.8288,1529285,V,547,481,-1
1788814625.8288,1529293,V,545,479,-1
1788814625.8288,1529301,V,546,480,-1
1788814625.8288,1529309,V,546,480,-1
1788814625.9247,1529322,V,547,481,16895
1788814625.9248,1529330,V,547,481,-1
1788814625.9249,1529338,V,546,480,-1
1788814625.9249,1529346,V,545,479,-1
1788814625.9249,1529354,V,546,480,-1
1788814625.9249,1529362,V,546,480,-1
1788814625.9738,1529376,V,546,480,16896
1788814625.9738,1529384,V,546,480,-1
1788814625.9738,1529392,V,546,480,-1
1788814625.9738,1529400,V,546,480,-1
1788814625.9738,1529408,V,552,485,-1
1788814625.9738,1529416,V,547,481,-1
1788814626.0222,1529429,V,545,479,16897
1788814626.0223,1529437,V,546,480,-1
1788814626.0223,1529445,V,544,478,-1
1788814626.0223,1529453,V,546,480,-1
1788814626.0223,1529461,V,545,479,-1
1788814626.0223,1529469,V,545,479,-1
1788814626.0709,1529483,V,546,480,16898
1788814626.0709,1529491,V,545,479,-1
1788814626.0709,1529499,V,546,480,-1
1788814626.0709,1529507,V,546,480,-1
1788814626.0709,1529515,V,545,479,-1
1788814626.0709,1529523,V,546,480,-1
1788814626.1217,1529537,V,545,479,16899
1788814626.1217,1529545,V,546,480,-1
1788814626.1217,1529553,V,546,480,-1
1788814626.1217,1529561,V,546,480,-1
1788814626.1218,1529569,V,547,481,-1
1788814626.1218,1529577,V,546,480,-1
1788814626.1697,1529590,V,546,480,16900
1788814626.1698,1529598,V,547,481,-1
1788814626.1698,1529606,V,564,496,-1
1788814626.1698,1529614,V,547,481,-1
1788814626.1698,1529622,V,546,480,-1
1788814626.1698,1529630,V,546,480,-1
1788814626.2175,1529644,V,545,479,16901
1788814626.2175,1529652,V,546,480,-1
1788814626.2175,1529660,V,546,480,-1
1788814626.2176,1529668,V,546,480,-1
1788814626.2176,1529676,V,547,481,-1
1788814626.2176,1529684,V,546,480,-1
1788814626.2659,1529697,V,546,480,16902
1788814626.2659,1529705,V,547,481,-1
1788814626.2660,1529713,V,546,480,-1
1788814626.2660,1529721,V,546,480,-1
1788814626.2660,1529729,V,546,480,-1
1788814626.2660,1529737,V,546,480,-1
1788814626.3147,1529751,V,546,480,16903
1788814626.3147,1529759,V,547,481,-1
1788814626.3147,1529767,V,546,480,-1
1788814626.3147,1529775,V,546,480,-1
1788814626.3147,1529783,V,546,480,-1
1788814626.3147,1529791,V,546,480,-1
1788814626.3649,1529805,V,546,480,16904
1788814626.3649,1529813,V,545,479,-1
1788814626.3649,1529821,V,546,480,-1
1788814626.3650,1529829,V,546,480,-1
1788814626.3650,1529837,V,546,480,-1
1788814626.3650,1529845,V,546,480,-1
1788814626.4607,1529858,V,546,480,16905
1788814626.4609,1529866,V,546,480,-1
1788814626.4609,1529874,V,546,480,-1
1788814626.4609,1529882,V,546,480,-1
1788814626.4609,1529890,V,546,480,-1
1788814626.4609,1529898,V,546,480,-1
1788814626.5134,1529912,V,547,481,16906
1788814626.5134,1529920,V,547,481,-1
1788814626.5134,1529928,V,548,482,-1
1788814626.5134,1529936,V,548,482,-1
1788814626.5134,1529944,V,553,486,-1
1788814626.5134,1529952,V,547,481,-1
1788814626.5604,1529965,V,547,481,16907
1788814626.5605,1529973,V,547,481,-1
1788814626.5605,1529981,V,548,482,-1
1788814626.5605,1529989,V,548,482,-1
1788814626.5605,1529997,V,548,482,-1
1788814626.5605,1530005,V,547,481,-1
1788814626.6072,1530019,V,548,482,16908
1788814626.6072,1530027,V,547,481,-1
1788814626.6073,1530035,V,547,481,-1
1788814626.6073,1530043,V,550,483,-1
1788814626.6074,1530051,V,547,481,-1
1788814626.6074,1530059,V,547,481,-1
1788814626.6571,1530073,V,545,479,16909
1788814626.6571,1530081,V,547,481,-1
1788814626.6571,1530089,V,546,480,-1
1788814626.6571,1530097,V,547,481,-1
1788814626.6571,1530105,V,546,480,-1
1788814626.6572,1530113,V,546,480,-1
1788814626.7046,1530126,V,547,481,16910
1788814626.7047,1530134,V,547,481,-1
1788814626.7047,1530142,V,565,497,-1
1788814626.7047,1530150,V,545,479,-1
1788814626.7047,1530158,V,546,480,-1
1788814626.7047,1530166,V,545,479,-1
1788814626.7536,1530180,V,546,480,16911
1788814626.7536,1530188,V,546,480,-1
1788814626.7536,1530196,V,546,480,-1
1788814626.7536,1530204,V,546,480,-1
1788814626.7536,1530212,V,546,480,-1
1788814626.7536,1530220,V,546,480,-1
1788814626.8030,1530234,V,546,480,16912
1788814626.8031,1530242,V,545,479,-1
1788814626.8031,1530250,V,547,481,-1
1788814626.8031,1530258,V,546,480,-1
1788814626.8031,1530266,V,547,481,-1
1788814626.8031,1530274,V,545,479,-1
1788814626.8506,1530287,V,545,479,16913
1788814626.8506,1530295,V,546,480,-1
1788814626.8506,1530303,V,545,479,-1
1788814626.8506,1530311,V,546,480,-1
1788814626.8506,1530319,V,547,481,-1
1788814626.8506,1530327,V,546,480,-1
1788814626.9009,1530341,V,547,481,16914
1788814626.9009,1530349,V,546,480,-1
1788814626.9009,1530357,V,546,480,-1
1788814626.9009,1530365,V,546,480,-1
1788814626.9009,1530373,V,546,480,-1
1788814626.9009,1530381,V,547,481,-1
1788814626.9973,1530394,V,546,480,16915
1788814626.9974,1530402,V,547,481,-1
1788814626.9974,1530410,V,546,480,-1
1788814626.9974,1530418,V,548,482,-1
1788814626.9974,1530426,V,547,481,-1
1788814626.9974,1530434,V,546,480,-1
1788814627.0479,1530448,V,547,481,16916
1788814627.0479,1530456,V,547,481,-1
1788814627.0479,1530464,V,547,481,-1
1788814627.0480,1530472,V,547,481,-1
1788814627.0480,1530480,V,553,486,-1
1788814627.0480,1530488,V,546,480,-1
1788814627.0955,1530502,V,546,480,16917
1788814627.0955,1530510,V,546,480,-1
1788814627.0955,1530518,V,547,481,-1
1788814627.0955,1530526,V,546,480,-1
1788814627.0955,1530534,V,545,479,-1
1788814627.0955,1530542,V,545,479,-1
1788814627.1442,1530555,V,545,479,16918
1788814627.1442,1530563,V,547,481,-1
1788814627.1442,1530571,V,545,479,-1
1788814627.1442,1530579,V,548,482,-1
1788814627.1442,1530587,V,546,480,-1
1788814627.1442,1530595,V,545,479,-1
1788814627.1946,1530609,V,546,480,16919
1788814627.1946,1530617,V,546,480,-1
1788814627.1946,1530625,V,547,481,-1
1788814627.1946,1530633,V,545,479,-1
1788814627.1946,1530641,V,545,479,-1
1788814627.1946,1530649,V,545,479,-1
1788814627.2410,1530663,V,546,480,16920
1788814627.2411,1530671,V,546,480,-1
1788814627.2411,1530679,V,567,498,-1
1788814627.2411,1530687,V,546,480,-1
1788814627.2412,1530695,V,546,480,-1
1788814627.2412,1530703,V,547,481,-1
1788814627.3390,1530716,V,547,481,16921
1788814627.3390,1530724,V,545,479,-1
1788814627.3390,1530732,V,546,480,-1
1788814627.3391,1530740,V,546,480,-1
1788814627.3391,1530748,V,548,482,-1
1788814627.3391,1530756,V,548,482,-1
1788814627.3396,1530770,V,547,481,16922
1788814627.3396,1530778,V,547,481,-1
1788814627.3397,1530786,V,546,480,-1
1788814627.3397,1530794,V,547,481,-1
1788814627.3397,1530802,V,544,478,-1
1788814627.3397,1530810,V,546,480,-1
1788814627.3889,1530824,V,546,480,16923
1788814627.3889,1530832,V,547,481,-1
1788814627.3889,1530840,V,546,480,-1
1788814627.3889,1530848,V,545,479,-1
1788814627.3889,1530856,V,545,479,-1
1788814627.3889,1530864,V,546,480,-1
1788814627.4363,1530877,V,546,480,16924
1788814627.4363,1530885,V,545,479,-1
1788814627.4363,1530893,V,545,479,-1
1788814627.4363,1530901,V,546,480,-1
1788814627.4363,1530909,V,545,479,-1
1788814627.4363,1530917,V,546,480,-1
1788814627.5343,1530931,V,547,481,16925
1788814627.5344,1530939,V,547,481,-1
1788814627.5345,1530947,V,547,481,-1
1788814627.5345,1530955,V,546,480,-1
1788814627.5345,1530963,V,547,481,-1
1788814627.5345,1530971,V,546,480,-1
1788814627.5833,1530985,V,546,480,16926
1788814627.5834,1530993,V,546,480,-1
1788814627.5834,1531001,V,546,480,-1
1788814627.5834,1531009,V,547,481,-1
1788814627.5834,1531017,V,552,485,-1
1788814627.5834,1531025,V,546,480,-1
1788814627.6311,1531038,V,545,479,16927
1788814627.6311,1531046,V,546,480,-1
1788814627.6312,1531054,V,546,480,-1
1788814627.6312,1531062,V,545,479,-1
1788814627.6312,1531070,V,546,480,-1
1788814627.6312,1531078,V,545,479,-1
1788814627.6798,1531092,V,546,480,16928
1788814627.6798,1531100,V,547,481,-1
1788814627.6798,1531108,V,546,480,-1
1788814627.6798,1531116,V,552,485,-1
1788814627.6798,1531124,V,547,481,-1
1788814627.6798,1531132,V,547,481,-1
1788814627.7285,1531146,V,546,480,16929
1788814627.7285,1531154,V,546,480,-1
1788814627.7285,1531162,V,546,480,-1
1788814627.7285,1531170,V,546,480,-1
1788814627.7285,1531178,V,546,480,-1
1788814627.7285,1531186,V,545,479,-1
1788814627.7770,1531199,V,546,480,16930
1788814627.7771,1531207,V,545,479,-1
1788814627.7771,1531215,V,547,481,-1
1788814627.7772,1531223,V,546,480,-1
1788814627.7772,1531231,V,546,480,-1
1788814627.7772,1531239,V,545,479,-1
1788814627.8914,1531253,V,546,480,16931
1788814627.8914,1531261,V,546,480,-1
1788814627.8914,1531269,V,546,480,-1
1788814627.8914,1531277,V,547,481,-1
1788814627.8914,1531285,V,546,480,-1
1788814627.8915,1531293,V,548,482,-1
1788814627.8919,1531307,V,547,481,16932
1788814627.8919,1531315,V,547,481,-1
1788814627.8919,1531323,V,546,480,-1
1788814627.8919,1531331,V,546,480,-1
1788814627.8919,1531339,V,547,481,-1
1788814627.8919,1531347,V,546,480,-1
1788814627.9255,1531360,V,547,481,16933
1788814627.9256,1531368,V,546,480,-1
1788814627.9256,1531376,V,547,481,-1
1788814627.9256,1531384,V,547,481,-1
1788814627.9256,1531392,V,546,480,-1
1788814627.9256,1531400,V,547,481,-1
1788814627.9735,1531414,V,547,481,16934
1788814627.9736,1531422,V,547,481,-1
1788814627.9736,1531430,V,546,480,-1
1788814627.9736,1531438,V,546,480,-1
1788814627.9736,1531446,V,546,480,-1
1788814627.9736,1531454,V,549,483,-1
1788814628.0717,1531468,V,545,479,16935
1788814628.0718,1531476,V,545,479,-1
1788814628.0719,1531484,V,547,481,-1
1788814628.0719,1531492,V,545,479,-1
1788814628.0721,1531500,V,546,480,-1
1788814628.0722,1531508,V,545,479,-1
1788814628.1187,1531521,V,546,480,16936
1788814628.1188,1531529,V,545,479,-1
1788814628.1188,1531537,V,545,479,-1
1788814628.1188,1531545,V,545,479,-1
1788814628.1188,1531553,V,549,483,-1
1788814628.1188,1531561,V,545,479,-1
1788814628.1672,1531575,V,545,479,16937
1788814628.1672,1531583,V,547,481,-1
1788814628.1672,1531591,V,546,480,-1
1788814628.1672,1531599,V,546,480,-1
1788814628.1672,1531607,V,546,480,-1
1788814628.1672,1531615,V,546,480,-1
1788814628.2157,1531628,V,547,481,16938
1788814628.2157,1531636,V,546,480,-1
1788814628.2157,1531644,V,547,481,-1
1788814628.2157,1531652,V,562,494,-1
1788814628.2157,1531660,V,545,479,-1
1788814628.2157,1531668,V,546,480,-1
1788814628.2646,1531682,V,546,480,16939
1788814628.2646,1531690,V,546,480,-1
1788814628.2646,1531698,V,546,480,-1
1788814628.2646,1531706,V,548,482,-1
1788814628.2646,1531714,V,545,479,-1
1788814628.2646,1531722,V,546,480,-1
1788814628.3151,1531736,V,546,480,16940
1788814628.3153,1531744,V,545,479,-1
1788814628.3153,1531752,V,547,481,-1
1788814628.3153,1531760,V,546,480,-1
1788814628.3153,1531768,V,545,479,-1
1788814628.3153,1531776,V,546,480,-1
1788814628.3625,1531789,V,546,480,16941
1788814628.3625,1531797,V,546,480,-1
1788814628.3625,1531805,V,545,479,-1
1788814628.3626,1531813,V,546,480,-1
1788814628.3627,1531821,V,546,480,-1
1788814628.3627,1531829,V,547,481,-1
1788814628.4110,1531843,V,546,480,16942
1788814628.4110,1531851,V,546,480,-1
1788814628.4110,1531859,V,546,480,-1
1788814628.4110,1531867,V,546,480,-1
1788814628.4110,1531875,V,546,480,-1
1788814628.4110,1531883,V,545,479,-1
1788814628.4605,1531897,V,543,477,16943
1788814628.4605,1531905,V,544,478,-1
1788814628.4605,1531913,V,545,479,-1
1788814628.4605,1531921,V,546,480,-1
1788814628.4605,1531929,V,544,478,-1
1788814628.4605,1531937,V,545,479,-1
1788814628.5092,1531950,V,546,480,16944
1788814628.5093,1531958,V,545,479,-1
1788814628.5093,1531966,V,545,479,-1
1788814628.5093,1531974,V,545,479,-1
1788814628.5093,1531982,V,545,479,-1
1788814628.5093,1531990,V,548,482,-1
1788814628.6060,1532004,V,546,480,16945
1788814628.6061,1532012,V,546,480,-1
1788814628.6062,1532020,V,546,480,-1
1788814628.6062,1532028,V,546,480,-1
1788814628.6062,1532036,V,545,479,-1
1788814628.6062,1532044,V,546,480,-1
1788814628.6549,1532057,V,546,480,16946
1788814628.6549,1532065,V,546,480,-1
1788814628.6549,1532073,V,546,480,-1
1788814628.6549,1532081,V,545,479,-1
1788814628.6549,1532089,V,548,482,-1
1788814628.6549,1532097,V,546,480,-1
1788814628.7034,1532111,V,547,481,16947
1788814628.7035,1532119,V,546,480,-1
1788814628.7035,1532127,V,545,479,-1
1788814628.7035,1532135,V,546,480,-1
1788814628.7035,1532143,V,545,479,-1
1788814628.7035,1532151,V,546,480,-1
1788814628.7526,1532165,V,546,480,16948
1788814628.7526,1532173,V,545,479,-1
1788814628.7526,1532181,V,545,479,-1
1788814628.7527,1532189,V,561,493,-1
1788814628.7527,1532197,V,546,480,-1
1788814628.7527,1532205,V,546,480,-1
1788814628.8009,1532218,V,546,480,16949
1788814628.8009,1532226,V,547,481,-1
1788814628.8009,1532234,V,546,480,-1
1788814628.8009,1532242,V,546,480,-1
1788814628.8009,1532250,V,547,481,-1
1788814628.8009,1532258,V,546,480,-1
1788814628.8496,1532272,V,546,480,16950
1788814628.8497,1532280,V,547,481,-1
1788814628.8497,1532288,V,548,482,-1
1788814628.8497,1532296,V,546,480,-1
1788814628.8497,1532304,V,546,480,-1
1788814628.8497,1532312,V,547,481,-1
1788814628.8993,1532326,V,546,480,16951
1788814628.8993,1532334,V,547,481,-1
1788814628.8993,1532342,V,547,481,-1
1788814628.8993,1532350,V,545,479,-1
1788814628.8993,1532358,V,545,479,-1
1788814628.8994,1532366,V,547,481,-1
1788814628.9973,1532379,V,546,480,16952
1788814628.9973,1532387,V,545,479,-1
1788814628.9973,1532395,V,545,479,-1
1788814628.9973,1532403,V,546,480,-1
1788814628.9973,1532411,V,545,479,-1
1788814628.9974,1532419,V,546,480,-1
1788814628.9981,1532433,V,546,480,16953
1788814628.9981,1532441,V,546,480,-1
1788814628.9981,1532449,V,545,479,-1
1788814628.9981,1532457,V,545,479,-1
1788814628.9981,1532465,V,546,480,-1
1788814628.9981,1532473,V,545,479,-1
1788814629.0463,1532487,V,546,480,16954
1788814629.0463,1532495,V,546,480,-1
1788814629.0463,1532503,V,546,480,-1
1788814629.0463,1532511,V,546,480,-1
1788814629.0463,1532519,V,546,480,-1
1788814629.0463,1532527,V,549,483,-1
1788814629.1454,1532540,V,547,481,16955
1788814629.1455,1532548,V,546,480,-1
1788814629.1455,1532556,V,546,480,-1
1788814629.1455,1532564,V,546,480,-1
1788814629.1456,1532572,V,546,480,-1
1788814629.1456,1532580,V,546,480,-1
1788814629.1947,1532594,V,546,480,16956
1788814629.1947,1532602,V,546,480,-1
1788814629.1947,1532610,V,545,479,-1
1788814629.1947,1532618,V,546,480,-1
1788814629.1947,1532626,V,548,482,-1
1788814629.1947,1532634,V,546,480,-1
1788814629.2405,1532647,V,547,481,16957
1788814629.2406,1532655,V,546,480,-1
1788814629.2406,1532663,V,546,480,-1
1788814629.2406,1532671,V,547,481,-1
1788814629.2406,1532679,V,546,480,-1
1788814629.2406,1532687,V,548,482,-1
1788814629.2884,1532701,V,546,480,16958
1788814629.2884,1532709,V,546,480,-1
1788814629.2884,1532717,V,547,481,-1
1788814629.2884,1532725,V,561,493,-1
1788814629.2884,1532733,V,546,480,-1
1788814629.2884,1532741,V,547,481,-1
1788814629.3372,1532755,V,547,481,16959
1788814629.3373,1532763,V,547,481,-1
1788814629.3373,1532771,V,547,481,-1
1788814629.3373,1532779,V,548,482,-1
1788814629.3373,1532787,V,546,480,-1
1788814629.3373,1532795,V,545,479,-1
1788814629.3867,1532808,V,545,479,16960
1788814629.3868,1532816,V,546,480,-1
1788814629.3868,1532824,V,546,480,-1
1788814629.3868,1532832,V,546,480,-1
1788814629.3868,1532840,V,546,480,-1
1788814629.3868,1532848,V,546,480,-1
1788814629.4837,1532862,V,546,480,16961
1788814629.4838,1532870,V,545,479,-1
1788814629.4838,1532878,V,545,479,-1
1788814629.4838,1532886,V,545,479,-1
1788814629.4838,1532894,V,546,480,-1
1788814629.4838,1532902,V,545,479,-1
1788814629.4848,1532916,V,547,481,16962
1788814629.4848,1532924,V,546,480,-1
1788814629.4848,1532932,V,547,481,-1
1788814629.4848,1532940,V,546,480,-1
1788814629.4848,1532948,V,546,480,-1
1788814629.4848,1532956,V,546,480,-1
1788814629.5349,1532969,V,547,481,16963
1788814629.5349,1532977,V,547,481,-1
1788814629.5349,1532985,V,547,481,-1
1788814629.5349,1532993,V,547,481,-1
1788814629.5350,1533001,V,547,481,-1
1788814629.5350,1533009,V,548,482,-1
1788814629.5817,1533023,V,547,481,16964
1788814629.5817,1533031,V,546,480,-1
1788814629.5817,1533039,V,547,481,-1
1788814629.5817,1533047,V,546,480,-1
1788814629.5818,1533055,V,546,480,-1
1788814629.5818,1533063,V,551,484,-1
1788814629.6798,1533077,V,546,480,16965
1788814629.6800,1533085,V,547,481,-1
1788814629.6800,1533093,V,547,481,-1
1788814629.6800,1533101,V,547,481,-1
1788814629.6800,1533109,V,546,480,-1
1788814629.6801,1533117,V,546,480,-1
1788814629.7761,1533130,V,547,481,16966
1788814629.7762,1533138,V,546,480,-1
1788814629.7762,1533146,V,547,481,-1
1788814629.7762,1533154,V,547,481,-1
1788814629.7762,1533162,V,551,484,-1
1788814629.7762,1533170,V,547,481,-1
1788814629.7772,1533184,V,547,481,16967
1788814629.7772,1533192,V,547,481,-1
1788814629.7772,1533200,V,546,480,-1
1788814629.7772,1533208,V,546,480,-1
1788814629.7772,1533216,V,547,481,-1
1788814629.7772,1533224,V,546,480,-1
1788814629.8246,1533237,V,547,481,16968
1788814629.8246,1533245,V,546,480,-1
1788814629.8246,1533253,V,546,480,-1
1788814629.8246,1533261,V,566,497,-1
1788814629.8246,1533269,V,545,479,-1
1788814629.8246,1533277,V,546,480,-1
1788814629.8735,1533291,V,546,480,16969
1788814629.8736,1533299,V,546,480,-1
1788814629.8736,1533307,V,546,480,-1
1788814629.8736,1533315,V,546,480,-1
1788814629.8736,1533323,V,546,480,-1
1788814629.8736,1533331,V,546,480,-1
1788814629.9223,1533345,V,545,479,16970
1788814629.9225,1533353,V,546,480,-1
1788814629.9225,1533361,V,545,479,-1
1788814629.9225,1533369,V,547,481,-1
1788814629.9225,1533377,V,547,481,-1
1788814629.9225,1533385,V,547,481,-1
1788814629.9710,1533399,V,547,481,16971
1788814629.9710,1533407,V,546,480,-1
1788814629.9710,1533415,V,546,480,-1
1788814629.9710,1533423,V,546,480,-1
1788814629.9710,1533431,V,547,481,-1
1788814629.9710,1533439,V,546,480,-1
1788814630.0196,1533452,V,546,480,16972
1788814630.0196,1533460,V,547,481,-1
1788814630.0196,1533468,V,546,480,-1
1788814630.0196,1533476,V,546,480,-1
1788814630.0196,1533484,V,547,481,-1
1788814630.0196,1533492,V,547,481,-1
1788814630.0681,1533506,V,548,482,16973
1788814630.0682,1533514,V,547,481,-1
1788814630.0682,1533522,V,546,480,-1
1788814630.0682,1533530,V,546,480,-1
1788814630.0682,1533538,V,546,480,-1
1788814630.0682,1533546,V,546,480,-1
1788814630.1173,1533559,V,548,482,16974
1788814630.1174,1533567,V,546,480,-1
1788814630.1174,1533575,V,547,481,-1
1788814630.1174,1533583,V,548,482,-1
1788814630.1174,1533591,V,546,480,-1
1788814630.1174,1533599,V,553,486,-1
1788814630.2151,1533613,V,547,481,16975
1788814630.2153,1533621,V,547,481,-1
1788814630.2153,1533629,V,548,482,-1
1788814630.2153,1533637,V,546,480,-1
1788814630.2153,1533645,V,546,480,-1
1788814630.2153,1533653,V,546,480,-1
1788814630.2636,1533667,V,546,480,16976
1788814630.2637,1533675,V,547,481,-1
1788814630.2637,1533683,V,547,481,-1
1788814630.2637,1533691,V,546,480,-1
1788814630.2637,1533699,V,549,483,-1
1788814630.2637,1533707,V,546,480,-1
1788814630.3125,1533720,V,545,479,16977
1788814630.3126,1533728,V,546,480,-1
1788814630.3126,1533736,V,546,480,-1
1788814630.3126,1533744,V,546,480,-1
1788814630.3126,1533752,V,546,480,-1
1788814630.3126,1533760,V,546,480,-1
1788814630.3609,1533774,V,546,480,16978
1788814630.3609,1533782,V,546,480,-1
1788814630.3609,1533790,V,546,480,-1
1788814630.3609,1533798,V,567,498,-1
1788814630.3609,1533806,V,546,480,-1
1788814630.3609,1533814,V,546,480,-1
1788814630.4100,1533827,V,547,481,16979
1788814630.4100,1533835,V,547,481,-1
1788814630.4100,1533843,V,546,480,-1
1788814630.4100,1533851,V,548,482,-1
1788814630.4100,1533859,V,547,481,-1
1788814630.4100,1533867,V,546,480,-1
1788814630.4587,1533881,V,546,480,16980
1788814630.4588,1533889,V,546,480,-1
1788814630.4588,1533897,V,547,481,-1
1788814630.4588,1533905,V,546,480,-1
1788814630.4588,1533913,V,547,481,-1
1788814630.4588,1533921,V,546,480,-1
1788814630.5075,1533935,V,547,481,16981
1788814630.5076,1533943,V,547,481,-1
1788814630.5076,1533951,V,546,480,-1
1788814630.5076,1533959,V,546,480,-1
1788814630.5076,1533967,V,545,479,-1
1788814630.5076,1533975,V,546,480,-1
1788814630.5560,1533988,V,547,481,16982
1788814630.5560,1533996,V,547,481,-1
1788814630.5560,1534004,V,547,481,-1
1788814630.5560,1534012,V,546,480,-1
1788814630.5560,1534020,V,546,480,-1
1788814630.5560,1534028,V,546,480,-1
1788814630.6050,1534042,V,547,481,16983
1788814630.6050,1534050,V,546,480,-1
1788814630.6050,1534058,V,547,481,-1
1788814630.6050,1534066,V,546,480,-1
1788814630.6050,1534074,V,547,481,-1
1788814630.6050,1534082,V,547,481,-1
1788814630.6535,1534096,V,546,480,16984
1788814630.6536,1534104,V,547,481,-1
1788814630.6536,1534112,V,546,480,-1
1788814630.6536,1534120,V,545,479,-1
1788814630.6536,1534128,V,545,479,-1
1788814630.6536,1534136,V,552,485,-1
1788814630.7997,1534149,V,547,481,16985
1788814630.7997,1534157,V,546,480,-1
1788814630.7997,1534165,V,546,480,-1
1788814630.7997,1534173,V,545,479,-1
1788814630.7997,1534181,V,545,479,-1
1788814630.7997,1534189,V,546,480,-1
1788814630.8008,1534203,V,546,480,16986
1788814630.8008,1534211,V,546,480,-1
1788814630.8008,1534219,V,546,480,-1
1788814630.8008,1534227,V,545,479,-1
1788814630.8008,1534235,V,549,483,-1
1788814630.8008,1534243,V,547,481,-1
1788814630.8483,1534257,V,546,480,16987
1788814630.8483,1534265,V,546,480,-1
1788814630.8483,1534273,V,545,479,-1
1788814630.8483,1534281,V,545,479,-1
1788814630.8483,1534289,V,546,480,-1
1788814630.8483,1534297,V,545,479,-1
1788814630.8971,1534310,V,545,479,16988
1788814630.8971,1534318,V,546,480,-1
1788814630.8971,1534326,V,547,481,-1
1788814630.8971,1534334,V,555,488,-1
1788814630.8971,1534342,V,546,480,-1
1788814630.8971,1534350,V,547,481,-1
1788814630.9460,1534364,V,546,480,16989
1788814630.9460,1534372,V,546,480,-1
1788814630.9460,1534380,V,546,480,-1
1788814630.9460,1534388,V,546,480,-1
1788814630.9460,1534396,V,546,480,-1
1788814630.9460,1534404,V,545,479,-1
1788814630.9948,1534418,V,546,480,16990
1788814630.9948,1534426,V,546,480,-1
1788814630.9948,1534434,V,546,480,-1
1788814630.9948,1534442,V,546,480,-1
1788814630.9949,1534450,V,547,481,-1
1788814630.9949,1534458,V,545,479,-1
1788814631.0433,1534471,V,545,479,16991
1788814631.0434,1534479,V,544,478,-1
1788814631.0435,1534487,V,545,479,-1
1788814631.0435,1534495,V,545,479,-1
1788814631.0435,1534503,V,546,480,-1
1788814631.0435,1534511,V,546,480,-1
1788814631.0927,1534525,V,546,480,16992
1788814631.0928,1534533,V,546,480,-1
1788814631.0928,1534541,V,547,481,-1
1788814631.0928,1534549,V,546,480,-1
1788814631.0928,1534557,V,547,481,-1
1788814631.0928,1534565,V,546,480,-1
1788814631.1412,1534579,V,551,484,16993
1788814631.1412,1534587,V,547,481,-1
1788814631.1412,1534595,V,546,480,-1
1788814631.1412,1534603,V,547,481,-1
1788814631.1412,1534611,V,547,481,-1
1788814631.1412,1534619,V,546,480,-1
1788814631.1913,1534632,V,546,480,16994
1788814631.1913,1534640,V,546,480,-1
1788814631.1913,1534648,V,546,480,-1
1788814631.1913,1534656,V,547,481,-1
1788814631.1913,1534664,V,547,481,-1
1788814631.1913,1534672,V,549,483,-1
1788814631.2883,1534686,V,547,481,16995
1788814631.2884,1534694,V,546,480,-1
1788814631.2884,1534702,V,546,480,-1
1788814631.2884,1534710,V,546,480,-1
1788814631.2884,1534718,V,546,480,-1
1788814631.2884,1534726,V,546,480,-1
1788814631.3363,1534740,V,546,480,16996
1788814631.3364,1534748,V,545,479,-1
1788814631.3364,1534756,V,545,479,-1
1788814631.3364,1534764,V,546,480,-1
1788814631.3364,1534772,V,554,487,-1
1788814631.3364,1534780,V,546,480,-1
1788814631.3847,1534793,V,545,479,16997
1788814631.3847,1534801,V,545,479,-1
1788814631.3847,1534809,V,546,480,-1
1788814631.3847,1534817,V,546,480,-1
1788814631.3847,1534825,V,546,480,-1
1788814631.3847,1534833,V,546,480,-1
1788814631.4335,1534847,V,546,480,16998
1788814631.4335,1534855,V,546,480,-1
1788814631.4335,1534863,V,546,480,-1
1788814631.4335,1534871,V,555,488,-1
1788814631.4335,1534879,V,546,480,-1
1788814631.4335,1534887,V,545,479,-1
1788814631.4821,1534900,V,546,480,16999
1788814631.4822,1534908,V,547,481,-1
1788814631.4822,1534916,V,546,480,-1
1788814631.4822,1534924,V,547,481,-1
1788814631.4822,1534932,V,546,480,-1
1788814631.4822,1534940,V,548,482,-1
1788814631.5309,1534954,V,547,481,17000
1788814631.5310,1534962,V,546,480,-1
1788814631.5310,1534970,V,547,481,-1
1788814631.5310,1534978,V,548,482,-1
1788814631.5310,1534986,V,547,481,-1
1788814631.5310,1534994,V,547,481,-1
1788814631.5800,1535008,V,547,481,17001
1788814631.5800,1535016,V,547,481,-1
1788814631.5800,1535024,V,548,482,-1
1788814631.5801,1535032,V,548,482,-1
1788814631.5801,1535040,V,548,482,-1
1788814631.5801,1535048,V,548,482,-1
1788814631.6284,1535061,V,548,482,17002
1788814631.6284,1535069,V,548,482,-1
1788814631.6285,1535077,V,547,481,-1
1788814631.6285,1535085,V,546,480,-1
1788814631.6285,1535093,V,547,481,-1
1788814631.6285,1535101,V,548,482,-1
1788814631.6771,1535115,V,549,483,17003
1788814631.6771,1535123,V,546,480,-1
1788814631.6771,1535131,V,546,480,-1
1788814631.6771,1535139,V,546,480,-1
1788814631.6771,1535147,V,545,479,-1
1788814631.6771,1535155,V,545,479,-1
1788814631.7258,1535169,V,546,480,17004
1788814631.7258,1535177,V,545,479,-1
1788814631.7258,1535185,V,546,480,-1
1788814631.7258,1535193,V,544,478,-1
1788814631.7258,1535201,V,545,479,-1
1788814631.7258,1535209,V,550,483,-1
1788814631.8233,1535222,V,545,479,17005
1788814631.8234,1535230,V,546,480,-1
1788814631.8234,1535238,V,545,479,-1
1788814631.8234,1535246,V,545,479,-1
1788814631.8235,1535254,V,546,480,-1
1788814631.8235,1535262,V,546,480,-1
1788814631.8722,1535276,V,545,479,17006
1788814631.8723,1535284,V,545,479,-1
1788814631.8723,1535292,V,546,480,-1
1788814631.8723,1535300,V,545,479,-1
1788814631.8723,1535308,V,553,486,-1
1788814631.8723,1535316,V,545,479,-1
1788814631.9210,1535329,V,546,480,17007
1788814631.9210,1535337,V,546,480,-1
1788814631.9210,1535345,V,545,479,-1
1788814631.9210,1535353,V,546,480,-1
1788814631.9210,1535361,V,546,480,-1
1788814631.9210,1535369,V,545,479,-1
1788814631.9698,1535383,V,546,480,17008
1788814631.9698,1535391,V,547,481,-1
1788814631.9700,1535399,V,546,480,-1
1788814631.9700,1535407,V,556,489,-1
1788814631.9700,1535415,V,547,481,-1
1788814631.9700,1535423,V,547,481,-1
1788814632.0190,1535437,V,546,480,17009
1788814632.0190,1535445,V,546,480,-1
1788814632.0190,1535453,V,547,481,-1
1788814632.0190,1535461,V,546,480,-1
1788814632.0190,1535469,V,546,480,-1
1788814632.0190,1535477,V,548,482,-1
1788814632.0671,1535490,V,546,480,17010
1788814632.0672,1535498,V,547,481,-1
1788814632.0672,1535506,V,546,480,-1
1788814632.0672,1535514,V,545,479,-1
1788814632.0672,1535522,V,546,480,-1
1788814632.0673,1535530,V,546,480,-1
1788814632.1163,1535544,V,545,479,17011
1788814632.1163,1535552,V,545,479,-1
1788814632.1163,1535560,V,545,479,-1
1788814632.1163,1535568,V,546,480,-1
1788814632.1163,1535576,V,546,480,-1
1788814632.1163,1535584,V,544,478,-1
1788814632.2158,1535598,V,545,479,17012
1788814632.2158,1535606,V,546,480,-1
1788814632.2158,1535614,V,544,478,-1
1788814632.2158,1535622,V,544,478,-1
1788814632.2158,1535630,V,545,479,-1
1788814632.2158,1535638,V,545,479,-1
1788814632.2161,1535651,V,548,482,17013
1788814632.2161,1535659,V,546,480,-1
1788814632.2162,1535667,V,545,479,-1
1788814632.2162,1535675,V,546,480,-1
1788814632.2162,1535683,V,546,480,-1
1788814632.2162,1535691,V,545,479,-1
1788814632.2623,1535705,V,546,480,17014
1788814632.2623,1535713,V,545,479,-1
1788814632.2623,1535721,V,546,480,-1
1788814632.2623,1535729,V,546,480,-1
1788814632.2623,1535737,V,546,480,-1
1788814632.2623,1535745,V,551,484,-1
1788814632.3597,1535758,V,546,480,17015
1788814632.3598,1535766,V,546,480,-1
1788814632.3598,1535774,V,545,479,-1
1788814632.3598,1535782,V,546,480,-1
1788814632.3598,1535790,V,547,481,-1
1788814632.3598,1535798,V,547,481,-1
1788814632.4089,1535812,V,547,481,17016
1788814632.4089,1535820,V,547,481,-1
1788814632.4089,1535828,V,547,481,-1
1788814632.4089,1535836,V,548,482,-1
1788814632.4089,1535844,V,552,485,-1
1788814632.4089,1535852,V,547,481,-1
1788814632.4573,1535866,V,547,481,17017
1788814632.4574,1535874,V,547,481,-1
1788814632.4574,1535882,V,546,480,-1
1788814632.4574,1535890,V,546,480,-1
1788814632.4574,1535898,V,547,481,-1
1788814632.4574,1535906,V,547,481,-1
1788814632.5058,1535919,V,547,481,17018
1788814632.5058,1535927,V,547,481,-1
1788814632.5058,1535935,V,547,481,-1
1788814632.5058,1535943,V,556,489,-1
1788814632.5058,1535951,V,547,481,-1
1788814632.5058,1535959,V,547,481,-1
1788814632.5546,1535973,V,547,481,17019
1788814632.5546,1535981,V,546,480,-1
1788814632.5546,1535989,V,545,479,-1
1788814632.5546,1535997,V,546,480,-1
1788814632.5546,1536005,V,546,480,-1
1788814632.5546,1536013,V,546,480,-1
1788814632.6033,1536027,V,547,481,17020
1788814632.6034,1536035,V,549,483,-1
1788814632.6034,1536043,V,548,482,-1
1788814632.6034,1536051,V,548,482,-1
1788814632.6034,1536059,V,546,480,-1
1788814632.6034,1536067,V,546,480,-1
1788814632.6523,1536080,V,545,479,17021
1788814632.6523,1536088,V,546,480,-1
1788814632.6523,1536096,V,545,479,-1
1788814632.6523,1536104,V,545,479,-1
1788814632.6523,1536112,V,545,479,-1
1788814632.6523,1536120,V,545,479,-1
1788814632.7013,1536134,V,546,480,17022
1788814632.7013,1536142,V,546,480,-1
1788814632.7013,1536150,V,547,481,-1
1788814632.7013,1536158,V,547,481,-1
1788814632.7013,1536166,V,546,480,-1
1788814632.7013,1536174,V,547,481,-1
1788814632.7494,1536188,V,552,485,17023
1788814632.7494,1536196,V,546,480,-1
1788814632.7494,1536204,V,546,480,-1
1788814632.7494,1536212,V,545,479,-1
1788814632.7494,1536220,V,546,480,-1
1788814632.7494,1536228,V,545,479,-1
1788814632.7985,1536241,V,545,479,17024
1788814632.7985,1536249,V,545,479,-1
1788814632.7985,1536257,V,547,481,-1
1788814632.7985,1536265,V,546,480,-1
1788814632.7985,1536273,V,544,478,-1
1788814632.7985,1536281,V,548,482,-1
1788814632.8962,1536295,V,546,480,17025
1788814632.8964,1536303,V,546,480,-1
1788814632.8964,1536311,V,546,480,-1
1788814632.8964,1536319,V,547,481,-1
1788814632.8964,1536327,V,546,480,-1
1788814632.8964,1536335,V,545,479,-1
1788814632.9450,1536349,V,546,480,17026
1788814632.9450,1536357,V,546,480,-1
1788814632.9450,1536365,V,545,479,-1
1788814632.9451,1536373,V,547,481,-1
1788814632.9451,1536381,V,564,496,-1
1788814632.9451,1536389,V,546,480,-1
1788814632.9935,1536402,V,547,481,17027
1788814632.9936,1536410,V,547,481,-1
1788814632.9936,1536418,V,546,480,-1
1788814632.9936,1536426,V,547,481,-1
1788814632.9936,1536434,V,546,480,-1
1788814632.9936,1536442,V,546,480,-1
1788814633.0422,1536456,V,546,480,17028
1788814633.0422,1536464,V,546,480,-1
1788814633.0422,1536472,V,546,480,-1
1788814633.0422,1536480,V,546,480,-1
1788814633.0422,1536488,V,545,479,-1
1788814633.0422,1536496,V,546,480,-1
1788814633.0919,1536510,V,547,481,17029
1788814633.0919,1536518,V,546,480,-1
1788814633.0919,1536526,V,546,480,-1
1788814633.0919,1536534,V,547,481,-1
1788814633.0919,1536542,V,548,482,-1
1788814633.0919,1536550,V,546,480,-1
1788814633.1396,1536563,V,547,481,17030
1788814633.1398,1536571,V,548,482,-1
1788814633.1398,1536579,V,547,481,-1
1788814633.1398,1536587,V,547,481,-1
1788814633.1398,1536595,V,547,481,-1
1788814633.1398,1536603,V,547,481,-1
1788814633.1922,1536617,V,546,480,17031
1788814633.1922,1536625,V,545,479,-1
1788814633.1922,1536633,V,547,481,-1
1788814633.1922,1536641,V,546,480,-1
1788814633.1922,1536649,V,546,480,-1
1788814633.1922,1536657,V,546,480,-1
1788814633.2373,1536670,V,547,481,17032
1788814633.2374,1536678,V,547,481,-1
1788814633.2374,1536686,V,547,481,-1
1788814633.2374,1536694,V,546,480,-1
1788814633.2374,1536702,V,547,481,-1
1788814633.2374,1536710,V,545,479,-1
1788814633.2860,1536724,V,551,484,17033
1788814633.2861,1536732,V,546,480,-1
1788814633.2861,1536740,V,546,480,-1
1788814633.2861,1536748,V,546,480,-1
1788814633.2861,1536756,V,547,481,-1
1788814633.2861,1536764,V,546,480,-1
1788814633.3347,1536778,V,547,481,17034
1788814633.3348,1536786,V,545,479,-1
1788814633.3348,1536794,V,546,480,-1
1788814633.3348,1536802,V,547,481,-1
1788814633.3348,1536810,V,546,480,-1
1788814633.3348,1536818,V,546,480,-1
1788814633.4321,1536832,V,546,480,17035
1788814633.4322,1536840,V,546,480,-1
1788814633.4322,1536848,V,546,480,-1
1788814633.4322,1536856,V,546,480,-1
1788814633.4322,1536864,V,548,482,-1
1788814633.4322,1536872,V,547,481,-1
1788814633.4821,1536885,V,547,481,17036
1788814633.4821,1536893,V,547,481,-1
1788814633.4821,1536901,V,546,480,-1
1788814633.4821,1536909,V,546,480,-1
1788814633.4821,1536917,V,554,487,-1
1788814633.4822,1536925,V,547,481,-1
1788814633.5298,1536939,V,547,481,17037
1788814633.5298,1536947,V,547,481,-1
1788814633.5298,1536955,V,546,480,-1
1788814633.5298,1536963,V,546,480,-1
1788814633.5298,1536971,V,546,480,-1
1788814633.5298,1536979,V,545,479,-1
1788814633.5785,1536993,V,547,481,17038
1788814633.5785,1537001,V,546,480,-1
1788814633.5785,1537009,V,546,480,-1
1788814633.5785,1537017,V,546,480,-1
1788814633.5785,1537025,V,546,480,-1
1788814633.5785,1537033,V,546,480,-1
1788814633.6272,1537046,V,546,480,17039
1788814633.6273,1537054,V,546,480,-1
1788814633.6273,1537062,V,546,480,-1
1788814633.6273,1537070,V,545,479,-1
1788814633.6273,1537078,V,546,480,-1
1788814633.6273,1537086,V,547,481,-1
1788814633.6758,1537100,V,545,479,17040
1788814633.6759,1537108,V,545,479,-1
1788814633.6759,1537116,V,546,480,-1
1788814633.6759,1537124,V,546,480,-1
1788814633.6759,1537132,V,546,480,-1
1788814633.6759,1537140,V,546,480,-1
1788814633.7244,1537154,V,547,481,17041
1788814633.7245,1537162,V,550,483,-1
1788814633.7245,1537170,V,546,480,-1
1788814633.7245,1537178,V,545,479,-1
1788814633.7245,1537186,V,547,481,-1
1788814633.7245,1537194,V,546,480,-1
1788814633.7744,1537207,V,547,481,17042
1788814633.7744,1537215,V,547,481,-1
1788814633.7744,1537223,V,548,482,-1
1788814633.7744,1537231,V,547,481,-1
1788814633.7744,1537239,V,546,480,-1
1788814633.7744,1537247,V,547,481,-1
1788814633.8227,1537261,V,548,482,17043
1788814633.8227,1537269,V,546,480,-1
1788814633.8227,1537277,V,546,480,-1
1788814633.8227,1537285,V,546,480,-1
1788814633.8227,1537293,V,546,480,-1
1788814633.8227,1537301,V,546,480,-1
1788814633.9207,1537315,V,545,479,17044
1788814633.9208,1537323,V,546,480,-1
1788814633.9208,1537331,V,545,479,-1
1788814633.9209,1537339,V,546,480,-1
1788814633.9209,1537347,V,546,480,-1
1788814633.9209,1537355,V,555,488,-1
1788814633.9687,1537368,V,545,479,17045
1788814633.9687,1537376,V,545,479,-1
1788814633.9687,1537384,V,545,479,-1
1788814633.9687,1537392,V,545,479,-1
1788814633.9687,1537400,V,545,479,-1
1788814633.9687,1537408,V,545,479,-1
1788814634.0173,1537422,V,545,479,17046
1788814634.0173,1537430,V,544,478,-1
1788814634.0173,1537438,V,545,479,-1
1788814634.0173,1537446,V,545,479,-1
1788814634.0173,1537454,V,546,480,-1
1788814634.0174,1537462,V,545,479,-1
1788814634.0659,1537476,V,545,479,17047
1788814634.0659,1537484,V,545,479,-1
1788814634.0660,1537492,V,545,479,-1
1788814634.0660,1537500,V,545,479,-1
1788814634.0660,1537508,V,545,479,-1
1788814634.0660,1537516,V,545,479,-1
1788814634.1149,1537529,V,545,479,17048
1788814634.1149,1537537,V,545,479,-1
1788814634.1149,1537545,V,545,479,-1
1788814634.1149,1537553,V,546,480,-1
1788814634.1149,1537561,V,545,479,-1
1788814634.1149,1537569,V,546,480,-1
1788814634.1632,1537583,V,545,479,17049
1788814634.1633,1537591,V,545,479,-1
1788814634.1633,1537599,V,546,480,-1
1788814634.1633,1537607,V,545,479,-1
1788814634.1633,1537615,V,545,479,-1
1788814634.1633,1537623,V,546,480,-1
1788814634.2141,1537636,V,546,480,17050
1788814634.2141,1537644,V,546,480,-1
1788814634.2141,1537652,V,545,479,-1
1788814634.2141,1537660,V,546,480,-1
1788814634.2141,1537668,V,546,480,-1
1788814634.2141,1537676,V,547,481,-1
1788814634.2610,1537690,V,546,480,17051
1788814634.2610,1537698,V,551,484,-1
1788814634.2610,1537706,V,546,480,-1
1788814634.2610,1537714,V,546,480,-1
1788814634.2610,1537722,V,545,479,-1
1788814634.2610,1537730,V,547,481,-1
1788814634.3098,1537744,V,546,480,17052
1788814634.3098,1537752,V,546,480,-1
1788814634.3099,1537760,V,547,481,-1
1788814634.3099,1537768,V,546,480,-1
1788814634.3099,1537776,V,547,481,-1
1788814634.3099,1537784,V,547,481,-1
1788814634.3585,1537797,V,549,483,17053
1788814634.3585,1537805,V,547,481,-1
1788814634.3585,1537813,V,546,480,-1
1788814634.3585,1537821,V,546,480,-1
1788814634.3585,1537829,V,545,479,-1
1788814634.3585,1537837,V,548,482,-1
1788814634.4563,1537851,V,546,480,17054
1788814634.4564,1537859,V,546,480,-1
1788814634.4565,1537867,V,546,480,-1
1788814634.4565,1537875,V,545,479,-1
1788814634.4565,1537883,V,546,480,-1
1788814634.4565,1537891,V,557,490,-1
1788814634.5063,1537905,V,545,479,17055
1788814634.5064,1537913,V,546,480,-1
1788814634.5064,1537921,V,545,479,-1
1788814634.5064,1537929,V,546,480,-1
1788814634.5064,1537937,V,546,480,-1
1788814634.5064,1537945,V,545,479,-1
1788814634.5540,1537958,V,545,479,17056
1788814634.5541,1537966,V,546,480,-1
1788814634.5541,1537974,V,545,479,-1
1788814634.5541,1537982,V,544,478,-1
1788814634.5541,1537990,V,548,482,-1
1788814634.5541,1537998,V,546,480,-1
1788814634.6027,1538012,V,545,479,17057
1788814634.6027,1538020,V,546,480,-1
1788814634.6027,1538028,V,546,480,-1
1788814634.6027,1538036,V,545,479,-1
1788814634.6027,1538044,V,546,480,-1
1788814634.6027,1538052,V,545,479,-1
1788814634.6522,1538065,V,546,480,17058
1788814634.6522,1538073,V,546,480,-1
1788814634.6522,1538081,V,546,480,-1
1788814634.6522,1538089,V,546,480,-1
1788814634.6522,1538097,V,545,479,-1
1788814634.6522,1538105,V,547,481,-1
1788814634.6999,1538119,V,547,481,17059
1788814634.7001,1538127,V,547,481,-1
1788814634.7001,1538135,V,547,481,-1
1788814634.7001,1538143,V,547,481,-1
1788814634.7001,1538151,V,547,481,-1
1788814634.7001,1538159,V,548,482,-1
1788814634.7486,1538173,V,547,481,17060
1788814634.7487,1538181,V,546,480,-1
1788814634.7487,1538189,V,545,479,-1
1788814634.7487,1538197,V,547,481,-1
1788814634.7487,1538205,V,547,481,-1
1788814634.7487,1538213,V,547,481,-1
1788814634.7974,1538226,V,546,480,17061
1788814634.7974,1538234,V,552,485,-1
1788814634.7974,1538242,V,547,481,-1
1788814634.7974,1538250,V,547,481,-1
1788814634.7974,1538258,V,546,480,-1
1788814634.7974,1538266,V,546,480,-1
1788814634.8954,1538280,V,544,478,17062
1788814634.8955,1538288,V,545,479,-1
1788814634.8955,1538296,V,546,480,-1
1788814634.8955,1538304,V,545,479,-1
1788814634.8955,1538312,V,545,479,-1
1788814634.8955,1538320,V,546,480,-1
1788814634.8965,1538333,V,548,482,17063
1788814634.8965,1538341,V,546,480,-1
1788814634.8965,1538349,V,545,479,-1
1788814634.8965,1538357,V,543,477,-1
1788814634.8965,1538365,V,545,479,-1
1788814634.8966,1538373,V,545,479,-1
1788814634.9924,1538387,V,545,479,17064
1788814634.9926,1538395,V,544,478,-1
1788814634.9926,1538403,V,544,478,-1
1788814634.9926,1538411,V,544,478,-1
1788814634.9926,1538419,V,545,479,-1
1788814634.9926,1538427,V,562,494,-1
1788814635.0413,1538441,V,545,479,17065
1788814635.0413,1538449,V,545,479,-1
1788814635.0413,1538457,V,545,479,-1
1788814635.0413,1538465,V,545,479,-1
1788814635.0413,1538473,V,546,480,-1
1788814635.0413,1538481,V,546,480,-1
1788814635.0900,1538495,V,545,479,17066
1788814635.0900,1538503,V,545,479,-1
1788814635.0900,1538511,V,545,479,-1
1788814635.0901,1538519,V,545,479,-1
1788814635.0901,1538527,V,546,480,-1
1788814635.0901,1538535,V,546,480,-1
1788814635.1388,1538548,V,546,480,17067
1788814635.1388,1538556,V,545,479,-1
1788814635.1388,1538564,V,546,480,-1
1788814635.1388,1538572,V,545,479,-1
1788814635.1388,1538580,V,546,480,-1
1788814635.1388,1538588,V,547,481,-1
1788814635.1873,1538602,V,547,481,17068
1788814635.1873,1538610,V,547,481,-1
1788814635.1873,1538618,V,546,480,-1
1788814635.1873,1538626,V,546,480,-1
1788814635.1873,1538634,V,543,477,-1
1788814635.1873,1538642,V,546,480,-1
1788814635.2359,1538656,V,546,480,17069
1788814635.2360,1538664,V,547,481,-1
1788814635.2360,1538672,V,547,481,-1
1788814635.2360,1538680,V,546,480,-1
1788814635.2360,1538688,V,546,480,-1
1788814635.2360,1538696,V,546,480,-1
1788814635.2850,1538709,V,547,481,17070
1788814635.2851,1538717,V,547,481,-1
1788814635.2851,1538725,V,545,479,-1
1788814635.2851,1538733,V,546,480,-1
1788814635.2851,1538741,V,547,481,-1
1788814635.2851,1538749,V,547,481,-1
1788814635.3336,1538763,V,546,480,17071
1788814635.3336,1538771,V,551,484,-1
1788814635.3336,1538779,V,546,480,-1
1788814635.3336,1538787,V,546,480,-1
1788814635.3337,1538795,V,546,480,-1
1788814635.3337,1538803,V,546,480,-1
1788814635.3823,1538817,V,547,481,17072
1788814635.3823,1538825,V,546,480,-1
1788814635.3823,1538833,V,546,480,-1
1788814635.3823,1538841,V,545,479,-1
1788814635.3823,1538849,V,546,480,-1
1788814635.3823,1538857,V,546,480,-1
1788814635.4311,1538870,V,552,485,17073
1788814635.4312,1538878,V,545,479,-1
1788814635.4312,1538886,V,546,480,-1
1788814635.4312,1538894,V,546,480,-1
1788814635.4312,1538902,V,547,481,-1
1788814635.4312,1538910,V,546,480,-1
1788814635.5285,1538924,V,547,481,17074
1788814635.5286,1538932,V,547,481,-1
1788814635.5286,1538940,V,546,480,-1
1788814635.5286,1538948,V,547,481,-1
1788814635.5286,1538956,V,546,480,-1
1788814635.5286,1538964,V,547,481,-1
1788814635.5775,1538978,V,547,481,17075
1788814635.5775,1538986,V,546,480,-1
1788814635.5775,1538994,V,545,479,-1
1788814635.5775,1539002,V,547,481,-1
1788814635.5775,1539010,V,547,481,-1
1788814635.5775,1539018,V,546,480,-1
1788814635.6261,1539031,V,547,481,17076
1788814635.6261,1539039,V,547,481,-1
1788814635.6261,1539047,V,547,481,-1
1788814635.6261,1539055,V,547,481,-1
1788814635.6261,1539063,V,547,481,-1
1788814635.6261,1539071,V,547,481,-1
1788814635.6747,1539085,V,546,480,17077
1788814635.6747,1539093,V,546,480,-1
1788814635.6747,1539101,V,545,479,-1
1788814635.6747,1539109,V,545,479,-1
1788814635.6747,1539117,V,547,481,-1
1788814635.6747,1539125,V,546,480,-1
1788814635.7232,1539139,V,547,481,17078
1788814635.7232,1539147,V,546,480,-1
1788814635.7232,1539155,V,547,481,-1
1788814635.7232,1539163,V,546,480,-1
1788814635.7232,1539171,V,547,481,-1
1788814635.7232,1539179,V,545,479,-1
1788814635.7723,1539192,V,545,479,17079
1788814635.7723,1539200,V,545,479,-1
1788814635.7723,1539208,V,549,483,-1
1788814635.7723,1539216,V,546,480,-1
1788814635.7723,1539224,V,545,479,-1
1788814635.7723,1539232,V,545,479,-1
1788814635.8208,1539246,V,545,479,17080
1788814635.8208,1539254,V,545,479,-1
1788814635.8208,1539262,V,545,479,-1
1788814635.8208,1539270,V,546,480,-1
1788814635.8208,1539278,V,546,480,-1
1788814635.8208,1539286,V,546,480,-1
1788814635.8695,1539300,V,545,479,17081
1788814635.8695,1539308,V,548,482,-1
1788814635.8695,1539316,V,546,480,-1
1788814635.8695,1539324,V,546,480,-1
1788814635.8695,1539332,V,547,481,-1
1788814635.8695,1539340,V,546,480,-1
1788814635.9186,1539353,V,547,481,17082
1788814635.9187,1539361,V,546,480,-1
1788814635.9187,1539369,V,546,480,-1
1788814635.9187,1539377,V,547,481,-1
1788814635.9187,1539385,V,546,480,-1
1788814635.9187,1539393,V,547,481,-1
1788814635.9683,1539407,V,566,497,17083
1788814635.9683,1539415,V,547,481,-1
1788814635.9683,1539423,V,547,481,-1
1788814635.9683,1539431,V,546,480,-1
1788814635.9683,1539439,V,546,480,-1
1788814635.9683,1539447,V,546,480,-1
1788814636.0655,1539460,V,546,480,17084
1788814636.0656,1539468,V,546,480,-1
1788814636.0657,1539476,V,547,481,-1
1788814636.0657,1539484,V,547,481,-1
1788814636.0657,1539492,V,546,480,-1
1788814636.0657,1539500,V,548,482,-1
1788814636.1160,1539514,V,545,479,17085
1788814636.1160,1539522,V,546,480,-1
1788814636.1160,1539530,V,547,481,-1
1788814636.1161,1539538,V,547,481,-1
1788814636.1161,1539546,V,547,481,-1
1788814636.1161,1539554,V,547,481,-1
1788814636.1626,1539568,V,547,481,17086
1788814636.1626,1539576,V,547,481,-1
1788814636.1626,1539584,V,546,480,-1
1788814636.1626,1539592,V,546,480,-1
1788814636.1626,1539600,V,547,481,-1
1788814636.1626,1539608,V,546,480,-1
1788814636.2129,1539621,V,546,480,17087
1788814636.2129,1539629,V,547,481,-1
1788814636.2129,1539637,V,546,480,-1
1788814636.2129,1539645,V,546,480,-1
1788814636.2129,1539653,V,545,479,-1
1788814636.2129,1539661,V,546,480,-1
1788814636.2597,1539675,V,545,479,17088
1788814636.2598,1539683,V,545,479,-1
1788814636.2598,1539691,V,546,480,-1
1788814636.2598,1539699,V,546,480,-1
1788814636.2598,1539707,V,547,481,-1
1788814636.2598,1539715,V,546,480,-1
1788814636.3101,1539729,V,545,479,17089
1788814636.3102,1539737,V,546,480,-1
1788814636.3102,1539745,V,551,484,-1
1788814636.3102,1539753,V,546,480,-1
1788814636.3102,1539761,V,547,481,-1
1788814636.3102,1539769,V,546,480,-1
1788814636.3575,1539782,V,545,479,17090
1788814636.3576,1539790,V,547,481,-1
1788814636.3576,1539798,V,546,480,-1
1788814636.3576,1539806,V,546,480,-1
1788814636.3576,1539814,V,547,481,-1
1788814636.3576,1539822,V,547,481,-1
1788814636.4060,1539836,V,547,481,17091
1788814636.4061,1539844,V,549,483,-1
1788814636.4061,1539852,V,547,481,-1
1788814636.4061,1539860,V,547,481,-1
1788814636.4061,1539868,V,546,480,-1
1788814636.4061,1539876,V,547,481,-1
1788814636.4548,1539889,V,546,480,17092
1788814636.4549,1539897,V,547,481,-1
1788814636.4549,1539905,V,547,481,-1
1788814636.4549,1539913,V,546,480,-1
1788814636.4549,1539921,V,547,481,-1
1788814636.4549,1539929,V,547,481,-1
1788814636.5034,1539943,V,567,498,17093
1788814636.5034,1539951,V,548,482,-1
1788814636.5034,1539959,V,547,481,-1
1788814636.5034,1539967,V,547,481,-1
1788814636.5034,1539975,V,547,481,-1
1788814636.5034,1539983,V,547,481,-1
1788814636.6009,1539997,V,546,480,17094
1788814636.6011,1540005,V,546,480,-1
1788814636.6011,1540013,V,547,481,-1
1788814636.6011,1540021,V,547,481,-1
1788814636.6011,1540029,V,547,481,-1
1788814636.6011,1540037,V,549,483,-1
1788814636.6501,1540050,V,546,480,17095
1788814636.6501,1540058,V,546,480,-1
1788814636.6501,1540066,V,547,481,-1
1788814636.6501,1540074,V,546,480,-1
1788814636.6501,1540082,V,546,480,-1
1788814636.6502,1540090,V,546,480,-1
1788814636.6989,1540104,V,546,480,17096
1788814636.6989,1540112,V,546,480,-1
1788814636.6989,1540120,V,545,479,-1
1788814636.6990,1540128,V,547,481,-1
1788814636.6990,1540136,V,546,480,-1
1788814636.6990,1540144,V,546,480,-1
1788814636.7470,1540157,V,545,479,17097
1788814636.7470,1540165,V,545,479,-1
1788814636.7470,1540173,V,545,479,-1
1788814636.7471,1540181,V,546,480,-1
1788814636.7471,1540189,V,545,479,-1
1788814636.7471,1540197,V,545,479,-1
1788814636.7959,1540211,V,546,480,17098
1788814636.7960,1540219,V,545,479,-1
1788814636.7960,1540227,V,546,480,-1
1788814636.7960,1540235,V,545,479,-1
1788814636.7960,1540243,V,546,480,-1
1788814636.7960,1540251,V,546,480,-1
1788814636.8446,1540265,V,547,481,17099
1788814636.8448,1540273,V,546,480,-1
1788814636.8448,1540281,V,550,483,-1
1788814636.8449,1540289,V,546,480,-1
1788814636.8449,1540297,V,546,480,-1
1788814636.8449,1540305,V,546,480,-1
1788814636.8939,1540318,V,547,481,17100
1788814636.8940,1540326,V,548,482,-1
1788814636.8940,1540334,V,547,481,-1
1788814636.8940,1540342,V,547,481,-1
1788814636.8940,1540350,V,548,482,-1
1788814636.8940,1540358,V,548,482,-1
1788814636.9423,1540372,V,547,481,17101
1788814636.9423,1540380,V,549,483,-1
1788814636.9423,1540388,V,547,481,-1
1788814636.9423,1540396,V,547,481,-1
1788814636.9423,1540404,V,547,481,-1
1788814636.9423,1540412,V,547,481,-1
1788814636.9909,1540426,V,547,481,17102
1788814636.9909,1540434,V,548,482,-1
1788814636.9910,1540442,V,547,481,-1
1788814636.9910,1540450,V,547,481,-1
1788814636.9910,1540458,V,547,481,-1
1788814636.9910,1540466,V,547,481,-1
1788814637.0894,1540479,V,560,492,17103
1788814637.0896,1540487,V,547,481,-1
1788814637.0896,1540495,V,546,480,-1
1788814637.0896,1540503,V,546,480,-1
1788814637.0896,1540511,V,546,480,-1
1788814637.0896,1540519,V,546,480,-1
1788814637.1377,1540533,V,547,481,17104
1788814637.1377,1540541,V,546,480,-1
1788814637.1377,1540549,V,545,479,-1
1788814637.1377,1540557,V,545,479,-1
1788814637.1377,1540565,V,545,479,-1
1788814637.1377,1540573,V,553,486,-1
1788814637.1861,1540586,V,546,480,17105
1788814637.1861,1540594,V,547,481,-1
1788814637.1861,1540602,V,545,479,-1
1788814637.1861,1540610,V,546,480,-1
1788814637.1861,1540618,V,546,480,-1
1788814637.1861,1540626,V,547,481,-1
1788814637.2348,1540640,V,546,480,17106
1788814637.2348,1540648,V,547,481,-1
1788814637.2348,1540656,V,546,480,-1
1788814637.2348,1540664,V,546,480,-1
1788814637.2348,1540672,V,546,480,-1
1788814637.2348,1540680,V,546,480,-1
1788814637.2834,1540694,V,546,480,17107
1788814637.2834,1540702,V,547,481,-1
1788814637.2834,1540710,V,546,480,-1
1788814637.2834,1540718,V,546,480,-1
1788814637.2834,1540726,V,546,480,-1
1788814637.2834,1540734,V,547,481,-1
1788814637.3323,1540747,V,547,481,17108
1788814637.3324,1540755,V,547,481,-1
1788814637.3326,1540763,V,548,482,-1
1788814637.3326,1540771,V,547,481,-1
1788814637.3326,1540779,V,547,481,-1
1788814637.3326,1540787,V,547,481,-1
1788814637.3825,1540801,V,547,481,17109
1788814637.3825,1540809,V,547,481,-1
1788814637.3826,1540817,V,551,484,-1
1788814637.3826,1540825,V,548,482,-1
1788814637.3826,1540833,V,548,482,-1
1788814637.3826,1540841,V,546,480,-1
1788814637.4305,1540855,V,547,481,17110
1788814637.4305,1540863,V,547,481,-1
1788814637.4305,1540871,V,547,481,-1
1788814637.4305,1540879,V,547,481,-1
1788814637.4305,1540887,V,547,481,-1
1788814637.4305,1540895,V,546,480,-1
1788814637.4792,1540908,V,546,480,17111
1788814637.4793,1540916,V,551,484,-1
1788814637.4793,1540924,V,548,482,-1
1788814637.4793,1540932,V,547,481,-1
1788814637.4793,1540940,V,547,481,-1
1788814637.4793,1540948,V,547,481,-1
1788814637.5282,1540962,V,546,480,17112
1788814637.5282,1540970,V,546,480,-1
1788814637.5282,1540978,V,547,481,-1
1788814637.5282,1540986,V,547,481,-1
1788814637.5282,1540994,V,546,480,-1
1788814637.5282,1541002,V,545,479,-1
1788814637.5758,1541016,V,565,497,17113
1788814637.5760,1541024,V,546,480,-1
1788814637.5760,1541032,V,545,479,-1
1788814637.5760,1541040,V,545,479,-1
1788814637.5760,1541048,V,546,480,-1
1788814637.5760,1541056,V,545,479,-1
1788814637.6737,1541069,V,546,480,17114
1788814637.6737,1541077,V,546,480,-1
1788814637.6738,1541085,V,545,479,-1
1788814637.6738,1541093,V,545,479,-1
1788814637.6738,1541101,V,547,481,-1
1788814637.6738,1541109,V,548,482,-1
1788814637.7223,1541123,V,545,479,17115
1788814637.7224,1541131,V,546,480,-1
1788814637.7224,1541139,V,546,480,-1
1788814637.7224,1541147,V,545,479,-1
1788814637.7224,1541155,V,546,480,-1
1788814637.7224,1541163,V,546,480,-1
1788814637.7710,1541176,V,546,480,17116
1788814637.7710,1541184,V,546,480,-1
1788814637.7710,1541192,V,546,480,-1
1788814637.7711,1541200,V,547,481,-1
1788814637.7711,1541208,V,546,480,-1
1788814637.7711,1541216,V,546,480,-1
1788814637.8196,1541230,V,546,480,17117
1788814637.8197,1541238,V,547,481,-1
1788814637.8198,1541246,V,545,479,-1
1788814637.8198,1541254,V,546,480,-1
1788814637.8198,1541262,V,545,479,-1
1788814637.8198,1541270,V,547,481,-1
1788814637.8688,1541284,V,546,480,17118
1788814637.8688,1541292,V,547,481,-1
1788814637.8688,1541300,V,546,480,-1
1788814637.8688,1541308,V,546,480,-1
1788814637.8688,1541316,V,547,481,-1
1788814637.8689,1541324,V,547,481,-1
1788814637.9662,1541337,V,547,481,17119
1788814637.9663,1541345,V,547,481,-1
1788814637.9663,1541353,V,550,483,-1
1788814637.9663,1541361,V,547,481,-1
1788814637.9663,1541369,V,547,481,-1
1788814637.9663,1541377,V,548,482,-1
1788814637.9674,1541391,V,548,482,17120
1788814637.9675,1541399,V,547,481,-1
1788814637.9675,1541407,V,548,482,-1
1788814637.9675,1541415,V,548,482,-1
1788814637.9675,1541423,V,547,481,-1
1788814637.9675,1541431,V,548,482,-1
1788814638.0146,1541444,V,547,481,17121
1788814638.0147,1541452,V,549,483,-1
1788814638.0147,1541460,V,547,481,-1
1788814638.0147,1541468,V,547,481,-1
1788814638.0147,1541476,V,546,480,-1
1788814638.0147,1541484,V,546,480,-1
1788814638.0647,1541498,V,547,481,17122
1788814638.0648,1541506,V,547,481,-1
1788814638.0648,1541514,V,546,480,-1
1788814638.0648,1541522,V,547,481,-1
1788814638.0649,1541530,V,547,481,-1
1788814638.0649,1541538,V,547,481,-1
1788814638.1125,1541552,V,556,489,17123
1788814638.1126,1541560,V,546,480,-1
1788814638.1126,1541568,V,546,480,-1
1788814638.1126,1541576,V,546,480,-1
1788814638.1126,1541584,V,546,480,-1
1788814638.1126,1541592,V,546,480,-1
1788814638.2123,1541605,V,547,481,17124
1788814638.2123,1541613,V,547,481,-1
1788814638.2123,1541621,V,546,480,-1
1788814638.2123,1541629,V,547,481,-1
1788814638.2123,1541637,V,546,480,-1
1788814638.2123,1541645,V,549,483,-1
1788814638.2584,1541659,V,547,481,17125
1788814638.2584,1541667,V,546,480,-1
1788814638.2584,1541675,V,547,481,-1
1788814638.2584,1541683,V,546,480,-1
1788814638.2585,1541691,V,546,480,-1
1788814638.2585,1541699,V,546,480,-1
1788814638.3079,1541713,V,547,481,17126
1788814638.3080,1541721,V,547,481,-1
1788814638.3080,1541729,V,546,480,-1
1788814638.3080,1541737,V,547,481,-1
1788814638.3080,1541745,V,546,480,-1
1788814638.3080,1541753,V,546,480,-1
1788814638.3581,1541766,V,547,481,17127
1788814638.3581,1541774,V,547,481,-1
1788814638.3582,1541782,V,547,481,-1
1788814638.3582,1541790,V,547,481,-1
1788814638.3582,1541798,V,548,482,-1
1788814638.3582,1541806,V,546,480,-1
1788814638.4045,1541820,V,547,481,17128
1788814638.4045,1541828,V,547,481,-1
1788814638.4045,1541836,V,547,481,-1
1788814638.4045,1541844,V,547,481,-1
1788814638.4045,1541852,V,546,480,-1
1788814638.4045,1541860,V,546,480,-1
1788814638.4543,1541874,V,548,482,17129
1788814638.4544,1541882,V,547,481,-1
1788814638.4544,1541890,V,550,483,-1
1788814638.4544,1541898,V,546,480,-1
1788814638.4544,1541906,V,548,482,-1
1788814638.4544,1541914,V,547,481,-1
1788814638.5030,1541927,V,547,481,17130
1788814638.5031,1541935,V,545,479,-1
1788814638.5031,1541943,V,546,480,-1
1788814638.5031,1541951,V,545,479,-1
1788814638.5031,1541959,V,545,479,-1
1788814638.5031,1541967,V,546,480,-1
1788814638.5518,1541981,V,546,480,17131
1788814638.5520,1541989,V,547,481,-1
1788814638.5520,1541997,V,545,479,-1
1788814638.5520,1542005,V,544,478,-1
1788814638.5520,1542013,V,545,479,-1
1788814638.5520,1542021,V,545,479,-1
1788814638.6008,1542035,V,546,480,17132
1788814638.6009,1542043,V,546,480,-1
1788814638.6009,1542051,V,546,480,-1
1788814638.6009,1542059,V,546,480,-1
1788814638.6009,1542067,V,547,481,-1
1788814638.6009,1542075,V,547,481,-1
1788814638.6491,1542088,V,567,498,17133
1788814638.6491,1542096,V,546,480,-1
1788814638.6491,1542104,V,547,481,-1
1788814638.6491,1542112,V,546,480,-1
1788814638.6491,1542120,V,547,481,-1
1788814638.6491,1542128,V,548,482,-1
1788814638.7460,1542142,V,547,481,17134
1788814638.7460,1542150,V,547,481,-1
1788814638.7460,1542158,V,548,482,-1
1788814638.7460,1542166,V,547,481,-1
1788814638.7460,1542174,V,548,482,-1
1788814638.7460,1542182,V,549,483,-1
1788814638.7946,1542195,V,547,481,17135
1788814638.7947,1542203,V,547,481,-1
1788814638.7947,1542211,V,548,482,-1
1788814638.7948,1542219,V,548,482,-1
1788814638.7948,1542227,V,547,481,-1
1788814638.7948,1542235,V,547,481,-1
1788814638.8448,1542249,V,547,481,17136
1788814638.8448,1542257,V,547,481,-1
1788814638.8448,1542265,V,548,482,-1
1788814638.8448,1542273,V,547,481,-1
1788814638.8448,1542281,V,547,481,-1
1788814638.8448,1542289,V,548,482,-1
1788814638.8940,1542303,V,546,480,17137
1788814638.8940,1542311,V,547,481,-1
1788814638.8940,1542319,V,547,481,-1
1788814638.8940,1542327,V,547,481,-1
1788814638.8940,1542335,V,547,481,-1
1788814638.8941,1542343,V,547,481,-1
1788814638.9406,1542356,V,547,481,17138
1788814638.9406,1542364,V,546,480,-1
1788814638.9406,1542372,V,546,480,-1
1788814638.9407,1542380,V,547,481,-1
1788814638.9407,1542388,V,547,481,-1
1788814638.9407,1542396,V,546,480,-1
1788814638.9903,1542410,V,545,479,17139
1788814638.9903,1542418,V,546,480,-1
1788814638.9903,1542426,V,552,485,-1
1788814638.9903,1542434,V,546,480,-1
1788814638.9904,1542442,V,546,480,-1
1788814638.9904,1542450,V,547,481,-1
1788814639.0392,1542463,V,546,480,17140
1788814639.0393,1542471,V,546,480,-1
1788814639.0393,1542479,V,546,480,-1
1788814639.0393,1542487,V,546,480,-1
1788814639.0393,1542495,V,545,479,-1
1788814639.0393,1542503,V,547,481,-1
1788814639.1385,1542517,V,547,481,17141
1788814639.1385,1542525,V,549,483,-1
1788814639.1386,1542533,V,545,479,-1
1788814639.1386,1542541,V,547,481,-1
1788814639.1388,1542549,V,546,480,-1
1788814639.1388,1542557,V,547,481,-1
1788814639.1389,1542571,V,546,480,17142
1788814639.1390,1542579,V,547,481,-1
1788814639.1390,1542587,V,546,480,-1
1788814639.1390,1542595,V,546,480,-1
1788814639.1390,1542603,V,546,480,-1
1788814639.1390,1542611,V,547,481,-1
1788814639.1847,1542624,V,560,492,17143
1788814639.1847,1542632,V,545,479,-1
1788814639.1847,1542640,V,547,481,-1
1788814639.1847,1542648,V,546,480,-1
1788814639.1847,1542656,V,546,480,-1
1788814639.1847,1542664,V,547,481,-1
1788814639.2825,1542678,V,547,481,17144
1788814639.2826,1542686,V,547,481,-1
1788814639.2826,1542694,V,546,480,-1
1788814639.2826,1542702,V,547,481,-1
1788814639.2826,1542710,V,547,481,-1
1788814639.2826,1542718,V,550,483,-1
1788814639.3313,1542732,V,546,480,17145
1788814639.3313,1542740,V,547,481,-1
1788814639.3313,1542748,V,546,480,-1
1788814639.3313,1542756,V,547,481,-1
1788814639.3313,1542764,V,547,481,-1
1788814639.3314,1542772,V,547,481,-1
1788814639.3798,1542785,V,547,481,17146
1788814639.3798,1542793,V,547,481,-1
1788814639.3798,1542801,V,547,481,-1
1788814639.3798,1542809,V,547,481,-1
1788814639.3798,1542817,V,547,481,-1
1788814639.3798,1542825,V,546,480,-1
1788814639.4284,1542839,V,548,482,17147
1788814639.4284,1542847,V,547,481,-1
1788814639.4284,1542855,V,546,480,-1
1788814639.4284,1542863,V,547,481,-1
1788814639.4284,1542871,V,545,479,-1
1788814639.4284,1542879,V,546,480,-1
1788814639.4780,1542893,V,547,481,17148
1788814639.4780,1542901,V,547,481,-1
1788814639.4780,1542909,V,545,479,-1
1788814639.4780,1542917,V,547,481,-1
1788814639.4780,1542925,V,546,480,-1
1788814639.4780,1542933,V,547,481,-1
1788814639.5264,1542946,V,546,480,17149
1788814639.5265,1542954,V,547,481,-1
1788814639.5265,1542962,V,554,487,-1
1788814639.5265,1542970,V,547,481,-1
1788814639.5265,1542978,V,548,482,-1
1788814639.5265,1542986,V,548,482,-1
1788814639.5778,1543000,V,549,483,17150
1788814639.5779,1543008,V,547,481,-1
1788814639.5779,1543016,V,547,481,-1
1788814639.5779,1543024,V,546,480,-1
1788814639.5779,1543032,V,547,481,-1
1788814639.5779,1543040,V,547,481,-1
1788814639.6235,1543054,V,546,480,17151
1788814639.6235,1543062,V,549,483,-1
1788814639.6235,1543070,V,547,481,-1
1788814639.6235,1543078,V,546,480,-1
1788814639.6235,1543086,V,546,480,-1
1788814639.6235,1543094,V,546,480,-1
1788814639.6722,1543107,V,547,481,17152
1788814639.6722,1543115,V,545,479,-1
1788814639.6722,1543123,V,546,480,-1
1788814639.6722,1543131,V,547,481,-1
1788814639.6722,1543139,V,548,482,-1
1788814639.6722,1543147,V,547,481,-1
1788814639.7209,1543161,V,557,490,17153
1788814639.7209,1543169,V,548,482,-1
1788814639.7209,1543177,V,547,481,-1
1788814639.7209,1543185,V,548,482,-1
1788814639.7209,1543193,V,547,481,-1
1788814639.7209,1543201,V,547,481,-1
1788814639.8183,1543215,V,546,480,17154
1788814639.8184,1543223,V,547,481,-1
1788814639.8184,1543231,V,547,481,-1
1788814639.8184,1543239,V,546,480,-1
1788814639.8184,1543247,V,547,481,-1
1788814639.8185,1543255,V,547,481,-1
1788814639.8688,1543268,V,547,481,17155
1788814639.8688,1543276,V,546,480,-1
1788814639.8688,1543284,V,547,481,-1
1788814639.8688,1543292,V,546,480,-1
1788814639.8688,1543300,V,546,480,-1
1788814639.8688,1543308,V,545,479,-1
1788814639.9160,1543322,V,547,481,17156
1788814639.9161,1543330,V,547,481,-1
1788814639.9161,1543338,V,546,480,-1
1788814639.9161,1543346,V,545,479,-1
1788814639.9161,1543354,V,547,481,-1
1788814639.9161,1543362,V,546,480,-1
1788814639.9645,1543376,V,545,479,17157
1788814639.9646,1543384,V,546,480,-1
1788814639.9646,1543392,V,547,481,-1
1788814639.9646,1543400,V,547,481,-1
1788814639.9646,1543408,V,546,480,-1
1788814639.9646,1543416,V,546,480,-1
1788814640.0143,1543429,V,546,480,17158
1788814640.0143,1543437,V,547,481,-1
1788814640.0143,1543445,V,547,481,-1
1788814640.0143,1543453,V,547,481,-1
1788814640.0143,1543461,V,547,481,-1
1788814640.0143,1543469,V,547,481,-1
1788814640.0631,1543483,V,547,481,17159
1788814640.0632,1543491,V,547,481,-1
1788814640.0633,1543499,V,552,485,-1
1788814640.0633,1543507,V,547,481,-1
1788814640.0633,1543515,V,547,481,-1
1788814640.0633,1543523,V,547,481,-1
1788814640.1599,1543537,V,547,481,17160
1788814640.1599,1543545,V,547,481,-1
1788814640.1599,1543553,V,547,481,-1
1788814640.1599,1543561,V,546,480,-1
1788814640.1599,1543569,V,546,480,-1
1788814640.1599,1543577,V,547,481,-1
1788814640.1608,1543590,V,548,482,17161
1788814640.1608,1543598,V,556,489,-1
1788814640.1608,1543606,V,547,481,-1
1788814640.1608,1543614,V,548,482,-1
1788814640.1608,1543622,V,547,481,-1
1788814640.1608,1543630,V,547,481,-1
1788814640.2098,1543644,V,548,482,17162
1788814640.2098,1543652,V,548,482,-1
1788814640.2099,1543660,V,548,482,-1
1788814640.2099,1543668,V,546,480,-1
1788814640.2099,1543676,V,547,481,-1
1788814640.2099,1543684,V,547,481,-1
1788814640.2570,1543697,V,556,489,17163
1788814640.2571,1543705,V,548,482,-1
1788814640.2571,1543713,V,547,481,-1
1788814640.2571,1543721,V,547,481,-1
1788814640.2571,1543729,V,549,483,-1
1788814640.2571,1543737,V,546,480,-1
1788814640.3547,1543751,V,547,481,17164
1788814640.3548,1543759,V,546,480,-1
1788814640.3548,1543767,V,545,479,-1
1788814640.3548,1543775,V,547,481,-1
1788814640.3549,1543783,V,547,481,-1
1788814640.3549,1543791,V,547,481,-1
1788814640.4033,1543805,V,546,480,17165
1788814640.4033,1543813,V,547,481,-1
1788814640.4033,1543821,V,546,480,-1
1788814640.4034,1543829,V,546,480,-1
1788814640.4034,1543837,V,547,481,-1
1788814640.4034,1543845,V,547,481,-1
1788814640.4544,1543858,V,546,480,17166
1788814640.4544,1543866,V,545,479,-1
1788814640.4544,1543874,V,546,480,-1
1788814640.4544,1543882,V,546,480,-1
1788814640.4544,1543890,V,546,480,-1
1788814640.4544,1543898,V,546,480,-1
1788814640.5008,1543912,V,546,480,17167
1788814640.5008,1543920,V,546,480,-1
1788814640.5009,1543928,V,547,481,-1
1788814640.5009,1543936,V,545,479,-1
1788814640.5009,1543944,V,546,480,-1
1788814640.5009,1543952,V,545,479,-1
1788814640.5499,1543966,V,545,479,17168
1788814640.5499,1543974,V,545,479,-1
1788814640.5499,1543982,V,546,480,-1
1788814640.5499,1543990,V,545,479,-1
1788814640.5499,1543998,V,545,479,-1
1788814640.5499,1544006,V,545,479,-1
1788814640.5987,1544019,V,545,479,17169
1788814640.5988,1544027,V,545,479,-1
1788814640.5988,1544035,V,548,482,-1
1788814640.5988,1544043,V,548,482,-1
1788814640.5988,1544051,V,549,483,-1
1788814640.5988,1544059,V,546,480,-1
1788814640.6477,1544073,V,546,480,17170
1788814640.6478,1544081,V,546,480,-1
1788814640.6478,1544089,V,546,480,-1
1788814640.6478,1544097,V,546,480,-1
1788814640.6478,1544105,V,546,480,-1
1788814640.6478,1544113,V,548,482,-1
1788814640.7014,1544126,V,547,481,17171
1788814640.7014,1544134,V,550,483,-1
1788814640.7014,1544142,V,548,482,-1
1788814640.7014,1544150,V,547,481,-1
1788814640.7014,1544158,V,548,482,-1
1788814640.7014,1544166,V,547,481,-1
1788814640.7947,1544180,V,548,482,17172
1788814640.7947,1544188,V,547,481,-1
1788814640.7947,1544196,V,547,481,-1
1788814640.7947,1544204,V,545,479,-1
1788814640.7947,1544212,V,547,481,-1
1788814640.7947,1544220,V,546,480,-1
1788814640.7948,1544234,V,547,481,17173
1788814640.7948,1544242,V,546,480,-1
1788814640.7948,1544250,V,545,479,-1
1788814640.7948,1544258,V,546,480,-1
1788814640.7948,1544266,V,546,480,-1
1788814640.7948,1544274,V,545,479,-1
1788814640.8908,1544288,V,546,480,17174
1788814640.8909,1544296,V,546,480,-1
1788814640.8909,1544304,V,547,481,-1
1788814640.8909,1544312,V,547,481,-1
1788814640.8909,1544320,V,546,480,-1
1788814640.8909,1544328,V,546,480,-1
1788814640.9398,1544341,V,547,481,17175
1788814640.9399,1544349,V,546,480,-1
1788814640.9399,1544357,V,546,480,-1
1788814640.9399,1544365,V,546,480,-1
1788814640.9399,1544373,V,546,480,-1
1788814640.9399,1544381,V,546,480,-1
1788814640.9905,1544395,V,545,479,17176
1788814640.9905,1544403,V,546,480,-1
1788814640.9905,1544411,V,545,479,-1
1788814640.9905,1544419,V,545,479,-1
1788814640.9905,1544427,V,545,479,-1
1788814640.9905,1544435,V,545,479,-1
1788814641.0368,1544448,V,546,480,17177
1788814641.0368,1544456,V,547,481,-1
1788814641.0368,1544464,V,546,480,-1
1788814641.0368,1544472,V,551,484,-1
1788814641.0368,1544480,V,546,480,-1
1788814641.0368,1544488,V,547,481,-1
1788814641.0862,1544502,V,546,480,17178
1788814641.0862,1544510,V,547,481,-1
1788814641.0862,1544518,V,548,482,-1
1788814641.0863,1544526,V,548,482,-1
1788814641.0863,1544534,V,547,481,-1
1788814641.0863,1544542,V,546,480,-1
1788814641.1348,1544556,V,547,481,17179
1788814641.1350,1544564,V,547,481,-1
1788814641.1350,1544572,V,551,484,-1
1788814641.1350,1544580,V,547,481,-1
1788814641.1350,1544588,V,548,482,-1
1788814641.1350,1544596,V,547,481,-1
1788814641.1839,1544609,V,547,481,17180
1788814641.1839,1544617,V,547,481,-1
1788814641.1839,1544625,V,548,482,-1
1788814641.1839,1544633,V,547,481,-1
1788814641.1839,1544641,V,547,481,-1
1788814641.1839,1544649,V,547,481,-1
1788814641.2340,1544663,V,547,481,17181
1788814641.2341,1544671,V,563,495,-1
1788814641.2341,1544679,V,547,481,-1
1788814641.2341,1544687,V,546,480,-1
1788814641.2341,1544695,V,546,480,-1
1788814641.2341,1544703,V,546,480,-1
1788814641.2810,1544717,V,546,480,17182
1788814641.2811,1544725,V,546,480,-1
1788814641.2811,1544733,V,546,480,-1
1788814641.2811,1544741,V,545,479,-1
1788814641.2811,1544749,V,546,480,-1
1788814641.2811,1544757,V,546,480,-1
1788814641.3294,1544770,V,546,480,17183
1788814641.3294,1544778,V,545,479,-1
1788814641.3294,1544786,V,545,479,-1
1788814641.3294,1544794,V,545,479,-1
1788814641.3294,1544802,V,546,480,-1
1788814641.3294,1544810,V,546,480,-1
1788814641.4273,1544824,V,547,481,17184
1788814641.4275,1544832,V,546,480,-1
1788814641.4275,1544840,V,547,481,-1
1788814641.4275,1544848,V,546,480,-1
1788814641.4275,1544856,V,546,480,-1
1788814641.4275,1544864,V,546,480,-1
1788814641.4764,1544877,V,546,480,17185
1788814641.4764,1544885,V,547,481,-1
1788814641.4764,1544893,V,547,481,-1
1788814641.4764,1544901,V,547,481,-1
1788814641.4764,1544909,V,548,482,-1
1788814641.4764,1544917,V,546,480,-1
1788814641.5251,1544931,V,548,482,17186
1788814641.5251,1544939,V,547,481,-1
1788814641.5251,1544947,V,547,481,-1
1788814641.5251,1544955,V,547,481,-1
1788814641.5251,1544963,V,548,482,-1
1788814641.5251,1544971,V,548,482,-1
1788814641.5736,1544985,V,548,482,17187
1788814641.5736,1544993,V,548,482,-1
1788814641.5737,1545001,V,548,482,-1
1788814641.5737,1545009,V,551,484,-1
1788814641.5737,1545017,V,547,481,-1
1788814641.5737,1545025,V,547,481,-1
1788814641.6220,1545038,V,546,480,17188
1788814641.6220,1545046,V,548,482,-1
1788814641.6220,1545054,V,547,481,-1
1788814641.6220,1545062,V,548,482,-1
1788814641.6220,1545070,V,548,482,-1
1788814641.6220,1545078,V,547,481,-1
1788814641.6710,1545092,V,548,482,17189
1788814641.6711,1545100,V,547,481,-1
1788814641.6711,1545108,V,548,482,-1
1788814641.6711,1545116,V,546,480,-1
1788814641.6712,1545124,V,547,481,-1
1788814641.6712,1545132,V,546,480,-1
1788814641.7200,1545146,V,546,480,17190
1788814641.7200,1545154,V,547,481,-1
1788814641.7200,1545162,V,546,480,-1
1788814641.7200,1545170,V,545,479,-1
1788814641.7200,1545178,V,546,480,-1
1788814641.7200,1545186,V,545,479,-1
1788814641.7684,1545199,V,548,482,17191
1788814641.7684,1545207,V,566,497,-1
1788814641.7684,1545215,V,547,481,-1
1788814641.7684,1545223,V,547,481,-1
1788814641.7684,1545231,V,547,481,-1
1788814641.7685,1545239,V,546,480,-1
1788814641.8172,1545253,V,546,480,17192
1788814641.8172,1545261,V,547,481,-1
1788814641.8172,1545269,V,547,481,-1
1788814641.8172,1545277,V,547,481,-1
1788814641.8172,1545285,V,547,481,-1
1788814641.8172,1545293,V,547,481,-1
1788814641.8659,1545307,V,547,481,17193
1788814641.8659,1545315,V,546,480,-1
1788814641.8659,1545323,V,546,480,-1
1788814641.8659,1545331,V,547,481,-1
1788814641.8659,1545339,V,546,480,-1
1788814641.8659,1545347,V,547,481,-1
1788814641.9660,1545360,V,546,480,17194
1788814641.9661,1545368,V,547,481,-1
1788814641.9661,1545376,V,547,481,-1
1788814641.9661,1545384,V,548,482,-1
1788814641.9661,1545392,V,547,481,-1
1788814641.9661,1545400,V,547,481,-1
1788814642.0122,1545414,V,547,481,17195
1788814642.0123,1545422,V,547,481,-1
1788814642.0123,1545430,V,547,481,-1
1788814642.0123,1545438,V,547,481,-1
1788814642.0123,1545446,V,547,481,-1
1788814642.0123,1545454,V,547,481,-1
1788814642.0610,1545467,V,546,480,17196
1788814642.0610,1545475,V,548,482,-1
1788814642.0610,1545483,V,547,481,-1
1788814642.0610,1545491,V,547,481,-1
1788814642.0611,1545499,V,549,483,-1
1788814642.0611,1545507,V,548,482,-1
1788814642.1096,1545521,V,548,482,17197
1788814642.1096,1545529,V,547,481,-1
1788814642.1096,1545537,V,548,482,-1
1788814642.1096,1545545,V,554,487,-1
1788814642.1096,1545553,V,548,482,-1
1788814642.1096,1545561,V,546,480,-1
1788814642.1585,1545575,V,546,480,17198
1788814642.1585,1545583,V,546,480,-1
1788814642.1585,1545591,V,546,480,-1
1788814642.1585,1545599,V,547,481,-1
1788814642.1585,1545607,V,546,480,-1
1788814642.1585,1545615,V,546,480,-1
1788814642.2089,1545628,V,546,480,17199
1788814642.2090,1545636,V,547,481,-1
1788814642.2090,1545644,V,549,483,-1
1788814642.2090,1545652,V,548,482,-1
1788814642.2091,1545660,V,547,481,-1
1788814642.2091,1545668,V,546,480,-1
1788814642.2559,1545682,V,547,481,17200
1788814642.2559,1545690,V,546,480,-1
1788814642.2559,1545698,V,547,481,-1
1788814642.2559,1545706,V,547,481,-1
1788814642.2559,1545714,V,546,480,-1
1788814642.2559,1545722,V,546,480,-1
1788814642.3047,1545736,V,546,480,17201
1788814642.3047,1545744,V,564,496,-1
1788814642.3047,1545752,V,546,480,-1
1788814642.3047,1545760,V,545,479,-1
1788814642.3047,1545768,V,546,480,-1
1788814642.3047,1545776,V,547,481,-1
1788814642.3536,1545789,V,546,480,17202
1788814642.3536,1545797,V,546,480,-1
1788814642.3536,1545805,V,546,480,-1
1788814642.3536,1545813,V,545,479,-1
1788814642.3536,1545821,V,546,480,-1
1788814642.3537,1545829,V,547,481,-1
1788814642.4021,1545843,V,545,479,17203
1788814642.4021,1545851,V,546,480,-1
1788814642.4021,1545859,V,546,480,-1
1788814642.4021,1545867,V,546,480,-1
1788814642.4021,1545875,V,547,481,-1
1788814642.4021,1545883,V,547,481,-1
1788814642.5000,1545897,V,548,482,17204
1788814642.5001,1545905,V,547,481,-1
1788814642.5002,1545913,V,546,480,-1
1788814642.5002,1545921,V,547,481,-1
1788814642.5002,1545929,V,547,481,-1
1788814642.5002,1545937,V,547,481,-1
1788814642.5485,1545950,V,547,481,17205
1788814642.5485,1545958,V,547,481,-1
1788814642.5485,1545966,V,547,481,-1
1788814642.5485,1545974,V,548,482,-1
1788814642.5485,1545982,V,548,482,-1
1788814642.5485,1545990,V,548,482,-1
1788814642.5972,1546004,V,548,482,17206
1788814642.5972,1546012,V,547,481,-1
1788814642.5973,1546020,V,546,480,-1
1788814642.5973,1546028,V,546,480,-1
1788814642.5973,1546036,V,546,480,-1
1788814642.5973,1546044,V,547,481,-1
1788814642.6459,1546058,V,546,480,17207
1788814642.6459,1546066,V,546,480,-1
1788814642.6459,1546074,V,546,480,-1
1788814642.6459,1546082,V,553,486,-1
1788814642.6459,1546090,V,547,481,-1
1788814642.6459,1546098,V,546,480,-1
1788814642.6950,1546111,V,546,480,17208
1788814642.6951,1546119,V,545,479,-1
1788814642.6952,1546127,V,545,479,-1
1788814642.6952,1546135,V,546,480,-1
1788814642.6952,1546143,V,546,480,-1
1788814642.6952,1546151,V,545,479,-1
1788814642.7433,1546165,V,545,479,17209
1788814642.7434,1546173,V,545,479,-1
1788814642.7434,1546181,V,550,483,-1
1788814642.7434,1546189,V,546,480,-1
1788814642.7434,1546197,V,546,480,-1
1788814642.7434,1546205,V,546,480,-1
1788814642.7924,1546219,V,546,480,17210
1788814642.7924,1546227,V,547,481,-1
1788814642.7924,1546235,V,546,480,-1
1788814642.7924,1546243,V,547,481,-1
1788814642.7924,1546251,V,546,480,-1
1788814642.7925,1546259,V,547,481,-1
1788814642.8405,1546273,V,546,480,17211
1788814642.8406,1546281,V,548,482,-1
1788814642.8406,1546289,V,546,480,-1
1788814642.8406,1546297,V,547,481,-1
1788814642.8406,1546305,V,547,481,-1
1788814642.8406,1546313,V,547,481,-1
1788814642.8897,1546326,V,546,480,17212
1788814642.8897,1546334,V,546,480,-1
1788814642.8897,1546342,V,547,481,-1
1788814642.8897,1546350,V,546,480,-1
1788814642.8897,1546358,V,547,481,-1
1788814642.8897,1546366,V,546,480,-1
1788814642.9384,1546380,V,546,480,17213
1788814642.9384,1546388,V,546,480,-1
1788814642.9385,1546396,V,547,481,-1
1788814642.9385,1546404,V,546,480,-1
1788814642.9385,1546412,V,547,481,-1
1788814642.9385,1546420,V,546,480,-1
1788814643.0360,1546433,V,547,481,17214
1788814643.0361,1546441,V,547,481,-1
1788814643.0361,1546449,V,545,479,-1
1788814643.0361,1546457,V,546,480,-1
1788814643.0361,1546465,V,547,481,-1
1788814643.0361,1546473,V,546,480,-1
1788814643.0852,1546487,V,546,480,17215
1788814643.0852,1546495,V,545,479,-1
1788814643.0852,1546503,V,545,479,-1
1788814643.0852,1546511,V,546,480,-1
1788814643.0852,1546519,V,549,483,-1
1788814643.0852,1546527,V,545,479,-1
1788814643.1334,1546541,V,545,479,17216
1788814643.1334,1546549,V,546,480,-1
1788814643.1334,1546557,V,546,480,-1
1788814643.1334,1546565,V,546,480,-1
1788814643.1335,1546573,V,546,480,-1
1788814643.1335,1546581,V,546,480,-1
1788814643.1822,1546594,V,546,480,17217
1788814643.1822,1546602,V,546,480,-1
1788814643.1822,1546610,V,545,479,-1
1788814643.1822,1546618,V,549,483,-1
1788814643.1822,1546626,V,546,480,-1
1788814643.1822,1546634,V,547,481,-1
1788814643.2327,1546648,V,546,480,17218
1788814643.2327,1546656,V,547,481,-1
1788814643.2327,1546664,V,548,482,-1
1788814643.2327,1546672,V,546,480,-1
1788814643.2327,1546680,V,547,481,-1
1788814643.2328,1546688,V,546,480,-1
1788814643.2797,1546701,V,548,482,17219
1788814643.2798,1546709,V,547,481,-1
1788814643.2799,1546717,V,563,495,-1
1788814643.2799,1546725,V,547,481,-1
1788814643.2799,1546733,V,547,481,-1
1788814643.2799,1546741,V,547,481,-1
1788814643.3298,1546755,V,548,482,17220
1788814643.3298,1546763,V,547,481,-1
1788814643.3298,1546771,V,548,482,-1
1788814643.3298,1546779,V,547,481,-1
1788814643.3298,1546787,V,547,481,-1
1788814643.3299,1546795,V,547,481,-1
1788814643.3781,1546809,V,548,482,17221
1788814643.3781,1546817,V,547,481,-1
1788814643.3781,1546825,V,546,480,-1
1788814643.3781,1546833,V,546,480,-1
1788814643.3782,1546841,V,547,481,-1
1788814643.3782,1546849,V,546,480,-1
1788814643.4265,1546862,V,547,481,17222
1788814643.4265,1546870,V,547,481,-1
1788814643.4265,1546878,V,547,481,-1
1788814643.4265,1546886,V,547,481,-1
1788814643.4265,1546894,V,546,480,-1
1788814643.4265,1546902,V,547,481,-1
1788814643.5236,1546916,V,546,480,17223
1788814643.5237,1546924,V,546,480,-1
1788814643.5238,1546932,V,546,480,-1
1788814643.5238,1546940,V,546,480,-1
1788814643.5238,1546948,V,546,480,-1
1788814643.5238,1546956,V,545,479,-1
1788814643.5727,1546970,V,546,480,17224
1788814643.5727,1546978,V,546,480,-1
1788814643.5727,1546986,V,546,480,-1
1788814643.5727,1546994,V,547,481,-1
1788814643.5727,1547002,V,546,480,-1
1788814643.5728,1547010,V,546,480,-1
1788814643.6210,1547023,V,547,481,17225
1788814643.6210,1547031,V,545,479,-1
1788814643.6210,1547039,V,548,482,-1
1788814643.6210,1547047,V,547,481,-1
1788814643.6210,1547055,V,551,484,-1
1788814643.6210,1547063,V,546,480,-1
1788814643.6697,1547077,V,546,480,17226
1788814643.6697,1547085,V,547,481,-1
1788814643.6697,1547093,V,548,482,-1
1788814643.6697,1547101,V,547,481,-1
1788814643.6697,1547109,V,546,480,-1
1788814643.6697,1547117,V,547,481,-1
1788814643.7183,1547131,V,548,482,17227
1788814643.7184,1547139,V,546,480,-1
1788814643.7184,1547147,V,546,480,-1
1788814643.7184,1547155,V,549,483,-1
1788814643.7184,1547163,V,547,481,-1
1788814643.7184,1547171,V,546,480,-1
1788814643.7693,1547184,V,546,480,17228
1788814643.7694,1547192,V,546,480,-1
1788814643.7694,1547200,V,546,480,-1
1788814643.7694,1547208,V,546,480,-1
1788814643.7695,1547216,V,546,480,-1
1788814643.7695,1547224,V,547,481,-1
1788814643.8171,1547238,V,547,481,17229
1788814643.8172,1547246,V,548,482,-1
1788814643.8172,1547254,V,568,499,-1
1788814643.8172,1547262,V,546,480,-1
1788814643.8172,1547270,V,547,481,-1
1788814643.8172,1547278,V,548,482,-1
1788814643.8656,1547291,V,548,482,17230
1788814643.8656,1547299,V,548,482,-1
1788814643.8657,1547307,V,547,481,-1
1788814643.8657,1547315,V,548,482,-1
1788814643.8657,1547323,V,547,481,-1
1788814643.8657,1547331,V,546,480,-1
1788814643.9145,1547345,V,548,482,17231
1788814643.9145,1547353,V,548,482,-1
1788814643.9145,1547361,V,546,480,-1
1788814643.9145,1547369,V,548,482,-1
1788814643.9145,1547377,V,547,481,-1
1788814643.9145,1547385,V,547,481,-1
1788814643.9632,1547399,V,546,480,17232
1788814643.9632,1547407,V,546,480,-1
1788814643.9632,1547415,V,547,481,-1
1788814643.9632,1547423,V,546,480,-1
1788814643.9632,1547431,V,546,480,-1
1788814643.9632,1547439,V,546,480,-1
1788814644.0110,1547453,V,546,480,17233
1788814644.0111,1547461,V,546,480,-1
1788814644.0111,1547469,V,546,480,-1
1788814644.0112,1547477,V,545,479,-1
1788814644.0112,1547485,V,545,479,-1
1788814644.0112,1547493,V,545,479,-1
1788814644.1089,1547506,V,547,481,17234
1788814644.1089,1547514,V,546,480,-1
1788814644.1089,1547522,V,546,480,-1
1788814644.1089,1547530,V,546,480,-1
1788814644.1089,1547538,V,545,479,-1
1788814644.1089,1547546,V,546,480,-1
1788814644.1572,1547560,V,546,480,17235
1788814644.1573,1547568,V,546,480,-1
1788814644.1573,1547576,V,547,481,-1
1788814644.1573,1547584,V,546,480,-1
1788814644.1573,1547592,V,553,486,-1
1788814644.1573,1547600,V,547,481,-1
1788814644.2563,1547613,V,546,480,17236
1788814644.2566,1547621,V,547,481,-1
1788814644.2566,1547629,V,546,480,-1
1788814644.2566,1547637,V,547,481,-1
1788814644.2566,1547645,V,546,480,-1
1788814644.2566,1547653,V,548,482,-1
1788814644.2568,1547667,V,547,481,17237
1788814644.2568,1547675,V,547,481,-1
1788814644.2568,1547683,V,546,480,-1
1788814644.2568,1547691,V,550,483,-1
1788814644.2568,1547699,V,548,482,-1
1788814644.2569,1547707,V,547,481,-1
1788814644.3040,1547721,V,548,482,17238
1788814644.3040,1547729,V,547,481,-1
1788814644.3040,1547737,V,546,480,-1
1788814644.3040,1547745,V,547,481,-1
1788814644.3041,1547753,V,547,481,-1
1788814644.3041,1547761,V,546,480,-1
1788814644.3522,1547774,V,546,480,17239
1788814644.3523,1547782,V,547,481,-1
1788814644.3523,1547790,V,565,497,-1
1788814644.3523,1547798,V,546,480,-1
1788814644.3523,1547806,V,546,480,-1
1788814644.3523,1547814,V,546,480,-1
1788814644.4009,1547828,V,548,482,17240
1788814644.4010,1547836,V,548,482,-1
1788814644.4010,1547844,V,546,480,-1
1788814644.4010,1547852,V,546,480,-1
1788814644.4010,1547860,V,547,481,-1
1788814644.4010,1547868,V,546,480,-1
1788814644.4496,1547881,V,546,480,17241
1788814644.4496,1547889,V,547,481,-1
1788814644.4496,1547897,V,546,480,-1
1788814644.4496,1547905,V,546,480,-1
1788814644.4497,1547913,V,546,480,-1
1788814644.4497,1547921,V,546,480,-1
1788814644.4984,1547935,V,547,481,17242
1788814644.4985,1547943,V,547,481,-1
1788814644.4985,1547951,V,546,480,-1
1788814644.4985,1547959,V,546,480,-1
1788814644.4985,1547967,V,547,481,-1
1788814644.4986,1547975,V,547,481,-1
1788814644.5479,1547989,V,547,481,17243
1788814644.5479,1547997,V,547,481,-1
1788814644.5479,1548005,V,547,481,-1
1788814644.5480,1548013,V,547,481,-1
1788814644.5480,1548021,V,548,482,-1
1788814644.5480,1548029,V,546,480,-1
1788814644.6464,1548042,V,546,480,17244
1788814644.6464,1548050,V,546,480,-1
1788814644.6465,1548058,V,546,480,-1
1788814644.6465,1548066,V,547,481,-1
1788814644.6465,1548074,V,547,481,-1
1788814644.6465,1548082,V,547,481,-1
1788814644.6935,1548096,V,547,481,17245
1788814644.6935,1548104,V,547,481,-1
1788814644.6936,1548112,V,546,480,-1
1788814644.6936,1548120,V,547,481,-1
1788814644.6936,1548128,V,552,485,-1
1788814644.6936,1548136,V,545,479,-1
1788814644.7421,1548150,V,546,480,17246
1788814644.7422,1548158,V,546,480,-1
1788814644.7423,1548166,V,546,480,-1
1788814644.7423,1548174,V,547,481,-1
1788814644.7423,1548182,V,545,479,-1
1788814644.7423,1548190,V,546,480,-1
1788814644.7913,1548203,V,546,480,17247
1788814644.7913,1548211,V,546,480,-1
1788814644.7914,1548219,V,546,480,-1
1788814644.7914,1548227,V,548,482,-1
1788814644.7914,1548235,V,546,480,-1
1788814644.7914,1548243,V,546,480,-1
1788814644.8399,1548257,V,547,481,17248
1788814644.8399,1548265,V,546,480,-1
1788814644.8400,1548273,V,547,481,-1
1788814644.8400,1548281,V,545,479,-1
1788814644.8400,1548289,V,546,480,-1
1788814644.8400,1548297,V,545,479,-1
1788814644.8886,1548311,V,544,478,17249
1788814644.8886,1548319,V,544,478,-1
1788814644.8886,1548327,V,553,486,-1
1788814644.8886,1548335,V,545,479,-1
1788814644.8887,1548343,V,545,479,-1
1788814644.8887,1548351,V,546,480,-1
1788814644.9377,1548364,V,545,479,17250
1788814644.9378,1548372,V,545,479,-1
1788814644.9378,1548380,V,546,480,-1
1788814644.9378,1548388,V,545,479,-1
1788814644.9378,1548396,V,546,480,-1
1788814644.9378,1548404,V,547,481,-1
1788814644.9869,1548418,V,546,480,17251
1788814644.9871,1548426,V,546,480,-1
1788814644.9871,1548434,V,546,480,-1
1788814644.9871,1548442,V,545,479,-1
1788814644.9871,1548450,V,545,479,-1
1788814644.9871,1548458,V,547,481,-1
1788814645.0353,1548472,V,546,480,17252
1788814645.0353,1548480,V,546,480,-1
1788814645.0353,1548488,V,546,480,-1
1788814645.0353,1548496,V,545,479,-1
1788814645.0354,1548504,V,546,480,-1
1788814645.0354,1548512,V,546,480,-1
1788814645.0836,1548525,V,546,480,17253
1788814645.0836,1548533,V,545,479,-1
1788814645.0836,1548541,V,546,480,-1
1788814645.0836,1548549,V,545,479,-1
1788814645.0836,1548557,V,546,480,-1
1788814645.0836,1548565,V,547,481,-1
1788814645.1813,1548579,V,546,480,17254
1788814645.1813,1548587,V,547,481,-1
1788814645.1813,1548595,V,546,480,-1
1788814645.1814,1548603,V,547,481,-1
1788814645.1814,1548611,V,546,480,-1
1788814645.1814,1548619,V,547,481,-1
1788814645.2295,1548633,V,546,480,17255
1788814645.2296,1548641,V,548,482,-1
1788814645.2297,1548649,V,547,481,-1
1788814645.2297,1548657,V,546,480,-1
1788814645.2297,1548665,V,551,484,-1
1788814645.2297,1548673,V,546,480,-1
1788814645.2808,1548686,V,547,481,17256
1788814645.2808,1548694,V,547,481,-1
1788814645.2808,1548702,V,548,482,-1
1788814645.2808,1548710,V,547,481,-1
1788814645.2808,1548718,V,547,481,-1
1788814645.2808,1548726,V,548,482,-1
1788814645.3274,1548740,V,549,483,17257
1788814645.3275,1548748,V,547,481,-1
1788814645.3275,1548756,V,545,479,-1
1788814645.3275,1548764,V,558,490,-1
1788814645.3275,1548772,V,547,481,-1
1788814645.3275,1548780,V,547,481,-1
1788814645.3765,1548794,V,547,481,17258
1788814645.3766,1548802,V,546,480,-1
1788814645.3766,1548810,V,546,480,-1
1788814645.3766,1548818,V,546,480,-1
1788814645.3766,1548826,V,547,481,-1
1788814645.3766,1548834,V,546,480,-1
1788814645.4247,1548847,V,546,480,17259
1788814645.4247,1548855,V,545,479,-1
1788814645.4247,1548863,V,547,481,-1
1788814645.4247,1548871,V,546,480,-1
1788814645.4247,1548879,V,545,479,-1
1788814645.4247,1548887,V,546,480,-1
1788814645.4734,1548901,V,546,480,17260
1788814645.4735,1548909,V,547,481,-1
1788814645.4736,1548917,V,547,481,-1
1788814645.4736,1548925,V,545,479,-1
1788814645.4736,1548933,V,546,480,-1
1788814645.4736,1548941,V,545,479,-1
1788814645.5226,1548955,V,547,481,17261
1788814645.5227,1548963,V,547,481,-1
1788814645.5227,1548971,V,547,481,-1
1788814645.5227,1548979,V,547,481,-1
1788814645.5227,1548987,V,547,481,-1
1788814645.5227,1548995,V,547,481,-1
1788814645.6199,1549008,V,548,482,17262
1788814645.6199,1549016,V,547,481,-1
1788814645.6199,1549024,V,548,482,-1
1788814645.6199,1549032,V,547,481,-1
1788814645.6199,1549040,V,547,481,-1
1788814645.6199,1549048,V,547,481,-1
1788814645.6210,1549062,V,547,481,17263
1788814645.6210,1549070,V,547,481,-1
1788814645.6210,1549078,V,547,481,-1
1788814645.6210,1549086,V,546,480,-1
1788814645.6210,1549094,V,546,480,-1
1788814645.6211,1549102,V,552,485,-1
1788814645.7173,1549115,V,547,481,17264
1788814645.7173,1549123,V,547,481,-1
1788814645.7173,1549131,V,547,481,-1
1788814645.7173,1549139,V,546,480,-1
1788814645.7173,1549147,V,546,480,-1
1788814645.7173,1549155,V,546,480,-1
1788814645.7657,1549169,V,546,480,17265
1788814645.7657,1549177,V,547,481,-1
1788814645.7657,1549185,V,545,479,-1
1788814645.7657,1549193,V,545,479,-1
1788814645.7657,1549201,V,545,479,-1
1788814645.7657,1549209,V,546,480,-1
1788814645.8147,1549223,V,545,479,17266
1788814645.8147,1549231,V,545,479,-1
1788814645.8147,1549239,V,545,479,-1
1788814645.8147,1549247,V,545,479,-1
1788814645.8147,1549255,V,545,479,-1
1788814645.8147,1549263,V,546,480,-1
1788814645.8632,1549276,V,545,479,17267
1788814645.8632,1549284,V,545,479,-1
1788814645.8632,1549292,V,547,481,-1
1788814645.8632,1549300,V,565,497,-1
1788814645.8632,1549308,V,546,480,-1
1788814645.8632,1549316,V,546,480,-1
1788814645.9124,1549330,V,545,479,17268
1788814645.9124,1549338,V,545,479,-1
1788814645.9124,1549346,V,544,478,-1
1788814645.9124,1549354,V,545,479,-1
1788814645.9124,1549362,V,545,479,-1
1788814645.9124,1549370,V,546,480,-1
1788814645.9612,1549384,V,546,480,17269
1788814645.9613,1549392,V,547,481,-1
1788814645.9613,1549400,V,548,482,-1
1788814645.9614,1549408,V,545,479,-1
1788814645.9614,1549416,V,546,480,-1
1788814645.9614,1549424,V,547,481,-1
1788814646.0102,1549437,V,546,480,17270
1788814646.0102,1549445,V,547,481,-1
1788814646.0102,1549453,V,547,481,-1
1788814646.0102,1549461,V,546,480,-1
1788814646.0102,1549469,V,546,480,-1
1788814646.0102,1549477,V,547,481,-1
1788814646.0585,1549491,V,546,480,17271
1788814646.0585,1549499,V,548,482,-1
1788814646.0585,1549507,V,547,481,-1
1788814646.0585,1549515,V,547,481,-1
1788814646.0585,1549523,V,547,481,-1
1788814646.0586,1549531,V,547,481,-1
1788814646.1089,1549545,V,547,481,17272
1788814646.1089,1549553,V,547,481,-1
1788814646.1089,1549561,V,546,480,-1
1788814646.1089,1549569,V,547,481,-1
1788814646.1089,1549577,V,546,480,-1
1788814646.1090,1549585,V,546,480,-1
1788814646.1557,1549598,V,546,480,17273
1788814646.1557,1549606,V,547,481,-1
1788814646.1557,1549614,V,547,481,-1
1788814646.1557,1549622,V,547,481,-1
1788814646.1557,1549630,V,547,481,-1
1788814646.1557,1549638,V,552,485,-1
1788814646.2552,1549652,V,546,480,17274
1788814646.2554,1549660,V,547,481,-1
1788814646.2554,1549668,V,546,480,-1
1788814646.2554,1549676,V,547,481,-1
1788814646.2554,1549684,V,546,480,-1
1788814646.2555,1549692,V,546,480,-1
1788814646.3027,1549705,V,545,479,17275
1788814646.3027,1549713,V,547,481,-1
1788814646.3027,1549721,V,545,479,-1
1788814646.3028,1549729,V,546,480,-1
1788814646.3028,1549737,V,548,482,-1
1788814646.3028,1549745,V,547,481,-1
1788814646.3511,1549759,V,546,480,17276
1788814646.3511,1549767,V,547,481,-1
1788814646.3511,1549775,V,547,481,-1
1788814646.3511,1549783,V,547,481,-1
1788814646.3511,1549791,V,547,481,-1
1788814646.3511,1549799,V,545,479,-1
1788814646.3999,1549813,V,546,480,17277
1788814646.3999,1549821,V,547,481,-1
1788814646.3999,1549829,V,547,481,-1
1788814646.3999,1549837,V,567,498,-1
1788814646.3999,1549845,V,546,480,-1
1788814646.3999,1549853,V,546,480,-1
1788814646.4490,1549866,V,547,481,17278
1788814646.4491,1549874,V,546,480,-1
1788814646.4491,1549882,V,546,480,-1
1788814646.4491,1549890,V,546,480,-1
1788814646.4491,1549898,V,545,479,-1
1788814646.4491,1549906,V,545,479,-1
1788814646.4981,1549920,V,546,480,17279
1788814646.4983,1549928,V,545,479,-1
1788814646.4983,1549936,V,547,481,-1
1788814646.4983,1549944,V,546,480,-1
1788814646.4983,1549952,V,546,480,-1
1788814646.4983,1549960,V,546,480,-1
1788814646.5464,1549973,V,546,480,17280
1788814646.5465,1549981,V,545,479,-1
1788814646.5465,1549989,V,545,479,-1
1788814646.5465,1549997,V,546,480,-1
1788814646.5465,1550005,V,547,481,-1
1788814646.5465,1550013,V,547,481,-1
1788814646.5948,1550027,V,547,481,17281
1788814646.5949,1550035,V,547,481,-1
1788814646.5949,1550043,V,546,480,-1
1788814646.5949,1550051,V,547,481,-1
1788814646.5949,1550059,V,546,480,-1
1788814646.5949,1550067,V,546,480,-1
1788814646.6435,1550081,V,547,481,17282
1788814646.6436,1550089,V,547,481,-1
1788814646.6436,1550097,V,548,482,-1
1788814646.6436,1550105,V,547,481,-1
1788814646.6436,1550113,V,548,482,-1
1788814646.6436,1550121,V,547,481,-1
1788814646.6923,1550134,V,547,481,17283
1788814646.6923,1550142,V,547,481,-1
1788814646.6923,1550150,V,548,482,-1
1788814646.6923,1550158,V,547,481,-1
1788814646.6923,1550166,V,546,480,-1
1788814646.6923,1550174,V,550,483,-1
1788814646.7902,1550188,V,547,481,17284
1788814646.7904,1550196,V,548,482,-1
1788814646.7904,1550204,V,547,481,-1
1788814646.7904,1550212,V,546,480,-1
1788814646.7904,1550220,V,546,480,-1
1788814646.7904,1550228,V,545,479,-1
1788814646.8398,1550241,V,545,479,17285
1788814646.8398,1550249,V,546,480,-1
1788814646.8398,1550257,V,545,479,-1
1788814646.8398,1550265,V,545,479,-1
1788814646.8398,1550273,V,547,481,-1
1788814646.8398,1550281,V,546,480,-1
1788814646.8886,1550295,V,546,480,17286
1788814646.8886,1550303,V,545,479,-1
1788814646.8886,1550311,V,545,479,-1
1788814646.8886,1550319,V,545,479,-1
1788814646.8887,1550327,V,546,480,-1
1788814646.8887,1550335,V,545,479,-1
1788814646.9369,1550349,V,546,480,17287
1788814646.9369,1550357,V,545,479,-1
1788814646.9369,1550365,V,547,481,-1
1788814646.9369,1550373,V,565,497,-1
1788814646.9370,1550381,V,547,481,-1
1788814646.9370,1550389,V,545,479,-1
1788814646.9857,1550402,V,546,480,17288
1788814646.9858,1550410,V,546,480,-1
1788814646.9858,1550418,V,545,479,-1
1788814646.9858,1550426,V,547,481,-1
1788814646.9858,1550434,V,547,481,-1
1788814646.9858,1550442,V,546,480,-1
1788814647.0832,1550456,V,546,480,17289
1788814647.0833,1550464,V,545,479,-1
1788814647.0833,1550472,V,546,480,-1
1788814647.0833,1550480,V,546,480,-1
1788814647.0833,1550488,V,547,481,-1
1788814647.0833,1550496,V,547,481,-1
1788814647.0846,1550510,V,547,481,17290
1788814647.0846,1550518,V,546,480,-1
1788814647.0846,1550526,V,547,481,-1
1788814647.0846,1550534,V,547,481,-1
1788814647.0846,1550542,V,548,482,-1
1788814647.0847,1550550,V,547,481,-1
1788814647.1315,1550563,V,547,481,17291
1788814647.1315,1550571,V,547,481,-1
1788814647.1315,1550579,V,546,480,-1
1788814647.1315,1550587,V,547,481,-1
1788814647.1315,1550595,V,545,479,-1
1788814647.1315,1550603,V,546,480,-1
1788814647.1799,1550617,V,546,480,17292
1788814647.1799,1550625,V,546,480,-1
1788814647.1799,1550633,V,546,480,-1
1788814647.1799,1550641,V,546,480,-1
1788814647.1799,1550649,V,546,480,-1
1788814647.1799,1550657,V,546,480,-1
1788814647.2294,1550671,V,546,480,17293
1788814647.2294,1550679,V,546,480,-1
1788814647.2294,1550687,V,546,480,-1
1788814647.2294,1550695,V,545,479,-1
1788814647.2295,1550703,V,547,481,-1
1788814647.2295,1550711,V,552,485,-1
1788814647.3259,1550724,V,547,481,17294
1788814647.3261,1550732,V,547,481,-1
1788814647.3261,1550740,V,547,481,-1
1788814647.3261,1550748,V,546,480,-1
1788814647.3261,1550756,V,547,481,-1
1788814647.3261,1550764,V,547,481,-1
1788814647.3750,1550778,V,547,481,17295
1788814647.3751,1550786,V,547,481,-1
1788814647.3751,1550794,V,547,481,-1
1788814647.3751,1550802,V,547,481,-1
1788814647.3751,1550810,V,551,484,-1
1788814647.3751,1550818,V,547,481,-1
1788814647.4248,1550832,V,547,481,17296
1788814647.4248,1550840,V,547,481,-1
1788814647.4248,1550848,V,548,482,-1
1788814647.4248,1550856,V,548,482,-1
1788814647.4248,1550864,V,548,482,-1
1788814647.4248,1550872,V,548,482,-1
1788814647.4731,1550885,V,548,482,17297
1788814647.4732,1550893,V,547,481,-1
1788814647.4732,1550901,V,547,481,-1
1788814647.4732,1550909,V,567,498,-1
1788814647.4732,1550917,V,549,483,-1
1788814647.4732,1550925,V,549,483,-1
1788814647.5211,1550939,V,548,482,17298
1788814647.5211,1550947,V,548,482,-1
1788814647.5211,1550955,V,548,482,-1
1788814647.5211,1550963,V,547,481,-1
1788814647.5211,1550971,V,547,481,-1
1788814647.5211,1550979,V,548,482,-1
1788814647.6189,1550993,V,548,482,17299
1788814647.6190,1551001,V,546,480,-1
1788814647.6191,1551009,V,546,480,-1
1788814647.6191,1551017,V,547,481,-1
1788814647.6191,1551025,V,547,481,-1
1788814647.6191,1551033,V,546,480,-1
1788814647.6202,1551046,V,546,480,17300
1788814647.6202,1551054,V,546,480,-1
1788814647.6202,1551062,V,545,479,-1
1788814647.6202,1551070,V,545,479,-1
1788814647.6202,1551078,V,545,479,-1
1788814647.6203,1551086,V,545,479,-1
1788814647.7163,1551100,V,545,479,17301
1788814647.7163,1551108,V,545,479,-1
1788814647.7163,1551116,V,546,480,-1
1788814647.7163,1551124,V,546,480,-1
1788814647.7163,1551132,V,547,481,-1
1788814647.7164,1551140,V,545,479,-1
1788814647.7173,1551153,V,547,481,17302
1788814647.7173,1551161,V,545,479,-1
1788814647.7173,1551169,V,545,479,-1
1788814647.7173,1551177,V,545,479,-1
1788814647.7173,1551185,V,545,479,-1
1788814647.7173,1551193,V,546,480,-1
1788814647.8137,1551207,V,546,480,17303
1788814647.8137,1551215,V,545,479,-1
1788814647.8137,1551223,V,546,480,-1
1788814647.8137,1551231,V,546,480,-1
1788814647.8137,1551239,V,545,479,-1
1788814647.8137,1551247,V,552,485,-1
1788814647.8622,1551261,V,546,480,17304
1788814647.8624,1551269,V,546,480,-1
1788814647.8624,1551277,V,545,479,-1
1788814647.8624,1551285,V,545,479,-1
1788814647.8624,1551293,V,545,479,-1
1788814647.8624,1551301,V,545,479,-1
1788814647.9116,1551314,V,546,480,17305
1788814647.9116,1551322,V,545,479,-1
1788814647.9116,1551330,V,545,479,-1
1788814647.9116,1551338,V,545,479,-1
1788814647.9116,1551346,V,554,487,-1
1788814647.9116,1551354,V,548,482,-1
1788814647.9596,1551368,V,546,480,17306
1788814647.9596,1551376,V,547,481,-1
1788814647.9596,1551384,V,546,480,-1
1788814647.9596,1551392,V,547,481,-1
1788814647.9596,1551400,V,548,482,-1
1788814647.9596,1551408,V,546,480,-1
1788814648.0085,1551422,V,547,481,17307
1788814648.0085,1551430,V,546,480,-1
1788814648.0086,1551438,V,547,481,-1
1788814648.0086,1551446,V,548,482,-1
1788814648.0086,1551454,V,547,481,-1
1788814648.0086,1551462,V,546,480,-1
1788814648.0573,1551476,V,546,480,17308
1788814648.0573,1551484,V,548,482,-1
1788814648.0574,1551492,V,546,480,-1
1788814648.0574,1551500,V,546,480,-1
1788814648.0574,1551508,V,546,480,-1
1788814648.0575,1551516,V,545,479,-1
1788814648.1070,1551529,V,545,479,17309
1788814648.1071,1551537,V,546,480,-1
1788814648.1072,1551545,V,546,480,-1
1788814648.1072,1551553,V,546,480,-1
1788814648.1072,1551561,V,545,479,-1
1788814648.1072,1551569,V,546,480,-1
1788814648.1561,1551583,V,547,481,17310
1788814648.1561,1551591,V,546,480,-1
1788814648.1561,1551599,V,546,480,-1
1788814648.1561,1551607,V,546,480,-1
1788814648.1561,1551615,V,546,480,-1
1788814648.1561,1551623,V,546,480,-1
1788814648.2036,1551636,V,547,481,17311
1788814648.2036,1551644,V,546,480,-1
1788814648.2036,1551652,V,547,481,-1
1788814648.2036,1551660,V,545,479,-1
1788814648.2036,1551668,V,546,480,-1
1788814648.2036,1551676,V,546,480,-1
1788814648.2528,1551690,V,555,488,17312
1788814648.2528,1551698,V,547,481,-1
1788814648.2528,1551706,V,547,481,-1
1788814648.2528,1551714,V,547,481,-1
1788814648.2528,1551722,V,547,481,-1
1788814648.2528,1551730,V,547,481,-1
1788814648.3017,1551744,V,547,481,17313
1788814648.3017,1551752,V,548,482,-1
1788814648.3017,1551760,V,547,481,-1
1788814648.3017,1551768,V,547,481,-1
1788814648.3017,1551776,V,547,481,-1
1788814648.3017,1551784,V,551,484,-1
1788814648.3988,1551797,V,547,481,17314
1788814648.3990,1551805,V,549,483,-1
1788814648.3990,1551813,V,547,481,-1
1788814648.3990,1551821,V,548,482,-1
1788814648.3990,1551829,V,548,482,-1
1788814648.3990,1551837,V,548,482,-1
1788814648.4476,1551851,V,547,481,17315
1788814648.4476,1551859,V,547,481,-1
1788814648.4476,1551867,V,547,481,-1
1788814648.4477,1551875,V,548,482,-1
1788814648.4477,1551883,V,563,495,-1
1788814648.4477,1551891,V,548,482,-1
1788814648.4963,1551905,V,547,481,17316
1788814648.4963,1551913,V,548,482,-1
1788814648.4963,1551921,V,548,482,-1
1788814648.4963,1551929,V,547,481,-1
1788814648.4963,1551937,V,547,481,-1
1788814648.4964,1551945,V,546,480,-1
1788814648.5445,1551958,V,546,480,17317
1788814648.5445,1551966,V,546,480,-1
1788814648.5445,1551974,V,545,479,-1
1788814648.5446,1551982,V,547,481,-1
1788814648.5446,1551990,V,545,479,-1
1788814648.5446,1551998,V,546,480,-1
1788814648.5943,1552012,V,545,479,17318
1788814648.5944,1552020,V,545,479,-1
1788814648.5944,1552028,V,545,479,-1
1788814648.5944,1552036,V,547,481,-1
1788814648.5944,1552044,V,548,482,-1
1788814648.5944,1552052,V,548,482,-1
1788814648.6423,1552066,V,546,480,17319
1788814648.6424,1552074,V,545,479,-1
1788814648.6424,1552082,V,546,480,-1
1788814648.6424,1552090,V,546,480,-1
1788814648.6424,1552098,V,546,480,-1
1788814648.6424,1552106,V,547,481,-1
1788814648.6914,1552119,V,546,480,17320
1788814648.6915,1552127,V,546,480,-1
1788814648.6915,1552135,V,546,480,-1
1788814648.6915,1552143,V,546,480,-1
1788814648.6915,1552151,V,546,480,-1
1788814648.6915,1552159,V,546,480,-1
1788814648.7398,1552173,V,547,481,17321
1788814648.7399,1552181,V,546,480,-1
1788814648.7399,1552189,V,546,480,-1
1788814648.7399,1552197,V,546,480,-1
1788814648.7399,1552205,V,547,481,-1
1788814648.7399,1552213,V,546,480,-1
1788814648.7887,1552227,V,553,486,17322
1788814648.7887,1552235,V,547,481,-1
1788814648.7887,1552243,V,546,480,-1
1788814648.7887,1552251,V,547,481,-1
1788814648.7887,1552259,V,549,483,-1
1788814648.7888,1552267,V,548,482,-1
1788814648.8858,1552280,V,548,482,17323
1788814648.8859,1552288,V,548,482,-1
1788814648.8859,1552296,V,547,481,-1
1788814648.8859,1552304,V,548,482,-1
1788814648.8860,1552312,V,548,482,-1
1788814648.8860,1552320,V,549,483,-1
1788814648.9353,1552334,V,547,481,17324
1788814648.9353,1552342,V,547,481,-1
1788814648.9353,1552350,V,547,481,-1
1788814648.9353,1552358,V,546,480,-1
1788814648.9353,1552366,V,547,481,-1
1788814648.9353,1552374,V,546,480,-1
1788814648.9836,1552388,V,547,481,17325
1788814648.9837,1552396,V,547,481,-1
1788814648.9837,1552404,V,546,480,-1
1788814648.9837,1552412,V,547,481,-1
1788814648.9837,1552420,V,553,486,-1
1788814648.9837,1552428,V,546,480,-1
1788814649.0323,1552441,V,546,480,17326
1788814649.0323,1552449,V,546,480,-1
1788814649.0323,1552457,V,546,480,-1
1788814649.0324,1552465,V,546,480,-1
1788814649.0324,1552473,V,546,480,-1
1788814649.0324,1552481,V,545,479,-1
1788814649.0812,1552495,V,545,479,17327
1788814649.0812,1552503,V,546,480,-1
1788814649.0812,1552511,V,545,479,-1
1788814649.0812,1552519,V,547,481,-1
1788814649.0812,1552527,V,547,481,-1
1788814649.0812,1552535,V,546,480,-1
1788814649.1296,1552549,V,546,480,17328
1788814649.1298,1552557,V,546,480,-1
1788814649.1298,1552565,V,546,480,-1
1788814649.1298,1552573,V,545,479,-1
1788814649.1298,1552581,V,547,481,-1
1788814649.1298,1552589,V,547,481,-1
1788814649.2278,1552602,V,547,481,17329
1788814649.2278,1552610,V,546,480,-1
1788814649.2278,1552618,V,547,481,-1
1788814649.2278,1552626,V,547,481,-1
1788814649.2278,1552634,V,546,480,-1
1788814649.2279,1552642,V,547,481,-1
1788814649.2288,1552656,V,546,480,17330
1788814649.2288,1552664,V,549,483,-1
1788814649.2288,1552672,V,546,480,-1
1788814649.2288,1552680,V,546,480,-1
1788814649.2288,1552688,V,546,480,-1
1788814649.2288,1552696,V,545,479,-1
1788814649.2782,1552710,V,546,480,17331
1788814649.2782,1552718,V,546,480,-1
1788814649.2782,1552726,V,545,479,-1
1788814649.2782,1552734,V,545,479,-1
1788814649.2782,1552742,V,546,480,-1
1788814649.2782,1552750,V,545,479,-1
1788814649.3248,1552763,V,550,483,17332
1788814649.3248,1552771,V,546,480,-1
1788814649.3248,1552779,V,547,481,-1
1788814649.3248,1552787,V,546,480,-1
1788814649.3248,1552795,V,546,480,-1
1788814649.3248,1552803,V,546,480,-1
1788814649.4220,1552817,V,547,481,17333
1788814649.4222,1552825,V,547,481,-1
1788814649.4222,1552833,V,546,480,-1
1788814649.4222,1552841,V,545,479,-1
1788814649.4222,1552849,V,546,480,-1
1788814649.4222,1552857,V,554,487,-1
1788814649.4712,1552871,V,545,479,17334
1788814649.4712,1552879,V,545,479,-1
1788814649.4712,1552887,V,545,479,-1
1788814649.4712,1552895,V,545,479,-1
1788814649.4712,1552903,V,545,479,-1
1788814649.4712,1552911,V,545,479,-1
1788814649.5199,1552924,V,545,479,17335
1788814649.5200,1552932,V,546,480,-1
1788814649.5200,1552940,V,546,480,-1
1788814649.5200,1552948,V,545,479,-1
1788814649.5200,1552956,V,546,480,-1
1788814649.5200,1552964,V,545,479,-1
1788814649.5686,1552978,V,546,480,17336
1788814649.5686,1552986,V,545,479,-1
1788814649.5686,1552994,V,545,479,-1
1788814649.5686,1553002,V,546,480,-1
1788814649.5686,1553010,V,546,480,-1
1788814649.5687,1553018,V,546,480,-1
1788814649.6173,1553032,V,546,480,17337
1788814649.6174,1553040,V,545,479,-1
1788814649.6174,1553048,V,545,479,-1
1788814649.6174,1553056,V,546,480,-1
1788814649.6174,1553064,V,545,479,-1
1788814649.6174,1553072,V,545,479,-1
1788814649.6661,1553085,V,546,480,17338
1788814649.6662,1553093,V,547,481,-1
1788814649.6662,1553101,V,546,480,-1
1788814649.6662,1553109,V,547,481,-1
1788814649.6662,1553117,V,545,479,-1
1788814649.6662,1553125,V,545,479,-1
1788814649.7153,1553139,V,546,480,17339
1788814649.7154,1553147,V,545,479,-1
1788814649.7154,1553155,V,545,479,-1
1788814649.7154,1553163,V,546,480,-1
1788814649.7154,1553171,V,546,480,-1
1788814649.7154,1553179,V,546,480,-1
1788814649.8125,1553192,V,546,480,17340
1788814649.8125,1553200,V,551,484,-1
1788814649.8125,1553208,V,546,480,-1
1788814649.8125,1553216,V,547,481,-1
1788814649.8125,1553224,V,546,480,-1
1788814649.8125,1553232,V,547,481,-1
1788814649.8136,1553246,V,547,481,17341
1788814649.8136,1553254,V,546,480,-1
1788814649.8136,1553262,V,546,480,-1
1788814649.8136,1553270,V,546,480,-1
1788814649.8137,1553278,V,547,481,-1
1788814649.8138,1553286,V,547,481,-1
1788814649.8620,1553300,V,549,483,17342
1788814649.8620,1553308,V,548,482,-1
1788814649.8620,1553316,V,546,480,-1
1788814649.8620,1553324,V,546,480,-1
1788814649.8620,1553332,V,546,480,-1
1788814649.8620,1553340,V,547,481,-1
1788814649.9595,1553353,V,546,480,17343
1788814649.9597,1553361,V,546,480,-1
1788814649.9597,1553369,V,547,481,-1
1788814649.9597,1553377,V,547,481,-1
1788814649.9597,1553385,V,546,480,-1
1788814649.9597,1553393,V,562,494,-1
1788814650.0078,1553407,V,546,480,17344
1788814650.0079,1553415,V,546,480,-1
1788814650.0079,1553423,V,546,480,-1
1788814650.0079,1553431,V,546,480,-1
1788814650.0079,1553439,V,546,480,-1
1788814650.0079,1553447,V,546,480,-1
1788814650.0567,1553461,V,546,480,17345
1788814650.0568,1553469,V,547,481,-1
1788814650.0568,1553477,V,546,480,-1
1788814650.0568,1553485,V,545,479,-1
1788814650.0568,1553493,V,547,481,-1
1788814650.0568,1553501,V,546,480,-1
1788814650.1058,1553514,V,547,481,17346
1788814650.1058,1553522,V,547,481,-1
1788814650.1058,1553530,V,547,481,-1
1788814650.1058,1553538,V,548,482,-1
1788814650.1059,1553546,V,547,481,-1
1788814650.1059,1553554,V,547,481,-1
1788814650.1544,1553568,V,546,480,17347
1788814650.1545,1553576,V,547,481,-1
1788814650.1545,1553584,V,547,481,-1
1788814650.1545,1553592,V,547,481,-1
1788814650.1545,1553600,V,547,481,-1
1788814650.1545,1553608,V,547,481,-1
1788814650.2033,1553621,V,547,481,17348
1788814650.2034,1553629,V,548,482,-1
1788814650.2035,1553637,V,548,482,-1
1788814650.2035,1553645,V,548,482,-1
1788814650.2035,1553653,V,547,481,-1
1788814650.2035,1553661,V,547,481,-1
1788814650.2523,1553675,V,547,481,17349
1788814650.2523,1553683,V,546,480,-1
1788814650.2523,1553691,V,547,481,-1
1788814650.2523,1553699,V,547,481,-1
1788814650.2523,1553707,V,548,482,-1
1788814650.2523,1553715,V,545,479,-1
1788814650.3016,1553729,V,547,481,17350
1788814650.3016,1553737,V,552,485,-1
1788814650.3016,1553745,V,546,480,-1
1788814650.3017,1553753,V,546,480,-1
1788814650.3017,1553761,V,546,480,-1
1788814650.3017,1553769,V,545,479,-1
1788814650.4463,1553782,V,546,480,17351
1788814650.4465,1553790,V,545,479,-1
1788814650.4465,1553798,V,546,480,-1
1788814650.4466,1553806,V,546,480,-1
1788814650.4466,1553814,V,545,479,-1
1788814650.4467,1553822,V,547,481,-1
1788814650.4476,1553836,V,547,481,17352
1788814650.4476,1553844,V,546,480,-1
1788814650.4476,1553852,V,545,479,-1
1788814650.4476,1553860,V,546,480,-1
1788814650.4476,1553868,V,546,480,-1
1788814650.4476,1553876,V,545,479,-1
1788814650.4949,1553889,V,545,479,17353
1788814650.4949,1553897,V,544,478,-1
1788814650.4949,1553905,V,546,480,-1
1788814650.4949,1553913,V,545,479,-1
1788814650.4949,1553921,V,546,480,-1
1788814650.4949,1553929,V,570,501,-1
1788814650.5436,1553944,V,546,480,17354
1788814650.5436,1553952,V,545,479,-1
1788814650.5436,1553960,V,545,479,-1
1788814650.5437,1553968,V,546,480,-1
1788814650.5437,1553976,V,546,480,-1
1788814650.5437,1553984,V,546,480,-1
1788814650.5924,1553997,V,544,478,17355
1788814650.5924,1554005,V,545,479,-1
1788814650.5924,1554013,V,546,480,-1
1788814650.5924,1554021,V,546,480,-1
1788814650.5924,1554029,V,547,481,-1
1788814650.5924,1554037,V,545,479,-1
1788814650.6903,1554051,V,546,480,17356
1788814650.6904,1554059,V,545,479,-1
1788814650.6904,1554067,V,545,479,-1
1788814650.6904,1554075,V,546,480,-1
1788814650.6905,1554083,V,546,480,-1
1788814650.6905,1554091,V,546,480,-1
1788814650.6914,1554104,V,547,481,17357
1788814650.6914,1554112,V,547,481,-1
1788814650.6914,1554120,V,546,480,-1
1788814650.6914,1554128,V,546,480,-1
1788814650.6914,1554136,V,546,480,-1
1788814650.6914,1554144,V,546,480,-1
1788814650.7384,1554158,V,546,480,17358
1788814650.7384,1554166,V,547,481,-1
1788814650.7384,1554174,V,547,481,-1
1788814650.7385,1554182,V,547,481,-1
1788814650.7385,1554190,V,546,480,-1
1788814650.7385,1554198,V,546,480,-1
1788814650.7874,1554212,V,545,479,17359
1788814650.7874,1554220,V,546,480,-1
1788814650.7874,1554228,V,545,479,-1
1788814650.7874,1554236,V,546,480,-1
1788814650.7874,1554244,V,547,481,-1
1788814650.7874,1554252,V,545,479,-1
1788814650.8359,1554265,V,547,481,17360
1788814650.8359,1554273,V,551,484,-1
1788814650.8359,1554281,V,546,480,-1
1788814650.8359,1554289,V,547,481,-1
1788814650.8359,1554297,V,546,480,-1
1788814650.8359,1554305,V,547,481,-1
1788814650.8847,1554319,V,546,480,17361
1788814650.8847,1554327,V,547,481,-1
1788814650.8847,1554335,V,547,481,-1
1788814650.8847,1554343,V,547,481,-1
1788814650.8847,1554351,V,546,480,-1
1788814650.8847,1554359,V,546,480,-1
1788814651.0315,1554372,V,553,486,17362
1788814651.0317,1554380,V,547,481,-1
1788814651.0317,1554388,V,548,482,-1
1788814651.0317,1554396,V,548,482,-1
1788814651.0317,1554404,V,547,481,-1
1788814651.0317,1554412,V,547,481,-1
1788814651.0326,1554426,V,547,481,17363
1788814651.0327,1554434,V,547,481,-1
1788814651.0327,1554442,V,547,481,-1
1788814651.0327,1554450,V,547,481,-1
1788814651.0327,1554458,V,548,482,-1
1788814651.0327,1554466,V,560,492,-1
1788814651.0804,1554480,V,547,481,17364
1788814651.0805,1554488,V,548,482,-1
1788814651.0805,1554496,V,547,481,-1
1788814651.0805,1554504,V,549,483,-1
1788814651.0805,1554512,V,548,482,-1
1788814651.0805,1554520,V,547,481,-1
1788814651.1315,1554533,V,548,482,17365
1788814651.1315,1554541,V,548,482,-1
1788814651.1315,1554549,V,548,482,-1
1788814651.1315,1554557,V,547,481,-1
1788814651.1315,1554565,V,548,482,-1
1788814651.1316,1554573,V,548,482,-1
1788814651.1796,1554587,V,548,482,17366
1788814651.1796,1554595,V,547,481,-1
1788814651.1796,1554603,V,548,482,-1
1788814651.1796,1554611,V,547,481,-1
1788814651.1796,1554619,V,548,482,-1
1788814651.1796,1554627,V,547,481,-1
1788814651.2259,1554641,V,546,480,17367
1788814651.2259,1554649,V,548,482,-1
1788814651.2259,1554657,V,547,481,-1
1788814651.2259,1554665,V,547,481,-1
1788814651.2259,1554673,V,546,480,-1
1788814651.2260,1554681,V,546,480,-1
1788814651.2750,1554694,V,546,480,17368
1788814651.2751,1554702,V,546,480,-1
1788814651.2751,1554710,V,547,481,-1
1788814651.2751,1554718,V,547,481,-1
1788814651.2751,1554726,V,547,481,-1
1788814651.2751,1554734,V,547,481,-1
1788814651.3259,1554748,V,548,482,17369
1788814651.3259,1554756,V,545,479,-1
1788814651.3259,1554764,V,547,481,-1
1788814651.3259,1554772,V,546,480,-1
1788814651.3259,1554780,V,545,479,-1
1788814651.3259,1554788,V,546,480,-1
1788814651.3727,1554802,V,546,480,17370
1788814651.3728,1554810,V,551,484,-1
1788814651.3728,1554818,V,547,481,-1
1788814651.3728,1554826,V,547,481,-1
1788814651.3728,1554834,V,548,482,-1
1788814651.3728,1554842,V,546,480,-1
1788814651.4214,1554855,V,547,481,17371
1788814651.4214,1554863,V,546,480,-1
1788814651.4214,1554871,V,548,482,-1
1788814651.4214,1554879,V,548,482,-1
1788814651.4214,1554887,V,546,480,-1
1788814651.4214,1554895,V,546,480,-1
1788814651.4699,1554909,V,560,492,17372
1788814651.4700,1554917,V,547,481,-1
1788814651.4700,1554925,V,547,481,-1
1788814651.4700,1554933,V,547,481,-1
1788814651.4700,1554941,V,547,481,-1
1788814651.4700,1554949,V,548,482,-1
1788814651.5675,1554963,V,546,480,17373
1788814651.5676,1554971,V,547,481,-1
1788814651.5676,1554979,V,545,479,-1
1788814651.5676,1554987,V,547,481,-1
1788814651.5676,1554995,V,548,482,-1
1788814651.5677,1555003,V,549,483,-1
1788814651.6166,1555016,V,547,481,17374
1788814651.6166,1555024,V,548,482,-1
1788814651.6166,1555032,V,547,481,-1
1788814651.6166,1555040,V,546,480,-1
1788814651.6166,1555048,V,547,481,-1
1788814651.6166,1555056,V,546,480,-1
1788814651.7140,1555070,V,547,481,17375
1788814651.7140,1555078,V,547,481,-1
1788814651.7140,1555086,V,546,480,-1
1788814651.7140,1555094,V,546,480,-1
1788814651.7140,1555102,V,547,481,-1
1788814651.7140,1555110,V,547,481,-1
1788814651.7150,1555124,V,547,481,17376
1788814651.7150,1555132,V,546,480,-1
1788814651.7150,1555140,V,545,479,-1
1788814651.7150,1555148,V,546,480,-1
1788814651.7150,1555156,V,546,480,-1
1788814651.7150,1555164,V,546,480,-1
1788814651.7624,1555177,V,546,480,17377
1788814651.7624,1555185,V,547,481,-1
1788814651.7624,1555193,V,546,480,-1
1788814651.7624,1555201,V,546,480,-1
1788814651.7624,1555209,V,547,481,-1
1788814651.7624,1555217,V,547,481,-1
1788814651.8113,1555231,V,547,481,17378
1788814651.8115,1555239,V,548,482,-1
1788814651.8115,1555247,V,551,484,-1
1788814651.8115,1555255,V,547,481,-1
1788814651.8115,1555263,V,546,480,-1
1788814651.8115,1555271,V,547,481,-1
1788814651.9091,1555284,V,546,480,17379
1788814651.9091,1555292,V,546,480,-1
1788814651.9091,1555300,V,548,482,-1
1788814651.9091,1555308,V,546,480,-1
1788814651.9091,1555316,V,547,481,-1
1788814651.9091,1555324,V,547,481,-1
1788814651.9100,1555338,V,547,481,17380
1788814651.9100,1555346,V,548,482,-1
1788814651.9100,1555354,V,546,480,-1
1788814651.9100,1555362,V,545,479,-1
1788814651.9100,1555370,V,547,481,-1
1788814651.9100,1555378,V,547,481,-1
1788814651.9572,1555392,V,546,480,17381
1788814651.9572,1555400,V,547,481,-1
1788814651.9573,1555408,V,546,480,-1
1788814651.9573,1555416,V,547,481,-1
1788814651.9573,1555424,V,546,480,-1
1788814651.9573,1555432,V,548,482,-1
1788814652.0062,1555445,V,566,497,17382
1788814652.0062,1555453,V,547,481,-1
1788814652.0062,1555461,V,546,480,-1
1788814652.0062,1555469,V,546,480,-1
1788814652.0062,1555477,V,546,480,-1
1788814652.0062,1555485,V,546,480,-1
1788814652.1042,1555499,V,547,481,17383
1788814652.1044,1555507,V,546,480,-1
1788814652.1044,1555515,V,547,481,-1
1788814652.1044,1555523,V,547,481,-1
1788814652.1044,1555531,V,547,481,-1
1788814652.1044,1555539,V,547,481,-1
1788814652.2012,1555553,V,547,481,17384
1788814652.2012,1555561,V,547,481,-1
1788814652.2012,1555569,V,546,480,-1
1788814652.2012,1555577,V,546,480,-1
1788814652.2012,1555585,V,547,481,-1
1788814652.2012,1555593,V,546,480,-1
1788814652.2025,1555606,V,547,481,17385
1788814652.2025,1555614,V,546,480,-1
1788814652.2025,1555622,V,546,480,-1
1788814652.2025,1555630,V,545,479,-1
1788814652.2025,1555638,V,545,479,-1
1788814652.2025,1555646,V,546,480,-1
1788814652.2499,1555660,V,547,481,17386
1788814652.2500,1555668,V,546,480,-1
1788814652.2500,1555676,V,547,481,-1
1788814652.2500,1555684,V,546,480,-1
1788814652.2500,1555692,V,547,481,-1
1788814652.2500,1555700,V,547,481,-1
1788814652.2986,1555713,V,547,481,17387
1788814652.2986,1555721,V,546,480,-1
1788814652.2987,1555729,V,547,481,-1
1788814652.2987,1555737,V,547,481,-1
1788814652.2987,1555745,V,547,481,-1
1788814652.2987,1555753,V,546,480,-1
1788814652.3495,1555767,V,546,480,17388
1788814652.3496,1555775,V,546,480,-1
1788814652.3497,1555783,V,553,486,-1
1788814652.3497,1555791,V,547,481,-1
1788814652.3497,1555799,V,546,480,-1
1788814652.3497,1555807,V,546,480,-1
1788814652.3968,1555821,V,547,481,17389
1788814652.3968,1555829,V,547,481,-1
1788814652.3968,1555837,V,547,481,-1
1788814652.3968,1555845,V,546,480,-1
1788814652.3968,1555853,V,546,480,-1
1788814652.3968,1555861,V,546,480,-1
1788814652.4459,1555874,V,546,480,17390
1788814652.4460,1555882,V,549,483,-1
1788814652.4460,1555890,V,548,482,-1
1788814652.4460,1555898,V,546,480,-1
1788814652.4460,1555906,V,546,480,-1
1788814652.4460,1555914,V,546,480,-1
1788814652.4949,1555928,V,546,480,17391
1788814652.4949,1555936,V,546,480,-1
1788814652.4949,1555944,V,545,479,-1
1788814652.4949,1555952,V,546,480,-1
1788814652.4949,1555960,V,545,479,-1
1788814652.4949,1555968,V,546,480,-1
1788814652.5426,1555982,V,565,497,17392
1788814652.5426,1555990,V,546,480,-1
1788814652.5426,1555998,V,547,481,-1
1788814652.5427,1556006,V,546,480,-1
1788814652.5427,1556014,V,547,481,-1
1788814652.5427,1556022,V,547,481,-1
1788814652.6403,1556035,V,547,481,17393
1788814652.6404,1556043,V,547,481,-1
1788814652.6404,1556051,V,546,480,-1
1788814652.6405,1556059,V,545,479,-1
1788814652.6405,1556067,V,546,480,-1
1788814652.6405,1556075,V,546,480,-1
1788814652.7380,1556089,V,545,479,17394
1788814652.7380,1556097,V,547,481,-1
1788814652.7380,1556105,V,546,480,-1
1788814652.7380,1556113,V,546,480,-1
1788814652.7380,1556121,V,546,480,-1
1788814652.7380,1556129,V,546,480,-1
1788814652.7395,1556143,V,546,480,17395
1788814652.7395,1556151,V,547,481,-1
1788814652.7395,1556159,V,547,481,-1
1788814652.7395,1556167,V,547,481,-1
1788814652.7395,1556175,V,547,481,-1
1788814652.7395,1556183,V,546,480,-1
1788814652.7863,1556196,V,546,480,17396
1788814652.7863,1556204,V,546,480,-1
1788814652.7863,1556212,V,545,479,-1
1788814652.7863,1556220,V,547,481,-1
1788814652.7863,1556228,V,546,480,-1
1788814652.7863,1556236,V,546,480,-1
1788814652.8841,1556250,V,547,481,17397
1788814652.8842,1556258,V,547,481,-1
1788814652.8842,1556266,V,548,482,-1
1788814652.8842,1556274,V,547,481,-1
1788814652.8842,1556282,V,546,480,-1
1788814652.8842,1556290,V,546,480,-1
1788814652.8852,1556303,V,545,479,17398
1788814652.8852,1556311,V,546,480,-1
1788814652.8852,1556319,V,553,486,-1
1788814652.8852,1556327,V,546,480,-1
1788814652.8852,1556335,V,547,481,-1
1788814652.8852,1556343,V,546,480,-1
1788814652.9326,1556357,V,546,480,17399
1788814652.9326,1556365,V,547,481,-1
1788814652.9326,1556373,V,546,480,-1
1788814652.9326,1556381,V,547,481,-1
1788814652.9326,1556389,V,547,481,-1
1788814652.9327,1556397,V,547,481,-1
1788814652.9810,1556411,V,546,480,17400
1788814652.9810,1556419,V,550,483,-1
1788814652.9810,1556427,V,547,481,-1
1788814652.9810,1556435,V,547,481,-1
1788814652.9810,1556443,V,546,480,-1
1788814652.9810,1556451,V,546,480,-1
1788814653.0295,1556464,V,546,480,17401
1788814653.0296,1556472,V,546,480,-1
1788814653.0296,1556480,V,546,480,-1
1788814653.0296,1556488,V,545,479,-1
1788814653.0296,1556496,V,546,480,-1
1788814653.0296,1556504,V,546,480,-1
1788814653.0786,1556518,V,565,497,17402
1788814653.0786,1556526,V,545,479,-1
1788814653.0786,1556534,V,546,480,-1
1788814653.0786,1556542,V,548,482,-1
1788814653.0786,1556550,V,547,481,-1
1788814653.0786,1556558,V,546,480,-1
1788814653.1766,1556572,V,546,480,17403
1788814653.1768,1556580,V,546,480,-1
1788814653.1768,1556588,V,546,480,-1
1788814653.1768,1556596,V,547,481,-1
1788814653.1768,1556604,V,546,480,-1
1788814653.1768,1556612,V,546,480,-1
1788814653.2253,1556625,V,546,480,17404
1788814653.2254,1556633,V,547,481,-1
1788814653.2254,1556641,V,546,480,-1
1788814653.2254,1556649,V,545,479,-1
1788814653.2254,1556657,V,547,481,-1
1788814653.2254,1556665,V,546,480,-1
1788814653.2738,1556679,V,546,480,17405
1788814653.2738,1556687,V,546,480,-1
1788814653.2738,1556695,V,546,480,-1
1788814653.2738,1556703,V,546,480,-1
1788814653.2738,1556711,V,545,479,-1
1788814653.2738,1556719,V,547,481,-1
1788814653.3227,1556732,V,547,481,17406
1788814653.3227,1556740,V,546,480,-1
1788814653.3227,1556748,V,546,480,-1
1788814653.3227,1556756,V,547,481,-1
1788814653.3227,1556764,V,546,480,-1
1788814653.3227,1556772,V,545,479,-1
1788814653.3714,1556786,V,546,480,17407
1788814653.3715,1556794,V,547,481,-1
1788814653.3715,1556802,V,547,481,-1
1788814653.3715,1556810,V,547,481,-1
1788814653.3715,1556818,V,547,481,-1
1788814653.3715,1556826,V,547,481,-1
1788814653.4199,1556840,V,547,481,17408
1788814653.4201,1556848,V,547,481,-1
1788814653.4202,1556856,V,552,485,-1
1788814653.4202,1556864,V,546,480,-1
1788814653.4202,1556872,V,546,480,-1
1788814653.4202,1556880,V,547,481,-1
1788814653.4690,1556893,V,546,480,17409
1788814653.4690,1556901,V,548,482,-1
1788814653.4691,1556909,V,547,481,-1
1788814653.4691,1556917,V,548,482,-1
1788814653.4691,1556925,V,547,481,-1
1788814653.4691,1556933,V,547,481,-1
1788814653.6169,1556947,V,548,482,17410
1788814653.6169,1556955,V,550,483,-1
1788814653.6169,1556963,V,546,480,-1
1788814653.6169,1556971,V,546,480,-1
1788814653.6169,1556979,V,546,480,-1
1788814653.6169,1556987,V,546,480,-1
1788814653.6172,1557001,V,547,481,17411
1788814653.6172,1557009,V,546,480,-1
1788814653.6172,1557017,V,546,480,-1
1788814653.6172,1557025,V,545,479,-1
1788814653.6172,1557033,V,545,479,-1
1788814653.6172,1557041,V,546,480,-1
1788814653.6637,1557054,V,564,496,17412
1788814653.6638,1557062,V,546,480,-1
1788814653.6638,1557070,V,546,480,-1
1788814653.6638,1557078,V,547,481,-1
1788814653.6638,1557086,V,546,480,-1
1788814653.6638,1557094,V,546,480,-1
1788814653.7126,1557108,V,546,480,17413
1788814653.7126,1557116,V,546,480,-1
1788814653.7126,1557124,V,546,480,-1
1788814653.7126,1557132,V,546,480,-1
1788814653.7126,1557140,V,546,480,-1
1788814653.7126,1557148,V,549,483,-1
1788814653.7612,1557161,V,546,480,17414
1788814653.7612,1557169,V,545,479,-1
1788814653.7612,1557177,V,546,480,-1
1788814653.7612,1557185,V,546,480,-1
1788814653.7612,1557193,V,545,479,-1
1788814653.7612,1557201,V,546,480,-1
1788814653.8100,1557215,V,545,479,17415
1788814653.8100,1557223,V,546,480,-1
1788814653.8100,1557231,V,545,479,-1
1788814653.8100,1557239,V,546,480,-1
1788814653.8100,1557247,V,546,480,-1
1788814653.8100,1557255,V,546,480,-1
1788814653.8586,1557269,V,546,480,17416
1788814653.8586,1557277,V,546,480,-1
1788814653.8586,1557285,V,546,480,-1
1788814653.8586,1557293,V,547,481,-1
1788814653.8586,1557301,V,547,481,-1
1788814653.8586,1557309,V,547,481,-1
1788814653.9092,1557322,V,547,481,17417
1788814653.9093,1557330,V,547,481,-1
1788814653.9093,1557338,V,546,480,-1
1788814653.9093,1557346,V,546,480,-1
1788814653.9094,1557354,V,547,481,-1
1788814653.9094,1557362,V,547,481,-1
1788814654.0550,1557376,V,547,481,17418
1788814654.0550,1557384,V,547,481,-1
1788814654.0550,1557392,V,552,485,-1
1788814654.0550,1557400,V,546,480,-1
1788814654.0551,1557408,V,548,482,-1
1788814654.0551,1557416,V,546,480,-1
1788814654.0561,1557429,V,546,480,17419
1788814654.0561,1557437,V,546,480,-1
1788814654.0561,1557445,V,546,480,-1
1788814654.0561,1557453,V,547,481,-1
1788814654.0561,1557461,V,546,480,-1
1788814654.0561,1557469,V,545,479,-1
1788814654.0564,1557483,V,547,481,17420
1788814654.0564,1557491,V,548,482,-1
1788814654.0564,1557499,V,546,480,-1
1788814654.0564,1557507,V,546,480,-1
1788814654.0564,1557515,V,546,480,-1
1788814654.0564,1557523,V,546,480,-1
1788814654.1028,1557537,V,545,479,17421
1788814654.1028,1557545,V,547,481,-1
1788814654.1028,1557553,V,546,480,-1
1788814654.1029,1557561,V,545,479,-1
1788814654.1029,1557569,V,546,480,-1
1788814654.1029,1557577,V,546,480,-1
1788814654.1522,1557590,V,566,497,17422
1788814654.1523,1557598,V,547,481,-1
1788814654.1524,1557606,V,547,481,-1
1788814654.1524,1557614,V,547,481,-1
1788814654.1524,1557622,V,546,480,-1
1788814654.1524,1557630,V,546,480,-1
1788814654.2497,1557644,V,547,481,17423
1788814654.2498,1557652,V,546,480,-1
1788814654.2498,1557660,V,546,480,-1
1788814654.2498,1557668,V,545,479,-1
1788814654.2498,1557676,V,546,480,-1
1788814654.2498,1557684,V,547,481,-1
1788814654.2983,1557698,V,546,480,17424
1788814654.2983,1557706,V,546,480,-1
1788814654.2983,1557714,V,546,480,-1
1788814654.2984,1557722,V,547,481,-1
1788814654.2984,1557730,V,546,480,-1
1788814654.2984,1557738,V,547,481,-1
1788814654.3486,1557751,V,546,480,17425
1788814654.3486,1557759,V,545,479,-1
1788814654.3486,1557767,V,547,481,-1
1788814654.3486,1557775,V,546,480,-1
1788814654.3486,1557783,V,547,481,-1
1788814654.3486,1557791,V,547,481,-1
1788814654.4438,1557805,V,546,480,17426
1788814654.4439,1557813,V,547,481,-1
1788814654.4439,1557821,V,547,481,-1
1788814654.4440,1557829,V,547,481,-1
1788814654.4440,1557837,V,547,481,-1
1788814654.4440,1557845,V,547,481,-1
1788814654.4460,1557858,V,547,481,17427
1788814654.4460,1557866,V,547,481,-1
1788814654.4460,1557874,V,546,480,-1
1788814654.4460,1557882,V,546,480,-1
1788814654.4460,1557890,V,546,480,-1
1788814654.4460,1557898,V,546,480,-1
1788814654.4927,1557912,V,545,479,17428
1788814654.4927,1557920,V,546,480,-1
1788814654.4927,1557928,V,552,485,-1
1788814654.4927,1557936,V,546,480,-1
1788814654.4927,1557944,V,545,479,-1
1788814654.4927,1557952,V,545,479,-1
1788814654.5419,1557966,V,546,480,17429
1788814654.5419,1557974,V,546,480,-1
1788814654.5420,1557982,V,546,480,-1
1788814654.5420,1557990,V,544,478,-1
1788814654.5420,1557998,V,545,479,-1
1788814654.5420,1558006,V,545,479,-1
1788814654.5910,1558019,V,546,480,17430
1788814654.5910,1558027,V,548,482,-1
1788814654.5910,1558035,V,546,480,-1
1788814654.5910,1558043,V,546,480,-1
1788814654.5910,1558051,V,546,480,-1
1788814654.5910,1558059,V,546,480,-1
1788814654.6388,1558073,V,545,479,17431
1788814654.6388,1558081,V,545,479,-1
1788814654.6388,1558089,V,545,479,-1
1788814654.6388,1558097,V,545,479,-1
1788814654.6388,1558105,V,545,479,-1
1788814654.6388,1558113,V,545,479,-1
1788814654.6884,1558127,V,566,497,17432
1788814654.6886,1558135,V,546,480,-1
1788814654.6886,1558143,V,545,479,-1
1788814654.6886,1558151,V,545,479,-1
1788814654.6886,1558159,V,546,480,-1
1788814654.6886,1558167,V,546,480,-1
1788814654.7856,1558180,V,547,481,17433
1788814654.7856,1558188,V,547,481,-1
1788814654.7856,1558196,V,546,480,-1
1788814654.7856,1558204,V,546,480,-1
1788814654.7857,1558212,V,545,479,-1
1788814654.7857,1558220,V,548,482,-1
1788814654.8335,1558234,V,547,481,17434
1788814654.8336,1558242,V,547,481,-1
1788814654.8336,1558250,V,547,481,-1
1788814654.8336,1558258,V,547,481,-1
1788814654.8336,1558266,V,547,481,-1
1788814654.8336,1558274,V,548,482,-1
1788814654.8834,1558287,V,547,481,17435
1788814654.8834,1558295,V,547,481,-1
1788814654.8834,1558303,V,547,481,-1
1788814654.8834,1558311,V,547,481,-1
1788814654.8834,1558319,V,546,480,-1
1788814654.8834,1558327,V,546,480,-1
1788814654.9322,1558341,V,546,480,17436
1788814654.9323,1558349,V,546,480,-1
1788814654.9323,1558357,V,546,480,-1
1788814654.9323,1558365,V,545,479,-1
1788814654.9324,1558373,V,546,480,-1
1788814654.9324,1558381,V,545,479,-1
1788814654.9813,1558395,V,545,479,17437
1788814654.9813,1558403,V,545,479,-1
1788814654.9813,1558411,V,546,480,-1
1788814654.9813,1558419,V,547,481,-1
1788814654.9813,1558427,V,546,480,-1
1788814654.9813,1558435,V,547,481,-1
1788814655.0288,1558448,V,546,480,17438
1788814655.0288,1558456,V,545,479,-1
1788814655.0288,1558464,V,552,485,-1
1788814655.0288,1558472,V,547,481,-1
1788814655.0288,1558480,V,546,480,-1
1788814655.0288,1558488,V,546,480,-1
1788814655.0784,1558502,V,547,481,17439
1788814655.0784,1558510,V,547,481,-1
1788814655.0784,1558518,V,547,481,-1
1788814655.0784,1558526,V,546,480,-1
1788814655.0784,1558534,V,546,480,-1
1788814655.0784,1558542,V,546,480,-1
1788814655.1261,1558556,V,548,482,17440
1788814655.1261,1558564,V,549,483,-1
1788814655.1261,1558572,V,546,480,-1
1788814655.1261,1558580,V,546,480,-1
1788814655.1261,1558588,V,546,480,-1
1788814655.1261,1558596,V,547,481,-1
1788814655.1750,1558609,V,547,481,17441
1788814655.1751,1558617,V,548,482,-1
1788814655.1751,1558625,V,548,482,-1
1788814655.1751,1558633,V,547,481,-1
1788814655.1753,1558641,V,546,480,-1
1788814655.1753,1558649,V,548,482,-1
1788814655.2251,1558663,V,567,498,17442
1788814655.2251,1558671,V,546,480,-1
1788814655.2251,1558679,V,546,480,-1
1788814655.2252,1558687,V,547,481,-1
1788814655.2252,1558695,V,547,481,-1
1788814655.2252,1558703,V,547,481,-1
1788814655.3214,1558717,V,546,480,17443
1788814655.3214,1558725,V,547,481,-1
1788814655.3214,1558733,V,546,480,-1
1788814655.3214,1558741,V,547,481,-1
1788814655.3214,1558749,V,548,482,-1
1788814655.3214,1558757,V,546,480,-1
1788814655.3721,1558770,V,547,481,17444
1788814655.3721,1558778,V,547,481,-1
1788814655.3721,1558786,V,546,480,-1
1788814655.3722,1558794,V,547,481,-1
1788814655.3722,1558802,V,547,481,-1
1788814655.3722,1558810,V,546,480,-1
1788814655.4184,1558824,V,546,480,17445
1788814655.4186,1558832,V,546,480,-1
1788814655.4186,1558840,V,546,480,-1
1788814655.4186,1558848,V,547,481,-1
1788814655.4186,1558856,V,546,480,-1
1788814655.4186,1558864,V,545,479,-1
1788814655.4678,1558878,V,545,479,17446
1788814655.4678,1558886,V,546,480,-1
1788814655.4678,1558894,V,546,480,-1
1788814655.4678,1558902,V,546,480,-1
1788814655.4678,1558910,V,547,481,-1
1788814655.4679,1558918,V,547,481,-1
1788814655.5174,1558931,V,546,480,17447
1788814655.5175,1558939,V,547,481,-1
1788814655.5175,1558947,V,546,480,-1
1788814655.5175,1558955,V,547,481,-1
1788814655.5175,1558963,V,547,481,-1
1788814655.5175,1558971,V,547,481,-1
1788814655.5650,1558985,V,547,481,17448
1788814655.5650,1558993,V,547,481,-1
1788814655.5650,1559001,V,554,487,-1
1788814655.5650,1559009,V,547,481,-1
1788814655.5650,1559017,V,547,481,-1
1788814655.5650,1559025,V,548,482,-1
1788814655.6139,1559038,V,546,480,17449
1788814655.6139,1559046,V,547,481,-1
1788814655.6139,1559054,V,547,481,-1
1788814655.6139,1559062,V,547,481,-1
1788814655.6139,1559070,V,548,482,-1
1788814655.6139,1559078,V,547,481,-1
1788814655.6626,1559092,V,547,481,17450
1788814655.6628,1559100,V,551,484,-1
1788814655.6628,1559108,V,548,482,-1
1788814655.6628,1559116,V,546,480,-1
1788814655.6628,1559124,V,549,483,-1
1788814655.6628,1559132,V,547,481,-1
1788814655.7115,1559146,V,548,482,17451
1788814655.7115,1559154,V,547,481,-1
1788814655.7115,1559162,V,547,481,-1
1788814655.7115,1559170,V,547,481,-1
1788814655.7115,1559178,V,547,481,-1
1788814655.7115,1559186,V,547,481,-1
1788814655.7595,1559199,V,556,489,17452
1788814655.7595,1559207,V,548,482,-1
1788814655.7596,1559215,V,547,481,-1
1788814655.7596,1559223,V,546,480,-1
1788814655.7596,1559231,V,548,482,-1
1788814655.7596,1559239,V,546,480,-1
1788814655.8573,1559253,V,545,479,17453
1788814655.8573,1559261,V,547,481,-1
1788814655.8573,1559269,V,547,481,-1
1788814655.8574,1559277,V,547,481,-1
1788814655.8574,1559285,V,547,481,-1
1788814655.8574,1559293,V,546,480,-1
1788814655.9060,1559307,V,546,480,17454
1788814655.9061,1559315,V,545,479,-1
1788814655.9061,1559323,V,545,479,-1
1788814655.9061,1559331,V,546,480,-1
1788814655.9061,1559339,V,546,480,-1
1788814655.9061,1559347,V,546,480,-1
1788814655.9554,1559360,V,546,480,17455
1788814655.9555,1559368,V,546,480,-1
1788814655.9555,1559376,V,547,481,-1
1788814655.9555,1559384,V,546,480,-1
1788814655.9555,1559392,V,546,480,-1
1788814655.9555,1559400,V,547,481,-1
1788814656.0039,1559414,V,547,481,17456
1788814656.0039,1559422,V,547,481,-1
1788814656.0039,1559430,V,547,481,-1
1788814656.0039,1559438,V,548,482,-1
1788814656.0039,1559446,V,546,480,-1
1788814656.0039,1559454,V,546,480,-1
1788814656.1016,1559468,V,546,480,17457
1788814656.1016,1559476,V,546,480,-1
1788814656.1016,1559484,V,545,479,-1
1788814656.1016,1559492,V,547,481,-1
1788814656.1016,1559500,V,546,480,-1
1788814656.1016,1559508,V,545,479,-1
1788814656.1027,1559521,V,546,480,17458
1788814656.1027,1559529,V,545,479,-1
1788814656.1027,1559537,V,550,483,-1
1788814656.1027,1559545,V,546,480,-1
1788814656.1027,1559553,V,546,480,-1
1788814656.1027,1559561,V,546,480,-1
1788814656.1500,1559575,V,547,481,17459
1788814656.1502,1559583,V,547,481,-1
1788814656.1502,1559591,V,547,481,-1
1788814656.1502,1559599,V,548,482,-1
1788814656.1502,1559607,V,546,480,-1
1788814656.1502,1559615,V,546,480,-1
1788814656.1991,1559628,V,546,480,17460
1788814656.1991,1559636,V,559,491,-1
1788814656.1991,1559644,V,547,481,-1
1788814656.1991,1559652,V,547,481,-1
1788814656.1992,1559660,V,547,481,-1
1788814656.1992,1559668,V,546,480,-1
1788814656.2485,1559682,V,547,481,17461
1788814656.2485,1559690,V,547,481,-1
1788814656.2486,1559698,V,546,480,-1
1788814656.2486,1559706,V,545,479,-1
1788814656.2486,1559714,V,546,480,-1
1788814656.2486,1559722,V,546,480,-1
1788814656.2965,1559736,V,549,483,17462
1788814656.2965,1559744,V,547,481,-1
1788814656.2965,1559752,V,546,480,-1
1788814656.2965,1559760,V,546,480,-1
1788814656.2965,1559768,V,546,480,-1
1788814656.2965,1559776,V,547,481,-1
1788814656.3938,1559789,V,547,481,17463
1788814656.3939,1559797,V,548,482,-1
1788814656.3939,1559805,V,547,481,-1
1788814656.3939,1559813,V,547,481,-1
1788814656.3939,1559821,V,547,481,-1
1788814656.3939,1559829,V,546,480,-1
1788814656.4424,1559843,V,546,480,17464
1788814656.4424,1559851,V,546,480,-1
1788814656.4424,1559859,V,547,481,-1
1788814656.4425,1559867,V,548,482,-1
1788814656.4425,1559875,V,548,482,-1
1788814656.4425,1559883,V,547,481,-1
1788814656.4914,1559897,V,546,480,17465
1788814656.4914,1559905,V,548,482,-1
1788814656.4914,1559913,V,547,481,-1
1788814656.4914,1559921,V,546,480,-1
1788814656.4914,1559929,V,547,481,-1
1788814656.4914,1559937,V,546,480,-1
1788814656.5401,1559950,V,546,480,17466
1788814656.5401,1559958,V,547,481,-1
1788814656.5401,1559966,V,547,481,-1
1788814656.5401,1559974,V,553,486,-1
1788814656.5401,1559982,V,547,481,-1
1788814656.5401,1559990,V,547,481,-1
1788814656.5889,1560004,V,548,482,17467
1788814656.5889,1560012,V,547,481,-1
1788814656.5889,1560020,V,548,482,-1
1788814656.5889,1560028,V,547,481,-1
1788814656.5889,1560036,V,549,483,-1
1788814656.5889,1560044,V,548,482,-1
1788814656.6381,1560058,V,548,482,17468
1788814656.6383,1560066,V,549,483,-1
1788814656.6383,1560074,V,547,481,-1
1788814656.6383,1560082,V,548,482,-1
1788814656.6383,1560090,V,547,481,-1
1788814656.6383,1560098,V,547,481,-1
1788814656.6875,1560112,V,548,482,17469
1788814656.6875,1560120,V,548,482,-1
1788814656.6875,1560128,V,546,480,-1
1788814656.6875,1560136,V,546,480,-1
1788814656.6875,1560144,V,547,481,-1
1788814656.6875,1560152,V,546,480,-1
1788814656.7847,1560165,V,547,481,17470
1788814656.7847,1560173,V,566,497,-1
1788814656.7847,1560181,V,547,481,-1
1788814656.7848,1560189,V,546,480,-1
1788814656.7848,1560197,V,546,480,-1
1788814656.7848,1560205,V,547,481,-1
1788814656.7862,1560219,V,547,481,17471
1788814656.7862,1560227,V,546,480,-1
1788814656.7862,1560235,V,547,481,-1
1788814656.7862,1560243,V,546,480,-1
1788814656.7862,1560251,V,546,480,-1
1788814656.7863,1560259,V,545,479,-1
1788814656.8335,1560272,V,556,489,17472
1788814656.8336,1560280,V,546,480,-1
1788814656.8336,1560288,V,547,481,-1
1788814656.8336,1560296,V,546,480,-1
1788814656.8336,1560304,V,547,481,-1
1788814656.8336,1560312,V,547,481,-1
1788814656.9297,1560326,V,546,480,17473
1788814656.9299,1560334,V,546,480,-1
1788814656.9299,1560342,V,547,481,-1
1788814656.9299,1560350,V,547,481,-1
1788814656.9299,1560358,V,546,480,-1
1788814656.9299,1560366,V,546,480,-1
1788814656.9786,1560380,V,546,480,17474
1788814656.9787,1560388,V,546,480,-1
1788814656.9787,1560396,V,545,479,-1
1788814656.9787,1560404,V,546,480,-1
1788814656.9787,1560412,V,546,480,-1
1788814656.9787,1560420,V,546,480,-1
1788814657.0275,1560433,V,546,480,17475
1788814657.0275,1560441,V,545,479,-1
1788814657.0275,1560449,V,546,480,-1
1788814657.0275,1560457,V,545,479,-1
1788814657.0275,1560465,V,547,481,-1
1788814657.0275,1560473,V,547,481,-1
1788814657.0760,1560487,V,546,480,17476
1788814657.0760,1560495,V,546,480,-1
1788814657.0760,1560503,V,547,481,-1
1788814657.0760,1560511,V,552,485,-1
1788814657.0760,1560519,V,547,481,-1
1788814657.0760,1560527,V,546,480,-1
1788814657.1740,1560540,V,546,480,17477
1788814657.1741,1560548,V,547,481,-1
1788814657.1741,1560556,V,547,481,-1
1788814657.1741,1560564,V,547,481,-1
1788814657.1741,1560572,V,547,481,-1
1788814657.1741,1560580,V,546,480,-1
1788814657.1752,1560594,V,548,482,17478
1788814657.1752,1560602,V,546,480,-1
1788814657.1752,1560610,V,548,482,-1
1788814657.1752,1560618,V,546,480,-1
1788814657.1752,1560626,V,545,479,-1
1788814657.1752,1560634,V,546,480,-1
1788814657.2229,1560648,V,546,480,17479
1788814657.2229,1560656,V,546,480,-1
1788814657.2229,1560664,V,547,481,-1
1788814657.2229,1560672,V,546,480,-1
1788814657.2229,1560680,V,546,480,-1
1788814657.2229,1560688,V,547,481,-1
1788814657.2733,1560701,V,546,480,17480
1788814657.2733,1560709,V,566,497,-1
1788814657.2733,1560717,V,546,480,-1
1788814657.2733,1560725,V,546,480,-1
1788814657.2733,1560733,V,546,480,-1
1788814657.2733,1560741,V,546,480,-1
1788814657.3199,1560755,V,546,480,17481
1788814657.3200,1560763,V,547,481,-1
1788814657.3200,1560771,V,546,480,-1
1788814657.3200,1560779,V,546,480,-1
1788814657.3200,1560787,V,546,480,-1
1788814657.3200,1560795,V,547,481,-1
1788814657.3705,1560809,V,547,481,17482
1788814657.3706,1560817,V,546,480,-1
1788814657.3706,1560825,V,547,481,-1
1788814657.3706,1560833,V,547,481,-1
1788814657.3706,1560841,V,547,481,-1
1788814657.3706,1560849,V,546,480,-1
1788814657.4667,1560862,V,547,481,17483
1788814657.4669,1560870,V,546,480,-1
1788814657.4669,1560878,V,546,480,-1
1788814657.4669,1560886,V,547,481,-1
1788814657.4669,1560894,V,547,481,-1
1788814657.4669,1560902,V,546,480,-1
1788814657.5156,1560916,V,547,481,17484
1788814657.5157,1560924,V,547,481,-1
1788814657.5157,1560932,V,547,481,-1
1788814657.5157,1560940,V,546,480,-1
1788814657.5157,1560948,V,547,481,-1
1788814657.5157,1560956,V,546,480,-1
1788814657.5640,1560969,V,547,481,17485
1788814657.5640,1560977,V,547,481,-1
1788814657.5641,1560985,V,547,481,-1
1788814657.5641,1560993,V,548,482,-1
1788814657.5641,1561001,V,548,482,-1
1788814657.5641,1561009,V,546,480,-1
1788814657.6125,1561023,V,547,481,17486
1788814657.6126,1561031,V,547,481,-1
1788814657.6126,1561039,V,546,480,-1
1788814657.6126,1561047,V,551,484,-1
1788814657.6126,1561055,V,547,481,-1
1788814657.6126,1561063,V,546,480,-1
1788814657.6614,1561076,V,546,480,17487
1788814657.6614,1561084,V,546,480,-1
1788814657.6614,1561092,V,546,480,-1
1788814657.6614,1561100,V,546,480,-1
1788814657.6614,1561108,V,546,480,-1
1788814657.6614,1561116,V,548,482,-1
1788814657.7100,1561130,V,546,480,17488
1788814657.7101,1561138,V,546,480,-1
1788814657.7101,1561146,V,548,482,-1
1788814657.7101,1561154,V,545,479,-1
1788814657.7101,1561162,V,546,480,-1
1788814657.7101,1561170,V,546,480,-1
1788814657.7592,1561184,V,547,481,17489
1788814657.7592,1561192,V,546,480,-1
1788814657.7592,1561200,V,547,481,-1
1788814657.7593,1561208,V,546,480,-1
1788814657.7593,1561216,V,545,479,-1
1788814657.7593,1561224,V,545,479,-1
1788814657.8565,1561237,V,546,480,17490
1788814657.8565,1561245,V,564,496,-1
1788814657.8565,1561253,V,545,479,-1
1788814657.8565,1561261,V,545,479,-1
1788814657.8565,1561269,V,546,480,-1
1788814657.8565,1561277,V,545,479,-1
1788814657.8580,1561291,V,546,480,17491
1788814657.8580,1561299,V,546,480,-1
1788814657.8580,1561307,V,546,480,-1
1788814657.8580,1561315,V,546,480,-1
1788814657.8580,1561323,V,546,480,-1
1788814657.8580,1561331,V,546,480,-1
1788814657.9050,1561345,V,555,488,17492
1788814657.9050,1561353,V,546,480,-1
1788814657.9050,1561361,V,546,480,-1
1788814657.9050,1561369,V,547,481,-1
1788814657.9050,1561377,V,546,480,-1
1788814657.9050,1561385,V,547,481,-1
1788814658.0025,1561398,V,546,480,17493
1788814658.0026,1561406,V,547,481,-1
1788814658.0026,1561414,V,547,481,-1
1788814658.0026,1561422,V,547,481,-1
1788814658.0027,1561430,V,546,480,-1
1788814658.0027,1561438,V,547,481,-1
1788814658.0517,1561452,V,547,481,17494
1788814658.0517,1561460,V,547,481,-1
1788814658.0517,1561468,V,546,480,-1
1788814658.0517,1561476,V,547,481,-1
1788814658.0517,1561484,V,547,481,-1
1788814658.0517,1561492,V,547,481,-1
1788814658.1010,1561506,V,547,481,17495
1788814658.1010,1561514,V,547,481,-1
1788814658.1011,1561522,V,548,482,-1
1788814658.1011,1561530,V,546,480,-1
1788814658.1011,1561538,V,547,481,-1
1788814658.1011,1561546,V,546,480,-1
1788814658.1976,1561559,V,547,481,17496
1788814658.1976,1561567,V,547,481,-1
1788814658.1976,1561575,V,546,480,-1
1788814658.1976,1561583,V,551,484,-1
1788814658.1976,1561591,V,547,481,-1
1788814658.1976,1561599,V,546,480,-1
1788814658.1987,1561613,V,547,481,17497
1788814658.1987,1561621,V,546,480,-1
1788814658.1988,1561629,V,547,481,-1
1788814658.1988,1561637,V,547,481,-1
1788814658.1988,1561645,V,547,481,-1
1788814658.1988,1561653,V,547,481,-1
1788814658.2463,1561666,V,546,480,17498
1788814658.2465,1561674,V,546,480,-1
1788814658.2465,1561682,V,547,481,-1
1788814658.2465,1561690,V,547,481,-1
1788814658.2465,1561698,V,546,480,-1
1788814658.2465,1561706,V,547,481,-1
1788814658.2954,1561720,V,546,480,17499
1788814658.2954,1561728,V,546,480,-1
1788814658.2954,1561736,V,546,480,-1
1788814658.2954,1561744,V,547,481,-1
1788814658.2954,1561752,V,547,481,-1
1788814658.2954,1561760,V,546,480,-1
1788814658.3957,1561774,V,546,480,17500
1788814658.3957,1561782,V,564,496,-1
1788814658.3957,1561790,V,547,481,-1
1788814658.3957,1561798,V,547,481,-1
1788814658.3957,1561806,V,547,481,-1
1788814658.3957,1561814,V,546,480,-1
1788814658.3960,1561827,V,547,481,17501
1788814658.3960,1561835,V,547,481,-1
1788814658.3960,1561843,V,548,482,-1
1788814658.3960,1561851,V,547,481,-1
1788814658.3960,1561859,V,547,481,-1
1788814658.3961,1561867,V,547,481,-1
1788814658.4910,1561881,V,555,488,17502
1788814658.4911,1561889,V,548,482,-1
1788814658.4911,1561897,V,547,481,-1
1788814658.4911,1561905,V,547,481,-1
1788814658.4912,1561913,V,547,481,-1
1788814658.4912,1561921,V,547,481,-1
1788814658.5393,1561935,V,546,480,17503
1788814658.5393,1561943,V,547,481,-1
1788814658.5393,1561951,V,547,481,-1
1788814658.5393,1561959,V,547,481,-1
1788814658.5393,1561967,V,547,481,-1
1788814658.5393,1561975,V,545,479,-1
1788814658.5876,1561988,V,546,480,17504
1788814658.5876,1561996,V,546,480,-1
1788814658.5876,1562004,V,546,480,-1
1788814658.5876,1562012,V,546,480,-1
1788814658.5876,1562020,V,546,480,-1
1788814658.5876,1562028,V,546,480,-1
1788814658.6363,1562042,V,545,479,17505
1788814658.6363,1562050,V,546,480,-1
1788814658.6363,1562058,V,546,480,-1
1788814658.6363,1562066,V,546,480,-1
1788814658.6363,1562074,V,546,480,-1
1788814658.6363,1562082,V,546,480,-1
1788814658.6851,1562095,V,545,479,17506
1788814658.6851,1562103,V,546,480,-1
1788814658.6852,1562111,V,545,479,-1
1788814658.6852,1562119,V,551,484,-1
1788814658.6852,1562127,V,547,481,-1
1788814658.6852,1562135,V,547,481,-1
1788814658.7334,1562149,V,546,480,17507
1788814658.7336,1562157,V,547,481,-1
1788814658.7336,1562165,V,547,481,-1
1788814658.7336,1562173,V,547,481,-1
1788814658.7336,1562181,V,547,481,-1
1788814658.7336,1562189,V,546,480,-1
1788814658.7838,1562203,V,546,480,17508
1788814658.7839,1562211,V,546,480,-1
1788814658.7840,1562219,V,548,482,-1
1788814658.7840,1562227,V,547,481,-1
1788814658.7840,1562235,V,546,480,-1
1788814658.7840,1562243,V,545,479,-1
1788814658.8313,1562256,V,546,480,17509
1788814658.8314,1562264,V,547,481,-1
1788814658.8314,1562272,V,548,482,-1
1788814658.8314,1562280,V,547,481,-1
1788814658.8314,1562288,V,547,481,-1
1788814658.8314,1562296,V,546,480,-1
1788814658.8801,1562310,V,547,481,17510
1788814658.8801,1562318,V,566,497,-1
1788814658.8802,1562326,V,547,481,-1
1788814658.8802,1562334,V,547,481,-1
1788814658.8802,1562342,V,548,482,-1
1788814658.8802,1562350,V,547,481,-1
1788814658.9297,1562364,V,547,481,17511
1788814658.9297,1562372,V,548,482,-1
1788814658.9297,1562380,V,548,482,-1
1788814658.9297,1562388,V,548,482,-1
1788814658.9297,1562396,V,548,482,-1
1788814658.9297,1562404,V,548,482,-1
1788814658.9783,1562417,V,548,482,17512
1788814658.9785,1562425,V,547,481,-1
1788814658.9785,1562433,V,547,481,-1
1788814658.9785,1562441,V,548,482,-1
1788814658.9785,1562449,V,546,480,-1
1788814658.9785,1562457,V,547,481,-1
1788814659.0773,1562471,V,546,480,17513
1788814659.0773,1562479,V,546,480,-1
1788814659.0773,1562487,V,546,480,-1
1788814659.0773,1562495,V,546,480,-1
1788814659.0773,1562503,V,547,481,-1
1788814659.0773,1562511,V,547,481,-1
1788814659.1247,1562525,V,547,481,17514
1788814659.1247,1562533,V,546,480,-1
1788814659.1247,1562541,V,547,481,-1
1788814659.1248,1562549,V,546,480,-1
1788814659.1248,1562557,V,546,480,-1
1788814659.1248,1562565,V,546,480,-1
1788814659.2215,1562578,V,546,480,17515
1788814659.2216,1562586,V,547,481,-1
1788814659.2216,1562594,V,547,481,-1
1788814659.2216,1562602,V,547,481,-1
1788814659.2217,1562610,V,547,481,-1
1788814659.2217,1562618,V,547,481,-1
1788814659.2227,1562632,V,547,481,17516
1788814659.2227,1562640,V,546,480,-1
1788814659.2227,1562648,V,545,479,-1
1788814659.2227,1562656,V,554,487,-1
1788814659.2227,1562664,V,546,480,-1
1788814659.2227,1562672,V,547,481,-1
1788814659.3191,1562685,V,547,481,17517
1788814659.3192,1562693,V,546,480,-1
1788814659.3192,1562701,V,547,481,-1
1788814659.3192,1562709,V,546,480,-1
1788814659.3192,1562717,V,547,481,-1
1788814659.3192,1562725,V,546,480,-1
1788814659.3207,1562739,V,547,481,17518
1788814659.3207,1562747,V,547,481,-1
1788814659.3207,1562755,V,550,483,-1
1788814659.3207,1562763,V,547,481,-1
1788814659.3207,1562771,V,547,481,-1
1788814659.3207,1562779,V,547,481,-1
1788814659.3675,1562793,V,546,480,17519
1788814659.3675,1562801,V,547,481,-1
1788814659.3675,1562809,V,547,481,-1
1788814659.3675,1562817,V,547,481,-1
1788814659.3675,1562825,V,547,481,-1
1788814659.3675,1562833,V,547,481,-1
1788814659.4199,1562846,V,547,481,17520
1788814659.4199,1562854,V,567,498,-1
1788814659.4199,1562862,V,547,481,-1
1788814659.4199,1562870,V,547,481,-1
1788814659.4200,1562878,V,547,481,-1
1788814659.4200,1562886,V,547,481,-1
1788814659.4659,1562900,V,547,481,17521
1788814659.4661,1562908,V,546,480,-1
1788814659.4661,1562916,V,546,480,-1
1788814659.4661,1562924,V,546,480,-1
1788814659.4661,1562932,V,545,479,-1
1788814659.4661,1562940,V,546,480,-1
1788814659.5147,1562954,V,546,480,17522
1788814659.5148,1562962,V,546,480,-1
1788814659.5148,1562970,V,546,480,-1
1788814659.5148,1562978,V,547,481,-1
1788814659.5148,1562986,V,546,480,-1
1788814659.5148,1562994,V,546,480,-1
1788814659.6124,1563007,V,547,481,17523
1788814659.6124,1563015,V,546,480,-1
1788814659.6124,1563023,V,546,480,-1
1788814659.6124,1563031,V,546,480,-1
1788814659.6124,1563039,V,546,480,-1
1788814659.6124,1563047,V,546,480,-1
1788814659.6606,1563061,V,548,482,17524
1788814659.6606,1563069,V,546,480,-1
1788814659.6606,1563077,V,546,480,-1
1788814659.6606,1563085,V,546,480,-1
1788814659.6606,1563093,V,546,480,-1
1788814659.6606,1563101,V,547,481,-1
1788814659.7096,1563114,V,548,482,17525
1788814659.7097,1563122,V,547,481,-1
1788814659.7097,1563130,V,547,481,-1
1788814659.7098,1563138,V,546,480,-1
1788814659.7098,1563146,V,547,481,-1
1788814659.7098,1563154,V,548,482,-1
1788814659.7579,1563168,V,546,480,17526
1788814659.7579,1563176,V,547,481,-1
1788814659.7579,1563184,V,548,482,-1
1788814659.7579,1563192,V,554,487,-1
1788814659.7579,1563200,V,548,482,-1
1788814659.7579,1563208,V,548,482,-1
1788814659.8064,1563222,V,547,481,17527
1788814659.8064,1563230,V,547,481,-1
1788814659.8064,1563238,V,549,483,-1
1788814659.8064,1563246,V,549,483,-1
1788814659.8064,1563254,V,548,482,-1
1788814659.8064,1563262,V,548,482,-1
1788814659.9042,1563275,V,547,481,17528
1788814659.9042,1563283,V,548,482,-1
1788814659.9042,1563291,V,552,485,-1
1788814659.9042,1563299,V,547,481,-1
1788814659.9042,1563307,V,548,482,-1
1788814659.9042,1563315,V,549,483,-1
1788814659.9056,1563329,V,548,482,17529
1788814659.9056,1563337,V,548,482,-1
1788814659.9056,1563345,V,546,480,-1
1788814659.9056,1563353,V,545,479,-1
1788814659.9056,1563361,V,546,480,-1
1788814659.9056,1563369,V,546,480,-1
1788814659.9532,1563383,V,547,481,17530
1788814659.9534,1563391,V,555,488,-1
1788814659.9534,1563399,V,547,481,-1
1788814659.9534,1563407,V,546,480,-1
1788814659.9534,1563415,V,548,482,-1
1788814659.9534,1563423,V,545,479,-1
1788814660.0023,1563437,V,546,480,17531
1788814660.0023,1563445,V,547,481,-1
1788814660.0023,1563453,V,547,481,-1
1788814660.0023,1563461,V,547,481,-1
1788814660.0023,1563469,V,546,480,-1
1788814660.0024,1563477,V,547,481,-1
1788814660.0511,1563491,V,546,480,17532
1788814660.0511,1563499,V,547,481,-1
1788814660.0511,1563507,V,547,481,-1
1788814660.0511,1563515,V,547,481,-1
1788814660.0511,1563523,V,547,481,-1
1788814660.0512,1563531,V,546,480,-1
1788814660.1486,1563544,V,547,481,17533
1788814660.1486,1563552,V,546,480,-1
1788814660.1486,1563560,V,547,481,-1
1788814660.1486,1563568,V,548,482,-1
1788814660.1486,1563576,V,545,479,-1
1788814660.1486,1563584,V,547,481,-1
1788814660.1965,1563598,V,547,481,17534
1788814660.1966,1563606,V,547,481,-1
1788814660.1966,1563614,V,547,481,-1
1788814660.1966,1563622,V,547,481,-1
1788814660.1966,1563630,V,553,486,-1
1788814660.1966,1563638,V,546,480,-1
1788814660.3429,1563652,V,547,481,17535
1788814660.3429,1563660,V,546,480,-1
1788814660.3429,1563668,V,548,482,-1
1788814660.3429,1563676,V,547,481,-1
1788814660.3430,1563684,V,547,481,-1
1788814660.3430,1563692,V,548,482,-1
1788814660.3439,1563705,V,547,481,17536
1788814660.3440,1563713,V,547,481,-1
1788814660.3440,1563721,V,547,481,-1
1788814660.3440,1563729,V,553,486,-1
1788814660.3440,1563737,V,547,481,-1
1788814660.3440,1563745,V,547,481,-1
1788814660.3443,1563759,V,547,481,17537
1788814660.3443,1563767,V,547,481,-1
1788814660.3443,1563775,V,548,482,-1
1788814660.3443,1563783,V,547,481,-1
1788814660.3443,1563791,V,547,481,-1
1788814660.3443,1563799,V,547,481,-1
1788814660.3912,1563813,V,545,479,17538
1788814660.3912,1563821,V,547,481,-1
1788814660.3912,1563829,V,569,500,-1
1788814660.3912,1563837,V,546,480,-1
1788814660.3912,1563845,V,546,480,-1
1788814660.3912,1563853,V,547,481,-1
1788814660.4400,1563867,V,547,481,17539
1788814660.4402,1563875,V,547,481,-1
1788814660.4402,1563883,V,545,479,-1
1788814660.4402,1563891,V,546,480,-1
1788814660.4402,1563899,V,546,480,-1
1788814660.4402,1563907,V,546,480,-1
1788814660.4893,1563920,V,546,480,17540
1788814660.4894,1563928,V,547,481,-1
1788814660.4894,1563936,V,545,479,-1
1788814660.4894,1563944,V,546,480,-1
1788814660.4894,1563952,V,545,479,-1
1788814660.4894,1563960,V,547,481,-1
1788814660.5373,1563974,V,547,481,17541
1788814660.5373,1563982,V,547,481,-1
1788814660.5373,1563990,V,547,481,-1
1788814660.5373,1563998,V,546,480,-1
1788814660.5375,1564006,V,546,480,-1
1788814660.5375,1564014,V,547,481,-1
1788814660.5863,1564027,V,547,481,17542
1788814660.5863,1564035,V,548,482,-1
1788814660.5863,1564043,V,546,480,-1
1788814660.5863,1564051,V,546,480,-1
1788814660.5863,1564059,V,545,479,-1
1788814660.5863,1564067,V,549,483,-1
1788814660.6840,1564081,V,546,480,17543
1788814660.6841,1564089,V,546,480,-1
1788814660.6841,1564097,V,545,479,-1
1788814660.6841,1564105,V,547,481,-1
1788814660.6841,1564113,V,547,481,-1
1788814660.6841,1564121,V,546,480,-1
1788814660.7323,1564135,V,546,480,17544
1788814660.7324,1564143,V,547,481,-1
1788814660.7324,1564151,V,547,481,-1
1788814660.7324,1564159,V,547,481,-1
1788814660.7324,1564167,V,551,484,-1
1788814660.7324,1564175,V,546,480,-1
1788814660.7811,1564188,V,547,481,17545
1788814660.7811,1564196,V,546,480,-1
1788814660.7811,1564204,V,546,480,-1
1788814660.7811,1564212,V,547,481,-1
1788814660.7811,1564220,V,546,480,-1
1788814660.7811,1564228,V,546,480,-1
1788814660.8295,1564242,V,547,481,17546
1788814660.8295,1564250,V,546,480,-1
1788814660.8296,1564258,V,546,480,-1
1788814660.8296,1564266,V,565,497,-1
1788814660.8296,1564274,V,545,479,-1
1788814660.8296,1564282,V,546,480,-1
1788814660.8785,1564296,V,545,479,17547
1788814660.8785,1564304,V,545,479,-1
1788814660.8785,1564312,V,546,480,-1
1788814660.8785,1564320,V,546,480,-1
1788814660.8785,1564328,V,546,480,-1
1788814660.8785,1564336,V,545,479,-1
1788814660.9278,1564349,V,546,480,17548
1788814660.9279,1564357,V,546,480,-1
1788814660.9279,1564365,V,548,482,-1
1788814660.9279,1564373,V,545,479,-1
1788814660.9279,1564381,V,545,479,-1
1788814660.9279,1564389,V,547,481,-1
1788814660.9767,1564403,V,546,480,17549
1788814660.9767,1564411,V,546,480,-1
1788814660.9767,1564419,V,546,480,-1
1788814660.9767,1564427,V,546,480,-1
1788814660.9768,1564435,V,547,481,-1
1788814660.9768,1564443,V,546,480,-1
1788814661.0252,1564456,V,546,480,17550
1788814661.0253,1564464,V,547,481,-1
1788814661.0253,1564472,V,546,480,-1
1788814661.0253,1564480,V,546,480,-1
1788814661.0253,1564488,V,547,481,-1
1788814661.0253,1564496,V,547,481,-1
1788814661.0741,1564510,V,546,480,17551
1788814661.0741,1564518,V,546,480,-1
1788814661.0741,1564526,V,547,481,-1
1788814661.0741,1564534,V,547,481,-1
1788814661.0741,1564542,V,546,480,-1
1788814661.0741,1564550,V,546,480,-1
1788814661.1225,1564564,V,546,480,17552
1788814661.1225,1564572,V,547,481,-1
1788814661.1225,1564580,V,547,481,-1
1788814661.1226,1564588,V,546,480,-1
1788814661.1226,1564596,V,547,481,-1
1788814661.1226,1564604,V,548,482,-1
1788814661.2202,1564617,V,546,480,17553
1788814661.2204,1564625,V,547,481,-1
1788814661.2204,1564633,V,546,480,-1
1788814661.2204,1564641,V,547,481,-1
1788814661.2204,1564649,V,547,481,-1
1788814661.2204,1564657,V,547,481,-1
1788814661.2691,1564671,V,547,481,17554
1788814661.2691,1564679,V,547,481,-1
1788814661.2692,1564687,V,547,481,-1
1788814661.2692,1564695,V,547,481,-1
1788814661.2692,1564703,V,551,484,-1
1788814661.2692,1564711,V,546,480,-1
1788814661.3176,1564724,V,547,481,17555
1788814661.3177,1564732,V,545,479,-1
1788814661.3177,1564740,V,547,481,-1
1788814661.3177,1564748,V,546,480,-1
1788814661.3177,1564756,V,547,481,-1
1788814661.3177,1564764,V,546,480,-1
1788814661.3663,1564778,V,546,480,17556
1788814661.3663,1564786,V,547,481,-1
1788814661.3663,1564794,V,546,480,-1
1788814661.3663,1564802,V,559,491,-1
1788814661.3664,1564810,V,547,481,-1
1788814661.3664,1564818,V,546,480,-1
1788814661.4645,1564832,V,546,480,17557
1788814661.4646,1564840,V,546,480,-1
1788814661.4646,1564848,V,547,481,-1
1788814661.4646,1564856,V,547,481,-1
1788814661.4646,1564864,V,547,481,-1
1788814661.4646,1564872,V,546,480,-1
1788814661.4658,1564885,V,547,481,17558
1788814661.4658,1564893,V,547,481,-1
1788814661.4658,1564901,V,549,483,-1
1788814661.4658,1564909,V,547,481,-1
1788814661.4658,1564917,V,547,481,-1
1788814661.4658,1564925,V,547,481,-1
1788814661.5126,1564939,V,546,480,17559
1788814661.5126,1564947,V,547,481,-1
1788814661.5126,1564955,V,547,481,-1
1788814661.5126,1564963,V,546,480,-1
1788814661.5126,1564971,V,546,480,-1
1788814661.5126,1564979,V,546,480,-1
1788814661.5615,1564993,V,546,480,17560
1788814661.5615,1565001,V,545,479,-1
1788814661.5615,1565009,V,545,479,-1
1788814661.5615,1565017,V,546,480,-1
1788814661.5615,1565025,V,546,480,-1
1788814661.5615,1565033,V,545,479,-1
1788814661.6103,1565046,V,546,480,17561
1788814661.6103,1565054,V,546,480,-1
1788814661.6103,1565062,V,546,480,-1
1788814661.6103,1565070,V,546,480,-1
1788814661.6103,1565078,V,547,481,-1
1788814661.6103,1565086,V,545,479,-1
1788814661.6589,1565100,V,546,480,17562
1788814661.6589,1565108,V,547,481,-1
1788814661.6590,1565116,V,546,480,-1
1788814661.6590,1565124,V,545,479,-1
1788814661.6590,1565132,V,546,480,-1
1788814661.6590,1565140,V,549,483,-1
1788814661.7574,1565153,V,546,480,17563
1788814661.7576,1565161,V,546,480,-1
1788814661.7576,1565169,V,545,479,-1
1788814661.7576,1565177,V,546,480,-1
1788814661.7576,1565185,V,546,480,-1
1788814661.7576,1565193,V,547,481,-1
1788814661.8057,1565207,V,544,478,17564
1788814661.8057,1565215,V,545,479,-1
1788814661.8057,1565223,V,546,480,-1
1788814661.8057,1565231,V,545,479,-1
1788814661.8057,1565239,V,549,483,-1
1788814661.8057,1565247,V,545,479,-1
1788814661.8539,1565261,V,545,479,17565
1788814661.8539,1565269,V,545,479,-1
1788814661.8539,1565277,V,545,479,-1
1788814661.8539,1565285,V,546,480,-1
1788814661.8539,1565293,V,547,481,-1
1788814661.8539,1565301,V,546,480,-1
1788814661.9025,1565314,V,545,479,17566
1788814661.9025,1565322,V,546,480,-1
1788814661.9025,1565330,V,546,480,-1
1788814661.9026,1565338,V,563,495,-1
1788814661.9026,1565346,V,546,480,-1
1788814661.9026,1565354,V,546,480,-1
1788814661.9513,1565368,V,547,481,17567
1788814661.9513,1565376,V,548,482,-1
1788814661.9513,1565384,V,546,480,-1
1788814661.9513,1565392,V,546,480,-1
1788814661.9513,1565400,V,548,482,-1
1788814661.9513,1565408,V,546,480,-1
1788814662.0001,1565422,V,547,481,17568
1788814662.0003,1565430,V,546,480,-1
1788814662.0003,1565438,V,548,482,-1
1788814662.0003,1565446,V,547,481,-1
1788814662.0003,1565454,V,547,481,-1
1788814662.0003,1565462,V,547,481,-1
1788814662.0490,1565475,V,548,482,17569
1788814662.0490,1565483,V,547,481,-1
1788814662.0491,1565491,V,546,480,-1
1788814662.0491,1565499,V,547,481,-1
1788814662.0491,1565507,V,547,481,-1
1788814662.0491,1565515,V,546,480,-1
1788814662.0978,1565529,V,547,481,17570
1788814662.0978,1565537,V,547,481,-1
1788814662.0978,1565545,V,546,480,-1
1788814662.0978,1565553,V,546,480,-1
1788814662.0979,1565561,V,547,481,-1
1788814662.0979,1565569,V,546,480,-1
1788814662.1463,1565582,V,548,482,17571
1788814662.1464,1565590,V,547,481,-1
1788814662.1464,1565598,V,547,481,-1
1788814662.1464,1565606,V,547,481,-1
1788814662.1464,1565614,V,548,482,-1
1788814662.1464,1565622,V,546,480,-1
1788814662.2441,1565636,V,545,479,17572
1788814662.2442,1565644,V,546,480,-1
1788814662.2443,1565652,V,546,480,-1
1788814662.2443,1565660,V,546,480,-1
1788814662.2443,1565668,V,547,481,-1
1788814662.2443,1565676,V,551,484,-1
1788814662.2939,1565690,V,546,480,17573
1788814662.2939,1565698,V,546,480,-1
1788814662.2939,1565706,V,547,481,-1
1788814662.2939,1565714,V,546,480,-1
1788814662.2940,1565722,V,546,480,-1
1788814662.2940,1565730,V,546,480,-1
1788814662.3898,1565743,V,547,481,17574
1788814662.3898,1565751,V,547,481,-1
1788814662.3898,1565759,V,548,482,-1
1788814662.3898,1565767,V,546,480,-1
1788814662.3898,1565775,V,549,483,-1
1788814662.3898,1565783,V,547,481,-1
1788814662.3915,1565797,V,548,482,17575
1788814662.3915,1565805,V,546,480,-1
1788814662.3915,1565813,V,547,481,-1
1788814662.3915,1565821,V,548,482,-1
1788814662.3915,1565829,V,547,481,-1
1788814662.3915,1565837,V,547,481,-1
1788814662.4408,1565851,V,546,480,17576
1788814662.4408,1565859,V,546,480,-1
1788814662.4408,1565867,V,548,482,-1
1788814662.4408,1565875,V,567,498,-1
1788814662.4408,1565883,V,548,482,-1
1788814662.4408,1565891,V,546,480,-1
1788814662.4874,1565905,V,546,480,17577
1788814662.4875,1565913,V,546,480,-1
1788814662.4875,1565921,V,546,480,-1
1788814662.4876,1565929,V,547,481,-1
1788814662.4876,1565937,V,547,481,-1
1788814662.4876,1565945,V,546,480,-1
1788814662.5364,1565958,V,546,480,17578
1788814662.5365,1565966,V,547,481,-1
1788814662.5365,1565974,V,547,481,-1
1788814662.5365,1565982,V,546,480,-1
1788814662.5365,1565990,V,546,480,-1
1788814662.5365,1565998,V,547,481,-1
1788814662.5856,1566012,V,547,481,17579
1788814662.5856,1566020,V,546,480,-1
1788814662.5856,1566028,V,547,481,-1
1788814662.5857,1566036,V,545,479,-1
1788814662.5857,1566044,V,547,481,-1
1788814662.5857,1566052,V,546,480,-1
1788814662.6336,1566066,V,547,481,17580
1788814662.6336,1566074,V,546,480,-1
1788814662.6336,1566082,V,546,480,-1
1788814662.6336,1566090,V,546,480,-1
1788814662.6336,1566098,V,546,480,-1
1788814662.6336,1566106,V,546,480,-1
1788814662.6835,1566119,V,547,481,17581
1788814662.6835,1566127,V,545,479,-1
1788814662.6835,1566135,V,546,480,-1
1788814662.6835,1566143,V,547,481,-1
1788814662.6835,1566151,V,546,480,-1
1788814662.6835,1566159,V,546,480,-1
1788814662.7321,1566173,V,544,478,17582
1788814662.7323,1566181,V,545,479,-1
1788814662.7323,1566189,V,546,480,-1
1788814662.7323,1566197,V,546,480,-1
1788814662.7323,1566205,V,547,481,-1
1788814662.7323,1566213,V,552,485,-1
1788814662.8293,1566226,V,546,480,17583
1788814662.8293,1566234,V,545,479,-1
1788814662.8293,1566242,V,545,479,-1
1788814662.8293,1566250,V,547,481,-1
1788814662.8293,1566258,V,546,480,-1
1788814662.8294,1566266,V,546,480,-1
1788814662.8779,1566280,V,547,481,17584
1788814662.8780,1566288,V,546,480,-1
1788814662.8780,1566296,V,546,480,-1
1788814662.8780,1566304,V,546,480,-1
1788814662.8780,1566312,V,551,484,-1
1788814662.8780,1566320,V,546,480,-1
1788814662.9262,1566334,V,547,481,17585
1788814662.9262,1566342,V,547,481,-1
1788814662.9262,1566350,V,547,481,-1
1788814662.9262,1566358,V,546,480,-1
1788814662.9262,1566366,V,545,479,-1
1788814662.9262,1566374,V,546,480,-1
1788814662.9753,1566387,V,546,480,17586
1788814662.9754,1566395,V,546,480,-1
1788814662.9754,1566403,V,548,482,-1
1788814662.9754,1566411,V,555,488,-1
1788814662.9754,1566419,V,547,481,-1
1788814662.9755,1566427,V,546,480,-1
1788814663.0242,1566441,V,547,481,17587
1788814663.0242,1566449,V,547,481,-1
1788814663.0242,1566457,V,547,481,-1
1788814663.0242,1566465,V,546,480,-1
1788814663.0242,1566473,V,547,481,-1
1788814663.0242,1566481,V,547,481,-1
1788814663.0726,1566495,V,547,481,17588
1788814663.0727,1566503,V,548,482,-1
1788814663.0727,1566511,V,548,482,-1
1788814663.0727,1566519,V,547,481,-1
1788814663.0727,1566527,V,547,481,-1
1788814663.0727,1566535,V,546,480,-1
1788814663.1213,1566548,V,546,480,17589
1788814663.1213,1566556,V,546,480,-1
1788814663.1213,1566564,V,546,480,-1
1788814663.1213,1566572,V,547,481,-1
1788814663.1213,1566580,V,546,480,-1
1788814663.1213,1566588,V,546,480,-1
1788814663.1700,1566602,V,546,480,17590
1788814663.1700,1566610,V,546,480,-1
1788814663.1700,1566618,V,547,481,-1
1788814663.1700,1566626,V,546,480,-1
1788814663.1701,1566634,V,546,480,-1
1788814663.1701,1566642,V,546,480,-1
1788814663.2190,1566656,V,550,483,17591
1788814663.2191,1566664,V,546,480,-1
1788814663.2191,1566672,V,546,480,-1
1788814663.2191,1566680,V,546,480,-1
1788814663.2191,1566688,V,546,480,-1
1788814663.2191,1566696,V,548,482,-1
1788814663.2677,1566709,V,547,481,17592
1788814663.2677,1566717,V,547,481,-1
1788814663.2677,1566725,V,547,481,-1
1788814663.2677,1566733,V,546,480,-1
1788814663.2677,1566741,V,548,482,-1
1788814663.2678,1566749,V,552,485,-1
1788814663.3654,1566763,V,546,480,17593
1788814663.3654,1566771,V,548,482,-1
1788814663.3654,1566779,V,547,481,-1
1788814663.3654,1566787,V,546,480,-1
1788814663.3655,1566795,V,547,481,-1
1788814663.3655,1566803,V,547,481,-1
1788814663.4138,1566817,V,546,480,17594
1788814663.4138,1566825,V,546,480,-1
1788814663.4138,1566833,V,546,480,-1
1788814663.4138,1566841,V,547,481,-1
1788814663.4138,1566849,V,563,495,-1
1788814663.4138,1566857,V,547,481,-1
1788814663.4646,1566870,V,547,481,17595
1788814663.4647,1566878,V,547,481,-1
1788814663.4647,1566886,V,547,481,-1
1788814663.4647,1566894,V,548,482,-1
1788814663.4647,1566902,V,547,481,-1
1788814663.4647,1566910,V,547,481,-1
1788814663.5117,1566924,V,547,481,17596
1788814663.5117,1566932,V,547,481,-1
1788814663.5117,1566940,V,546,480,-1
1788814663.5117,1566948,V,547,481,-1
1788814663.5117,1566956,V,546,480,-1
1788814663.5117,1566964,V,546,480,-1
1788814663.5600,1566978,V,546,480,17597
1788814663.5600,1566986,V,546,480,-1
1788814663.5601,1566994,V,545,479,-1
1788814663.5601,1567002,V,545,479,-1
1788814663.5601,1567010,V,545,479,-1
1788814663.5601,1567018,V,546,480,-1
1788814663.6088,1567031,V,545,479,17598
1788814663.6088,1567039,V,545,479,-1
1788814663.6088,1567047,V,545,479,-1
1788814663.6088,1567055,V,545,479,-1
1788814663.6088,1567063,V,546,480,-1
1788814663.6088,1567071,V,548,482,-1
1788814663.6580,1567085,V,546,480,17599
1788814663.6580,1567093,V,546,480,-1
1788814663.6580,1567101,V,546,480,-1
1788814663.6580,1567109,V,545,479,-1
1788814663.6581,1567117,V,545,479,-1
1788814663.6581,1567125,V,545,479,-1
1788814663.7063,1567139,V,546,480,17600
1788814663.7064,1567147,V,547,481,-1
1788814663.7064,1567155,V,546,480,-1
1788814663.7064,1567163,V,545,479,-1
1788814663.7064,1567171,V,546,480,-1
1788814663.7064,1567179,V,546,480,-1
1788814663.7556,1567192,V,552,485,17601
1788814663.7556,1567200,V,546,480,-1
1788814663.7557,1567208,V,546,480,-1
1788814663.7557,1567216,V,546,480,-1
1788814663.7557,1567224,V,547,481,-1
1788814663.7557,1567232,V,547,481,-1
1788814663.8523,1567246,V,547,481,17602
1788814663.8524,1567254,V,546,480,-1
1788814663.8524,1567262,V,546,480,-1
1788814663.8524,1567270,V,547,481,-1
1788814663.8524,1567278,V,546,480,-1
1788814663.8524,1567286,V,549,483,-1
1788814663.9014,1567300,V,547,481,17603
1788814663.9014,1567308,V,547,481,-1
1788814663.9014,1567316,V,547,481,-1
1788814663.9014,1567324,V,547,481,-1
1788814663.9014,1567332,V,547,481,-1
1788814663.9014,1567340,V,547,481,-1
1788814663.9500,1567354,V,547,481,17604
1788814663.9502,1567362,V,547,481,-1
1788814663.9502,1567370,V,548,482,-1
1788814663.9502,1567378,V,548,482,-1
1788814663.9502,1567386,V,555,488,-1
1788814663.9502,1567394,V,548,482,-1
1788814664.0003,1567407,V,547,481,17605
1788814664.0003,1567415,V,547,481,-1
1788814664.0004,1567423,V,546,480,-1
1788814664.0004,1567431,V,547,481,-1
1788814664.0004,1567439,V,547,481,-1
1788814664.0004,1567447,V,548,482,-1
1788814664.0476,1567461,V,546,480,17606
1788814664.0476,1567469,V,547,481,-1
1788814664.0476,1567477,V,546,480,-1
1788814664.0477,1567485,V,546,480,-1
1788814664.0477,1567493,V,547,481,-1
1788814664.0477,1567501,V,546,480,-1
1788814664.0965,1567514,V,546,480,17607
1788814664.0965,1567522,V,546,480,-1
1788814664.0965,1567530,V,545,479,-1
1788814664.0965,1567538,V,546,480,-1
1788814664.0965,1567546,V,545,479,-1
1788814664.0965,1567554,V,546,480,-1
1788814664.1457,1567568,V,546,480,17608
1788814664.1457,1567576,V,546,480,-1
1788814664.1458,1567584,V,546,480,-1
1788814664.1458,1567592,V,545,479,-1
1788814664.1458,1567600,V,546,480,-1
1788814664.1459,1567608,V,546,480,-1
1788814664.1948,1567622,V,546,480,17609
1788814664.1949,1567630,V,552,485,-1
1788814664.1949,1567638,V,546,480,-1
1788814664.1949,1567646,V,546,480,-1
1788814664.1949,1567654,V,546,480,-1
1788814664.1949,1567662,V,546,480,-1
1788814664.2429,1567675,V,546,480,17610
1788814664.2430,1567683,V,547,481,-1
1788814664.2430,1567691,V,547,481,-1
1788814664.2430,1567699,V,547,481,-1
1788814664.2430,1567707,V,546,480,-1
1788814664.2430,1567715,V,547,481,-1
1788814664.2923,1567729,V,549,483,17611
1788814664.2924,1567737,V,547,481,-1
1788814664.2924,1567745,V,547,481,-1
1788814664.2924,1567753,V,546,480,-1
1788814664.2924,1567761,V,547,481,-1
1788814664.2924,1567769,V,547,481,-1
1788814664.3897,1567783,V,547,481,17612
1788814664.3898,1567791,V,547,481,-1
1788814664.3898,1567799,V,547,481,-1
1788814664.3898,1567807,V,546,480,-1
1788814664.3898,1567815,V,546,480,-1
1788814664.3898,1567823,V,560,492,-1
1788814664.4865,1567836,V,546,480,17613
1788814664.4866,1567844,V,547,481,-1
1788814664.4866,1567852,V,546,480,-1
1788814664.4866,1567860,V,547,481,-1
1788814664.4866,1567868,V,546,480,-1
1788814664.4867,1567876,V,547,481,-1
1788814664.4875,1567890,V,547,481,17614
1788814664.4875,1567898,V,548,482,-1
1788814664.4875,1567906,V,546,480,-1
1788814664.4875,1567914,V,545,479,-1
1788814664.4875,1567922,V,546,480,-1
1788814664.4876,1567930,V,546,480,-1
1788814664.5365,1567944,V,546,480,17615
1788814664.5365,1567952,V,545,479,-1
1788814664.5365,1567960,V,545,479,-1
1788814664.5365,1567968,V,546,480,-1
1788814664.5365,1567976,V,546,480,-1
1788814664.5365,1567984,V,545,479,-1
1788814664.5843,1567997,V,545,479,17616
1788814664.5844,1568005,V,545,479,-1
1788814664.5844,1568013,V,546,480,-1
1788814664.5844,1568021,V,546,480,-1
1788814664.5844,1568029,V,544,478,-1
1788814664.5844,1568037,V,547,481,-1
1788814664.6330,1568051,V,548,482,17617
1788814664.6331,1568059,V,548,482,-1
1788814664.6331,1568067,V,546,480,-1
1788814664.6331,1568075,V,546,480,-1
1788814664.6331,1568083,V,546,480,-1
1788814664.6331,1568091,V,547,481,-1
1788814664.6818,1568105,V,547,481,17618
1788814664.6818,1568113,V,545,479,-1
1788814664.6818,1568121,V,547,481,-1
1788814664.6818,1568129,V,547,481,-1
1788814664.6818,1568137,V,547,481,-1
1788814664.6818,1568145,V,547,481,-1
1788814664.7325,1568158,V,547,481,17619
1788814664.7329,1568166,V,553,486,-1
1788814664.7332,1568174,V,547,481,-1
1788814664.7332,1568182,V,546,480,-1
1788814664.7332,1568190,V,547,481,-1
1788814664.7332,1568198,V,547,481,-1
1788814664.7797,1568212,V,548,482,17620
1788814664.7798,1568220,V,549,483,-1
1788814664.7798,1568228,V,548,482,-1
1788814664.7798,1568236,V,547,481,-1
1788814664.7798,1568244,V,548,482,-1
1788814664.7798,1568252,V,548,482,-1
1788814664.8773,1568265,V,551,484,17621
1788814664.8773,1568273,V,547,481,-1
1788814664.8773,1568281,V,547,481,-1
1788814664.8773,1568289,V,548,482,-1
1788814664.8773,1568297,V,547,481,-1
1788814664.8773,1568305,V,548,482,-1
1788814664.9253,1568319,V,547,481,17622
1788814664.9254,1568327,V,548,482,-1
1788814664.9254,1568335,V,547,481,-1
1788814664.9254,1568343,V,547,481,-1
1788814664.9254,1568351,V,548,482,-1
1788814664.9254,1568359,V,566,497,-1
1788814664.9738,1568373,V,546,480,17623
1788814664.9740,1568381,V,546,480,-1
1788814664.9740,1568389,V,545,479,-1
1788814664.9740,1568397,V,546,480,-1
1788814664.9740,1568405,V,547,481,-1
1788814664.9740,1568413,V,547,481,-1
1788814665.0228,1568426,V,547,481,17624
1788814665.0229,1568434,V,547,481,-1
1788814665.0229,1568442,V,546,480,-1
1788814665.0229,1568450,V,547,481,-1
1788814665.0229,1568458,V,547,481,-1
1788814665.0229,1568466,V,546,480,-1
1788814665.0723,1568480,V,546,480,17625
1788814665.0723,1568488,V,546,480,-1
1788814665.0723,1568496,V,546,480,-1
1788814665.0723,1568504,V,546,480,-1
1788814665.0723,1568512,V,548,482,-1
1788814665.0723,1568520,V,547,481,-1
1788814665.1201,1568534,V,547,481,17626
1788814665.1201,1568542,V,546,480,-1
1788814665.1201,1568550,V,546,480,-1
1788814665.1201,1568558,V,546,480,-1
1788814665.1201,1568566,V,547,481,-1
1788814665.1201,1568574,V,546,480,-1
1788814665.1698,1568587,V,548,482,17627
1788814665.1698,1568595,V,546,480,-1
1788814665.1698,1568603,V,547,481,-1
1788814665.1698,1568611,V,547,481,-1
1788814665.1698,1568619,V,547,481,-1
1788814665.1698,1568627,V,546,480,-1
1788814665.2185,1568641,V,547,481,17628
1788814665.2187,1568649,V,547,481,-1
1788814665.2187,1568657,V,547,481,-1
1788814665.2187,1568665,V,546,480,-1
1788814665.2187,1568673,V,546,480,-1
1788814665.2187,1568681,V,546,480,-1
1788814665.2675,1568695,V,546,480,17629
1788814665.2675,1568703,V,552,485,-1
1788814665.2675,1568711,V,546,480,-1
1788814665.2675,1568719,V,546,480,-1
1788814665.2676,1568727,V,547,481,-1
1788814665.2676,1568735,V,547,481,-1
1788814665.3161,1568748,V,546,480,17630
1788814665.3161,1568756,V,546,480,-1
1788814665.3161,1568764,V,547,481,-1
1788814665.3161,1568772,V,547,481,-1
1788814665.3161,1568780,V,547,481,-1
1788814665.3162,1568788,V,547,481,-1
1788814665.3647,1568802,V,550,483,17631
1788814665.3647,1568810,V,547,481,-1
1788814665.3647,1568818,V,545,479,-1
1788814665.3647,1568826,V,546,480,-1
1788814665.3647,1568834,V,547,481,-1
1788814665.3647,1568842,V,546,480,-1
1788814665.4648,1568855,V,546,480,17632
1788814665.4649,1568863,V,546,480,-1
1788814665.4649,1568871,V,546,480,-1
1788814665.4649,1568879,V,546,480,-1
1788814665.4649,1568887,V,547,481,-1
1788814665.4649,1568895,V,564,496,-1
1788814665.5106,1568909,V,546,480,17633
1788814665.5106,1568917,V,546,480,-1
1788814665.5106,1568925,V,546,480,-1
1788814665.5106,1568933,V,547,481,-1
1788814665.5106,1568941,V,546,480,-1
1788814665.5106,1568949,V,546,480,-1
1788814665.5589,1568963,V,547,481,17634
1788814665.5590,1568971,V,546,480,-1
1788814665.5590,1568979,V,547,481,-1
1788814665.5590,1568987,V,547,481,-1
1788814665.5590,1568995,V,548,482,-1
1788814665.5590,1569003,V,547,481,-1
1788814665.6077,1569016,V,548,482,17635
1788814665.6077,1569024,V,547,481,-1
1788814665.6077,1569032,V,547,481,-1
1788814665.6078,1569040,V,547,481,-1
1788814665.6078,1569048,V,547,481,-1
1788814665.6078,1569056,V,547,481,-1
1788814665.6561,1569070,V,546,480,17636
1788814665.6561,1569078,V,547,481,-1
1788814665.6561,1569086,V,547,481,-1
1788814665.6561,1569094,V,546,480,-1
1788814665.6561,1569102,V,546,480,-1
1788814665.6561,1569110,V,546,480,-1
1788814665.7050,1569124,V,547,481,17637
1788814665.7051,1569132,V,547,481,-1
1788814665.7051,1569140,V,547,481,-1
1788814665.7051,1569148,V,547,481,-1
1788814665.7051,1569156,V,547,481,-1
1788814665.7051,1569164,V,546,480,-1
1788814665.7537,1569177,V,548,482,17638
1788814665.7537,1569185,V,547,481,-1
1788814665.7537,1569193,V,546,480,-1
1788814665.7537,1569201,V,547,481,-1
1788814665.7537,1569209,V,547,481,-1
1788814665.7537,1569217,V,547,481,-1
1788814665.8025,1569231,V,547,481,17639
1788814665.8025,1569239,V,554,487,-1
1788814665.8025,1569247,V,548,482,-1
1788814665.8025,1569255,V,547,481,-1
1788814665.8025,1569263,V,548,482,-1
1788814665.8025,1569271,V,547,481,-1
1788814665.8511,1569284,V,547,481,17640
1788814665.8511,1569292,V,546,480,-1
1788814665.8511,1569300,V,547,481,-1
1788814665.8511,1569308,V,546,480,-1
1788814665.8511,1569316,V,546,480,-1
1788814665.8511,1569324,V,547,481,-1
1788814665.9000,1569338,V,549,483,17641
1788814665.9000,1569346,V,545,479,-1
1788814665.9000,1569354,V,546,480,-1
1788814665.9000,1569362,V,546,480,-1
1788814665.9001,1569370,V,546,480,-1
1788814665.9001,1569378,V,545,479,-1
1788814665.9979,1569392,V,547,481,17642
1788814665.9981,1569400,V,546,480,-1
1788814665.9981,1569408,V,546,480,-1
1788814665.9981,1569416,V,546,480,-1
1788814665.9981,1569424,V,547,481,-1
1788814665.9981,1569432,V,549,483,-1
1788814666.0468,1569446,V,548,482,17643
1788814666.0469,1569454,V,548,482,-1
1788814666.0470,1569462,V,548,482,-1
1788814666.0470,1569470,V,546,480,-1
1788814666.0470,1569478,V,546,480,-1
1788814666.0470,1569486,V,547,481,-1
1788814666.0953,1569500,V,546,480,17644
1788814666.0953,1569508,V,546,480,-1
1788814666.0953,1569516,V,546,480,-1
1788814666.0953,1569524,V,546,480,-1
1788814666.0953,1569532,V,546,480,-1
1788814666.0954,1569540,V,547,481,-1
1788814666.1439,1569553,V,546,480,17645
1788814666.1439,1569561,V,545,479,-1
1788814666.1440,1569569,V,545,479,-1
1788814666.1440,1569577,V,545,479,-1
1788814666.1440,1569585,V,546,480,-1
1788814666.1440,1569593,V,546,480,-1
1788814666.1930,1569607,V,546,480,17646
1788814666.1931,1569615,V,546,480,-1
1788814666.1931,1569623,V,546,480,-1
1788814666.1932,1569631,V,547,481,-1
1788814666.1932,1569639,V,547,481,-1
1788814666.1932,1569647,V,546,480,-1
1788814666.2413,1569660,V,547,481,17647
1788814666.2415,1569668,V,547,481,-1
1788814666.2415,1569676,V,554,487,-1
1788814666.2415,1569684,V,546,480,-1
1788814666.2415,1569692,V,547,481,-1
1788814666.2415,1569700,V,547,481,-1
1788814666.2903,1569714,V,547,481,17648
1788814666.2904,1569722,V,547,481,-1
1788814666.2904,1569730,V,546,480,-1
1788814666.2904,1569738,V,545,479,-1
1788814666.2904,1569746,V,545,479,-1
1788814666.2904,1569754,V,545,479,-1
1788814666.3390,1569768,V,546,480,17649
1788814666.3391,1569776,V,548,482,-1
1788814666.3391,1569784,V,544,478,-1
1788814666.3391,1569792,V,545,479,-1
1788814666.3391,1569800,V,546,480,-1
1788814666.3391,1569808,V,545,479,-1
1788814666.3878,1569821,V,546,480,17650
1788814666.3878,1569829,V,545,479,-1
1788814666.3878,1569837,V,546,480,-1
1788814666.3878,1569845,V,546,480,-1
1788814666.3878,1569853,V,546,480,-1
1788814666.3878,1569861,V,546,480,-1
1788814666.4364,1569875,V,565,497,17651
1788814666.4364,1569883,V,547,481,-1
1788814666.4365,1569891,V,547,481,-1
1788814666.4365,1569899,V,546,480,-1
1788814666.4365,1569907,V,546,480,-1
1788814666.4365,1569915,V,547,481,-1
1788814666.5829,1569929,V,546,480,17652
1788814666.5830,1569937,V,546,480,-1
1788814666.5830,1569945,V,547,481,-1
1788814666.5830,1569953,V,545,479,-1
1788814666.5830,1569961,V,547,481,-1
1788814666.5830,1569969,V,548,482,-1
1788814666.5846,1569982,V,547,481,17653
1788814666.5846,1569990,V,547,481,-1
1788814666.5846,1569998,V,547,481,-1
1788814666.5846,1570006,V,546,480,-1
1788814666.5846,1570014,V,546,480,-1
1788814666.5846,1570022,V,546,480,-1
1788814666.6318,1570036,V,548,482,17654
1788814666.6318,1570044,V,548,482,-1
1788814666.6318,1570052,V,547,481,-1
1788814666.6319,1570060,V,547,481,-1
1788814666.6319,1570068,V,547,481,-1
1788814666.6319,1570076,V,547,481,-1
1788814666.6803,1570089,V,547,481,17655
1788814666.6804,1570097,V,547,481,-1
1788814666.6804,1570105,V,547,481,-1
1788814666.6804,1570113,V,547,481,-1
1788814666.6804,1570121,V,547,481,-1
1788814666.6804,1570129,V,547,481,-1
1788814666.7288,1570143,V,547,481,17656
1788814666.7288,1570151,V,547,481,-1
1788814666.7288,1570159,V,546,480,-1
1788814666.7288,1570167,V,546,480,-1
1788814666.7288,1570175,V,548,482,-1
1788814666.7288,1570183,V,546,480,-1
1788814666.7776,1570197,V,545,479,17657
1788814666.7777,1570205,V,546,480,-1
1788814666.7777,1570213,V,550,483,-1
1788814666.7777,1570221,V,546,480,-1
1788814666.7777,1570229,V,547,481,-1
1788814666.7777,1570237,V,546,480,-1
1788814666.8264,1570250,V,546,480,17658
1788814666.8266,1570258,V,546,480,-1
1788814666.8266,1570266,V,545,479,-1
1788814666.8266,1570274,V,546,480,-1
1788814666.8266,1570282,V,545,479,-1
1788814666.8266,1570290,V,547,481,-1
1788814666.8755,1570304,V,547,481,17659
1788814666.8756,1570312,V,548,482,-1
1788814666.8756,1570320,V,546,480,-1
1788814666.8756,1570328,V,546,480,-1
1788814666.8756,1570336,V,547,481,-1
1788814666.8756,1570344,V,547,481,-1
1788814666.9727,1570357,V,547,481,17660
1788814666.9728,1570365,V,547,481,-1
1788814666.9728,1570373,V,546,480,-1
1788814666.9728,1570381,V,547,481,-1
1788814666.9728,1570389,V,546,480,-1
1788814666.9728,1570397,V,546,480,-1
1788814666.9740,1570411,V,558,490,17661
1788814666.9740,1570419,V,546,480,-1
1788814666.9740,1570427,V,545,479,-1
1788814666.9740,1570435,V,545,479,-1
1788814666.9740,1570443,V,546,480,-1
1788814666.9740,1570451,V,546,480,-1
1788814667.0701,1570465,V,545,479,17662
1788814667.0703,1570473,V,547,481,-1
1788814667.0703,1570481,V,546,480,-1
1788814667.0703,1570489,V,546,480,-1
1788814667.0703,1570497,V,548,482,-1
1788814667.0703,1570505,V,548,482,-1
1788814667.1208,1570518,V,547,481,17663
1788814667.1208,1570526,V,547,481,-1
1788814667.1208,1570534,V,546,480,-1
1788814667.1208,1570542,V,546,480,-1
1788814667.1208,1570550,V,546,480,-1
1788814667.1208,1570558,V,546,480,-1
1788814667.1676,1570572,V,546,480,17664
1788814667.1676,1570580,V,546,480,-1
1788814667.1676,1570588,V,547,481,-1
1788814667.1676,1570596,V,546,480,-1
1788814667.1676,1570604,V,546,480,-1
1788814667.1676,1570612,V,547,481,-1
1788814667.2164,1570626,V,546,480,17665
1788814667.2164,1570634,V,547,481,-1
1788814667.2164,1570642,V,546,480,-1
1788814667.2164,1570650,V,545,479,-1
1788814667.2164,1570658,V,546,480,-1
1788814667.2164,1570666,V,544,478,-1
1788814667.2651,1570679,V,546,480,17666
1788814667.2651,1570687,V,546,480,-1
1788814667.2652,1570695,V,546,480,-1
1788814667.2652,1570703,V,547,481,-1
1788814667.2652,1570711,V,545,479,-1
1788814667.2652,1570719,V,546,480,-1
1788814667.3140,1570733,V,545,479,17667
1788814667.3142,1570741,V,546,480,-1
1788814667.3142,1570749,V,552,485,-1
1788814667.3142,1570757,V,546,480,-1
1788814667.3142,1570765,V,545,479,-1
1788814667.3142,1570773,V,547,481,-1
1788814667.3630,1570786,V,546,480,17668
1788814667.3630,1570794,V,547,481,-1
1788814667.3630,1570802,V,545,479,-1
1788814667.3630,1570810,V,546,480,-1
1788814667.3630,1570818,V,546,480,-1
1788814667.3631,1570826,V,546,480,-1
1788814667.4603,1570840,V,546,480,17669
1788814667.4603,1570848,V,547,481,-1
1788814667.4603,1570856,V,547,481,-1
1788814667.4603,1570864,V,545,479,-1
1788814667.4604,1570872,V,547,481,-1
1788814667.4604,1570880,V,546,480,-1
1788814667.4619,1570894,V,546,480,17670
1788814667.4619,1570902,V,546,480,-1
1788814667.4619,1570910,V,546,480,-1
1788814667.4619,1570918,V,546,480,-1
1788814667.4619,1570926,V,546,480,-1
1788814667.4620,1570934,V,546,480,-1
1788814667.5101,1570947,V,567,498,17671
1788814667.5101,1570955,V,547,481,-1
1788814667.5101,1570963,V,547,481,-1
1788814667.5101,1570971,V,546,480,-1
1788814667.5101,1570979,V,547,481,-1
1788814667.5101,1570987,V,548,482,-1
1788814667.6065,1571001,V,546,480,17672
1788814667.6066,1571009,V,546,480,-1
1788814667.6066,1571017,V,547,481,-1
1788814667.6067,1571025,V,547,481,-1
1788814667.6067,1571033,V,547,481,-1
1788814667.6067,1571041,V,547,481,-1
1788814667.6557,1571055,V,547,481,17673
1788814667.6557,1571063,V,547,481,-1
1788814667.6558,1571071,V,547,481,-1
1788814667.6558,1571079,V,548,482,-1
1788814667.6558,1571087,V,547,481,-1
1788814667.6558,1571095,V,547,481,-1
1788814667.7041,1571108,V,546,480,17674
1788814667.7041,1571116,V,546,480,-1
1788814667.7041,1571124,V,546,480,-1
1788814667.7041,1571132,V,546,480,-1
1788814667.7041,1571140,V,546,480,-1
1788814667.7041,1571148,V,546,480,-1
1788814667.7534,1571162,V,546,480,17675
1788814667.7534,1571170,V,546,480,-1
1788814667.7534,1571178,V,547,481,-1
1788814667.7534,1571186,V,545,479,-1
1788814667.7534,1571194,V,546,480,-1
1788814667.7534,1571202,V,547,481,-1
1788814667.8013,1571216,V,546,480,17676
1788814667.8013,1571224,V,546,480,-1
1788814667.8013,1571232,V,546,480,-1
1788814667.8013,1571240,V,545,479,-1
1788814667.8013,1571248,V,547,481,-1
1788814667.8013,1571256,V,547,481,-1
1788814667.8501,1571269,V,547,481,17677
1788814667.8503,1571277,V,546,480,-1
1788814667.8503,1571285,V,553,486,-1
1788814667.8503,1571293,V,547,481,-1
1788814667.8503,1571301,V,547,481,-1
1788814667.8503,1571309,V,546,480,-1
1788814667.8993,1571323,V,546,480,17678
1788814667.8993,1571331,V,546,480,-1
1788814667.8993,1571339,V,546,480,-1
1788814667.8994,1571347,V,546,480,-1
1788814667.8994,1571355,V,545,479,-1
1788814667.8994,1571363,V,546,480,-1
1788814667.9476,1571377,V,546,480,17679
1788814667.9476,1571385,V,548,482,-1
1788814667.9476,1571393,V,546,480,-1
1788814667.9476,1571401,V,546,480,-1
1788814667.9476,1571409,V,546,480,-1
1788814667.9477,1571417,V,545,479,-1
1788814667.9966,1571430,V,545,479,17680
1788814667.9966,1571438,V,545,479,-1
1788814667.9966,1571446,V,546,480,-1
1788814667.9966,1571454,V,546,480,-1
1788814667.9966,1571462,V,545,479,-1
1788814667.9966,1571470,V,545,479,-1
1788814668.0449,1571484,V,565,497,17681
1788814668.0449,1571492,V,547,481,-1
1788814668.0449,1571500,V,547,481,-1
1788814668.0449,1571508,V,547,481,-1
1788814668.0449,1571516,V,546,480,-1
1788814668.0449,1571524,V,546,480,-1
1788814668.1430,1571537,V,545,479,17682
1788814668.1432,1571545,V,546,480,-1
1788814668.1432,1571553,V,546,480,-1
1788814668.1432,1571561,V,546,480,-1
1788814668.1432,1571569,V,545,479,-1
1788814668.1432,1571577,V,547,481,-1
1788814668.1919,1571591,V,545,479,17683
1788814668.1919,1571599,V,546,480,-1
1788814668.1919,1571607,V,546,480,-1
1788814668.1919,1571615,V,546,480,-1
1788814668.1919,1571623,V,546,480,-1
1788814668.1920,1571631,V,546,480,-1
1788814668.2404,1571645,V,546,480,17684
1788814668.2404,1571653,V,546,480,-1
1788814668.2404,1571661,V,545,479,-1
1788814668.2404,1571669,V,546,480,-1
1788814668.2404,1571677,V,546,480,-1
1788814668.2404,1571685,V,546,480,-1
1788814668.2891,1571698,V,547,481,17685
1788814668.2891,1571706,V,547,481,-1
1788814668.2891,1571714,V,546,480,-1
1788814668.2891,1571722,V,546,480,-1
1788814668.2891,1571730,V,548,482,-1
1788814668.2891,1571738,V,546,480,-1
1788814668.3382,1571752,V,546,480,17686
1788814668.3383,1571760,V,546,480,-1
1788814668.3383,1571768,V,545,479,-1
1788814668.3383,1571776,V,546,480,-1
1788814668.3383,1571784,V,547,481,-1
1788814668.3383,1571792,V,547,481,-1
1788814668.3873,1571805,V,547,481,17687
1788814668.3874,1571813,V,546,480,-1
1788814668.3875,1571821,V,553,486,-1
1788814668.3875,1571829,V,547,481,-1
1788814668.3875,1571837,V,546,480,-1
1788814668.3875,1571845,V,546,480,-1
1788814668.4364,1571859,V,547,481,17688
1788814668.4364,1571867,V,548,482,-1
1788814668.4365,1571875,V,548,482,-1
1788814668.4365,1571883,V,548,482,-1
1788814668.4365,1571891,V,547,481,-1
1788814668.4365,1571899,V,547,481,-1
1788814668.4850,1571913,V,547,481,17689
1788814668.4851,1571921,V,548,482,-1
1788814668.4851,1571929,V,547,481,-1
1788814668.4851,1571937,V,547,481,-1
1788814668.4851,1571945,V,547,481,-1
1788814668.4851,1571953,V,547,481,-1
1788814668.5353,1571966,V,547,481,17690
1788814668.5353,1571974,V,547,481,-1
1788814668.5353,1571982,V,547,481,-1
1788814668.5353,1571990,V,547,481,-1
1788814668.5353,1571998,V,548,482,-1
1788814668.5354,1572006,V,547,481,-1
1788814668.6791,1572020,V,555,488,17691
1788814668.6793,1572028,V,547,481,-1
1788814668.6793,1572036,V,547,481,-1
1788814668.6793,1572044,V,547,481,-1
1788814668.6793,1572052,V,547,481,-1
1788814668.6793,1572060,V,547,481,-1
1788814668.6810,1572074,V,547,481,17692
1788814668.6810,1572082,V,547,481,-1
1788814668.6810,1572090,V,546,480,-1
1788814668.6810,1572098,V,547,481,-1
1788814668.6810,1572106,V,545,479,-1
1788814668.6812,1572114,V,547,481,-1
1788814668.7280,1572128,V,546,480,17693
1788814668.7280,1572136,V,546,480,-1
1788814668.7280,1572144,V,546,480,-1
1788814668.7280,1572152,V,546,480,-1
1788814668.7280,1572160,V,547,481,-1
1788814668.7280,1572168,V,547,481,-1
1788814668.7765,1572181,V,547,481,17694
1788814668.7765,1572189,V,546,480,-1
1788814668.7765,1572197,V,547,481,-1
1788814668.7765,1572205,V,547,481,-1
1788814668.7765,1572213,V,547,481,-1
1788814668.7766,1572221,V,546,480,-1
1788814668.8251,1572235,V,547,481,17695
1788814668.8251,1572243,V,546,480,-1
1788814668.8252,1572251,V,546,480,-1
1788814668.8252,1572259,V,546,480,-1
1788814668.8252,1572267,V,546,480,-1
1788814668.8252,1572275,V,546,480,-1
1788814668.8739,1572288,V,545,479,17696
1788814668.8739,1572296,V,545,479,-1
1788814668.8739,1572304,V,546,480,-1
1788814668.8740,1572312,V,546,480,-1
1788814668.8740,1572320,V,547,481,-1
1788814668.8740,1572328,V,545,479,-1
1788814668.9225,1572342,V,546,480,17697
1788814668.9226,1572350,V,546,480,-1
1788814668.9226,1572358,V,552,485,-1
1788814668.9227,1572366,V,546,480,-1
1788814668.9227,1572374,V,547,481,-1
1788814668.9227,1572382,V,546,480,-1
1788814668.9726,1572396,V,546,480,17698
1788814668.9727,1572404,V,546,480,-1
1788814668.9727,1572412,V,546,480,-1
1788814668.9727,1572420,V,547,481,-1
1788814668.9727,1572428,V,546,480,-1
1788814668.9727,1572436,V,547,481,-1
1788814669.0202,1572449,V,547,481,17699
1788814669.0203,1572457,V,553,486,-1
1788814669.0203,1572465,V,546,480,-1
1788814669.0203,1572473,V,547,481,-1
1788814669.0203,1572481,V,546,480,-1
1788814669.0203,1572489,V,546,480,-1
1788814669.1179,1572503,V,545,479,17700
1788814669.1179,1572511,V,545,479,-1
1788814669.1179,1572519,V,546,480,-1
1788814669.1179,1572527,V,545,479,-1
1788814669.1179,1572535,V,546,480,-1
1788814669.1179,1572543,V,545,479,-1
1788814669.1189,1572557,V,545,479,17701
1788814669.1189,1572565,V,545,479,-1
1788814669.1189,1572573,V,547,481,-1
1788814669.1189,1572581,V,546,480,-1
1788814669.1189,1572589,V,545,479,-1
1788814669.1189,1572597,V,546,480,-1
1788814669.2156,1572610,V,546,480,17702
1788814669.2157,1572618,V,545,479,-1
1788814669.2157,1572626,V,546,480,-1
1788814669.2157,1572634,V,546,480,-1
1788814669.2158,1572642,V,547,481,-1
1788814669.2158,1572650,V,546,480,-1
1788814669.2644,1572664,V,546,480,17703
1788814669.2644,1572672,V,546,480,-1
1788814669.2645,1572680,V,547,481,-1
1788814669.2645,1572688,V,547,481,-1
1788814669.2645,1572696,V,546,480,-1
1788814669.2645,1572704,V,547,481,-1
1788814669.3128,1572718,V,547,481,17704
1788814669.3128,1572726,V,547,481,-1
1788814669.3129,1572734,V,546,480,-1
1788814669.3129,1572742,V,546,480,-1
1788814669.3129,1572750,V,547,481,-1
1788814669.3129,1572758,V,547,481,-1
1788814669.3614,1572771,V,546,480,17705
1788814669.3614,1572779,V,547,481,-1
1788814669.3614,1572787,V,546,480,-1
1788814669.3614,1572795,V,549,483,-1
1788814669.3614,1572803,V,548,482,-1
1788814669.3615,1572811,V,548,482,-1
1788814669.4099,1572825,V,547,481,17706
1788814669.4099,1572833,V,548,482,-1
1788814669.4099,1572841,V,548,482,-1
1788814669.4099,1572849,V,549,483,-1
1788814669.4099,1572857,V,547,481,-1
1788814669.4100,1572865,V,548,482,-1
1788814669.4589,1572878,V,548,482,17707
1788814669.4590,1572886,V,548,482,-1
1788814669.4590,1572894,V,549,483,-1
1788814669.4591,1572902,V,548,482,-1
1788814669.4591,1572910,V,547,481,-1
1788814669.4591,1572918,V,547,481,-1
1788814669.5089,1572932,V,547,481,17708
1788814669.5089,1572940,V,547,481,-1
1788814669.5091,1572948,V,546,480,-1
1788814669.5091,1572956,V,546,480,-1
1788814669.5091,1572964,V,546,480,-1
1788814669.5091,1572972,V,547,481,-1
1788814669.5572,1572986,V,546,480,17709
1788814669.5573,1572994,V,563,495,-1
1788814669.5573,1573002,V,547,481,-1
1788814669.5573,1573010,V,546,480,-1
1788814669.5573,1573018,V,546,480,-1
1788814669.5573,1573026,V,546,480,-1
1788814669.6060,1573039,V,547,481,17710
1788814669.6061,1573047,V,547,481,-1
1788814669.6061,1573055,V,546,480,-1
1788814669.6061,1573063,V,546,480,-1
1788814669.6061,1573071,V,547,481,-1
1788814669.6061,1573079,V,547,481,-1
1788814669.6539,1573093,V,549,483,17711
1788814669.6539,1573101,V,547,481,-1
1788814669.6539,1573109,V,547,481,-1
1788814669.6539,1573117,V,546,480,-1
1788814669.6539,1573125,V,546,480,-1
1788814669.6539,1573133,V,545,479,-1
1788814669.7523,1573147,V,546,480,17712
1788814669.7524,1573155,V,547,481,-1
1788814669.7524,1573163,V,545,479,-1
1788814669.7524,1573171,V,546,480,-1
1788814669.7524,1573179,V,546,480,-1
1788814669.7524,1573187,V,546,480,-1
1788814669.8003,1573200,V,547,481,17713
1788814669.8003,1573208,V,547,481,-1
1788814669.8003,1573216,V,546,480,-1
1788814669.8003,1573224,V,546,480,-1
1788814669.8003,1573232,V,546,480,-1
1788814669.8003,1573240,V,547,481,-1
1788814669.8486,1573254,V,547,481,17714
1788814669.8486,1573262,V,546,480,-1
1788814669.8487,1573270,V,547,481,-1
1788814669.8487,1573278,V,547,481,-1
1788814669.8487,1573286,V,546,480,-1
1788814669.8487,1573294,V,547,481,-1
1788814669.8984,1573307,V,547,481,17715
1788814669.8984,1573315,V,546,480,-1
1788814669.8984,1573323,V,547,481,-1
1788814669.8984,1573331,V,549,483,-1
1788814669.8985,1573339,V,546,480,-1
1788814669.8985,1573347,V,546,480,-1
1788814669.9473,1573361,V,547,481,17716
1788814669.9473,1573369,V,547,481,-1
1788814669.9473,1573377,V,545,479,-1
1788814669.9473,1573385,V,546,480,-1
1788814669.9473,1573393,V,546,480,-1
1788814669.9473,1573401,V,546,480,-1
1788814670.0441,1573415,V,546,480,17717
1788814670.0442,1573423,V,546,480,-1
1788814670.0442,1573431,V,549,483,-1
1788814670.0442,1573439,V,547,481,-1
1788814670.0442,1573447,V,545,479,-1
1788814670.0442,1573455,V,546,480,-1
1788814670.0453,1573468,V,545,479,17718
1788814670.0453,1573476,V,547,481,-1
1788814670.0453,1573484,V,546,480,-1
1788814670.0453,1573492,V,547,481,-1
1788814670.0453,1573500,V,545,479,-1
1788814670.0454,1573508,V,546,480,-1
1788814670.0938,1573522,V,547,481,17719
1788814670.0939,1573530,V,558,490,-1
1788814670.0939,1573538,V,547,481,-1
1788814670.0939,1573546,V,547,481,-1
1788814670.0940,1573554,V,547,481,-1
1788814670.0940,1573562,V,547,481,-1
1788814670.1413,1573576,V,548,482,17720
1788814670.1413,1573584,V,547,481,-1
1788814670.1413,1573592,V,547,481,-1
1788814670.1413,1573600,V,548,482,-1
1788814670.1413,1573608,V,546,480,-1
1788814670.1413,1573616,V,547,481,-1
1788814670.1903,1573629,V,550,483,17721
1788814670.1904,1573637,V,547,481,-1
1788814670.1904,1573645,V,547,481,-1
1788814670.1904,1573653,V,548,482,-1
1788814670.1904,1573661,V,545,479,-1
1788814670.1904,1573669,V,547,481,-1
1788814670.2879,1573683,V,548,482,17722
1788814670.2880,1573691,V,547,481,-1
1788814670.2880,1573699,V,547,481,-1
1788814670.2881,1573707,V,547,481,-1
1788814670.2881,1573715,V,547,481,-1
1788814670.2881,1573723,V,548,482,-1
1788814670.3369,1573736,V,548,482,17723
1788814670.3369,1573744,V,547,481,-1
1788814670.3369,1573752,V,548,482,-1
1788814670.3369,1573760,V,547,481,-1
1788814670.3369,1573768,V,548,482,-1
1788814670.3369,1573776,V,547,481,-1
1788814670.3854,1573790,V,547,481,17724
1788814670.3854,1573798,V,547,481,-1
1788814670.3854,1573806,V,547,481,-1
1788814670.3854,1573814,V,547,481,-1
1788814670.3854,1573822,V,546,480,-1
1788814670.3854,1573830,V,546,480,-1
1788814670.4337,1573844,V,546,480,17725
1788814670.4337,1573852,V,547,481,-1
1788814670.4337,1573860,V,547,481,-1
1788814670.4337,1573868,V,549,483,-1
1788814670.4337,1573876,V,545,479,-1
1788814670.4337,1573884,V,546,480,-1
1788814670.4827,1573897,V,546,480,17726
1788814670.4827,1573905,V,546,480,-1
1788814670.4827,1573913,V,545,479,-1
1788814670.4827,1573921,V,546,480,-1
1788814670.4827,1573929,V,546,480,-1
1788814670.4827,1573937,V,546,480,-1
1788814670.5329,1573951,V,546,480,17727
1788814670.5330,1573959,V,546,480,-1
1788814670.5331,1573967,V,550,483,-1
1788814670.5331,1573975,V,546,480,-1
1788814670.5331,1573983,V,546,480,-1
1788814670.5331,1573991,V,545,479,-1
1788814670.5815,1574004,V,547,481,17728
1788814670.5816,1574012,V,546,480,-1
1788814670.5816,1574020,V,546,480,-1
1788814670.5816,1574028,V,547,481,-1
1788814670.5816,1574036,V,546,480,-1
1788814670.5816,1574044,V,545,479,-1
1788814670.6299,1574058,V,545,479,17729
1788814670.6299,1574066,V,555,488,-1
1788814670.6299,1574074,V,546,480,-1
1788814670.6299,1574082,V,545,479,-1
1788814670.6299,1574090,V,547,481,-1
1788814670.6299,1574098,V,546,480,-1
1788814670.6777,1574112,V,545,479,17730
1788814670.6777,1574120,V,546,480,-1
1788814670.6777,1574128,V,546,480,-1
1788814670.6777,1574136,V,547,481,-1
1788814670.6777,1574144,V,546,480,-1
1788814670.6777,1574152,V,547,481,-1
1788814670.7753,1574165,V,549,483,17731
1788814670.7753,1574173,V,547,481,-1
1788814670.7753,1574181,V,547,481,-1
1788814670.7753,1574189,V,548,482,-1
1788814670.7753,1574197,V,547,481,-1
1788814670.7754,1574205,V,548,482,-1
1788814670.8249,1574219,V,548,482,17732
1788814670.8249,1574227,V,547,481,-1
1788814670.8249,1574235,V,547,481,-1
1788814670.8249,1574243,V,548,482,-1
1788814670.8249,1574251,V,548,482,-1
1788814670.8249,1574259,V,547,481,-1
1788814670.8725,1574273,V,548,482,17733
1788814670.8725,1574281,V,547,481,-1
1788814670.8725,1574289,V,545,479,-1
1788814670.8725,1574297,V,546,480,-1
1788814670.8725,1574305,V,547,481,-1
1788814670.8725,1574313,V,546,480,-1
1788814670.9216,1574326,V,547,481,17734
1788814670.9216,1574334,V,546,480,-1
1788814670.9216,1574342,V,545,479,-1
1788814670.9216,1574350,V,545,479,-1
1788814670.9216,1574358,V,546,480,-1
1788814670.9216,1574366,V,546,480,-1
1788814670.9711,1574380,V,547,481,17735
1788814670.9711,1574388,V,546,480,-1
1788814670.9711,1574396,V,546,480,-1
1788814670.9711,1574404,V,549,483,-1
1788814670.9711,1574412,V,546,480,-1
1788814670.9711,1574420,V,546,480,-1
1788814671.0186,1574434,V,546,480,17736
1788814671.0187,1574442,V,546,480,-1
1788814671.0187,1574450,V,546,480,-1
1788814671.0187,1574458,V,547,481,-1
1788814671.0188,1574466,V,546,480,-1
1788814671.0188,1574474,V,546,480,-1
1788814671.0678,1574487,V,546,480,17737
1788814671.0679,1574495,V,546,480,-1
1788814671.0679,1574503,V,548,482,-1
1788814671.0679,1574511,V,547,481,-1
1788814671.0679,1574519,V,547,481,-1
1788814671.0679,1574527,V,547,481,-1
1788814671.1165,1574541,V,546,480,17738
1788814671.1165,1574549,V,546,480,-1
1788814671.1166,1574557,V,546,480,-1
1788814671.1166,1574565,V,547,481,-1
1788814671.1166,1574573,V,546,480,-1
1788814671.1166,1574581,V,547,481,-1
1788814671.1655,1574594,V,548,482,17739
1788814671.1655,1574602,V,562,494,-1
1788814671.1656,1574610,V,547,481,-1
1788814671.1656,1574618,V,548,482,-1
1788814671.1656,1574626,V,546,480,-1
1788814671.1656,1574634,V,546,480,-1
1788814671.2142,1574648,V,548,482,17740
1788814671.2142,1574656,V,547,481,-1
1788814671.2142,1574664,V,546,480,-1
1788814671.2142,1574672,V,548,482,-1
1788814671.2142,1574680,V,547,481,-1
1788814671.2142,1574688,V,547,481,-1
1788814671.2627,1574702,V,547,481,17741
1788814671.2629,1574710,V,547,481,-1
1788814671.2629,1574718,V,546,480,-1
1788814671.2629,1574726,V,547,481,-1
1788814671.2631,1574734,V,547,481,-1
1788814671.2631,1574742,V,545,479,-1
1788814671.3603,1574755,V,547,481,17742
1788814671.3603,1574763,V,546,480,-1
1788814671.3603,1574771,V,546,480,-1
1788814671.3603,1574779,V,546,480,-1
1788814671.3603,1574787,V,546,480,-1
1788814671.3604,1574795,V,546,480,-1
1788814671.4091,1574809,V,545,479,17743
1788814671.4091,1574817,V,545,479,-1
1788814671.4091,1574825,V,545,479,-1
1788814671.4091,1574833,V,545,479,-1
1788814671.4091,1574841,V,545,479,-1
1788814671.4091,1574849,V,546,480,-1
1788814671.4579,1574863,V,546,480,17744
1788814671.4579,1574871,V,546,480,-1
1788814671.4579,1574879,V,546,480,-1
1788814671.4579,1574887,V,546,480,-1
1788814671.4579,1574895,V,546,480,-1
1788814671.4579,1574903,V,546,480,-1
1788814671.5065,1574916,V,547,481,17745
1788814671.5067,1574924,V,547,481,-1
1788814671.5067,1574932,V,546,480,-1
1788814671.5067,1574940,V,549,483,-1
1788814671.5067,1574948,V,546,480,-1
1788814671.5067,1574956,V,545,479,-1
1788814671.5574,1574970,V,547,481,17746
1788814671.5574,1574978,V,545,479,-1
1788814671.5574,1574986,V,546,480,-1
1788814671.5575,1574994,V,546,480,-1
1788814671.5575,1575002,V,546,480,-1
1788814671.5575,1575010,V,546,480,-1
1788814671.6059,1575023,V,546,480,17747
1788814671.6059,1575031,V,547,481,-1
1788814671.6059,1575039,V,551,484,-1
1788814671.6059,1575047,V,547,481,-1
1788814671.6059,1575055,V,547,481,-1
1788814671.6059,1575063,V,547,481,-1
1788814671.6539,1575077,V,547,481,17748
1788814671.6539,1575085,V,546,480,-1
1788814671.6539,1575093,V,547,481,-1
1788814671.6539,1575101,V,546,480,-1
1788814671.6539,1575109,V,547,481,-1
1788814671.6540,1575117,V,547,481,-1
1788814671.7016,1575131,V,547,481,17749
1788814671.7017,1575139,V,563,495,-1
1788814671.7017,1575147,V,547,481,-1
1788814671.7017,1575155,V,548,482,-1
1788814671.7017,1575163,V,548,482,-1
1788814671.7017,1575171,V,547,481,-1
1788814671.7504,1575184,V,548,482,17750
1788814671.7505,1575192,V,547,481,-1
1788814671.7505,1575200,V,546,480,-1
1788814671.7505,1575208,V,547,481,-1
1788814671.7505,1575216,V,547,481,-1
1788814671.7505,1575224,V,546,480,-1
1788814671.7995,1575238,V,548,482,17751
1788814671.7995,1575246,V,547,481,-1
1788814671.7995,1575254,V,547,481,-1
1788814671.7995,1575262,V,547,481,-1
1788814671.7995,1575270,V,547,481,-1
1788814671.7995,1575278,V,545,479,-1
1788814671.8968,1575292,V,546,480,17752
1788814671.8969,1575300,V,546,480,-1
1788814671.8969,1575308,V,546,480,-1
1788814671.8969,1575316,V,545,479,-1
1788814671.8969,1575324,V,546,480,-1
1788814671.8969,1575332,V,546,480,-1
1788814671.9450,1575345,V,547,481,17753
1788814671.9450,1575353,V,547,481,-1
1788814671.9450,1575361,V,547,481,-1
1788814671.9450,1575369,V,547,481,-1
1788814671.9450,1575377,V,546,480,-1
1788814671.9450,1575385,V,547,481,-1
1788814672.0428,1575399,V,546,480,17754
1788814672.0430,1575407,V,547,481,-1
1788814672.0430,1575415,V,547,481,-1
1788814672.0430,1575423,V,546,480,-1
1788814672.0430,1575431,V,546,480,-1
1788814672.0430,1575439,V,547,481,-1
1788814672.0440,1575453,V,547,481,17755
1788814672.0440,1575461,V,547,481,-1
1788814672.0440,1575469,V,548,482,-1
1788814672.0440,1575477,V,552,485,-1
1788814672.0440,1575485,V,547,481,-1
1788814672.0440,1575493,V,547,481,-1
1788814672.0919,1575506,V,548,482,17756
1788814672.0920,1575514,V,547,481,-1
1788814672.0920,1575522,V,548,482,-1
1788814672.0920,1575530,V,548,482,-1
1788814672.0920,1575538,V,547,481,-1
1788814672.0920,1575546,V,548,482,-1
1788814672.1403,1575560,V,547,481,17757
1788814672.1404,1575568,V,546,480,-1
1788814672.1404,1575576,V,551,484,-1
1788814672.1404,1575584,V,548,482,-1
1788814672.1404,1575592,V,546,480,-1
1788814672.1404,1575600,V,547,481,-1
1788814672.1891,1575613,V,547,481,17758
1788814672.1891,1575621,V,547,481,-1
1788814672.1891,1575629,V,546,480,-1
1788814672.1891,1575637,V,547,481,-1
1788814672.1891,1575645,V,547,481,-1
1788814672.1891,1575653,V,545,479,-1
1788814672.2384,1575667,V,546,480,17759
1788814672.2384,1575675,V,566,497,-1
1788814672.2384,1575683,V,545,479,-1
1788814672.2384,1575691,V,544,478,-1
1788814672.2384,1575699,V,545,479,-1
1788814672.2385,1575707,V,545,479,-1
1788814672.2875,1575721,V,545,479,17760
1788814672.2876,1575729,V,546,480,-1
1788814672.2876,1575737,V,546,480,-1
1788814672.2876,1575745,V,544,478,-1
1788814672.2876,1575753,V,545,479,-1
1788814672.2876,1575761,V,545,479,-1
1788814672.3357,1575774,V,546,480,17761
1788814672.3357,1575782,V,545,479,-1
1788814672.3357,1575790,V,546,480,-1
1788814672.3358,1575798,V,545,479,-1
1788814672.3358,1575806,V,545,479,-1
1788814672.3358,1575814,V,545,479,-1
1788814672.4329,1575828,V,547,481,17762
1788814672.4329,1575836,V,546,480,-1
1788814672.4329,1575844,V,547,481,-1
1788814672.4329,1575852,V,546,480,-1
1788814672.4329,1575860,V,545,479,-1
1788814672.4329,1575868,V,545,479,-1
1788814672.4815,1575882,V,545,479,17763
1788814672.4815,1575890,V,545,479,-1
1788814672.4815,1575898,V,546,480,-1
1788814672.4815,1575906,V,546,480,-1
1788814672.4816,1575914,V,545,479,-1
1788814672.4816,1575922,V,546,480,-1
1788814672.5308,1575935,V,546,480,17764
1788814672.5310,1575943,V,547,481,-1
1788814672.5310,1575951,V,547,481,-1
1788814672.5310,1575959,V,547,481,-1
1788814672.5310,1575967,V,547,481,-1
1788814672.5310,1575975,V,548,482,-1
1788814672.5792,1575989,V,547,481,17765
1788814672.5792,1575997,V,547,481,-1
1788814672.5792,1576005,V,548,482,-1
1788814672.5792,1576013,V,552,485,-1
1788814672.5792,1576021,V,547,481,-1
1788814672.5792,1576029,V,547,481,-1
1788814672.6276,1576043,V,548,482,17766
1788814672.6276,1576051,V,548,482,-1
1788814672.6276,1576059,V,550,483,-1
1788814672.6276,1576067,V,547,481,-1
1788814672.6276,1576075,V,548,482,-1
1788814672.6276,1576083,V,547,481,-1
1788814672.6765,1576096,V,548,482,17767
1788814672.6765,1576104,V,547,481,-1
1788814672.6765,1576112,V,549,483,-1
1788814672.6766,1576120,V,546,480,-1
1788814672.6766,1576128,V,546,480,-1
1788814672.6766,1576136,V,545,479,-1
1788814672.7253,1576150,V,547,481,17768
1788814672.7254,1576158,V,545,479,-1
1788814672.7254,1576166,V,546,480,-1
1788814672.7254,1576174,V,546,480,-1
1788814672.7254,1576182,V,547,481,-1
1788814672.7254,1576190,V,547,481,-1
1788814672.7740,1576204,V,547,481,17769
1788814672.7741,1576212,V,566,497,-1
1788814672.7742,1576220,V,547,481,-1
1788814672.7742,1576228,V,546,480,-1
1788814672.7742,1576236,V,545,479,-1
1788814672.7742,1576244,V,546,480,-1
1788814672.8720,1576257,V,546,480,17770
1788814672.8721,1576265,V,547,481,-1
1788814672.8721,1576273,V,547,481,-1
1788814672.8721,1576281,V,546,480,-1
1788814672.8721,1576289,V,546,480,-1
1788814672.8721,1576297,V,548,482,-1
1788814672.8729,1576311,V,548,482,17771
1788814672.8729,1576319,V,546,480,-1
1788814672.8729,1576327,V,547,481,-1
1788814672.8729,1576335,V,545,479,-1
1788814672.8729,1576343,V,547,481,-1
1788814672.8729,1576351,V,546,480,-1
1788814672.9693,1576364,V,547,481,17772
1788814672.9693,1576372,V,548,482,-1
1788814672.9693,1576380,V,547,481,-1
1788814672.9693,1576388,V,546,480,-1
1788814672.9694,1576396,V,545,479,-1
1788814672.9694,1576404,V,547,481,-1
1788814673.0181,1576418,V,547,481,17773
1788814673.0182,1576426,V,547,481,-1
1788814673.0182,1576434,V,547,481,-1
1788814673.0183,1576442,V,546,480,-1
1788814673.0183,1576450,V,547,481,-1
1788814673.0183,1576458,V,547,481,-1
1788814673.0680,1576472,V,548,482,17774
1788814673.0681,1576480,V,548,482,-1
1788814673.0681,1576488,V,547,481,-1
1788814673.0681,1576496,V,546,480,-1
1788814673.0681,1576504,V,547,481,-1
1788814673.0681,1576512,V,548,482,-1
1788814673.1155,1576525,V,546,480,17775
1788814673.1155,1576533,V,546,480,-1
1788814673.1155,1576541,V,545,479,-1
1788814673.1155,1576549,V,553,486,-1
1788814673.1155,1576557,V,547,481,-1
1788814673.1155,1576565,V,545,479,-1
1788814673.1642,1576579,V,546,480,17776
1788814673.1642,1576587,V,545,479,-1
1788814673.1642,1576595,V,545,479,-1
1788814673.1642,1576603,V,546,480,-1
1788814673.1642,1576611,V,546,480,-1
1788814673.1642,1576619,V,546,480,-1
1788814673.2127,1576632,V,546,480,17777
1788814673.2127,1576640,V,546,480,-1
1788814673.2127,1576648,V,549,483,-1
1788814673.2127,1576656,V,546,480,-1
1788814673.2127,1576664,V,546,480,-1
1788814673.2127,1576672,V,546,480,-1
1788814673.3108,1576686,V,546,480,17778
1788814673.3110,1576694,V,546,480,-1
1788814673.3110,1576702,V,547,481,-1
1788814673.3110,1576710,V,546,480,-1
1788814673.3110,1576718,V,547,481,-1
1788814673.3110,1576726,V,547,481,-1
1788814673.3118,1576740,V,545,479,17779
1788814673.3118,1576748,V,566,497,-1
1788814673.3118,1576756,V,546,480,-1
1788814673.3118,1576764,V,547,481,-1
1788814673.3118,1576772,V,547,481,-1
1788814673.3118,1576780,V,547,481,-1
1788814673.3593,1576793,V,547,481,17780
1788814673.3594,1576801,V,546,480,-1
1788814673.3594,1576809,V,546,480,-1
1788814673.3594,1576817,V,547,481,-1
1788814673.3594,1576825,V,545,479,-1
1788814673.3594,1576833,V,547,481,-1
1788814673.4092,1576847,V,547,481,17781
1788814673.4092,1576855,V,547,481,-1
1788814673.4093,1576863,V,546,480,-1
1788814673.4093,1576871,V,547,481,-1
1788814673.4093,1576879,V,546,480,-1
1788814673.4093,1576887,V,547,481,-1
1788814673.5055,1576901,V,547,481,17782
1788814673.5055,1576909,V,547,481,-1
1788814673.5055,1576917,V,547,481,-1
1788814673.5055,1576925,V,546,480,-1
1788814673.5055,1576933,V,547,481,-1
1788814673.5055,1576941,V,547,481,-1
1788814673.5556,1576954,V,547,481,17783
1788814673.5558,1576962,V,547,481,-1
1788814673.5558,1576970,V,546,480,-1
1788814673.5558,1576978,V,546,480,-1
1788814673.5558,1576986,V,546,480,-1
1788814673.5558,1576994,V,547,481,-1
1788814673.6029,1577008,V,546,480,17784
1788814673.6030,1577016,V,546,480,-1
1788814673.6030,1577024,V,545,479,-1
1788814673.6030,1577032,V,546,480,-1
1788814673.6030,1577040,V,545,479,-1
1788814673.6030,1577048,V,545,479,-1
1788814673.6517,1577061,V,545,479,17785
1788814673.6517,1577069,V,546,480,-1
1788814673.6517,1577077,V,545,479,-1
1788814673.6517,1577085,V,551,484,-1
1788814673.6518,1577093,V,545,479,-1
1788814673.6518,1577101,V,546,480,-1
1788814673.7003,1577115,V,545,479,17786
1788814673.7004,1577123,V,546,480,-1
1788814673.7004,1577131,V,545,479,-1
1788814673.7004,1577139,V,545,479,-1
1788814673.7004,1577147,V,546,480,-1
1788814673.7004,1577155,V,546,480,-1
1788814673.7490,1577169,V,545,479,17787
1788814673.7490,1577177,V,546,480,-1
1788814673.7490,1577185,V,548,482,-1
1788814673.7490,1577193,V,545,479,-1
1788814673.7490,1577201,V,546,480,-1
1788814673.7490,1577209,V,546,480,-1
1788814673.7981,1577222,V,546,480,17788
1788814673.7983,1577230,V,546,480,-1
1788814673.7983,1577238,V,545,479,-1
1788814673.7983,1577246,V,545,479,-1
1788814673.7983,1577254,V,546,480,-1
1788814673.7983,1577262,V,545,479,-1
1788814673.8957,1577276,V,545,479,17789
1788814673.8958,1577284,V,565,497,-1
1788814673.8958,1577292,V,544,478,-1
1788814673.8958,1577300,V,546,480,-1
1788814673.8958,1577308,V,545,479,-1
1788814673.8958,1577316,V,546,480,-1
1788814673.8968,1577330,V,547,481,17790
1788814673.8969,1577338,V,547,481,-1
1788814673.8969,1577346,V,547,481,-1
1788814673.8969,1577354,V,547,481,-1
1788814673.8969,1577362,V,546,480,-1
1788814673.8969,1577370,V,546,480,-1
1788814673.9440,1577383,V,555,488,17791
1788814673.9441,1577391,V,546,480,-1
1788814673.9441,1577399,V,546,480,-1
1788814673.9441,1577407,V,547,481,-1
1788814673.9441,1577415,V,547,481,-1
1788814673.9441,1577423,V,546,480,-1
1788814674.0414,1577437,V,547,481,17792
1788814674.0415,1577445,V,546,480,-1
1788814674.0415,1577453,V,548,482,-1
1788814674.0415,1577461,V,546,480,-1
1788814674.0415,1577469,V,547,481,-1
1788814674.0415,1577477,V,547,481,-1
1788814674.0907,1577490,V,546,480,17793
1788814674.0908,1577498,V,547,481,-1
1788814674.0908,1577506,V,547,481,-1
1788814674.0908,1577514,V,547,481,-1
1788814674.0908,1577522,V,546,480,-1
1788814674.0908,1577530,V,546,480,-1
1788814674.1392,1577544,V,545,479,17794
1788814674.1392,1577552,V,545,479,-1
1788814674.1392,1577560,V,546,480,-1
1788814674.1392,1577568,V,547,481,-1
1788814674.1392,1577576,V,547,481,-1
1788814674.1392,1577584,V,546,480,-1
1788814674.1879,1577598,V,547,481,17795
1788814674.1879,1577606,V,547,481,-1
1788814674.1879,1577614,V,545,479,-1
1788814674.1879,1577622,V,552,485,-1
1788814674.1879,1577630,V,547,481,-1
1788814674.1879,1577638,V,546,480,-1
1788814674.2366,1577651,V,546,480,17796
1788814674.2366,1577659,V,546,480,-1
1788814674.2366,1577667,V,545,479,-1
1788814674.2366,1577675,V,547,481,-1
1788814674.2366,1577683,V,546,480,-1
1788814674.2366,1577691,V,546,480,-1
1788814674.2855,1577705,V,547,481,17797
1788814674.2856,1577713,V,546,480,-1
1788814674.2856,1577721,V,549,483,-1
1788814674.2856,1577729,V,548,482,-1
1788814674.2857,1577737,V,548,482,-1
1788814674.2857,1577745,V,547,481,-1
1788814674.3351,1577759,V,546,480,17798
1788814674.3351,1577767,V,546,480,-1
1788814674.3351,1577775,V,547,481,-1
1788814674.3351,1577783,V,546,480,-1
1788814674.3351,1577791,V,546,480,-1
1788814674.3352,1577799,V,547,481,-1
1788814674.3838,1577812,V,546,480,17799
1788814674.3838,1577820,V,554,487,-1
1788814674.3838,1577828,V,547,481,-1
1788814674.3838,1577836,V,546,480,-1
1788814674.3838,1577844,V,548,482,-1
1788814674.3838,1577852,V,547,481,-1
1788814674.4316,1577866,V,547,481,17800
1788814674.4316,1577874,V,547,481,-1
1788814674.4316,1577882,V,546,480,-1
1788814674.4316,1577890,V,547,481,-1
1788814674.4316,1577898,V,547,481,-1
1788814674.4316,1577906,V,548,482,-1
1788814674.4812,1577920,V,546,480,17801
1788814674.4812,1577928,V,547,481,-1
1788814674.4812,1577936,V,545,479,-1
1788814674.4812,1577944,V,545,479,-1
1788814674.4812,1577952,V,547,481,-1
1788814674.4812,1577960,V,546,480,-1
1788814674.5793,1577973,V,545,479,17802
1788814674.5794,1577981,V,546,480,-1
1788814674.5795,1577989,V,546,480,-1
1788814674.5795,1577997,V,545,479,-1
1788814674.5795,1578005,V,545,479,-1
1788814674.5795,1578013,V,545,479,-1
1788814674.6267,1578027,V,546,480,17803
1788814674.6268,1578035,V,546,480,-1
1788814674.6268,1578043,V,546,480,-1
1788814674.6268,1578051,V,546,480,-1
1788814674.6268,1578059,V,547,481,-1
1788814674.6268,1578067,V,544,478,-1
1788814674.6754,1578081,V,545,479,17804
1788814674.6754,1578089,V,546,480,-1
1788814674.6754,1578097,V,546,480,-1
1788814674.6754,1578105,V,546,480,-1
1788814674.6754,1578113,V,546,480,-1
1788814674.6754,1578121,V,548,482,-1
1788814674.7241,1578134,V,545,479,17805
1788814674.7242,1578142,V,546,480,-1
1788814674.7242,1578150,V,546,480,-1
1788814674.7242,1578158,V,549,483,-1
1788814674.7242,1578166,V,547,481,-1
1788814674.7242,1578174,V,546,480,-1
1788814674.7729,1578188,V,546,480,17806
1788814674.7729,1578196,V,547,481,-1
1788814674.7729,1578204,V,547,481,-1
1788814674.7729,1578212,V,546,480,-1
1788814674.7729,1578220,V,546,480,-1
1788814674.7729,1578228,V,546,480,-1
1788814674.8216,1578242,V,546,480,17807
1788814674.8217,1578250,V,548,482,-1
1788814674.8217,1578258,V,558,490,-1
1788814674.8217,1578266,V,546,480,-1
1788814674.8217,1578274,V,548,482,-1
1788814674.8218,1578282,V,547,481,-1
1788814674.8717,1578295,V,547,481,17808
1788814674.8719,1578303,V,546,480,-1
1788814674.8721,1578311,V,548,482,-1
1788814674.8721,1578319,V,546,480,-1
1788814674.8721,1578327,V,546,480,-1
1788814674.8721,1578335,V,547,481,-1
1788814674.9678,1578349,V,546,480,17809
1788814674.9678,1578357,V,549,483,-1
1788814674.9679,1578365,V,547,481,-1
1788814674.9679,1578373,V,548,482,-1
1788814674.9679,1578381,V,548,482,-1
1788814674.9679,1578389,V,547,481,-1
1788814675.0174,1578403,V,548,482,17810
1788814675.0174,1578411,V,546,480,-1
1788814675.0174,1578419,V,546,480,-1
1788814675.0174,1578427,V,546,480,-1
1788814675.0175,1578435,V,546,480,-1
1788814675.0175,1578443,V,545,479,-1
1788814675.0187,1578456,V,546,480,17811
1788814675.0187,1578464,V,545,479,-1
1788814675.0187,1578472,V,546,480,-1
1788814675.0187,1578480,V,546,480,-1
1788814675.0187,1578488,V,547,481,-1
1788814675.0188,1578496,V,546,480,-1
1788814675.1143,1578510,V,546,480,17812
1788814675.1144,1578518,V,547,481,-1
1788814675.1145,1578526,V,546,480,-1
1788814675.1145,1578534,V,546,480,-1
1788814675.1145,1578542,V,546,480,-1
1788814675.1145,1578550,V,547,481,-1
1788814675.1632,1578563,V,547,481,17813
1788814675.1633,1578571,V,548,482,-1
1788814675.1633,1578579,V,547,481,-1
1788814675.1633,1578587,V,547,481,-1
1788814675.1633,1578595,V,549,483,-1
1788814675.1633,1578603,V,547,481,-1
1788814675.2118,1578617,V,547,481,17814
1788814675.2118,1578625,V,548,482,-1
1788814675.2118,1578633,V,546,480,-1
1788814675.2118,1578641,V,546,480,-1
1788814675.2118,1578649,V,547,481,-1
1788814675.2118,1578657,V,547,481,-1
1788814675.2609,1578671,V,546,480,17815
1788814675.2610,1578679,V,546,480,-1
1788814675.2610,1578687,V,546,480,-1
1788814675.2610,1578695,V,549,483,-1
1788814675.2610,1578703,V,546,480,-1
1788814675.2610,1578711,V,547,481,-1
1788814675.3101,1578724,V,546,480,17816
1788814675.3101,1578732,V,546,480,-1
1788814675.3102,1578740,V,547,481,-1
1788814675.3102,1578748,V,546,480,-1
1788814675.3102,1578756,V,546,480,-1
1788814675.3102,1578764,V,547,481,-1
1788814675.4067,1578778,V,547,481,17817
1788814675.4068,1578786,V,547,481,-1
1788814675.4068,1578794,V,558,490,-1
1788814675.4068,1578802,V,546,480,-1
1788814675.4069,1578810,V,546,480,-1
1788814675.4069,1578818,V,547,481,-1
1788814675.4080,1578832,V,547,481,17818
1788814675.4080,1578840,V,547,481,-1
1788814675.4080,1578848,V,547,481,-1
1788814675.4080,1578856,V,546,480,-1
1788814675.4080,1578864,V,546,480,-1
1788814675.4080,1578872,V,546,480,-1
1788814675.4559,1578885,V,546,480,17819
1788814675.4560,1578893,V,564,496,-1
1788814675.4560,1578901,V,546,480,-1
1788814675.4560,1578909,V,547,481,-1
1788814675.4560,1578917,V,546,480,-1
1788814675.4560,1578925,V,547,481,-1
1788814675.5043,1578939,V,547,481,17820
1788814675.5043,1578947,V,547,481,-1
1788814675.5043,1578955,V,547,481,-1
1788814675.5043,1578963,V,546,480,-1
1788814675.5043,1578971,V,547,481,-1
1788814675.5043,1578979,V,546,480,-1
1788814675.5525,1578992,V,546,480,17821
1788814675.5525,1579000,V,547,481,-1
1788814675.5525,1579008,V,546,480,-1
1788814675.5525,1579016,V,548,482,-1
1788814675.5525,1579024,V,547,481,-1
1788814675.5525,1579032,V,547,481,-1
1788814675.6504,1579046,V,547,481,17822
1788814675.6506,1579054,V,547,481,-1
1788814675.6506,1579062,V,546,480,-1
1788814675.6506,1579070,V,547,481,-1
1788814675.6506,1579078,V,547,481,-1
1788814675.6506,1579086,V,548,482,-1
1788814675.7002,1579100,V,548,482,17823
1788814675.7002,1579108,V,547,481,-1
1788814675.7002,1579116,V,547,481,-1
1788814675.7002,1579124,V,547,481,-1
1788814675.7002,1579132,V,552,485,-1
1788814675.7002,1579140,V,547,481,-1
1788814675.7485,1579153,V,547,481,17824
1788814675.7485,1579161,V,548,482,-1
1788814675.7485,1579169,V,547,481,-1
1788814675.7485,1579177,V,547,481,-1
1788814675.7485,1579185,V,546,480,-1
1788814675.7485,1579193,V,547,481,-1
1788814675.7974,1579207,V,547,481,17825
1788814675.7974,1579215,V,546,480,-1
1788814675.7974,1579223,V,547,481,-1
1788814675.7974,1579231,V,548,482,-1
1788814675.7974,1579239,V,546,480,-1
1788814675.7974,1579247,V,548,482,-1
1788814675.8468,1579261,V,547,481,17826
1788814675.8468,1579269,V,547,481,-1
1788814675.8468,1579277,V,547,481,-1
1788814675.8468,1579285,V,547,481,-1
1788814675.8468,1579293,V,546,480,-1
1788814675.8468,1579301,V,547,481,-1
1788814675.8938,1579314,V,547,481,17827
1788814675.8939,1579322,V,546,480,-1
1788814675.8939,1579330,V,564,496,-1
1788814675.8939,1579338,V,547,481,-1
1788814675.8939,1579346,V,547,481,-1
1788814675.8939,1579354,V,547,481,-1
1788814675.9432,1579368,V,547,481,17828
1788814675.9433,1579376,V,546,480,-1
1788814675.9433,1579384,V,547,481,-1
1788814675.9433,1579392,V,547,481,-1
1788814675.9433,1579400,V,545,479,-1
1788814675.9433,1579408,V,546,480,-1
1788814675.9917,1579422,V,547,481,17829
1788814675.9917,1579430,V,547,481,-1
1788814675.9917,1579438,V,545,479,-1
1788814675.9917,1579446,V,546,480,-1
1788814675.9917,1579454,V,546,480,-1
1788814675.9917,1579462,V,546,480,-1
1788814676.0403,1579475,V,547,481,17830
1788814676.0404,1579483,V,547,481,-1
1788814676.0404,1579491,V,547,481,-1
1788814676.0404,1579499,V,547,481,-1
1788814676.0404,1579507,V,547,481,-1
1788814676.0404,1579515,V,547,481,-1
1788814676.0892,1579529,V,548,482,17831
1788814676.0892,1579537,V,547,481,-1
1788814676.0892,1579545,V,547,481,-1
1788814676.0892,1579553,V,547,481,-1
1788814676.0892,1579561,V,547,481,-1
1788814676.0892,1579569,V,547,481,-1
1788814676.1867,1579582,V,547,481,17832
1788814676.1868,1579590,V,548,482,-1
1788814676.1868,1579598,V,546,480,-1
1788814676.1868,1579606,V,547,481,-1
1788814676.1868,1579614,V,546,480,-1
1788814676.1868,1579622,V,547,481,-1
1788814676.2849,1579636,V,546,480,17833
1788814676.2849,1579644,V,546,480,-1
1788814676.2849,1579652,V,547,481,-1
1788814676.2849,1579660,V,547,481,-1
1788814676.2850,1579668,V,551,484,-1
1788814676.2850,1579676,V,547,481,-1
1788814676.2865,1579690,V,547,481,17834
1788814676.2865,1579698,V,546,480,-1
1788814676.2865,1579706,V,546,480,-1
1788814676.2865,1579714,V,547,481,-1
1788814676.2865,1579722,V,546,480,-1
1788814676.2865,1579730,V,548,482,-1
1788814676.3329,1579743,V,547,481,17835
1788814676.3329,1579751,V,548,482,-1
1788814676.3329,1579759,V,545,479,-1
1788814676.3329,1579767,V,547,481,-1
1788814676.3329,1579775,V,546,480,-1
1788814676.3329,1579783,V,546,480,-1
1788814676.3816,1579797,V,546,480,17836
1788814676.3816,1579805,V,547,481,-1
1788814676.3816,1579813,V,546,480,-1
1788814676.3816,1579821,V,546,480,-1
1788814676.3816,1579829,V,546,480,-1
1788814676.3816,1579837,V,546,480,-1
1788814676.4301,1579851,V,546,480,17837
1788814676.4303,1579859,V,547,481,-1
1788814676.4303,1579867,V,567,498,-1
1788814676.4303,1579875,V,546,480,-1
1788814676.4303,1579883,V,547,481,-1
1788814676.4303,1579891,V,547,481,-1
1788814676.4792,1579904,V,545,479,17838
1788814676.4792,1579912,V,546,480,-1
1788814676.4792,1579920,V,547,481,-1
1788814676.4793,1579928,V,546,480,-1
1788814676.4793,1579936,V,546,480,-1
1788814676.4793,1579944,V,546,480,-1
1788814676.5282,1579958,V,547,481,17839
1788814676.5282,1579966,V,547,481,-1
1788814676.5282,1579974,V,544,478,-1
1788814676.5282,1579982,V,546,480,-1
1788814676.5282,1579990,V,546,480,-1
1788814676.5282,1579998,V,547,481,-1
1788814676.5767,1580012,V,545,479,17840
1788814676.5767,1580020,V,546,480,-1
1788814676.5767,1580028,V,545,479,-1
1788814676.5767,1580036,V,547,481,-1
1788814676.5767,1580044,V,546,480,-1
1788814676.5767,1580052,V,547,481,-1
1788814676.6271,1580065,V,546,480,17841
1788814676.6271,1580073,V,547,481,-1
1788814676.6271,1580081,V,547,481,-1
1788814676.6272,1580089,V,547,481,-1
1788814676.6273,1580097,V,548,482,-1
1788814676.6273,1580105,V,546,480,-1
1788814676.7227,1580119,V,547,481,17842
1788814676.7228,1580127,V,546,480,-1
1788814676.7228,1580135,V,548,482,-1
1788814676.7228,1580143,V,547,481,-1
1788814676.7228,1580151,V,547,481,-1
1788814676.7228,1580159,V,547,481,-1
1788814676.8207,1580172,V,548,482,17843
1788814676.8207,1580180,V,547,481,-1
1788814676.8207,1580188,V,548,482,-1
1788814676.8208,1580196,V,547,481,-1
1788814676.8208,1580204,V,553,486,-1
1788814676.8208,1580212,V,547,481,-1
1788814676.8217,1580226,V,547,481,17844
1788814676.8217,1580234,V,547,481,-1
1788814676.8217,1580242,V,547,481,-1
1788814676.8217,1580250,V,546,480,-1
1788814676.8217,1580258,V,547,481,-1
1788814676.8217,1580266,V,547,481,-1
1788814676.8692,1580280,V,546,480,17845
1788814676.8692,1580288,V,547,481,-1
1788814676.8693,1580296,V,546,480,-1
1788814676.8693,1580304,V,549,483,-1
1788814676.8693,1580312,V,546,480,-1
1788814676.8693,1580320,V,546,480,-1
1788814676.9178,1580333,V,547,481,17846
1788814676.9178,1580341,V,546,480,-1
1788814676.9178,1580349,V,547,481,-1
1788814676.9179,1580357,V,547,481,-1
1788814676.9179,1580365,V,546,480,-1
1788814676.9179,1580373,V,546,480,-1
1788814676.9665,1580387,V,546,480,17847
1788814676.9667,1580395,V,546,480,-1
1788814676.9667,1580403,V,565,497,-1
1788814676.9667,1580411,V,547,481,-1
1788814676.9667,1580419,V,546,480,-1
1788814676.9667,1580427,V,546,480,-1
1788814677.0644,1580441,V,546,480,17848
1788814677.0645,1580449,V,547,481,-1
1788814677.0645,1580457,V,546,480,-1
1788814677.0645,1580465,V,547,481,-1
1788814677.0645,1580473,V,545,479,-1
1788814677.0645,1580481,V,547,481,-1
1788814677.0660,1580494,V,547,481,17849
1788814677.0660,1580502,V,546,480,-1
1788814677.0660,1580510,V,546,480,-1
1788814677.0660,1580518,V,548,482,-1
1788814677.0660,1580526,V,547,481,-1
1788814677.0660,1580534,V,548,482,-1
1788814677.1129,1580548,V,546,480,17850
1788814677.1130,1580556,V,547,481,-1
1788814677.1130,1580564,V,547,481,-1
1788814677.1130,1580572,V,547,481,-1
1788814677.1130,1580580,V,547,481,-1
1788814677.1130,1580588,V,546,480,-1
1788814677.1617,1580601,V,547,481,17851
1788814677.1617,1580609,V,547,481,-1
1788814677.1617,1580617,V,546,480,-1
1788814677.1617,1580625,V,546,480,-1
1788814677.1617,1580633,V,547,481,-1
1788814677.1617,1580641,V,546,480,-1
1788814677.2594,1580655,V,547,481,17852
1788814677.2595,1580663,V,548,482,-1
1788814677.2595,1580671,V,547,481,-1
1788814677.2595,1580679,V,546,480,-1
1788814677.2595,1580687,V,546,480,-1
1788814677.2595,1580695,V,547,481,-1
1788814677.3084,1580709,V,547,481,17853
1788814677.3084,1580717,V,547,481,-1
1788814677.3084,1580725,V,547,481,-1
1788814677.3084,1580733,V,547,481,-1
1788814677.3085,1580741,V,552,485,-1
1788814677.3085,1580749,V,545,479,-1
1788814677.3564,1580762,V,546,480,17854
1788814677.3564,1580770,V,545,479,-1
1788814677.3564,1580778,V,546,480,-1
1788814677.3564,1580786,V,547,481,-1
1788814677.3564,1580794,V,546,480,-1
1788814677.3564,1580802,V,545,479,-1
1788814677.4542,1580816,V,547,481,17855
1788814677.4542,1580824,V,548,482,-1
1788814677.4543,1580832,V,547,481,-1
1788814677.4543,1580840,V,550,483,-1
1788814677.4543,1580848,V,546,480,-1
1788814677.4543,1580856,V,547,481,-1
1788814677.4555,1580870,V,547,481,17856
1788814677.4555,1580878,V,546,480,-1
1788814677.4555,1580886,V,546,480,-1
1788814677.4556,1580894,V,547,481,-1
1788814677.4556,1580902,V,547,481,-1
1788814677.4556,1580910,V,547,481,-1
1788814677.5028,1580923,V,547,481,17857
1788814677.5029,1580931,V,546,480,-1
1788814677.5029,1580939,V,565,497,-1
1788814677.5030,1580947,V,547,481,-1
1788814677.5030,1580955,V,547,481,-1
1788814677.5030,1580963,V,546,480,-1
1788814677.5521,1580977,V,548,482,17858
1788814677.5521,1580985,V,547,481,-1
1788814677.5521,1580993,V,547,481,-1
1788814677.5521,1581001,V,549,483,-1
1788814677.5521,1581009,V,548,482,-1
1788814677.5521,1581017,V,547,481,-1
1788814677.6005,1581030,V,548,482,17859
1788814677.6005,1581038,V,548,482,-1
1788814677.6005,1581046,V,548,482,-1
1788814677.6005,1581054,V,547,481,-1
1788814677.6006,1581062,V,547,481,-1
1788814677.6006,1581070,V,548,482,-1
1788814677.6492,1581084,V,548,482,17860
1788814677.6492,1581092,V,546,480,-1
1788814677.6492,1581100,V,547,481,-1
1788814677.6492,1581108,V,547,481,-1
1788814677.6492,1581116,V,546,480,-1
1788814677.6492,1581124,V,546,480,-1
1788814677.6979,1581138,V,548,482,17861
1788814677.6979,1581146,V,546,480,-1
1788814677.6979,1581154,V,545,479,-1
1788814677.6979,1581162,V,547,481,-1
1788814677.6979,1581170,V,546,480,-1
1788814677.6979,1581178,V,547,481,-1
1788814677.8444,1581191,V,545,479,17862
1788814677.8445,1581199,V,547,481,-1
1788814677.8445,1581207,V,545,479,-1
1788814677.8445,1581215,V,547,481,-1
1788814677.8445,1581223,V,546,480,-1
1788814677.8445,1581231,V,547,481,-1
1788814677.8454,1581245,V,547,481,17863
1788814677.8455,1581253,V,545,479,-1
1788814677.8455,1581261,V,547,481,-1
1788814677.8455,1581269,V,546,480,-1
1788814677.8455,1581277,V,552,485,-1
1788814677.8455,1581285,V,547,481,-1
1788814677.8934,1581299,V,546,480,17864
1788814677.8934,1581307,V,548,482,-1
1788814677.8934,1581315,V,547,481,-1
1788814677.8934,1581323,V,546,480,-1
1788814677.8934,1581331,V,546,480,-1
1788814677.8934,1581339,V,547,481,-1
1788814677.9414,1581352,V,547,481,17865
1788814677.9415,1581360,V,547,481,-1
1788814677.9415,1581368,V,546,480,-1
1788814677.9415,1581376,V,549,483,-1
1788814677.9415,1581384,V,547,481,-1
1788814677.9415,1581392,V,547,481,-1
1788814677.9912,1581406,V,547,481,17866
1788814677.9913,1581414,V,546,480,-1
1788814677.9913,1581422,V,547,481,-1
1788814677.9913,1581430,V,548,482,-1
1788814677.9913,1581438,V,548,482,-1
1788814677.9913,1581446,V,548,482,-1
1788814678.0400,1581459,V,546,480,17867
1788814678.0400,1581467,V,546,480,-1
1788814678.0400,1581475,V,565,497,-1
1788814678.0400,1581483,V,547,481,-1
1788814678.0400,1581491,V,547,481,-1
1788814678.0400,1581499,V,546,480,-1
1788814678.0879,1581513,V,547,481,17868
1788814678.0880,1581521,V,546,480,-1
1788814678.0880,1581529,V,547,481,-1
1788814678.0880,1581537,V,547,481,-1
1788814678.0881,1581545,V,548,482,-1
1788814678.0881,1581553,V,547,481,-1
1788814678.1379,1581567,V,547,481,17869
1788814678.1379,1581575,V,548,482,-1
1788814678.1379,1581583,V,547,481,-1
1788814678.1379,1581591,V,547,481,-1
1788814678.1380,1581599,V,546,480,-1
1788814678.1380,1581607,V,548,482,-1
1788814678.1856,1581620,V,546,480,17870
1788814678.1856,1581628,V,547,481,-1
1788814678.1856,1581636,V,547,481,-1
1788814678.1856,1581644,V,546,480,-1
1788814678.1856,1581652,V,547,481,-1
1788814678.1856,1581660,V,546,480,-1
1788814678.2339,1581674,V,547,481,17871
1788814678.2339,1581682,V,546,480,-1
1788814678.2339,1581690,V,546,480,-1
1788814678.2339,1581698,V,547,481,-1
1788814678.2339,1581706,V,545,479,-1
1788814678.2339,1581714,V,545,479,-1
1788814678.3317,1581728,V,546,480,17872
1788814678.3319,1581736,V,546,480,-1
1788814678.3319,1581744,V,545,479,-1
1788814678.3319,1581752,V,546,480,-1
1788814678.3319,1581760,V,546,480,-1
1788814678.3319,1581768,V,546,480,-1
1788814678.3809,1581781,V,547,481,17873
1788814678.3809,1581789,V,547,481,-1
1788814678.3809,1581797,V,546,480,-1
1788814678.3809,1581805,V,548,482,-1
1788814678.3809,1581813,V,552,485,-1
1788814678.3810,1581821,V,547,481,-1
1788814678.4291,1581835,V,546,480,17874
1788814678.4292,1581843,V,547,481,-1
1788814678.4292,1581851,V,546,480,-1
1788814678.4292,1581859,V,546,480,-1
1788814678.4292,1581867,V,546,480,-1
1788814678.4292,1581875,V,546,480,-1
1788814678.4778,1581888,V,547,481,17875
1788814678.4778,1581896,V,547,481,-1
1788814678.4778,1581904,V,545,479,-1
1788814678.4778,1581912,V,551,484,-1
1788814678.4778,1581920,V,546,480,-1
1788814678.4778,1581928,V,546,480,-1
1788814678.5271,1581942,V,547,481,17876
1788814678.5271,1581950,V,547,481,-1
1788814678.5272,1581958,V,545,479,-1
1788814678.5272,1581966,V,546,480,-1
1788814678.5272,1581974,V,547,481,-1
1788814678.5272,1581982,V,547,481,-1
1788814678.5753,1581995,V,546,480,17877
1788814678.5754,1582003,V,547,481,-1
1788814678.5754,1582011,V,563,495,-1
1788814678.5754,1582019,V,546,480,-1
1788814678.5754,1582027,V,546,480,-1
1788814678.5754,1582035,V,546,480,-1
1788814678.6260,1582049,V,546,480,17878
1788814678.6260,1582057,V,546,480,-1
1788814678.6260,1582065,V,545,479,-1
1788814678.6260,1582073,V,545,479,-1
1788814678.6260,1582081,V,546,480,-1
1788814678.6260,1582089,V,546,480,-1
1788814678.6741,1582103,V,545,479,17879
1788814678.6741,1582111,V,548,482,-1
1788814678.6741,1582119,V,547,481,-1
1788814678.6742,1582127,V,546,480,-1
1788814678.6742,1582135,V,545,479,-1
1788814678.6742,1582143,V,547,481,-1
1788814678.7216,1582156,V,547,481,17880
1788814678.7216,1582164,V,546,480,-1
1788814678.7217,1582172,V,545,479,-1
1788814678.7217,1582180,V,546,480,-1
1788814678.7217,1582188,V,546,480,-1
1788814678.7217,1582196,V,545,479,-1
1788814678.7704,1582210,V,546,480,17881
1788814678.7705,1582218,V,547,481,-1
1788814678.7705,1582226,V,546,480,-1
1788814678.7705,1582234,V,546,480,-1
1788814678.7705,1582242,V,547,481,-1
1788814678.7705,1582250,V,546,480,-1
1788814678.8683,1582264,V,548,482,17882
1788814678.8684,1582272,V,547,481,-1
1788814678.8685,1582280,V,546,480,-1
1788814678.8685,1582288,V,547,481,-1
1788814678.8685,1582296,V,546,480,-1
1788814678.8685,1582304,V,547,481,-1
1788814678.9171,1582317,V,546,480,17883
1788814678.9171,1582325,V,547,481,-1
1788814678.9171,1582333,V,546,480,-1
1788814678.9171,1582341,V,547,481,-1
1788814678.9171,1582349,V,552,485,-1
1788814678.9171,1582357,V,547,481,-1
1788814679.0143,1582371,V,547,481,17884
1788814679.0143,1582379,V,547,481,-1
1788814679.0143,1582387,V,546,480,-1
1788814679.0143,1582395,V,547,481,-1
1788814679.0143,1582403,V,548,482,-1
1788814679.0143,1582411,V,547,481,-1
1788814679.0152,1582424,V,548,482,17885
1788814679.0152,1582432,V,547,481,-1
1788814679.0152,1582440,V,548,482,-1
1788814679.0152,1582448,V,549,483,-1
1788814679.0152,1582456,V,547,481,-1
1788814679.0152,1582464,V,547,481,-1
1788814679.0639,1582478,V,547,481,17886
1788814679.0639,1582486,V,547,481,-1
1788814679.0639,1582494,V,547,481,-1
1788814679.0639,1582502,V,546,480,-1
1788814679.0639,1582510,V,547,481,-1
1788814679.0639,1582518,V,547,481,-1
1788814679.1625,1582532,V,547,481,17887
1788814679.1627,1582540,V,545,479,-1
1788814679.1628,1582548,V,563,495,-1
1788814679.1628,1582556,V,547,481,-1
1788814679.1628,1582564,V,546,480,-1
1788814679.1628,1582572,V,547,481,-1
1788814679.1631,1582585,V,547,481,17888
1788814679.1631,1582593,V,547,481,-1
1788814679.1631,1582601,V,546,480,-1
1788814679.1631,1582609,V,546,480,-1
1788814679.1631,1582617,V,546,480,-1
1788814679.1631,1582625,V,547,481,-1
1788814679.2105,1582639,V,547,481,17889
1788814679.2106,1582647,V,556,489,-1
1788814679.2106,1582655,V,546,480,-1
1788814679.2106,1582663,V,546,480,-1
1788814679.2106,1582671,V,547,481,-1
1788814679.2106,1582679,V,546,480,-1
1788814679.2579,1582693,V,546,480,17890
1788814679.2579,1582701,V,547,481,-1
1788814679.2579,1582709,V,546,480,-1
1788814679.2579,1582717,V,547,481,-1
1788814679.2580,1582725,V,547,481,-1
1788814679.2580,1582733,V,547,481,-1
1788814679.3068,1582746,V,547,481,17891
1788814679.3068,1582754,V,545,479,-1
1788814679.3068,1582762,V,546,480,-1
1788814679.3068,1582770,V,546,480,-1
1788814679.3068,1582778,V,545,479,-1
1788814679.3068,1582786,V,548,482,-1
1788814679.4045,1582800,V,547,481,17892
1788814679.4047,1582808,V,546,480,-1
1788814679.4047,1582816,V,547,481,-1
1788814679.4047,1582824,V,547,481,-1
1788814679.4047,1582832,V,548,482,-1
1788814679.4047,1582840,V,546,480,-1
1788814679.4530,1582854,V,547,481,17893
1788814679.4530,1582862,V,548,482,-1
1788814679.4530,1582870,V,547,481,-1
1788814679.4530,1582878,V,548,482,-1
1788814679.4530,1582886,V,553,486,-1
1788814679.4530,1582894,V,546,480,-1
1788814679.5018,1582907,V,546,480,17894
1788814679.5018,1582915,V,546,480,-1
1788814679.5018,1582923,V,546,480,-1
1788814679.5018,1582931,V,547,481,-1
1788814679.5019,1582939,V,546,480,-1
1788814679.5019,1582947,V,546,480,-1
1788814679.5513,1582961,V,546,480,17895
1788814679.5514,1582969,V,546,480,-1
1788814679.5514,1582977,V,546,480,-1
1788814679.5514,1582985,V,549,483,-1
1788814679.5514,1582993,V,546,480,-1
1788814679.5514,1583001,V,545,479,-1
1788814679.6000,1583014,V,546,480,17896
1788814679.6000,1583022,V,546,480,-1
1788814679.6001,1583030,V,546,480,-1
1788814679.6001,1583038,V,546,480,-1
1788814679.6001,1583046,V,547,481,-1
1788814679.6001,1583054,V,546,480,-1
1788814679.6497,1583068,V,546,480,17897
1788814679.6498,1583076,V,546,480,-1
1788814679.6498,1583084,V,566,497,-1
1788814679.6499,1583092,V,546,480,-1
1788814679.6499,1583100,V,546,480,-1
1788814679.6499,1583108,V,546,480,-1
1788814679.6966,1583122,V,546,480,17898
1788814679.6966,1583130,V,547,481,-1
1788814679.6967,1583138,V,547,481,-1
1788814679.6967,1583146,V,546,480,-1
1788814679.6967,1583154,V,547,481,-1
1788814679.6967,1583162,V,547,481,-1
1788814679.7458,1583175,V,546,480,17899
1788814679.7458,1583183,V,546,480,-1
1788814679.7458,1583191,V,547,481,-1
1788814679.7458,1583199,V,546,480,-1
1788814679.7458,1583207,V,547,481,-1
1788814679.7458,1583215,V,546,480,-1
1788814679.7939,1583229,V,547,481,17900
1788814679.7939,1583237,V,547,481,-1
1788814679.7939,1583245,V,546,480,-1
1788814679.7940,1583253,V,547,481,-1
1788814679.7940,1583261,V,547,481,-1
1788814679.7940,1583269,V,547,481,-1
1788814679.8439,1583282,V,548,482,17901
1788814679.8440,1583290,V,547,481,-1
1788814679.8440,1583298,V,547,481,-1
1788814679.8440,1583306,V,546,480,-1
1788814679.8440,1583314,V,547,481,-1
1788814679.8440,1583322,V,547,481,-1
1788814679.9405,1583336,V,547,481,17902
1788814679.9407,1583344,V,546,480,-1
1788814679.9407,1583352,V,546,480,-1
1788814679.9407,1583360,V,547,481,-1
1788814679.9407,1583368,V,547,481,-1
1788814679.9407,1583376,V,547,481,-1
1788814679.9893,1583390,V,547,481,17903
1788814679.9893,1583398,V,546,480,-1
1788814679.9893,1583406,V,547,481,-1
1788814679.9893,1583414,V,545,479,-1
1788814679.9894,1583422,V,552,485,-1
1788814679.9894,1583430,V,545,479,-1
1788814680.0376,1583443,V,545,479,17904
1788814680.0376,1583451,V,545,479,-1
1788814680.0376,1583459,V,546,480,-1
1788814680.0376,1583467,V,545,479,-1
1788814680.0376,1583475,V,545,479,-1
1788814680.0376,1583483,V,547,481,-1
1788814680.0865,1583497,V,546,480,17905
1788814680.0865,1583505,V,546,480,-1
1788814680.0865,1583513,V,546,480,-1
1788814680.0865,1583521,V,547,481,-1
1788814680.0866,1583529,V,545,479,-1
1788814680.0866,1583537,V,545,479,-1
1788814680.1842,1583551,V,545,479,17906
1788814680.1843,1583559,V,547,481,-1
1788814680.1844,1583567,V,546,480,-1
1788814680.1844,1583575,V,546,480,-1
1788814680.1845,1583583,V,546,480,-1
1788814680.1845,1583591,V,546,480,-1
1788814680.1853,1583604,V,545,479,17907
1788814680.1854,1583612,V,546,480,-1
1788814680.1854,1583620,V,565,497,-1
1788814680.1854,1583628,V,546,480,-1
1788814680.1854,1583636,V,545,479,-1
1788814680.1854,1583644,V,547,481,-1
1788814680.2342,1583658,V,546,480,17908
1788814680.2343,1583666,V,546,480,-1
1788814680.2344,1583674,V,546,480,-1
1788814680.2345,1583682,V,546,480,-1
1788814680.2345,1583690,V,546,480,-1
1788814680.2345,1583698,V,545,479,-1
1788814680.2833,1583712,V,546,480,17909
1788814680.2833,1583720,V,547,481,-1
1788814680.2833,1583728,V,547,481,-1
1788814680.2833,1583736,V,547,481,-1
1788814680.2833,1583744,V,546,480,-1
1788814680.2834,1583752,V,546,480,-1
1788814680.3301,1583765,V,548,482,17910
1788814680.3302,1583773,V,547,481,-1
1788814680.3302,1583781,V,547,481,-1
1788814680.3302,1583789,V,547,481,-1
1788814680.3302,1583797,V,546,480,-1
1788814680.3302,1583805,V,547,481,-1
1788814680.3800,1583819,V,547,481,17911
1788814680.3800,1583827,V,547,481,-1
1788814680.3800,1583835,V,548,482,-1
1788814680.3800,1583843,V,547,481,-1
1788814680.3800,1583851,V,547,481,-1
1788814680.3800,1583859,V,546,480,-1
1788814680.4775,1583873,V,546,480,17912
1788814680.4777,1583881,V,546,480,-1
1788814680.4777,1583889,V,546,480,-1
1788814680.4777,1583897,V,547,481,-1
1788814680.4777,1583905,V,545,479,-1
1788814680.4777,1583913,V,546,480,-1
1788814680.5266,1583926,V,546,480,17913
1788814680.5266,1583934,V,547,481,-1
1788814680.5266,1583942,V,546,480,-1
1788814680.5266,1583950,V,545,479,-1
1788814680.5266,1583958,V,552,485,-1
1788814680.5267,1583966,V,546,480,-1
1788814680.5750,1583980,V,547,481,17914
1788814680.5750,1583988,V,546,480,-1
1788814680.5750,1583996,V,547,481,-1
1788814680.5750,1584004,V,546,480,-1
1788814680.5750,1584012,V,545,479,-1
1788814680.5750,1584020,V,545,479,-1
1788814680.6234,1584033,V,545,479,17915
1788814680.6234,1584041,V,549,483,-1
1788814680.6234,1584049,V,548,482,-1
1788814680.6234,1584057,V,551,484,-1
1788814680.6234,1584065,V,548,482,-1
1788814680.6235,1584073,V,545,479,-1
1788814680.6725,1584087,V,546,480,17916
1788814680.6725,1584095,V,547,481,-1
1788814680.6725,1584103,V,546,480,-1
1788814680.6725,1584111,V,547,481,-1
1788814680.6725,1584119,V,547,481,-1
1788814680.6725,1584127,V,546,480,-1
1788814680.7203,1584141,V,548,482,17917
1788814680.7204,1584149,V,547,481,-1
1788814680.7204,1584157,V,547,481,-1
1788814680.7204,1584165,V,548,482,-1
1788814680.7204,1584173,V,548,482,-1
1788814680.7204,1584181,V,547,481,-1
1788814680.7700,1584195,V,546,480,17918
1788814680.7700,1584203,V,547,481,-1
1788814680.7700,1584211,V,548,482,-1
1788814680.7700,1584219,V,546,480,-1
1788814680.7700,1584227,V,547,481,-1
1788814680.7700,1584235,V,547,481,-1
1788814680.8176,1584248,V,548,482,17919
1788814680.8176,1584256,V,546,480,-1
1788814680.8176,1584264,V,547,481,-1
1788814680.8176,1584272,V,546,480,-1
1788814680.8176,1584280,V,547,481,-1
1788814680.8176,1584288,V,546,480,-1
1788814680.8664,1584302,V,548,482,17920
1788814680.8664,1584310,V,547,481,-1
1788814680.8664,1584318,V,546,480,-1
1788814680.8664,1584326,V,546,480,-1
1788814680.8664,1584334,V,546,480,-1
1788814680.8664,1584342,V,546,480,-1
1788814680.9152,1584356,V,546,480,17921
1788814680.9152,1584364,V,546,480,-1
1788814680.9152,1584372,V,546,480,-1
1788814680.9152,1584380,V,546,480,-1
1788814680.9152,1584388,V,546,480,-1
1788814680.9152,1584396,V,549,483,-1
1788814681.0130,1584409,V,546,480,17922
1788814681.0131,1584417,V,546,480,-1
1788814681.0131,1584425,V,545,479,-1
1788814681.0131,1584433,V,546,480,-1
1788814681.0131,1584441,V,547,481,-1
1788814681.0131,1584449,V,546,480,-1
1788814681.0619,1584463,V,545,479,17923
1788814681.0620,1584471,V,545,479,-1
1788814681.0620,1584479,V,546,480,-1
1788814681.0620,1584487,V,547,481,-1
1788814681.0620,1584495,V,550,483,-1
1788814681.0620,1584503,V,547,481,-1
1788814681.1114,1584516,V,546,480,17924
1788814681.1114,1584524,V,547,481,-1
1788814681.1114,1584532,V,547,481,-1
1788814681.1114,1584540,V,546,480,-1
1788814681.1114,1584548,V,548,482,-1
1788814681.1114,1584556,V,547,481,-1
1788814681.1600,1584570,V,547,481,17925
1788814681.1600,1584578,V,546,480,-1
1788814681.1601,1584586,V,548,482,-1
1788814681.1601,1584594,V,563,495,-1
1788814681.1601,1584602,V,547,481,-1
1788814681.1601,1584610,V,546,480,-1
1788814681.2567,1584624,V,546,480,17926
1788814681.2568,1584632,V,547,481,-1
1788814681.2568,1584640,V,548,482,-1
1788814681.2568,1584648,V,548,482,-1
1788814681.2568,1584656,V,548,482,-1
1788814681.2568,1584664,V,547,481,-1
1788814681.2582,1584677,V,547,481,17927
1788814681.2583,1584685,V,546,480,-1
1788814681.2583,1584693,V,548,482,-1
1788814681.2583,1584701,V,546,480,-1
1788814681.2583,1584709,V,546,480,-1
1788814681.2583,1584717,V,547,481,-1
1788814681.3064,1584731,V,547,481,17928
1788814681.3064,1584739,V,547,481,-1
1788814681.3064,1584747,V,546,480,-1
1788814681.3064,1584755,V,547,481,-1
1788814681.3064,1584763,V,547,481,-1
1788814681.3065,1584771,V,546,480,-1
1788814681.3542,1584785,V,546,480,17929
1788814681.3542,1584793,V,546,480,-1
1788814681.3542,1584801,V,547,481,-1
1788814681.3542,1584809,V,546,480,-1
1788814681.3542,1584817,V,545,479,-1
1788814681.3542,1584825,V,546,480,-1
1788814681.4029,1584838,V,547,481,17930
1788814681.4029,1584846,V,547,481,-1
1788814681.4029,1584854,V,546,480,-1
1788814681.4029,1584862,V,547,481,-1
1788814681.4029,1584870,V,546,480,-1
1788814681.4030,1584878,V,547,481,-1
1788814681.4517,1584892,V,546,480,17931
1788814681.4518,1584900,V,546,480,-1
1788814681.4518,1584908,V,547,481,-1
1788814681.4518,1584916,V,547,481,-1
1788814681.4518,1584924,V,547,481,-1
1788814681.4518,1584932,V,551,484,-1
1788814681.5492,1584945,V,547,481,17932
1788814681.5494,1584953,V,547,481,-1
1788814681.5494,1584961,V,547,481,-1
1788814681.5494,1584969,V,546,480,-1
1788814681.5494,1584977,V,547,481,-1
1788814681.5494,1584985,V,547,481,-1
1788814681.5979,1584999,V,547,481,17933
1788814681.5979,1585007,V,547,481,-1
1788814681.5979,1585015,V,546,480,-1
1788814681.5979,1585023,V,547,481,-1
1788814681.5979,1585031,V,550,483,-1
1788814681.5980,1585039,V,546,480,-1
1788814681.6481,1585053,V,547,481,17934
1788814681.6481,1585061,V,546,480,-1
1788814681.6481,1585069,V,546,480,-1
1788814681.6481,1585077,V,546,480,-1
1788814681.6481,1585085,V,547,481,-1
1788814681.6481,1585093,V,547,481,-1
1788814681.6954,1585106,V,548,482,17935
1788814681.6955,1585114,V,547,481,-1
1788814681.6955,1585122,V,546,480,-1
1788814681.6955,1585130,V,565,497,-1
1788814681.6955,1585138,V,547,481,-1
1788814681.6955,1585146,V,547,481,-1
1788814681.7443,1585160,V,546,480,17936
1788814681.7444,1585168,V,547,481,-1
1788814681.7444,1585176,V,547,481,-1
1788814681.7444,1585184,V,547,481,-1
1788814681.7444,1585192,V,547,481,-1
1788814681.7444,1585200,V,547,481,-1
1788814681.7930,1585214,V,547,481,17937
1788814681.7931,1585222,V,547,481,-1
1788814681.7931,1585230,V,547,481,-1
1788814681.7931,1585238,V,547,481,-1
1788814681.7931,1585246,V,547,481,-1
1788814681.7931,1585254,V,546,480,-1
1788814681.8910,1585267,V,546,480,17938
1788814681.8910,1585275,V,547,481,-1
1788814681.8910,1585283,V,546,480,-1
1788814681.8911,1585291,V,547,481,-1
1788814681.8911,1585299,V,546,480,-1
1788814681.8911,1585307,V,546,480,-1
1788814681.9396,1585321,V,548,482,17939
1788814681.9396,1585329,V,547,481,-1
1788814681.9396,1585337,V,547,481,-1
1788814681.9397,1585345,V,547,481,-1
1788814681.9397,1585353,V,546,480,-1
1788814681.9397,1585361,V,546,480,-1
1788814681.9405,1585374,V,546,480,17940
1788814681.9405,1585382,V,548,482,-1
1788814681.9405,1585390,V,547,481,-1
1788814681.9405,1585398,V,547,481,-1
1788814681.9405,1585406,V,547,481,-1
1788814681.9405,1585414,V,547,481,-1
1788814681.9882,1585428,V,547,481,17941
1788814681.9882,1585436,V,548,482,-1
1788814681.9882,1585444,V,547,481,-1
1788814681.9882,1585452,V,547,481,-1
1788814681.9883,1585460,V,548,482,-1
1788814681.9883,1585468,V,548,482,-1
1788814682.1347,1585482,V,547,481,17942
1788814682.1348,1585490,V,547,481,-1
1788814682.1348,1585498,V,546,480,-1
1788814682.1349,1585506,V,546,480,-1
1788814682.1349,1585514,V,547,481,-1
1788814682.1349,1585522,V,547,481,-1
1788814682.1360,1585535,V,547,481,17943
1788814682.1360,1585543,V,546,480,-1
1788814682.1360,1585551,V,547,481,-1
1788814682.1360,1585559,V,547,481,-1
1788814682.1360,1585567,V,552,485,-1
1788814682.1360,1585575,V,546,480,-1
1788814682.1833,1585589,V,548,482,17944
1788814682.1833,1585597,V,547,481,-1
1788814682.1833,1585605,V,547,481,-1
1788814682.1833,1585613,V,547,481,-1
1788814682.1833,1585621,V,547,481,-1
1788814682.1833,1585629,V,547,481,-1
1788814682.2317,1585642,V,546,480,17945
1788814682.2317,1585650,V,546,480,-1
1788814682.2318,1585658,V,547,481,-1
1788814682.2318,1585666,V,553,486,-1
1788814682.2318,1585674,V,547,481,-1
1788814682.2318,1585682,V,546,480,-1
1788814682.2804,1585696,V,547,481,17946
1788814682.2804,1585704,V,546,480,-1
1788814682.2805,1585712,V,547,481,-1
1788814682.2805,1585720,V,547,481,-1
1788814682.2805,1585728,V,546,480,-1
1788814682.2805,1585736,V,546,480,-1
1788814682.3291,1585750,V,546,480,17947
1788814682.3291,1585758,V,546,480,-1
1788814682.3291,1585766,V,548,482,-1
1788814682.3291,1585774,V,547,481,-1
1788814682.3291,1585782,V,547,481,-1
1788814682.3291,1585790,V,546,480,-1
1788814682.3781,1585803,V,546,480,17948
1788814682.3782,1585811,V,545,479,-1
1788814682.3782,1585819,V,546,480,-1
1788814682.3782,1585827,V,547,481,-1
1788814682.3782,1585835,V,547,481,-1
1788814682.3782,1585843,V,547,481,-1
1788814682.4266,1585857,V,547,481,17949
1788814682.4266,1585865,V,547,481,-1
1788814682.4266,1585873,V,547,481,-1
1788814682.4266,1585881,V,547,481,-1
1788814682.4266,1585889,V,546,480,-1
1788814682.4266,1585897,V,546,480,-1
1788814682.4754,1585911,V,547,481,17950
1788814682.4754,1585919,V,547,481,-1
1788814682.4754,1585927,V,546,480,-1
1788814682.4754,1585935,V,546,480,-1
1788814682.4754,1585943,V,547,481,-1
1788814682.4754,1585951,V,547,481,-1
1788814682.5241,1585964,V,547,481,17951
1788814682.5241,1585972,V,547,481,-1
1788814682.5241,1585980,V,546,480,-1
1788814682.5241,1585988,V,547,481,-1
1788814682.5241,1585996,V,546,480,-1
1788814682.5241,1586004,V,549,483,-1
1788814682.6226,1586018,V,547,481,17952
1788814682.6228,1586026,V,546,480,-1
1788814682.6228,1586034,V,547,481,-1
1788814682.6228,1586042,V,547,481,-1
1788814682.6228,1586050,V,547,481,-1
1788814682.6228,1586058,V,548,482,-1
1788814682.6743,1586072,V,547,481,17953
1788814682.6744,1586080,V,547,481,-1
1788814682.6744,1586088,V,548,482,-1
1788814682.6744,1586096,V,546,480,-1
1788814682.6744,1586104,V,547,481,-1
1788814682.6744,1586112,V,547,481,-1
1788814682.7201,1586125,V,547,481,17954
1788814682.7201,1586133,V,547,481,-1
1788814682.7201,1586141,V,546,480,-1
1788814682.7201,1586149,V,547,481,-1
1788814682.7201,1586157,V,546,480,-1
1788814682.7202,1586165,V,546,480,-1
1788814682.7692,1586179,V,546,480,17955
1788814682.7692,1586187,V,547,481,-1
1788814682.7692,1586195,V,546,480,-1
1788814682.7692,1586203,V,561,493,-1
1788814682.7692,1586211,V,546,480,-1
1788814682.7692,1586219,V,547,481,-1
1788814682.8167,1586232,V,546,480,17956
1788814682.8167,1586240,V,547,481,-1
1788814682.8167,1586248,V,547,481,-1
1788814682.8167,1586256,V,546,480,-1
1788814682.8167,1586264,V,547,481,-1
1788814682.8167,1586272,V,546,480,-1
1788814682.8661,1586286,V,546,480,17957
1788814682.8662,1586294,V,547,481,-1
1788814682.8662,1586302,V,548,482,-1
1788814682.8662,1586310,V,545,479,-1
1788814682.8662,1586318,V,547,481,-1
1788814682.8662,1586326,V,545,479,-1
1788814682.9142,1586340,V,546,480,17958
1788814682.9143,1586348,V,546,480,-1
1788814682.9143,1586356,V,546,480,-1
1788814682.9143,1586364,V,545,479,-1
1788814682.9143,1586372,V,547,481,-1
1788814682.9143,1586380,V,547,481,-1
1788814682.9628,1586393,V,548,482,17959
1788814682.9628,1586401,V,547,481,-1
1788814682.9628,1586409,V,547,481,-1
1788814682.9628,1586417,V,545,479,-1
1788814682.9628,1586425,V,547,481,-1
1788814682.9628,1586433,V,547,481,-1
1788814683.0113,1586447,V,545,479,17960
1788814683.0113,1586455,V,547,481,-1
1788814683.0114,1586463,V,547,481,-1
1788814683.0114,1586471,V,546,480,-1
1788814683.0114,1586479,V,546,480,-1
1788814683.0114,1586487,V,546,480,-1
1788814683.0601,1586501,V,546,480,17961
1788814683.0601,1586509,V,546,480,-1
1788814683.0601,1586517,V,546,480,-1
1788814683.0601,1586525,V,546,480,-1
1788814683.0601,1586533,V,548,482,-1
1788814683.0601,1586541,V,550,483,-1
1788814683.1580,1586554,V,546,480,17962
1788814683.1582,1586562,V,546,480,-1
1788814683.1582,1586570,V,547,481,-1
1788814683.1582,1586578,V,549,483,-1
1788814683.1582,1586586,V,547,481,-1
1788814683.1582,1586594,V,547,481,-1
1788814683.2078,1586608,V,546,480,17963
1788814683.2079,1586616,V,546,480,-1
1788814683.2079,1586624,V,547,481,-1
1788814683.2079,1586632,V,547,481,-1
1788814683.2079,1586640,V,549,483,-1
1788814683.2079,1586648,V,546,480,-1
1788814683.3048,1586661,V,547,481,17964
1788814683.3048,1586669,V,546,480,-1
1788814683.3048,1586677,V,546,480,-1
1788814683.3048,1586685,V,547,481,-1
1788814683.3048,1586693,V,547,481,-1
1788814683.3048,1586701,V,548,482,-1
1788814683.3055,1586715,V,547,481,17965
1788814683.3055,1586723,V,547,481,-1
1788814683.3055,1586731,V,547,481,-1
1788814683.3055,1586739,V,559,491,-1
1788814683.3056,1586747,V,547,481,-1
1788814683.3056,1586755,V,546,480,-1
1788814683.3527,1586769,V,547,481,17966
1788814683.3527,1586777,V,546,480,-1
1788814683.3527,1586785,V,547,481,-1
1788814683.3527,1586793,V,546,480,-1
1788814683.3527,1586801,V,546,480,-1
1788814683.3527,1586809,V,547,481,-1
1788814683.4027,1586822,V,545,479,17967
1788814683.4029,1586830,V,546,480,-1
1788814683.4029,1586838,V,548,482,-1
1788814683.4029,1586846,V,547,481,-1
1788814683.4029,1586854,V,546,480,-1
1788814683.4029,1586862,V,546,480,-1
1788814683.4507,1586876,V,547,481,17968
1788814683.4507,1586884,V,546,480,-1
1788814683.4507,1586892,V,547,481,-1
1788814683.4507,1586900,V,547,481,-1
1788814683.4507,1586908,V,547,481,-1
1788814683.4507,1586916,V,547,481,-1
1788814683.4992,1586929,V,547,481,17969
1788814683.4992,1586937,V,548,482,-1
1788814683.4992,1586945,V,548,482,-1
1788814683.4993,1586953,V,547,481,-1
1788814683.4993,1586961,V,547,481,-1
1788814683.4993,1586969,V,547,481,-1
1788814683.5479,1586983,V,548,482,17970
1788814683.5479,1586991,V,547,481,-1
1788814683.5479,1586999,V,547,481,-1
1788814683.5480,1587007,V,547,481,-1
1788814683.5480,1587015,V,548,482,-1
1788814683.5480,1587023,V,546,480,-1
1788814683.5984,1587037,V,546,480,17971
1788814683.5985,1587045,V,547,481,-1
1788814683.5985,1587053,V,545,479,-1
1788814683.5985,1587061,V,545,479,-1
1788814683.5985,1587069,V,545,479,-1
1788814683.5985,1587077,V,548,482,-1
1788814683.6942,1587090,V,547,481,17972
1788814683.6943,1587098,V,546,480,-1
1788814683.6943,1587106,V,546,480,-1
1788814683.6943,1587114,V,545,479,-1
1788814683.6943,1587122,V,545,479,-1
1788814683.6943,1587130,V,546,480,-1
1788814683.7428,1587144,V,546,480,17973
1788814683.7428,1587152,V,546,480,-1
1788814683.7428,1587160,V,546,480,-1
1788814683.7428,1587168,V,546,480,-1
1788814683.7429,1587176,V,550,483,-1
1788814683.7429,1587184,V,547,481,-1
1788814683.7919,1587198,V,547,481,17974
1788814683.7919,1587206,V,547,481,-1
1788814683.7919,1587214,V,548,482,-1
1788814683.7919,1587222,V,547,481,-1
1788814683.7919,1587230,V,547,481,-1
1788814683.7919,1587238,V,547,481,-1
1788814683.8405,1587251,V,547,481,17975
1788814683.8405,1587259,V,548,482,-1
1788814683.8405,1587267,V,548,482,-1
1788814683.8405,1587275,V,564,496,-1
1788814683.8405,1587283,V,546,480,-1
1788814683.8405,1587291,V,547,481,-1
1788814683.8895,1587305,V,547,481,17976
1788814683.8895,1587313,V,546,480,-1
1788814683.8895,1587321,V,547,481,-1
1788814683.8895,1587329,V,546,480,-1
1788814683.8895,1587337,V,546,480,-1
1788814683.8895,1587345,V,546,480,-1
1788814683.9379,1587359,V,549,483,17977
1788814683.9380,1587367,V,548,482,-1
1788814683.9380,1587375,V,549,483,-1
1788814683.9380,1587383,V,547,481,-1
1788814683.9380,1587391,V,548,482,-1
1788814683.9381,1587399,V,547,481,-1
1788814683.9875,1587412,V,548,482,17978
1788814683.9876,1587420,V,548,482,-1
1788814683.9876,1587428,V,548,482,-1
1788814683.9876,1587436,V,547,481,-1
1788814683.9876,1587444,V,547,481,-1
1788814683.9876,1587452,V,548,482,-1
1788814684.0355,1587466,V,548,482,17979
1788814684.0356,1587474,V,548,482,-1
1788814684.0356,1587482,V,548,482,-1
1788814684.0356,1587490,V,547,481,-1
1788814684.0356,1587498,V,548,482,-1
1788814684.0356,1587506,V,546,480,-1
1788814684.0842,1587519,V,546,480,17980
1788814684.0842,1587527,V,548,482,-1
1788814684.0842,1587535,V,547,481,-1
1788814684.0842,1587543,V,546,480,-1
1788814684.0842,1587551,V,546,480,-1
1788814684.0842,1587559,V,546,480,-1
1788814684.1332,1587573,V,547,481,17981
1788814684.1333,1587581,V,546,480,-1
1788814684.1333,1587589,V,545,479,-1
1788814684.1333,1587597,V,546,480,-1
1788814684.1333,1587605,V,546,480,-1
1788814684.1333,1587613,V,551,484,-1
1788814684.2309,1587627,V,547,481,17982
1788814684.2311,1587635,V,547,481,-1
1788814684.2311,1587643,V,546,480,-1
1788814684.2311,1587651,V,547,481,-1
1788814684.2311,1587659,V,547,481,-1
1788814684.2311,1587667,V,546,480,-1
1788814684.2796,1587680,V,547,481,17983
1788814684.2797,1587688,V,546,480,-1
1788814684.2797,1587696,V,546,480,-1
1788814684.2797,1587704,V,548,482,-1
1788814684.2797,1587712,V,548,482,-1
1788814684.2797,1587720,V,547,481,-1
1788814684.3280,1587734,V,547,481,17984
1788814684.3281,1587742,V,546,480,-1
1788814684.3281,1587750,V,546,480,-1
1788814684.3281,1587758,V,547,481,-1
1788814684.3281,1587766,V,547,481,-1
1788814684.3281,1587774,V,547,481,-1
1788814684.3768,1587787,V,545,479,17985
1788814684.3768,1587795,V,547,481,-1
1788814684.3769,1587803,V,545,479,-1
1788814684.3769,1587811,V,560,492,-1
1788814684.3769,1587819,V,547,481,-1
1788814684.3769,1587827,V,547,481,-1
1788814684.4251,1587841,V,546,480,17986
1788814684.4251,1587849,V,547,481,-1
1788814684.4251,1587857,V,547,481,-1
1788814684.4251,1587865,V,547,481,-1
1788814684.4252,1587873,V,547,481,-1
1788814684.4252,1587881,V,547,481,-1
1788814684.4742,1587895,V,547,481,17987
1788814684.4744,1587903,V,547,481,-1
1788814684.4744,1587911,V,549,483,-1
1788814684.4744,1587919,V,547,481,-1
1788814684.4744,1587927,V,547,481,-1
1788814684.4744,1587935,V,547,481,-1
1788814684.5230,1587948,V,548,482,17988
1788814684.5230,1587956,V,547,481,-1
1788814684.5230,1587964,V,546,480,-1
1788814684.5230,1587972,V,547,481,-1
1788814684.5230,1587980,V,546,480,-1
1788814684.5230,1587988,V,548,482,-1
1788814684.5738,1588002,V,547,481,17989
1788814684.5738,1588010,V,546,480,-1
1788814684.5738,1588018,V,547,481,-1
1788814684.5738,1588026,V,547,481,-1
1788814684.5738,1588034,V,547,481,-1
1788814684.5738,1588042,V,547,481,-1
1788814684.6203,1588055,V,546,480,17990
1788814684.6203,1588063,V,547,481,-1
1788814684.6203,1588071,V,548,482,-1
1788814684.6203,1588079,V,548,482,-1
1788814684.6203,1588087,V,547,481,-1
1788814684.6203,1588095,V,548,482,-1
1788814684.6706,1588109,V,547,481,17991
1788814684.6706,1588117,V,548,482,-1
1788814684.6706,1588125,V,546,480,-1
1788814684.6706,1588133,V,547,481,-1
1788814684.6706,1588141,V,548,482,-1
1788814684.6706,1588149,V,550,483,-1
1788814684.7668,1588163,V,547,481,17992
1788814684.7669,1588171,V,547,481,-1
1788814684.7669,1588179,V,548,482,-1
1788814684.7669,1588187,V,547,481,-1
1788814684.7669,1588195,V,548,482,-1
1788814684.7669,1588203,V,547,481,-1
1788814684.8158,1588216,V,547,481,17993
1788814684.8158,1588224,V,546,480,-1
1788814684.8158,1588232,V,547,481,-1
1788814684.8158,1588240,V,547,481,-1
1788814684.8159,1588248,V,553,486,-1
1788814684.8159,1588256,V,548,482,-1
1788814684.8642,1588270,V,547,481,17994
1788814684.8642,1588278,V,547,481,-1
1788814684.8642,1588286,V,548,482,-1
1788814684.8642,1588294,V,548,482,-1
1788814684.8642,1588302,V,548,482,-1
1788814684.8642,1588310,V,548,482,-1
1788814684.9130,1588324,V,547,481,17995
1788814684.9130,1588332,V,548,482,-1
1788814684.9130,1588340,V,547,481,-1
1788814684.9130,1588348,V,559,491,-1
1788814684.9130,1588356,V,548,482,-1
1788814684.9130,1588364,V,547,481,-1
1788814684.9616,1588377,V,547,481,17996
1788814684.9617,1588385,V,548,482,-1
1788814684.9617,1588393,V,548,482,-1
1788814684.9617,1588401,V,547,481,-1
1788814684.9617,1588409,V,547,481,-1
1788814684.9617,1588417,V,548,482,-1
1788814685.0104,1588431,V,546,480,17997
1788814685.0105,1588439,V,547,481,-1
1788814685.0105,1588447,V,548,482,-1
1788814685.0105,1588455,V,546,480,-1
1788814685.0105,1588463,V,546,480,-1
1788814685.0105,1588471,V,547,481,-1
1788814685.0593,1588485,V,546,480,17998
1788814685.0593,1588493,V,546,480,-1
1788814685.0593,1588501,V,546,480,-1
1788814685.0593,1588509,V,546,480,-1
1788814685.0593,1588517,V,547,481,-1
1788814685.0593,1588525,V,546,480,-1
1788814685.1084,1588538,V,547,481,17999
1788814685.1084,1588546,V,547,481,-1
1788814685.1084,1588554,V,546,480,-1
1788814685.1084,1588562,V,547,481,-1
1788814685.1084,1588570,V,547,481,-1
1788814685.1084,1588578,V,546,480,-1
1788814685.1563,1588592,V,547,481,18000
1788814685.1563,1588600,V,546,480,-1
1788814685.1563,1588608,V,546,480,-1
1788814685.1563,1588616,V,545,479,-1
1788814685.1563,1588624,V,546,480,-1
1788814685.1563,1588632,V,546,480,-1
1788814685.2054,1588646,V,546,480,18001
1788814685.2054,1588654,V,547,481,-1
1788814685.2054,1588662,V,547,481,-1
1788814685.2055,1588670,V,547,481,-1
1788814685.2055,1588678,V,546,480,-1
1788814685.2055,1588686,V,550,483,-1
1788814685.3030,1588699,V,546,480,18002
1788814685.3032,1588707,V,547,481,-1
1788814685.3032,1588715,V,545,479,-1
1788814685.3032,1588723,V,546,480,-1
1788814685.3032,1588731,V,548,482,-1
1788814685.3032,1588739,V,546,480,-1
1788814685.3521,1588753,V,547,481,18003
1788814685.3522,1588761,V,546,480,-1
1788814685.3522,1588769,V,546,480,-1
1788814685.3522,1588777,V,547,481,-1
1788814685.3522,1588785,V,549,483,-1
1788814685.3522,1588793,V,546,480,-1
1788814685.4007,1588806,V,546,480,18004
1788814685.4007,1588814,V,546,480,-1
1788814685.4007,1588822,V,546,480,-1
1788814685.4007,1588830,V,546,480,-1
1788814685.4007,1588838,V,548,482,-1
1788814685.4007,1588846,V,546,480,-1
1788814685.4489,1588860,V,546,480,18005
1788814685.4489,1588868,V,547,481,-1
1788814685.4489,1588876,V,546,480,-1
1788814685.4489,1588884,V,564,496,-1
1788814685.4489,1588892,V,546,480,-1
1788814685.4490,1588900,V,545,479,-1
1788814685.4979,1588914,V,546,480,18006
1788814685.4979,1588922,V,546,480,-1
1788814685.4979,1588930,V,547,481,-1
1788814685.4979,1588938,V,546,480,-1
1788814685.4980,1588946,V,547,481,-1
1788814685.4980,1588954,V,547,481,-1
1788814685.5467,1588967,V,547,481,18007
1788814685.5468,1588975,V,546,480,-1
1788814685.5468,1588983,V,549,483,-1
1788814685.5469,1588991,V,546,480,-1
1788814685.5469,1588999,V,547,481,-1
1788814685.5469,1589007,V,546,480,-1
1788814685.5958,1589021,V,547,481,18008
1788814685.5959,1589029,V,546,480,-1
1788814685.5961,1589037,V,547,481,-1
1788814685.5961,1589045,V,546,480,-1
1788814685.5961,1589053,V,547,481,-1
1788814685.5961,1589061,V,546,480,-1
1788814685.6443,1589075,V,548,482,18009
1788814685.6443,1589083,V,547,481,-1
1788814685.6443,1589091,V,546,480,-1
1788814685.6443,1589099,V,547,481,-1
1788814685.6443,1589107,V,546,480,-1
1788814685.6443,1589115,V,547,481,-1
1788814685.6946,1589128,V,547,481,18010
1788814685.6946,1589136,V,546,480,-1
1788814685.6946,1589144,V,547,481,-1
1788814685.6946,1589152,V,546,480,-1
1788814685.6946,1589160,V,547,481,-1
1788814685.6946,1589168,V,547,481,-1
1788814685.7412,1589182,V,548,482,18011
1788814685.7412,1589190,V,547,481,-1
1788814685.7412,1589198,V,547,481,-1
1788814685.7412,1589206,V,547,481,-1
1788814685.7412,1589214,V,548,482,-1
1788814685.7412,1589222,V,550,483,-1
1788814685.8390,1589235,V,548,482,18012
1788814685.8390,1589243,V,547,481,-1
1788814685.8390,1589251,V,546,480,-1
1788814685.8390,1589259,V,547,481,-1
1788814685.8390,1589267,V,547,481,-1
1788814685.8390,1589275,V,547,481,-1
1788814685.8888,1589289,V,547,481,18013
1788814685.8888,1589297,V,547,481,-1
1788814685.8888,1589305,V,548,482,-1
1788814685.8888,1589313,V,548,482,-1
1788814685.8888,1589321,V,552,485,-1
1788814685.8888,1589329,V,547,481,-1
1788814685.9369,1589343,V,546,480,18014
1788814685.9369,1589351,V,546,480,-1
1788814685.9369,1589359,V,547,481,-1
1788814685.9369,1589367,V,547,481,-1
1788814685.9369,1589375,V,547,481,-1
1788814685.9369,1589383,V,546,480,-1
1788814685.9857,1589396,V,546,480,18015
1788814685.9857,1589404,V,545,479,-1
1788814685.9857,1589412,V,546,480,-1
1788814685.9857,1589420,V,564,496,-1
1788814685.9857,1589428,V,546,480,-1
1788814685.9857,1589436,V,547,481,-1
1788814686.0344,1589450,V,546,480,18016
1788814686.0344,1589458,V,546,480,-1
1788814686.0344,1589466,V,546,480,-1
1788814686.0344,1589474,V,547,481,-1
1788814686.0344,1589482,V,547,481,-1
1788814686.0344,1589490,V,546,480,-1
1788814686.0831,1589503,V,546,480,18017
1788814686.0832,1589511,V,546,480,-1
1788814686.0833,1589519,V,548,482,-1
1788814686.0833,1589527,V,546,480,-1
1788814686.0833,1589535,V,546,480,-1
1788814686.0833,1589543,V,546,480,-1
1788814686.1339,1589557,V,545,479,18018
1788814686.1339,1589565,V,546,480,-1
1788814686.1339,1589573,V,546,480,-1
1788814686.1339,1589581,V,546,480,-1
1788814686.1339,1589589,V,547,481,-1
1788814686.1339,1589597,V,547,481,-1
1788814686.1805,1589611,V,547,481,18019
1788814686.1806,1589619,V,546,480,-1
1788814686.1806,1589627,V,547,481,-1
1788814686.1806,1589635,V,548,482,-1
1788814686.1806,1589643,V,547,481,-1
1788814686.1806,1589651,V,547,481,-1
1788814686.2291,1589664,V,547,481,18020
1788814686.2292,1589672,V,547,481,-1
1788814686.2292,1589680,V,547,481,-1
1788814686.2292,1589688,V,545,479,-1
1788814686.2292,1589696,V,546,480,-1
1788814686.2292,1589704,V,547,481,-1
1788814686.2780,1589718,V,545,479,18021
1788814686.2780,1589726,V,547,481,-1
1788814686.2780,1589734,V,547,481,-1
1788814686.2781,1589742,V,546,480,-1
1788814686.2781,1589750,V,546,480,-1
1788814686.2781,1589758,V,547,481,-1
1788814686.3756,1589771,V,546,480,18022
1788814686.3757,1589779,V,546,480,-1
1788814686.3757,1589787,V,546,480,-1
1788814686.3757,1589795,V,546,480,-1
1788814686.3757,1589803,V,545,479,-1
1788814686.3757,1589811,V,546,480,-1
1788814686.4255,1589825,V,545,479,18023
1788814686.4255,1589833,V,545,479,-1
1788814686.4255,1589841,V,545,479,-1
1788814686.4255,1589849,V,546,480,-1
1788814686.4255,1589857,V,551,484,-1
1788814686.4255,1589865,V,547,481,-1
1788814686.4729,1589879,V,547,481,18024
1788814686.4730,1589887,V,547,481,-1
1788814686.4730,1589895,V,545,479,-1
1788814686.4730,1589903,V,546,480,-1
1788814686.4730,1589911,V,547,481,-1
1788814686.4730,1589919,V,547,481,-1
1788814686.5218,1589932,V,547,481,18025
1788814686.5219,1589940,V,546,480,-1
1788814686.5219,1589948,V,546,480,-1
1788814686.5219,1589956,V,559,491,-1
1788814686.5219,1589964,V,546,480,-1
1788814686.5219,1589972,V,547,481,-1
1788814686.5707,1589986,V,546,480,18026
1788814686.5707,1589994,V,546,480,-1
1788814686.5707,1590002,V,546,480,-1
1788814686.5707,1590010,V,547,481,-1
1788814686.5707,1590018,V,546,480,-1
1788814686.5708,1590026,V,547,481,-1
1788814686.6190,1590040,V,546,480,18027
1788814686.6191,1590048,V,546,480,-1
1788814686.6191,1590056,V,548,482,-1
1788814686.6191,1590064,V,546,480,-1
1788814686.6191,1590072,V,546,480,-1
1788814686.6191,1590080,V,546,480,-1
1788814686.6684,1590093,V,545,479,18028
1788814686.6684,1590101,V,546,480,-1
1788814686.6684,1590109,V,546,480,-1
1788814686.6685,1590117,V,547,481,-1
1788814686.6685,1590125,V,546,480,-1
1788814686.6685,1590133,V,546,480,-1
1788814686.7186,1590147,V,547,481,18029
1788814686.7186,1590155,V,546,480,-1
1788814686.7186,1590163,V,546,480,-1
1788814686.7186,1590171,V,547,481,-1
1788814686.7186,1590179,V,546,480,-1
1788814686.7186,1590187,V,546,480,-1
1788814686.7656,1590201,V,546,480,18030
1788814686.7657,1590209,V,547,481,-1
1788814686.7657,1590217,V,546,480,-1
1788814686.7657,1590225,V,546,480,-1
1788814686.7657,1590233,V,545,479,-1
1788814686.7657,1590241,V,547,481,-1
1788814686.8144,1590254,V,547,481,18031
1788814686.8144,1590262,V,546,480,-1
1788814686.8144,1590270,V,544,478,-1
1788814686.8144,1590278,V,547,481,-1
1788814686.8144,1590286,V,547,481,-1
1788814686.8144,1590294,V,546,480,-1
1788814686.9116,1590308,V,545,479,18032
1788814686.9118,1590316,V,546,480,-1
1788814686.9118,1590324,V,545,479,-1
1788814686.9118,1590332,V,546,480,-1
1788814686.9118,1590340,V,546,480,-1
1788814686.9118,1590348,V,546,480,-1
1788814686.9605,1590361,V,545,479,18033
1788814686.9606,1590369,V,546,480,-1
1788814686.9606,1590377,V,546,480,-1
1788814686.9606,1590385,V,547,481,-1
1788814686.9606,1590393,V,550,483,-1
1788814686.9606,1590401,V,547,481,-1
1788814687.0094,1590415,V,547,481,18034
1788814687.0094,1590423,V,547,481,-1
1788814687.0094,1590431,V,546,480,-1
1788814687.0094,1590439,V,545,479,-1
1788814687.0094,1590447,V,547,481,-1
1788814687.0094,1590455,V,546,480,-1
1788814687.0580,1590469,V,547,481,18035
1788814687.0580,1590477,V,546,480,-1
1788814687.0580,1590485,V,546,480,-1
1788814687.0580,1590493,V,557,490,-1
1788814687.0580,1590501,V,545,479,-1
1788814687.0580,1590509,V,546,480,-1
1788814687.1068,1590522,V,546,480,18036
1788814687.1068,1590530,V,546,480,-1
1788814687.1069,1590538,V,546,480,-1
1788814687.1069,1590546,V,547,481,-1
1788814687.1069,1590554,V,547,481,-1
1788814687.1069,1590562,V,548,482,-1
1788814687.1555,1590576,V,548,482,18037
1788814687.1556,1590584,V,547,481,-1
1788814687.1556,1590592,V,550,483,-1
1788814687.1556,1590600,V,546,480,-1
1788814687.1556,1590608,V,548,482,-1
1788814687.1556,1590616,V,547,481,-1
1788814687.2048,1590630,V,547,481,18038
1788814687.2048,1590638,V,547,481,-1
1788814687.2048,1590646,V,547,481,-1
1788814687.2048,1590654,V,547,481,-1
1788814687.2048,1590662,V,547,481,-1
1788814687.2048,1590670,V,546,480,-1
1788814687.2531,1590683,V,547,481,18039
1788814687.2531,1590691,V,546,480,-1
1788814687.2531,1590699,V,546,480,-1
1788814687.2531,1590707,V,545,479,-1
1788814687.2531,1590715,V,546,480,-1
1788814687.2531,1590723,V,546,480,-1
1788814687.3018,1590737,V,546,480,18040
1788814687.3018,1590745,V,546,480,-1
1788814687.3018,1590753,V,545,479,-1
1788814687.3018,1590761,V,546,480,-1
1788814687.3018,1590769,V,545,479,-1
1788814687.3019,1590777,V,545,479,-1
1788814687.3996,1590790,V,546,480,18041
1788814687.3997,1590798,V,546,480,-1
1788814687.3997,1590806,V,546,480,-1
1788814687.3997,1590814,V,547,481,-1
1788814687.3999,1590822,V,546,480,-1
1788814687.3999,1590830,V,548,482,-1
1788814687.4483,1590844,V,546,480,18042
1788814687.4483,1590852,V,547,481,-1
1788814687.4484,1590860,V,546,480,-1
1788814687.4484,1590868,V,547,481,-1
1788814687.4484,1590876,V,546,480,-1
1788814687.4484,1590884,V,547,481,-1
1788814687.4969,1590898,V,546,480,18043
1788814687.4969,1590906,V,545,479,-1
1788814687.4969,1590914,V,546,480,-1
1788814687.4969,1590922,V,546,480,-1
1788814687.4969,1590930,V,551,484,-1
1788814687.4969,1590938,V,546,480,-1
1788814687.5946,1590951,V,546,480,18044
1788814687.5946,1590959,V,546,480,-1
1788814687.5946,1590967,V,546,480,-1
1788814687.5946,1590975,V,546,480,-1
1788814687.5946,1590983,V,546,480,-1
1788814687.5946,1590991,V,546,480,-1
1788814687.5964,1591005,V,547,481,18045
1788814687.5964,1591013,V,548,482,-1
1788814687.5964,1591021,V,548,482,-1
1788814687.5964,1591029,V,557,490,-1
1788814687.5964,1591037,V,547,481,-1
1788814687.5964,1591045,V,546,480,-1
1788814687.6430,1591059,V,547,481,18046
1788814687.6431,1591067,V,546,480,-1
1788814687.6431,1591075,V,548,482,-1
1788814687.6431,1591083,V,548,482,-1
1788814687.6431,1591091,V,548,482,-1
1788814687.6432,1591099,V,548,482,-1
1788814687.6921,1591112,V,548,482,18047
1788814687.6922,1591120,V,548,482,-1
1788814687.6922,1591128,V,548,482,-1
1788814687.6922,1591136,V,548,482,-1
1788814687.6922,1591144,V,547,481,-1
1788814687.6922,1591152,V,547,481,-1
1788814687.7423,1591166,V,547,481,18048
1788814687.7423,1591174,V,547,481,-1
1788814687.7424,1591182,V,548,482,-1
1788814687.7424,1591190,V,547,481,-1
1788814687.7424,1591198,V,546,480,-1
1788814687.7424,1591206,V,547,481,-1
1788814687.7893,1591220,V,546,480,18049
1788814687.7893,1591228,V,546,480,-1
1788814687.7893,1591236,V,546,480,-1
1788814687.7893,1591244,V,547,481,-1
1788814687.7893,1591252,V,547,481,-1
1788814687.7893,1591260,V,546,480,-1
1788814687.8377,1591273,V,547,481,18050
1788814687.8377,1591281,V,547,481,-1
1788814687.8377,1591289,V,547,481,-1
1788814687.8377,1591297,V,547,481,-1
1788814687.8377,1591305,V,546,480,-1
1788814687.8377,1591313,V,546,480,-1
1788814687.8866,1591327,V,547,481,18051
1788814687.8866,1591335,V,547,481,-1
1788814687.8866,1591343,V,548,482,-1
1788814687.8866,1591351,V,547,481,-1
1788814687.8866,1591359,V,547,481,-1
1788814687.8866,1591367,V,549,483,-1
1788814687.9846,1591380,V,547,481,18052
1788814687.9847,1591388,V,547,481,-1
1788814687.9847,1591396,V,546,480,-1
1788814687.9847,1591404,V,546,480,-1
1788814687.9847,1591412,V,547,481,-1
1788814687.9847,1591420,V,547,481,-1
1788814688.0330,1591434,V,546,480,18053
1788814688.0330,1591442,V,547,481,-1
1788814688.0330,1591450,V,546,480,-1
1788814688.0330,1591458,V,547,481,-1
1788814688.0331,1591466,V,550,483,-1
1788814688.0331,1591474,V,548,482,-1
1788814688.0820,1591488,V,546,480,18054
1788814688.0820,1591496,V,548,482,-1
1788814688.0820,1591504,V,547,481,-1
1788814688.0820,1591512,V,547,481,-1
1788814688.0820,1591520,V,548,482,-1
1788814688.0820,1591528,V,547,481,-1
1788814688.1303,1591541,V,546,480,18055
1788814688.1304,1591549,V,547,481,-1
1788814688.1304,1591557,V,547,481,-1
1788814688.1305,1591565,V,561,493,-1
1788814688.1305,1591573,V,547,481,-1
1788814688.1305,1591581,V,546,480,-1
1788814688.1794,1591595,V,548,482,18056
1788814688.1794,1591603,V,547,481,-1
1788814688.1794,1591611,V,546,480,-1
1788814688.1794,1591619,V,547,481,-1
1788814688.1794,1591627,V,547,481,-1
1788814688.1795,1591635,V,546,480,-1
1788814688.2281,1591649,V,548,482,18057
1788814688.2281,1591657,V,548,482,-1
1788814688.2281,1591665,V,549,483,-1
1788814688.2281,1591673,V,546,480,-1
1788814688.2281,1591681,V,547,481,-1
1788814688.2281,1591689,V,546,480,-1
1788814688.2768,1591702,V,546,480,18058
1788814688.2768,1591710,V,546,480,-1
1788814688.2768,1591718,V,547,481,-1
1788814688.2768,1591726,V,547,481,-1
1788814688.2768,1591734,V,546,480,-1
1788814688.2768,1591742,V,547,481,-1
1788814688.3256,1591756,V,547,481,18059
1788814688.3256,1591764,V,547,481,-1
1788814688.3256,1591772,V,547,481,-1
1788814688.3256,1591780,V,547,481,-1
1788814688.3256,1591788,V,547,481,-1
1788814688.3256,1591796,V,547,481,-1
1788814688.3743,1591809,V,548,482,18060
1788814688.3745,1591817,V,548,482,-1
1788814688.3745,1591825,V,547,481,-1
1788814688.3746,1591833,V,548,482,-1
1788814688.3746,1591841,V,546,480,-1
1788814688.3746,1591849,V,548,482,-1
1788814688.4232,1591863,V,547,481,18061
1788814688.4232,1591871,V,548,482,-1
1788814688.4232,1591879,V,546,480,-1
1788814688.4232,1591887,V,546,480,-1
1788814688.4232,1591895,V,548,482,-1
1788814688.4232,1591903,V,550,483,-1
