host_epoch_s,device_ms,kind,raw_adc,millivolts,seq
1788814861.7289,1765123,V,654,575,18365
1788814861.7289,1765131,V,659,579,-1
1788814861.7289,1765139,V,665,584,-1
1788814861.7290,1765147,V,669,588,-1
1788814861.7290,1765155,V,669,588,-1
1788814861.7290,1765163,V,669,588,-1
1788814861.7784,1765176,V,672,591,18366
1788814861.7784,1765184,V,682,599,-1
1788814861.7784,1765192,V,688,605,-1
1788814861.7784,1765200,V,694,610,-1
1788814861.7784,1765208,V,697,613,-1
1788814861.7784,1765216,V,695,611,-1
1788814861.7790,1765240,KEYDOWN,,,
1788814861.8268,1765230,V,687,604,18367
1788814861.8268,1765238,V,676,594,-1
1788814861.8268,1765246,V,663,583,-1
1788814861.8268,1765254,V,660,580,-1
1788814861.8269,1765262,V,652,573,-1
1788814861.8269,1765270,V,642,564,-1
1788814861.8754,1765284,V,625,549,18368
1788814861.8754,1765292,V,617,542,-1
1788814861.8754,1765300,V,609,535,-1
1788814861.8754,1765308,V,606,533,-1
1788814861.8754,1765316,V,602,529,-1
1788814861.8754,1765324,V,600,527,-1
1788814861.9258,1765338,V,600,527,18369
1788814861.9259,1765346,V,601,528,-1
1788814861.9259,1765354,V,604,531,-1
1788814861.9259,1765362,V,603,530,-1
1788814861.9260,1765370,V,611,537,-1
1788814861.9260,1765378,V,653,574,-1
1788814861.9731,1765392,V,676,594,18370
1788814861.9732,1765400,V,689,606,-1
1788814861.9732,1765408,V,695,611,-1
1788814861.9732,1765416,V,701,616,-1
1788814861.9732,1765424,V,707,621,-1
1788814861.9732,1765432,V,710,624,-1
1788814862.0216,1765445,V,712,626,18371
1788814862.0216,1765453,V,718,631,-1
1788814862.0216,1765461,V,715,628,-1
1788814862.0216,1765469,V,719,632,-1
1788814862.0216,1765477,V,721,634,-1
1788814862.0216,1765485,V,724,636,-1
1788814862.0708,1765499,V,728,640,18372
1788814862.0709,1765507,V,728,640,-1
1788814862.0709,1765515,V,728,640,-1
1788814862.0709,1765523,V,730,642,-1
1788814862.0709,1765531,V,731,642,-1
1788814862.0709,1765539,V,732,643,-1
1788814862.1210,1765553,V,734,645,18373
1788814862.1210,1765561,V,733,644,-1
1788814862.1210,1765569,V,735,646,-1
1788814862.1210,1765577,V,736,647,-1
1788814862.1210,1765585,V,737,648,-1
1788814862.1210,1765593,V,737,648,-1
1788814862.2166,1765607,V,739,650,18374
1788814862.2168,1765615,V,740,650,-1
1788814862.2168,1765623,V,740,650,-1
1788814862.2168,1765631,V,739,650,-1
1788814862.2168,1765639,V,740,650,-1
1788814862.2168,1765647,V,741,651,-1
1788814862.2654,1765660,V,742,652,18375
1788814862.2655,1765668,V,742,652,-1
1788814862.2655,1765676,V,741,651,-1
1788814862.2655,1765684,V,742,652,-1
1788814862.2656,1765692,V,743,653,-1
1788814862.2656,1765700,V,744,654,-1
1788814862.3141,1765714,V,742,652,18376
1788814862.3141,1765722,V,744,654,-1
1788814862.3141,1765730,V,744,654,-1
1788814862.3141,1765738,V,745,655,-1
1788814862.3141,1765746,V,745,655,-1
1788814862.3141,1765754,V,745,655,-1
1788814862.3650,1765768,V,744,654,18377
1788814862.3650,1765776,V,746,656,-1
1788814862.3650,1765784,V,745,655,-1
1788814862.3650,1765792,V,747,657,-1
1788814862.3650,1765800,V,747,657,-1
1788814862.3650,1765808,V,745,655,-1
1788814862.4114,1765821,V,746,656,18378
1788814862.4114,1765829,V,747,657,-1
1788814862.4114,1765837,V,747,657,-1
1788814862.4114,1765845,V,747,657,-1
1788814862.4114,1765853,V,748,657,-1
1788814862.4115,1765861,V,747,657,-1
1788814862.4604,1765875,V,747,657,18379
1788814862.4607,1765883,V,747,657,-1
1788814862.4607,1765891,V,752,661,-1
1788814862.4607,1765899,V,746,656,-1
1788814862.4607,1765907,V,746,656,-1
1788814862.4607,1765915,V,746,656,-1
1788814862.5092,1765929,V,746,656,18380
1788814862.5093,1765937,V,746,656,-1
1788814862.5093,1765945,V,746,656,-1
1788814862.5093,1765953,V,745,655,-1
1788814862.5093,1765961,V,745,655,-1
1788814862.5093,1765969,V,746,656,-1
1788814862.5580,1765982,V,745,655,18381
1788814862.5580,1765990,V,746,656,-1
1788814862.5580,1765998,V,745,655,-1
1788814862.5580,1766006,V,745,655,-1
1788814862.5580,1766014,V,745,655,-1
1788814862.5580,1766022,V,746,656,-1
1788814862.6066,1766036,V,745,655,18382
1788814862.6066,1766044,V,745,655,-1
1788814862.6066,1766052,V,746,656,-1
1788814862.6066,1766060,V,745,655,-1
1788814862.6066,1766068,V,746,656,-1
1788814862.6066,1766076,V,746,656,-1
1788814862.6553,1766090,V,746,656,18383
1788814862.6554,1766098,V,746,656,-1
1788814862.6554,1766106,V,746,656,-1
1788814862.6554,1766114,V,745,655,-1
1788814862.6554,1766122,V,745,655,-1
1788814862.6554,1766130,V,745,655,-1
1788814862.7529,1766143,V,745,655,18384
1788814862.7531,1766151,V,743,653,-1
1788814862.7531,1766159,V,744,654,-1
1788814862.7531,1766167,V,744,654,-1
1788814862.7531,1766175,V,743,653,-1
1788814862.7531,1766183,V,742,652,-1
1788814862.8017,1766197,V,740,650,18385
1788814862.8018,1766205,V,740,650,-1
1788814862.8018,1766213,V,740,650,-1
1788814862.8018,1766221,V,741,651,-1
1788814862.8018,1766229,V,739,650,-1
1788814862.8018,1766237,V,738,649,-1
1788814862.8505,1766251,V,737,648,18386
1788814862.8506,1766259,V,736,647,-1
1788814862.8506,1766267,V,735,646,-1
1788814862.8506,1766275,V,735,646,-1
1788814862.8506,1766283,V,732,643,-1
1788814862.8506,1766291,V,730,642,-1
1788814862.8993,1766304,V,728,640,18387
1788814862.8993,1766312,V,724,636,-1
1788814862.8993,1766320,V,724,636,-1
1788814862.8993,1766328,V,724,636,-1
1788814862.8994,1766336,V,718,631,-1
1788814862.8994,1766344,V,715,628,-1
1788814862.9482,1766358,V,712,626,18388
1788814862.9483,1766366,V,707,621,-1
1788814862.9483,1766374,V,698,613,-1
1788814862.9483,1766382,V,669,588,-1
1788814862.9483,1766390,V,631,555,-1
1788814862.9483,1766398,V,608,534,-1
1788814862.9965,1766412,V,599,526,18389
1788814862.9967,1766420,V,594,522,-1
1788814862.9967,1766428,V,594,522,-1
1788814862.9967,1766436,V,591,519,-1
1788814862.9967,1766444,V,589,518,-1
1788814862.9967,1766452,V,588,517,-1
1788814863.0456,1766466,V,587,516,18390
1788814863.0456,1766474,V,587,516,-1
1788814863.0456,1766482,V,586,515,-1
1788814863.0456,1766490,V,585,514,-1
1788814863.0456,1766498,V,584,513,-1
1788814863.0457,1766506,V,584,513,-1
1788814863.0937,1766519,V,583,512,18391
1788814863.0937,1766527,V,582,512,-1
1788814863.0937,1766535,V,582,512,-1
1788814863.0937,1766543,V,582,512,-1
1788814863.0937,1766551,V,581,511,-1
1788814863.0937,1766559,V,580,510,-1
1788814863.1430,1766583,KEYUP,,,
1788814863.1448,1766573,V,582,512,18392
1788814863.1448,1766581,V,580,510,-1
1788814863.1448,1766589,V,581,511,-1
1788814863.1448,1766597,V,580,510,-1
1788814863.1448,1766605,V,580,510,-1
1788814863.1448,1766613,V,580,510,-1
1788814863.1911,1766627,V,581,511,18393
1788814863.1911,1766635,V,580,510,-1
1788814863.1911,1766643,V,580,510,-1
1788814863.1911,1766651,V,580,510,-1
1788814863.1911,1766659,V,581,511,-1
1788814863.1911,1766667,V,582,512,-1
1788814863.2887,1766681,V,580,510,18394
1788814863.2888,1766689,V,581,511,-1
1788814863.2888,1766697,V,579,509,-1
1788814863.2888,1766705,V,579,509,-1
1788814863.2888,1766713,V,580,510,-1
1788814863.2888,1766721,V,580,510,-1
1788814863.3379,1766734,V,580,510,18395
1788814863.3380,1766742,V,581,511,-1
1788814863.3380,1766750,V,581,511,-1
1788814863.3380,1766758,V,581,511,-1
1788814863.3380,1766766,V,593,521,-1
1788814863.3380,1766774,V,581,511,-1
1788814863.3864,1766788,V,582,512,18396
1788814863.3864,1766796,V,582,512,-1
1788814863.3864,1766804,V,582,512,-1
1788814863.3864,1766812,V,582,512,-1
1788814863.3864,1766820,V,582,512,-1
1788814863.3864,1766828,V,582,512,-1
1788814863.4353,1766842,V,582,512,18397
1788814863.4353,1766850,V,583,512,-1
1788814863.4353,1766858,V,584,513,-1
1788814863.4353,1766866,V,584,513,-1
1788814863.4353,1766874,V,584,513,-1
1788814863.4353,1766882,V,584,513,-1
1788814863.4839,1766895,V,584,513,18398
1788814863.4839,1766903,V,584,513,-1
1788814863.4841,1766911,V,585,514,-1
1788814863.4841,1766919,V,585,514,-1
1788814863.4841,1766927,V,586,515,-1
1788814863.4841,1766935,V,586,515,-1
1788814863.5326,1766949,V,587,516,18399
1788814863.5327,1766957,V,587,516,-1
1788814863.5327,1766965,V,587,516,-1
1788814863.5327,1766973,V,588,517,-1
1788814863.5327,1766981,V,588,517,-1
1788814863.5327,1766989,V,589,518,-1
1788814863.5818,1767003,V,590,519,18400
1788814863.5819,1767011,V,592,520,-1
1788814863.5819,1767019,V,593,521,-1
1788814863.5819,1767027,V,595,523,-1
1788814863.5819,1767035,V,597,525,-1
1788814863.5819,1767043,V,600,527,-1
1788814863.6300,1767057,V,607,533,18401
1788814863.6300,1767065,V,629,553,-1
1788814863.6300,1767073,V,668,587,-1
1788814863.6300,1767081,V,690,606,-1
1788814863.6300,1767089,V,701,616,-1
1788814863.6300,1767097,V,708,622,-1
1788814863.6786,1767110,V,714,628,18402
1788814863.6786,1767118,V,716,629,-1
1788814863.6786,1767126,V,717,630,-1
1788814863.6786,1767134,V,721,634,-1
1788814863.6786,1767142,V,722,635,-1
1788814863.6786,1767150,V,723,635,-1
1788814863.7281,1767191,KEYDOWN,,,
1788814863.7769,1767164,V,725,637,18403
1788814863.7771,1767172,V,728,640,-1
1788814863.7771,1767180,V,728,640,-1
1788814863.7771,1767188,V,729,641,-1
1788814863.7771,1767196,V,730,642,-1
1788814863.7771,1767204,V,736,647,-1
1788814863.8252,1767218,V,731,642,18404
1788814863.8252,1767226,V,731,642,-1
1788814863.8252,1767234,V,732,643,-1
1788814863.8252,1767242,V,731,642,-1
1788814863.8252,1767250,V,732,643,-1
1788814863.8252,1767258,V,732,643,-1
1788814863.8745,1767272,V,734,645,18405
1788814863.8746,1767280,V,733,644,-1
1788814863.8746,1767288,V,732,643,-1
1788814863.8746,1767296,V,734,645,-1
1788814863.8746,1767304,V,734,645,-1
1788814863.8746,1767312,V,735,646,-1
1788814863.9248,1767325,V,734,645,18406
1788814863.9248,1767333,V,735,646,-1
1788814863.9248,1767341,V,735,646,-1
1788814863.9248,1767349,V,735,646,-1
1788814863.9248,1767357,V,736,647,-1
1788814863.9249,1767365,V,737,648,-1
1788814863.9714,1767379,V,737,648,18407
1788814863.9714,1767387,V,736,647,-1
1788814863.9714,1767395,V,737,648,-1
1788814863.9714,1767403,V,737,648,-1
1788814863.9714,1767411,V,738,649,-1
1788814863.9715,1767419,V,738,649,-1
1788814864.0211,1767433,V,737,648,18408
1788814864.0213,1767441,V,738,649,-1
1788814864.0213,1767449,V,737,648,-1
1788814864.0213,1767457,V,740,650,-1
1788814864.0213,1767465,V,739,650,-1
1788814864.0213,1767473,V,738,649,-1
1788814864.0702,1767486,V,739,650,18409
1788814864.0702,1767494,V,739,650,-1
1788814864.0703,1767502,V,740,650,-1
1788814864.0703,1767510,V,738,649,-1
1788814864.0703,1767518,V,739,650,-1
1788814864.0703,1767526,V,741,651,-1
1788814864.1186,1767540,V,742,652,18410
1788814864.1186,1767548,V,742,652,-1
1788814864.1187,1767556,V,741,651,-1
1788814864.1187,1767564,V,741,651,-1
1788814864.1187,1767572,V,742,652,-1
1788814864.1187,1767580,V,742,652,-1
1788814864.1665,1767594,V,742,652,18411
1788814864.1665,1767602,V,743,653,-1
1788814864.1665,1767610,V,743,653,-1
1788814864.1665,1767618,V,743,653,-1
1788814864.1665,1767626,V,742,652,-1
1788814864.1665,1767634,V,743,653,-1
1788814864.2148,1767647,V,748,657,18412
1788814864.2149,1767655,V,744,654,-1
1788814864.2149,1767663,V,744,654,-1
1788814864.2149,1767671,V,743,653,-1
1788814864.2149,1767679,V,745,655,-1
1788814864.2149,1767687,V,743,653,-1
1788814864.3126,1767701,V,743,653,18413
1788814864.3127,1767709,V,744,654,-1
1788814864.3127,1767717,V,744,654,-1
1788814864.3127,1767725,V,743,653,-1
1788814864.3127,1767733,V,742,652,-1
1788814864.3127,1767741,V,742,652,-1
1788814864.3632,1767755,V,742,652,18414
1788814864.3632,1767763,V,740,650,-1
1788814864.3632,1767771,V,738,649,-1
1788814864.3632,1767779,V,738,649,-1
1788814864.3632,1767787,V,736,647,-1
1788814864.3633,1767795,V,735,646,-1
1788814864.4101,1767809,V,733,644,18415
1788814864.4101,1767817,V,730,642,-1
1788814864.4101,1767825,V,728,640,-1
1788814864.4101,1767833,V,724,636,-1
1788814864.4101,1767841,V,720,633,-1
1788814864.4102,1767849,V,715,628,-1
1788814864.4589,1767862,V,707,621,18416
1788814864.4589,1767870,V,698,613,-1
1788814864.4589,1767878,V,676,594,-1
1788814864.4589,1767886,V,662,582,-1
1788814864.4589,1767894,V,651,572,-1
1788814864.4589,1767902,V,646,568,-1
1788814864.5073,1767916,V,641,563,18417
1788814864.5074,1767924,V,635,558,-1
1788814864.5074,1767932,V,622,547,-1
1788814864.5074,1767940,V,613,539,-1
1788814864.5074,1767948,V,598,526,-1
1788814864.5074,1767956,V,592,520,-1
1788814864.5574,1767970,V,588,517,18418
1788814864.5575,1767978,V,587,516,-1
1788814864.5576,1767986,V,591,519,-1
1788814864.5576,1767994,V,586,515,-1
1788814864.5576,1768002,V,584,513,-1
1788814864.5576,1768010,V,584,513,-1
1788814864.6055,1768023,V,583,512,18419
1788814864.6055,1768031,V,583,512,-1
1788814864.6056,1768039,V,585,514,-1
1788814864.6056,1768047,V,584,513,-1
1788814864.6056,1768055,V,581,511,-1
1788814864.6056,1768063,V,582,512,-1
1788814864.6541,1768114,KEYUP,,,
1788814864.6552,1768077,V,579,509,18420
1788814864.6552,1768085,V,587,516,-1
1788814864.6552,1768093,V,579,509,-1
1788814864.6552,1768101,V,577,507,-1
1788814864.6552,1768109,V,577,507,-1
1788814864.6552,1768117,V,577,507,-1
1788814864.7029,1768131,V,578,508,18421
1788814864.7029,1768139,V,577,507,-1
1788814864.7029,1768147,V,576,506,-1
1788814864.7029,1768155,V,576,506,-1
1788814864.7029,1768163,V,576,506,-1
1788814864.7029,1768171,V,574,504,-1
1788814864.7517,1768185,V,575,505,18422
1788814864.7518,1768193,V,575,505,-1
1788814864.7518,1768201,V,574,504,-1
1788814864.7518,1768209,V,576,506,-1
1788814864.7518,1768217,V,575,505,-1
1788814864.7518,1768225,V,574,504,-1
1788814864.8493,1768239,V,574,504,18423
1788814864.8494,1768247,V,573,504,-1
1788814864.8494,1768255,V,574,504,-1
1788814864.8494,1768263,V,574,504,-1
1788814864.8494,1768271,V,575,505,-1
1788814864.8494,1768279,V,574,504,-1
1788814864.8982,1768292,V,574,504,18424
1788814864.8982,1768300,V,573,504,-1
1788814864.8982,1768308,V,574,504,-1
1788814864.8982,1768316,V,574,504,-1
1788814864.8982,1768324,V,575,505,-1
1788814864.8982,1768332,V,574,504,-1
1788814864.9477,1768346,V,573,504,18425
1788814864.9478,1768354,V,574,504,-1
1788814864.9478,1768362,V,574,504,-1
1788814864.9478,1768370,V,574,504,-1
1788814864.9478,1768378,V,573,504,-1
1788814864.9478,1768386,V,574,504,-1
1788814864.9952,1768400,V,574,504,18426
1788814864.9953,1768408,V,574,504,-1
1788814864.9953,1768416,V,574,504,-1
1788814864.9953,1768424,V,579,509,-1
1788814864.9953,1768432,V,573,504,-1
1788814864.9953,1768440,V,574,504,-1
1788814865.0440,1768453,V,574,504,18427
1788814865.0441,1768461,V,574,504,-1
1788814865.0441,1768469,V,574,504,-1
1788814865.0441,1768477,V,574,504,-1
1788814865.0441,1768485,V,573,504,-1
1788814865.0441,1768493,V,575,505,-1
1788814865.0924,1768507,V,574,504,18428
1788814865.0925,1768515,V,575,505,-1
1788814865.0925,1768523,V,579,509,-1
1788814865.0926,1768531,V,575,505,-1
1788814865.0926,1768539,V,574,504,-1
1788814865.0926,1768547,V,575,505,-1
1788814865.1427,1768561,V,575,505,18429
1788814865.1428,1768569,V,574,504,-1
1788814865.1428,1768577,V,574,504,-1
1788814865.1428,1768585,V,576,506,-1
1788814865.1428,1768593,V,576,506,-1
1788814865.1428,1768601,V,575,505,-1
1788814865.1911,1768614,V,576,506,18430
1788814865.1911,1768622,V,577,507,-1
1788814865.1911,1768630,V,576,506,-1
1788814865.1911,1768638,V,576,506,-1
1788814865.1911,1768646,V,576,506,-1
1788814865.1911,1768654,V,577,507,-1
1788814865.2389,1768668,V,577,507,18431
1788814865.2390,1768676,V,576,506,-1
1788814865.2390,1768684,V,578,508,-1
1788814865.2390,1768692,V,577,507,-1
1788814865.2391,1768700,V,578,508,-1
1788814865.2391,1768708,V,578,508,-1
1788814865.2877,1768722,V,580,510,18432
1788814865.2877,1768730,V,578,508,-1
1788814865.2877,1768738,V,580,510,-1
1788814865.2877,1768746,V,580,510,-1
1788814865.2877,1768754,V,579,509,-1
1788814865.2877,1768762,V,581,511,-1
1788814865.3853,1768776,V,581,511,18433
1788814865.3855,1768784,V,580,510,-1
1788814865.3855,1768792,V,582,512,-1
1788814865.3855,1768800,V,581,511,-1
1788814865.3855,1768808,V,583,512,-1
1788814865.3855,1768816,V,582,512,-1
1788814865.4343,1768829,V,583,512,18434
1788814865.4344,1768837,V,584,513,-1
1788814865.4344,1768845,V,585,514,-1
1788814865.4344,1768853,V,585,514,-1
1788814865.4344,1768861,V,591,519,-1
1788814865.4344,1768869,V,587,516,-1
1788814865.4839,1768883,V,587,516,18435
1788814865.4840,1768891,V,589,518,-1
1788814865.4840,1768899,V,591,519,-1
1788814865.4840,1768907,V,593,521,-1
1788814865.4840,1768915,V,603,530,-1
1788814865.4840,1768923,V,706,621,-1
1788814865.5326,1768937,V,722,635,18436
1788814865.5326,1768945,V,730,642,-1
1788814865.5327,1768953,V,731,642,-1
1788814865.5327,1768961,V,737,648,-1
1788814865.5327,1768969,V,736,647,-1
1788814865.5327,1768977,V,737,648,-1
1788814865.5810,1768991,V,738,649,18437
1788814865.5810,1768999,V,737,648,-1
1788814865.5810,1769007,V,738,649,-1
1788814865.5810,1769015,V,739,650,-1
1788814865.5810,1769023,V,740,650,-1
1788814865.5810,1769031,V,739,650,-1
1788814865.5822,1769045,KEYDOWN,,,
1788814865.6781,1769044,V,738,649,18438
1788814865.6782,1769052,V,739,650,-1
1788814865.6782,1769060,V,740,650,-1
1788814865.6783,1769068,V,739,650,-1
1788814865.6783,1769076,V,741,651,-1
1788814865.6783,1769084,V,739,650,-1
1788814865.6795,1769098,V,741,651,18439
1788814865.6795,1769106,V,741,651,-1
1788814865.6795,1769114,V,741,651,-1
1788814865.6795,1769122,V,741,651,-1
1788814865.6795,1769130,V,742,652,-1
1788814865.6796,1769138,V,743,653,-1
1788814865.7262,1769152,V,741,651,18440
1788814865.7263,1769160,V,741,651,-1
1788814865.7263,1769168,V,741,651,-1
1788814865.7263,1769176,V,741,651,-1
1788814865.7263,1769184,V,742,652,-1
1788814865.7263,1769192,V,741,651,-1
1788814865.7757,1769206,V,741,651,18441
1788814865.7758,1769214,V,742,652,-1
1788814865.7758,1769222,V,742,652,-1
1788814865.7758,1769230,V,742,652,-1
1788814865.7758,1769238,V,743,653,-1
1788814865.7758,1769246,V,743,653,-1
1788814865.8254,1769259,V,742,652,18442
1788814865.8255,1769267,V,741,651,-1
1788814865.8255,1769275,V,742,652,-1
1788814865.8255,1769283,V,742,652,-1
1788814865.8255,1769291,V,742,652,-1
1788814865.8255,1769299,V,743,653,-1
1788814865.9222,1769313,V,741,651,18443
1788814865.9224,1769321,V,742,652,-1
1788814865.9224,1769329,V,741,651,-1
1788814865.9224,1769337,V,741,651,-1
1788814865.9224,1769345,V,741,651,-1
1788814865.9224,1769353,V,742,652,-1
1788814865.9715,1769367,V,741,651,18444
1788814865.9715,1769375,V,741,651,-1
1788814865.9715,1769383,V,740,650,-1
1788814865.9715,1769391,V,742,652,-1
1788814865.9716,1769399,V,744,654,-1
1788814865.9716,1769407,V,742,652,-1
1788814866.0198,1769420,V,743,653,18445
1788814866.0199,1769428,V,742,652,-1
1788814866.0199,1769436,V,743,653,-1
1788814866.0199,1769444,V,743,653,-1
1788814866.0199,1769452,V,743,653,-1
1788814866.0199,1769460,V,743,653,-1
1788814866.1204,1769474,V,743,653,18446
1788814866.1204,1769482,V,743,653,-1
1788814866.1204,1769490,V,743,653,-1
1788814866.1205,1769498,V,745,655,-1
1788814866.1205,1769506,V,744,654,-1
1788814866.1205,1769514,V,744,654,-1
1788814866.1207,1769528,V,744,654,18447
1788814866.1208,1769536,V,745,655,-1
1788814866.1208,1769544,V,743,653,-1
1788814866.1208,1769552,V,743,653,-1
1788814866.1208,1769560,V,745,655,-1
1788814866.1208,1769568,V,743,653,-1
1788814866.1661,1769581,V,744,654,18448
1788814866.1662,1769589,V,743,653,-1
1788814866.1662,1769597,V,743,653,-1
1788814866.1662,1769605,V,742,652,-1
1788814866.1662,1769613,V,742,652,-1
1788814866.1662,1769621,V,742,652,-1
1788814866.2152,1769635,V,741,651,18449
1788814866.2152,1769643,V,741,651,-1
1788814866.2152,1769651,V,741,651,-1
1788814866.2152,1769659,V,741,651,-1
1788814866.2152,1769667,V,740,650,-1
1788814866.2153,1769675,V,741,651,-1
1788814866.2636,1769689,V,741,651,18450
1788814866.2637,1769697,V,740,650,-1
1788814866.2637,1769705,V,740,650,-1
1788814866.2637,1769713,V,740,650,-1
1788814866.2637,1769721,V,739,650,-1
1788814866.2637,1769729,V,740,650,-1
1788814866.3111,1769742,V,740,650,18451
1788814866.3112,1769750,V,739,650,-1
1788814866.3112,1769758,V,739,650,-1
1788814866.3112,1769766,V,739,650,-1
1788814866.3112,1769774,V,738,649,-1
1788814866.3112,1769782,V,736,647,-1
1788814866.4090,1769796,V,737,648,18452
1788814866.4091,1769804,V,738,649,-1
1788814866.4091,1769812,V,737,648,-1
1788814866.4091,1769820,V,735,646,-1
1788814866.4091,1769828,V,735,646,-1
1788814866.4091,1769836,V,735,646,-1
1788814866.4581,1769850,V,733,644,18453
1788814866.4582,1769858,V,733,644,-1
1788814866.4582,1769866,V,731,642,-1
1788814866.4582,1769874,V,730,642,-1
1788814866.4582,1769882,V,729,641,-1
1788814866.4582,1769890,V,729,641,-1
1788814866.5065,1769904,V,727,639,18454
1788814866.5065,1769912,V,725,637,-1
1788814866.5066,1769920,V,721,634,-1
1788814866.5066,1769928,V,717,630,-1
1788814866.5066,1769936,V,713,627,-1
1788814866.5066,1769944,V,701,616,-1
1788814866.5552,1769958,V,672,591,18455
1788814866.5552,1769966,V,608,534,-1
1788814866.5553,1769974,V,594,522,-1
1788814866.5553,1769982,V,590,519,-1
1788814866.5553,1769990,V,588,517,-1
1788814866.5553,1769998,V,585,514,-1
1788814866.6037,1770011,V,585,514,18456
1788814866.6038,1770019,V,584,513,-1
1788814866.6038,1770027,V,581,511,-1
1788814866.6038,1770035,V,581,511,-1
1788814866.6038,1770043,V,580,510,-1
1788814866.6038,1770051,V,580,510,-1
1788814866.6527,1770065,V,578,508,18457
1788814866.6528,1770073,V,578,508,-1
1788814866.6528,1770081,V,577,507,-1
1788814866.6528,1770089,V,577,507,-1
1788814866.6528,1770097,V,576,506,-1
1788814866.6528,1770105,V,576,506,-1
1788814866.7017,1770155,KEYUP,,,
1788814866.7027,1770119,V,577,507,18458
1788814866.7027,1770127,V,576,506,-1
1788814866.7027,1770135,V,576,506,-1
1788814866.7027,1770143,V,576,506,-1
1788814866.7027,1770151,V,576,506,-1
1788814866.7027,1770159,V,576,506,-1
1788814866.7514,1770173,V,576,506,18459
1788814866.7514,1770181,V,577,507,-1
1788814866.7514,1770189,V,575,505,-1
1788814866.7514,1770197,V,575,505,-1
1788814866.7515,1770205,V,575,505,-1
1788814866.7515,1770213,V,574,504,-1
1788814866.8003,1770226,V,575,505,18460
1788814866.8004,1770234,V,575,505,-1
1788814866.8004,1770242,V,574,504,-1
1788814866.8004,1770250,V,574,504,-1
1788814866.8005,1770258,V,574,504,-1
1788814866.8005,1770266,V,574,504,-1
1788814866.8480,1770280,V,588,517,18461
1788814866.8480,1770288,V,574,504,-1
1788814866.8480,1770296,V,575,505,-1
1788814866.8480,1770304,V,575,505,-1
1788814866.8480,1770312,V,574,504,-1
1788814866.8481,1770320,V,574,504,-1
1788814866.9453,1770334,V,575,505,18462
1788814866.9454,1770342,V,574,504,-1
1788814866.9454,1770350,V,575,505,-1
1788814866.9454,1770358,V,574,504,-1
1788814866.9454,1770366,V,575,505,-1
1788814866.9454,1770374,V,577,507,-1
1788814866.9940,1770387,V,575,505,18463
1788814866.9940,1770395,V,575,505,-1
1788814866.9940,1770403,V,575,505,-1
1788814866.9941,1770411,V,576,506,-1
1788814866.9941,1770419,V,576,506,-1
1788814866.9941,1770427,V,576,506,-1
1788814867.0436,1770441,V,575,505,18464
1788814867.0436,1770449,V,574,504,-1
1788814867.0436,1770457,V,574,504,-1
1788814867.0436,1770465,V,575,505,-1
1788814867.0436,1770473,V,576,506,-1
1788814867.0436,1770481,V,577,507,-1
1788814867.0923,1770495,V,576,506,18465
1788814867.0923,1770503,V,577,507,-1
1788814867.0923,1770511,V,576,506,-1
1788814867.0923,1770519,V,576,506,-1
1788814867.0923,1770527,V,577,507,-1
1788814867.0923,1770535,V,578,508,-1
1788814867.1404,1770548,V,578,508,18466
1788814867.1404,1770556,V,578,508,-1
1788814867.1404,1770564,V,578,508,-1
1788814867.1404,1770572,V,579,509,-1
1788814867.1404,1770580,V,579,509,-1
1788814867.1404,1770588,V,579,509,-1
1788814867.1894,1770602,V,580,510,18467
1788814867.1895,1770610,V,579,509,-1
1788814867.1896,1770618,V,584,513,-1
1788814867.1896,1770626,V,581,511,-1
1788814867.1896,1770634,V,581,511,-1
1788814867.1896,1770642,V,582,512,-1
1788814867.2389,1770656,V,583,512,18468
1788814867.2389,1770664,V,582,512,-1
1788814867.2389,1770672,V,583,512,-1
1788814867.2390,1770680,V,584,513,-1
1788814867.2390,1770688,V,584,513,-1
1788814867.2390,1770696,V,584,513,-1
1788814867.2873,1770709,V,586,515,18469
1788814867.2873,1770717,V,591,519,-1
1788814867.2873,1770725,V,586,515,-1
1788814867.2874,1770733,V,588,517,-1
1788814867.2874,1770741,V,588,517,-1
1788814867.2874,1770749,V,588,517,-1
1788814867.3353,1770763,V,590,519,18470
1788814867.3353,1770771,V,591,519,-1
1788814867.3353,1770779,V,592,520,-1
1788814867.3354,1770787,V,594,522,-1
1788814867.3354,1770795,V,596,524,-1
1788814867.3354,1770803,V,604,531,-1
1788814867.3859,1770817,V,650,571,18471
1788814867.3859,1770825,V,678,596,-1
1788814867.3859,1770833,V,690,606,-1
1788814867.3859,1770841,V,699,614,-1
1788814867.3859,1770849,V,702,617,-1
1788814867.3859,1770857,V,705,620,-1
1788814867.4823,1770871,V,707,621,18472
1788814867.4824,1770879,V,710,624,-1
1788814867.4824,1770887,V,711,625,-1
1788814867.4824,1770895,V,711,625,-1
1788814867.4824,1770903,V,712,626,-1
1788814867.4824,1770911,V,712,626,-1
1788814867.4837,1770943,KEYDOWN,,,
1788814867.5303,1770925,V,714,628,18473
1788814867.5303,1770933,V,717,630,-1
1788814867.5303,1770941,V,717,630,-1
1788814867.5303,1770949,V,719,632,-1
1788814867.5303,1770957,V,721,634,-1
1788814867.5303,1770965,V,723,635,-1
1788814867.5789,1770978,V,725,637,18474
1788814867.5790,1770986,V,726,638,-1
1788814867.5790,1770994,V,727,639,-1
1788814867.5790,1771002,V,729,641,-1
1788814867.5790,1771010,V,730,642,-1
1788814867.5790,1771018,V,731,642,-1
1788814867.6766,1771032,V,732,643,18475
1788814867.6766,1771040,V,734,645,-1
1788814867.6767,1771048,V,734,645,-1
1788814867.6767,1771056,V,736,647,-1
1788814867.6767,1771064,V,736,647,-1
1788814867.6767,1771072,V,736,647,-1
1788814867.6778,1771086,V,737,648,18476
1788814867.6778,1771094,V,738,649,-1
1788814867.6778,1771102,V,739,650,-1
1788814867.6778,1771110,V,738,649,-1
1788814867.6778,1771118,V,739,650,-1
1788814867.6778,1771126,V,740,650,-1
1788814867.7252,1771140,V,739,650,18477
1788814867.7253,1771148,V,739,650,-1
1788814867.7253,1771156,V,743,653,-1
1788814867.7253,1771164,V,739,650,-1
1788814867.7253,1771172,V,741,651,-1
1788814867.7253,1771180,V,740,650,-1
1788814867.7741,1771193,V,741,651,18478
1788814867.7742,1771201,V,741,651,-1
1788814867.7742,1771209,V,741,651,-1
1788814867.7742,1771217,V,743,653,-1
1788814867.7742,1771225,V,743,653,-1
1788814867.7742,1771233,V,743,653,-1
1788814867.8226,1771247,V,743,653,18479
1788814867.8226,1771255,V,743,653,-1
1788814867.8226,1771263,V,744,654,-1
1788814867.8226,1771271,V,744,654,-1
1788814867.8227,1771279,V,744,654,-1
1788814867.8227,1771287,V,745,655,-1
1788814867.8718,1771301,V,745,655,18480
1788814867.8718,1771309,V,745,655,-1
1788814867.8718,1771317,V,744,654,-1
1788814867.8718,1771325,V,745,655,-1
1788814867.8718,1771333,V,746,656,-1
1788814867.8718,1771341,V,747,657,-1
1788814867.9204,1771354,V,746,656,18481
1788814867.9204,1771362,V,746,656,-1
1788814867.9204,1771370,V,747,657,-1
1788814867.9204,1771378,V,747,657,-1
1788814867.9204,1771386,V,747,657,-1
1788814867.9204,1771394,V,748,657,-1
1788814868.0180,1771408,V,747,657,18482
1788814868.0181,1771416,V,750,659,-1
1788814868.0182,1771424,V,748,657,-1
1788814868.0182,1771432,V,748,657,-1
1788814868.0182,1771440,V,748,657,-1
1788814868.0182,1771448,V,748,657,-1
1788814868.0675,1771462,V,749,658,18483
1788814868.0675,1771470,V,748,657,-1
1788814868.0675,1771478,V,749,658,-1
1788814868.0675,1771486,V,749,658,-1
1788814868.0675,1771494,V,749,658,-1
1788814868.0675,1771502,V,748,657,-1
1788814868.1148,1771515,V,750,659,18484
1788814868.1148,1771523,V,749,658,-1
1788814868.1148,1771531,V,749,658,-1
1788814868.1148,1771539,V,749,658,-1
1788814868.1148,1771547,V,749,658,-1
1788814868.1148,1771555,V,748,657,-1
1788814868.1656,1771569,V,748,657,18485
1788814868.1656,1771577,V,749,658,-1
1788814868.1656,1771585,V,749,658,-1
1788814868.1656,1771593,V,748,657,-1
1788814868.1656,1771601,V,750,659,-1
1788814868.1656,1771609,V,749,658,-1
1788814868.2124,1771622,V,749,658,18486
1788814868.2124,1771630,V,750,659,-1
1788814868.2124,1771638,V,750,659,-1
1788814868.2124,1771646,V,749,658,-1
1788814868.2124,1771654,V,749,658,-1
1788814868.2124,1771662,V,749,658,-1
1788814868.2611,1771676,V,749,658,18487
1788814868.2612,1771684,V,749,658,-1
1788814868.2612,1771692,V,754,663,-1
1788814868.2612,1771700,V,750,659,-1
1788814868.2612,1771708,V,749,658,-1
1788814868.2612,1771716,V,749,658,-1
1788814868.3101,1771730,V,748,657,18488
1788814868.3102,1771738,V,748,657,-1
1788814868.3102,1771746,V,748,657,-1
1788814868.3102,1771754,V,748,657,-1
1788814868.3102,1771762,V,747,657,-1
1788814868.3102,1771770,V,746,656,-1
1788814868.3597,1771783,V,746,656,18489
1788814868.3597,1771791,V,746,656,-1
1788814868.3597,1771799,V,746,656,-1
1788814868.3597,1771807,V,745,655,-1
1788814868.3597,1771815,V,746,656,-1
1788814868.3597,1771823,V,745,655,-1
1788814868.4090,1771837,V,744,654,18490
1788814868.4090,1771845,V,744,654,-1
1788814868.4090,1771853,V,744,654,-1
1788814868.4090,1771861,V,742,652,-1
1788814868.4090,1771869,V,742,652,-1
1788814868.4090,1771877,V,742,652,-1
1788814868.4564,1771891,V,741,651,18491
1788814868.4564,1771899,V,742,652,-1
1788814868.4564,1771907,V,742,652,-1
1788814868.4564,1771915,V,740,650,-1
1788814868.4564,1771923,V,741,651,-1
1788814868.4564,1771931,V,740,650,-1
1788814868.5540,1771944,V,739,650,18492
1788814868.5542,1771952,V,737,648,-1
1788814868.5542,1771960,V,736,647,-1
1788814868.5542,1771968,V,735,646,-1
1788814868.5542,1771976,V,731,642,-1
1788814868.5542,1771984,V,729,641,-1
1788814868.6039,1771998,V,725,637,18493
1788814868.6039,1772006,V,722,635,-1
1788814868.6039,1772014,V,718,631,-1
1788814868.6039,1772022,V,712,626,-1
1788814868.6039,1772030,V,706,621,-1
1788814868.6040,1772038,V,693,609,-1
1788814868.6525,1772052,V,675,593,18494
1788814868.6525,1772060,V,624,548,-1
1788814868.6525,1772068,V,600,527,-1
1788814868.6525,1772076,V,594,522,-1
1788814868.6525,1772084,V,590,519,-1
1788814868.6525,1772092,V,588,517,-1
1788814868.6999,1772106,V,587,516,18495
1788814868.6999,1772114,V,585,514,-1
1788814868.6999,1772122,V,585,514,-1
1788814868.6999,1772130,V,590,519,-1
1788814868.6999,1772138,V,582,512,-1
1788814868.6999,1772146,V,580,510,-1
1788814868.7502,1772159,V,581,511,18496
1788814868.7502,1772167,V,581,511,-1
1788814868.7502,1772175,V,580,510,-1
1788814868.7502,1772183,V,579,509,-1
1788814868.7502,1772191,V,579,509,-1
1788814868.7502,1772199,V,579,509,-1
1788814868.7979,1772250,KEYUP,,,
1788814868.7991,1772213,V,578,508,18497
1788814868.7994,1772221,V,578,508,-1
1788814868.7994,1772229,V,578,508,-1
1788814868.7994,1772237,V,577,507,-1
1788814868.7994,1772245,V,577,507,-1
1788814868.7995,1772253,V,577,507,-1
1788814868.8469,1772267,V,576,506,18498
1788814868.8469,1772275,V,577,507,-1
1788814868.8470,1772283,V,576,506,-1
1788814868.8470,1772291,V,576,506,-1
1788814868.8471,1772299,V,574,504,-1
1788814868.8471,1772307,V,575,505,-1
1788814868.8956,1772321,V,574,504,18499
1788814868.8956,1772329,V,575,505,-1
1788814868.8956,1772337,V,574,504,-1
1788814868.8956,1772345,V,575,505,-1
1788814868.8956,1772353,V,575,505,-1
1788814868.8956,1772361,V,575,505,-1
1788814868.9444,1772374,V,576,506,18500
1788814868.9444,1772382,V,574,504,-1
1788814868.9444,1772390,V,574,504,-1
1788814868.9444,1772398,V,574,504,-1
1788814868.9444,1772406,V,574,504,-1
1788814868.9445,1772414,V,573,504,-1
1788814868.9928,1772428,V,574,504,18501
1788814868.9928,1772436,V,574,504,-1
1788814868.9928,1772444,V,575,505,-1
1788814868.9928,1772452,V,574,504,-1
1788814868.9928,1772460,V,574,504,-1
1788814868.9928,1772468,V,578,508,-1
1788814869.0903,1772482,V,573,504,18502
1788814869.0905,1772490,V,573,504,-1
1788814869.0905,1772498,V,573,504,-1
1788814869.0905,1772506,V,573,504,-1
1788814869.0905,1772514,V,574,504,-1
1788814869.0905,1772522,V,574,504,-1
1788814869.1393,1772535,V,574,504,18503
1788814869.1393,1772543,V,575,505,-1
1788814869.1393,1772551,V,573,504,-1
1788814869.1393,1772559,V,574,504,-1
1788814869.1393,1772567,V,575,505,-1
1788814869.1393,1772575,V,572,503,-1
1788814869.1880,1772589,V,573,504,18504
1788814869.1880,1772597,V,574,504,-1
1788814869.1880,1772605,V,574,504,-1
1788814869.1880,1772613,V,574,504,-1
1788814869.1880,1772621,V,573,504,-1
1788814869.1880,1772629,V,573,504,-1
1788814869.2365,1772642,V,574,504,18505
1788814869.2365,1772650,V,574,504,-1
1788814869.2365,1772658,V,574,504,-1
1788814869.2365,1772666,V,581,511,-1
1788814869.2366,1772674,V,574,504,-1
1788814869.2366,1772682,V,574,504,-1
1788814869.2850,1772696,V,574,504,18506
1788814869.2851,1772704,V,574,504,-1
1788814869.2851,1772712,V,575,505,-1
1788814869.2851,1772720,V,574,504,-1
1788814869.2851,1772728,V,574,504,-1
1788814869.2851,1772736,V,575,505,-1
1788814869.3340,1772750,V,574,504,18507
1788814869.3341,1772758,V,574,504,-1
1788814869.3341,1772766,V,575,505,-1
1788814869.3341,1772774,V,574,504,-1
1788814869.3341,1772782,V,576,506,-1
1788814869.3341,1772790,V,575,505,-1
1788814869.3844,1772803,V,575,505,18508
1788814869.3844,1772811,V,575,505,-1
1788814869.3844,1772819,V,574,504,-1
1788814869.3844,1772827,V,575,505,-1
1788814869.3844,1772835,V,574,504,-1
1788814869.3844,1772843,V,575,505,-1
1788814869.4315,1772857,V,575,505,18509
1788814869.4315,1772865,V,575,505,-1
1788814869.4315,1772873,V,575,505,-1
1788814869.4315,1772881,V,575,505,-1
1788814869.4315,1772889,V,575,505,-1
1788814869.4315,1772897,V,576,506,-1
1788814869.4803,1772911,V,578,508,18510
1788814869.4803,1772919,V,576,506,-1
1788814869.4803,1772927,V,577,507,-1
1788814869.4803,1772935,V,576,506,-1
1788814869.4803,1772943,V,577,507,-1
1788814869.4803,1772951,V,577,507,-1
1788814869.5291,1772964,V,577,507,18511
1788814869.5291,1772972,V,577,507,-1
1788814869.5291,1772980,V,578,508,-1
1788814869.5291,1772988,V,578,508,-1
1788814869.5291,1772996,V,578,508,-1
1788814869.5291,1773004,V,582,512,-1
1788814869.6264,1773018,V,580,510,18512
1788814869.6265,1773026,V,580,510,-1
1788814869.6265,1773034,V,580,510,-1
1788814869.6265,1773042,V,582,512,-1
1788814869.6265,1773050,V,582,512,-1
1788814869.6265,1773058,V,582,512,-1
1788814869.6759,1773072,V,583,512,18513
1788814869.6760,1773080,V,584,513,-1
1788814869.6760,1773088,V,584,513,-1
1788814869.6760,1773096,V,585,514,-1
1788814869.6760,1773104,V,598,526,-1
1788814869.6760,1773112,V,586,515,-1
1788814869.7242,1773126,V,588,517,18514
1788814869.7242,1773134,V,589,518,-1
1788814869.7242,1773142,V,591,519,-1
1788814869.7242,1773150,V,591,519,-1
1788814869.7242,1773158,V,595,523,-1
1788814869.7242,1773166,V,601,528,-1
1788814869.7731,1773179,V,672,591,18515
1788814869.7731,1773187,V,713,627,-1
1788814869.7731,1773195,V,723,635,-1
1788814869.7731,1773203,V,728,640,-1
1788814869.7731,1773211,V,731,642,-1
1788814869.7731,1773219,V,733,644,-1
1788814869.8219,1773233,V,734,645,18516
1788814869.8219,1773241,V,736,647,-1
1788814869.8219,1773249,V,739,650,-1
1788814869.8219,1773257,V,739,650,-1
1788814869.8219,1773265,V,740,650,-1
1788814869.8219,1773273,V,740,650,-1
1788814869.8720,1773305,KEYDOWN,,,
1788814869.8723,1773287,V,742,652,18517
1788814869.8724,1773295,V,741,651,-1
1788814869.8724,1773303,V,741,651,-1
1788814869.8724,1773311,V,742,652,-1
1788814869.8724,1773319,V,742,652,-1
1788814869.8725,1773327,V,741,651,-1
1788814869.9192,1773341,V,743,653,18518
1788814869.9192,1773349,V,742,652,-1
1788814869.9192,1773357,V,742,652,-1
1788814869.9192,1773365,V,741,651,-1
1788814869.9192,1773373,V,741,651,-1
1788814869.9192,1773381,V,742,652,-1
1788814870.0169,1773394,V,742,652,18519
1788814870.0169,1773402,V,741,651,-1
1788814870.0169,1773410,V,742,652,-1
1788814870.0170,1773418,V,743,653,-1
1788814870.0170,1773426,V,743,653,-1
1788814870.0170,1773434,V,742,652,-1
1788814870.0179,1773448,V,742,652,18520
1788814870.0179,1773456,V,742,652,-1
1788814870.0179,1773464,V,743,653,-1
1788814870.0179,1773472,V,743,653,-1
1788814870.0179,1773480,V,744,654,-1
1788814870.0179,1773488,V,746,656,-1
1788814870.1141,1773502,V,744,654,18521
1788814870.1142,1773510,V,746,656,-1
1788814870.1142,1773518,V,746,656,-1
1788814870.1142,1773526,V,747,657,-1
1788814870.1143,1773534,V,747,657,-1
1788814870.1143,1773542,V,752,661,-1
1788814870.1632,1773555,V,746,656,18522
1788814870.1633,1773563,V,749,658,-1
1788814870.1633,1773571,V,748,657,-1
1788814870.1633,1773579,V,748,657,-1
1788814870.1633,1773587,V,747,657,-1
1788814870.1633,1773595,V,748,657,-1
1788814870.2113,1773609,V,749,658,18523
1788814870.2113,1773617,V,749,658,-1
1788814870.2113,1773625,V,749,658,-1
1788814870.2113,1773633,V,748,657,-1
1788814870.2113,1773641,V,750,659,-1
1788814870.2113,1773649,V,749,658,-1
1788814870.2603,1773663,V,748,657,18524
1788814870.2603,1773671,V,749,658,-1
1788814870.2603,1773679,V,749,658,-1
1788814870.2603,1773687,V,750,659,-1
1788814870.2603,1773695,V,749,658,-1
1788814870.2603,1773703,V,750,659,-1
1788814870.3098,1773716,V,749,658,18525
1788814870.3098,1773724,V,750,659,-1
1788814870.3098,1773732,V,749,658,-1
1788814870.3098,1773740,V,750,659,-1
1788814870.3098,1773748,V,749,658,-1
1788814870.3098,1773756,V,749,658,-1
1788814870.3586,1773770,V,750,659,18526
1788814870.3587,1773778,V,749,658,-1
1788814870.3587,1773786,V,749,658,-1
1788814870.3587,1773794,V,748,657,-1
1788814870.3587,1773802,V,747,657,-1
1788814870.3588,1773810,V,747,657,-1
1788814870.4104,1773824,V,748,657,18527
1788814870.4105,1773832,V,746,656,-1
1788814870.4105,1773840,V,746,656,-1
1788814870.4105,1773848,V,745,655,-1
1788814870.4105,1773856,V,747,657,-1
1788814870.4105,1773864,V,745,655,-1
1788814870.4562,1773877,V,745,655,18528
1788814870.4562,1773885,V,746,656,-1
1788814870.4562,1773893,V,744,654,-1
1788814870.4562,1773901,V,745,655,-1
1788814870.4562,1773909,V,745,655,-1
1788814870.4562,1773917,V,743,653,-1
1788814870.5037,1773931,V,742,652,18529
1788814870.5037,1773939,V,740,650,-1
1788814870.5037,1773947,V,740,650,-1
1788814870.5038,1773955,V,737,648,-1
1788814870.5038,1773963,V,736,647,-1
1788814870.5038,1773971,V,733,644,-1
1788814870.5536,1773985,V,729,641,18530
1788814870.5537,1773993,V,714,628,-1
1788814870.5537,1774001,V,678,596,-1
1788814870.5537,1774009,V,638,561,-1
1788814870.5537,1774017,V,604,531,-1
1788814870.5537,1774025,V,598,526,-1
1788814870.6504,1774039,V,595,523,18531
1788814870.6505,1774047,V,593,521,-1
1788814870.6505,1774055,V,592,520,-1
1788814870.6505,1774063,V,590,519,-1
1788814870.6507,1774071,V,589,518,-1
1788814870.6507,1774079,V,590,519,-1
1788814870.6994,1774092,V,587,516,18532
1788814870.6994,1774100,V,585,514,-1
1788814870.6994,1774108,V,586,515,-1
1788814870.6994,1774116,V,585,514,-1
1788814870.6994,1774124,V,585,514,-1
1788814870.6994,1774132,V,583,512,-1
1788814870.7482,1774146,V,582,512,18533
1788814870.7482,1774154,V,582,512,-1
1788814870.7482,1774162,V,581,511,-1
1788814870.7482,1774170,V,580,510,-1
1788814870.7482,1774178,V,580,510,-1
1788814870.7482,1774186,V,580,510,-1
1788814870.7488,1774210,KEYUP,,,
1788814870.7964,1774200,V,580,510,18534
1788814870.7964,1774208,V,580,510,-1
1788814870.7964,1774216,V,579,509,-1
1788814870.7964,1774224,V,579,509,-1
1788814870.7964,1774232,V,578,508,-1
1788814870.7964,1774240,V,578,508,-1
1788814870.8457,1774254,V,578,508,18535
1788814870.8457,1774262,V,578,508,-1
1788814870.8458,1774270,V,576,506,-1
1788814870.8458,1774278,V,576,506,-1
1788814870.8458,1774286,V,576,506,-1
1788814870.8458,1774294,V,576,506,-1
1788814870.8945,1774307,V,575,505,18536
1788814870.8947,1774315,V,577,507,-1
1788814870.8947,1774323,V,579,509,-1
1788814870.8947,1774331,V,577,507,-1
1788814870.8947,1774339,V,575,505,-1
1788814870.8947,1774347,V,574,504,-1
1788814870.9441,1774361,V,575,505,18537
1788814870.9441,1774369,V,575,505,-1
1788814870.9441,1774377,V,575,505,-1
1788814870.9441,1774385,V,573,504,-1
1788814870.9441,1774393,V,576,506,-1
1788814870.9441,1774401,V,574,504,-1
1788814870.9925,1774415,V,575,505,18538
1788814870.9925,1774423,V,587,516,-1
1788814870.9925,1774431,V,574,504,-1
1788814870.9925,1774439,V,574,504,-1
1788814870.9925,1774447,V,575,505,-1
1788814870.9925,1774455,V,575,505,-1
1788814871.0403,1774469,V,576,506,18539
1788814871.0403,1774477,V,575,505,-1
1788814871.0403,1774485,V,576,506,-1
1788814871.0403,1774493,V,574,504,-1
1788814871.0403,1774501,V,576,506,-1
1788814871.0403,1774509,V,576,506,-1
1788814871.0887,1774522,V,577,507,18540
1788814871.0888,1774530,V,575,505,-1
1788814871.0888,1774538,V,575,505,-1
1788814871.0888,1774546,V,577,507,-1
1788814871.0888,1774554,V,577,507,-1
1788814871.0888,1774562,V,575,505,-1
1788814871.1867,1774576,V,575,505,18541
1788814871.1868,1774584,V,575,505,-1
1788814871.1869,1774592,V,575,505,-1
1788814871.1869,1774600,V,576,506,-1
1788814871.1869,1774608,V,576,506,-1
1788814871.1869,1774616,V,578,508,-1
1788814871.2351,1774630,V,577,507,18542
1788814871.2351,1774638,V,576,506,-1
1788814871.2351,1774646,V,577,507,-1
1788814871.2351,1774654,V,576,506,-1
1788814871.2351,1774662,V,577,507,-1
1788814871.2351,1774670,V,576,506,-1
1788814871.2839,1774683,V,577,507,18543
1788814871.2839,1774691,V,577,507,-1
1788814871.2839,1774699,V,577,507,-1
1788814871.2839,1774707,V,578,508,-1
1788814871.2839,1774715,V,578,508,-1
1788814871.2839,1774723,V,577,507,-1
1788814871.3325,1774737,V,578,508,18544
1788814871.3325,1774745,V,577,507,-1
1788814871.3325,1774753,V,578,508,-1
1788814871.3325,1774761,V,581,511,-1
1788814871.3325,1774769,V,579,509,-1
1788814871.3325,1774777,V,579,509,-1
1788814871.3818,1774791,V,578,508,18545
1788814871.3818,1774799,V,579,509,-1
1788814871.3818,1774807,V,579,509,-1
1788814871.3818,1774815,V,579,509,-1
1788814871.3818,1774823,V,579,509,-1
1788814871.3818,1774831,V,581,511,-1
1788814871.4303,1774844,V,580,510,18546
1788814871.4304,1774852,V,580,510,-1
1788814871.4304,1774860,V,584,513,-1
1788814871.4304,1774868,V,580,510,-1
1788814871.4304,1774876,V,581,511,-1
1788814871.4304,1774884,V,580,510,-1
1788814871.4803,1774898,V,582,512,18547
1788814871.4804,1774906,V,582,512,-1
1788814871.4804,1774914,V,582,512,-1
1788814871.4804,1774922,V,581,511,-1
1788814871.4804,1774930,V,583,512,-1
1788814871.4804,1774938,V,581,511,-1
1788814871.5279,1774952,V,584,513,18548
1788814871.5279,1774960,V,586,515,-1
1788814871.5279,1774968,V,584,513,-1
1788814871.5279,1774976,V,583,512,-1
1788814871.5279,1774984,V,584,513,-1
1788814871.5279,1774992,V,584,513,-1
1788814871.5765,1775006,V,583,512,18549
1788814871.5766,1775014,V,585,514,-1
1788814871.5766,1775022,V,585,514,-1
1788814871.5766,1775030,V,586,515,-1
1788814871.5766,1775038,V,587,516,-1
1788814871.5766,1775046,V,588,517,-1
1788814871.6262,1775059,V,589,518,18550
1788814871.6262,1775067,V,588,517,-1
1788814871.6262,1775075,V,589,518,-1
1788814871.6262,1775083,V,590,519,-1
1788814871.6262,1775091,V,593,521,-1
1788814871.6262,1775099,V,593,521,-1
1788814871.7719,1775113,V,595,523,18551
1788814871.7721,1775121,V,600,527,-1
1788814871.7721,1775129,V,648,570,-1
1788814871.7721,1775137,V,710,624,-1
1788814871.7721,1775145,V,723,635,-1
1788814871.7721,1775153,V,729,641,-1
1788814871.7730,1775167,V,731,642,18552
1788814871.7730,1775175,V,735,646,-1
1788814871.7730,1775183,V,735,646,-1
1788814871.7730,1775191,V,737,648,-1
1788814871.7730,1775199,V,738,649,-1
1788814871.7730,1775207,V,737,648,-1
1788814871.8209,1775257,KEYDOWN,,,
1788814871.8215,1775220,V,737,648,18553
1788814871.8215,1775228,V,738,649,-1
1788814871.8216,1775236,V,738,649,-1
1788814871.8216,1775244,V,738,649,-1
1788814871.8216,1775252,V,737,648,-1
1788814871.8216,1775260,V,737,648,-1
1788814871.8698,1775274,V,737,648,18554
1788814871.8698,1775282,V,737,648,-1
1788814871.8698,1775290,V,736,647,-1
1788814871.8698,1775298,V,740,650,-1
1788814871.8698,1775306,V,736,647,-1
1788814871.8698,1775314,V,736,647,-1
1788814871.9187,1775328,V,737,648,18555
1788814871.9187,1775336,V,738,649,-1
1788814871.9187,1775344,V,737,648,-1
1788814871.9187,1775352,V,737,648,-1
1788814871.9187,1775360,V,738,649,-1
1788814871.9187,1775368,V,739,650,-1
1788814871.9673,1775382,V,740,650,18556
1788814871.9673,1775390,V,738,649,-1
1788814871.9673,1775398,V,739,650,-1
1788814871.9673,1775406,V,740,650,-1
1788814871.9673,1775414,V,740,650,-1
1788814871.9673,1775422,V,740,650,-1
1788814872.0161,1775435,V,741,651,18557
1788814872.0162,1775443,V,742,652,-1
1788814872.0163,1775451,V,743,653,-1
1788814872.0163,1775459,V,741,651,-1
1788814872.0163,1775467,V,744,654,-1
1788814872.0163,1775475,V,743,653,-1
1788814872.1132,1775489,V,743,653,18558
1788814872.1132,1775497,V,745,655,-1
1788814872.1132,1775505,V,745,655,-1
1788814872.1132,1775513,V,746,656,-1
1788814872.1132,1775521,V,745,655,-1
1788814872.1132,1775529,V,748,657,-1
1788814872.1142,1775543,V,746,656,18559
1788814872.1142,1775551,V,747,657,-1
1788814872.1142,1775559,V,747,657,-1
1788814872.1142,1775567,V,747,657,-1
1788814872.1142,1775575,V,748,657,-1
1788814872.1142,1775583,V,747,657,-1
1788814872.1615,1775597,V,748,657,18560
1788814872.1616,1775605,V,750,659,-1
1788814872.1616,1775613,V,750,659,-1
1788814872.1616,1775621,V,749,658,-1
1788814872.1616,1775629,V,749,658,-1
1788814872.1616,1775637,V,750,659,-1
1788814872.2595,1775650,V,750,659,18561
1788814872.2596,1775658,V,749,658,-1
1788814872.2597,1775666,V,750,659,-1
1788814872.2597,1775674,V,750,659,-1
1788814872.2597,1775682,V,750,659,-1
1788814872.2597,1775690,V,750,659,-1
1788814872.3079,1775704,V,750,659,18562
1788814872.3080,1775712,V,751,660,-1
1788814872.3080,1775720,V,751,660,-1
1788814872.3080,1775728,V,751,660,-1
1788814872.3080,1775736,V,751,660,-1
1788814872.3080,1775744,V,751,660,-1
1788814872.3566,1775757,V,752,661,18563
1788814872.3566,1775765,V,751,660,-1
1788814872.3566,1775773,V,750,659,-1
1788814872.3566,1775781,V,750,659,-1
1788814872.3566,1775789,V,750,659,-1
1788814872.3566,1775797,V,750,659,-1
1788814872.4067,1775811,V,748,657,18564
1788814872.4068,1775819,V,750,659,-1
1788814872.4068,1775827,V,749,658,-1
1788814872.4068,1775835,V,754,663,-1
1788814872.4068,1775843,V,748,657,-1
1788814872.4068,1775851,V,748,657,-1
1788814872.4542,1775865,V,748,657,18565
1788814872.4543,1775873,V,747,657,-1
1788814872.4543,1775881,V,747,657,-1
1788814872.4543,1775889,V,747,657,-1
1788814872.4543,1775897,V,746,656,-1
1788814872.4543,1775905,V,747,657,-1
1788814872.5033,1775918,V,747,657,18566
1788814872.5035,1775926,V,746,656,-1
1788814872.5035,1775934,V,746,656,-1
1788814872.5036,1775942,V,746,656,-1
1788814872.5036,1775950,V,746,656,-1
1788814872.5036,1775958,V,745,655,-1
1788814872.6006,1775972,V,744,654,18567
1788814872.6007,1775980,V,744,654,-1
1788814872.6007,1775988,V,742,652,-1
1788814872.6007,1775996,V,742,652,-1
1788814872.6007,1776004,V,740,650,-1
1788814872.6007,1776012,V,739,650,-1
1788814872.6021,1776026,V,738,649,18568
1788814872.6021,1776034,V,736,647,-1
1788814872.6021,1776042,V,735,646,-1
1788814872.6021,1776050,V,734,645,-1
1788814872.6021,1776058,V,731,642,-1
1788814872.6021,1776066,V,728,640,-1
1788814872.6489,1776079,V,724,636,18569
1788814872.6489,1776087,V,720,633,-1
1788814872.6489,1776095,V,714,628,-1
1788814872.6490,1776103,V,706,621,-1
1788814872.6490,1776111,V,673,592,-1
1788814872.6490,1776119,V,617,542,-1
1788814872.6979,1776133,V,595,523,18570
1788814872.6979,1776141,V,590,519,-1
1788814872.6979,1776149,V,588,517,-1
1788814872.6979,1776157,V,587,516,-1
1788814872.6979,1776165,V,585,514,-1
1788814872.6979,1776173,V,587,516,-1
1788814872.7956,1776187,V,582,512,18571
1788814872.7958,1776195,V,580,510,-1
1788814872.7958,1776203,V,581,511,-1
1788814872.7958,1776211,V,580,510,-1
1788814872.7958,1776219,V,580,510,-1
1788814872.7958,1776227,V,579,509,-1
1788814872.8449,1776240,V,578,508,18572
1788814872.8450,1776248,V,578,508,-1
1788814872.8450,1776256,V,577,507,-1
1788814872.8450,1776264,V,578,508,-1
1788814872.8450,1776272,V,584,513,-1
1788814872.8450,1776280,V,578,508,-1
1788814872.8465,1776313,KEYUP,,,
1788814872.8930,1776294,V,576,506,18573
1788814872.8930,1776302,V,577,507,-1
1788814872.8930,1776310,V,576,506,-1
1788814872.8930,1776318,V,575,505,-1
1788814872.8930,1776326,V,576,506,-1
1788814872.8930,1776334,V,576,506,-1
1788814872.9432,1776348,V,575,505,18574
1788814872.9432,1776356,V,574,504,-1
1788814872.9432,1776364,V,574,504,-1
1788814872.9432,1776372,V,574,504,-1
1788814872.9432,1776380,V,576,506,-1
1788814872.9432,1776388,V,575,505,-1
1788814872.9907,1776402,V,575,505,18575
1788814872.9907,1776410,V,574,504,-1
1788814872.9907,1776418,V,574,504,-1
1788814872.9907,1776426,V,574,504,-1
1788814872.9908,1776434,V,574,504,-1
1788814872.9908,1776442,V,573,504,-1
1788814873.0391,1776456,V,574,504,18576
1788814873.0393,1776464,V,573,504,-1
1788814873.0393,1776472,V,575,505,-1
1788814873.0393,1776480,V,575,505,-1
1788814873.0393,1776488,V,574,504,-1
1788814873.0393,1776496,V,575,505,-1
1788814873.0887,1776509,V,574,504,18577
1788814873.0888,1776517,V,575,505,-1
1788814873.0888,1776525,V,576,506,-1
1788814873.0888,1776533,V,574,504,-1
1788814873.0888,1776541,V,576,506,-1
1788814873.0888,1776549,V,575,505,-1
1788814873.1364,1776563,V,575,505,18578
1788814873.1364,1776571,V,575,505,-1
1788814873.1364,1776579,V,575,505,-1
1788814873.1364,1776587,V,575,505,-1
1788814873.1364,1776595,V,575,505,-1
1788814873.1364,1776603,V,576,506,-1
1788814873.1857,1776616,V,580,510,18579
1788814873.1857,1776624,V,576,506,-1
1788814873.1858,1776632,V,577,507,-1
1788814873.1858,1776640,V,577,507,-1
1788814873.1858,1776648,V,577,507,-1
1788814873.1858,1776656,V,577,507,-1
1788814873.2830,1776670,V,578,508,18580
1788814873.2832,1776678,V,577,507,-1
1788814873.2832,1776686,V,578,508,-1
1788814873.2832,1776694,V,577,507,-1
1788814873.2832,1776702,V,577,507,-1
1788814873.2832,1776710,V,579,509,-1
1788814873.3815,1776724,V,578,508,18581
1788814873.3816,1776732,V,578,508,-1
1788814873.3816,1776740,V,579,509,-1
1788814873.3816,1776748,V,578,508,-1
1788814873.3816,1776756,V,579,509,-1
1788814873.3816,1776764,V,578,508,-1
1788814873.3828,1776778,V,578,508,18582
1788814873.3828,1776786,V,579,509,-1
1788814873.3828,1776794,V,580,510,-1
1788814873.3828,1776802,V,581,511,-1
1788814873.3828,1776810,V,580,510,-1
1788814873.3828,1776818,V,579,509,-1
1788814873.4327,1776831,V,581,511,18583
1788814873.4327,1776839,V,581,511,-1
1788814873.4327,1776847,V,581,511,-1
1788814873.4327,1776855,V,581,511,-1
1788814873.4327,1776863,V,581,511,-1
1788814873.4328,1776871,V,582,512,-1
1788814873.4789,1776885,V,582,512,18584
1788814873.4789,1776893,V,582,512,-1
1788814873.4789,1776901,V,584,513,-1
1788814873.4789,1776909,V,585,514,-1
1788814873.4789,1776917,V,585,514,-1
1788814873.4789,1776925,V,585,514,-1
1788814873.5271,1776939,V,588,517,18585
1788814873.5272,1776947,V,588,517,-1
1788814873.5273,1776955,V,590,519,-1
1788814873.5273,1776963,V,592,520,-1
1788814873.5273,1776971,V,597,525,-1
1788814873.5273,1776979,V,639,562,-1
1788814873.5756,1776992,V,676,594,18586
1788814873.5757,1777000,V,691,607,-1
1788814873.5757,1777008,V,699,614,-1
1788814873.5757,1777016,V,705,620,-1
1788814873.5757,1777024,V,710,624,-1
1788814873.5757,1777032,V,712,626,-1
1788814873.6241,1777046,V,715,628,18587
1788814873.6241,1777054,V,718,631,-1
1788814873.6241,1777062,V,718,631,-1
1788814873.6241,1777070,V,719,632,-1
1788814873.6242,1777078,V,720,633,-1
1788814873.6242,1777086,V,719,632,-1
1788814873.6728,1777119,KEYDOWN,,,
1788814873.6741,1777100,V,722,635,18588
1788814873.6741,1777108,V,724,636,-1
1788814873.6741,1777116,V,725,637,-1
1788814873.6742,1777124,V,726,638,-1
1788814873.6742,1777132,V,726,638,-1
1788814873.6742,1777140,V,727,639,-1
1788814873.7216,1777154,V,734,645,18589
1788814873.7216,1777162,V,729,641,-1
1788814873.7216,1777170,V,730,642,-1
1788814873.7216,1777178,V,730,642,-1
1788814873.7216,1777186,V,729,641,-1
1788814873.7216,1777194,V,731,642,-1
1788814873.8192,1777208,V,733,644,18590
1788814873.8194,1777216,V,732,643,-1
1788814873.8194,1777224,V,733,644,-1
1788814873.8194,1777232,V,733,644,-1
1788814873.8194,1777240,V,733,644,-1
1788814873.8194,1777248,V,734,645,-1
1788814873.8682,1777261,V,735,646,18591
1788814873.8683,1777269,V,735,646,-1
1788814873.8683,1777277,V,736,647,-1
1788814873.8683,1777285,V,735,646,-1
1788814873.8683,1777293,V,737,648,-1
1788814873.8683,1777301,V,738,649,-1
1788814873.9170,1777315,V,736,647,18592
1788814873.9170,1777323,V,736,647,-1
1788814873.9170,1777331,V,738,649,-1
1788814873.9170,1777339,V,738,649,-1
1788814873.9171,1777347,V,738,649,-1
1788814873.9171,1777355,V,738,649,-1
1788814873.9660,1777369,V,740,650,18593
1788814873.9660,1777377,V,738,649,-1
1788814873.9660,1777385,V,739,650,-1
1788814873.9660,1777393,V,740,650,-1
1788814873.9660,1777401,V,739,650,-1
1788814873.9660,1777409,V,740,650,-1
1788814874.0141,1777423,V,740,650,18594
1788814874.0141,1777431,V,741,651,-1
1788814874.0142,1777439,V,740,650,-1
1788814874.0142,1777447,V,740,650,-1
1788814874.0142,1777455,V,741,651,-1
1788814874.0142,1777463,V,741,651,-1
1788814874.0629,1777476,V,741,651,18595
1788814874.0630,1777484,V,742,652,-1
1788814874.0630,1777492,V,744,654,-1
1788814874.0630,1777500,V,742,652,-1
1788814874.0630,1777508,V,742,652,-1
1788814874.0631,1777516,V,743,653,-1
1788814874.1125,1777530,V,742,652,18596
1788814874.1125,1777538,V,742,652,-1
1788814874.1125,1777546,V,740,650,-1
1788814874.1125,1777554,V,742,652,-1
1788814874.1125,1777562,V,743,653,-1
1788814874.1125,1777570,V,741,651,-1
1788814874.2092,1777583,V,741,651,18597
1788814874.2092,1777591,V,742,652,-1
1788814874.2092,1777599,V,741,651,-1
1788814874.2092,1777607,V,742,652,-1
1788814874.2092,1777615,V,741,651,-1
1788814874.2092,1777623,V,740,650,-1
1788814874.2105,1777637,V,741,651,18598
1788814874.2105,1777645,V,742,652,-1
1788814874.2107,1777653,V,741,651,-1
1788814874.2107,1777661,V,740,650,-1
1788814874.2107,1777669,V,740,650,-1
1788814874.2107,1777677,V,741,651,-1
1788814874.2578,1777691,V,742,652,18599
1788814874.2578,1777699,V,740,650,-1
1788814874.2578,1777707,V,741,651,-1
1788814874.2579,1777715,V,740,650,-1
1788814874.2579,1777723,V,739,650,-1
1788814874.2579,1777731,V,741,651,-1
1788814874.3556,1777745,V,739,650,18600
1788814874.3557,1777753,V,739,650,-1
1788814874.3557,1777761,V,739,650,-1
1788814874.3557,1777769,V,739,650,-1
1788814874.3557,1777777,V,738,649,-1
1788814874.3557,1777785,V,739,650,-1
1788814874.4042,1777799,V,738,649,18601
1788814874.4043,1777807,V,737,648,-1
1788814874.4043,1777815,V,737,648,-1
1788814874.4043,1777823,V,736,647,-1
1788814874.4043,1777831,V,735,646,-1
1788814874.4043,1777839,V,734,645,-1
1788814874.4530,1777852,V,732,643,18602
1788814874.4530,1777860,V,729,641,-1
1788814874.4530,1777868,V,728,640,-1
1788814874.4530,1777876,V,725,637,-1
1788814874.4531,1777884,V,722,635,-1
1788814874.4531,1777892,V,716,629,-1
1788814874.5019,1777906,V,709,623,18603
1788814874.5019,1777914,V,700,615,-1
1788814874.5019,1777922,V,676,594,-1
1788814874.5019,1777930,V,609,535,-1
1788814874.5019,1777938,V,594,522,-1
1788814874.5019,1777946,V,591,519,-1
1788814874.5504,1777960,V,591,519,18604
1788814874.5504,1777968,V,590,519,-1
1788814874.5504,1777976,V,588,517,-1
1788814874.5504,1777984,V,588,517,-1
1788814874.5504,1777992,V,585,514,-1
1788814874.5504,1778000,V,585,514,-1
1788814874.5991,1778013,V,584,513,18605
1788814874.5992,1778021,V,584,513,-1
1788814874.5992,1778029,V,588,517,-1
1788814874.5992,1778037,V,582,512,-1
1788814874.5992,1778045,V,582,512,-1
1788814874.5992,1778053,V,581,511,-1
1788814874.6480,1778067,V,581,511,18606
1788814874.6480,1778075,V,581,511,-1
1788814874.6480,1778083,V,580,510,-1
1788814874.6481,1778091,V,580,510,-1
1788814874.6481,1778099,V,580,510,-1
1788814874.6481,1778107,V,579,509,-1
1788814874.6490,1778122,KEYUP,,,
1788814874.6963,1778121,V,578,508,18607
1788814874.6964,1778129,V,579,509,-1
1788814874.6964,1778137,V,577,507,-1
1788814874.6964,1778145,V,577,507,-1
1788814874.6964,1778153,V,577,507,-1
1788814874.6964,1778161,V,577,507,-1
1788814874.7454,1778175,V,577,507,18608
1788814874.7454,1778183,V,577,507,-1
1788814874.7454,1778191,V,575,505,-1
1788814874.7454,1778199,V,576,506,-1
1788814874.7454,1778207,V,574,504,-1
1788814874.7454,1778215,V,575,505,-1
1788814874.7948,1778229,V,575,505,18609
1788814874.7948,1778237,V,575,505,-1
1788814874.7949,1778245,V,574,504,-1
1788814874.7949,1778253,V,574,504,-1
1788814874.7949,1778261,V,575,505,-1
1788814874.7949,1778269,V,574,504,-1
1788814874.8925,1778282,V,575,505,18610
1788814874.8927,1778290,V,575,505,-1
1788814874.8927,1778298,V,575,505,-1
1788814874.8927,1778306,V,575,505,-1
1788814874.8927,1778314,V,574,504,-1
1788814874.8927,1778322,V,575,505,-1
1788814874.9413,1778336,V,575,505,18611
1788814874.9414,1778344,V,575,505,-1
1788814874.9414,1778352,V,574,504,-1
1788814874.9414,1778360,V,574,504,-1
1788814874.9414,1778368,V,579,509,-1
1788814874.9414,1778376,V,573,504,-1
1788814874.9893,1778389,V,574,504,18612
1788814874.9894,1778397,V,575,505,-1
1788814874.9894,1778405,V,573,504,-1
1788814874.9896,1778413,V,574,504,-1
1788814874.9897,1778421,V,574,504,-1
1788814874.9897,1778429,V,574,504,-1
1788814875.0380,1778443,V,575,505,18613
1788814875.0380,1778451,V,574,504,-1
1788814875.0381,1778459,V,575,505,-1
1788814875.0381,1778467,V,579,509,-1
1788814875.0381,1778475,V,575,505,-1
1788814875.0381,1778483,V,573,504,-1
1788814875.0866,1778497,V,574,504,18614
1788814875.0866,1778505,V,575,505,-1
1788814875.0866,1778513,V,575,505,-1
1788814875.0866,1778521,V,576,506,-1
1788814875.0867,1778529,V,575,505,-1
1788814875.0867,1778537,V,575,505,-1
1788814875.1352,1778551,V,575,505,18615
1788814875.1353,1778559,V,574,504,-1
1788814875.1353,1778567,V,576,506,-1
1788814875.1353,1778575,V,574,504,-1
1788814875.1353,1778583,V,575,505,-1
1788814875.1354,1778591,V,575,505,-1
1788814875.1845,1778604,V,575,505,18616
1788814875.1845,1778612,V,575,505,-1
1788814875.1845,1778620,V,576,506,-1
1788814875.1845,1778628,V,575,505,-1
1788814875.1845,1778636,V,576,506,-1
1788814875.1845,1778644,V,576,506,-1
1788814875.2330,1778658,V,576,506,18617
1788814875.2330,1778666,V,577,507,-1
1788814875.2330,1778674,V,577,507,-1
1788814875.2330,1778682,V,575,505,-1
1788814875.2330,1778690,V,576,506,-1
1788814875.2330,1778698,V,577,507,-1
1788814875.2826,1778712,V,577,507,18618
1788814875.2826,1778720,V,577,507,-1
1788814875.2826,1778728,V,577,507,-1
1788814875.2826,1778736,V,578,508,-1
1788814875.2827,1778744,V,578,508,-1
1788814875.2827,1778752,V,578,508,-1
1788814875.3304,1778765,V,579,509,18619
1788814875.3304,1778773,V,579,509,-1
1788814875.3304,1778781,V,580,510,-1
1788814875.3304,1778789,V,580,510,-1
1788814875.3305,1778797,V,581,511,-1
1788814875.3305,1778805,V,583,512,-1
1788814875.4311,1778819,V,581,511,18620
1788814875.4312,1778827,V,581,511,-1
1788814875.4312,1778835,V,583,512,-1
1788814875.4313,1778843,V,583,512,-1
1788814875.4313,1778851,V,584,513,-1
1788814875.4313,1778859,V,584,513,-1
1788814875.5266,1778873,V,585,514,18621
1788814875.5267,1778881,V,587,516,-1
1788814875.5267,1778889,V,587,516,-1
1788814875.5267,1778897,V,588,517,-1
1788814875.5267,1778905,V,592,520,-1
1788814875.5267,1778913,V,591,519,-1
1788814875.5279,1778926,V,594,522,18622
1788814875.5279,1778934,V,599,526,-1
1788814875.5279,1778942,V,667,586,-1
1788814875.5280,1778950,V,714,628,-1
1788814875.5280,1778958,V,722,635,-1
1788814875.5280,1778966,V,726,638,-1
1788814875.5750,1778980,V,729,641,18623
1788814875.5750,1778988,V,730,642,-1
1788814875.5750,1778996,V,730,642,-1
1788814875.5750,1779004,V,738,649,-1
1788814875.5750,1779012,V,733,644,-1
1788814875.5751,1779020,V,734,645,-1
1788814875.6235,1779070,KEYDOWN,,,
1788814875.6246,1779034,V,734,645,18624
1788814875.6246,1779042,V,735,646,-1
1788814875.6246,1779050,V,735,646,-1
1788814875.6246,1779058,V,736,647,-1
1788814875.6246,1779066,V,736,647,-1
1788814875.6246,1779074,V,736,647,-1
1788814875.6725,1779088,V,738,649,18625
1788814875.6726,1779096,V,738,649,-1
1788814875.6726,1779104,V,738,649,-1
1788814875.6727,1779112,V,737,648,-1
1788814875.6727,1779120,V,736,647,-1
1788814875.6727,1779128,V,736,647,-1
1788814875.7208,1779141,V,737,648,18626
1788814875.7208,1779149,V,737,648,-1
1788814875.7208,1779157,V,737,648,-1
1788814875.7208,1779165,V,737,648,-1
1788814875.7208,1779173,V,737,648,-1
1788814875.7208,1779181,V,738,649,-1
1788814875.7694,1779195,V,737,648,18627
1788814875.7694,1779203,V,738,649,-1
1788814875.7694,1779211,V,737,648,-1
1788814875.7694,1779219,V,738,649,-1
1788814875.7695,1779227,V,737,648,-1
1788814875.7695,1779235,V,738,649,-1
1788814875.8189,1779249,V,740,650,18628
1788814875.8189,1779257,V,739,650,-1
1788814875.8190,1779265,V,739,650,-1
1788814875.8190,1779273,V,738,649,-1
1788814875.8190,1779281,V,739,650,-1
1788814875.8190,1779289,V,739,650,-1
1788814875.8669,1779302,V,738,649,18629
1788814875.8670,1779310,V,739,650,-1
1788814875.8670,1779318,V,738,649,-1
1788814875.8670,1779326,V,738,649,-1
1788814875.8670,1779334,V,738,649,-1
1788814875.8670,1779342,V,737,648,-1
1788814875.9652,1779356,V,739,650,18630
1788814875.9653,1779364,V,738,649,-1
1788814875.9653,1779372,V,738,649,-1
1788814875.9653,1779380,V,737,648,-1
1788814875.9653,1779388,V,738,649,-1
1788814875.9653,1779396,V,737,648,-1
1788814876.0142,1779410,V,737,648,18631
1788814876.0143,1779418,V,737,648,-1
1788814876.0143,1779426,V,737,648,-1
1788814876.0143,1779434,V,737,648,-1
1788814876.0145,1779442,V,740,650,-1
1788814876.0145,1779450,V,737,648,-1
1788814876.0618,1779464,V,736,647,18632
1788814876.0618,1779472,V,736,647,-1
1788814876.0618,1779480,V,735,646,-1
1788814876.0618,1779488,V,735,646,-1
1788814876.0618,1779496,V,735,646,-1
1788814876.0618,1779504,V,735,646,-1
1788814876.1125,1779517,V,735,646,18633
1788814876.1125,1779525,V,735,646,-1
1788814876.1125,1779533,V,735,646,-1
1788814876.1125,1779541,V,736,647,-1
1788814876.1125,1779549,V,734,645,-1
1788814876.1125,1779557,V,735,646,-1
1788814876.1613,1779571,V,734,645,18634
1788814876.1614,1779579,V,733,644,-1
1788814876.1614,1779587,V,732,643,-1
1788814876.1614,1779595,V,732,643,-1
1788814876.1614,1779603,V,730,642,-1
1788814876.1614,1779611,V,729,641,-1
1788814876.2078,1779625,V,727,639,18635
1788814876.2079,1779633,V,726,638,-1
1788814876.2079,1779641,V,723,635,-1
1788814876.2080,1779649,V,720,633,-1
1788814876.2080,1779657,V,718,631,-1
1788814876.2080,1779665,V,714,628,-1
1788814876.3058,1779678,V,708,622,18636
1788814876.3058,1779686,V,698,613,-1
1788814876.3058,1779694,V,634,557,-1
1788814876.3058,1779702,V,601,528,-1
1788814876.3059,1779710,V,593,521,-1
1788814876.3059,1779718,V,589,518,-1
1788814876.3076,1779732,V,588,517,18637
1788814876.3077,1779740,V,585,514,-1
1788814876.3077,1779748,V,585,514,-1
1788814876.3077,1779756,V,583,512,-1
1788814876.3077,1779764,V,582,512,-1
1788814876.3077,1779772,V,583,512,-1
1788814876.3550,1779786,V,581,511,18638
1788814876.3550,1779794,V,579,509,-1
1788814876.3551,1779802,V,581,511,-1
1788814876.3551,1779810,V,580,510,-1
1788814876.3551,1779818,V,578,508,-1
1788814876.3551,1779826,V,578,508,-1
1788814876.4554,1779885,KEYUP,,,
1788814876.4558,1779839,V,579,509,18639
1788814876.4559,1779847,V,577,507,-1
1788814876.4560,1779855,V,578,508,-1
1788814876.4560,1779863,V,579,509,-1
1788814876.4560,1779871,V,576,506,-1
1788814876.4560,1779879,V,589,518,-1
1788814876.5013,1779893,V,576,506,18640
1788814876.5014,1779901,V,577,507,-1
1788814876.5014,1779909,V,575,505,-1
1788814876.5014,1779917,V,577,507,-1
1788814876.5014,1779925,V,577,507,-1
1788814876.5014,1779933,V,575,505,-1
1788814876.5515,1779947,V,576,506,18641
1788814876.5516,1779955,V,576,506,-1
1788814876.5516,1779963,V,576,506,-1
1788814876.5516,1779971,V,575,505,-1
1788814876.5516,1779979,V,575,505,-1
1788814876.5516,1779987,V,576,506,-1
1788814876.5988,1780001,V,574,504,18642
1788814876.5989,1780009,V,575,505,-1
1788814876.5989,1780017,V,575,505,-1
1788814876.5989,1780025,V,576,506,-1
1788814876.5989,1780033,V,576,506,-1
1788814876.5989,1780041,V,574,504,-1
1788814876.6475,1780055,V,574,504,18643
1788814876.6475,1780063,V,575,505,-1
1788814876.6475,1780071,V,574,504,-1
1788814876.6475,1780079,V,575,505,-1
1788814876.6475,1780087,V,575,505,-1
1788814876.6475,1780095,V,575,505,-1
1788814876.6962,1780108,V,575,505,18644
1788814876.6963,1780116,V,575,505,-1
1788814876.6963,1780124,V,577,507,-1
1788814876.6963,1780132,V,574,504,-1
1788814876.6963,1780140,V,574,504,-1
1788814876.6963,1780148,V,575,505,-1
1788814876.7455,1780162,V,575,505,18645
1788814876.7456,1780170,V,576,506,-1
1788814876.7456,1780178,V,576,506,-1
1788814876.7456,1780186,V,574,504,-1
1788814876.7456,1780194,V,575,505,-1
1788814876.7456,1780202,V,574,504,-1
1788814876.7931,1780215,V,575,505,18646
1788814876.7931,1780223,V,576,506,-1
1788814876.7931,1780231,V,574,504,-1
1788814876.7931,1780239,V,575,505,-1
1788814876.7931,1780247,V,574,504,-1
1788814876.7931,1780255,V,575,505,-1
1788814876.8429,1780269,V,575,505,18647
1788814876.8429,1780277,V,575,505,-1
1788814876.8430,1780285,V,576,506,-1
1788814876.8430,1780293,V,575,505,-1
1788814876.8430,1780301,V,574,504,-1
1788814876.8430,1780309,V,575,505,-1
1788814876.8908,1780323,V,591,519,18648
1788814876.8908,1780331,V,575,505,-1
1788814876.8908,1780339,V,574,504,-1
1788814876.8909,1780347,V,576,506,-1
1788814876.8909,1780355,V,576,506,-1
1788814876.8909,1780363,V,575,505,-1
1788814876.9883,1780376,V,575,505,18649
1788814876.9884,1780384,V,576,506,-1
1788814876.9884,1780392,V,576,506,-1
1788814876.9884,1780400,V,577,507,-1
1788814876.9885,1780408,V,576,506,-1
1788814876.9885,1780416,V,577,507,-1
1788814877.0371,1780430,V,576,506,18650
1788814877.0371,1780438,V,576,506,-1
1788814877.0371,1780446,V,576,506,-1
1788814877.0371,1780454,V,576,506,-1
1788814877.0371,1780462,V,576,506,-1
1788814877.0371,1780470,V,576,506,-1
1788814877.0857,1780484,V,578,508,18651
1788814877.0857,1780492,V,577,507,-1
1788814877.0857,1780500,V,577,507,-1
1788814877.0857,1780508,V,577,507,-1
1788814877.0857,1780516,V,577,507,-1
1788814877.0858,1780524,V,578,508,-1
1788814877.1340,1780537,V,577,507,18652
1788814877.1340,1780545,V,579,509,-1
1788814877.1340,1780553,V,578,508,-1
1788814877.1340,1780561,V,578,508,-1
1788814877.1340,1780569,V,579,509,-1
1788814877.1340,1780577,V,580,510,-1
1788814877.1827,1780591,V,579,509,18653
1788814877.1828,1780599,V,579,509,-1
1788814877.1828,1780607,V,581,511,-1
1788814877.1828,1780615,V,581,511,-1
1788814877.1828,1780623,V,581,511,-1
1788814877.1828,1780631,V,583,512,-1
1788814877.2315,1780645,V,584,513,18654
1788814877.2316,1780653,V,585,514,-1
1788814877.2316,1780661,V,590,519,-1
1788814877.2316,1780669,V,587,516,-1
1788814877.2316,1780677,V,588,517,-1
1788814877.2316,1780685,V,591,519,-1
1788814877.2805,1780698,V,593,521,18655
1788814877.2805,1780706,V,594,522,-1
1788814877.2806,1780714,V,604,531,-1
1788814877.2806,1780722,V,688,605,-1
1788814877.2806,1780730,V,713,627,-1
1788814877.2806,1780738,V,721,634,-1
1788814877.3290,1780752,V,726,638,18656
1788814877.3291,1780760,V,729,641,-1
1788814877.3291,1780768,V,731,642,-1
1788814877.3291,1780776,V,734,645,-1
1788814877.3291,1780784,V,734,645,-1
1788814877.3291,1780792,V,736,647,-1
1788814877.3786,1780852,KEYDOWN,,,
1788814877.3794,1780806,V,735,646,18657
1788814877.3794,1780814,V,738,649,-1
1788814877.3794,1780822,V,737,648,-1
1788814877.3794,1780830,V,738,649,-1
1788814877.3795,1780838,V,739,650,-1
1788814877.3795,1780846,V,740,650,-1
1788814877.4263,1780860,V,740,650,18658
1788814877.4264,1780868,V,740,650,-1
1788814877.4264,1780876,V,740,650,-1
1788814877.4264,1780884,V,742,652,-1
1788814877.4264,1780892,V,742,652,-1
1788814877.4264,1780900,V,743,653,-1
1788814877.5253,1780914,V,743,653,18659
1788814877.5254,1780922,V,745,655,-1
1788814877.5254,1780930,V,744,654,-1
1788814877.5254,1780938,V,745,655,-1
1788814877.5254,1780946,V,745,655,-1
1788814877.5254,1780954,V,746,656,-1
1788814877.5732,1780967,V,746,656,18660
1788814877.5732,1780975,V,746,656,-1
1788814877.5732,1780983,V,747,657,-1
1788814877.5732,1780991,V,747,657,-1
1788814877.5732,1780999,V,746,656,-1
1788814877.5732,1781007,V,747,657,-1
1788814877.6217,1781021,V,747,657,18661
1788814877.6217,1781029,V,747,657,-1
1788814877.6217,1781037,V,747,657,-1
1788814877.6217,1781045,V,746,656,-1
1788814877.6217,1781053,V,746,656,-1
1788814877.6218,1781061,V,746,656,-1
1788814877.6721,1781075,V,746,656,18662
1788814877.6721,1781083,V,748,657,-1
1788814877.6721,1781091,V,747,657,-1
1788814877.6721,1781099,V,748,657,-1
1788814877.6721,1781107,V,745,655,-1
1788814877.6722,1781115,V,746,656,-1
1788814877.7203,1781128,V,746,656,18663
1788814877.7203,1781136,V,747,657,-1
1788814877.7203,1781144,V,746,656,-1
1788814877.7204,1781152,V,746,656,-1
1788814877.7204,1781160,V,745,655,-1
1788814877.7204,1781168,V,746,656,-1
1788814877.7684,1781182,V,745,655,18664
1788814877.7685,1781190,V,745,655,-1
1788814877.7685,1781198,V,749,658,-1
1788814877.7685,1781206,V,745,655,-1
1788814877.7685,1781214,V,745,655,-1
1788814877.7685,1781222,V,745,655,-1
1788814877.8171,1781236,V,744,654,18665
1788814877.8171,1781244,V,745,655,-1
1788814877.8171,1781252,V,745,655,-1
1788814877.8171,1781260,V,744,654,-1
1788814877.8171,1781268,V,744,654,-1
1788814877.8171,1781276,V,745,655,-1
1788814877.8660,1781290,V,745,655,18666
1788814877.8660,1781298,V,745,655,-1
1788814877.8660,1781306,V,745,655,-1
1788814877.8660,1781314,V,744,654,-1
1788814877.8660,1781322,V,742,652,-1
1788814877.8660,1781330,V,742,652,-1
1788814877.9141,1781343,V,742,652,18667
1788814877.9141,1781351,V,742,652,-1
1788814877.9141,1781359,V,742,652,-1
1788814877.9141,1781367,V,741,651,-1
1788814877.9141,1781375,V,740,650,-1
1788814877.9141,1781383,V,741,651,-1
1788814877.9632,1781397,V,740,650,18668
1788814877.9632,1781405,V,741,651,-1
1788814877.9632,1781413,V,739,650,-1
1788814877.9632,1781421,V,739,650,-1
1788814877.9632,1781429,V,738,649,-1
1788814877.9632,1781437,V,739,650,-1
1788814878.1090,1781450,V,739,650,18669
1788814878.1090,1781458,V,739,650,-1
1788814878.1090,1781466,V,739,650,-1
1788814878.1090,1781474,V,739,650,-1
1788814878.1090,1781482,V,739,650,-1
1788814878.1090,1781490,V,741,651,-1
1788814878.1101,1781504,V,741,651,18670
1788814878.1101,1781512,V,741,651,-1
1788814878.1101,1781520,V,742,652,-1
1788814878.1101,1781528,V,743,653,-1
1788814878.1101,1781536,V,744,654,-1
1788814878.1101,1781544,V,744,654,-1
1788814878.1578,1781558,V,744,654,18671
1788814878.1578,1781566,V,744,654,-1
1788814878.1578,1781574,V,745,655,-1
1788814878.1578,1781582,V,746,656,-1
1788814878.1578,1781590,V,745,655,-1
1788814878.1578,1781598,V,746,656,-1
1788814878.2065,1781611,V,744,654,18672
1788814878.2065,1781619,V,746,656,-1
1788814878.2066,1781627,V,746,656,-1
1788814878.2066,1781635,V,746,656,-1
1788814878.2066,1781643,V,745,655,-1
1788814878.2066,1781651,V,746,656,-1
1788814878.2553,1781665,V,744,654,18673
1788814878.2553,1781673,V,745,655,-1
1788814878.2553,1781681,V,745,655,-1
1788814878.2553,1781689,V,744,654,-1
1788814878.2553,1781697,V,743,653,-1
1788814878.2553,1781705,V,743,653,-1
1788814878.3040,1781719,V,742,652,18674
1788814878.3040,1781727,V,741,651,-1
1788814878.3040,1781735,V,746,656,-1
1788814878.3041,1781743,V,740,650,-1
1788814878.3041,1781751,V,738,649,-1
1788814878.3041,1781759,V,737,648,-1
1788814878.4020,1781772,V,736,647,18675
1788814878.4022,1781780,V,735,646,-1
1788814878.4022,1781788,V,733,644,-1
1788814878.4022,1781796,V,733,644,-1
1788814878.4022,1781804,V,732,643,-1
1788814878.4022,1781812,V,730,642,-1
1788814878.4031,1781826,V,729,641,18676
1788814878.4031,1781834,V,727,639,-1
1788814878.4032,1781842,V,728,640,-1
1788814878.4032,1781850,V,727,639,-1
1788814878.4032,1781858,V,724,636,-1
1788814878.4032,1781866,V,724,636,-1
1788814878.4508,1781880,V,721,634,18677
1788814878.4508,1781888,V,719,632,-1
1788814878.4508,1781896,V,716,629,-1
1788814878.4509,1781904,V,714,628,-1
1788814878.4509,1781912,V,711,625,-1
1788814878.4509,1781920,V,704,619,-1
1788814878.5010,1781933,V,692,608,18678
1788814878.5010,1781941,V,625,549,-1
1788814878.5010,1781949,V,591,519,-1
1788814878.5010,1781957,V,588,517,-1
1788814878.5011,1781965,V,586,515,-1
1788814878.5011,1781973,V,585,514,-1
1788814878.5967,1781987,V,584,513,18679
1788814878.5968,1781995,V,584,513,-1
1788814878.5968,1782003,V,583,512,-1
1788814878.5968,1782011,V,583,512,-1
1788814878.5968,1782019,V,583,512,-1
1788814878.5968,1782027,V,583,512,-1
1788814878.6456,1782041,V,581,511,18680
1788814878.6457,1782049,V,581,511,-1
1788814878.6457,1782057,V,581,511,-1
1788814878.6458,1782065,V,580,510,-1
1788814878.6458,1782073,V,583,512,-1
1788814878.6458,1782081,V,579,509,-1
1788814878.6944,1782131,KEYUP,,,
1788814878.6955,1782095,V,580,510,18681
1788814878.6955,1782103,V,579,509,-1
1788814878.6955,1782111,V,579,509,-1
1788814878.6955,1782119,V,577,507,-1
1788814878.6955,1782127,V,577,507,-1
1788814878.6955,1782135,V,578,508,-1
1788814878.7429,1782149,V,578,508,18682
1788814878.7430,1782157,V,577,507,-1
1788814878.7430,1782165,V,577,507,-1
1788814878.7430,1782173,V,592,520,-1
1788814878.7430,1782181,V,577,507,-1
1788814878.7430,1782189,V,576,506,-1
1788814878.7921,1782202,V,576,506,18683
1788814878.7921,1782210,V,576,506,-1
1788814878.7921,1782218,V,575,505,-1
1788814878.7921,1782226,V,575,505,-1
1788814878.7921,1782234,V,575,505,-1
1788814878.7921,1782242,V,573,504,-1
1788814878.8409,1782256,V,574,504,18684
1788814878.8410,1782264,V,574,504,-1
1788814878.8410,1782272,V,575,505,-1
1788814878.8410,1782280,V,574,504,-1
1788814878.8410,1782288,V,575,505,-1
1788814878.8410,1782296,V,575,505,-1
1788814878.8893,1782310,V,573,504,18685
1788814878.8895,1782318,V,574,504,-1
1788814878.8895,1782326,V,573,504,-1
1788814878.8895,1782334,V,573,504,-1
1788814878.8895,1782342,V,573,504,-1
1788814878.8895,1782350,V,573,504,-1
1788814878.9384,1782363,V,574,504,18686
1788814878.9384,1782371,V,573,504,-1
1788814878.9385,1782379,V,573,504,-1
1788814878.9385,1782387,V,573,504,-1
1788814878.9385,1782395,V,575,505,-1
1788814878.9385,1782403,V,573,504,-1
1788814878.9880,1782417,V,575,505,18687
1788814878.9880,1782425,V,573,504,-1
1788814878.9880,1782433,V,572,503,-1
1788814878.9880,1782441,V,573,504,-1
1788814878.9880,1782449,V,574,504,-1
1788814878.9880,1782457,V,573,504,-1
1788814879.0355,1782471,V,573,504,18688
1788814879.0356,1782479,V,573,504,-1
1788814879.0356,1782487,V,572,503,-1
1788814879.0356,1782495,V,573,504,-1
1788814879.0356,1782503,V,574,504,-1
1788814879.0356,1782511,V,578,508,-1
1788814879.1339,1782524,V,573,504,18689
1788814879.1341,1782532,V,572,503,-1
1788814879.1341,1782540,V,573,504,-1
1788814879.1341,1782548,V,573,504,-1
1788814879.1341,1782556,V,573,504,-1
1788814879.1341,1782564,V,573,504,-1
1788814879.1833,1782578,V,574,504,18690
1788814879.1833,1782586,V,574,504,-1
1788814879.1833,1782594,V,574,504,-1
1788814879.1833,1782602,V,574,504,-1
1788814879.1833,1782610,V,576,506,-1
1788814879.1833,1782618,V,572,503,-1
1788814879.2306,1782632,V,573,504,18691
1788814879.2306,1782640,V,573,504,-1
1788814879.2306,1782648,V,573,504,-1
1788814879.2306,1782656,V,573,504,-1
1788814879.2306,1782664,V,573,504,-1
1788814879.2307,1782672,V,574,504,-1
1788814879.2792,1782685,V,573,504,18692
1788814879.2793,1782693,V,573,504,-1
1788814879.2793,1782701,V,573,504,-1
1788814879.2793,1782709,V,580,510,-1
1788814879.2793,1782717,V,573,504,-1
1788814879.2793,1782725,V,574,504,-1
1788814879.3280,1782739,V,574,504,18693
1788814879.3281,1782747,V,574,504,-1
1788814879.3281,1782755,V,573,504,-1
1788814879.3281,1782763,V,574,504,-1
1788814879.3281,1782771,V,575,505,-1
1788814879.3281,1782779,V,574,504,-1
1788814879.3767,1782793,V,574,504,18694
1788814879.3768,1782801,V,573,504,-1
1788814879.3769,1782809,V,575,505,-1
1788814879.3769,1782817,V,575,505,-1
1788814879.3769,1782825,V,576,506,-1
1788814879.3769,1782833,V,575,505,-1
1788814879.4259,1782846,V,577,507,18695
1788814879.4259,1782854,V,575,505,-1
1788814879.4259,1782862,V,576,506,-1
1788814879.4259,1782870,V,576,506,-1
1788814879.4259,1782878,V,576,506,-1
1788814879.4260,1782886,V,576,506,-1
1788814879.4743,1782900,V,576,506,18696
1788814879.4743,1782908,V,578,508,-1
1788814879.4743,1782916,V,577,507,-1
1788814879.4743,1782924,V,577,507,-1
1788814879.4743,1782932,V,578,508,-1
1788814879.4743,1782940,V,578,508,-1
1788814879.5230,1782953,V,580,510,18697
1788814879.5231,1782961,V,578,508,-1
1788814879.5231,1782969,V,579,509,-1
1788814879.5231,1782977,V,579,509,-1
1788814879.5231,1782985,V,579,509,-1
1788814879.5231,1782993,V,579,509,-1
1788814879.5717,1783007,V,579,509,18698
1788814879.5717,1783015,V,581,511,-1
1788814879.5719,1783023,V,581,511,-1
1788814879.5719,1783031,V,581,511,-1
1788814879.5719,1783039,V,582,512,-1
1788814879.5719,1783047,V,584,513,-1
1788814879.6696,1783061,V,583,512,18699
1788814879.6698,1783069,V,583,512,-1
1788814879.6698,1783077,V,584,513,-1
1788814879.6698,1783085,V,583,512,-1
1788814879.6698,1783093,V,586,515,-1
1788814879.6698,1783101,V,587,516,-1
1788814879.7184,1783115,V,588,517,18700
1788814879.7184,1783123,V,589,518,-1
1788814879.7184,1783131,V,592,520,-1
1788814879.7184,1783139,V,595,523,-1
1788814879.7184,1783147,V,612,538,-1
1788814879.7184,1783155,V,650,571,-1
1788814879.7670,1783168,V,662,582,18701
1788814879.7670,1783176,V,661,581,-1
1788814879.7670,1783184,V,661,581,-1
1788814879.7670,1783192,V,664,584,-1
1788814879.7670,1783200,V,667,586,-1
1788814879.7670,1783208,V,674,592,-1
1788814879.8159,1783222,V,686,603,18702
1788814879.8159,1783230,V,704,619,-1
1788814879.8159,1783238,V,715,628,-1
1788814879.8159,1783246,V,724,636,-1
1788814879.8159,1783254,V,729,641,-1
1788814879.8159,1783262,V,734,645,-1
1788814879.8172,1783294,KEYDOWN,,,
1788814879.8645,1783276,V,737,648,18703
1788814879.8645,1783284,V,738,649,-1
1788814879.8645,1783292,V,742,652,-1
1788814879.8645,1783300,V,743,653,-1
1788814879.8645,1783308,V,744,654,-1
1788814879.8645,1783316,V,745,655,-1
1788814879.9135,1783330,V,746,656,18704
1788814879.9136,1783338,V,747,657,-1
1788814879.9136,1783346,V,746,656,-1
1788814879.9137,1783354,V,747,657,-1
1788814879.9137,1783362,V,748,657,-1
1788814879.9137,1783370,V,750,659,-1
1788814879.9622,1783383,V,749,658,18705
1788814879.9622,1783391,V,750,659,-1
1788814879.9622,1783399,V,750,659,-1
1788814879.9623,1783407,V,751,660,-1
1788814879.9623,1783415,V,751,660,-1
1788814879.9623,1783423,V,751,660,-1
1788814880.0104,1783437,V,750,659,18706
1788814880.0104,1783445,V,750,659,-1
1788814880.0104,1783453,V,751,660,-1
1788814880.0104,1783461,V,752,661,-1
1788814880.0104,1783469,V,752,661,-1
1788814880.0104,1783477,V,752,661,-1
1788814880.0591,1783491,V,751,660,18707
1788814880.0591,1783499,V,752,661,-1
1788814880.0591,1783507,V,751,660,-1
1788814880.0591,1783515,V,752,661,-1
1788814880.0591,1783523,V,751,660,-1
1788814880.0591,1783531,V,752,661,-1
1788814880.1571,1783544,V,753,662,18708
1788814880.1573,1783552,V,752,661,-1
1788814880.1573,1783560,V,754,663,-1
1788814880.1573,1783568,V,754,663,-1
1788814880.1573,1783576,V,754,663,-1
1788814880.1573,1783584,V,757,665,-1
1788814880.2059,1783598,V,754,663,18709
1788814880.2059,1783606,V,754,663,-1
1788814880.2059,1783614,V,754,663,-1
1788814880.2059,1783622,V,754,663,-1
1788814880.2059,1783630,V,753,662,-1
1788814880.2059,1783638,V,753,662,-1
1788814880.2543,1783652,V,754,663,18710
1788814880.2543,1783660,V,754,663,-1
1788814880.2543,1783668,V,756,664,-1
1788814880.2543,1783676,V,754,663,-1
1788814880.2543,1783684,V,754,663,-1
1788814880.2543,1783692,V,755,664,-1
1788814880.3030,1783705,V,754,663,18711
1788814880.3031,1783713,V,753,662,-1
1788814880.3031,1783721,V,753,662,-1
1788814880.3031,1783729,V,753,662,-1
1788814880.3031,1783737,V,752,661,-1
1788814880.3031,1783745,V,752,661,-1
1788814880.3518,1783759,V,751,660,18712
1788814880.3519,1783767,V,752,661,-1
1788814880.3519,1783775,V,752,661,-1
1788814880.3519,1783783,V,751,660,-1
1788814880.3519,1783791,V,750,659,-1
1788814880.3519,1783799,V,751,660,-1
1788814880.4002,1783813,V,749,658,18713
1788814880.4003,1783821,V,749,658,-1
1788814880.4003,1783829,V,748,657,-1
1788814880.4003,1783837,V,746,656,-1
1788814880.4003,1783845,V,745,655,-1
1788814880.4003,1783853,V,745,655,-1
1788814880.5006,1783866,V,744,654,18714
1788814880.5007,1783874,V,743,653,-1
1788814880.5007,1783882,V,743,653,-1
1788814880.5007,1783890,V,741,651,-1
1788814880.5007,1783898,V,742,652,-1
1788814880.5007,1783906,V,739,650,-1
1788814880.5010,1783920,V,735,646,18715
1788814880.5010,1783928,V,732,643,-1
1788814880.5010,1783936,V,728,640,-1
1788814880.5010,1783944,V,719,632,-1
1788814880.5010,1783952,V,712,626,-1
1788814880.5010,1783960,V,703,618,-1
1788814880.5956,1783974,V,690,606,18716
1788814880.5956,1783982,V,680,598,-1
1788814880.5956,1783990,V,666,585,-1
1788814880.5956,1783998,V,654,575,-1
1788814880.5956,1784006,V,647,569,-1
1788814880.5956,1784014,V,632,555,-1
1788814880.5968,1784027,V,610,536,18717
1788814880.5968,1784035,V,595,523,-1
1788814880.5968,1784043,V,593,521,-1
1788814880.5968,1784051,V,589,518,-1
1788814880.5968,1784059,V,587,516,-1
1788814880.5969,1784067,V,587,516,-1
1788814880.6929,1784081,V,584,513,18718
1788814880.6930,1784089,V,582,512,-1
1788814880.6930,1784097,V,581,511,-1
1788814880.6930,1784105,V,581,511,-1
1788814880.6930,1784113,V,582,512,-1
1788814880.6931,1784121,V,582,512,-1
1788814880.7422,1784135,V,579,509,18719
1788814880.7423,1784143,V,578,508,-1
1788814880.7423,1784151,V,578,508,-1
1788814880.7423,1784159,V,577,507,-1
1788814880.7423,1784167,V,576,506,-1
1788814880.7423,1784175,V,578,508,-1
1788814880.7445,1784207,KEYUP,,,
1788814880.7907,1784189,V,577,507,18720
1788814880.7907,1784197,V,577,507,-1
1788814880.7907,1784205,V,576,506,-1
1788814880.7907,1784213,V,575,505,-1
1788814880.7907,1784221,V,575,505,-1
1788814880.7907,1784229,V,575,505,-1
1788814880.8395,1784243,V,575,505,18721
1788814880.8396,1784251,V,575,505,-1
1788814880.8396,1784259,V,574,504,-1
1788814880.8396,1784267,V,574,504,-1
1788814880.8396,1784275,V,573,504,-1
1788814880.8396,1784283,V,574,504,-1
1788814880.8883,1784296,V,574,504,18722
1788814880.8883,1784304,V,572,503,-1
1788814880.8883,1784312,V,572,503,-1
1788814880.8883,1784320,V,573,504,-1
1788814880.8883,1784328,V,572,503,-1
1788814880.8883,1784336,V,573,504,-1
1788814880.9368,1784350,V,573,504,18723
1788814880.9369,1784358,V,572,503,-1
1788814880.9369,1784366,V,575,505,-1
1788814880.9370,1784374,V,572,503,-1
1788814880.9370,1784382,V,571,502,-1
1788814880.9370,1784390,V,572,503,-1
1788814880.9857,1784404,V,573,504,18724
1788814880.9858,1784412,V,572,503,-1
1788814880.9858,1784420,V,572,503,-1
1788814880.9858,1784428,V,573,504,-1
1788814880.9858,1784436,V,573,504,-1
1788814880.9858,1784444,V,572,503,-1
1788814881.0344,1784457,V,572,503,18725
1788814881.0344,1784465,V,581,511,-1
1788814881.0344,1784473,V,573,504,-1
1788814881.0344,1784481,V,573,504,-1
1788814881.0344,1784489,V,573,504,-1
1788814881.0344,1784497,V,572,503,-1
1788814881.0830,1784511,V,571,502,18726
1788814881.0830,1784519,V,572,503,-1
1788814881.0830,1784527,V,572,503,-1
1788814881.0830,1784535,V,573,504,-1
1788814881.0831,1784543,V,573,504,-1
1788814881.0831,1784551,V,572,503,-1
1788814881.1318,1784565,V,574,504,18727
1788814881.1318,1784573,V,573,504,-1
1788814881.1318,1784581,V,572,503,-1
1788814881.1318,1784589,V,572,503,-1
1788814881.1318,1784597,V,573,504,-1
1788814881.1318,1784605,V,573,504,-1
1788814881.2293,1784618,V,572,503,18728
1788814881.2295,1784626,V,574,504,-1
1788814881.2295,1784634,V,573,504,-1
1788814881.2295,1784642,V,574,504,-1
1788814881.2295,1784650,V,574,504,-1
1788814881.2295,1784658,V,574,504,-1
1788814881.2785,1784672,V,573,504,18729
1788814881.2785,1784680,V,574,504,-1
1788814881.2785,1784688,V,574,504,-1
1788814881.2786,1784696,V,574,504,-1
1788814881.2786,1784704,V,575,505,-1
1788814881.2786,1784712,V,573,504,-1
1788814881.3274,1784726,V,575,505,18730
1788814881.3275,1784734,V,575,505,-1
1788814881.3275,1784742,V,575,505,-1
1788814881.3275,1784750,V,575,505,-1
1788814881.3275,1784758,V,574,504,-1
1788814881.3275,1784766,V,576,506,-1
1788814881.3765,1784779,V,575,505,18731
1788814881.3765,1784787,V,575,505,-1
1788814881.3765,1784795,V,575,505,-1
1788814881.3765,1784803,V,577,507,-1
1788814881.3766,1784811,V,576,506,-1
1788814881.3766,1784819,V,575,505,-1
1788814881.4253,1784833,V,577,507,18732
1788814881.4253,1784841,V,577,507,-1
1788814881.4253,1784849,V,579,509,-1
1788814881.4253,1784857,V,577,507,-1
1788814881.4253,1784865,V,579,509,-1
1788814881.4253,1784873,V,578,508,-1
1788814881.4741,1784887,V,578,508,18733
1788814881.4743,1784895,V,580,510,-1
1788814881.4743,1784903,V,582,512,-1
1788814881.4743,1784911,V,580,510,-1
1788814881.4743,1784919,V,581,511,-1
1788814881.4743,1784927,V,580,510,-1
1788814881.5239,1784940,V,582,512,18734
1788814881.5240,1784948,V,582,512,-1
1788814881.5240,1784956,V,583,512,-1
1788814881.5240,1784964,V,583,512,-1
1788814881.5240,1784972,V,582,512,-1
1788814881.5240,1784980,V,583,512,-1
1788814881.6195,1784994,V,584,513,18735
1788814881.6195,1785002,V,599,526,-1
1788814881.6195,1785010,V,585,514,-1
1788814881.6195,1785018,V,585,514,-1
1788814881.6195,1785026,V,585,514,-1
1788814881.6195,1785034,V,584,513,-1
1788814881.6202,1785048,V,585,514,18736
1788814881.6202,1785056,V,587,516,-1
1788814881.6202,1785064,V,588,517,-1
1788814881.6203,1785072,V,588,517,-1
1788814881.6203,1785080,V,588,517,-1
1788814881.6203,1785088,V,591,519,-1
1788814881.6682,1785101,V,599,526,18737
1788814881.6682,1785109,V,594,522,-1
1788814881.6682,1785117,V,599,526,-1
1788814881.6682,1785125,V,654,575,-1
1788814881.6682,1785133,V,701,616,-1
1788814881.6682,1785141,V,716,629,-1
1788814881.7667,1785155,V,723,635,18738
1788814881.7668,1785163,V,726,638,-1
1788814881.7668,1785171,V,728,640,-1
1788814881.7668,1785179,V,731,642,-1
1788814881.7668,1785187,V,732,643,-1
1788814881.7668,1785195,V,733,644,-1
1788814881.8155,1785254,KEYDOWN,,,
1788814881.8167,1785209,V,733,644,18739
1788814881.8167,1785217,V,735,646,-1
1788814881.8167,1785225,V,734,645,-1
1788814881.8167,1785233,V,735,646,-1
1788814881.8167,1785241,V,735,646,-1
1788814881.8167,1785249,V,736,647,-1
1788814881.8642,1785263,V,736,647,18740
1788814881.8642,1785271,V,735,646,-1
1788814881.8642,1785279,V,735,646,-1
1788814881.8642,1785287,V,736,647,-1
1788814881.8642,1785295,V,736,647,-1
1788814881.8642,1785303,V,737,648,-1
1788814881.9119,1785316,V,738,649,18741
1788814881.9119,1785324,V,738,649,-1
1788814881.9119,1785332,V,738,649,-1
1788814881.9119,1785340,V,738,649,-1
1788814881.9119,1785348,V,739,650,-1
1788814881.9119,1785356,V,739,650,-1
1788814881.9611,1785370,V,739,650,18742
1788814881.9611,1785378,V,738,649,-1
1788814881.9612,1785386,V,738,649,-1
1788814881.9612,1785394,V,738,649,-1
1788814881.9612,1785402,V,739,650,-1
1788814881.9612,1785410,V,739,650,-1
1788814882.0093,1785424,V,740,650,18743
1788814882.0095,1785432,V,740,650,-1
1788814882.0095,1785440,V,745,655,-1
1788814882.0095,1785448,V,739,650,-1
1788814882.0095,1785456,V,739,650,-1
1788814882.0095,1785464,V,738,649,-1
1788814882.0584,1785477,V,739,650,18744
1788814882.0584,1785485,V,737,648,-1
1788814882.0584,1785493,V,738,649,-1
1788814882.0584,1785501,V,737,648,-1
1788814882.0584,1785509,V,738,649,-1
1788814882.0584,1785517,V,739,650,-1
1788814882.1078,1785531,V,739,650,18745
1788814882.1078,1785539,V,740,650,-1
1788814882.1078,1785547,V,739,650,-1
1788814882.1078,1785555,V,739,650,-1
1788814882.1079,1785563,V,739,650,-1
1788814882.1079,1785571,V,741,651,-1
1788814882.1557,1785585,V,740,650,18746
1788814882.1558,1785593,V,740,650,-1
1788814882.1558,1785601,V,741,651,-1
1788814882.1558,1785609,V,741,651,-1
1788814882.1558,1785617,V,742,652,-1
1788814882.1558,1785625,V,742,652,-1
1788814882.2040,1785638,V,741,651,18747
1788814882.2040,1785646,V,742,652,-1
1788814882.2040,1785654,V,741,651,-1
1788814882.2040,1785662,V,741,651,-1
1788814882.2040,1785670,V,742,652,-1
1788814882.2041,1785678,V,742,652,-1
1788814882.3028,1785692,V,739,650,18748
1788814882.3029,1785700,V,741,651,-1
1788814882.3029,1785708,V,741,651,-1
1788814882.3029,1785716,V,741,651,-1
1788814882.3029,1785724,V,741,651,-1
1788814882.3029,1785732,V,739,650,-1
1788814882.3518,1785746,V,739,650,18749
1788814882.3519,1785754,V,738,649,-1
1788814882.3519,1785762,V,738,649,-1
1788814882.3519,1785770,V,736,647,-1
1788814882.3519,1785778,V,736,647,-1
1788814882.3519,1785786,V,734,645,-1
1788814882.4002,1785799,V,732,643,18750
1788814882.4002,1785807,V,731,642,-1
1788814882.4002,1785815,V,730,642,-1
1788814882.4002,1785823,V,727,639,-1
1788814882.4002,1785831,V,726,638,-1
1788814882.4002,1785839,V,724,636,-1
1788814882.4491,1785853,V,722,635,18751
1788814882.4491,1785861,V,719,632,-1
1788814882.4491,1785869,V,717,630,-1
1788814882.4491,1785877,V,717,630,-1
1788814882.4492,1785885,V,713,627,-1
1788814882.4492,1785893,V,709,623,-1
1788814882.4969,1785907,V,707,621,18752
1788814882.4969,1785915,V,704,619,-1
1788814882.4969,1785923,V,697,613,-1
1788814882.4969,1785931,V,685,602,-1
1788814882.4969,1785939,V,657,577,-1
1788814882.4969,1785947,V,613,539,-1
1788814882.6434,1785960,V,591,519,18753
1788814882.6435,1785968,V,588,517,-1
1788814882.6435,1785976,V,595,523,-1
1788814882.6436,1785984,V,586,515,-1
1788814882.6436,1785992,V,586,515,-1
1788814882.6436,1786000,V,585,514,-1
1788814882.6445,1786014,V,584,513,18754
1788814882.6445,1786022,V,583,512,-1
1788814882.6445,1786030,V,582,512,-1
1788814882.6445,1786038,V,583,512,-1
1788814882.6445,1786046,V,582,512,-1
1788814882.6445,1786054,V,581,511,-1
1788814882.6448,1786068,V,580,510,18755
1788814882.6448,1786076,V,579,509,-1
1788814882.6448,1786084,V,579,509,-1
1788814882.6448,1786092,V,577,507,-1
1788814882.6448,1786100,V,576,506,-1
1788814882.6448,1786108,V,578,508,-1
1788814882.6921,1786131,KEYUP,,,
1788814882.6931,1786122,V,576,506,18756
1788814882.6931,1786130,V,578,508,-1
1788814882.6931,1786138,V,576,506,-1
1788814882.6931,1786146,V,575,505,-1
1788814882.6931,1786154,V,574,504,-1
1788814882.6931,1786162,V,576,506,-1
1788814882.7405,1786176,V,576,506,18757
1788814882.7406,1786184,V,574,504,-1
1788814882.7406,1786192,V,575,505,-1
1788814882.7406,1786200,V,574,504,-1
1788814882.7406,1786208,V,574,504,-1
1788814882.7406,1786216,V,577,507,-1
1788814882.8384,1786229,V,574,504,18758
1788814882.8385,1786237,V,574,504,-1
1788814882.8385,1786245,V,573,504,-1
1788814882.8385,1786253,V,574,504,-1
1788814882.8385,1786261,V,573,504,-1
1788814882.8385,1786269,V,573,504,-1
1788814882.8871,1786283,V,573,504,18759
1788814882.8873,1786291,V,573,504,-1
1788814882.8873,1786299,V,572,503,-1
1788814882.8873,1786307,V,572,503,-1
1788814882.8873,1786315,V,574,504,-1
1788814882.8873,1786323,V,573,504,-1
1788814882.9360,1786336,V,573,504,18760
1788814882.9361,1786344,V,573,504,-1
1788814882.9361,1786352,V,573,504,-1
1788814882.9361,1786360,V,573,504,-1
1788814882.9361,1786368,V,574,504,-1
1788814882.9361,1786376,V,573,504,-1
1788814882.9845,1786390,V,572,503,18761
1788814882.9845,1786398,V,572,503,-1
1788814882.9845,1786406,V,573,504,-1
1788814882.9846,1786414,V,580,510,-1
1788814882.9846,1786422,V,573,504,-1
1788814882.9846,1786430,V,573,504,-1
1788814883.0332,1786444,V,573,504,18762
1788814883.0332,1786452,V,572,503,-1
1788814883.0332,1786460,V,572,503,-1
1788814883.0333,1786468,V,573,504,-1
1788814883.0333,1786476,V,571,502,-1
1788814883.0333,1786484,V,572,503,-1
1788814883.0818,1786498,V,572,503,18763
1788814883.0818,1786506,V,573,504,-1
1788814883.0818,1786514,V,573,504,-1
1788814883.0818,1786522,V,573,504,-1
1788814883.0818,1786530,V,574,504,-1
1788814883.0818,1786538,V,574,504,-1
1788814883.1303,1786551,V,574,504,18764
1788814883.1304,1786559,V,573,504,-1
1788814883.1304,1786567,V,574,504,-1
1788814883.1304,1786575,V,572,503,-1
1788814883.1304,1786583,V,573,504,-1
1788814883.1304,1786591,V,573,504,-1
1788814883.1791,1786605,V,573,504,18765
1788814883.1791,1786613,V,573,504,-1
1788814883.1791,1786621,V,574,504,-1
1788814883.1791,1786629,V,574,504,-1
1788814883.1791,1786637,V,574,504,-1
1788814883.1791,1786645,V,572,503,-1
1788814883.2279,1786658,V,576,506,18766
1788814883.2279,1786666,V,574,504,-1
1788814883.2279,1786674,V,575,505,-1
1788814883.2279,1786682,V,574,504,-1
1788814883.2279,1786690,V,574,504,-1
1788814883.2279,1786698,V,575,505,-1
1788814883.2765,1786712,V,575,505,18767
1788814883.2765,1786720,V,573,504,-1
1788814883.2765,1786728,V,574,504,-1
1788814883.2765,1786736,V,575,505,-1
1788814883.2765,1786744,V,574,504,-1
1788814883.2765,1786752,V,580,510,-1
1788814883.3747,1786766,V,575,505,18768
1788814883.3748,1786774,V,575,505,-1
1788814883.3748,1786782,V,576,506,-1
1788814883.3749,1786790,V,575,505,-1
1788814883.3749,1786798,V,575,505,-1
1788814883.3749,1786806,V,576,506,-1
1788814883.4231,1786819,V,577,507,18769
1788814883.4232,1786827,V,576,506,-1
1788814883.4232,1786835,V,575,505,-1
1788814883.4232,1786843,V,576,506,-1
1788814883.4232,1786851,V,580,510,-1
1788814883.4232,1786859,V,577,507,-1
1788814883.4719,1786873,V,577,507,18770
1788814883.4719,1786881,V,577,507,-1
1788814883.4719,1786889,V,577,507,-1
1788814883.4719,1786897,V,578,508,-1
1788814883.4719,1786905,V,579,509,-1
1788814883.4719,1786913,V,578,508,-1
1788814883.5221,1786927,V,579,509,18771
1788814883.5222,1786935,V,578,508,-1
1788814883.5222,1786943,V,579,509,-1
1788814883.5222,1786951,V,586,515,-1
1788814883.5222,1786959,V,581,511,-1
1788814883.5222,1786967,V,581,511,-1
1788814883.5703,1786980,V,581,511,18772
1788814883.5703,1786988,V,581,511,-1
1788814883.5703,1786996,V,581,511,-1
1788814883.5703,1787004,V,583,512,-1
1788814883.5703,1787012,V,582,512,-1
1788814883.5703,1787020,V,582,512,-1
1788814883.6676,1787034,V,583,512,18773
1788814883.6678,1787042,V,584,513,-1
1788814883.6678,1787050,V,585,514,-1
1788814883.6678,1787058,V,585,514,-1
1788814883.6678,1787066,V,586,515,-1
1788814883.6678,1787074,V,587,516,-1
1788814883.6702,1787088,V,588,517,18774
1788814883.6702,1787096,V,587,516,-1
1788814883.6702,1787104,V,588,517,-1
1788814883.6702,1787112,V,591,519,-1
1788814883.6702,1787120,V,593,521,-1
1788814883.6702,1787128,V,594,522,-1
1788814883.7156,1787141,V,599,526,18775
1788814883.7156,1787149,V,621,546,-1
1788814883.7156,1787157,V,680,598,-1
1788814883.7156,1787165,V,707,621,-1
1788814883.7156,1787173,V,718,631,-1
1788814883.7157,1787181,V,723,635,-1
1788814883.7648,1787195,V,728,640,18776
1788814883.7649,1787203,V,729,641,-1
1788814883.7649,1787211,V,729,641,-1
1788814883.7649,1787219,V,730,642,-1
1788814883.7649,1787227,V,731,642,-1
1788814883.7649,1787235,V,732,643,-1
1788814883.8140,1787276,KEYDOWN,,,
1788814883.8633,1787249,V,733,644,18777
1788814883.8634,1787257,V,733,644,-1
1788814883.8634,1787265,V,734,645,-1
1788814883.8634,1787273,V,733,644,-1
1788814883.8634,1787281,V,733,644,-1
1788814883.8635,1787289,V,735,646,-1
1788814883.9119,1787303,V,733,644,18778
1788814883.9121,1787311,V,733,644,-1
1788814883.9121,1787319,V,735,646,-1
1788814883.9121,1787327,V,734,645,-1
1788814883.9121,1787335,V,736,647,-1
1788814883.9121,1787343,V,735,646,-1
1788814883.9599,1787357,V,736,647,18779
1788814883.9600,1787365,V,735,646,-1
1788814883.9600,1787373,V,734,645,-1
1788814883.9600,1787381,V,735,646,-1
1788814883.9600,1787389,V,736,647,-1
1788814883.9600,1787397,V,735,646,-1
1788814884.0081,1787410,V,736,647,18780
1788814884.0081,1787418,V,735,646,-1
1788814884.0081,1787426,V,736,647,-1
1788814884.0082,1787434,V,736,647,-1
1788814884.0082,1787442,V,736,647,-1
1788814884.0082,1787450,V,735,646,-1
1788814884.0570,1787464,V,735,646,18781
1788814884.0570,1787472,V,734,645,-1
1788814884.0570,1787480,V,734,645,-1
1788814884.0570,1787488,V,734,645,-1
1788814884.0570,1787496,V,734,645,-1
1788814884.0571,1787504,V,734,645,-1
1788814884.1056,1787518,V,732,643,18782
1788814884.1056,1787526,V,733,644,-1
1788814884.1056,1787534,V,732,643,-1
1788814884.1057,1787542,V,733,644,-1
1788814884.1057,1787550,V,732,643,-1
1788814884.1057,1787558,V,732,643,-1
1788814884.1543,1787571,V,732,643,18783
1788814884.1544,1787579,V,732,643,-1
1788814884.1545,1787587,V,731,642,-1
1788814884.1545,1787595,V,731,642,-1
1788814884.1545,1787603,V,732,643,-1
1788814884.1545,1787611,V,731,642,-1
1788814884.2034,1787625,V,731,642,18784
1788814884.2034,1787633,V,733,644,-1
1788814884.2034,1787641,V,730,642,-1
1788814884.2034,1787649,V,732,643,-1
1788814884.2034,1787657,V,730,642,-1
1788814884.2034,1787665,V,730,642,-1
1788814884.2519,1787679,V,729,641,18785
1788814884.2519,1787687,V,729,641,-1
1788814884.2519,1787695,V,729,641,-1
1788814884.2519,1787703,V,729,641,-1
1788814884.2520,1787711,V,729,641,-1
1788814884.2520,1787719,V,729,641,-1
1788814884.3004,1787732,V,731,642,18786
1788814884.3004,1787740,V,728,640,-1
1788814884.3004,1787748,V,727,639,-1
1788814884.3004,1787756,V,729,641,-1
1788814884.3004,1787764,V,728,640,-1
1788814884.3004,1787772,V,727,639,-1
1788814884.3983,1787786,V,727,639,18787
1788814884.3984,1787794,V,726,638,-1
1788814884.3984,1787802,V,725,637,-1
1788814884.3984,1787810,V,724,636,-1
1788814884.3985,1787818,V,723,635,-1
1788814884.3985,1787826,V,721,634,-1
1788814884.4472,1787840,V,720,633,18788
1788814884.4473,1787848,V,717,630,-1
1788814884.4473,1787856,V,717,630,-1
1788814884.4473,1787864,V,713,627,-1
1788814884.4473,1787872,V,710,624,-1
1788814884.4473,1787880,V,708,622,-1
1788814884.4954,1787894,V,702,617,18789
1788814884.4954,1787902,V,693,609,-1
1788814884.4954,1787910,V,671,590,-1
1788814884.4954,1787918,V,653,574,-1
1788814884.4954,1787926,V,635,558,-1
1788814884.4955,1787934,V,607,533,-1
1788814884.5464,1787948,V,596,524,18790
1788814884.5464,1787956,V,590,519,-1
1788814884.5464,1787964,V,589,518,-1
1788814884.5464,1787972,V,587,516,-1
1788814884.5464,1787980,V,585,514,-1
1788814884.5464,1787988,V,583,512,-1
1788814884.5937,1788001,V,582,512,18791
1788814884.5937,1788009,V,581,511,-1
1788814884.5937,1788017,V,581,511,-1
1788814884.5937,1788025,V,580,510,-1
1788814884.5937,1788033,V,579,509,-1
1788814884.5937,1788041,V,577,507,-1
1788814884.6910,1788055,V,578,508,18792
1788814884.6911,1788063,V,578,508,-1
1788814884.6911,1788071,V,582,512,-1
1788814884.6911,1788079,V,576,506,-1
1788814884.6912,1788087,V,576,506,-1
1788814884.6912,1788095,V,576,506,-1
1788814884.6931,1788118,KEYUP,,,
1788814884.6933,1788109,V,576,506,18793
1788814884.6934,1788117,V,574,504,-1
1788814884.6934,1788125,V,575,505,-1
1788814884.6934,1788133,V,575,505,-1
1788814884.6934,1788141,V,575,505,-1
1788814884.6934,1788149,V,574,504,-1
1788814884.7397,1788162,V,574,504,18794
1788814884.7398,1788170,V,585,514,-1
1788814884.7398,1788178,V,574,504,-1
1788814884.7398,1788186,V,573,504,-1
1788814884.7398,1788194,V,574,504,-1
1788814884.7398,1788202,V,573,504,-1
1788814884.7886,1788216,V,573,504,18795
1788814884.7886,1788224,V,573,504,-1
1788814884.7886,1788232,V,573,504,-1
1788814884.7886,1788240,V,572,503,-1
1788814884.7886,1788248,V,573,504,-1
1788814884.7886,1788256,V,573,504,-1
1788814884.8369,1788270,V,573,504,18796
1788814884.8369,1788278,V,572,503,-1
1788814884.8369,1788286,V,572,503,-1
1788814884.8370,1788294,V,572,503,-1
1788814884.8370,1788302,V,572,503,-1
1788814884.8370,1788310,V,571,502,-1
1788814884.9345,1788323,V,571,502,18797
1788814884.9346,1788331,V,572,503,-1
1788814884.9346,1788339,V,572,503,-1
1788814884.9346,1788347,V,573,504,-1
1788814884.9346,1788355,V,572,503,-1
1788814884.9346,1788363,V,572,503,-1
1788814884.9832,1788377,V,572,503,18798
1788814884.9833,1788385,V,572,503,-1
1788814884.9834,1788393,V,573,504,-1
1788814884.9834,1788401,V,572,503,-1
1788814884.9834,1788409,V,572,503,-1
1788814884.9834,1788417,V,573,504,-1
1788814885.0321,1788431,V,571,502,18799
1788814885.0322,1788439,V,573,504,-1
1788814885.0322,1788447,V,573,504,-1
1788814885.0322,1788455,V,574,504,-1
1788814885.0322,1788463,V,572,503,-1
1788814885.0322,1788471,V,571,502,-1
1788814885.0807,1788484,V,572,503,18800
1788814885.0807,1788492,V,572,503,-1
1788814885.0807,1788500,V,573,504,-1
1788814885.0807,1788508,V,575,505,-1
1788814885.0807,1788516,V,573,504,-1
1788814885.0807,1788524,V,573,504,-1
1788814885.1303,1788538,V,572,503,18801
1788814885.1303,1788546,V,571,502,-1
1788814885.1303,1788554,V,573,504,-1
1788814885.1303,1788562,V,572,503,-1
1788814885.1303,1788570,V,573,504,-1
1788814885.1303,1788578,V,573,504,-1
1788814885.1783,1788592,V,574,504,18802
1788814885.1785,1788600,V,573,504,-1
1788814885.1785,1788608,V,576,506,-1
1788814885.1785,1788616,V,573,504,-1
1788814885.1785,1788624,V,574,504,-1
1788814885.1785,1788632,V,575,505,-1
1788814885.2270,1788645,V,574,504,18803
1788814885.2270,1788653,V,573,504,-1
1788814885.2270,1788661,V,574,504,-1
1788814885.2270,1788669,V,573,504,-1
1788814885.2270,1788677,V,574,504,-1
1788814885.2271,1788685,V,574,504,-1
1788814885.2766,1788699,V,573,504,18804
1788814885.2767,1788707,V,585,514,-1
1788814885.2767,1788715,V,573,504,-1
1788814885.2767,1788723,V,574,504,-1
1788814885.2767,1788731,V,574,504,-1
1788814885.2767,1788739,V,574,504,-1
1788814885.3244,1788752,V,574,504,18805
1788814885.3244,1788760,V,575,505,-1
1788814885.3244,1788768,V,574,504,-1
1788814885.3244,1788776,V,574,504,-1
1788814885.3245,1788784,V,575,505,-1
1788814885.3245,1788792,V,575,505,-1
1788814885.3740,1788806,V,578,508,18806
1788814885.3740,1788814,V,576,506,-1
1788814885.3740,1788822,V,575,505,-1
1788814885.3740,1788830,V,576,506,-1
1788814885.3740,1788838,V,577,507,-1
1788814885.3740,1788846,V,577,507,-1
1788814885.4716,1788860,V,578,508,18807
1788814885.4717,1788868,V,577,507,-1
1788814885.4718,1788876,V,577,507,-1
1788814885.4718,1788884,V,578,508,-1
1788814885.4718,1788892,V,577,507,-1
1788814885.4718,1788900,V,578,508,-1
1788814885.5203,1788913,V,579,509,18808
1788814885.5204,1788921,V,578,508,-1
1788814885.5204,1788929,V,580,510,-1
1788814885.5204,1788937,V,579,509,-1
1788814885.5204,1788945,V,580,510,-1
1788814885.5204,1788953,V,580,510,-1
1788814885.5682,1788967,V,579,509,18809
1788814885.5682,1788975,V,580,510,-1
1788814885.5682,1788983,V,582,512,-1
1788814885.5682,1788991,V,581,511,-1
1788814885.5682,1788999,V,582,512,-1
1788814885.5682,1789007,V,582,512,-1
1788814885.6169,1789021,V,581,511,18810
1788814885.6169,1789029,V,582,512,-1
1788814885.6169,1789037,V,582,512,-1
1788814885.6169,1789045,V,587,516,-1
1788814885.6169,1789053,V,584,513,-1
1788814885.6169,1789061,V,584,513,-1
1788814885.6657,1789074,V,584,513,18811
1788814885.6657,1789082,V,587,516,-1
1788814885.6657,1789090,V,585,514,-1
1788814885.6657,1789098,V,587,516,-1
1788814885.6657,1789106,V,587,516,-1
1788814885.6657,1789114,V,588,517,-1
1788814885.7143,1789128,V,589,518,18812
1788814885.7145,1789136,V,591,519,-1
1788814885.7145,1789144,V,595,523,-1
1788814885.7145,1789152,V,596,524,-1
1788814885.7145,1789160,V,604,531,-1
1788814885.7145,1789168,V,662,582,-1
1788814885.7637,1789182,V,696,612,18813
1788814885.7638,1789190,V,708,622,-1
1788814885.7638,1789198,V,715,628,-1
1788814885.7638,1789206,V,717,630,-1
1788814885.7638,1789214,V,721,634,-1
1788814885.7638,1789222,V,723,635,-1
1788814885.8120,1789236,V,724,636,18814
1788814885.8120,1789244,V,729,641,-1
1788814885.8120,1789252,V,726,638,-1
1788814885.8120,1789260,V,727,639,-1
1788814885.8121,1789268,V,727,639,-1
1788814885.8121,1789276,V,729,641,-1
1788814885.8611,1789299,KEYDOWN,,,
1788814885.8619,1789289,V,730,642,18815
1788814885.8619,1789297,V,730,642,-1
1788814885.8619,1789305,V,731,642,-1
1788814885.8619,1789313,V,730,642,-1
1788814885.8619,1789321,V,730,642,-1
1788814885.8619,1789329,V,730,642,-1
1788814885.9108,1789343,V,731,642,18816
1788814885.9108,1789351,V,730,642,-1
1788814885.9108,1789359,V,731,642,-1
1788814885.9108,1789367,V,731,642,-1
1788814885.9109,1789375,V,730,642,-1
1788814885.9109,1789383,V,731,642,-1
1788814886.0073,1789397,V,731,642,18817
1788814886.0075,1789405,V,730,642,-1
1788814886.0075,1789413,V,731,642,-1
1788814886.0075,1789421,V,731,642,-1
1788814886.0075,1789429,V,731,642,-1
1788814886.0075,1789437,V,731,642,-1
1788814886.0558,1789451,V,732,643,18818
1788814886.0558,1789459,V,730,642,-1
1788814886.0558,1789467,V,731,642,-1
1788814886.0559,1789475,V,730,642,-1
1788814886.0559,1789483,V,732,643,-1
1788814886.0559,1789491,V,730,642,-1
1788814886.1074,1789504,V,730,642,18819
1788814886.1074,1789512,V,730,642,-1
1788814886.1074,1789520,V,729,641,-1
1788814886.1075,1789528,V,730,642,-1
1788814886.1075,1789536,V,730,642,-1
1788814886.1075,1789544,V,729,641,-1
1788814886.1540,1789558,V,730,642,18820
1788814886.1540,1789566,V,730,642,-1
1788814886.1540,1789574,V,731,642,-1
1788814886.1540,1789582,V,730,642,-1
1788814886.1540,1789590,V,729,641,-1
1788814886.1540,1789598,V,729,641,-1
1788814886.2019,1789612,V,730,642,18821
1788814886.2019,1789620,V,729,641,-1
1788814886.2019,1789628,V,729,641,-1
1788814886.2019,1789636,V,730,642,-1
1788814886.2019,1789644,V,728,640,-1
1788814886.2020,1789652,V,728,640,-1
1788814886.2510,1789665,V,730,642,18822
1788814886.2511,1789673,V,729,641,-1
1788814886.2511,1789681,V,736,647,-1
1788814886.2511,1789689,V,728,640,-1
1788814886.2511,1789697,V,728,640,-1
1788814886.2511,1789705,V,727,639,-1
1788814886.3008,1789719,V,725,637,18823
1788814886.3008,1789727,V,725,637,-1
1788814886.3008,1789735,V,722,635,-1
1788814886.3008,1789743,V,718,631,-1
1788814886.3008,1789751,V,713,627,-1
1788814886.3008,1789759,V,701,616,-1
1788814886.3483,1789773,V,685,602,18824
1788814886.3484,1789781,V,650,571,-1
1788814886.3484,1789789,V,607,533,-1
1788814886.3484,1789797,V,594,522,-1
1788814886.3484,1789805,V,590,519,-1
1788814886.3484,1789813,V,587,516,-1
1788814886.3967,1789826,V,587,516,18825
1788814886.3967,1789834,V,585,514,-1
1788814886.3967,1789842,V,584,513,-1
1788814886.3967,1789850,V,584,513,-1
1788814886.3967,1789858,V,583,512,-1
1788814886.3967,1789866,V,582,512,-1
1788814886.4467,1789880,V,582,512,18826
1788814886.4467,1789888,V,582,512,-1
1788814886.4467,1789896,V,581,511,-1
1788814886.4467,1789904,V,581,511,-1
1788814886.4467,1789912,V,581,511,-1
1788814886.4467,1789920,V,580,510,-1
1788814886.4951,1789970,KEYUP,,,
1788814886.5456,1789934,V,580,510,18827
1788814886.5457,1789942,V,579,509,-1
1788814886.5457,1789950,V,580,510,-1
1788814886.5457,1789958,V,579,509,-1
1788814886.5457,1789966,V,578,508,-1
1788814886.5457,1789974,V,579,509,-1
1788814886.5922,1789988,V,578,508,18828
1788814886.5922,1789996,V,578,508,-1
1788814886.5922,1790004,V,577,507,-1
1788814886.5922,1790012,V,577,507,-1
1788814886.5922,1790020,V,578,508,-1
1788814886.5923,1790028,V,576,506,-1
1788814886.6416,1790041,V,576,506,18829
1788814886.6416,1790049,V,576,506,-1
1788814886.6416,1790057,V,576,506,-1
1788814886.6416,1790065,V,575,505,-1
1788814886.6416,1790073,V,575,505,-1
1788814886.6416,1790081,V,575,505,-1
1788814886.6900,1790095,V,574,504,18830
1788814886.6900,1790103,V,575,505,-1
1788814886.6900,1790111,V,575,505,-1
1788814886.6900,1790119,V,589,518,-1
1788814886.6900,1790127,V,573,504,-1
1788814886.6900,1790135,V,573,504,-1
1788814886.7878,1790149,V,574,504,18831
1788814886.7880,1790157,V,574,504,-1
1788814886.7880,1790165,V,574,504,-1
1788814886.7880,1790173,V,573,504,-1
1788814886.7882,1790181,V,573,504,-1
1788814886.7882,1790189,V,573,504,-1
1788814886.7894,1790202,V,573,504,18832
1788814886.7894,1790210,V,572,503,-1
1788814886.7895,1790218,V,573,504,-1
1788814886.7895,1790226,V,572,503,-1
1788814886.7895,1790234,V,572,503,-1
1788814886.7895,1790242,V,572,503,-1
1788814886.8362,1790256,V,573,504,18833
1788814886.8363,1790264,V,573,504,-1
1788814886.8363,1790272,V,572,503,-1
1788814886.8363,1790280,V,572,503,-1
1788814886.8363,1790288,V,573,504,-1
1788814886.8363,1790296,V,572,503,-1
1788814886.8849,1790310,V,571,502,18834
1788814886.8849,1790318,V,571,502,-1
1788814886.8849,1790326,V,572,503,-1
1788814886.8849,1790334,V,572,503,-1
1788814886.8850,1790342,V,572,503,-1
1788814886.8850,1790350,V,572,503,-1
1788814886.9337,1790363,V,572,503,18835
1788814886.9337,1790371,V,572,503,-1
1788814886.9337,1790379,V,572,503,-1
1788814886.9337,1790387,V,572,503,-1
1788814886.9337,1790395,V,571,502,-1
1788814886.9337,1790403,V,571,502,-1
1788814886.9840,1790417,V,572,503,18836
1788814886.9840,1790425,V,572,503,-1
1788814886.9840,1790433,V,572,503,-1
1788814886.9840,1790441,V,573,504,-1
1788814886.9840,1790449,V,572,503,-1
1788814886.9840,1790457,V,576,506,-1
1788814887.0796,1790470,V,572,503,18837
1788814887.0797,1790478,V,571,502,-1
1788814887.0797,1790486,V,572,503,-1
1788814887.0797,1790494,V,572,503,-1
1788814887.0797,1790502,V,572,503,-1
1788814887.0798,1790510,V,572,503,-1
1788814887.1284,1790524,V,572,503,18838
1788814887.1284,1790532,V,572,503,-1
1788814887.1284,1790540,V,573,504,-1
1788814887.1284,1790548,V,573,504,-1
1788814887.1284,1790556,V,572,503,-1
1788814887.1284,1790564,V,571,502,-1
1788814887.1768,1790578,V,572,503,18839
1788814887.1768,1790586,V,572,503,-1
1788814887.1768,1790594,V,573,504,-1
1788814887.1768,1790602,V,573,504,-1
1788814887.1768,1790610,V,572,503,-1
1788814887.1768,1790618,V,572,503,-1
1788814887.2266,1790631,V,573,504,18840
1788814887.2266,1790639,V,572,503,-1
1788814887.2266,1790647,V,572,503,-1
1788814887.2266,1790655,V,588,517,-1
1788814887.2266,1790663,V,573,504,-1
1788814887.2267,1790671,V,574,504,-1
1788814887.3239,1790685,V,572,503,18841
1788814887.3240,1790693,V,573,504,-1
1788814887.3240,1790701,V,572,503,-1
1788814887.3240,1790709,V,573,504,-1
1788814887.3241,1790717,V,574,504,-1
1788814887.3241,1790725,V,573,504,-1
1788814887.3257,1790738,V,572,503,18842
1788814887.3257,1790746,V,574,504,-1
1788814887.3257,1790754,V,574,504,-1
1788814887.3257,1790762,V,574,504,-1
1788814887.3257,1790770,V,573,504,-1
1788814887.3257,1790778,V,574,504,-1
1788814887.3730,1790792,V,573,504,18843
1788814887.3730,1790800,V,572,503,-1
1788814887.3730,1790808,V,574,504,-1
1788814887.3730,1790816,V,574,504,-1
1788814887.3730,1790824,V,573,504,-1
1788814887.3730,1790832,V,574,504,-1
1788814887.4206,1790846,V,574,504,18844
1788814887.4206,1790854,V,574,504,-1
1788814887.4206,1790862,V,573,504,-1
1788814887.4206,1790870,V,573,504,-1
1788814887.4206,1790878,V,575,505,-1
1788814887.4206,1790886,V,574,504,-1
1788814887.4693,1790899,V,576,506,18845
1788814887.4693,1790907,V,574,504,-1
1788814887.4693,1790915,V,575,505,-1
1788814887.4693,1790923,V,575,505,-1
1788814887.4693,1790931,V,576,506,-1
1788814887.4693,1790939,V,575,505,-1
1788814887.5181,1790953,V,576,506,18846
1788814887.5181,1790961,V,576,506,-1
1788814887.5181,1790969,V,577,507,-1
1788814887.5181,1790977,V,576,506,-1
1788814887.5181,1790985,V,578,508,-1
1788814887.5181,1790993,V,582,512,-1
1788814887.6158,1791007,V,579,509,18847
1788814887.6160,1791015,V,578,508,-1
1788814887.6160,1791023,V,578,508,-1
1788814887.6160,1791031,V,580,510,-1
1788814887.6160,1791039,V,580,510,-1
1788814887.6160,1791047,V,581,511,-1
1788814887.6644,1791060,V,584,513,18848
1788814887.6644,1791068,V,583,512,-1
1788814887.6644,1791076,V,583,512,-1
1788814887.6644,1791084,V,584,513,-1
1788814887.6644,1791092,V,589,518,-1
1788814887.6644,1791100,V,586,515,-1
1788814887.7134,1791114,V,589,518,18849
1788814887.7135,1791122,V,592,520,-1
1788814887.7135,1791130,V,594,522,-1
1788814887.7135,1791138,V,610,536,-1
1788814887.7135,1791146,V,700,615,-1
1788814887.7135,1791154,V,719,632,-1
1788814887.7621,1791168,V,725,637,18850
1788814887.7621,1791176,V,730,642,-1
1788814887.7621,1791184,V,732,643,-1
1788814887.7621,1791192,V,737,648,-1
1788814887.7621,1791200,V,734,645,-1
1788814887.7621,1791208,V,735,646,-1
1788814887.8119,1791267,KEYDOWN,,,
1788814887.8122,1791222,V,737,648,18851
1788814887.8122,1791230,V,737,648,-1
1788814887.8122,1791238,V,738,649,-1
1788814887.8123,1791246,V,738,649,-1
1788814887.8123,1791254,V,739,650,-1
1788814887.8123,1791262,V,739,650,-1
1788814887.8601,1791276,V,739,650,18852
1788814887.8603,1791284,V,740,650,-1
1788814887.8603,1791292,V,740,650,-1
1788814887.8603,1791300,V,740,650,-1
1788814887.8603,1791308,V,741,651,-1
1788814887.8603,1791316,V,741,651,-1
1788814887.9088,1791329,V,740,650,18853
1788814887.9088,1791337,V,742,652,-1
1788814887.9088,1791345,V,740,650,-1
1788814887.9088,1791353,V,740,650,-1
1788814887.9088,1791361,V,740,650,-1
1788814887.9088,1791369,V,740,650,-1
1788814887.9582,1791383,V,740,650,18854
1788814887.9583,1791391,V,741,651,-1
1788814887.9583,1791399,V,740,650,-1
1788814887.9583,1791407,V,741,651,-1
1788814887.9583,1791415,V,739,650,-1
1788814887.9583,1791423,V,740,650,-1
1788814888.0061,1791436,V,743,653,18855
1788814888.0061,1791444,V,741,651,-1
1788814888.0061,1791452,V,740,650,-1
1788814888.0061,1791460,V,741,651,-1
1788814888.0061,1791468,V,741,651,-1
1788814888.0061,1791476,V,741,651,-1
1788814888.0544,1791490,V,741,651,18856
1788814888.0545,1791498,V,741,651,-1
1788814888.0545,1791506,V,741,651,-1
1788814888.0545,1791514,V,742,652,-1
1788814888.0545,1791522,V,740,650,-1
1788814888.0545,1791530,V,740,650,-1
1788814888.1519,1791544,V,741,651,18857
1788814888.1520,1791552,V,740,650,-1
1788814888.1520,1791560,V,739,650,-1
1788814888.1520,1791568,V,739,650,-1
1788814888.1520,1791576,V,738,649,-1
1788814888.1520,1791584,V,738,649,-1
1788814888.2013,1791597,V,737,648,18858
1788814888.2013,1791605,V,737,648,-1
1788814888.2013,1791613,V,738,649,-1
1788814888.2013,1791621,V,736,647,-1
1788814888.2013,1791629,V,741,651,-1
1788814888.2013,1791637,V,736,647,-1
1788814888.2491,1791651,V,736,647,18859
1788814888.2491,1791659,V,735,646,-1
1788814888.2491,1791667,V,735,646,-1
1788814888.2491,1791675,V,735,646,-1
1788814888.2491,1791683,V,736,647,-1
1788814888.2491,1791691,V,735,646,-1
1788814888.2984,1791705,V,735,646,18860
1788814888.2984,1791713,V,735,646,-1
1788814888.2984,1791721,V,733,644,-1
1788814888.2984,1791729,V,733,644,-1
1788814888.2984,1791737,V,731,642,-1
1788814888.2984,1791745,V,732,643,-1
1788814888.3470,1791758,V,731,642,18861
1788814888.3471,1791766,V,728,640,-1
1788814888.3471,1791774,V,728,640,-1
1788814888.3471,1791782,V,726,638,-1
1788814888.3471,1791790,V,723,635,-1
1788814888.3471,1791798,V,721,634,-1
1788814888.3958,1791812,V,718,631,18862
1788814888.3959,1791820,V,713,627,-1
1788814888.3959,1791828,V,707,621,-1
1788814888.3959,1791836,V,698,613,-1
1788814888.3959,1791844,V,646,568,-1
1788814888.3959,1791852,V,597,525,-1
1788814888.4447,1791866,V,590,519,18863
1788814888.4448,1791874,V,589,518,-1
1788814888.4448,1791882,V,586,515,-1
1788814888.4448,1791890,V,585,514,-1
1788814888.4448,1791898,V,585,514,-1
1788814888.4448,1791906,V,585,514,-1
1788814888.4930,1791919,V,582,512,18864
1788814888.4930,1791927,V,582,512,-1
1788814888.4930,1791935,V,581,511,-1
1788814888.4930,1791943,V,580,510,-1
1788814888.4931,1791951,V,580,510,-1
1788814888.4931,1791959,V,579,509,-1
1788814888.5421,1791973,V,581,511,18865
1788814888.5422,1791981,V,577,507,-1
1788814888.5422,1791989,V,577,507,-1
1788814888.5422,1791997,V,577,507,-1
1788814888.5422,1792005,V,576,506,-1
1788814888.5422,1792013,V,578,508,-1
1788814888.5925,1792037,KEYUP,,,
1788814888.6395,1792027,V,577,507,18866
1788814888.6396,1792035,V,577,507,-1
1788814888.6396,1792043,V,577,507,-1
1788814888.6396,1792051,V,576,506,-1
1788814888.6396,1792059,V,576,506,-1
1788814888.6396,1792067,V,591,519,-1
1788814888.6886,1792081,V,575,505,18867
1788814888.6887,1792089,V,574,504,-1
1788814888.6887,1792097,V,574,504,-1
1788814888.6887,1792105,V,574,504,-1
1788814888.6887,1792113,V,574,504,-1
1788814888.6887,1792121,V,575,505,-1
1788814888.7373,1792135,V,573,504,18868
1788814888.7373,1792143,V,573,504,-1
1788814888.7373,1792151,V,574,504,-1
1788814888.7373,1792159,V,574,504,-1
1788814888.7373,1792167,V,575,505,-1
1788814888.7373,1792175,V,574,504,-1
1788814888.7856,1792188,V,573,504,18869
1788814888.7856,1792196,V,574,504,-1
1788814888.7856,1792204,V,574,504,-1
1788814888.7856,1792212,V,574,504,-1
1788814888.7856,1792220,V,573,504,-1
1788814888.7856,1792228,V,573,504,-1
1788814888.8837,1792242,V,574,504,18870
1788814888.8838,1792250,V,573,504,-1
1788814888.8838,1792258,V,572,503,-1
1788814888.8838,1792266,V,573,504,-1
1788814888.8839,1792274,V,573,504,-1
1788814888.8839,1792282,V,574,504,-1
1788814888.8846,1792295,V,573,504,18871
1788814888.8846,1792303,V,573,504,-1
1788814888.8846,1792311,V,574,504,-1
1788814888.8846,1792319,V,573,504,-1
1788814888.8846,1792327,V,573,504,-1
1788814888.8846,1792335,V,572,503,-1
1788814888.9325,1792349,V,573,504,18872
1788814888.9325,1792357,V,574,504,-1
1788814888.9325,1792365,V,575,505,-1
1788814888.9325,1792373,V,572,503,-1
1788814888.9325,1792381,V,574,504,-1
1788814888.9325,1792389,V,573,504,-1
1788814888.9812,1792403,V,574,504,18873
1788814888.9813,1792411,V,578,508,-1
1788814888.9813,1792419,V,573,504,-1
1788814888.9813,1792427,V,573,504,-1
1788814888.9813,1792435,V,573,504,-1
1788814888.9813,1792443,V,573,504,-1
1788814889.0296,1792456,V,573,504,18874
1788814889.0296,1792464,V,572,503,-1
1788814889.0296,1792472,V,572,503,-1
1788814889.0296,1792480,V,573,504,-1
1788814889.0296,1792488,V,574,504,-1
1788814889.0296,1792496,V,573,504,-1
1788814889.0799,1792510,V,578,508,18875
1788814889.0799,1792518,V,574,504,-1
1788814889.0799,1792526,V,573,504,-1
1788814889.0799,1792534,V,573,504,-1
1788814889.0799,1792542,V,573,504,-1
1788814889.0799,1792550,V,572,503,-1
1788814889.1759,1792564,V,573,504,18876
1788814889.1760,1792572,V,573,504,-1
1788814889.1760,1792580,V,574,504,-1
1788814889.1760,1792588,V,573,504,-1
1788814889.1760,1792596,V,573,504,-1
1788814889.1760,1792604,V,575,505,-1
1788814889.2249,1792618,V,572,503,18877
1788814889.2249,1792626,V,574,504,-1
1788814889.2249,1792634,V,573,504,-1
1788814889.2249,1792642,V,573,504,-1
1788814889.2249,1792650,V,573,504,-1
1788814889.2249,1792658,V,573,504,-1
1788814889.2733,1792671,V,573,504,18878
1788814889.2733,1792679,V,574,504,-1
1788814889.2733,1792687,V,574,504,-1
1788814889.2733,1792695,V,574,504,-1
1788814889.2733,1792703,V,574,504,-1
1788814889.2734,1792711,V,575,505,-1
1788814889.3220,1792725,V,574,504,18879
1788814889.3220,1792733,V,575,505,-1
1788814889.3220,1792741,V,575,505,-1
1788814889.3220,1792749,V,574,504,-1
1788814889.3220,1792757,V,576,506,-1
1788814889.3220,1792765,V,575,505,-1
1788814889.3708,1792778,V,575,505,18880
1788814889.3708,1792786,V,576,506,-1
1788814889.3709,1792794,V,575,505,-1
1788814889.3709,1792802,V,576,506,-1
1788814889.3709,1792810,V,575,505,-1
1788814889.3709,1792818,V,577,507,-1
1788814889.4192,1792832,V,577,507,18881
1788814889.4193,1792840,V,577,507,-1
1788814889.4193,1792848,V,581,511,-1
1788814889.4193,1792856,V,577,507,-1
1788814889.4193,1792864,V,577,507,-1
1788814889.4193,1792872,V,578,508,-1
1788814889.4686,1792886,V,579,509,18882
1788814889.4687,1792894,V,579,509,-1
1788814889.4687,1792902,V,580,510,-1
1788814889.4687,1792910,V,581,511,-1
1788814889.4687,1792918,V,581,511,-1
1788814889.4687,1792926,V,582,512,-1
1788814889.5171,1792940,V,582,512,18883
1788814889.5171,1792948,V,584,513,-1
1788814889.5171,1792956,V,582,512,-1
1788814889.5171,1792964,V,585,514,-1
1788814889.5171,1792972,V,585,514,-1
1788814889.5171,1792980,V,585,514,-1
1788814889.5658,1792993,V,586,515,18884
1788814889.5658,1793001,V,588,517,-1
1788814889.5658,1793009,V,591,519,-1
1788814889.5658,1793017,V,591,519,-1
1788814889.5658,1793025,V,592,520,-1
1788814889.5658,1793033,V,594,522,-1
1788814889.6164,1793047,V,604,531,18885
1788814889.6164,1793055,V,608,534,-1
1788814889.6164,1793063,V,642,564,-1
1788814889.6164,1793071,V,656,577,-1
1788814889.6165,1793079,V,662,582,-1
1788814889.6165,1793087,V,661,581,-1
1788814889.7126,1793101,V,665,584,18886
1788814889.7128,1793109,V,667,586,-1
1788814889.7128,1793117,V,668,587,-1
1788814889.7128,1793125,V,673,592,-1
1788814889.7128,1793133,V,682,599,-1
1788814889.7128,1793141,V,692,608,-1
1788814889.7620,1793200,KEYDOWN,,,
1788814889.7632,1793155,V,701,616,18887
1788814889.7632,1793163,V,708,622,-1
1788814889.7632,1793171,V,711,625,-1
1788814889.7632,1793179,V,714,628,-1
1788814889.7632,1793187,V,713,627,-1
1788814889.7632,1793195,V,713,627,-1
1788814889.8100,1793209,V,709,623,18888
1788814889.8100,1793217,V,707,621,-1
1788814889.8100,1793225,V,708,622,-1
1788814889.8100,1793233,V,708,622,-1
1788814889.8100,1793241,V,711,625,-1
1788814889.8100,1793249,V,712,626,-1
1788814889.8593,1793262,V,714,628,18889
1788814889.8593,1793270,V,715,628,-1
1788814889.8593,1793278,V,718,631,-1
1788814889.8593,1793286,V,723,635,-1
1788814889.8593,1793294,V,722,635,-1
1788814889.8593,1793302,V,724,636,-1
1788814889.9073,1793316,V,725,637,18890
1788814889.9073,1793324,V,728,640,-1
1788814889.9074,1793332,V,729,641,-1
1788814889.9074,1793340,V,730,642,-1
1788814889.9074,1793348,V,731,642,-1
1788814889.9074,1793356,V,731,642,-1
1788814889.9563,1793370,V,732,643,18891
1788814889.9565,1793378,V,733,644,-1
1788814889.9565,1793386,V,736,647,-1
1788814889.9565,1793394,V,735,646,-1
1788814889.9565,1793402,V,734,645,-1
1788814889.9565,1793410,V,733,644,-1
1788814890.0047,1793424,V,734,645,18892
1788814890.0047,1793432,V,735,646,-1
1788814890.0047,1793440,V,735,646,-1
1788814890.0047,1793448,V,735,646,-1
1788814890.0047,1793456,V,735,646,-1
1788814890.0047,1793464,V,735,646,-1
1788814890.0534,1793477,V,737,648,18893
1788814890.0534,1793485,V,736,647,-1
1788814890.0534,1793493,V,737,648,-1
1788814890.0534,1793501,V,736,647,-1
1788814890.0534,1793509,V,737,648,-1
1788814890.0534,1793517,V,737,648,-1
1788814890.1021,1793531,V,737,648,18894
1788814890.1021,1793539,V,736,647,-1
1788814890.1021,1793547,V,736,647,-1
1788814890.1021,1793555,V,738,649,-1
1788814890.1021,1793563,V,738,649,-1
1788814890.1022,1793571,V,738,649,-1
1788814890.1508,1793585,V,738,649,18895
1788814890.1508,1793593,V,739,650,-1
1788814890.1508,1793601,V,741,651,-1
1788814890.1508,1793609,V,742,652,-1
1788814890.1508,1793617,V,742,652,-1
1788814890.1508,1793625,V,742,652,-1
1788814890.2973,1793638,V,743,653,18896
1788814890.2975,1793646,V,744,654,-1
1788814890.2975,1793654,V,745,655,-1
1788814890.2975,1793662,V,746,656,-1
1788814890.2975,1793670,V,747,657,-1
1788814890.2975,1793678,V,747,657,-1
1788814890.2981,1793692,V,747,657,18897
1788814890.2981,1793700,V,747,657,-1
1788814890.2982,1793708,V,747,657,-1
1788814890.2982,1793716,V,747,657,-1
1788814890.2982,1793724,V,749,658,-1
1788814890.2982,1793732,V,748,657,-1
1788814890.3462,1793746,V,749,658,18898
1788814890.3463,1793754,V,748,657,-1
1788814890.3464,1793762,V,748,657,-1
1788814890.3464,1793770,V,748,657,-1
1788814890.3464,1793778,V,748,657,-1
1788814890.3465,1793786,V,748,657,-1
1788814890.3948,1793799,V,749,658,18899
1788814890.3949,1793807,V,749,658,-1
1788814890.3949,1793815,V,749,658,-1
1788814890.3949,1793823,V,750,659,-1
1788814890.3949,1793831,V,748,657,-1
1788814890.3949,1793839,V,749,658,-1
1788814890.4434,1793853,V,748,657,18900
1788814890.4434,1793861,V,749,658,-1
1788814890.4434,1793869,V,748,657,-1
1788814890.4434,1793877,V,748,657,-1
1788814890.4434,1793885,V,748,657,-1
1788814890.4434,1793893,V,746,656,-1
1788814890.4920,1793907,V,748,657,18901
1788814890.4921,1793915,V,746,656,-1
1788814890.4921,1793923,V,748,657,-1
1788814890.4921,1793931,V,745,655,-1
1788814890.4921,1793939,V,744,654,-1
1788814890.4921,1793947,V,744,654,-1
1788814890.5409,1793960,V,743,653,18902
1788814890.5410,1793968,V,744,654,-1
1788814890.5410,1793976,V,743,653,-1
1788814890.5410,1793984,V,743,653,-1
1788814890.5410,1793992,V,742,652,-1
1788814890.5410,1794000,V,739,650,-1
1788814890.5897,1794014,V,737,648,18903
1788814890.5897,1794022,V,737,648,-1
1788814890.5897,1794030,V,733,644,-1
1788814890.5897,1794038,V,730,642,-1
1788814890.5897,1794046,V,724,636,-1
1788814890.5897,1794054,V,718,631,-1
1788814890.6383,1794068,V,707,621,18904
1788814890.6383,1794076,V,698,613,-1
1788814890.6383,1794084,V,688,605,-1
1788814890.6383,1794092,V,676,594,-1
1788814890.6383,1794100,V,667,586,-1
1788814890.6383,1794108,V,642,564,-1
1788814890.6870,1794122,V,613,539,18905
1788814890.6870,1794130,V,600,527,-1
1788814890.6870,1794138,V,592,520,-1
1788814890.6870,1794146,V,590,519,-1
1788814890.6871,1794154,V,588,517,-1
1788814890.6871,1794162,V,590,519,-1
1788814890.7849,1794175,V,586,515,18906
1788814890.7850,1794183,V,584,513,-1
1788814890.7850,1794191,V,584,513,-1
1788814890.7850,1794199,V,583,512,-1
1788814890.7851,1794207,V,583,512,-1
1788814890.7851,1794215,V,582,512,-1
1788814890.8342,1794229,V,580,510,18907
1788814890.8343,1794237,V,579,509,-1
1788814890.8343,1794245,V,579,509,-1
1788814890.8343,1794253,V,578,508,-1
1788814890.8343,1794261,V,580,510,-1
1788814890.8343,1794269,V,578,508,-1
1788814890.8359,1794301,KEYUP,,,
1788814890.8847,1794283,V,578,508,18908
1788814890.8847,1794291,V,577,507,-1
1788814890.8848,1794299,V,576,506,-1
1788814890.8848,1794307,V,575,505,-1
1788814890.8848,1794315,V,574,504,-1
1788814890.8848,1794323,V,576,506,-1
1788814890.9799,1794337,V,575,505,18909
1788814890.9799,1794345,V,574,504,-1
1788814890.9799,1794353,V,575,505,-1
1788814890.9799,1794361,V,580,510,-1
1788814890.9799,1794369,V,574,504,-1
1788814890.9799,1794377,V,573,504,-1
1788814890.9810,1794390,V,573,504,18910
1788814890.9810,1794398,V,573,504,-1
1788814890.9810,1794406,V,573,504,-1
1788814890.9810,1794414,V,574,504,-1
1788814890.9810,1794422,V,572,503,-1
1788814890.9810,1794430,V,572,503,-1
1788814891.0284,1794444,V,573,504,18911
1788814891.0286,1794452,V,573,504,-1
1788814891.0286,1794460,V,573,504,-1
1788814891.0286,1794468,V,571,502,-1
1788814891.0286,1794476,V,573,504,-1
1788814891.0286,1794484,V,573,504,-1
1788814891.0775,1794498,V,572,503,18912
1788814891.0775,1794506,V,573,504,-1
1788814891.0775,1794514,V,572,503,-1
1788814891.0775,1794522,V,572,503,-1
1788814891.0776,1794530,V,573,504,-1
1788814891.0776,1794538,V,572,503,-1
1788814891.1260,1794551,V,572,503,18913
1788814891.1260,1794559,V,572,503,-1
1788814891.1260,1794567,V,572,503,-1
1788814891.1260,1794575,V,573,504,-1
1788814891.1260,1794583,V,572,503,-1
1788814891.1260,1794591,V,573,504,-1
1788814891.1759,1794605,V,577,507,18914
1788814891.1759,1794613,V,572,503,-1
1788814891.1760,1794621,V,572,503,-1
1788814891.1760,1794629,V,573,504,-1
1788814891.1760,1794637,V,573,504,-1
1788814891.1760,1794645,V,572,503,-1
1788814891.2232,1794659,V,572,503,18915
1788814891.2232,1794667,V,572,503,-1
1788814891.2232,1794675,V,572,503,-1
1788814891.2232,1794683,V,572,503,-1
1788814891.2232,1794691,V,572,503,-1
1788814891.2232,1794699,V,574,504,-1
1788814891.3209,1794712,V,573,504,18916
1788814891.3211,1794720,V,573,504,-1
1788814891.3211,1794728,V,573,504,-1
1788814891.3211,1794736,V,574,504,-1
1788814891.3211,1794744,V,574,504,-1
1788814891.3211,1794752,V,573,504,-1
1788814891.3694,1794766,V,573,504,18917
1788814891.3694,1794774,V,574,504,-1
1788814891.3694,1794782,V,574,504,-1
1788814891.3694,1794790,V,574,504,-1
1788814891.3694,1794798,V,587,516,-1
1788814891.3694,1794806,V,573,504,-1
1788814891.4181,1794820,V,574,504,18918
1788814891.4181,1794828,V,574,504,-1
1788814891.4181,1794836,V,574,504,-1
1788814891.4181,1794844,V,573,504,-1
1788814891.4181,1794852,V,574,504,-1
1788814891.4181,1794860,V,575,505,-1
1788814891.4669,1794873,V,575,505,18919
1788814891.4669,1794881,V,575,505,-1
1788814891.4669,1794889,V,575,505,-1
1788814891.4669,1794897,V,575,505,-1
1788814891.4669,1794905,V,576,506,-1
1788814891.4669,1794913,V,575,505,-1
1788814891.5157,1794927,V,576,506,18920
1788814891.5158,1794935,V,575,505,-1
1788814891.5158,1794943,V,575,505,-1
1788814891.5158,1794951,V,576,506,-1
1788814891.5158,1794959,V,575,505,-1
1788814891.5158,1794967,V,576,506,-1
1788814891.5646,1794980,V,576,506,18921
1788814891.5648,1794988,V,575,505,-1
1788814891.5648,1794996,V,576,506,-1
1788814891.5648,1795004,V,576,506,-1
1788814891.5648,1795012,V,577,507,-1
1788814891.5648,1795020,V,577,507,-1
1788814891.6151,1795034,V,576,506,18922
1788814891.6151,1795042,V,577,507,-1
1788814891.6151,1795050,V,578,508,-1
1788814891.6151,1795058,V,577,507,-1
1788814891.6151,1795066,V,578,508,-1
1788814891.6151,1795074,V,579,509,-1
1788814891.6620,1795088,V,579,509,18923
1788814891.6621,1795096,V,580,510,-1
1788814891.6621,1795104,V,580,510,-1
1788814891.6621,1795112,V,579,509,-1
1788814891.6621,1795120,V,581,511,-1
1788814891.6621,1795128,V,581,511,-1
1788814891.7108,1795141,V,586,515,18924
1788814891.7108,1795149,V,582,512,-1
1788814891.7108,1795157,V,583,512,-1
1788814891.7108,1795165,V,583,512,-1
1788814891.7108,1795173,V,584,513,-1
1788814891.7108,1795181,V,585,514,-1
1788814891.8092,1795195,V,586,515,18925
1788814891.8093,1795203,V,586,515,-1
1788814891.8093,1795211,V,587,516,-1
1788814891.8093,1795219,V,588,517,-1
1788814891.8094,1795227,V,590,519,-1
1788814891.8094,1795235,V,593,521,-1
1788814891.8585,1795249,V,594,522,18926
1788814891.8586,1795257,V,599,526,-1
1788814891.8586,1795265,V,655,576,-1
1788814891.8586,1795273,V,714,628,-1
1788814891.8586,1795281,V,728,640,-1
1788814891.8586,1795289,V,735,646,-1
1788814891.9069,1795303,V,737,648,18927
1788814891.9069,1795311,V,741,651,-1
1788814891.9069,1795319,V,742,652,-1
1788814891.9069,1795327,V,743,653,-1
1788814891.9069,1795335,V,747,657,-1
1788814891.9069,1795343,V,746,656,-1
1788814891.9556,1795393,KEYDOWN,,,
1788814891.9565,1795357,V,748,657,18928
1788814891.9565,1795365,V,748,657,-1
1788814891.9565,1795373,V,750,659,-1
1788814891.9565,1795381,V,749,658,-1
1788814891.9565,1795389,V,750,659,-1
1788814891.9565,1795397,V,751,660,-1
1788814892.0038,1795411,V,750,659,18929
1788814892.0038,1795419,V,750,659,-1
1788814892.0038,1795427,V,749,658,-1
1788814892.0038,1795435,V,749,658,-1
1788814892.0038,1795443,V,749,658,-1
1788814892.0038,1795451,V,749,658,-1
1788814892.0536,1795464,V,749,658,18930
1788814892.0537,1795472,V,749,658,-1
1788814892.0538,1795480,V,748,657,-1
1788814892.0538,1795488,V,748,657,-1
1788814892.0538,1795496,V,749,658,-1
1788814892.0538,1795504,V,748,657,-1
1788814892.1015,1795518,V,750,659,18931
1788814892.1015,1795526,V,748,657,-1
1788814892.1016,1795534,V,749,658,-1
1788814892.1016,1795542,V,748,657,-1
1788814892.1017,1795550,V,747,657,-1
1788814892.1017,1795558,V,748,657,-1
1788814892.1500,1795571,V,748,657,18932
1788814892.1501,1795579,V,750,659,-1
1788814892.1501,1795587,V,749,658,-1
1788814892.1501,1795595,V,749,658,-1
1788814892.1501,1795603,V,750,659,-1
1788814892.1501,1795611,V,749,658,-1
1788814892.1986,1795625,V,748,657,18933
1788814892.1986,1795633,V,749,658,-1
1788814892.1986,1795641,V,751,660,-1
1788814892.1986,1795649,V,749,658,-1
1788814892.1986,1795657,V,749,658,-1
1788814892.1986,1795665,V,750,659,-1
1788814892.2482,1795679,V,753,662,18934
1788814892.2482,1795687,V,750,659,-1
1788814892.2482,1795695,V,750,659,-1
1788814892.2482,1795703,V,749,658,-1
1788814892.2482,1795711,V,750,659,-1
1788814892.2482,1795719,V,751,660,-1
1788814892.3448,1795733,V,750,659,18935
1788814892.3449,1795741,V,748,657,-1
1788814892.3450,1795749,V,749,658,-1
1788814892.3450,1795757,V,749,658,-1
1788814892.3450,1795765,V,743,653,-1
1788814892.3450,1795773,V,734,645,-1
1788814892.3945,1795786,V,641,563,18936
1788814892.3945,1795794,V,605,532,-1
1788814892.3945,1795802,V,639,562,-1
1788814892.3945,1795810,V,686,603,-1
1788814892.3945,1795818,V,685,602,-1
1788814892.3946,1795826,V,689,606,-1
1788814892.4431,1795840,V,689,606,18937
1788814892.4431,1795848,V,693,609,-1
1788814892.4431,1795856,V,699,614,-1
1788814892.4431,1795864,V,706,621,-1
1788814892.4431,1795872,V,721,634,-1
1788814892.4431,1795880,V,730,642,-1
1788814892.4919,1795894,V,732,643,18938
1788814892.4919,1795902,V,726,638,-1
1788814892.4919,1795910,V,727,639,-1
1788814892.4919,1795918,V,729,641,-1
1788814892.4919,1795926,V,730,642,-1
1788814892.4919,1795934,V,731,642,-1
1788814892.5396,1795947,V,725,637,18939
1788814892.5396,1795955,V,718,631,-1
1788814892.5396,1795963,V,701,616,-1
1788814892.5396,1795971,V,681,599,-1
1788814892.5396,1795979,V,659,579,-1
1788814892.5396,1795987,V,631,555,-1
1788814892.5893,1796001,V,609,535,18940
1788814892.5894,1796009,V,600,527,-1
1788814892.5894,1796017,V,600,527,-1
1788814892.5894,1796025,V,592,520,-1
1788814892.5894,1796033,V,590,519,-1
1788814892.5894,1796041,V,587,516,-1
1788814892.6392,1796055,V,585,514,18941
1788814892.6393,1796063,V,584,513,-1
1788814892.6393,1796071,V,583,512,-1
1788814892.6393,1796079,V,581,511,-1
1788814892.6393,1796087,V,580,510,-1
1788814892.6393,1796095,V,579,509,-1
1788814892.6857,1796108,V,579,509,18942
1788814892.6857,1796116,V,584,513,-1
1788814892.6857,1796124,V,578,508,-1
1788814892.6857,1796132,V,576,506,-1
1788814892.6857,1796140,V,577,507,-1
1788814892.6857,1796148,V,576,506,-1
1788814892.7354,1796181,KEYUP,,,
1788814892.7378,1796162,V,576,506,18943
1788814892.7378,1796170,V,576,506,-1
1788814892.7378,1796178,V,576,506,-1
1788814892.7378,1796186,V,575,505,-1
1788814892.7378,1796194,V,575,505,-1
1788814892.7378,1796202,V,575,505,-1
1788814892.7846,1796216,V,576,506,18944
1788814892.7847,1796224,V,574,504,-1
1788814892.7847,1796232,V,574,504,-1
1788814892.7847,1796240,V,574,504,-1
1788814892.7847,1796248,V,574,504,-1
1788814892.7847,1796256,V,573,504,-1
1788814892.8811,1796270,V,573,504,18945
1788814892.8813,1796278,V,573,504,-1
1788814892.8813,1796286,V,573,504,-1
1788814892.8813,1796294,V,573,504,-1
1788814892.8813,1796302,V,573,504,-1
1788814892.8813,1796310,V,573,504,-1
1788814892.9300,1796324,V,573,504,18946
1788814892.9300,1796332,V,573,504,-1
1788814892.9300,1796340,V,573,504,-1
1788814892.9300,1796348,V,573,504,-1
1788814892.9301,1796356,V,572,503,-1
1788814892.9301,1796364,V,572,503,-1
1788814892.9790,1796377,V,572,503,18947
1788814892.9790,1796385,V,574,504,-1
1788814892.9790,1796393,V,573,504,-1
1788814892.9790,1796401,V,573,504,-1
1788814892.9790,1796409,V,573,504,-1
1788814892.9790,1796417,V,573,504,-1
1788814893.0759,1796431,V,572,503,18948
1788814893.0759,1796439,V,573,504,-1
1788814893.0759,1796447,V,572,503,-1
1788814893.0759,1796455,V,578,508,-1
1788814893.0759,1796463,V,573,504,-1
1788814893.0759,1796471,V,573,504,-1
1788814893.0771,1796485,V,572,503,18949
1788814893.0771,1796493,V,572,503,-1
1788814893.0771,1796501,V,573,504,-1
1788814893.0771,1796509,V,573,504,-1
1788814893.0771,1796517,V,573,504,-1
1788814893.0771,1796525,V,573,504,-1
1788814893.1262,1796538,V,572,503,18950
1788814893.1262,1796546,V,573,504,-1
1788814893.1262,1796554,V,577,507,-1
1788814893.1262,1796562,V,572,503,-1
1788814893.1262,1796570,V,573,504,-1
1788814893.1262,1796578,V,572,503,-1
1788814893.1733,1796592,V,573,504,18951
1788814893.1733,1796600,V,571,502,-1
1788814893.1733,1796608,V,573,504,-1
1788814893.1733,1796616,V,573,504,-1
1788814893.1733,1796624,V,572,503,-1
1788814893.1733,1796632,V,572,503,-1
1788814893.2218,1796646,V,573,504,18952
1788814893.2218,1796654,V,575,505,-1
1788814893.2218,1796662,V,573,504,-1
1788814893.2218,1796670,V,573,504,-1
1788814893.2218,1796678,V,572,503,-1
1788814893.2218,1796686,V,573,504,-1
1788814893.2708,1796699,V,572,503,18953
1788814893.2708,1796707,V,573,504,-1
1788814893.2708,1796715,V,572,503,-1
1788814893.2708,1796723,V,573,504,-1
1788814893.2708,1796731,V,573,504,-1
1788814893.2708,1796739,V,573,504,-1
1788814893.3688,1796753,V,573,504,18954
1788814893.3692,1796761,V,573,504,-1
1788814893.3692,1796769,V,573,504,-1
1788814893.3692,1796777,V,573,504,-1
1788814893.3693,1796785,V,572,503,-1
1788814893.3693,1796793,V,573,504,-1
1788814893.4175,1796807,V,572,503,18955
1788814893.4175,1796815,V,572,503,-1
1788814893.4175,1796823,V,573,504,-1
1788814893.4175,1796831,V,573,504,-1
1788814893.4176,1796839,V,572,503,-1
1788814893.4176,1796847,V,572,503,-1
1788814893.4659,1796860,V,572,503,18956
1788814893.4660,1796868,V,572,503,-1
1788814893.4660,1796876,V,573,504,-1
1788814893.4660,1796884,V,573,504,-1
1788814893.4660,1796892,V,574,504,-1
1788814893.4660,1796900,V,572,503,-1
1788814893.5147,1796914,V,573,504,18957
1788814893.5147,1796922,V,573,504,-1
1788814893.5147,1796930,V,573,504,-1
1788814893.5147,1796938,V,574,504,-1
1788814893.5147,1796946,V,574,504,-1
1788814893.5147,1796954,V,574,504,-1
1788814893.5636,1796967,V,575,505,18958
1788814893.5636,1796975,V,574,504,-1
1788814893.5636,1796983,V,575,505,-1
1788814893.5637,1796991,V,579,509,-1
1788814893.5637,1796999,V,574,504,-1
1788814893.5637,1797007,V,575,505,-1
1788814893.6119,1797021,V,576,506,18959
1788814893.6120,1797029,V,576,506,-1
1788814893.6121,1797037,V,576,506,-1
1788814893.6121,1797045,V,576,506,-1
1788814893.6121,1797053,V,577,507,-1
1788814893.6121,1797061,V,576,506,-1
1788814893.6613,1797075,V,577,507,18960
1788814893.6613,1797083,V,578,508,-1
1788814893.6614,1797091,V,590,519,-1
1788814893.6614,1797099,V,579,509,-1
1788814893.6614,1797107,V,580,510,-1
1788814893.6614,1797115,V,580,510,-1
1788814893.7097,1797128,V,580,510,18961
1788814893.7097,1797136,V,581,511,-1
1788814893.7097,1797144,V,581,511,-1
1788814893.7097,1797152,V,582,512,-1
1788814893.7097,1797160,V,582,512,-1
1788814893.7098,1797168,V,584,513,-1
1788814893.7584,1797182,V,584,513,18962
1788814893.7584,1797190,V,586,515,-1
1788814893.7584,1797198,V,586,515,-1
1788814893.7584,1797206,V,586,515,-1
1788814893.7584,1797214,V,590,519,-1
1788814893.7584,1797222,V,591,519,-1
1788814893.8073,1797236,V,593,521,18963
1788814893.8073,1797244,V,598,526,-1
1788814893.8073,1797252,V,652,573,-1
1788814893.8073,1797260,V,705,620,-1
1788814893.8073,1797268,V,718,631,-1
1788814893.8073,1797276,V,725,637,-1
1788814893.8565,1797290,V,729,641,18964
1788814893.8567,1797298,V,731,642,-1
1788814893.8567,1797306,V,731,642,-1
1788814893.8568,1797314,V,734,645,-1
1788814893.8568,1797322,V,734,645,-1
1788814893.8568,1797330,V,735,646,-1
1788814893.9056,1797380,KEYDOWN,,,
1788814893.9538,1797343,V,735,646,18965
1788814893.9538,1797351,V,736,647,-1
1788814893.9538,1797359,V,739,650,-1
1788814893.9539,1797367,V,740,650,-1
1788814893.9539,1797375,V,741,651,-1
1788814893.9539,1797383,V,742,652,-1
1788814894.0026,1797397,V,742,652,18966
1788814894.0026,1797405,V,742,652,-1
1788814894.0027,1797413,V,744,654,-1
1788814894.0027,1797421,V,744,654,-1
1788814894.0027,1797429,V,746,656,-1
1788814894.0027,1797437,V,746,656,-1
1788814894.0510,1797451,V,745,655,18967
1788814894.0510,1797459,V,748,657,-1
1788814894.0510,1797467,V,747,657,-1
1788814894.0510,1797475,V,748,657,-1
1788814894.0510,1797483,V,749,658,-1
1788814894.0510,1797491,V,747,657,-1
1788814894.0995,1797505,V,749,658,18968
1788814894.0996,1797513,V,749,658,-1
1788814894.0996,1797521,V,750,659,-1
1788814894.0996,1797529,V,753,662,-1
1788814894.0996,1797537,V,749,658,-1
1788814894.0996,1797545,V,750,659,-1
1788814894.1488,1797558,V,748,657,18969
1788814894.1489,1797566,V,749,658,-1
1788814894.1489,1797574,V,749,658,-1
1788814894.1489,1797582,V,750,659,-1
1788814894.1489,1797590,V,749,658,-1
1788814894.1489,1797598,V,750,659,-1
1788814894.1987,1797612,V,748,657,18970
1788814894.1987,1797620,V,750,659,-1
1788814894.1987,1797628,V,751,660,-1
1788814894.1987,1797636,V,749,658,-1
1788814894.1987,1797644,V,750,659,-1
1788814894.1987,1797652,V,750,659,-1
1788814894.2459,1797666,V,750,659,18971
1788814894.2460,1797674,V,750,659,-1
1788814894.2460,1797682,V,750,659,-1
1788814894.2460,1797690,V,749,658,-1
1788814894.2460,1797698,V,751,660,-1
1788814894.2460,1797706,V,751,660,-1
1788814894.2946,1797719,V,750,659,18972
1788814894.2946,1797727,V,753,662,-1
1788814894.2946,1797735,V,753,662,-1
1788814894.2947,1797743,V,751,660,-1
1788814894.2947,1797751,V,752,661,-1
1788814894.2947,1797759,V,752,661,-1
1788814894.3431,1797773,V,752,661,18973
1788814894.3433,1797781,V,752,661,-1
1788814894.3434,1797789,V,753,662,-1
1788814894.3434,1797797,V,752,661,-1
1788814894.3434,1797805,V,752,661,-1
1788814894.3434,1797813,V,751,660,-1
1788814894.3927,1797827,V,751,660,18974
1788814894.3927,1797835,V,751,660,-1
1788814894.3928,1797843,V,751,660,-1
1788814894.3928,1797851,V,750,659,-1
1788814894.3928,1797859,V,750,659,-1
1788814894.3928,1797867,V,751,660,-1
1788814894.4903,1797880,V,748,657,18975
1788814894.4903,1797888,V,748,657,-1
1788814894.4904,1797896,V,749,658,-1
1788814894.4904,1797904,V,748,657,-1
1788814894.4904,1797912,V,749,658,-1
1788814894.4904,1797920,V,749,658,-1
1788814894.5394,1797934,V,748,657,18976
1788814894.5394,1797942,V,749,658,-1
1788814894.5394,1797950,V,749,658,-1
1788814894.5394,1797958,V,749,658,-1
1788814894.5394,1797966,V,748,657,-1
1788814894.5394,1797974,V,747,657,-1
1788814894.5882,1797988,V,748,657,18977
1788814894.5883,1797996,V,748,657,-1
1788814894.5884,1798004,V,747,657,-1
1788814894.5884,1798012,V,746,656,-1
1788814894.5884,1798020,V,747,657,-1
1788814894.5884,1798028,V,747,657,-1
1788814894.6380,1798041,V,746,656,18978
1788814894.6380,1798049,V,746,656,-1
1788814894.6380,1798057,V,747,657,-1
1788814894.6380,1798065,V,751,660,-1
1788814894.6380,1798073,V,744,654,-1
1788814894.6380,1798081,V,746,656,-1
1788814894.6857,1798095,V,743,653,18979
1788814894.6857,1798103,V,743,653,-1
1788814894.6857,1798111,V,743,653,-1
1788814894.6857,1798119,V,740,650,-1
1788814894.6857,1798127,V,742,652,-1
1788814894.6857,1798135,V,740,650,-1
1788814894.7334,1798148,V,740,650,18980
1788814894.7334,1798156,V,739,650,-1
1788814894.7334,1798164,V,739,650,-1
1788814894.7335,1798172,V,740,650,-1
1788814894.7335,1798180,V,739,650,-1
1788814894.7335,1798188,V,737,648,-1
1788814894.7825,1798202,V,736,647,18981
1788814894.7826,1798210,V,736,647,-1
1788814894.7826,1798218,V,732,643,-1
1788814894.7826,1798226,V,731,642,-1
1788814894.7826,1798234,V,727,639,-1
1788814894.7826,1798242,V,723,635,-1
1788814894.8330,1798256,V,718,631,18982
1788814894.8336,1798264,V,707,621,-1
1788814894.8337,1798272,V,665,584,-1
1788814894.8337,1798280,V,606,533,-1
1788814894.8337,1798288,V,597,525,-1
1788814894.8337,1798296,V,593,521,-1
1788814894.8802,1798310,V,592,520,18983
1788814894.8803,1798318,V,589,518,-1
1788814894.8803,1798326,V,586,515,-1
1788814894.8803,1798334,V,585,514,-1
1788814894.8803,1798342,V,586,515,-1
1788814894.8803,1798350,V,585,514,-1
1788814894.9290,1798363,V,582,512,18984
1788814894.9290,1798371,V,583,512,-1
1788814894.9290,1798379,V,580,510,-1
1788814894.9290,1798387,V,581,511,-1
1788814894.9290,1798395,V,580,510,-1
1788814894.9290,1798403,V,582,512,-1
1788814895.0268,1798417,V,579,509,18985
1788814895.0268,1798425,V,579,509,-1
1788814895.0268,1798433,V,578,508,-1
1788814895.0268,1798441,V,578,508,-1
1788814895.0268,1798449,V,576,506,-1
1788814895.0268,1798457,V,576,506,-1
1788814895.0285,1798472,KEYUP,,,
1788814895.0746,1798471,V,576,506,18986
1788814895.0747,1798479,V,576,506,-1
1788814895.0747,1798487,V,576,506,-1
1788814895.0748,1798495,V,575,505,-1
1788814895.0748,1798503,V,590,519,-1
1788814895.0748,1798511,V,574,504,-1
1788814895.1723,1798525,V,574,504,18987
1788814895.1723,1798533,V,574,504,-1
1788814895.1723,1798541,V,573,504,-1
1788814895.1723,1798549,V,573,504,-1
1788814895.1724,1798557,V,573,504,-1
1788814895.1724,1798565,V,573,504,-1
1788814895.1734,1798578,V,573,504,18988
1788814895.1734,1798586,V,573,504,-1
1788814895.1734,1798594,V,572,503,-1
1788814895.1734,1798602,V,572,503,-1
1788814895.1734,1798610,V,573,504,-1
1788814895.1734,1798618,V,572,503,-1
1788814895.2218,1798632,V,574,504,18989
1788814895.2218,1798640,V,573,504,-1
1788814895.2218,1798648,V,572,503,-1
1788814895.2218,1798656,V,573,504,-1
1788814895.2218,1798664,V,572,503,-1
1788814895.2218,1798672,V,573,504,-1
1788814895.2698,1798686,V,572,503,18990
1788814895.2698,1798694,V,572,503,-1
1788814895.2698,1798702,V,572,503,-1
1788814895.2698,1798710,V,572,503,-1
1788814895.2698,1798718,V,572,503,-1
1788814895.2698,1798726,V,572,503,-1
1788814895.3186,1798739,V,572,503,18991
1788814895.3187,1798747,V,573,504,-1
1788814895.3187,1798755,V,573,504,-1
1788814895.3187,1798763,V,573,504,-1
1788814895.3187,1798771,V,573,504,-1
1788814895.3187,1798779,V,572,503,-1
1788814895.3677,1798793,V,573,504,18992
1788814895.3677,1798801,V,573,504,-1
1788814895.3677,1798809,V,573,504,-1
1788814895.3677,1798817,V,573,504,-1
1788814895.3677,1798825,V,572,503,-1
1788814895.3678,1798833,V,572,503,-1
1788814895.4158,1798846,V,576,506,18993
1788814895.4158,1798854,V,574,504,-1
1788814895.4158,1798862,V,573,504,-1
1788814895.4158,1798870,V,574,504,-1
1788814895.4158,1798878,V,574,504,-1
1788814895.4158,1798886,V,572,503,-1
1788814895.5135,1798900,V,573,504,18994
1788814895.5135,1798908,V,574,504,-1
1788814895.5135,1798916,V,574,504,-1
1788814895.5135,1798924,V,573,504,-1
1788814895.5135,1798932,V,575,505,-1
1788814895.5135,1798940,V,577,507,-1
1788814895.5631,1798954,V,574,504,18995
1788814895.5633,1798962,V,574,504,-1
1788814895.5633,1798970,V,575,505,-1
1788814895.5633,1798978,V,574,504,-1
1788814895.5633,1798986,V,575,505,-1
1788814895.5633,1798994,V,575,505,-1
1788814895.6123,1799008,V,575,505,18996
1788814895.6123,1799016,V,575,505,-1
1788814895.6123,1799024,V,574,504,-1
1788814895.6123,1799032,V,575,505,-1
1788814895.6123,1799040,V,578,508,-1
1788814895.6123,1799048,V,575,505,-1
1788814895.6614,1799061,V,577,507,18997
1788814895.6615,1799069,V,577,507,-1
1788814895.6615,1799077,V,578,508,-1
1788814895.6615,1799085,V,577,507,-1
1788814895.6615,1799093,V,578,508,-1
1788814895.6615,1799101,V,577,507,-1
1788814895.7082,1799115,V,578,508,18998
1788814895.7083,1799123,V,578,508,-1
1788814895.7084,1799131,V,579,509,-1
1788814895.7084,1799139,V,579,509,-1
1788814895.7084,1799147,V,579,509,-1
1788814895.7084,1799155,V,580,510,-1
1788814895.7573,1799169,V,580,510,18999
1788814895.7573,1799177,V,582,512,-1
1788814895.7574,1799185,V,582,512,-1
1788814895.7574,1799193,V,582,512,-1
1788814895.7574,1799201,V,583,512,-1
1788814895.7574,1799209,V,582,512,-1
1788814895.8064,1799222,V,584,513,19000
1788814895.8065,1799230,V,585,514,-1
1788814895.8066,1799238,V,585,514,-1
1788814895.8066,1799246,V,586,515,-1
1788814895.8066,1799254,V,587,516,-1
1788814895.8066,1799262,V,590,519,-1
1788814895.8552,1799276,V,591,519,19001
1788814895.8552,1799284,V,596,524,-1
1788814895.8552,1799292,V,595,523,-1
1788814895.8552,1799300,V,600,527,-1
1788814895.8552,1799308,V,655,576,-1
1788814895.8553,1799316,V,710,624,-1
1788814895.9039,1799330,V,721,634,19002
1788814895.9039,1799338,V,729,641,-1
1788814895.9039,1799346,V,730,642,-1
1788814895.9040,1799354,V,732,643,-1
1788814895.9040,1799362,V,734,645,-1
1788814895.9040,1799370,V,734,645,-1
1788814895.9527,1799384,V,737,648,19003
1788814895.9528,1799392,V,735,646,-1
1788814895.9528,1799400,V,736,647,-1
1788814895.9528,1799408,V,736,647,-1
1788814895.9528,1799416,V,736,647,-1
1788814895.9528,1799424,V,736,647,-1
1788814896.0014,1799438,KEYDOWN,,,
1788814896.0498,1799437,V,736,647,19004
1788814896.0500,1799445,V,737,648,-1
1788814896.0500,1799453,V,736,647,-1
1788814896.0500,1799461,V,736,647,-1
1788814896.0500,1799469,V,736,647,-1
1788814896.0500,1799477,V,737,648,-1
1788814896.0998,1799491,V,738,649,19005
1788814896.0998,1799499,V,738,649,-1
1788814896.0998,1799507,V,737,648,-1
1788814896.0998,1799515,V,737,648,-1
1788814896.0998,1799523,V,740,650,-1
1788814896.0998,1799531,V,737,648,-1
1788814896.1482,1799545,V,738,649,19006
1788814896.1482,1799553,V,737,648,-1
1788814896.1482,1799561,V,738,649,-1
1788814896.1483,1799569,V,738,649,-1
1788814896.1483,1799577,V,738,649,-1
1788814896.1483,1799585,V,738,649,-1
1788814896.1959,1799599,V,737,648,19007
1788814896.1960,1799607,V,737,648,-1
1788814896.1960,1799615,V,736,647,-1
1788814896.1960,1799623,V,735,646,-1
1788814896.1960,1799631,V,737,648,-1
1788814896.1960,1799639,V,736,647,-1
1788814896.2455,1799652,V,735,646,19008
1788814896.2455,1799660,V,735,646,-1
1788814896.2455,1799668,V,735,646,-1
1788814896.2455,1799676,V,734,645,-1
1788814896.2455,1799684,V,733,644,-1
1788814896.2455,1799692,V,734,645,-1
1788814896.2950,1799706,V,733,644,19009
1788814896.2951,1799714,V,732,643,-1
1788814896.2951,1799722,V,732,643,-1
1788814896.2951,1799730,V,730,642,-1
1788814896.2951,1799738,V,730,642,-1
1788814896.2951,1799746,V,729,641,-1
1788814896.3421,1799760,V,729,641,19010
1788814896.3421,1799768,V,731,642,-1
1788814896.3422,1799776,V,729,641,-1
1788814896.3422,1799784,V,728,640,-1
1788814896.3422,1799792,V,727,639,-1
1788814896.3422,1799800,V,726,638,-1
1788814896.3918,1799813,V,725,637,19011
1788814896.3918,1799821,V,727,639,-1
1788814896.3918,1799829,V,723,635,-1
1788814896.3918,1799837,V,720,633,-1
1788814896.3918,1799845,V,719,632,-1
1788814896.3918,1799853,V,716,629,-1
1788814896.4407,1799867,V,714,628,19012
1788814896.4407,1799875,V,709,623,-1
1788814896.4407,1799883,V,703,618,-1
1788814896.4407,1799891,V,680,598,-1
1788814896.4407,1799899,V,625,549,-1
1788814896.4407,1799907,V,600,527,-1
1788814896.4896,1799921,V,596,524,19013
1788814896.4896,1799929,V,592,520,-1
1788814896.4896,1799937,V,590,519,-1
1788814896.4896,1799945,V,589,518,-1
1788814896.4896,1799953,V,588,517,-1
1788814896.4897,1799961,V,587,516,-1
1788814896.5868,1799975,V,586,515,19014
1788814896.5869,1799983,V,585,514,-1
1788814896.5870,1799991,V,584,513,-1
1788814896.5870,1799999,V,583,512,-1
1788814896.5870,1800007,V,581,511,-1
1788814896.5870,1800015,V,580,510,-1
1788814896.6360,1800028,V,581,511,19015
1788814896.6360,1800036,V,580,510,-1
1788814896.6360,1800044,V,581,511,-1
1788814896.6361,1800052,V,581,511,-1
1788814896.6361,1800060,V,581,511,-1
1788814896.6361,1800068,V,578,508,-1
1788814896.6381,1800092,KEYUP,,,
1788814896.6845,1800082,V,578,508,19016
1788814896.6846,1800090,V,577,507,-1
1788814896.6846,1800098,V,577,507,-1
1788814896.6846,1800106,V,577,507,-1
1788814896.6846,1800114,V,576,506,-1
1788814896.6846,1800122,V,575,505,-1
1788814896.7323,1800136,V,575,505,19017
1788814896.7323,1800144,V,575,505,-1
1788814896.7323,1800152,V,575,505,-1
1788814896.7323,1800160,V,578,508,-1
1788814896.7323,1800168,V,575,505,-1
1788814896.7323,1800176,V,575,505,-1
1788814896.7824,1800190,V,575,505,19018
1788814896.7824,1800198,V,574,504,-1
1788814896.7824,1800206,V,574,504,-1
1788814896.7824,1800214,V,575,505,-1
1788814896.7824,1800222,V,574,504,-1
1788814896.7824,1800230,V,574,504,-1
1788814896.8303,1800243,V,574,504,19019
1788814896.8304,1800251,V,573,504,-1
1788814896.8305,1800259,V,583,512,-1
1788814896.8305,1800267,V,573,504,-1
1788814896.8305,1800275,V,574,504,-1
1788814896.8305,1800283,V,573,504,-1
1788814896.8791,1800297,V,573,504,19020
1788814896.8792,1800305,V,574,504,-1
1788814896.8792,1800313,V,573,504,-1
1788814896.8792,1800321,V,573,504,-1
1788814896.8792,1800329,V,573,504,-1
1788814896.8792,1800337,V,573,504,-1
1788814896.9285,1800351,V,573,504,19021
1788814896.9285,1800359,V,575,505,-1
1788814896.9285,1800367,V,573,504,-1
1788814896.9285,1800375,V,572,503,-1
1788814896.9285,1800383,V,572,503,-1
1788814896.9285,1800391,V,573,504,-1
1788814896.9776,1800404,V,573,504,19022
1788814896.9777,1800412,V,572,503,-1
1788814896.9777,1800420,V,573,504,-1
1788814896.9777,1800428,V,572,503,-1
1788814896.9777,1800436,V,573,504,-1
1788814896.9777,1800444,V,573,504,-1
1788814897.0252,1800458,V,572,503,19023
1788814897.0252,1800466,V,574,504,-1
1788814897.0252,1800474,V,572,503,-1
1788814897.0252,1800482,V,573,504,-1
1788814897.0252,1800490,V,572,503,-1
1788814897.0253,1800498,V,573,504,-1
1788814897.1234,1800511,V,573,504,19024
1788814897.1235,1800519,V,573,504,-1
1788814897.1235,1800527,V,572,503,-1
1788814897.1235,1800535,V,573,504,-1
1788814897.1235,1800543,V,573,504,-1
1788814897.1236,1800551,V,574,504,-1
1788814897.1748,1800565,V,573,504,19025
1788814897.1749,1800573,V,574,504,-1
1788814897.1749,1800581,V,573,504,-1
1788814897.1749,1800589,V,574,504,-1
1788814897.1749,1800597,V,575,505,-1
1788814897.1749,1800605,V,574,504,-1
1788814897.2686,1800619,V,573,504,19026
1788814897.2686,1800627,V,573,504,-1
1788814897.2686,1800635,V,575,505,-1
1788814897.2687,1800643,V,573,504,-1
1788814897.2687,1800651,V,574,504,-1
1788814897.2687,1800659,V,573,504,-1
1788814897.2699,1800672,V,574,504,19027
1788814897.2699,1800680,V,574,504,-1
1788814897.2699,1800688,V,574,504,-1
1788814897.2699,1800696,V,578,508,-1
1788814897.2699,1800704,V,575,505,-1
1788814897.2699,1800712,V,576,506,-1
1788814897.3172,1800726,V,576,506,19028
1788814897.3172,1800734,V,576,506,-1
1788814897.3172,1800742,V,576,506,-1
1788814897.3172,1800750,V,576,506,-1
1788814897.3172,1800758,V,576,506,-1
1788814897.3172,1800766,V,576,506,-1
1788814897.3658,1800779,V,576,506,19029
1788814897.3659,1800787,V,576,506,-1
1788814897.3660,1800795,V,583,512,-1
1788814897.3660,1800803,V,577,507,-1
1788814897.3660,1800811,V,575,505,-1
1788814897.3660,1800819,V,577,507,-1
1788814897.4152,1800833,V,577,507,19030
1788814897.4152,1800841,V,578,508,-1
1788814897.4152,1800849,V,578,508,-1
1788814897.4152,1800857,V,578,508,-1
1788814897.4152,1800865,V,578,508,-1
1788814897.4152,1800873,V,578,508,-1
1788814897.4640,1800887,V,579,509,19031
1788814897.4640,1800895,V,579,509,-1
1788814897.4640,1800903,V,579,509,-1
1788814897.4640,1800911,V,579,509,-1
1788814897.4642,1800919,V,579,509,-1
1788814897.4642,1800927,V,580,510,-1
1788814897.5126,1800941,V,580,510,19032
1788814897.5126,1800949,V,581,511,-1
1788814897.5126,1800957,V,581,511,-1
1788814897.5127,1800965,V,582,512,-1
1788814897.5127,1800973,V,582,512,-1
1788814897.5127,1800981,V,582,512,-1
1788814897.5612,1800994,V,582,512,19033
1788814897.5613,1801002,V,583,512,-1
1788814897.5613,1801010,V,582,512,-1
1788814897.5613,1801018,V,584,513,-1
1788814897.5613,1801026,V,584,513,-1
1788814897.5613,1801034,V,584,513,-1
1788814897.6600,1801048,V,584,513,19034
1788814897.6601,1801056,V,585,514,-1
1788814897.6601,1801064,V,584,513,-1
1788814897.6601,1801072,V,586,515,-1
1788814897.6601,1801080,V,587,516,-1
1788814897.6601,1801088,V,588,517,-1
1788814897.7074,1801102,V,589,518,19035
1788814897.7074,1801110,V,590,519,-1
1788814897.7074,1801118,V,591,519,-1
1788814897.7074,1801126,V,591,519,-1
1788814897.7074,1801134,V,597,525,-1
1788814897.7074,1801142,V,594,522,-1
1788814897.7560,1801155,V,596,524,19036
1788814897.7561,1801163,V,599,526,-1
1788814897.7561,1801171,V,602,529,-1
1788814897.7561,1801179,V,629,553,-1
1788814897.7561,1801187,V,662,582,-1
1788814897.7561,1801195,V,676,594,-1
1788814897.8069,1801209,V,678,596,19037
1788814897.8070,1801217,V,677,595,-1
1788814897.8070,1801225,V,679,597,-1
1788814897.8070,1801233,V,681,599,-1
1788814897.8070,1801241,V,681,599,-1
1788814897.8070,1801249,V,683,600,-1
1788814897.8542,1801263,V,691,607,19038
1788814897.8542,1801271,V,700,615,-1
1788814897.8542,1801279,V,706,621,-1
1788814897.8542,1801287,V,711,625,-1
1788814897.8542,1801295,V,714,628,-1
1788814897.8542,1801303,V,714,628,-1
1788814897.8559,1801317,KEYDOWN,,,
1788814897.9026,1801317,V,716,629,19039
1788814897.9028,1801325,V,718,631,-1
1788814897.9028,1801333,V,719,632,-1
1788814897.9028,1801341,V,720,633,-1
1788814897.9028,1801349,V,720,633,-1
1788814897.9028,1801357,V,723,635,-1
1788814897.9513,1801371,V,725,637,19040
1788814897.9513,1801379,V,729,641,-1
1788814897.9513,1801387,V,730,642,-1
1788814897.9513,1801395,V,734,645,-1
1788814897.9514,1801403,V,735,646,-1
1788814897.9514,1801411,V,735,646,-1
1788814898.0002,1801425,V,738,649,19041
1788814898.0003,1801433,V,740,650,-1
1788814898.0003,1801441,V,741,651,-1
1788814898.0003,1801449,V,743,653,-1
1788814898.0003,1801457,V,744,654,-1
1788814898.0003,1801465,V,744,654,-1
1788814898.0973,1801478,V,746,656,19042
1788814898.0973,1801486,V,745,655,-1
1788814898.0973,1801494,V,748,657,-1
1788814898.0973,1801502,V,748,657,-1
1788814898.0973,1801510,V,748,657,-1
1788814898.0973,1801518,V,751,660,-1
1788814898.0981,1801532,V,750,659,19043
1788814898.0981,1801540,V,750,659,-1
1788814898.0981,1801548,V,751,660,-1
1788814898.0981,1801556,V,751,660,-1
1788814898.0981,1801564,V,752,661,-1
1788814898.0981,1801572,V,751,660,-1
1788814898.1947,1801586,V,752,661,19044
1788814898.1947,1801594,V,752,661,-1
1788814898.1947,1801602,V,752,661,-1
1788814898.1947,1801610,V,753,662,-1
1788814898.1947,1801618,V,753,662,-1
1788814898.1947,1801626,V,753,662,-1
1788814898.2434,1801639,V,753,662,19045
1788814898.2434,1801647,V,753,662,-1
1788814898.2434,1801655,V,755,664,-1
1788814898.2434,1801663,V,755,664,-1
1788814898.2434,1801671,V,758,666,-1
1788814898.2434,1801679,V,756,664,-1
1788814898.2920,1801693,V,755,664,19046
1788814898.2920,1801701,V,756,664,-1
1788814898.2920,1801709,V,757,665,-1
1788814898.2920,1801717,V,757,665,-1
1788814898.2920,1801725,V,757,665,-1
1788814898.2920,1801733,V,756,664,-1
1788814898.3408,1801747,V,757,665,19047
1788814898.3408,1801755,V,759,667,-1
1788814898.3408,1801763,V,759,667,-1
1788814898.3408,1801771,V,761,669,-1
1788814898.3408,1801779,V,761,669,-1
1788814898.3408,1801787,V,761,669,-1
1788814898.3895,1801800,V,761,669,19048
1788814898.3895,1801808,V,761,669,-1
1788814898.3895,1801816,V,763,671,-1
1788814898.3895,1801824,V,762,670,-1
1788814898.3895,1801832,V,761,669,-1
1788814898.3896,1801840,V,761,669,-1
1788814898.4384,1801854,V,762,670,19049
1788814898.4385,1801862,V,762,670,-1
1788814898.4385,1801870,V,762,670,-1
1788814898.4385,1801878,V,762,670,-1
1788814898.4385,1801886,V,762,670,-1
1788814898.4385,1801894,V,762,670,-1
1788814898.4876,1801908,V,762,670,19050
1788814898.4876,1801916,V,762,670,-1
1788814898.4876,1801924,V,761,669,-1
1788814898.4876,1801932,V,759,667,-1
1788814898.4876,1801940,V,760,668,-1
1788814898.4876,1801948,V,760,668,-1
1788814898.5362,1801961,V,759,667,19051
1788814898.5363,1801969,V,759,667,-1
1788814898.5363,1801977,V,758,666,-1
1788814898.5363,1801985,V,758,666,-1
1788814898.5363,1801993,V,757,665,-1
1788814898.5363,1802001,V,755,664,-1
1788814898.5849,1802015,V,756,664,19052
1788814898.5849,1802023,V,754,663,-1
1788814898.5849,1802031,V,752,661,-1
1788814898.5849,1802039,V,750,659,-1
1788814898.5850,1802047,V,748,657,-1
1788814898.5850,1802055,V,745,655,-1
1788814898.6847,1802069,V,741,651,19053
1788814898.6848,1802077,V,737,648,-1
1788814898.6848,1802085,V,732,643,-1
1788814898.6848,1802093,V,725,637,-1
1788814898.6849,1802101,V,719,632,-1
1788814898.6849,1802109,V,711,625,-1
1788814898.7323,1802123,V,699,614,19054
1788814898.7323,1802131,V,686,603,-1
1788814898.7323,1802139,V,675,593,-1
1788814898.7324,1802147,V,652,573,-1
1788814898.7324,1802155,V,627,551,-1
1788814898.7324,1802163,V,608,534,-1
1788814898.7803,1802176,V,598,526,19055
1788814898.7803,1802184,V,591,519,-1
1788814898.7803,1802192,V,587,516,-1
1788814898.7803,1802200,V,585,514,-1
1788814898.7803,1802208,V,585,514,-1
1788814898.7803,1802216,V,581,511,-1
1788814898.8290,1802230,V,581,511,19056
1788814898.8291,1802238,V,580,510,-1
1788814898.8291,1802246,V,579,509,-1
1788814898.8291,1802254,V,578,508,-1
1788814898.8291,1802262,V,578,508,-1
1788814898.8291,1802270,V,578,508,-1
1788814898.8780,1802284,V,577,507,19057
1788814898.8780,1802292,V,577,507,-1
1788814898.8781,1802300,V,575,505,-1
1788814898.8781,1802308,V,575,505,-1
1788814898.8781,1802316,V,574,504,-1
1788814898.8781,1802324,V,575,505,-1
1788814898.8799,1802347,KEYUP,,,
1788814898.9263,1802338,V,574,504,19058
1788814898.9264,1802346,V,574,504,-1
1788814898.9264,1802354,V,575,505,-1
1788814898.9264,1802362,V,574,504,-1
1788814898.9265,1802370,V,573,504,-1
1788814898.9265,1802378,V,573,504,-1
1788814899.0239,1802391,V,574,504,19059
1788814899.0240,1802399,V,571,502,-1
1788814899.0240,1802407,V,573,504,-1
1788814899.0240,1802415,V,573,504,-1
1788814899.0240,1802423,V,572,503,-1
1788814899.0240,1802431,V,572,503,-1
1788814899.0254,1802445,V,573,504,19060
1788814899.0254,1802453,V,576,506,-1
1788814899.0254,1802461,V,573,504,-1
1788814899.0254,1802469,V,572,503,-1
1788814899.0254,1802477,V,573,504,-1
1788814899.0254,1802485,V,572,503,-1
1788814899.0724,1802499,V,572,503,19061
1788814899.0724,1802507,V,571,502,-1
1788814899.0724,1802515,V,573,504,-1
1788814899.0725,1802523,V,572,503,-1
1788814899.0725,1802531,V,573,504,-1
1788814899.0725,1802539,V,572,503,-1
1788814899.1699,1802552,V,579,509,19062
1788814899.1700,1802560,V,574,504,-1
1788814899.1700,1802568,V,572,503,-1
1788814899.1701,1802576,V,573,504,-1
1788814899.1701,1802584,V,573,504,-1
1788814899.1701,1802592,V,573,504,-1
1788814899.2189,1802606,V,573,504,19063
1788814899.2189,1802614,V,572,503,-1
1788814899.2189,1802622,V,571,502,-1
1788814899.2189,1802630,V,572,503,-1
1788814899.2189,1802638,V,571,502,-1
1788814899.2189,1802646,V,579,509,-1
1788814899.2675,1802660,V,571,502,19064
1788814899.2675,1802668,V,571,502,-1
1788814899.2676,1802676,V,571,502,-1
1788814899.2676,1802684,V,572,503,-1
1788814899.2676,1802692,V,571,502,-1
1788814899.2676,1802700,V,572,503,-1
1788814899.3651,1802713,V,571,502,19065
1788814899.3651,1802721,V,572,503,-1
1788814899.3651,1802729,V,572,503,-1
1788814899.3651,1802737,V,572,503,-1
1788814899.3651,1802745,V,573,504,-1
1788814899.3651,1802753,V,572,503,-1
1788814899.3662,1802767,V,573,504,19066
1788814899.3662,1802775,V,573,504,-1
1788814899.3662,1802783,V,572,503,-1
1788814899.3662,1802791,V,572,503,-1
1788814899.3662,1802799,V,573,504,-1
1788814899.3662,1802807,V,573,504,-1
1788814899.4135,1802821,V,573,504,19067
1788814899.4137,1802829,V,573,504,-1
1788814899.4137,1802837,V,573,504,-1
1788814899.4137,1802845,V,573,504,-1
1788814899.4138,1802853,V,573,504,-1
1788814899.4138,1802861,V,573,504,-1
1788814899.4627,1802874,V,574,504,19068
1788814899.4627,1802882,V,572,503,-1
1788814899.4627,1802890,V,577,507,-1
1788814899.4627,1802898,V,573,504,-1
1788814899.4627,1802906,V,572,503,-1
1788814899.4627,1802914,V,573,504,-1
1788814899.5111,1802928,V,573,504,19069
1788814899.5111,1802936,V,573,504,-1
1788814899.5111,1802944,V,573,504,-1
1788814899.5111,1802952,V,575,505,-1
1788814899.5111,1802960,V,575,505,-1
1788814899.5111,1802968,V,573,504,-1
1788814899.5597,1802981,V,574,504,19070
1788814899.5597,1802989,V,576,506,-1
1788814899.5598,1802997,V,574,504,-1
1788814899.5598,1803005,V,574,504,-1
1788814899.5598,1803013,V,574,504,-1
1788814899.5598,1803021,V,573,504,-1
1788814899.6080,1803035,V,574,504,19071
1788814899.6081,1803043,V,575,505,-1
1788814899.6081,1803051,V,573,504,-1
1788814899.6081,1803059,V,574,504,-1
1788814899.6081,1803067,V,574,504,-1
1788814899.6081,1803075,V,575,505,-1
1788814899.6611,1803089,V,588,517,19072
1788814899.6613,1803097,V,574,504,-1
1788814899.6613,1803105,V,574,504,-1
1788814899.6613,1803113,V,575,505,-1
1788814899.6613,1803121,V,575,505,-1
1788814899.6613,1803129,V,575,505,-1
1788814899.7561,1803142,V,576,506,19073
1788814899.7561,1803150,V,576,506,-1
1788814899.7561,1803158,V,576,506,-1
1788814899.7561,1803166,V,577,507,-1
1788814899.7561,1803174,V,576,506,-1
1788814899.7561,1803182,V,578,508,-1
1788814899.8040,1803196,V,577,507,19074
1788814899.8041,1803204,V,579,509,-1
1788814899.8041,1803212,V,577,507,-1
1788814899.8041,1803220,V,577,507,-1
1788814899.8041,1803228,V,578,508,-1
1788814899.8041,1803236,V,578,508,-1
1788814899.8530,1803250,V,580,510,19075
1788814899.8530,1803258,V,581,511,-1
1788814899.8530,1803266,V,582,512,-1
1788814899.8530,1803274,V,581,511,-1
1788814899.8531,1803282,V,583,512,-1
1788814899.8531,1803290,V,583,512,-1
1788814899.9010,1803304,V,583,512,19076
1788814899.9011,1803312,V,585,514,-1
1788814899.9011,1803320,V,585,514,-1
1788814899.9011,1803328,V,586,515,-1
1788814899.9011,1803336,V,587,516,-1
1788814899.9011,1803344,V,589,518,-1
1788814899.9505,1803357,V,592,520,19077
1788814899.9506,1803365,V,598,526,-1
1788814899.9506,1803373,V,653,574,-1
1788814899.9506,1803381,V,717,630,-1
1788814899.9506,1803389,V,728,640,-1
1788814899.9506,1803397,V,733,644,-1
1788814899.9991,1803411,V,736,647,19078
1788814899.9991,1803419,V,737,648,-1
1788814899.9991,1803427,V,740,650,-1
1788814899.9991,1803435,V,740,650,-1
1788814899.9991,1803443,V,742,652,-1
1788814899.9991,1803451,V,744,654,-1
1788814900.0474,1803501,KEYDOWN,,,
1788814900.0485,1803465,V,744,654,19079
1788814900.0486,1803473,V,745,655,-1
1788814900.0486,1803481,V,746,656,-1
1788814900.0486,1803489,V,745,655,-1
1788814900.0486,1803497,V,746,656,-1
1788814900.0486,1803505,V,746,656,-1
1788814900.0978,1803519,V,745,655,19080
1788814900.0978,1803527,V,749,658,-1
1788814900.0978,1803535,V,746,656,-1
1788814900.0978,1803543,V,745,655,-1
1788814900.0978,1803551,V,744,654,-1
1788814900.0978,1803559,V,745,655,-1
1788814900.1470,1803572,V,744,654,19081
1788814900.1471,1803580,V,744,654,-1
1788814900.1471,1803588,V,744,654,-1
1788814900.1471,1803596,V,744,654,-1
1788814900.1471,1803604,V,743,653,-1
1788814900.1471,1803612,V,743,653,-1
1788814900.1935,1803626,V,743,653,19082
1788814900.1935,1803634,V,742,652,-1
1788814900.1935,1803642,V,743,653,-1
1788814900.1935,1803650,V,743,653,-1
1788814900.1935,1803658,V,743,653,-1
1788814900.1935,1803666,V,743,653,-1
1788814900.2913,1803680,V,743,653,19083
1788814900.2913,1803688,V,745,655,-1
1788814900.2914,1803696,V,744,654,-1
1788814900.2914,1803704,V,745,655,-1
1788814900.2914,1803712,V,744,654,-1
1788814900.2914,1803720,V,745,655,-1
1788814900.3398,1803733,V,744,654,19084
1788814900.3399,1803741,V,745,655,-1
1788814900.3399,1803749,V,745,655,-1
1788814900.3399,1803757,V,744,654,-1
1788814900.3399,1803765,V,745,655,-1
1788814900.3399,1803773,V,745,655,-1
1788814900.3891,1803787,V,745,655,19085
1788814900.3892,1803795,V,745,655,-1
1788814900.3892,1803803,V,745,655,-1
1788814900.3892,1803811,V,744,654,-1
1788814900.3892,1803819,V,745,655,-1
1788814900.3892,1803827,V,746,656,-1
1788814900.4378,1803841,V,745,655,19086
1788814900.4378,1803849,V,746,656,-1
1788814900.4378,1803857,V,746,656,-1
1788814900.4378,1803865,V,746,656,-1
1788814900.4378,1803873,V,746,656,-1
1788814900.4378,1803881,V,744,654,-1
1788814900.4863,1803894,V,745,655,19087
1788814900.4863,1803902,V,745,655,-1
1788814900.4864,1803910,V,744,654,-1
1788814900.4864,1803918,V,746,656,-1
1788814900.4864,1803926,V,743,653,-1
1788814900.4864,1803934,V,743,653,-1
1788814900.5350,1803948,V,743,653,19088
1788814900.5351,1803956,V,742,652,-1
1788814900.5351,1803964,V,742,652,-1
1788814900.5351,1803972,V,742,652,-1
1788814900.5351,1803980,V,742,652,-1
1788814900.5351,1803988,V,740,650,-1
1788814900.5853,1804002,V,739,650,19089
1788814900.5854,1804010,V,738,649,-1
1788814900.5854,1804018,V,736,647,-1
1788814900.5854,1804026,V,735,646,-1
1788814900.5854,1804034,V,734,645,-1
1788814900.5854,1804042,V,732,643,-1
1788814900.6323,1804055,V,730,642,19090
1788814900.6324,1804063,V,730,642,-1
1788814900.6324,1804071,V,724,636,-1
1788814900.6324,1804079,V,719,632,-1
1788814900.6324,1804087,V,713,627,-1
1788814900.6324,1804095,V,698,613,-1
1788814900.6826,1804109,V,610,536,19091
1788814900.6827,1804117,V,595,523,-1
1788814900.6827,1804125,V,589,518,-1
1788814900.6827,1804133,V,587,516,-1
1788814900.6827,1804141,V,584,513,-1
1788814900.6827,1804149,V,583,512,-1
1788814900.7298,1804163,V,583,512,19092
1788814900.7299,1804171,V,580,510,-1
1788814900.7299,1804179,V,581,511,-1
1788814900.7299,1804187,V,580,510,-1
1788814900.7299,1804195,V,578,508,-1
1788814900.7299,1804203,V,577,507,-1
1788814900.8282,1804217,V,578,508,19093
1788814900.8283,1804225,V,577,507,-1
1788814900.8283,1804233,V,578,508,-1
1788814900.8283,1804241,V,576,506,-1
1788814900.8283,1804249,V,575,505,-1
1788814900.8283,1804257,V,575,505,-1
1788814900.8291,1804298,KEYUP,,,
1788814900.8764,1804270,V,575,505,19094
1788814900.8765,1804278,V,575,505,-1
1788814900.8765,1804286,V,574,504,-1
1788814900.8766,1804294,V,574,504,-1
1788814900.8766,1804302,V,577,507,-1
1788814900.8767,1804310,V,574,504,-1
1788814900.9259,1804324,V,573,504,19095
1788814900.9259,1804332,V,573,504,-1
1788814900.9259,1804340,V,573,504,-1
1788814900.9260,1804348,V,572,503,-1
1788814900.9260,1804356,V,573,504,-1
1788814900.9260,1804364,V,571,502,-1
1788814900.9748,1804378,V,573,504,19096
1788814900.9749,1804386,V,572,503,-1
1788814900.9749,1804394,V,572,503,-1
1788814900.9749,1804402,V,575,505,-1
1788814900.9749,1804410,V,572,503,-1
1788814900.9749,1804418,V,573,504,-1
1788814901.0717,1804432,V,572,503,19097
1788814901.0718,1804440,V,571,502,-1
1788814901.0718,1804448,V,572,503,-1
1788814901.0718,1804456,V,571,502,-1
1788814901.0718,1804464,V,571,502,-1
1788814901.0718,1804472,V,572,503,-1
1788814901.0734,1804485,V,572,503,19098
1788814901.0734,1804493,V,573,504,-1
1788814901.0735,1804501,V,580,510,-1
1788814901.0735,1804509,V,572,503,-1
1788814901.0735,1804517,V,572,503,-1
1788814901.0735,1804525,V,572,503,-1
1788814901.1200,1804539,V,573,504,19099
1788814901.1201,1804547,V,573,504,-1
1788814901.1202,1804555,V,573,504,-1
1788814901.1202,1804563,V,573,504,-1
1788814901.1202,1804571,V,571,502,-1
1788814901.1202,1804579,V,572,503,-1
1788814901.1691,1804593,V,572,503,19100
1788814901.1692,1804601,V,571,502,-1
1788814901.1692,1804609,V,572,503,-1
1788814901.1692,1804617,V,573,504,-1
1788814901.1692,1804625,V,571,502,-1
1788814901.1692,1804633,V,572,503,-1
1788814901.2176,1804646,V,572,503,19101
1788814901.2177,1804654,V,571,502,-1
1788814901.2177,1804662,V,571,502,-1
1788814901.2177,1804670,V,572,503,-1
1788814901.2177,1804678,V,572,503,-1
1788814901.2177,1804686,V,572,503,-1
1788814901.2669,1804700,V,572,503,19102
1788814901.2670,1804708,V,572,503,-1
1788814901.2670,1804716,V,572,503,-1
1788814901.2670,1804724,V,573,504,-1
1788814901.2670,1804732,V,573,504,-1
1788814901.2670,1804740,V,573,504,-1
1788814901.3646,1804753,V,572,503,19103
1788814901.3647,1804761,V,572,503,-1
1788814901.3647,1804769,V,571,502,-1
1788814901.3647,1804777,V,572,503,-1
1788814901.3647,1804785,V,571,502,-1
1788814901.3647,1804793,V,572,503,-1
1788814901.4619,1804807,V,572,503,19104
1788814901.4619,1804815,V,573,504,-1
1788814901.4619,1804823,V,573,504,-1
1788814901.4619,1804831,V,572,503,-1
1788814901.4619,1804839,V,575,505,-1
1788814901.4619,1804847,V,571,502,-1
1788814901.4631,1804861,V,572,503,19105
1788814901.4632,1804869,V,574,504,-1
1788814901.4632,1804877,V,571,502,-1
1788814901.4632,1804885,V,572,503,-1
1788814901.4632,1804893,V,572,503,-1
1788814901.4632,1804901,V,574,504,-1
1788814901.5099,1804914,V,573,504,19106
1788814901.5099,1804922,V,573,504,-1
1788814901.5100,1804930,V,573,504,-1
1788814901.5100,1804938,V,588,517,-1
1788814901.5100,1804946,V,572,503,-1
1788814901.5100,1804954,V,573,504,-1
1788814901.5587,1804968,V,573,504,19107
1788814901.5587,1804976,V,573,504,-1
1788814901.5587,1804984,V,573,504,-1
1788814901.5587,1804992,V,574,504,-1
1788814901.5588,1805000,V,574,504,-1
1788814901.5588,1805008,V,574,504,-1
1788814901.6075,1805022,V,574,504,19108
1788814901.6076,1805030,V,574,504,-1
1788814901.6076,1805038,V,575,505,-1
1788814901.6076,1805046,V,574,504,-1
1788814901.6077,1805054,V,574,504,-1
1788814901.6077,1805062,V,575,505,-1
1788814901.6566,1805075,V,576,506,19109
1788814901.6566,1805083,V,574,504,-1
1788814901.6566,1805091,V,575,505,-1
1788814901.6566,1805099,V,574,504,-1
1788814901.6566,1805107,V,576,506,-1
1788814901.6566,1805115,V,576,506,-1
1788814901.7063,1805129,V,576,506,19110
1788814901.7063,1805137,V,576,506,-1
1788814901.7063,1805145,V,576,506,-1
1788814901.7063,1805153,V,577,507,-1
1788814901.7063,1805161,V,576,506,-1
1788814901.7063,1805169,V,577,507,-1
1788814901.7538,1805183,V,577,507,19111
1788814901.7539,1805191,V,579,509,-1
1788814901.7539,1805199,V,579,509,-1
1788814901.7539,1805207,V,579,509,-1
1788814901.7539,1805215,V,579,509,-1
1788814901.7539,1805223,V,580,510,-1
1788814901.8025,1805236,V,579,509,19112
1788814901.8025,1805244,V,581,511,-1
1788814901.8025,1805252,V,580,510,-1
1788814901.8025,1805260,V,581,511,-1
1788814901.8026,1805268,V,582,512,-1
1788814901.8026,1805276,V,587,516,-1
1788814901.9012,1805290,V,583,512,19113
1788814901.9013,1805298,V,583,512,-1
1788814901.9013,1805306,V,585,514,-1
1788814901.9013,1805314,V,585,514,-1
1788814901.9013,1805322,V,588,517,-1
1788814901.9013,1805330,V,590,519,-1
1788814901.9491,1805344,V,591,519,19114
1788814901.9492,1805352,V,593,521,-1
1788814901.9492,1805360,V,602,529,-1
1788814901.9492,1805368,V,693,609,-1
1788814901.9492,1805376,V,719,632,-1
1788814901.9492,1805384,V,726,638,-1
1788814901.9976,1805397,V,731,642,19115
1788814901.9977,1805405,V,734,645,-1
1788814901.9977,1805413,V,733,644,-1
1788814901.9977,1805421,V,735,646,-1
1788814901.9977,1805429,V,735,646,-1
1788814901.9977,1805437,V,734,645,-1
1788814902.0465,1805497,KEYDOWN,,,
1788814902.0491,1805451,V,734,645,19116
1788814902.0491,1805459,V,736,647,-1
1788814902.0491,1805467,V,735,646,-1
1788814902.0491,1805475,V,740,650,-1
1788814902.0491,1805483,V,738,649,-1
1788814902.0491,1805491,V,737,648,-1
1788814902.0965,1805505,V,738,649,19117
1788814902.0966,1805513,V,739,650,-1
1788814902.0966,1805521,V,740,650,-1
1788814902.0966,1805529,V,739,650,-1
1788814902.0966,1805537,V,739,650,-1
1788814902.0966,1805545,V,740,650,-1
1788814902.1467,1805559,V,740,650,19118
1788814902.1469,1805567,V,740,650,-1
1788814902.1469,1805575,V,740,650,-1
1788814902.1469,1805583,V,741,651,-1
1788814902.1469,1805591,V,741,651,-1
1788814902.1469,1805599,V,742,652,-1
1788814902.1966,1805613,V,741,651,19119
1788814902.1967,1805621,V,742,652,-1
1788814902.1967,1805629,V,742,652,-1
1788814902.1967,1805637,V,742,652,-1
1788814902.1967,1805645,V,742,652,-1
1788814902.1967,1805653,V,742,652,-1
1788814902.2424,1805666,V,742,652,19120
1788814902.2424,1805674,V,743,653,-1
1788814902.2425,1805682,V,743,653,-1
1788814902.2425,1805690,V,745,655,-1
1788814902.2425,1805698,V,745,655,-1
1788814902.2425,1805706,V,744,654,-1
1788814902.2900,1805720,V,746,656,19121
1788814902.2901,1805728,V,745,655,-1
1788814902.2901,1805736,V,745,655,-1
1788814902.2901,1805744,V,746,656,-1
1788814902.2901,1805752,V,746,656,-1
1788814902.2901,1805760,V,747,657,-1
1788814902.3391,1805773,V,747,657,19122
1788814902.3391,1805781,V,747,657,-1
1788814902.3392,1805789,V,748,657,-1
1788814902.3392,1805797,V,747,657,-1
1788814902.3392,1805805,V,747,657,-1
1788814902.3392,1805813,V,748,657,-1
1788814902.4368,1805827,V,749,658,19123
1788814902.4369,1805835,V,748,657,-1
1788814902.4369,1805843,V,748,657,-1
1788814902.4369,1805851,V,750,659,-1
1788814902.4369,1805859,V,749,658,-1
1788814902.4369,1805867,V,749,658,-1
1788814902.4852,1805881,V,748,657,19124
1788814902.4852,1805889,V,749,658,-1
1788814902.4852,1805897,V,747,657,-1
1788814902.4852,1805905,V,749,658,-1
1788814902.4852,1805913,V,752,661,-1
1788814902.4852,1805921,V,748,657,-1
1788814902.5346,1805935,V,748,657,19125
1788814902.5346,1805943,V,748,657,-1
1788814902.5346,1805951,V,749,658,-1
1788814902.5346,1805959,V,749,658,-1
1788814902.5347,1805967,V,749,658,-1
1788814902.5347,1805975,V,748,657,-1
1788814902.5823,1805988,V,749,658,19126
1788814902.5824,1805996,V,749,658,-1
1788814902.5824,1806004,V,750,659,-1
1788814902.5824,1806012,V,748,657,-1
1788814902.5824,1806020,V,748,657,-1
1788814902.5824,1806028,V,748,657,-1
1788814902.6312,1806042,V,749,658,19127
1788814902.6312,1806050,V,747,657,-1
1788814902.6312,1806058,V,746,656,-1
1788814902.6312,1806066,V,746,656,-1
1788814902.6312,1806074,V,746,656,-1
1788814902.6312,1806082,V,748,657,-1
1788814902.7294,1806096,V,746,656,19128
1788814902.7295,1806104,V,746,656,-1
1788814902.7295,1806112,V,745,655,-1
1788814902.7295,1806120,V,744,654,-1
1788814902.7295,1806128,V,745,655,-1
1788814902.7295,1806136,V,746,656,-1
1788814902.7312,1806149,V,744,654,19129
1788814902.7312,1806157,V,743,653,-1
1788814902.7312,1806165,V,742,652,-1
1788814902.7312,1806173,V,743,653,-1
1788814902.7312,1806181,V,742,652,-1
1788814902.7312,1806189,V,740,650,-1
1788814902.7787,1806203,V,739,650,19130
1788814902.7787,1806211,V,738,649,-1
1788814902.7787,1806219,V,737,648,-1
1788814902.7787,1806227,V,736,647,-1
1788814902.7787,1806235,V,734,645,-1
1788814902.7787,1806243,V,730,642,-1
1788814902.8278,1806257,V,728,640,19131
1788814902.8278,1806265,V,723,635,-1
1788814902.8278,1806273,V,717,630,-1
1788814902.8278,1806281,V,710,624,-1
1788814902.8280,1806289,V,701,616,-1
1788814902.8280,1806297,V,673,592,-1
1788814902.9250,1806310,V,604,531,19132
1788814902.9251,1806318,V,594,522,-1
1788814902.9251,1806326,V,590,519,-1
1788814902.9251,1806334,V,588,517,-1
1788814902.9251,1806342,V,586,515,-1
1788814902.9251,1806350,V,593,521,-1
1788814902.9738,1806364,V,582,512,19133
1788814902.9739,1806372,V,581,511,-1
1788814902.9739,1806380,V,580,510,-1
1788814902.9739,1806388,V,580,510,-1
1788814902.9739,1806396,V,579,509,-1
1788814902.9739,1806404,V,579,509,-1
1788814903.0217,1806418,V,578,508,19134
1788814903.0217,1806426,V,577,507,-1
1788814903.0217,1806434,V,576,506,-1
1788814903.0217,1806442,V,576,506,-1
1788814903.0217,1806450,V,576,506,-1
1788814903.0217,1806458,V,574,504,-1
1788814903.0227,1806499,KEYUP,,,
1788814903.0727,1806471,V,574,504,19135
1788814903.0727,1806479,V,574,504,-1
1788814903.0727,1806487,V,575,505,-1
1788814903.0728,1806495,V,574,504,-1
1788814903.0728,1806503,V,574,504,-1
1788814903.0728,1806511,V,573,504,-1
1788814903.1197,1806525,V,573,504,19136
1788814903.1197,1806533,V,572,503,-1
1788814903.1197,1806541,V,574,504,-1
1788814903.1197,1806549,V,572,503,-1
1788814903.1197,1806557,V,573,504,-1
1788814903.1197,1806565,V,573,504,-1
1788814903.1673,1806579,V,571,502,19137
1788814903.1673,1806587,V,572,503,-1
1788814903.1673,1806595,V,573,504,-1
1788814903.1673,1806603,V,572,503,-1
1788814903.1673,1806611,V,572,503,-1
1788814903.1673,1806619,V,572,503,-1
1788814903.2160,1806633,V,573,504,19138
1788814903.2160,1806641,V,572,503,-1
1788814903.2160,1806649,V,571,502,-1
1788814903.2160,1806657,V,572,503,-1
1788814903.2160,1806665,V,573,504,-1
1788814903.2160,1806673,V,572,503,-1
1788814903.2648,1806686,V,571,502,19139
1788814903.2648,1806694,V,576,506,-1
1788814903.2648,1806702,V,571,502,-1
1788814903.2648,1806710,V,572,503,-1
1788814903.2648,1806718,V,572,503,-1
1788814903.2648,1806726,V,571,502,-1
1788814903.3136,1806740,V,572,503,19140
1788814903.3136,1806748,V,572,503,-1
1788814903.3136,1806756,V,571,502,-1
1788814903.3136,1806764,V,572,503,-1
1788814903.3136,1806772,V,573,504,-1
1788814903.3136,1806780,V,574,504,-1
1788814903.3624,1806794,V,583,512,19141
1788814903.3624,1806802,V,572,503,-1
1788814903.3624,1806810,V,571,502,-1
1788814903.3624,1806818,V,571,502,-1
1788814903.3624,1806826,V,572,503,-1
1788814903.3625,1806834,V,572,503,-1
1788814903.4601,1806847,V,573,504,19142
1788814903.4602,1806855,V,572,503,-1
1788814903.4603,1806863,V,572,503,-1
1788814903.4603,1806871,V,573,504,-1
1788814903.4603,1806879,V,573,504,-1
1788814903.4603,1806887,V,574,504,-1
1788814903.5577,1806901,V,572,503,19143
1788814903.5577,1806909,V,572,503,-1
1788814903.5577,1806917,V,573,504,-1
1788814903.5577,1806925,V,573,504,-1
1788814903.5578,1806933,V,572,503,-1
1788814903.5578,1806941,V,573,504,-1
1788814903.5587,1806955,V,573,504,19144
1788814903.5587,1806963,V,572,503,-1
1788814903.5587,1806971,V,573,504,-1
1788814903.5587,1806979,V,572,503,-1
1788814903.5588,1806987,V,573,504,-1
1788814903.5588,1806995,V,573,504,-1
1788814903.6063,1807008,V,572,503,19145
1788814903.6063,1807016,V,573,504,-1
1788814903.6063,1807024,V,573,504,-1
1788814903.6064,1807032,V,573,504,-1
1788814903.6064,1807040,V,574,504,-1
1788814903.6064,1807048,V,574,504,-1
1788814903.6549,1807062,V,573,504,19146
1788814903.6549,1807070,V,574,504,-1
1788814903.6549,1807078,V,574,504,-1
1788814903.6549,1807086,V,575,505,-1
1788814903.6549,1807094,V,575,505,-1
1788814903.6549,1807102,V,575,505,-1
1788814903.7048,1807115,V,575,505,19147
1788814903.7050,1807123,V,574,504,-1
1788814903.7050,1807131,V,579,509,-1
1788814903.7050,1807139,V,575,505,-1
1788814903.7050,1807147,V,577,507,-1
1788814903.7050,1807155,V,576,506,-1
1788814903.7528,1807169,V,577,507,19148
1788814903.7528,1807177,V,578,508,-1
1788814903.7528,1807185,V,577,507,-1
1788814903.7528,1807193,V,578,508,-1
1788814903.7528,1807201,V,578,508,-1
1788814903.7528,1807209,V,580,510,-1
1788814903.8015,1807223,V,579,509,19149
1788814903.8016,1807231,V,582,512,-1
1788814903.8016,1807239,V,581,511,-1
1788814903.8016,1807247,V,582,512,-1
1788814903.8016,1807255,V,584,513,-1
1788814903.8016,1807263,V,585,514,-1
1788814903.8506,1807277,V,586,515,19150
1788814903.8506,1807285,V,587,516,-1
1788814903.8506,1807293,V,591,519,-1
1788814903.8506,1807301,V,596,524,-1
1788814903.8507,1807309,V,678,596,-1
1788814903.8507,1807317,V,722,635,-1
1788814903.9003,1807330,V,736,647,19151
1788814903.9004,1807338,V,733,644,-1
1788814903.9004,1807346,V,736,647,-1
1788814903.9004,1807354,V,738,649,-1
1788814903.9004,1807362,V,740,650,-1
1788814903.9004,1807370,V,742,652,-1
1788814904.0457,1807384,V,743,653,19152
1788814904.0459,1807392,V,743,653,-1
1788814904.0459,1807400,V,745,655,-1
1788814904.0459,1807408,V,743,653,-1
1788814904.0459,1807416,V,744,654,-1
1788814904.0459,1807424,V,744,654,-1
1788814904.0475,1807438,KEYDOWN,,,
1788814904.0478,1807438,V,744,654,19153
1788814904.0478,1807446,V,743,653,-1
1788814904.0478,1807454,V,744,654,-1
1788814904.0479,1807462,V,742,652,-1
1788814904.0479,1807470,V,742,652,-1
1788814904.0479,1807478,V,742,652,-1
1788814904.0940,1807492,V,743,653,19154
1788814904.0941,1807500,V,742,652,-1
1788814904.0941,1807508,V,743,653,-1
1788814904.0941,1807516,V,742,652,-1
1788814904.0941,1807524,V,743,653,-1
1788814904.0941,1807532,V,743,653,-1
1788814904.1424,1807545,V,744,654,19155
1788814904.1425,1807553,V,744,654,-1
1788814904.1425,1807561,V,745,655,-1
1788814904.1425,1807569,V,745,655,-1
1788814904.1425,1807577,V,745,655,-1
1788814904.1425,1807585,V,745,655,-1
1788814904.1913,1807599,V,744,654,19156
1788814904.1913,1807607,V,744,654,-1
1788814904.1913,1807615,V,744,654,-1
1788814904.1913,1807623,V,744,654,-1
1788814904.1913,1807631,V,744,654,-1
1788814904.1913,1807639,V,743,653,-1
1788814904.2396,1807653,V,745,655,19157
1788814904.2396,1807661,V,743,653,-1
1788814904.2396,1807669,V,744,654,-1
1788814904.2396,1807677,V,743,653,-1
1788814904.2396,1807685,V,743,653,-1
1788814904.2396,1807693,V,743,653,-1
1788814904.2886,1807706,V,743,653,19158
1788814904.2887,1807714,V,743,653,-1
1788814904.2887,1807722,V,744,654,-1
1788814904.2888,1807730,V,743,653,-1
1788814904.2888,1807738,V,743,653,-1
1788814904.2888,1807746,V,744,654,-1
1788814904.3377,1807760,V,744,654,19159
1788814904.3378,1807768,V,749,658,-1
1788814904.3378,1807776,V,744,654,-1
1788814904.3378,1807784,V,743,653,-1
1788814904.3378,1807792,V,744,654,-1
1788814904.3378,1807800,V,743,653,-1
1788814904.3862,1807814,V,743,653,19160
1788814904.3862,1807822,V,743,653,-1
1788814904.3862,1807830,V,743,653,-1
1788814904.3862,1807838,V,742,652,-1
1788814904.3862,1807846,V,743,653,-1
1788814904.3863,1807854,V,743,653,-1
1788814904.4358,1807867,V,743,653,19161
1788814904.4358,1807875,V,742,652,-1
1788814904.4358,1807883,V,741,651,-1
1788814904.4358,1807891,V,740,650,-1
1788814904.4358,1807899,V,741,651,-1
1788814904.4359,1807907,V,740,650,-1
1788814904.5334,1807921,V,740,650,19162
1788814904.5336,1807929,V,739,650,-1
1788814904.5336,1807937,V,740,650,-1
1788814904.5336,1807945,V,739,650,-1
1788814904.5336,1807953,V,738,649,-1
1788814904.5336,1807961,V,739,650,-1
1788814904.5816,1807974,V,739,650,19163
1788814904.5816,1807982,V,739,650,-1
1788814904.5816,1807990,V,738,649,-1
1788814904.5817,1807998,V,739,650,-1
1788814904.5817,1808006,V,739,650,-1
1788814904.5817,1808014,V,737,648,-1
1788814904.6312,1808028,V,737,648,19164
1788814904.6312,1808036,V,737,648,-1
1788814904.6312,1808044,V,735,646,-1
1788814904.6312,1808052,V,737,648,-1
1788814904.6313,1808060,V,734,645,-1
1788814904.6313,1808068,V,735,646,-1
1788814904.6790,1808082,V,733,644,19165
1788814904.6791,1808090,V,732,643,-1
1788814904.6791,1808098,V,732,643,-1
1788814904.6791,1808106,V,732,643,-1
1788814904.6791,1808114,V,729,641,-1
1788814904.6791,1808122,V,727,639,-1
1788814904.7295,1808135,V,725,637,19166
1788814904.7296,1808143,V,721,634,-1
1788814904.7296,1808151,V,718,631,-1
1788814904.7296,1808159,V,713,627,-1
1788814904.7296,1808167,V,707,621,-1
1788814904.7296,1808175,V,695,611,-1
1788814904.7765,1808189,V,662,582,19167
1788814904.7767,1808197,V,600,527,-1
1788814904.7767,1808205,V,593,521,-1
1788814904.7767,1808213,V,588,517,-1
1788814904.7767,1808221,V,586,515,-1
1788814904.7767,1808229,V,586,515,-1
1788814904.8249,1808243,V,585,514,19168
1788814904.8249,1808251,V,582,512,-1
1788814904.8249,1808259,V,582,512,-1
1788814904.8249,1808267,V,580,510,-1
1788814904.8249,1808275,V,579,509,-1
1788814904.8249,1808283,V,579,509,-1
1788814904.8741,1808296,V,578,508,19169
1788814904.8741,1808304,V,585,514,-1
1788814904.8741,1808312,V,578,508,-1
1788814904.8741,1808320,V,576,506,-1
1788814904.8741,1808328,V,576,506,-1
1788814904.8741,1808336,V,577,507,-1
1788814904.9226,1808378,KEYUP,,,
1788814904.9236,1808350,V,575,505,19170
1788814904.9237,1808358,V,575,505,-1
1788814904.9237,1808366,V,575,505,-1
1788814904.9237,1808374,V,575,505,-1
1788814904.9237,1808382,V,575,505,-1
1788814904.9237,1808390,V,575,505,-1
1788814904.9714,1808404,V,575,505,19171
1788814904.9715,1808412,V,574,504,-1
1788814904.9715,1808420,V,573,504,-1
1788814904.9715,1808428,V,574,504,-1
1788814904.9715,1808436,V,574,504,-1
1788814904.9715,1808444,V,574,504,-1
1788814905.0698,1808458,V,573,504,19172
1788814905.0699,1808466,V,573,504,-1
1788814905.0699,1808474,V,574,504,-1
1788814905.0699,1808482,V,573,504,-1
1788814905.0699,1808490,V,574,504,-1
1788814905.0699,1808498,V,573,504,-1
1788814905.1175,1808512,V,573,504,19173
1788814905.1175,1808520,V,573,504,-1
1788814905.1175,1808528,V,574,504,-1
1788814905.1175,1808536,V,573,504,-1
1788814905.1175,1808544,V,578,508,-1
1788814905.1175,1808552,V,574,504,-1
1788814905.1671,1808565,V,573,504,19174
1788814905.1671,1808573,V,575,505,-1
1788814905.1672,1808581,V,573,504,-1
1788814905.1672,1808589,V,573,504,-1
1788814905.1672,1808597,V,573,504,-1
1788814905.1672,1808605,V,573,504,-1
1788814905.2146,1808619,V,574,504,19175
1788814905.2146,1808627,V,574,504,-1
1788814905.2146,1808635,V,573,504,-1
1788814905.2146,1808643,V,575,505,-1
1788814905.2147,1808651,V,575,505,-1
1788814905.2147,1808659,V,575,505,-1
1788814905.2637,1808672,V,576,506,19176
1788814905.2637,1808680,V,574,504,-1
1788814905.2637,1808688,V,576,506,-1
1788814905.2637,1808696,V,575,505,-1
1788814905.2638,1808704,V,574,504,-1
1788814905.2638,1808712,V,575,505,-1
1788814905.3132,1808726,V,575,505,19177
1788814905.3133,1808734,V,575,505,-1
1788814905.3133,1808742,V,589,518,-1
1788814905.3133,1808750,V,576,506,-1
1788814905.3133,1808758,V,575,505,-1
1788814905.3133,1808766,V,576,506,-1
1788814905.3612,1808780,V,576,506,19178
1788814905.3612,1808788,V,576,506,-1
1788814905.3612,1808796,V,576,506,-1
1788814905.3613,1808804,V,577,507,-1
1788814905.3613,1808812,V,577,507,-1
1788814905.3613,1808820,V,576,506,-1
1788814905.4099,1808833,V,576,506,19179
1788814905.4100,1808841,V,578,508,-1
1788814905.4100,1808849,V,575,505,-1
1788814905.4100,1808857,V,577,507,-1
1788814905.4100,1808865,V,578,508,-1
1788814905.4100,1808873,V,577,507,-1
1788814905.4585,1808887,V,577,507,19180
1788814905.4585,1808895,V,577,507,-1
1788814905.4585,1808903,V,577,507,-1
1788814905.4585,1808911,V,577,507,-1
1788814905.4585,1808919,V,577,507,-1
1788814905.4585,1808927,V,578,508,-1
1788814905.5562,1808941,V,578,508,19181
1788814905.5563,1808949,V,577,507,-1
1788814905.5563,1808957,V,577,507,-1
1788814905.5563,1808965,V,577,507,-1
1788814905.5563,1808973,V,579,509,-1
1788814905.5563,1808981,V,579,509,-1
1788814905.6544,1808994,V,579,509,19182
1788814905.6545,1809002,V,578,508,-1
1788814905.6545,1809010,V,579,509,-1
1788814905.6545,1809018,V,578,508,-1
1788814905.6545,1809026,V,579,509,-1
1788814905.6545,1809034,V,578,508,-1
1788814905.6561,1809048,V,579,509,19183
1788814905.6561,1809056,V,579,509,-1
1788814905.6561,1809064,V,578,508,-1
1788814905.6561,1809072,V,579,509,-1
1788814905.6561,1809080,V,584,513,-1
1788814905.6561,1809088,V,581,511,-1
1788814905.7025,1809101,V,580,510,19184
1788814905.7025,1809109,V,581,511,-1
1788814905.7025,1809117,V,582,512,-1
1788814905.7025,1809125,V,582,512,-1
1788814905.7025,1809133,V,581,511,-1
1788814905.7025,1809141,V,582,512,-1
1788814905.7509,1809155,V,582,512,19185
1788814905.7509,1809163,V,583,512,-1
1788814905.7509,1809171,V,583,512,-1
1788814905.7509,1809179,V,587,516,-1
1788814905.7509,1809187,V,585,514,-1
1788814905.7509,1809195,V,586,515,-1
1788814905.8000,1809209,V,587,516,19186
1788814905.8001,1809217,V,586,515,-1
1788814905.8001,1809225,V,589,518,-1
1788814905.8001,1809233,V,591,519,-1
1788814905.8001,1809241,V,590,519,-1
1788814905.8001,1809249,V,592,520,-1
1788814905.8490,1809263,V,595,523,19187
1788814905.8490,1809271,V,596,524,-1
1788814905.8490,1809279,V,605,532,-1
1788814905.8490,1809287,V,604,531,-1
1788814905.8490,1809295,V,613,539,-1
1788814905.8490,1809303,V,636,559,-1
1788814905.8978,1809316,V,660,580,19188
1788814905.8979,1809324,V,676,594,-1
1788814905.8979,1809332,V,686,603,-1
1788814905.8979,1809340,V,692,608,-1
1788814905.8979,1809348,V,696,612,-1
1788814905.8979,1809356,V,700,615,-1
1788814905.9467,1809370,V,701,616,19189
1788814905.9467,1809378,V,701,616,-1
1788814905.9467,1809386,V,702,617,-1
1788814905.9467,1809394,V,703,618,-1
1788814905.9467,1809402,V,704,619,-1
1788814905.9467,1809410,V,704,619,-1
1788814905.9955,1809434,KEYDOWN,,,
1788814905.9965,1809424,V,703,618,19190
1788814905.9965,1809432,V,706,621,-1
1788814905.9965,1809440,V,707,621,-1
1788814905.9965,1809448,V,709,623,-1
1788814905.9965,1809456,V,710,624,-1
1788814905.9966,1809464,V,712,626,-1
1788814906.0445,1809478,V,712,626,19191
1788814906.0446,1809486,V,713,627,-1
1788814906.0447,1809494,V,715,628,-1
1788814906.0447,1809502,V,714,628,-1
1788814906.0447,1809510,V,714,628,-1
1788814906.0447,1809518,V,717,630,-1
1788814906.1414,1809532,V,716,629,19192
1788814906.1415,1809540,V,717,630,-1
1788814906.1415,1809548,V,718,631,-1
1788814906.1415,1809556,V,718,631,-1
1788814906.1415,1809564,V,720,633,-1
1788814906.1415,1809572,V,721,634,-1
1788814906.1899,1809585,V,720,633,19193
1788814906.1899,1809593,V,720,633,-1
1788814906.1899,1809601,V,721,634,-1
1788814906.1899,1809609,V,723,635,-1
1788814906.1899,1809617,V,724,636,-1
1788814906.1899,1809625,V,721,634,-1
1788814906.2395,1809639,V,722,635,19194
1788814906.2395,1809647,V,722,635,-1
1788814906.2395,1809655,V,723,635,-1
1788814906.2395,1809663,V,724,636,-1
1788814906.2395,1809671,V,725,637,-1
1788814906.2395,1809679,V,725,637,-1
1788814906.2874,1809693,V,725,637,19195
1788814906.2875,1809701,V,726,638,-1
1788814906.2875,1809709,V,726,638,-1
1788814906.2875,1809717,V,728,640,-1
1788814906.2876,1809725,V,728,640,-1
1788814906.2876,1809733,V,728,640,-1
1788814906.3371,1809746,V,728,640,19196
1788814906.3371,1809754,V,730,642,-1
1788814906.3371,1809762,V,731,642,-1
1788814906.3371,1809770,V,730,642,-1
1788814906.3371,1809778,V,729,641,-1
1788814906.3371,1809786,V,731,642,-1
1788814906.3848,1809800,V,732,643,19197
1788814906.3848,1809808,V,732,643,-1
1788814906.3848,1809816,V,734,645,-1
1788814906.3848,1809824,V,734,645,-1
1788814906.3848,1809832,V,735,646,-1
1788814906.3848,1809840,V,735,646,-1
1788814906.4336,1809854,V,736,647,19198
1788814906.4336,1809862,V,735,646,-1
1788814906.4337,1809870,V,737,648,-1
1788814906.4338,1809878,V,737,648,-1
1788814906.4338,1809886,V,738,649,-1
1788814906.4338,1809894,V,738,649,-1
1788814906.4831,1809907,V,738,649,19199
1788814906.4831,1809915,V,738,649,-1
1788814906.4831,1809923,V,739,650,-1
1788814906.4831,1809931,V,738,649,-1
1788814906.4831,1809939,V,741,651,-1
1788814906.4831,1809947,V,741,651,-1
1788814906.5318,1809961,V,741,651,19200
1788814906.5319,1809969,V,740,650,-1
1788814906.5319,1809977,V,741,651,-1
1788814906.5319,1809985,V,740,650,-1
1788814906.5319,1809993,V,742,652,-1
1788814906.5320,1810001,V,742,652,-1
1788814906.6317,1810015,V,742,652,19201
1788814906.6317,1810023,V,742,652,-1
1788814906.6317,1810031,V,744,654,-1
1788814906.6317,1810039,V,743,653,-1
1788814906.6317,1810047,V,743,653,-1
1788814906.6317,1810055,V,744,654,-1
1788814906.6773,1810069,V,745,655,19202
1788814906.6773,1810077,V,744,654,-1
1788814906.6773,1810085,V,744,654,-1
1788814906.6773,1810093,V,744,654,-1
1788814906.6773,1810101,V,746,656,-1
1788814906.6773,1810109,V,745,655,-1
1788814906.7298,1810123,V,746,656,19203
1788814906.7298,1810131,V,746,656,-1
1788814906.7298,1810139,V,746,656,-1
1788814906.7298,1810147,V,747,657,-1
1788814906.7298,1810155,V,747,657,-1
1788814906.7298,1810163,V,745,655,-1
1788814906.7748,1810176,V,746,656,19204
1788814906.7750,1810184,V,746,656,-1
1788814906.7750,1810192,V,745,655,-1
1788814906.7750,1810200,V,745,655,-1
1788814906.7750,1810208,V,744,654,-1
1788814906.7750,1810216,V,743,653,-1
1788814906.8239,1810230,V,741,651,19205
1788814906.8239,1810238,V,739,650,-1
1788814906.8239,1810246,V,735,646,-1
1788814906.8239,1810254,V,731,642,-1
1788814906.8239,1810262,V,727,639,-1
1788814906.8239,1810270,V,719,632,-1
1788814906.8739,1810284,V,708,622,19206
1788814906.8739,1810292,V,692,608,-1
1788814906.8739,1810300,V,671,590,-1
1788814906.8739,1810308,V,635,558,-1
1788814906.8739,1810316,V,618,543,-1
1788814906.8739,1810324,V,603,530,-1
1788814906.9221,1810337,V,597,525,19207
1788814906.9221,1810345,V,595,523,-1
1788814906.9221,1810353,V,592,520,-1
1788814906.9221,1810361,V,589,518,-1
1788814906.9221,1810369,V,589,518,-1
1788814906.9221,1810377,V,588,517,-1
1788814906.9710,1810391,V,587,516,19208
1788814906.9710,1810399,V,590,519,-1
1788814906.9710,1810407,V,583,512,-1
1788814906.9710,1810415,V,584,513,-1
1788814906.9710,1810423,V,581,511,-1
1788814906.9711,1810431,V,581,511,-1
1788814907.0200,1810445,V,581,511,19209
1788814907.0201,1810453,V,581,511,-1
1788814907.0201,1810461,V,579,509,-1
1788814907.0201,1810469,V,580,510,-1
1788814907.0201,1810477,V,578,508,-1
1788814907.0202,1810485,V,578,508,-1
1788814907.0677,1810508,KEYUP,,,
1788814907.1163,1810498,V,583,512,19210
1788814907.1163,1810506,V,577,507,-1
1788814907.1163,1810514,V,578,508,-1
1788814907.1163,1810522,V,577,507,-1
1788814907.1163,1810530,V,577,507,-1
1788814907.1163,1810538,V,576,506,-1
1788814907.1649,1810553,V,576,506,19211
1788814907.1649,1810561,V,576,506,-1
1788814907.1649,1810569,V,576,506,-1
1788814907.1649,1810577,V,575,505,-1
1788814907.1650,1810585,V,575,505,-1
1788814907.1650,1810593,V,576,506,-1
1788814907.2132,1810606,V,575,505,19212
1788814907.2132,1810614,V,575,505,-1
1788814907.2132,1810622,V,574,504,-1
1788814907.2132,1810630,V,575,505,-1
1788814907.2132,1810638,V,574,504,-1
1788814907.2132,1810646,V,575,505,-1
1788814907.2626,1810660,V,575,505,19213
1788814907.2627,1810668,V,575,505,-1
1788814907.2627,1810676,V,573,504,-1
1788814907.2627,1810684,V,576,506,-1
1788814907.2627,1810692,V,573,504,-1
1788814907.2627,1810700,V,574,504,-1
1788814907.3114,1810714,V,574,504,19214
1788814907.3115,1810722,V,574,504,-1
1788814907.3115,1810730,V,575,505,-1
1788814907.3115,1810738,V,575,505,-1
1788814907.3115,1810746,V,574,504,-1
1788814907.3115,1810754,V,573,504,-1
1788814907.3600,1810767,V,574,504,19215
1788814907.3601,1810775,V,574,504,-1
1788814907.3601,1810783,V,574,504,-1
1788814907.3601,1810791,V,575,505,-1
1788814907.3601,1810799,V,574,504,-1
1788814907.3601,1810807,V,574,504,-1
1788814907.4087,1810821,V,574,504,19216
1788814907.4087,1810829,V,574,504,-1
1788814907.4087,1810837,V,579,509,-1
1788814907.4088,1810845,V,574,504,-1
1788814907.4088,1810853,V,573,504,-1
1788814907.4088,1810861,V,574,504,-1
1788814907.4576,1810874,V,574,504,19217
1788814907.4577,1810882,V,575,505,-1
1788814907.4577,1810890,V,574,504,-1
1788814907.4577,1810898,V,574,504,-1
1788814907.4577,1810906,V,574,504,-1
1788814907.4577,1810914,V,575,505,-1
1788814907.5063,1810928,V,574,504,19218
1788814907.5065,1810936,V,577,507,-1
1788814907.5065,1810944,V,575,505,-1
1788814907.5065,1810952,V,574,504,-1
1788814907.5065,1810960,V,575,505,-1
1788814907.5065,1810968,V,575,505,-1
1788814907.5553,1810982,V,576,506,19219
1788814907.5553,1810990,V,576,506,-1
1788814907.5554,1810998,V,576,506,-1
1788814907.5554,1811006,V,576,506,-1
1788814907.5554,1811014,V,576,506,-1
1788814907.5554,1811022,V,576,506,-1
1788814907.6039,1811036,V,584,513,19220
1788814907.6039,1811044,V,576,506,-1
1788814907.6040,1811052,V,577,507,-1
1788814907.6040,1811060,V,577,507,-1
1788814907.6040,1811068,V,577,507,-1
1788814907.6040,1811076,V,576,506,-1
1788814907.7527,1811089,V,577,507,19221
1788814907.7529,1811097,V,577,507,-1
1788814907.7529,1811105,V,577,507,-1
1788814907.7529,1811113,V,578,508,-1
1788814907.7530,1811121,V,579,509,-1
1788814907.7530,1811129,V,578,508,-1
1788814907.7532,1811143,V,579,509,19222
1788814907.7532,1811151,V,580,510,-1
1788814907.7532,1811159,V,579,509,-1
1788814907.7532,1811167,V,578,508,-1
1788814907.7532,1811175,V,579,509,-1
1788814907.7532,1811183,V,580,510,-1
1788814907.8000,1811197,V,581,511,19223
1788814907.8000,1811205,V,581,511,-1
1788814907.8000,1811213,V,581,511,-1
1788814907.8000,1811221,V,581,511,-1
1788814907.8000,1811229,V,582,512,-1
1788814907.8000,1811237,V,582,512,-1
1788814907.8472,1811250,V,584,513,19224
1788814907.8472,1811258,V,585,514,-1
1788814907.8472,1811266,V,585,514,-1
1788814907.8472,1811274,V,587,516,-1
1788814907.8472,1811282,V,586,515,-1
1788814907.8472,1811290,V,586,515,-1
1788814907.8962,1811304,V,588,517,19225
1788814907.8963,1811312,V,589,518,-1
1788814907.8963,1811320,V,589,518,-1
1788814907.8963,1811328,V,590,519,-1
1788814907.8963,1811336,V,591,519,-1
1788814907.8963,1811344,V,593,521,-1
1788814907.9450,1811358,V,595,523,19226
1788814907.9450,1811366,V,597,525,-1
1788814907.9450,1811374,V,603,530,-1
1788814907.9450,1811382,V,639,562,-1
1788814907.9450,1811390,V,694,610,-1
1788814907.9451,1811398,V,710,624,-1
1788814907.9939,1811411,V,719,632,19227
1788814907.9940,1811419,V,724,636,-1
1788814907.9940,1811427,V,727,639,-1
1788814907.9940,1811435,V,728,640,-1
1788814907.9941,1811443,V,730,642,-1
1788814907.9941,1811451,V,732,643,-1
1788814908.0422,1811510,KEYDOWN,,,
1788814908.0914,1811465,V,735,646,19228
1788814908.0914,1811473,V,740,650,-1
1788814908.0914,1811481,V,736,647,-1
1788814908.0914,1811489,V,736,647,-1
1788814908.0914,1811497,V,737,648,-1
1788814908.0914,1811505,V,737,648,-1
1788814908.0924,1811519,V,738,649,19229
1788814908.0924,1811527,V,739,650,-1
1788814908.0924,1811535,V,739,650,-1
1788814908.0924,1811543,V,738,649,-1
1788814908.0924,1811551,V,742,652,-1
1788814908.0924,1811559,V,740,650,-1
1788814908.1403,1811573,V,741,651,19230
1788814908.1403,1811581,V,740,650,-1
1788814908.1403,1811589,V,739,650,-1
1788814908.1403,1811597,V,739,650,-1
1788814908.1403,1811605,V,739,650,-1
1788814908.1403,1811613,V,740,650,-1
1788814908.2372,1811626,V,740,650,19231
1788814908.2372,1811634,V,741,651,-1
1788814908.2372,1811642,V,741,651,-1
1788814908.2372,1811650,V,743,653,-1
1788814908.2373,1811658,V,740,650,-1
1788814908.2373,1811666,V,742,652,-1
1788814908.2861,1811680,V,741,651,19232
1788814908.2861,1811688,V,742,652,-1
1788814908.2861,1811696,V,742,652,-1
1788814908.2861,1811704,V,742,652,-1
1788814908.2861,1811712,V,742,652,-1
1788814908.2861,1811720,V,740,650,-1
1788814908.3360,1811734,V,741,651,19233
1788814908.3360,1811742,V,741,651,-1
1788814908.3360,1811750,V,741,651,-1
1788814908.3360,1811758,V,741,651,-1
1788814908.3360,1811766,V,741,651,-1
1788814908.3360,1811774,V,739,650,-1
1788814908.3838,1811787,V,739,650,19234
1788814908.3838,1811795,V,738,649,-1
1788814908.3838,1811803,V,738,649,-1
1788814908.3838,1811811,V,738,649,-1
1788814908.3838,1811819,V,737,648,-1
1788814908.3839,1811827,V,736,647,-1
1788814908.4321,1811841,V,735,646,19235
1788814908.4322,1811849,V,735,646,-1
1788814908.4322,1811857,V,736,647,-1
1788814908.4322,1811865,V,735,646,-1
1788814908.4322,1811873,V,736,647,-1
1788814908.4322,1811881,V,734,645,-1
1788814908.4838,1811895,V,734,645,19236
1788814908.4839,1811903,V,735,646,-1
1788814908.4839,1811911,V,738,649,-1
1788814908.4839,1811919,V,733,644,-1
1788814908.4839,1811927,V,733,644,-1
1788814908.4839,1811935,V,734,645,-1
1788814908.5307,1811948,V,734,645,19237
1788814908.5308,1811956,V,734,645,-1
1788814908.5308,1811964,V,734,645,-1
1788814908.5308,1811972,V,734,645,-1
1788814908.5308,1811980,V,733,644,-1
1788814908.5308,1811988,V,733,644,-1
1788814908.5785,1812002,V,733,644,19238
1788814908.5785,1812010,V,733,644,-1
1788814908.5786,1812018,V,732,643,-1
1788814908.5786,1812026,V,733,644,-1
1788814908.5786,1812034,V,733,644,-1
1788814908.5786,1812042,V,732,643,-1
1788814908.6275,1812056,V,732,643,19239
1788814908.6275,1812064,V,733,644,-1
1788814908.6275,1812072,V,733,644,-1
1788814908.6275,1812080,V,732,643,-1
1788814908.6275,1812088,V,731,642,-1
1788814908.6275,1812096,V,730,642,-1
1788814908.6762,1812109,V,730,642,19240
1788814908.6762,1812117,V,730,642,-1
1788814908.6762,1812125,V,730,642,-1
1788814908.6762,1812133,V,729,641,-1
1788814908.6762,1812141,V,729,641,-1
1788814908.6762,1812149,V,728,640,-1
1788814908.7751,1812163,V,726,638,19241
1788814908.7753,1812171,V,726,638,-1
1788814908.7753,1812179,V,725,637,-1
1788814908.7753,1812187,V,723,635,-1
1788814908.7753,1812195,V,723,635,-1
1788814908.7753,1812203,V,721,634,-1
1788814908.8228,1812217,V,720,633,19242
1788814908.8228,1812225,V,718,631,-1
1788814908.8228,1812233,V,716,629,-1
1788814908.8228,1812241,V,714,628,-1
1788814908.8228,1812249,V,714,628,-1
1788814908.8228,1812257,V,708,622,-1
1788814908.8716,1812271,V,702,617,19243
1788814908.8716,1812279,V,682,599,-1
1788814908.8716,1812287,V,655,576,-1
1788814908.8717,1812295,V,612,538,-1
1788814908.8717,1812303,V,594,522,-1
1788814908.8717,1812311,V,592,520,-1
1788814908.9203,1812324,V,588,517,19244
1788814908.9203,1812332,V,587,516,-1
1788814908.9203,1812340,V,585,514,-1
1788814908.9203,1812348,V,589,518,-1
1788814908.9203,1812356,V,583,512,-1
1788814908.9204,1812364,V,582,512,-1
1788814908.9693,1812378,V,582,512,19245
1788814908.9694,1812386,V,581,511,-1
1788814908.9694,1812394,V,581,511,-1
1788814908.9694,1812402,V,580,510,-1
1788814908.9694,1812410,V,580,510,-1
1788814908.9694,1812418,V,578,508,-1
1788814909.0177,1812477,KEYUP,,,
1788814909.0190,1812432,V,579,509,19246
1788814909.0191,1812440,V,578,508,-1
1788814909.0191,1812448,V,577,507,-1
1788814909.0191,1812456,V,577,507,-1
1788814909.0191,1812464,V,578,508,-1
1788814909.0191,1812472,V,577,507,-1
1788814909.0666,1812486,V,576,506,19247
1788814909.0666,1812494,V,576,506,-1
1788814909.0666,1812502,V,576,506,-1
1788814909.0666,1812510,V,577,507,-1
1788814909.0666,1812518,V,575,505,-1
1788814909.0666,1812526,V,575,505,-1
1788814909.1148,1812540,V,576,506,19248
1788814909.1149,1812548,V,575,505,-1
1788814909.1149,1812556,V,575,505,-1
1788814909.1149,1812564,V,573,504,-1
1788814909.1149,1812572,V,573,504,-1
1788814909.1149,1812580,V,574,504,-1
1788814909.1638,1812593,V,575,505,19249
1788814909.1638,1812601,V,575,505,-1
1788814909.1638,1812609,V,575,505,-1
1788814909.1638,1812617,V,573,504,-1
1788814909.1638,1812625,V,573,504,-1
1788814909.1638,1812633,V,572,503,-1
1788814909.2124,1812647,V,573,504,19250
1788814909.2124,1812655,V,573,504,-1
1788814909.2124,1812663,V,573,504,-1
1788814909.2124,1812671,V,573,504,-1
1788814909.2124,1812679,V,573,504,-1
1788814909.2124,1812687,V,577,507,-1
1788814909.3101,1812700,V,573,504,19251
1788814909.3102,1812708,V,573,504,-1
1788814909.3102,1812716,V,573,504,-1
1788814909.3103,1812724,V,573,504,-1
1788814909.3103,1812732,V,574,504,-1
1788814909.3103,1812740,V,572,503,-1
1788814909.3602,1812754,V,572,503,19252
1788814909.3603,1812762,V,572,503,-1
1788814909.3603,1812770,V,573,504,-1
1788814909.3603,1812778,V,574,504,-1
1788814909.3603,1812786,V,576,506,-1
1788814909.3603,1812794,V,573,504,-1
1788814909.4074,1812808,V,572,503,19253
1788814909.4074,1812816,V,573,504,-1
1788814909.4074,1812824,V,573,504,-1
1788814909.4075,1812832,V,573,504,-1
1788814909.4075,1812840,V,572,503,-1
1788814909.4075,1812848,V,573,504,-1
1788814909.4561,1812861,V,573,504,19254
1788814909.4561,1812869,V,574,504,-1
1788814909.4561,1812877,V,572,503,-1
1788814909.4561,1812885,V,580,510,-1
1788814909.4561,1812893,V,572,503,-1
1788814909.4562,1812901,V,573,504,-1
1788814909.5050,1812915,V,573,504,19255
1788814909.5050,1812923,V,572,503,-1
1788814909.5050,1812931,V,573,504,-1
1788814909.5050,1812939,V,574,504,-1
1788814909.5050,1812947,V,575,505,-1
1788814909.5050,1812955,V,573,504,-1
1788814909.5537,1812969,V,575,505,19256
1788814909.5538,1812977,V,575,505,-1
1788814909.5538,1812985,V,574,504,-1
1788814909.5538,1812993,V,574,504,-1
1788814909.5538,1813001,V,575,505,-1
1788814909.5539,1813009,V,575,505,-1
1788814909.6030,1813022,V,574,504,19257
1788814909.6030,1813030,V,574,504,-1
1788814909.6030,1813038,V,575,505,-1
1788814909.6030,1813046,V,575,505,-1
1788814909.6030,1813054,V,576,506,-1
1788814909.6030,1813062,V,575,505,-1
1788814909.6510,1813076,V,575,505,19258
1788814909.6510,1813084,V,575,505,-1
1788814909.6510,1813092,V,576,506,-1
1788814909.6510,1813100,V,576,506,-1
1788814909.6510,1813108,V,577,507,-1
1788814909.6510,1813116,V,577,507,-1
1788814909.6998,1813129,V,577,507,19259
1788814909.6998,1813137,V,577,507,-1
1788814909.6999,1813145,V,577,507,-1
1788814909.6999,1813153,V,578,508,-1
1788814909.6999,1813161,V,579,509,-1
1788814909.6999,1813169,V,580,510,-1
1788814909.7503,1813183,V,578,508,19260
1788814909.7504,1813191,V,580,510,-1
1788814909.7504,1813199,V,580,510,-1
1788814909.7504,1813207,V,581,511,-1
1788814909.7504,1813215,V,581,511,-1
1788814909.7504,1813223,V,585,514,-1
1788814909.8463,1813237,V,583,512,19261
1788814909.8465,1813245,V,583,512,-1
1788814909.8465,1813253,V,583,512,-1
1788814909.8465,1813261,V,584,513,-1
1788814909.8465,1813269,V,587,516,-1
1788814909.8465,1813277,V,587,516,-1
1788814909.8956,1813291,V,589,518,19262
1788814909.8956,1813299,V,589,518,-1
1788814909.8956,1813307,V,590,519,-1
1788814909.8956,1813315,V,591,519,-1
1788814909.8956,1813323,V,602,529,-1
1788814909.8956,1813331,V,597,525,-1
1788814909.9434,1813344,V,602,529,19263
1788814909.9435,1813352,V,684,601,-1
1788814909.9435,1813360,V,712,626,-1
1788814909.9435,1813368,V,721,634,-1
1788814909.9435,1813376,V,724,636,-1
1788814909.9435,1813384,V,725,637,-1
1788814909.9931,1813398,V,726,638,19264
1788814909.9931,1813406,V,727,639,-1
1788814909.9931,1813414,V,724,636,-1
1788814909.9931,1813422,V,725,637,-1
1788814909.9932,1813430,V,727,639,-1
1788814909.9932,1813438,V,728,640,-1
1788814909.9948,1813470,KEYDOWN,,,
1788814910.0415,1813452,V,728,640,19265
1788814910.0416,1813460,V,730,642,-1
1788814910.0416,1813468,V,732,643,-1
1788814910.0416,1813476,V,731,642,-1
1788814910.0416,1813484,V,732,643,-1
1788814910.0416,1813492,V,735,646,-1
1788814910.0899,1813506,V,735,646,19266
1788814910.0901,1813514,V,735,646,-1
1788814910.0901,1813522,V,736,647,-1
1788814910.0901,1813530,V,735,646,-1
1788814910.0901,1813538,V,736,647,-1
1788814910.0901,1813546,V,735,646,-1
1788814910.1387,1813559,V,736,647,19267
1788814910.1387,1813567,V,736,647,-1
1788814910.1387,1813575,V,736,647,-1
1788814910.1387,1813583,V,737,648,-1
1788814910.1387,1813591,V,736,647,-1
1788814910.1387,1813599,V,736,647,-1
1788814910.1876,1813613,V,737,648,19268
1788814910.1877,1813621,V,736,647,-1
1788814910.1877,1813629,V,735,646,-1
1788814910.1877,1813637,V,736,647,-1
1788814910.1877,1813645,V,736,647,-1
1788814910.1877,1813653,V,736,647,-1
1788814910.2378,1813667,V,736,647,19269
1788814910.2378,1813675,V,734,645,-1
1788814910.2378,1813683,V,735,646,-1
1788814910.2378,1813691,V,734,645,-1
1788814910.2379,1813699,V,734,645,-1
1788814910.2379,1813707,V,733,644,-1
1788814910.3334,1813720,V,732,643,19270
1788814910.3335,1813728,V,732,643,-1
1788814910.3335,1813736,V,731,642,-1
1788814910.3335,1813744,V,731,642,-1
1788814910.3335,1813752,V,731,642,-1
1788814910.3335,1813760,V,734,645,-1
1788814910.3825,1813774,V,731,642,19271
1788814910.3825,1813782,V,732,643,-1
1788814910.3825,1813790,V,730,642,-1
1788814910.3825,1813798,V,732,643,-1
1788814910.3825,1813806,V,731,642,-1
1788814910.3826,1813814,V,730,642,-1
1788814910.4323,1813828,V,731,642,19272
1788814910.4324,1813836,V,731,642,-1
1788814910.4324,1813844,V,731,642,-1
1788814910.4324,1813852,V,731,642,-1
1788814910.4324,1813860,V,732,643,-1
1788814910.4324,1813868,V,731,642,-1
1788814910.4801,1813881,V,732,643,19273
1788814910.4801,1813889,V,731,642,-1
1788814910.4802,1813897,V,732,643,-1
1788814910.4802,1813905,V,731,642,-1
1788814910.4802,1813913,V,731,642,-1
1788814910.4802,1813921,V,730,642,-1
1788814910.5299,1813935,V,730,642,19274
1788814910.5299,1813943,V,729,641,-1
1788814910.5299,1813951,V,728,640,-1
1788814910.5299,1813959,V,727,639,-1
1788814910.5299,1813967,V,727,639,-1
1788814910.5299,1813975,V,725,637,-1
1788814910.5774,1813989,V,725,637,19275
1788814910.5775,1813997,V,726,638,-1
1788814910.5775,1814005,V,724,636,-1
1788814910.5775,1814013,V,724,636,-1
1788814910.5775,1814021,V,722,635,-1
1788814910.5775,1814029,V,721,634,-1
1788814910.6266,1814042,V,718,631,19276
1788814910.6266,1814050,V,718,631,-1
1788814910.6266,1814058,V,716,629,-1
1788814910.6266,1814066,V,711,625,-1
1788814910.6266,1814074,V,703,618,-1
1788814910.6266,1814082,V,671,590,-1
1788814910.6748,1814096,V,594,522,19277
1788814910.6748,1814104,V,591,519,-1
1788814910.6748,1814112,V,586,515,-1
1788814910.6748,1814120,V,583,512,-1
1788814910.6748,1814128,V,583,512,-1
1788814910.6748,1814136,V,583,512,-1
1788814910.7235,1814150,V,581,511,19278
1788814910.7235,1814158,V,581,511,-1
1788814910.7235,1814166,V,581,511,-1
1788814910.7235,1814174,V,582,512,-1
1788814910.7235,1814182,V,580,510,-1
1788814910.7235,1814190,V,579,509,-1
1788814910.7740,1814204,V,585,514,19279
1788814910.7740,1814212,V,578,508,-1
1788814910.7740,1814220,V,578,508,-1
1788814910.7740,1814228,V,577,507,-1
1788814910.7740,1814236,V,577,507,-1
1788814910.7740,1814244,V,577,507,-1
1788814910.8212,1814276,KEYUP,,,
1788814910.8703,1814257,V,577,507,19280
1788814910.8705,1814265,V,576,506,-1
1788814910.8705,1814273,V,575,505,-1
1788814910.8705,1814281,V,576,506,-1
1788814910.8705,1814289,V,575,505,-1
1788814910.8705,1814297,V,575,505,-1
1788814910.9193,1814311,V,574,504,19281
1788814910.9193,1814319,V,574,504,-1
1788814910.9193,1814327,V,573,504,-1
1788814910.9193,1814335,V,574,504,-1
1788814910.9193,1814343,V,573,504,-1
1788814910.9193,1814351,V,574,504,-1
1788814910.9677,1814365,V,574,504,19282
1788814910.9677,1814373,V,574,504,-1
1788814910.9677,1814381,V,573,504,-1
1788814910.9677,1814389,V,573,504,-1
1788814910.9677,1814397,V,573,504,-1
1788814910.9677,1814405,V,573,504,-1
1788814911.0170,1814419,V,573,504,19283
1788814911.0170,1814427,V,572,503,-1
1788814911.0170,1814435,V,572,503,-1
1788814911.0170,1814443,V,573,504,-1
1788814911.0170,1814451,V,574,504,-1
1788814911.0171,1814459,V,573,504,-1
1788814911.0653,1814472,V,573,504,19284
1788814911.0653,1814480,V,573,504,-1
1788814911.0653,1814488,V,572,503,-1
1788814911.0653,1814496,V,572,503,-1
1788814911.0653,1814504,V,571,502,-1
1788814911.0654,1814512,V,572,503,-1
1788814911.1136,1814526,V,571,502,19285
1788814911.1137,1814534,V,572,503,-1
1788814911.1137,1814542,V,575,505,-1
1788814911.1137,1814550,V,572,503,-1
1788814911.1137,1814558,V,571,502,-1
1788814911.1137,1814566,V,571,502,-1
1788814911.1627,1814580,V,571,502,19286
1788814911.1627,1814588,V,571,502,-1
1788814911.1627,1814596,V,572,503,-1
1788814911.1627,1814604,V,571,502,-1
1788814911.1627,1814612,V,571,502,-1
1788814911.1627,1814620,V,572,503,-1
1788814911.2113,1814633,V,572,503,19287
1788814911.2113,1814641,V,576,506,-1
1788814911.2113,1814649,V,571,502,-1
1788814911.2113,1814657,V,570,501,-1
1788814911.2113,1814665,V,570,501,-1
1788814911.2113,1814673,V,571,502,-1
1788814911.2601,1814687,V,571,502,19288
1788814911.2601,1814695,V,573,504,-1
1788814911.2601,1814703,V,571,502,-1
1788814911.2601,1814711,V,572,503,-1
1788814911.2602,1814719,V,571,502,-1
1788814911.2602,1814727,V,570,501,-1
1788814911.3577,1814741,V,571,502,19289
1788814911.3578,1814749,V,571,502,-1
1788814911.3579,1814757,V,570,501,-1
1788814911.3579,1814765,V,571,502,-1
1788814911.3579,1814773,V,571,502,-1
1788814911.3579,1814781,V,572,503,-1
1788814911.4067,1814795,V,571,502,19290
1788814911.4067,1814803,V,571,502,-1
1788814911.4067,1814811,V,571,502,-1
1788814911.4067,1814819,V,572,503,-1
1788814911.4067,1814827,V,571,502,-1
1788814911.4067,1814835,V,571,502,-1
1788814911.4550,1814848,V,571,502,19291
1788814911.4551,1814856,V,571,502,-1
1788814911.4551,1814864,V,571,502,-1
1788814911.4551,1814872,V,571,502,-1
1788814911.4551,1814880,V,572,503,-1
1788814911.4551,1814888,V,571,502,-1
1788814911.5035,1814902,V,572,503,19292
1788814911.5035,1814910,V,571,502,-1
1788814911.5035,1814918,V,571,502,-1
1788814911.5035,1814926,V,572,503,-1
1788814911.5035,1814934,V,571,502,-1
1788814911.5036,1814942,V,571,502,-1
1788814911.5524,1814955,V,571,502,19293
1788814911.5524,1814963,V,571,502,-1
1788814911.5524,1814971,V,572,503,-1
1788814911.5524,1814979,V,572,503,-1
1788814911.5524,1814987,V,570,501,-1
1788814911.5524,1814995,V,572,503,-1
1788814911.6020,1815009,V,572,503,19294
1788814911.6022,1815017,V,572,503,-1
1788814911.6022,1815025,V,571,502,-1
1788814911.6022,1815033,V,571,502,-1
1788814911.6022,1815041,V,571,502,-1
1788814911.6022,1815049,V,570,501,-1
1788814911.6513,1815063,V,572,503,19295
1788814911.6513,1815071,V,572,503,-1
1788814911.6513,1815079,V,574,504,-1
1788814911.6513,1815087,V,571,502,-1
1788814911.6513,1815095,V,571,502,-1
1788814911.6514,1815103,V,571,502,-1
1788814911.6996,1815116,V,572,503,19296
1788814911.6997,1815124,V,571,502,-1
1788814911.6997,1815132,V,571,502,-1
1788814911.6997,1815140,V,571,502,-1
1788814911.6997,1815148,V,571,502,-1
1788814911.6998,1815156,V,573,504,-1
