host_epoch_s,device_ms,kind,raw_adc,millivolts,seq
1788815663.7769,586297,V,1182,1039,3582
1788815663.7770,586305,V,1192,1048,-1
1788815663.7770,586313,V,1193,1049,-1
1788815663.7770,586321,V,1197,1052,-1
1788815663.7770,586329,V,1198,1053,-1
1788815663.7770,586337,V,1198,1053,-1
1788815663.7781,586351,V,1203,1057,3583
1788815663.7781,586359,V,1204,1058,-1
1788815663.7781,586367,V,1204,1058,-1
1788815663.7781,586375,V,1209,1063,-1
1788815663.7781,586383,V,1208,1062,-1
1788815663.7781,586391,V,1205,1059,-1
1788815663.8276,586405,V,1207,1061,3584
1788815663.8276,586413,V,1209,1063,-1
1788815663.8276,586421,V,1211,1064,-1
1788815663.8276,586429,V,1209,1063,-1
1788815663.8276,586437,V,1210,1063,-1
1788815663.8276,586445,V,1209,1063,-1
1788815663.8749,586458,V,1209,1063,3585
1788815663.8749,586466,V,1210,1063,-1
1788815663.8749,586474,V,1214,1067,-1
1788815663.8749,586482,V,1213,1066,-1
1788815663.8749,586490,V,1210,1063,-1
1788815663.8749,586498,V,1213,1066,-1
1788815663.9236,586512,V,1212,1065,3586
1788815663.9238,586520,V,1214,1067,-1
1788815663.9238,586528,V,1212,1065,-1
1788815663.9238,586536,V,1214,1067,-1
1788815663.9238,586544,V,1214,1067,-1
1788815663.9238,586552,V,1213,1066,-1
1788815663.9724,586566,V,1213,1066,3587
1788815663.9724,586574,V,1216,1069,-1
1788815663.9724,586582,V,1215,1068,-1
1788815663.9724,586590,V,1212,1065,-1
1788815663.9724,586598,V,1215,1068,-1
1788815663.9724,586606,V,1213,1066,-1
1788815664.0213,586620,V,1212,1065,3588
1788815664.0213,586628,V,1214,1067,-1
1788815664.0213,586636,V,1212,1065,-1
1788815664.0213,586644,V,1212,1065,-1
1788815664.0214,586652,V,1215,1068,-1
1788815664.0214,586660,V,1213,1066,-1
1788815664.1184,586673,V,1214,1067,3589
1788815664.1184,586681,V,1214,1067,-1
1788815664.1184,586689,V,1214,1067,-1
1788815664.1184,586697,V,1214,1067,-1
1788815664.1184,586705,V,1215,1068,-1
1788815664.1184,586713,V,1212,1065,-1
1788815664.1680,586727,V,1214,1067,3590
1788815664.1681,586735,V,1213,1066,-1
1788815664.1682,586743,V,1214,1067,-1
1788815664.1682,586751,V,1212,1065,-1
1788815664.1682,586759,V,1214,1067,-1
1788815664.1682,586767,V,1213,1066,-1
1788815664.2158,586781,V,1216,1069,3591
1788815664.2158,586789,V,1215,1068,-1
1788815664.2158,586797,V,1215,1068,-1
1788815664.2158,586805,V,1214,1067,-1
1788815664.2158,586813,V,1213,1066,-1
1788815664.2158,586821,V,1214,1067,-1
1788815664.2645,586834,V,1213,1066,3592
1788815664.2645,586842,V,1215,1068,-1
1788815664.2646,586850,V,1214,1067,-1
1788815664.2646,586858,V,1215,1068,-1
1788815664.2646,586866,V,1214,1067,-1
1788815664.2646,586874,V,1214,1067,-1
1788815664.3131,586888,V,1216,1069,3593
1788815664.3131,586896,V,1213,1066,-1
1788815664.3132,586904,V,1216,1069,-1
1788815664.3132,586912,V,1214,1067,-1
1788815664.3132,586920,V,1215,1068,-1
1788815664.3132,586928,V,1215,1068,-1
1788815664.3619,586942,V,1213,1066,3594
1788815664.3619,586950,V,1213,1066,-1
1788815664.3619,586958,V,1214,1067,-1
1788815664.3619,586966,V,1215,1068,-1
1788815664.3619,586974,V,1214,1067,-1
1788815664.3619,586982,V,1215,1068,-1
1788815664.4105,586996,V,1212,1065,3595
1788815664.4106,587004,V,1212,1065,-1
1788815664.4106,587012,V,1214,1067,-1
1788815664.4106,587020,V,1211,1064,-1
1788815664.4106,587028,V,1210,1063,-1
1788815664.4106,587036,V,1209,1063,-1
1788815664.4594,587049,V,1208,1062,3596
1788815664.4594,587057,V,1210,1063,-1
1788815664.4594,587065,V,1205,1059,-1
1788815664.4594,587073,V,1209,1063,-1
1788815664.4595,587081,V,1209,1063,-1
1788815664.4595,587089,V,1209,1063,-1
1788815664.5078,587103,V,1207,1061,3597
1788815664.5078,587111,V,1210,1063,-1
1788815664.5078,587119,V,1207,1061,-1
1788815664.5078,587127,V,1208,1062,-1
1788815664.5078,587135,V,1207,1061,-1
1788815664.5078,587143,V,1208,1062,-1
1788815664.5568,587157,V,1205,1059,3598
1788815664.5568,587165,V,1204,1058,-1
1788815664.5568,587173,V,1202,1056,-1
1788815664.5568,587181,V,1201,1056,-1
1788815664.5568,587189,V,1202,1056,-1
1788815664.5569,587197,V,1198,1053,-1
1788815664.6551,587210,V,1198,1053,3599
1788815664.6553,587218,V,1195,1050,-1
1788815664.6553,587226,V,1192,1048,-1
1788815664.6553,587234,V,1188,1044,-1
1788815664.6553,587242,V,1184,1041,-1
1788815664.6553,587250,V,1186,1042,-1
1788815664.6569,587288,KEYDOWN,,,
1788815664.7523,587269,V,1184,1041,3600
1788815664.7523,587277,V,1177,1034,-1
1788815664.7523,587285,V,1168,1027,-1
1788815664.7523,587293,V,1167,1026,-1
1788815664.7523,587301,V,1154,1014,-1
1788815664.7523,587309,V,1091,959,-1
1788815664.7532,587323,V,909,799,3601
1788815664.7532,587331,V,871,766,-1
1788815664.7532,587339,V,862,758,-1
1788815664.7532,587347,V,851,748,-1
1788815664.7532,587355,V,838,737,-1
1788815664.7532,587363,V,832,731,-1
1788815664.8492,587377,V,820,721,3602
1788815664.8492,587385,V,813,715,-1
1788815664.8492,587393,V,805,708,-1
1788815664.8492,587401,V,788,693,-1
1788815664.8492,587409,V,786,691,-1
1788815664.8492,587417,V,765,672,-1
1788815664.8510,587430,V,758,666,3603
1788815664.8510,587438,V,748,657,-1
1788815664.8510,587446,V,733,644,-1
1788815664.8510,587454,V,735,646,-1
1788815664.8510,587462,V,722,635,-1
1788815664.8510,587470,V,707,621,-1
1788815664.8979,587529,KEYUP,,,
1788815664.8991,587484,V,705,620,3604
1788815664.8991,587492,V,703,618,-1
1788815664.8991,587500,V,685,602,-1
1788815664.8991,587508,V,673,592,-1
1788815664.8991,587516,V,672,591,-1
1788815664.8991,587524,V,663,583,-1
1788815664.9468,587538,V,663,583,3605
1788815664.9468,587546,V,660,580,-1
1788815664.9468,587554,V,644,566,-1
1788815664.9468,587562,V,650,571,-1
1788815664.9468,587570,V,638,561,-1
1788815664.9468,587578,V,613,539,-1
1788815664.9958,587592,V,623,548,3606
1788815664.9958,587600,V,626,550,-1
1788815664.9958,587608,V,613,539,-1
1788815664.9958,587616,V,610,536,-1
1788815664.9958,587624,V,597,525,-1
1788815664.9958,587632,V,603,530,-1
1788815665.0447,587646,V,588,517,3607
1788815665.0447,587654,V,606,533,-1
1788815665.0447,587662,V,593,521,-1
1788815665.0447,587670,V,586,515,-1
1788815665.0447,587678,V,586,515,-1
1788815665.0447,587686,V,580,510,-1
1788815665.1428,587699,V,576,506,3608
1788815665.1430,587707,V,579,509,-1
1788815665.1430,587715,V,578,508,-1
1788815665.1430,587723,V,562,494,-1
1788815665.1430,587731,V,574,504,-1
1788815665.1430,587739,V,576,506,-1
1788815665.1919,587753,V,569,500,3609
1788815665.1919,587761,V,575,505,-1
1788815665.1920,587769,V,558,490,-1
1788815665.1920,587777,V,562,494,-1
1788815665.1920,587785,V,562,494,-1
1788815665.1920,587793,V,578,508,-1
1788815665.2396,587807,V,570,501,3610
1788815665.2397,587815,V,560,492,-1
1788815665.2397,587823,V,571,502,-1
1788815665.2397,587831,V,600,527,-1
1788815665.2397,587839,V,588,517,-1
1788815665.2397,587847,V,570,501,-1
1788815665.2892,587861,V,584,513,3611
1788815665.2892,587869,V,567,498,-1
1788815665.2892,587877,V,560,492,-1
1788815665.2892,587885,V,573,504,-1
1788815665.2892,587893,V,582,512,-1
1788815665.2892,587901,V,581,511,-1
1788815665.3373,587914,V,604,531,3612
1788815665.3373,587922,V,605,532,-1
1788815665.3373,587930,V,583,512,-1
1788815665.3373,587938,V,595,523,-1
1788815665.3373,587946,V,604,531,-1
1788815665.3373,587954,V,594,522,-1
1788815665.3859,587968,V,590,519,3613
1788815665.3861,587976,V,614,540,-1
1788815665.3861,587984,V,607,533,-1
1788815665.3861,587992,V,601,528,-1
1788815665.3861,588000,V,622,547,-1
1788815665.3861,588008,V,624,548,-1
1788815665.4345,588022,V,628,552,3614
1788815665.4345,588030,V,617,542,-1
1788815665.4345,588038,V,636,559,-1
1788815665.4345,588046,V,639,562,-1
1788815665.4345,588054,V,628,552,-1
1788815665.4345,588062,V,640,563,-1
1788815665.4833,588076,V,648,570,3615
1788815665.4833,588084,V,650,571,-1
1788815665.4834,588092,V,664,584,-1
1788815665.4834,588100,V,667,586,-1
1788815665.4834,588108,V,673,592,-1
1788815665.4834,588116,V,685,602,-1
1788815665.5319,588129,V,681,599,3616
1788815665.5319,588137,V,693,609,-1
1788815665.5319,588145,V,705,620,-1
1788815665.5319,588153,V,695,611,-1
1788815665.5319,588161,V,700,615,-1
1788815665.5319,588169,V,708,622,-1
1788815665.5808,588183,V,716,629,3617
1788815665.5808,588191,V,719,632,-1
1788815665.5808,588199,V,728,640,-1
1788815665.5808,588207,V,726,638,-1
1788815665.5808,588215,V,734,645,-1
1788815665.5809,588223,V,756,664,-1
1788815665.6785,588237,V,746,656,3618
1788815665.6786,588245,V,760,668,-1
1788815665.6786,588253,V,758,666,-1
1788815665.6786,588261,V,771,678,-1
1788815665.6786,588269,V,786,691,-1
1788815665.6787,588277,V,797,700,-1
1788815665.7272,588291,V,798,701,3619
1788815665.7272,588299,V,816,717,-1
1788815665.7272,588307,V,822,722,-1
1788815665.7272,588315,V,829,729,-1
1788815665.7272,588323,V,852,749,-1
1788815665.7272,588331,V,862,758,-1
1788815665.7757,588344,V,893,785,3620
1788815665.7758,588352,V,1080,949,-1
1788815665.7758,588360,V,1171,1029,-1
1788815665.7758,588368,V,1184,1041,-1
1788815665.7758,588376,V,1194,1049,-1
1788815665.7758,588384,V,1195,1050,-1
1788815665.8740,588398,V,1198,1053,3621
1788815665.8740,588406,V,1198,1053,-1
1788815665.8740,588414,V,1200,1055,-1
1788815665.8741,588422,V,1200,1055,-1
1788815665.8741,588430,V,1202,1056,-1
1788815665.8741,588438,V,1202,1056,-1
1788815665.8758,588470,KEYDOWN,,,
1788815665.8760,588452,V,1201,1056,3622
1788815665.8760,588460,V,1201,1056,-1
1788815665.8760,588468,V,1205,1059,-1
1788815665.8760,588476,V,1204,1058,-1
1788815665.8761,588484,V,1206,1060,-1
1788815665.8761,588492,V,1204,1058,-1
1788815665.9222,588506,V,1203,1057,3623
1788815665.9224,588514,V,1208,1062,-1
1788815665.9224,588522,V,1210,1063,-1
1788815665.9224,588530,V,1209,1063,-1
1788815665.9224,588538,V,1210,1063,-1
1788815665.9224,588546,V,1208,1062,-1
1788815665.9716,588559,V,1207,1061,3624
1788815665.9717,588567,V,1213,1066,-1
1788815665.9717,588575,V,1211,1064,-1
1788815665.9717,588583,V,1212,1065,-1
1788815665.9717,588591,V,1214,1067,-1
1788815665.9717,588599,V,1213,1066,-1
1788815666.0208,588613,V,1213,1066,3625
1788815666.0208,588621,V,1212,1065,-1
1788815666.0208,588629,V,1213,1066,-1
1788815666.0208,588637,V,1215,1068,-1
1788815666.0208,588645,V,1212,1065,-1
1788815666.0208,588653,V,1214,1067,-1
1788815666.0687,588667,V,1215,1068,3626
1788815666.0687,588675,V,1216,1069,-1
1788815666.0687,588683,V,1214,1067,-1
1788815666.0687,588691,V,1213,1066,-1
1788815666.0687,588699,V,1213,1066,-1
1788815666.0687,588707,V,1214,1067,-1
1788815666.1668,588721,V,1217,1070,3627
1788815666.1670,588729,V,1215,1068,-1
1788815666.1670,588737,V,1215,1068,-1
1788815666.1670,588745,V,1214,1067,-1
1788815666.1670,588753,V,1216,1069,-1
1788815666.1670,588761,V,1215,1068,-1
1788815666.2148,588774,V,1215,1068,3628
1788815666.2149,588782,V,1214,1067,-1
1788815666.2149,588790,V,1218,1071,-1
1788815666.2149,588798,V,1216,1069,-1
1788815666.2149,588806,V,1215,1068,-1
1788815666.2149,588814,V,1216,1069,-1
1788815666.2633,588828,V,1218,1071,3629
1788815666.2634,588836,V,1216,1069,-1
1788815666.2634,588844,V,1216,1069,-1
1788815666.2634,588852,V,1218,1071,-1
1788815666.2634,588860,V,1217,1070,-1
1788815666.2634,588868,V,1214,1067,-1
1788815666.3117,588882,V,1217,1070,3630
1788815666.3117,588890,V,1218,1071,-1
1788815666.3117,588898,V,1218,1071,-1
1788815666.3117,588906,V,1216,1069,-1
1788815666.3117,588914,V,1218,1071,-1
1788815666.3117,588922,V,1219,1071,-1
1788815666.3607,588936,V,1219,1071,3631
1788815666.3607,588944,V,1217,1070,-1
1788815666.3607,588952,V,1217,1070,-1
1788815666.3607,588960,V,1218,1071,-1
1788815666.3607,588968,V,1220,1072,-1
1788815666.3607,588976,V,1220,1072,-1
1788815666.4094,588989,V,1221,1073,3632
1788815666.4095,588997,V,1220,1072,-1
1788815666.4095,589005,V,1217,1070,-1
1788815666.4095,589013,V,1218,1071,-1
1788815666.4095,589021,V,1218,1071,-1
1788815666.4095,589029,V,1217,1070,-1
1788815666.4587,589043,V,1218,1071,3633
1788815666.4587,589051,V,1215,1068,-1
1788815666.4587,589059,V,1217,1070,-1
1788815666.4587,589067,V,1212,1065,-1
1788815666.4587,589075,V,1215,1068,-1
1788815666.4588,589083,V,1213,1066,-1
1788815666.5070,589097,V,1213,1066,3634
1788815666.5070,589105,V,1211,1064,-1
1788815666.5070,589113,V,1213,1066,-1
1788815666.5070,589121,V,1209,1063,-1
1788815666.5071,589129,V,1211,1064,-1
1788815666.5071,589137,V,1210,1063,-1
1788815666.5558,589150,V,1211,1064,3635
1788815666.5558,589158,V,1207,1061,-1
1788815666.5558,589166,V,1207,1061,-1
1788815666.5558,589174,V,1204,1058,-1
1788815666.5558,589182,V,1202,1056,-1
1788815666.5558,589190,V,1198,1053,-1
1788815666.6041,589204,V,1200,1055,3636
1788815666.6041,589212,V,1194,1049,-1
1788815666.6041,589220,V,1192,1048,-1
1788815666.6041,589228,V,1187,1043,-1
1788815666.6041,589236,V,1184,1041,-1
1788815666.6041,589244,V,1173,1031,-1
1788815666.8006,589258,V,1160,1020,3637
1788815666.8008,589266,V,1141,1003,-1
1788815666.8008,589274,V,1062,933,-1
1788815666.8008,589282,V,909,799,-1
1788815666.8008,589290,V,878,772,-1
1788815666.8008,589298,V,853,750,-1
1788815666.8019,589312,V,837,736,3638
1788815666.8019,589320,V,815,716,-1
1788815666.8019,589328,V,790,694,-1
1788815666.8019,589336,V,794,698,-1
1788815666.8019,589344,V,762,670,-1
1788815666.8019,589352,V,761,669,-1
1788815666.8021,589365,V,751,660,3639
1788815666.8021,589373,V,729,641,-1
1788815666.8022,589381,V,725,637,-1
1788815666.8022,589389,V,710,624,-1
1788815666.8022,589397,V,694,610,-1
1788815666.8022,589405,V,683,600,-1
1788815666.8521,589419,V,684,601,3640
1788815666.8521,589427,V,669,588,-1
1788815666.8521,589435,V,665,584,-1
1788815666.8521,589443,V,659,579,-1
1788815666.8521,589451,V,653,574,-1
1788815666.8522,589459,V,655,576,-1
1788815666.8524,589483,KEYUP,,,
1788815666.8976,589473,V,618,543,3641
1788815666.8976,589481,V,630,554,-1
1788815666.8976,589489,V,634,557,-1
1788815666.8976,589497,V,633,556,-1
1788815666.8976,589505,V,613,539,-1
1788815666.8976,589513,V,612,538,-1
1788815666.9468,589527,V,598,526,3642
1788815666.9468,589535,V,608,534,-1
1788815666.9468,589543,V,599,526,-1
1788815666.9469,589551,V,595,523,-1
1788815666.9469,589559,V,601,528,-1
1788815666.9469,589567,V,583,512,-1
1788815666.9948,589581,V,592,520,3643
1788815666.9948,589589,V,594,522,-1
1788815666.9949,589597,V,590,519,-1
1788815666.9949,589605,V,578,508,-1
1788815666.9949,589613,V,576,506,-1
1788815666.9949,589621,V,589,518,-1
1788815667.0436,589634,V,581,511,3644
1788815667.0437,589642,V,603,530,-1
1788815667.0437,589650,V,591,519,-1
1788815667.0437,589658,V,581,511,-1
1788815667.0437,589666,V,576,506,-1
1788815667.0437,589674,V,575,505,-1
1788815667.0933,589688,V,570,501,3645
1788815667.0933,589696,V,582,512,-1
1788815667.0934,589704,V,575,505,-1
1788815667.0934,589712,V,573,504,-1
1788815667.0934,589720,V,574,504,-1
1788815667.0934,589728,V,578,508,-1
1788815667.1417,589742,V,580,510,3646
1788815667.1417,589750,V,580,510,-1
1788815667.1417,589758,V,570,501,-1
1788815667.1417,589766,V,579,509,-1
1788815667.1417,589774,V,601,528,-1
1788815667.1417,589782,V,567,498,-1
1788815667.2389,589795,V,603,530,3647
1788815667.2389,589803,V,582,512,-1
1788815667.2389,589811,V,601,528,-1
1788815667.2389,589819,V,586,515,-1
1788815667.2389,589827,V,589,518,-1
1788815667.2389,589835,V,603,530,-1
1788815667.2870,589849,V,593,521,3648
1788815667.2871,589857,V,592,520,-1
1788815667.2872,589865,V,576,506,-1
1788815667.2872,589873,V,614,540,-1
1788815667.2873,589881,V,626,550,-1
1788815667.2873,589889,V,607,533,-1
1788815667.3372,589903,V,614,540,3649
1788815667.3373,589911,V,608,534,-1
1788815667.3373,589919,V,619,544,-1
1788815667.3373,589927,V,617,542,-1
1788815667.3373,589935,V,620,545,-1
1788815667.3373,589943,V,625,549,-1
1788815667.3846,589957,V,632,555,3650
1788815667.3847,589965,V,634,557,-1
1788815667.3847,589973,V,632,555,-1
1788815667.3847,589981,V,632,555,-1
1788815667.3847,589989,V,629,553,-1
1788815667.3847,589997,V,637,560,-1
1788815667.4332,590010,V,652,573,3651
1788815667.4332,590018,V,650,571,-1
1788815667.4332,590026,V,652,573,-1
1788815667.4332,590034,V,666,585,-1
1788815667.4333,590042,V,668,587,-1
1788815667.4333,590050,V,661,581,-1
1788815667.4828,590064,V,671,590,3652
1788815667.4828,590072,V,680,598,-1
1788815667.4828,590080,V,686,603,-1
1788815667.4828,590088,V,681,599,-1
1788815667.4829,590096,V,691,607,-1
1788815667.4829,590104,V,701,616,-1
1788815667.5323,590118,V,711,625,3653
1788815667.5324,590126,V,718,631,-1
1788815667.5324,590134,V,723,635,-1
1788815667.5324,590142,V,726,638,-1
1788815667.5324,590150,V,727,639,-1
1788815667.5324,590158,V,741,651,-1
1788815667.5798,590172,V,743,653,3654
1788815667.5798,590180,V,750,659,-1
1788815667.5798,590188,V,766,673,-1
1788815667.5798,590196,V,767,674,-1
1788815667.5798,590204,V,779,685,-1
1788815667.5798,590212,V,782,687,-1
1788815667.6281,590226,V,798,701,3655
1788815667.6281,590234,V,805,708,-1
1788815667.6281,590242,V,815,716,-1
1788815667.6281,590250,V,827,727,-1
1788815667.6281,590258,V,844,742,-1
1788815667.6282,590266,V,846,744,-1
1788815667.6768,590279,V,864,759,3656
1788815667.6768,590287,V,895,787,-1
1788815667.6768,590295,V,977,859,-1
1788815667.6768,590303,V,1169,1027,-1
1788815667.6768,590311,V,1183,1040,-1
1788815667.6768,590319,V,1189,1045,-1
1788815667.7749,590333,V,1197,1052,3657
1788815667.7749,590341,V,1198,1053,-1
1788815667.7750,590349,V,1202,1056,-1
1788815667.7750,590357,V,1204,1058,-1
1788815667.7750,590365,V,1205,1059,-1
1788815667.7750,590373,V,1208,1062,-1
1788815667.7760,590414,KEYDOWN,,,
1788815667.8230,590387,V,1209,1063,3658
1788815667.8230,590395,V,1207,1061,-1
1788815667.8230,590403,V,1208,1062,-1
1788815667.8230,590411,V,1209,1063,-1
1788815667.8230,590419,V,1211,1064,-1
1788815667.8230,590427,V,1210,1063,-1
1788815667.8724,590441,V,1209,1063,3659
1788815667.8725,590449,V,1209,1063,-1
1788815667.8725,590457,V,1209,1063,-1
1788815667.8725,590465,V,1211,1064,-1
1788815667.8725,590473,V,1209,1063,-1
1788815667.8725,590481,V,1209,1063,-1
1788815667.9707,590494,V,1211,1064,3660
1788815667.9707,590502,V,1212,1065,-1
1788815667.9707,590510,V,1215,1068,-1
1788815667.9708,590518,V,1214,1067,-1
1788815667.9708,590526,V,1213,1066,-1
1788815667.9708,590534,V,1215,1068,-1
1788815667.9721,590548,V,1215,1068,3661
1788815667.9721,590556,V,1214,1067,-1
1788815667.9721,590564,V,1213,1066,-1
1788815667.9721,590572,V,1212,1065,-1
1788815667.9721,590580,V,1214,1067,-1
1788815667.9721,590588,V,1212,1065,-1
1788815668.0197,590602,V,1215,1068,3662
1788815668.0198,590610,V,1212,1065,-1
1788815668.0198,590618,V,1212,1065,-1
1788815668.0198,590626,V,1215,1068,-1
1788815668.0199,590634,V,1211,1064,-1
1788815668.0199,590642,V,1213,1066,-1
1788815668.0683,590656,V,1212,1065,3663
1788815668.0684,590664,V,1212,1065,-1
1788815668.0684,590672,V,1213,1066,-1
1788815668.0684,590680,V,1212,1065,-1
1788815668.0684,590688,V,1210,1063,-1
1788815668.0684,590696,V,1210,1063,-1
1788815668.1159,590709,V,1211,1064,3664
1788815668.1159,590717,V,1213,1066,-1
1788815668.1159,590725,V,1212,1065,-1
1788815668.1159,590733,V,1213,1066,-1
1788815668.1159,590741,V,1213,1066,-1
1788815668.1159,590749,V,1213,1066,-1
1788815668.1647,590763,V,1214,1067,3665
1788815668.1648,590771,V,1211,1064,-1
1788815668.1648,590779,V,1210,1063,-1
1788815668.1648,590787,V,1211,1064,-1
1788815668.1648,590795,V,1213,1066,-1
1788815668.1648,590803,V,1215,1068,-1
1788815668.2623,590817,V,1213,1066,3666
1788815668.2625,590825,V,1213,1066,-1
1788815668.2625,590833,V,1212,1065,-1
1788815668.2625,590841,V,1213,1066,-1
1788815668.2625,590849,V,1212,1065,-1
1788815668.2625,590857,V,1218,1071,-1
1788815668.3111,590871,V,1211,1064,3667
1788815668.3112,590879,V,1211,1064,-1
1788815668.3112,590887,V,1211,1064,-1
1788815668.3112,590895,V,1215,1068,-1
1788815668.3112,590903,V,1214,1067,-1
1788815668.3112,590911,V,1213,1066,-1
1788815668.3597,590924,V,1213,1066,3668
1788815668.3598,590932,V,1216,1069,-1
1788815668.3598,590940,V,1214,1067,-1
1788815668.3598,590948,V,1215,1068,-1
1788815668.3598,590956,V,1215,1068,-1
1788815668.3598,590964,V,1215,1068,-1
1788815668.4083,590978,V,1214,1067,3669
1788815668.4083,590986,V,1213,1066,-1
1788815668.4083,590994,V,1213,1066,-1
1788815668.4083,591002,V,1212,1065,-1
1788815668.4083,591010,V,1212,1065,-1
1788815668.4083,591018,V,1212,1065,-1
1788815668.4575,591032,V,1209,1063,3670
1788815668.4575,591040,V,1212,1065,-1
1788815668.4575,591048,V,1208,1062,-1
1788815668.4575,591056,V,1208,1062,-1
1788815668.4575,591064,V,1209,1063,-1
1788815668.4576,591072,V,1209,1063,-1
1788815668.5059,591086,V,1208,1062,3671
1788815668.5060,591094,V,1206,1060,-1
1788815668.5060,591102,V,1208,1062,-1
1788815668.5060,591110,V,1205,1059,-1
1788815668.5061,591118,V,1206,1060,-1
1788815668.5061,591126,V,1202,1056,-1
1788815668.5550,591139,V,1202,1056,3672
1788815668.5551,591147,V,1202,1056,-1
1788815668.5551,591155,V,1196,1051,-1
1788815668.5551,591163,V,1197,1052,-1
1788815668.5551,591171,V,1190,1046,-1
1788815668.5551,591179,V,1189,1045,-1
1788815668.6035,591193,V,1184,1041,3673
1788815668.6035,591201,V,1172,1030,-1
1788815668.6035,591209,V,1159,1019,-1
1788815668.6035,591217,V,1070,940,-1
1788815668.6035,591225,V,915,804,-1
1788815668.6035,591233,V,871,766,-1
1788815668.6521,591247,V,849,746,3674
1788815668.6522,591255,V,830,729,-1
1788815668.6522,591263,V,812,714,-1
1788815668.6522,591271,V,803,706,-1
1788815668.6522,591279,V,795,699,-1
1788815668.6522,591287,V,785,690,-1
1788815668.7007,591300,V,772,679,3675
1788815668.7008,591308,V,755,664,-1
1788815668.7008,591316,V,734,645,-1
1788815668.7008,591324,V,746,656,-1
1788815668.7008,591332,V,729,641,-1
1788815668.7008,591340,V,706,621,-1
1788815668.8499,591354,V,700,615,3676
1788815668.8502,591362,V,705,620,-1
1788815668.8502,591370,V,671,590,-1
1788815668.8502,591378,V,675,593,-1
1788815668.8502,591386,V,652,573,-1
1788815668.8502,591394,V,663,583,-1
1788815668.8505,591427,KEYUP,,,
1788815668.8507,591408,V,637,560,3677
1788815668.8507,591416,V,632,555,-1
1788815668.8508,591424,V,643,565,-1
1788815668.8508,591432,V,623,548,-1
1788815668.8508,591440,V,606,533,-1
1788815668.8508,591448,V,613,539,-1
1788815668.8960,591462,V,613,539,3678
1788815668.8961,591470,V,609,535,-1
1788815668.8961,591478,V,609,535,-1
1788815668.8961,591486,V,567,498,-1
1788815668.8961,591494,V,579,509,-1
1788815668.8961,591502,V,589,518,-1
1788815668.9466,591516,V,587,516,3679
1788815668.9467,591524,V,574,504,-1
1788815668.9467,591532,V,582,512,-1
1788815668.9467,591540,V,593,521,-1
1788815668.9467,591548,V,571,502,-1
1788815668.9467,591556,V,559,491,-1
1788815669.0425,591569,V,565,497,3680
1788815669.0425,591577,V,557,490,-1
1788815669.0425,591585,V,545,479,-1
1788815669.0425,591593,V,583,512,-1
1788815669.0425,591601,V,548,482,-1
1788815669.0425,591609,V,545,479,-1
1788815669.0440,591623,V,569,500,3681
1788815669.0440,591631,V,564,496,-1
1788815669.0440,591639,V,549,483,-1
1788815669.0440,591647,V,567,498,-1
1788815669.0440,591655,V,557,490,-1
1788815669.0440,591663,V,553,486,-1
1788815669.0911,591677,V,569,500,3682
1788815669.0912,591685,V,569,500,-1
1788815669.0912,591693,V,548,482,-1
1788815669.0912,591701,V,537,472,-1
1788815669.0912,591709,V,554,487,-1
1788815669.0912,591717,V,569,500,-1
1788815669.1885,591731,V,566,497,3683
1788815669.1885,591739,V,572,503,-1
1788815669.1885,591747,V,553,486,-1
1788815669.1885,591755,V,565,497,-1
1788815669.1886,591763,V,567,498,-1
1788815669.1886,591771,V,568,499,-1
1788815669.1892,591785,V,552,485,3684
1788815669.1892,591793,V,574,504,-1
1788815669.1892,591801,V,573,504,-1
1788815669.1892,591809,V,567,498,-1
1788815669.1892,591817,V,568,499,-1
1788815669.1892,591825,V,577,507,-1
1788815669.2371,591838,V,577,507,3685
1788815669.2371,591846,V,564,496,-1
1788815669.2371,591854,V,575,505,-1
1788815669.2372,591862,V,576,506,-1
1788815669.2372,591870,V,554,487,-1
1788815669.2372,591878,V,561,493,-1
1788815669.3344,591892,V,574,504,3686
1788815669.3345,591900,V,572,503,-1
1788815669.3345,591908,V,582,512,-1
1788815669.3345,591916,V,568,499,-1
1788815669.3345,591924,V,575,505,-1
1788815669.3345,591932,V,560,492,-1
1788815669.3846,591946,V,588,517,3687
1788815669.3847,591954,V,592,520,-1
1788815669.3847,591962,V,588,517,-1
1788815669.3847,591970,V,589,518,-1
1788815669.3847,591978,V,606,533,-1
1788815669.3847,591986,V,586,515,-1
1788815669.4322,591999,V,610,536,3688
1788815669.4322,592007,V,614,540,-1
1788815669.4322,592015,V,616,541,-1
1788815669.4322,592023,V,605,532,-1
1788815669.4322,592031,V,618,543,-1
1788815669.4322,592039,V,612,538,-1
1788815669.4809,592053,V,623,548,3689
1788815669.4809,592061,V,613,539,-1
1788815669.4809,592069,V,625,549,-1
1788815669.4809,592077,V,642,564,-1
1788815669.4809,592085,V,639,562,-1
1788815669.4809,592093,V,645,567,-1
1788815669.5296,592107,V,636,559,3690
1788815669.5296,592115,V,644,566,-1
1788815669.5296,592123,V,647,569,-1
1788815669.5296,592131,V,658,578,-1
1788815669.5296,592139,V,655,576,-1
1788815669.5297,592147,V,660,580,-1
1788815669.5787,592160,V,671,590,3691
1788815669.5788,592168,V,672,591,-1
1788815669.5788,592176,V,673,592,-1
1788815669.5788,592184,V,696,612,-1
1788815669.5788,592192,V,695,611,-1
1788815669.5788,592200,V,693,609,-1
1788815669.6272,592214,V,696,612,3692
1788815669.6273,592222,V,699,614,-1
1788815669.6273,592230,V,717,630,-1
1788815669.6273,592238,V,716,629,-1
1788815669.6273,592246,V,721,634,-1
1788815669.6273,592254,V,718,631,-1
1788815669.6758,592268,V,722,635,3693
1788815669.6758,592276,V,722,635,-1
1788815669.6758,592284,V,736,647,-1
1788815669.6758,592292,V,737,648,-1
1788815669.6758,592300,V,742,652,-1
1788815669.6758,592308,V,755,664,-1
1788815669.7246,592322,V,750,659,3694
1788815669.7246,592330,V,761,669,-1
1788815669.7246,592338,V,764,671,-1
1788815669.7246,592346,V,775,681,-1
1788815669.7246,592354,V,784,689,-1
1788815669.7246,592362,V,793,697,-1
1788815669.7734,592376,V,796,700,3695
1788815669.7734,592384,V,800,703,-1
1788815669.7734,592392,V,801,704,-1
1788815669.7734,592400,V,812,714,-1
1788815669.7734,592408,V,817,718,-1
1788815669.7734,592416,V,839,737,-1
1788815669.8728,592429,V,838,737,3696
1788815669.8729,592437,V,843,741,-1
1788815669.8729,592445,V,853,750,-1
1788815669.8729,592453,V,868,763,-1
1788815669.8729,592461,V,896,788,-1
1788815669.8730,592469,V,1040,914,-1
1788815669.9196,592483,V,1148,1009,3697
1788815669.9196,592491,V,1170,1028,-1
1788815669.9196,592499,V,1188,1044,-1
1788815669.9196,592507,V,1206,1060,-1
1788815669.9197,592515,V,1215,1068,-1
1788815669.9197,592523,V,1219,1071,-1
1788815669.9693,592582,KEYDOWN,,,
1788815669.9719,592537,V,1225,1077,3698
1788815669.9719,592545,V,1234,1085,-1
1788815669.9719,592553,V,1244,1093,-1
1788815669.9719,592561,V,1248,1097,-1
1788815669.9719,592569,V,1252,1100,-1
1788815669.9719,592577,V,1254,1102,-1
1788815670.0174,592591,V,1254,1102,3699
1788815670.0174,592599,V,1255,1103,-1
1788815670.0174,592607,V,1255,1103,-1
1788815670.0174,592615,V,1254,1102,-1
1788815670.0174,592623,V,1253,1101,-1
1788815670.0174,592631,V,1248,1097,-1
1788815670.0662,592645,V,1247,1096,3700
1788815670.0663,592653,V,1247,1096,-1
1788815670.0663,592661,V,1246,1095,-1
1788815670.0663,592669,V,1246,1095,-1
1788815670.0663,592677,V,1242,1092,-1
1788815670.0663,592685,V,1240,1090,-1
1788815670.1158,592698,V,1236,1086,3701
1788815670.1160,592706,V,1233,1084,-1
1788815670.1160,592714,V,1233,1084,-1
1788815670.1160,592722,V,1231,1082,-1
1788815670.1160,592730,V,1228,1079,-1
1788815670.1160,592738,V,1227,1078,-1
1788815670.2122,592752,V,1228,1079,3702
1788815670.2122,592760,V,1228,1079,-1
1788815670.2122,592768,V,1230,1081,-1
1788815670.2122,592776,V,1229,1080,-1
1788815670.2122,592784,V,1229,1080,-1
1788815670.2122,592792,V,1230,1081,-1
1788815670.2139,592806,V,1233,1084,3703
1788815670.2139,592814,V,1232,1083,-1
1788815670.2139,592822,V,1236,1086,-1
1788815670.2139,592830,V,1237,1087,-1
1788815670.2139,592838,V,1239,1089,-1
1788815670.2139,592846,V,1237,1087,-1
1788815670.2616,592859,V,1240,1090,3704
1788815670.2616,592867,V,1238,1088,-1
1788815670.2616,592875,V,1238,1088,-1
1788815670.2616,592883,V,1238,1088,-1
1788815670.2616,592891,V,1238,1088,-1
1788815670.2616,592899,V,1239,1089,-1
1788815670.3585,592913,V,1238,1088,3705
1788815670.3586,592921,V,1239,1089,-1
1788815670.3586,592929,V,1237,1087,-1
1788815670.3587,592937,V,1237,1087,-1
1788815670.3587,592945,V,1237,1087,-1
1788815670.3587,592953,V,1238,1088,-1
1788815670.4085,592967,V,1237,1087,3706
1788815670.4085,592975,V,1239,1089,-1
1788815670.4085,592983,V,1238,1088,-1
1788815670.4085,592991,V,1241,1091,-1
1788815670.4086,592999,V,1239,1089,-1
1788815670.4086,593007,V,1239,1089,-1
1788815670.4559,593021,V,1242,1092,3707
1788815670.4559,593029,V,1240,1090,-1
1788815670.4559,593037,V,1240,1090,-1
1788815670.4560,593045,V,1238,1088,-1
1788815670.4560,593053,V,1238,1088,-1
1788815670.4560,593061,V,1238,1088,-1
1788815670.5042,593074,V,1240,1090,3708
1788815670.5042,593082,V,1237,1087,-1
1788815670.5042,593090,V,1237,1087,-1
1788815670.5043,593098,V,1238,1088,-1
1788815670.5043,593106,V,1237,1087,-1
1788815670.5043,593114,V,1237,1087,-1
1788815670.5534,593128,V,1235,1085,3709
1788815670.5534,593136,V,1234,1085,-1
1788815670.5534,593144,V,1233,1084,-1
1788815670.5534,593152,V,1232,1083,-1
1788815670.5534,593160,V,1233,1084,-1
1788815670.5534,593168,V,1232,1083,-1
1788815670.6021,593182,V,1229,1080,3710
1788815670.6022,593190,V,1230,1081,-1
1788815670.6022,593198,V,1228,1079,-1
1788815670.6022,593206,V,1225,1077,-1
1788815670.6022,593214,V,1222,1074,-1
1788815670.6023,593222,V,1219,1071,-1
1788815670.6521,593236,V,1217,1070,3711
1788815670.6521,593244,V,1213,1066,-1
1788815670.6521,593252,V,1207,1061,-1
1788815670.6521,593260,V,1202,1056,-1
1788815670.6521,593268,V,1195,1050,-1
1788815670.6521,593276,V,1180,1037,-1
1788815670.6997,593289,V,1160,1020,3712
1788815670.6997,593297,V,1124,988,-1
1788815670.6997,593305,V,1058,930,-1
1788815670.6997,593313,V,923,811,-1
1788815670.6997,593321,V,884,777,-1
1788815670.6997,593329,V,853,750,-1
1788815670.7492,593343,V,839,737,3713
1788815670.7493,593351,V,821,722,-1
1788815670.7493,593359,V,811,713,-1
1788815670.7493,593367,V,791,695,-1
1788815670.7493,593375,V,790,694,-1
1788815670.7493,593383,V,766,673,-1
1788815670.7984,593397,V,765,672,3714
1788815670.7984,593405,V,742,652,-1
1788815670.7985,593413,V,729,641,-1
1788815670.7985,593421,V,710,624,-1
1788815670.7985,593429,V,711,625,-1
1788815670.7985,593437,V,699,614,-1
1788815670.8970,593450,V,689,606,3715
1788815670.8971,593458,V,683,600,-1
1788815670.8973,593466,V,677,595,-1
1788815670.8973,593474,V,657,577,-1
1788815670.8973,593482,V,654,575,-1
1788815670.8973,593490,V,651,572,-1
1788815670.8975,593514,KEYUP,,,
1788815670.9452,593504,V,632,555,3716
1788815670.9452,593512,V,624,548,-1
1788815670.9452,593520,V,620,545,-1
1788815670.9452,593528,V,622,547,-1
1788815670.9452,593536,V,620,545,-1
1788815670.9452,593544,V,611,537,-1
1788815670.9935,593558,V,600,527,3717
1788815670.9935,593566,V,592,520,-1
1788815670.9935,593574,V,606,533,-1
1788815670.9935,593582,V,588,517,-1
1788815670.9935,593590,V,597,525,-1
1788815670.9936,593598,V,587,516,-1
1788815671.0427,593612,V,576,506,3718
1788815671.0427,593620,V,569,500,-1
1788815671.0427,593628,V,578,508,-1
1788815671.0427,593636,V,574,504,-1
1788815671.0429,593644,V,564,496,-1
1788815671.0429,593652,V,578,508,-1
1788815671.0900,593666,V,575,505,3719
1788815671.0900,593674,V,582,512,-1
1788815671.0900,593682,V,572,503,-1
1788815671.0900,593690,V,572,503,-1
1788815671.0900,593698,V,560,492,-1
1788815671.0900,593706,V,557,490,-1
1788815671.1395,593720,V,577,507,3720
1788815671.1397,593728,V,545,479,-1
1788815671.1397,593736,V,577,507,-1
1788815671.1397,593744,V,569,500,-1
1788815671.1397,593752,V,561,493,-1
1788815671.1397,593760,V,570,501,-1
1788815671.2360,593773,V,554,487,3721
1788815671.2361,593781,V,577,507,-1
1788815671.2361,593789,V,564,496,-1
1788815671.2361,593797,V,587,516,-1
1788815671.2361,593805,V,562,494,-1
1788815671.2361,593813,V,562,494,-1
1788815671.2372,593827,V,567,498,3722
1788815671.2372,593835,V,564,496,-1
1788815671.2372,593843,V,572,503,-1
1788815671.2372,593851,V,577,507,-1
1788815671.2372,593859,V,589,518,-1
1788815671.2372,593867,V,561,493,-1
1788815671.3821,593881,V,575,505,3723
1788815671.3823,593889,V,575,505,-1
1788815671.3823,593897,V,566,497,-1
1788815671.3823,593905,V,558,490,-1
1788815671.3823,593913,V,562,494,-1
1788815671.3823,593921,V,586,515,-1
1788815671.4321,593934,V,579,509,3724
1788815671.4321,593942,V,589,518,-1
1788815671.4321,593950,V,587,516,-1
1788815671.4321,593958,V,595,523,-1
1788815671.4321,593966,V,583,512,-1
1788815671.4322,593974,V,598,526,-1
1788815671.4341,593988,V,606,533,3725
1788815671.4341,593996,V,595,523,-1
1788815671.4341,594004,V,613,539,-1
1788815671.4341,594012,V,607,533,-1
1788815671.4342,594020,V,614,540,-1
1788815671.4342,594028,V,620,545,-1
1788815671.4792,594042,V,628,552,3726
1788815671.4793,594050,V,622,547,-1
1788815671.4793,594058,V,648,570,-1
1788815671.4793,594066,V,637,560,-1
1788815671.4793,594074,V,636,559,-1
1788815671.4793,594082,V,648,570,-1
1788815671.5291,594096,V,657,577,3727
1788815671.5291,594104,V,651,572,-1
1788815671.5291,594112,V,663,583,-1
1788815671.5291,594120,V,667,586,-1
1788815671.5291,594128,V,652,573,-1
1788815671.5291,594136,V,678,596,-1
1788815671.5779,594149,V,659,579,3728
1788815671.5780,594157,V,673,592,-1
1788815671.5780,594165,V,685,602,-1
1788815671.5780,594173,V,682,599,-1
1788815671.5780,594181,V,699,614,-1
1788815671.5780,594189,V,700,615,-1
1788815671.6258,594203,V,700,615,3729
1788815671.6259,594211,V,704,619,-1
1788815671.6259,594219,V,710,624,-1
1788815671.6259,594227,V,727,639,-1
1788815671.6259,594235,V,719,632,-1
1788815671.6259,594243,V,730,642,-1
1788815671.6760,594257,V,724,636,3730
1788815671.6760,594265,V,730,642,-1
1788815671.6760,594273,V,741,651,-1
1788815671.6760,594281,V,747,657,-1
1788815671.6760,594289,V,752,661,-1
1788815671.6760,594297,V,759,667,-1
1788815671.7234,594311,V,762,670,3731
1788815671.7234,594319,V,763,671,-1
1788815671.7234,594327,V,770,677,-1
1788815671.7234,594335,V,762,670,-1
1788815671.7234,594343,V,773,679,-1
1788815671.7235,594351,V,779,685,-1
1788815671.7718,594364,V,782,687,3732
1788815671.7718,594372,V,781,686,-1
1788815671.7718,594380,V,783,688,-1
1788815671.7718,594388,V,797,700,-1
1788815671.7718,594396,V,796,700,-1
1788815671.7718,594404,V,809,711,-1
1788815671.8217,594418,V,811,713,3733
1788815671.8217,594426,V,828,728,-1
1788815671.8217,594434,V,829,729,-1
1788815671.8217,594442,V,836,735,-1
1788815671.8217,594450,V,844,742,-1
1788815671.8217,594458,V,849,746,-1
1788815671.8704,594472,V,868,763,3734
1788815671.8704,594480,V,882,775,-1
1788815671.8705,594488,V,918,807,-1
1788815671.8705,594496,V,1049,922,-1
1788815671.8705,594504,V,1151,1012,-1
1788815671.8705,594512,V,1172,1030,-1
1788815671.9682,594525,V,1184,1041,3735
1788815671.9682,594533,V,1189,1045,-1
1788815671.9682,594541,V,1195,1050,-1
1788815671.9682,594549,V,1196,1051,-1
1788815671.9683,594557,V,1199,1054,-1
1788815671.9683,594565,V,1199,1054,-1
1788815671.9694,594607,KEYDOWN,,,
1788815672.0170,594579,V,1202,1056,3736
1788815672.0171,594587,V,1202,1056,-1
1788815672.0171,594595,V,1205,1059,-1
1788815672.0171,594603,V,1206,1060,-1
1788815672.0171,594611,V,1210,1063,-1
1788815672.0171,594619,V,1208,1062,-1
1788815672.0649,594633,V,1206,1060,3737
1788815672.0649,594641,V,1208,1062,-1
1788815672.0649,594649,V,1207,1061,-1
1788815672.0649,594657,V,1206,1060,-1
1788815672.0649,594665,V,1208,1062,-1
1788815672.0649,594673,V,1206,1060,-1
1788815672.1136,594687,V,1206,1060,3738
1788815672.1137,594695,V,1206,1060,-1
1788815672.1137,594703,V,1208,1062,-1
1788815672.1137,594711,V,1205,1059,-1
1788815672.1137,594719,V,1203,1057,-1
1788815672.1137,594727,V,1206,1060,-1
1788815672.1625,594741,V,1207,1061,3739
1788815672.1625,594749,V,1201,1056,-1
1788815672.1625,594757,V,1204,1058,-1
1788815672.1625,594765,V,1204,1058,-1
1788815672.1625,594773,V,1203,1057,-1
1788815672.1625,594781,V,1204,1058,-1
1788815672.2600,594794,V,1205,1059,3740
1788815672.2600,594802,V,1203,1057,-1
1788815672.2600,594810,V,1205,1059,-1
1788815672.2600,594818,V,1202,1056,-1
1788815672.2600,594826,V,1205,1059,-1
1788815672.2600,594834,V,1205,1059,-1
1788815672.2615,594848,V,1206,1060,3741
1788815672.2615,594856,V,1210,1063,-1
1788815672.2615,594864,V,1203,1057,-1
1788815672.2615,594872,V,1205,1059,-1
1788815672.2616,594880,V,1204,1058,-1
1788815672.2616,594888,V,1206,1060,-1
1788815672.3083,594902,V,1206,1060,3742
1788815672.3083,594910,V,1205,1059,-1
1788815672.3083,594918,V,1206,1060,-1
1788815672.3083,594926,V,1206,1060,-1
1788815672.3084,594934,V,1204,1058,-1
1788815672.3084,594942,V,1205,1059,-1
1788815672.3572,594955,V,1205,1059,3743
1788815672.3573,594963,V,1205,1059,-1
1788815672.3574,594971,V,1203,1057,-1
1788815672.3574,594979,V,1206,1060,-1
1788815672.3574,594987,V,1206,1060,-1
1788815672.3574,594995,V,1204,1058,-1
1788815672.4550,595009,V,1205,1059,3744
1788815672.4550,595017,V,1201,1056,-1
1788815672.4550,595025,V,1203,1057,-1
1788815672.4551,595033,V,1202,1056,-1
1788815672.4551,595041,V,1202,1056,-1
1788815672.4551,595049,V,1203,1057,-1
1788815672.5035,595063,V,1204,1058,3745
1788815672.5035,595071,V,1203,1057,-1
1788815672.5035,595079,V,1203,1057,-1
1788815672.5035,595087,V,1203,1057,-1
1788815672.5035,595095,V,1201,1056,-1
1788815672.5035,595103,V,1202,1056,-1
1788815672.5522,595117,V,1203,1057,3746
1788815672.5523,595125,V,1200,1055,-1
1788815672.5523,595133,V,1201,1056,-1
1788815672.5523,595141,V,1199,1054,-1
1788815672.5523,595149,V,1201,1056,-1
1788815672.5523,595157,V,1198,1053,-1
1788815672.6007,595171,V,1197,1052,3747
1788815672.6008,595179,V,1201,1056,-1
1788815672.6008,595187,V,1199,1054,-1
1788815672.6008,595195,V,1202,1056,-1
1788815672.6008,595203,V,1197,1052,-1
1788815672.6008,595211,V,1196,1051,-1
1788815672.6498,595224,V,1201,1056,3748
1788815672.6498,595232,V,1199,1054,-1
1788815672.6498,595240,V,1197,1052,-1
1788815672.6498,595248,V,1196,1051,-1
1788815672.6499,595256,V,1194,1049,-1
1788815672.6499,595264,V,1194,1049,-1
1788815672.6981,595278,V,1187,1043,3749
1788815672.6981,595286,V,1186,1042,-1
1788815672.6981,595294,V,1182,1039,-1
1788815672.6981,595302,V,1173,1031,-1
1788815672.6981,595310,V,1162,1021,-1
1788815672.6981,595318,V,1147,1008,-1
1788815672.7468,595332,V,974,856,3750
1788815672.7468,595340,V,915,804,-1
1788815672.7468,595348,V,877,771,-1
1788815672.7468,595356,V,861,757,-1
1788815672.7468,595364,V,838,737,-1
1788815672.7468,595372,V,831,730,-1
1788815672.7955,595385,V,816,717,3751
1788815672.7955,595393,V,807,709,-1
1788815672.7955,595401,V,791,695,-1
1788815672.7955,595409,V,779,685,-1
1788815672.7955,595417,V,778,684,-1
1788815672.7955,595425,V,759,667,-1
1788815672.8448,595439,V,755,664,3752
1788815672.8449,595447,V,742,652,-1
1788815672.8449,595455,V,742,652,-1
1788815672.8449,595463,V,722,635,-1
1788815672.8449,595471,V,713,627,-1
1788815672.8449,595479,V,705,620,-1
1788815672.8956,595538,KEYUP,,,
1788815672.8960,595493,V,703,618,3753
1788815672.8960,595501,V,690,606,-1
1788815672.8960,595509,V,693,609,-1
1788815672.8960,595517,V,686,603,-1
1788815672.8960,595525,V,675,593,-1
1788815672.8960,595533,V,674,592,-1
1788815672.9938,595547,V,676,594,3754
1788815672.9938,595555,V,658,578,-1
1788815672.9938,595563,V,651,572,-1
1788815672.9938,595571,V,641,563,-1
1788815672.9938,595579,V,634,557,-1
1788815672.9938,595587,V,622,547,-1
1788815673.0401,595601,V,625,549,3755
1788815673.0402,595609,V,629,553,-1
1788815673.0402,595617,V,616,541,-1
1788815673.0402,595625,V,603,530,-1
1788815673.0402,595633,V,612,538,-1
1788815673.0402,595641,V,609,535,-1
1788815673.0888,595654,V,621,546,3756
1788815673.0889,595662,V,593,521,-1
1788815673.0889,595670,V,607,533,-1
1788815673.0889,595678,V,591,519,-1
1788815673.0889,595686,V,590,519,-1
1788815673.0889,595694,V,577,507,-1
1788815673.1373,595708,V,574,504,3757
1788815673.1373,595716,V,593,521,-1
1788815673.1373,595724,V,580,510,-1
1788815673.1373,595732,V,575,505,-1
1788815673.1373,595740,V,583,512,-1
1788815673.1373,595748,V,572,503,-1
1788815673.1859,595762,V,558,490,3758
1788815673.1860,595770,V,576,506,-1
1788815673.1860,595778,V,556,489,-1
1788815673.1860,595786,V,568,499,-1
1788815673.1860,595794,V,574,504,-1
1788815673.1860,595802,V,553,486,-1
1788815673.2346,595816,V,554,487,3759
1788815673.2346,595824,V,567,498,-1
1788815673.2346,595832,V,548,482,-1
1788815673.2346,595840,V,577,507,-1
1788815673.2346,595848,V,560,492,-1
1788815673.2346,595856,V,565,497,-1
1788815673.2832,595869,V,560,492,3760
1788815673.2832,595877,V,569,500,-1
1788815673.2832,595885,V,578,508,-1
1788815673.2832,595893,V,551,484,-1
1788815673.2833,595901,V,564,496,-1
1788815673.2833,595909,V,565,497,-1
1788815673.3342,595923,V,568,499,3761
1788815673.3343,595931,V,572,503,-1
1788815673.3343,595939,V,562,494,-1
1788815673.3343,595947,V,542,476,-1
1788815673.3343,595955,V,576,506,-1
1788815673.3343,595963,V,543,477,-1
1788815673.3809,595977,V,557,490,3762
1788815673.3809,595985,V,548,482,-1
1788815673.3809,595993,V,567,498,-1
1788815673.3809,596001,V,582,512,-1
1788815673.3809,596009,V,558,490,-1
1788815673.3809,596017,V,570,501,-1
1788815673.4294,596031,V,588,517,3763
1788815673.4294,596039,V,580,510,-1
1788815673.4294,596047,V,579,509,-1
1788815673.4295,596055,V,582,512,-1
1788815673.4295,596063,V,599,526,-1
1788815673.4295,596071,V,596,524,-1
1788815673.5764,596084,V,598,526,3764
1788815673.5765,596092,V,605,532,-1
1788815673.5765,596100,V,607,533,-1
1788815673.5765,596108,V,600,527,-1
1788815673.5765,596116,V,612,538,-1
1788815673.5765,596124,V,614,540,-1
1788815673.5776,596138,V,626,550,3765
1788815673.5776,596146,V,622,547,-1
1788815673.5776,596154,V,636,559,-1
1788815673.5776,596162,V,639,562,-1
1788815673.5776,596170,V,647,569,-1
1788815673.5776,596178,V,641,563,-1
1788815673.6250,596192,V,657,577,3766
1788815673.6250,596200,V,651,572,-1
1788815673.6250,596208,V,656,577,-1
1788815673.6250,596216,V,668,587,-1
1788815673.6250,596224,V,692,608,-1
1788815673.6250,596232,V,679,597,-1
1788815673.6733,596246,V,687,604,3767
1788815673.6733,596254,V,694,610,-1
1788815673.6733,596262,V,705,620,-1
1788815673.6734,596270,V,704,619,-1
1788815673.6734,596278,V,715,628,-1
1788815673.6734,596286,V,714,628,-1
1788815673.7221,596299,V,737,648,3768
1788815673.7221,596307,V,742,652,-1
1788815673.7221,596315,V,746,656,-1
1788815673.7222,596323,V,739,650,-1
1788815673.7222,596331,V,755,664,-1
1788815673.7222,596339,V,758,666,-1
1788815673.7713,596353,V,764,671,3769
1788815673.7713,596361,V,771,678,-1
1788815673.7713,596369,V,783,688,-1
1788815673.7713,596377,V,783,688,-1
1788815673.7713,596385,V,798,701,-1
1788815673.7713,596393,V,801,704,-1
1788815673.8207,596407,V,805,708,3770
1788815673.8208,596415,V,823,723,-1
1788815673.8208,596423,V,816,717,-1
1788815673.8208,596431,V,844,742,-1
1788815673.8208,596439,V,852,749,-1
1788815673.8208,596447,V,861,757,-1
1788815673.8704,596461,V,894,786,3771
1788815673.8704,596469,V,1038,912,-1
1788815673.8704,596477,V,1160,1020,-1
1788815673.8704,596485,V,1178,1035,-1
1788815673.8705,596493,V,1187,1043,-1
1788815673.8705,596501,V,1191,1047,-1
1788815673.9182,596514,V,1196,1051,3772
1788815673.9183,596522,V,1195,1050,-1
1788815673.9183,596530,V,1200,1055,-1
1788815673.9183,596538,V,1200,1055,-1
1788815673.9183,596546,V,1202,1056,-1
1788815673.9183,596554,V,1202,1056,-1
1788815673.9661,596587,KEYDOWN,,,
1788815673.9672,596568,V,1203,1057,3773
1788815673.9672,596576,V,1206,1060,-1
1788815673.9672,596584,V,1202,1056,-1
1788815673.9672,596592,V,1206,1060,-1
1788815673.9672,596600,V,1204,1058,-1
1788815673.9672,596608,V,1203,1057,-1
1788815674.0637,596622,V,1202,1056,3774
1788815674.0638,596630,V,1203,1057,-1
1788815674.0638,596638,V,1200,1055,-1
1788815674.0638,596646,V,1200,1055,-1
1788815674.0638,596654,V,1200,1055,-1
1788815674.0638,596662,V,1204,1058,-1
1788815674.1126,596676,V,1202,1056,3775
1788815674.1126,596684,V,1202,1056,-1
1788815674.1126,596692,V,1203,1057,-1
1788815674.1126,596700,V,1201,1056,-1
1788815674.1126,596708,V,1203,1057,-1
1788815674.1126,596716,V,1204,1058,-1
1788815674.1612,596729,V,1204,1058,3776
1788815674.1612,596737,V,1205,1059,-1
1788815674.1612,596745,V,1203,1057,-1
1788815674.1612,596753,V,1203,1057,-1
1788815674.1612,596761,V,1205,1059,-1
1788815674.1612,596769,V,1205,1059,-1
1788815674.2101,596783,V,1204,1058,3777
1788815674.2101,596791,V,1207,1061,-1
1788815674.2101,596799,V,1201,1056,-1
1788815674.2101,596807,V,1204,1058,-1
1788815674.2101,596815,V,1205,1059,-1
1788815674.2101,596823,V,1204,1058,-1
1788815674.2584,596837,V,1202,1056,3778
1788815674.2584,596845,V,1203,1057,-1
1788815674.2585,596853,V,1204,1058,-1
1788815674.2585,596861,V,1204,1058,-1
1788815674.2585,596869,V,1203,1057,-1
1788815674.2585,596877,V,1203,1057,-1
1788815674.3071,596891,V,1203,1057,3779
1788815674.3073,596899,V,1204,1058,-1
1788815674.3073,596907,V,1200,1055,-1
1788815674.3073,596915,V,1205,1059,-1
1788815674.3073,596923,V,1206,1060,-1
1788815674.3073,596931,V,1203,1057,-1
1788815674.3564,596944,V,1205,1059,3780
1788815674.3564,596952,V,1205,1059,-1
1788815674.3564,596960,V,1204,1058,-1
1788815674.3564,596968,V,1203,1057,-1
1788815674.3564,596976,V,1206,1060,-1
1788815674.3564,596984,V,1203,1057,-1
1788815674.4046,596998,V,1204,1058,3781
1788815674.4047,597006,V,1201,1056,-1
1788815674.4047,597014,V,1204,1058,-1
1788815674.4047,597022,V,1203,1057,-1
1788815674.4047,597030,V,1201,1056,-1
1788815674.4047,597038,V,1201,1056,-1
1788815674.4535,597052,V,1202,1056,3782
1788815674.4535,597060,V,1201,1056,-1
1788815674.4535,597068,V,1202,1056,-1
1788815674.4535,597076,V,1201,1056,-1
1788815674.4535,597084,V,1198,1053,-1
1788815674.4535,597092,V,1200,1055,-1
1788815674.5509,597105,V,1200,1055,3783
1788815674.5510,597113,V,1198,1053,-1
1788815674.5510,597121,V,1199,1054,-1
1788815674.5510,597129,V,1198,1053,-1
1788815674.5510,597137,V,1196,1051,-1
1788815674.5510,597145,V,1194,1049,-1
1788815674.6010,597159,V,1195,1050,3784
1788815674.6011,597167,V,1192,1048,-1
1788815674.6011,597175,V,1193,1049,-1
1788815674.6011,597183,V,1191,1047,-1
1788815674.6011,597191,V,1191,1047,-1
1788815674.6011,597199,V,1190,1046,-1
1788815674.6492,597213,V,1190,1046,3785
1788815674.6492,597221,V,1191,1047,-1
1788815674.6492,597229,V,1187,1043,-1
1788815674.6492,597237,V,1187,1043,-1
1788815674.6492,597245,V,1182,1039,-1
1788815674.6492,597253,V,1180,1037,-1
1788815674.6977,597267,V,1175,1033,3786
1788815674.6977,597275,V,1170,1028,-1
1788815674.6977,597283,V,1160,1020,-1
1788815674.6977,597291,V,1141,1003,-1
1788815674.6977,597299,V,967,850,-1
1788815674.6977,597307,V,907,797,-1
1788815674.7948,597321,V,879,773,3787
1788815674.7950,597329,V,862,758,-1
1788815674.7950,597337,V,838,737,-1
1788815674.7950,597345,V,830,729,-1
1788815674.7950,597353,V,814,715,-1
1788815674.7950,597361,V,805,708,-1
1788815674.7967,597374,V,794,698,3788
1788815674.7967,597382,V,781,686,-1
1788815674.7967,597390,V,776,682,-1
1788815674.7967,597398,V,766,673,-1
1788815674.7967,597406,V,753,662,-1
1788815674.7967,597414,V,741,651,-1
1788815674.8432,597428,V,737,648,3789
1788815674.8433,597436,V,724,636,-1
1788815674.8433,597444,V,713,627,-1
1788815674.8433,597452,V,699,614,-1
1788815674.8433,597460,V,692,608,-1
1788815674.8433,597468,V,685,602,-1
1788815674.8940,597509,KEYUP,,,
1788815674.8944,597482,V,689,606,3790
1788815674.8944,597490,V,666,585,-1
1788815674.8944,597498,V,653,574,-1
1788815674.8944,597506,V,649,570,-1
1788815674.8944,597514,V,657,577,-1
1788815674.8944,597522,V,630,554,-1
1788815674.9409,597536,V,636,559,3791
1788815674.9410,597544,V,631,555,-1
1788815674.9410,597552,V,626,550,-1
1788815674.9410,597560,V,615,541,-1
1788815674.9410,597568,V,614,540,-1
1788815674.9410,597576,V,597,525,-1
1788815674.9898,597590,V,606,533,3792
1788815674.9898,597598,V,607,533,-1
1788815674.9898,597606,V,586,515,-1
1788815674.9898,597614,V,603,530,-1
1788815674.9898,597622,V,595,523,-1
1788815674.9898,597630,V,568,499,-1
1788815675.0878,597643,V,576,506,3793
1788815675.0879,597651,V,578,508,-1
1788815675.0879,597659,V,586,515,-1
1788815675.0879,597667,V,583,512,-1
1788815675.0879,597675,V,574,504,-1
1788815675.0879,597683,V,584,513,-1
1788815675.1368,597697,V,568,499,3794
1788815675.1369,597705,V,564,496,-1
1788815675.1369,597713,V,565,497,-1
1788815675.1369,597721,V,586,515,-1
1788815675.1369,597729,V,556,489,-1
1788815675.1369,597737,V,582,512,-1
1788815675.1855,597751,V,549,483,3795
1788815675.1856,597759,V,557,490,-1
1788815675.1856,597767,V,584,513,-1
1788815675.1856,597775,V,561,493,-1
1788815675.1856,597783,V,545,479,-1
1788815675.1856,597791,V,551,484,-1
1788815675.2342,597805,V,550,483,3796
1788815675.2342,597813,V,561,493,-1
1788815675.2342,597821,V,570,501,-1
1788815675.2342,597829,V,585,514,-1
1788815675.2343,597837,V,553,486,-1
1788815675.2343,597845,V,547,481,-1
1788815675.2822,597858,V,561,493,3797
1788815675.2822,597866,V,568,499,-1
1788815675.2822,597874,V,557,490,-1
1788815675.2822,597882,V,559,491,-1
1788815675.2822,597890,V,570,501,-1
1788815675.2822,597898,V,569,500,-1
1788815675.3308,597912,V,559,491,3798
1788815675.3310,597920,V,565,497,-1
1788815675.3310,597928,V,586,515,-1
1788815675.3310,597936,V,569,500,-1
1788815675.3310,597944,V,577,507,-1
1788815675.3311,597952,V,584,513,-1
1788815675.3798,597966,V,566,497,3799
1788815675.3798,597974,V,573,504,-1
1788815675.3798,597982,V,571,502,-1
1788815675.3798,597990,V,542,476,-1
1788815675.3798,597998,V,570,501,-1
1788815675.3798,598006,V,590,519,-1
1788815675.4287,598020,V,602,529,3800
1788815675.4287,598028,V,594,522,-1
1788815675.4287,598036,V,587,516,-1
1788815675.4287,598044,V,583,512,-1
1788815675.4287,598052,V,572,503,-1
1788815675.4288,598060,V,619,544,-1
1788815675.4780,598074,V,583,512,3801
1788815675.4780,598082,V,586,515,-1
1788815675.4780,598090,V,600,527,-1
1788815675.4780,598098,V,590,519,-1
1788815675.4780,598106,V,614,540,-1
1788815675.4781,598114,V,610,536,-1
1788815675.5259,598127,V,603,530,3802
1788815675.5259,598135,V,613,539,-1
1788815675.5259,598143,V,616,541,-1
1788815675.5259,598151,V,609,535,-1
1788815675.5259,598159,V,635,558,-1
1788815675.5259,598167,V,620,545,-1
1788815675.6246,598181,V,629,553,3803
1788815675.6247,598189,V,639,562,-1
1788815675.6247,598197,V,647,569,-1
1788815675.6247,598205,V,651,572,-1
1788815675.6247,598213,V,653,574,-1
1788815675.6247,598221,V,660,580,-1
1788815675.6732,598235,V,665,584,3804
1788815675.6732,598243,V,662,582,-1
1788815675.6732,598251,V,680,598,-1
1788815675.6732,598259,V,668,587,-1
1788815675.6732,598267,V,687,604,-1
1788815675.6732,598275,V,691,607,-1
1788815675.7219,598288,V,699,614,3805
1788815675.7220,598296,V,710,624,-1
1788815675.7220,598304,V,697,613,-1
1788815675.7220,598312,V,711,625,-1
1788815675.7220,598320,V,714,628,-1
1788815675.7220,598328,V,729,641,-1
1788815675.7706,598342,V,734,645,3806
1788815675.7706,598350,V,730,642,-1
1788815675.7706,598358,V,746,656,-1
1788815675.7706,598366,V,757,665,-1
1788815675.7706,598374,V,768,675,-1
1788815675.7706,598382,V,759,667,-1
1788815675.8187,598396,V,770,677,3807
1788815675.8187,598404,V,783,688,-1
1788815675.8187,598412,V,793,697,-1
1788815675.8187,598420,V,796,700,-1
1788815675.8187,598428,V,796,700,-1
1788815675.8187,598436,V,814,715,-1
1788815675.8673,598450,V,812,714,3808
1788815675.8674,598458,V,826,726,-1
1788815675.8674,598466,V,835,734,-1
1788815675.8674,598474,V,844,742,-1
1788815675.8674,598482,V,855,751,-1
1788815675.8674,598490,V,863,758,-1
1788815675.9172,598503,V,878,772,3809
1788815675.9172,598511,V,912,802,-1
1788815675.9172,598519,V,1138,1000,-1
1788815675.9173,598527,V,1178,1035,-1
1788815675.9173,598535,V,1189,1045,-1
1788815675.9173,598543,V,1199,1054,-1
1788815675.9652,598557,V,1202,1056,3810
1788815675.9652,598565,V,1207,1061,-1
1788815675.9653,598573,V,1210,1063,-1
1788815675.9653,598581,V,1210,1063,-1
1788815675.9653,598589,V,1209,1063,-1
1788815675.9653,598597,V,1210,1063,-1
1788815676.0138,598629,KEYDOWN,,,
1788815676.0156,598611,V,1207,1061,3811
1788815676.0156,598619,V,1209,1063,-1
1788815676.0156,598627,V,1207,1061,-1
1788815676.0156,598635,V,1205,1059,-1
1788815676.0156,598643,V,1205,1059,-1
1788815676.0156,598651,V,1204,1058,-1
1788815676.0626,598665,V,1204,1058,3812
1788815676.0627,598673,V,1206,1060,-1
1788815676.0627,598681,V,1206,1060,-1
1788815676.0627,598689,V,1208,1062,-1
1788815676.0627,598697,V,1206,1060,-1
1788815676.0627,598705,V,1205,1059,-1
1788815676.1601,598719,V,1208,1062,3813
1788815676.1603,598727,V,1208,1062,-1
1788815676.1603,598735,V,1209,1063,-1
1788815676.1603,598743,V,1209,1063,-1
1788815676.1603,598751,V,1210,1063,-1
1788815676.1603,598759,V,1209,1063,-1
1788815676.2090,598772,V,1211,1064,3814
1788815676.2091,598780,V,1210,1063,-1
1788815676.2091,598788,V,1208,1062,-1
1788815676.2091,598796,V,1210,1063,-1
1788815676.2091,598804,V,1213,1066,-1
1788815676.2091,598812,V,1207,1061,-1
1788815676.2576,598826,V,1210,1063,3815
1788815676.2577,598834,V,1209,1063,-1
1788815676.2579,598842,V,1207,1061,-1
1788815676.2579,598850,V,1207,1061,-1
1788815676.2579,598858,V,1208,1062,-1
1788815676.2579,598866,V,1207,1061,-1
1788815676.3056,598880,V,1206,1060,3816
1788815676.3057,598888,V,1207,1061,-1
1788815676.3057,598896,V,1209,1063,-1
1788815676.3057,598904,V,1209,1063,-1
1788815676.3057,598912,V,1205,1059,-1
1788815676.3057,598920,V,1206,1060,-1
1788815676.3547,598933,V,1206,1060,3817
1788815676.3547,598941,V,1206,1060,-1
1788815676.3547,598949,V,1206,1060,-1
1788815676.3547,598957,V,1207,1061,-1
1788815676.3547,598965,V,1207,1061,-1
1788815676.3547,598973,V,1205,1059,-1
1788815676.4036,598987,V,1207,1061,3818
1788815676.4037,598995,V,1207,1061,-1
1788815676.4037,599003,V,1205,1059,-1
1788815676.4037,599011,V,1206,1060,-1
1788815676.4037,599019,V,1207,1061,-1
1788815676.4037,599027,V,1206,1060,-1
1788815676.4526,599041,V,1207,1061,3819
1788815676.4526,599049,V,1204,1058,-1
1788815676.4526,599057,V,1207,1061,-1
1788815676.4526,599065,V,1209,1063,-1
1788815676.4526,599073,V,1204,1058,-1
1788815676.4526,599081,V,1209,1063,-1
1788815676.5010,599095,V,1203,1057,3820
1788815676.5010,599103,V,1205,1059,-1
1788815676.5010,599111,V,1205,1059,-1
1788815676.5010,599119,V,1206,1060,-1
1788815676.5010,599127,V,1207,1061,-1
1788815676.5010,599135,V,1203,1057,-1
1788815676.5498,599148,V,1206,1060,3821
1788815676.5498,599156,V,1204,1058,-1
1788815676.5498,599164,V,1203,1057,-1
1788815676.5498,599172,V,1202,1056,-1
1788815676.5498,599180,V,1198,1053,-1
1788815676.5498,599188,V,1197,1052,-1
1788815676.6478,599202,V,1194,1049,3822
1788815676.6479,599210,V,1192,1048,-1
1788815676.6479,599218,V,1190,1046,-1
1788815676.6479,599226,V,1186,1042,-1
1788815676.6479,599234,V,1182,1039,-1
1788815676.6480,599242,V,1181,1038,-1
1788815676.6972,599256,V,1170,1028,3823
1788815676.6972,599264,V,1167,1026,-1
1788815676.6972,599272,V,1155,1015,-1
1788815676.6973,599280,V,1128,991,-1
1788815676.6973,599288,V,968,851,-1
1788815676.6973,599296,V,898,789,-1
1788815676.7461,599309,V,858,754,3824
1788815676.7461,599317,V,849,746,-1
1788815676.7461,599325,V,831,730,-1
1788815676.7461,599333,V,819,720,-1
1788815676.7461,599341,V,809,711,-1
1788815676.7461,599349,V,795,699,-1
1788815676.7943,599363,V,774,680,3825
1788815676.7944,599371,V,770,677,-1
1788815676.7944,599379,V,763,671,-1
1788815676.7944,599387,V,748,657,-1
1788815676.7944,599395,V,742,652,-1
1788815676.7944,599403,V,744,654,-1
1788815676.8426,599417,V,731,642,3826
1788815676.8426,599425,V,708,622,-1
1788815676.8426,599433,V,699,614,-1
1788815676.8427,599441,V,698,613,-1
1788815676.8427,599449,V,698,613,-1
1788815676.8427,599457,V,680,598,-1
1788815676.8436,599489,KEYUP,,,
1788815676.8921,599471,V,656,577,3827
1788815676.8923,599479,V,672,591,-1
1788815676.8923,599487,V,660,580,-1
1788815676.8923,599495,V,639,562,-1
1788815676.8923,599503,V,657,577,-1
1788815676.8923,599511,V,650,571,-1
1788815676.9410,599525,V,602,529,3828
1788815676.9410,599533,V,608,534,-1
1788815676.9410,599541,V,610,536,-1
1788815676.9410,599549,V,603,530,-1
1788815676.9411,599557,V,596,524,-1
1788815676.9411,599565,V,590,519,-1
1788815676.9888,599578,V,596,524,3829
1788815676.9889,599586,V,574,504,-1
1788815676.9889,599594,V,568,499,-1
1788815676.9889,599602,V,581,511,-1
1788815676.9889,599610,V,582,512,-1
1788815676.9889,599618,V,570,501,-1
1788815677.0384,599632,V,558,490,3830
1788815677.0384,599640,V,535,470,-1
1788815677.0384,599648,V,545,479,-1
1788815677.0384,599656,V,541,475,-1
1788815677.0385,599664,V,561,493,-1
1788815677.0385,599672,V,548,482,-1
1788815677.0873,599686,V,552,485,3831
1788815677.0874,599694,V,537,472,-1
1788815677.0874,599702,V,547,481,-1
1788815677.0874,599710,V,532,468,-1
1788815677.0874,599718,V,519,456,-1
1788815677.0874,599726,V,534,469,-1
1788815677.1842,599740,V,516,454,3832
1788815677.1843,599748,V,526,462,-1
1788815677.1843,599756,V,524,461,-1
1788815677.1844,599764,V,544,478,-1
1788815677.1844,599772,V,535,470,-1
1788815677.1844,599780,V,536,471,-1
1788815677.2822,599794,V,546,480,3833
1788815677.2822,599802,V,529,465,-1
1788815677.2822,599810,V,539,474,-1
1788815677.2822,599818,V,524,461,-1
1788815677.2822,599826,V,511,449,-1
1788815677.2822,599834,V,536,471,-1
1788815677.2831,599847,V,558,490,3834
1788815677.2831,599855,V,517,454,-1
1788815677.2831,599863,V,546,480,-1
1788815677.2831,599871,V,562,494,-1
1788815677.2831,599879,V,537,472,-1
1788815677.2831,599887,V,527,463,-1
1788815677.3296,599901,V,545,479,3835
1788815677.3296,599909,V,553,486,-1
1788815677.3296,599917,V,563,495,-1
1788815677.3296,599925,V,528,464,-1
1788815677.3297,599933,V,527,463,-1
1788815677.3297,599941,V,537,472,-1
1788815677.3784,599955,V,531,467,3836
1788815677.3785,599963,V,542,476,-1
1788815677.3785,599971,V,540,475,-1
1788815677.3785,599979,V,547,481,-1
1788815677.3785,599987,V,565,497,-1
1788815677.3785,599995,V,555,488,-1
1788815677.4272,600008,V,547,481,3837
1788815677.4273,600016,V,542,476,-1
1788815677.4273,600024,V,559,491,-1
1788815677.4273,600032,V,571,502,-1
1788815677.4273,600040,V,539,474,-1
1788815677.4273,600048,V,558,490,-1
1788815677.4779,600062,V,546,480,3838
1788815677.4779,600070,V,582,512,-1
1788815677.4779,600078,V,556,489,-1
1788815677.4779,600086,V,569,500,-1
1788815677.4779,600094,V,583,512,-1
1788815677.4779,600102,V,588,517,-1
1788815677.5247,600116,V,591,519,3839
1788815677.5248,600124,V,571,502,-1
1788815677.5248,600132,V,584,513,-1
1788815677.5248,600140,V,567,498,-1
1788815677.5249,600148,V,596,524,-1
1788815677.5249,600156,V,590,519,-1
1788815677.5734,600170,V,593,521,3840
1788815677.5734,600178,V,608,534,-1
1788815677.5734,600186,V,586,515,-1
1788815677.5734,600194,V,609,535,-1
1788815677.5734,600202,V,619,544,-1
1788815677.5734,600210,V,624,548,-1
1788815677.6218,600223,V,631,555,3841
1788815677.6218,600231,V,620,545,-1
1788815677.6219,600239,V,629,553,-1
1788815677.6219,600247,V,652,573,-1
1788815677.6219,600255,V,648,570,-1
1788815677.6219,600263,V,654,575,-1
1788815677.7197,600277,V,658,578,3842
1788815677.7197,600285,V,669,588,-1
1788815677.7197,600293,V,674,592,-1
1788815677.7197,600301,V,688,605,-1
1788815677.7197,600309,V,696,612,-1
1788815677.7197,600317,V,694,610,-1
1788815677.7685,600331,V,708,622,3843
1788815677.7685,600339,V,730,642,-1
1788815677.7685,600347,V,726,638,-1
1788815677.7685,600355,V,743,653,-1
1788815677.7685,600363,V,750,659,-1
1788815677.7685,600371,V,762,670,-1
1788815677.8177,600385,V,764,671,3844
1788815677.8177,600393,V,773,679,-1
1788815677.8177,600401,V,776,682,-1
1788815677.8178,600409,V,790,694,-1
1788815677.8178,600417,V,793,697,-1
1788815677.8178,600425,V,810,712,-1
1788815677.8662,600438,V,813,715,3845
1788815677.8662,600446,V,823,723,-1
1788815677.8662,600454,V,828,728,-1
1788815677.8662,600462,V,836,735,-1
1788815677.8662,600470,V,839,737,-1
1788815677.8662,600478,V,840,738,-1
1788815677.9168,600492,V,862,758,3846
1788815677.9168,600500,V,874,768,-1
1788815677.9169,600508,V,883,776,-1
1788815677.9169,600516,V,917,806,-1
1788815677.9169,600524,V,1127,991,-1
1788815677.9169,600532,V,1167,1026,-1
1788815677.9638,600546,V,1177,1034,3847
1788815677.9640,600554,V,1183,1040,-1
1788815677.9640,600562,V,1185,1042,-1
1788815677.9640,600570,V,1178,1035,-1
1788815677.9640,600578,V,1174,1032,-1
1788815677.9640,600586,V,1157,1017,-1
1788815678.0126,600636,KEYDOWN,,,
1788815678.0135,600599,V,1148,1009,3848
1788815678.0135,600607,V,1136,998,-1
1788815678.0135,600615,V,1139,1001,-1
1788815678.0135,600623,V,1155,1015,-1
1788815678.0136,600631,V,1174,1032,-1
1788815678.0136,600639,V,1187,1043,-1
1788815678.0628,600653,V,1201,1056,3849
1788815678.0628,600661,V,1209,1063,-1
1788815678.0628,600669,V,1214,1067,-1
1788815678.0628,600677,V,1221,1073,-1
1788815678.0628,600685,V,1223,1075,-1
1788815678.0628,600693,V,1227,1078,-1
1788815678.1100,600707,V,1230,1081,3850
1788815678.1100,600715,V,1232,1083,-1
1788815678.1100,600723,V,1231,1082,-1
1788815678.1100,600731,V,1229,1080,-1
1788815678.1101,600739,V,1226,1078,-1
1788815678.1101,600747,V,1222,1074,-1
1788815678.1586,600761,V,1217,1070,3851
1788815678.1586,600769,V,1212,1065,-1
1788815678.1586,600777,V,1208,1062,-1
1788815678.1587,600785,V,1205,1059,-1
1788815678.1587,600793,V,1208,1062,-1
1788815678.1587,600801,V,1206,1060,-1
1788815678.2561,600815,V,1210,1063,3852
1788815678.2562,600823,V,1209,1063,-1
1788815678.2562,600831,V,1210,1063,-1
1788815678.2562,600839,V,1214,1067,-1
1788815678.2562,600847,V,1216,1069,-1
1788815678.2562,600855,V,1220,1072,-1
1788815678.3045,600869,V,1224,1076,3853
1788815678.3046,600877,V,1226,1078,-1
1788815678.3046,600885,V,1223,1075,-1
1788815678.3046,600893,V,1223,1075,-1
1788815678.3046,600901,V,1223,1075,-1
1788815678.3046,600909,V,1215,1068,-1
1788815678.3533,600922,V,1211,1064,3854
1788815678.3533,600930,V,1211,1064,-1
1788815678.3533,600938,V,1207,1061,-1
1788815678.3533,600946,V,1205,1059,-1
1788815678.3533,600954,V,1201,1056,-1
1788815678.3533,600962,V,1198,1053,-1
1788815678.4017,600976,V,1195,1050,3855
1788815678.4017,600984,V,1190,1046,-1
1788815678.4017,600992,V,1189,1045,-1
1788815678.4018,601000,V,1190,1046,-1
1788815678.4018,601008,V,1188,1044,-1
1788815678.4018,601016,V,1190,1046,-1
1788815678.4512,601030,V,1189,1045,3856
1788815678.4512,601038,V,1195,1050,-1
1788815678.4512,601046,V,1196,1051,-1
1788815678.4512,601054,V,1194,1049,-1
1788815678.4512,601062,V,1196,1051,-1
1788815678.4513,601070,V,1199,1054,-1
1788815678.4997,601084,V,1198,1053,3857
1788815678.4998,601092,V,1199,1054,-1
1788815678.4999,601100,V,1199,1054,-1
1788815678.4999,601108,V,1202,1056,-1
1788815678.4999,601116,V,1203,1057,-1
1788815678.4999,601124,V,1202,1056,-1
1788815678.5482,601137,V,1203,1057,3858
1788815678.5482,601145,V,1203,1057,-1
1788815678.5482,601153,V,1200,1055,-1
1788815678.5482,601161,V,1199,1054,-1
1788815678.5482,601169,V,1195,1050,-1
1788815678.5482,601177,V,1194,1049,-1
1788815678.5972,601191,V,1192,1048,3859
1788815678.5972,601199,V,1188,1044,-1
1788815678.5972,601207,V,1180,1037,-1
1788815678.5972,601215,V,1181,1038,-1
1788815678.5972,601223,V,1178,1035,-1
1788815678.5972,601231,V,1176,1034,-1
1788815678.6462,601245,V,1170,1028,3860
1788815678.6462,601253,V,1166,1025,-1
1788815678.6462,601261,V,1157,1017,-1
1788815678.6462,601269,V,1141,1003,-1
1788815678.6462,601277,V,1123,987,-1
1788815678.6463,601285,V,1094,962,-1
1788815678.7437,601299,V,1040,914,3861
1788815678.7439,601307,V,942,828,-1
1788815678.7439,601315,V,895,787,-1
1788815678.7439,601323,V,877,771,-1
1788815678.7439,601331,V,869,764,-1
1788815678.7439,601339,V,853,750,-1
1788815678.7926,601353,V,844,742,3862
1788815678.7926,601361,V,821,722,-1
1788815678.7926,601369,V,819,720,-1
1788815678.7926,601377,V,816,717,-1
1788815678.7926,601385,V,803,706,-1
1788815678.7927,601393,V,788,693,-1
1788815678.8411,601406,V,783,688,3863
1788815678.8411,601414,V,773,679,-1
1788815678.8411,601422,V,776,682,-1
1788815678.8411,601430,V,771,678,-1
1788815678.8411,601438,V,759,667,-1
1788815678.8412,601446,V,754,663,-1
1788815678.8900,601460,V,743,653,3864
1788815678.8900,601468,V,727,639,-1
1788815678.8900,601476,V,713,627,-1
1788815678.8900,601484,V,709,623,-1
1788815678.8900,601492,V,702,617,-1
1788815678.8900,601500,V,695,611,-1
1788815678.8919,601524,KEYUP,,,
1788815678.9399,601514,V,681,599,3865
1788815678.9399,601522,V,677,595,-1
1788815678.9399,601530,V,671,590,-1
1788815678.9399,601538,V,639,562,-1
1788815678.9399,601546,V,635,558,-1
1788815678.9399,601554,V,642,564,-1
1788815678.9869,601568,V,640,563,3866
1788815678.9869,601576,V,626,550,-1
1788815678.9869,601584,V,619,544,-1
1788815678.9869,601592,V,611,537,-1
1788815678.9869,601600,V,593,521,-1
1788815678.9869,601608,V,593,521,-1
1788815679.0358,601622,V,590,519,3867
1788815679.0358,601630,V,587,516,-1
1788815679.0358,601638,V,595,523,-1
1788815679.0358,601646,V,587,516,-1
1788815679.0358,601654,V,592,520,-1
1788815679.0358,601662,V,587,516,-1
1788815679.0852,601675,V,566,497,3868
1788815679.0853,601683,V,577,507,-1
1788815679.0853,601691,V,562,494,-1
1788815679.0853,601699,V,576,506,-1
1788815679.0853,601707,V,543,477,-1
1788815679.0853,601715,V,567,498,-1
1788815679.1338,601729,V,579,509,3869
1788815679.1338,601737,V,559,491,-1
1788815679.1338,601745,V,540,475,-1
1788815679.1338,601753,V,547,481,-1
1788815679.1338,601761,V,549,483,-1
1788815679.1338,601769,V,554,487,-1
1788815679.1822,601783,V,547,481,3870
1788815679.1823,601791,V,529,465,-1
1788815679.1823,601799,V,553,486,-1
1788815679.1823,601807,V,551,484,-1
1788815679.1823,601815,V,550,483,-1
1788815679.1823,601823,V,545,479,-1
1788815679.2798,601837,V,553,486,3871
1788815679.2799,601845,V,550,483,-1
1788815679.2799,601853,V,545,479,-1
1788815679.2800,601861,V,535,470,-1
1788815679.2800,601869,V,540,475,-1
1788815679.2800,601877,V,566,497,-1
1788815679.3288,601890,V,553,486,3872
1788815679.3288,601898,V,543,477,-1
1788815679.3288,601906,V,547,481,-1
1788815679.3289,601914,V,553,486,-1
1788815679.3289,601922,V,565,497,-1
1788815679.3289,601930,V,544,478,-1
1788815679.3772,601944,V,571,502,3873
1788815679.3772,601952,V,559,491,-1
1788815679.3772,601960,V,562,494,-1
1788815679.3773,601968,V,562,494,-1
1788815679.3773,601976,V,568,499,-1
1788815679.3773,601984,V,553,486,-1
1788815679.4268,601998,V,564,496,3874
1788815679.4268,602006,V,591,519,-1
1788815679.4268,602014,V,599,526,-1
1788815679.4268,602022,V,581,511,-1
1788815679.4268,602030,V,596,524,-1
1788815679.4268,602038,V,590,519,-1
1788815679.4746,602052,V,595,523,3875
1788815679.4747,602060,V,586,515,-1
1788815679.4747,602068,V,614,540,-1
1788815679.4747,602076,V,599,526,-1
1788815679.4747,602084,V,604,531,-1
1788815679.4747,602092,V,602,529,-1
1788815679.5235,602105,V,627,551,3876
1788815679.5237,602113,V,639,562,-1
1788815679.5237,602121,V,617,542,-1
1788815679.5237,602129,V,631,555,-1
1788815679.5237,602137,V,628,552,-1
1788815679.5237,602145,V,650,571,-1
1788815679.6219,602159,V,650,571,3877
1788815679.6219,602167,V,641,563,-1
1788815679.6219,602175,V,668,587,-1
1788815679.6219,602183,V,663,583,-1
1788815679.6219,602191,V,671,590,-1
1788815679.6219,602199,V,668,587,-1
1788815679.6227,602213,V,673,592,3878
1788815679.6227,602221,V,686,603,-1
1788815679.6227,602229,V,691,607,-1
1788815679.6227,602237,V,706,621,-1
1788815679.6228,602245,V,715,628,-1
1788815679.6228,602253,V,717,630,-1
1788815679.6697,602266,V,715,628,3879
1788815679.6697,602274,V,730,642,-1
1788815679.6697,602282,V,727,639,-1
1788815679.6697,602290,V,737,648,-1
1788815679.6697,602298,V,747,657,-1
1788815679.6697,602306,V,754,663,-1
1788815679.7186,602320,V,760,668,3880
1788815679.7186,602328,V,756,664,-1
1788815679.7186,602336,V,768,675,-1
1788815679.7186,602344,V,771,678,-1
1788815679.7186,602352,V,792,696,-1
1788815679.7186,602360,V,791,695,-1
1788815679.8159,602374,V,797,700,3881
1788815679.8160,602382,V,801,704,-1
1788815679.8160,602390,V,801,704,-1
1788815679.8160,602398,V,810,712,-1
1788815679.8160,602406,V,831,730,-1
1788815679.8160,602414,V,829,729,-1
1788815679.8652,602428,V,839,737,3882
1788815679.8653,602436,V,841,739,-1
1788815679.8653,602444,V,848,745,-1
1788815679.8653,602452,V,862,758,-1
1788815679.8653,602460,V,872,766,-1
1788815679.8653,602468,V,877,771,-1
1788815679.9144,602481,V,920,809,3883
1788815679.9144,602489,V,1110,976,-1
1788815679.9144,602497,V,1161,1020,-1
1788815679.9144,602505,V,1179,1036,-1
1788815679.9144,602513,V,1188,1044,-1
1788815679.9144,602521,V,1190,1046,-1
1788815679.9635,602535,V,1191,1047,3884
1788815679.9636,602543,V,1196,1051,-1
1788815679.9636,602551,V,1196,1051,-1
1788815679.9636,602559,V,1199,1054,-1
1788815679.9636,602567,V,1199,1054,-1
1788815679.9636,602575,V,1202,1056,-1
1788815679.9645,602599,KEYDOWN,,,
1788815680.0118,602589,V,1204,1058,3885
1788815680.0118,602597,V,1204,1058,-1
1788815680.0118,602605,V,1201,1056,-1
1788815680.0118,602613,V,1202,1056,-1
1788815680.0118,602621,V,1204,1058,-1
1788815680.0118,602629,V,1201,1056,-1
1788815680.0602,602643,V,1200,1055,3886
1788815680.0604,602651,V,1198,1053,-1
1788815680.0604,602659,V,1200,1055,-1
1788815680.0604,602667,V,1199,1054,-1
1788815680.0604,602675,V,1198,1053,-1
1788815680.0604,602683,V,1196,1051,-1
1788815680.1089,602697,V,1198,1053,3887
1788815680.1089,602705,V,1199,1054,-1
1788815680.1089,602713,V,1199,1054,-1
1788815680.1089,602721,V,1200,1055,-1
1788815680.1090,602729,V,1200,1055,-1
1788815680.1090,602737,V,1200,1055,-1
1788815680.1575,602750,V,1202,1056,3888
1788815680.1575,602758,V,1203,1057,-1
1788815680.1576,602766,V,1202,1056,-1
1788815680.1576,602774,V,1201,1056,-1
1788815680.1576,602782,V,1205,1059,-1
1788815680.1576,602790,V,1204,1058,-1
1788815680.2057,602804,V,1201,1056,3889
1788815680.2057,602812,V,1203,1057,-1
1788815680.2057,602820,V,1203,1057,-1
1788815680.2057,602828,V,1204,1058,-1
1788815680.2057,602836,V,1203,1057,-1
1788815680.2057,602844,V,1206,1060,-1
1788815680.3036,602858,V,1204,1058,3890
1788815680.3037,602866,V,1202,1056,-1
1788815680.3037,602874,V,1205,1059,-1
1788815680.3038,602882,V,1206,1060,-1
1788815680.3038,602890,V,1207,1061,-1
1788815680.3038,602898,V,1208,1062,-1
1788815680.3525,602912,V,1206,1060,3891
1788815680.3525,602920,V,1204,1058,-1
1788815680.3525,602928,V,1207,1061,-1
1788815680.3525,602936,V,1206,1060,-1
1788815680.3525,602944,V,1202,1056,-1
1788815680.3525,602952,V,1206,1060,-1
1788815680.4011,602965,V,1203,1057,3892
1788815680.4011,602973,V,1206,1060,-1
1788815680.4011,602981,V,1203,1057,-1
1788815680.4011,602989,V,1204,1058,-1
1788815680.4011,602997,V,1203,1057,-1
1788815680.4011,603005,V,1203,1057,-1
1788815680.4498,603019,V,1204,1058,3893
1788815680.4498,603027,V,1204,1058,-1
1788815680.4498,603035,V,1205,1059,-1
1788815680.4498,603043,V,1204,1058,-1
1788815680.4498,603051,V,1204,1058,-1
1788815680.4498,603059,V,1204,1058,-1
1788815680.5474,603073,V,1205,1059,3894
1788815680.5475,603081,V,1204,1058,-1
1788815680.5475,603089,V,1204,1058,-1
1788815680.5475,603097,V,1204,1058,-1
1788815680.5475,603105,V,1201,1056,-1
1788815680.5476,603113,V,1201,1056,-1
1788815680.5489,603127,V,1201,1056,3895
1788815680.5489,603135,V,1200,1055,-1
1788815680.5489,603143,V,1200,1055,-1
1788815680.5489,603151,V,1201,1056,-1
1788815680.5489,603159,V,1198,1053,-1
1788815680.5489,603167,V,1198,1053,-1
1788815680.5963,603180,V,1198,1053,3896
1788815680.5963,603188,V,1196,1051,-1
1788815680.5963,603196,V,1194,1049,-1
1788815680.5963,603204,V,1196,1051,-1
1788815680.5963,603212,V,1192,1048,-1
1788815680.5963,603220,V,1190,1046,-1
1788815680.6447,603234,V,1187,1043,3897
1788815680.6447,603242,V,1185,1042,-1
1788815680.6447,603250,V,1183,1040,-1
1788815680.6447,603258,V,1177,1034,-1
1788815680.6447,603266,V,1175,1033,-1
1788815680.6448,603274,V,1167,1026,-1
1788815680.6934,603288,V,1158,1018,3898
1788815680.6934,603296,V,1139,1001,-1
1788815680.6934,603304,V,1053,925,-1
1788815680.6935,603312,V,915,804,-1
1788815680.6935,603320,V,878,772,-1
1788815680.6935,603328,V,863,758,-1
1788815680.7423,603341,V,847,744,3899
1788815680.7423,603349,V,834,733,-1
1788815680.7423,603357,V,828,728,-1
1788815680.7423,603365,V,813,715,-1
1788815680.7423,603373,V,807,709,-1
1788815680.7423,603381,V,785,690,-1
1788815680.8397,603395,V,784,689,3900
1788815680.8398,603403,V,775,681,-1
1788815680.8398,603411,V,768,675,-1
1788815680.8398,603419,V,755,664,-1
1788815680.8399,603427,V,749,658,-1
1788815680.8399,603435,V,727,639,-1
1788815680.8893,603449,V,732,643,3901
1788815680.8893,603457,V,715,628,-1
1788815680.8893,603465,V,719,632,-1
1788815680.8893,603473,V,695,611,-1
1788815680.8893,603481,V,696,612,-1
1788815680.8893,603489,V,692,608,-1
1788815680.8908,603512,KEYUP,,,
1788815680.9399,603503,V,687,604,3902
1788815680.9400,603511,V,683,600,-1
1788815680.9400,603519,V,680,598,-1
1788815680.9400,603527,V,655,576,-1
1788815680.9400,603535,V,647,569,-1
1788815680.9400,603543,V,637,560,-1
1788815680.9861,603557,V,646,568,3903
1788815680.9861,603565,V,617,542,-1
1788815680.9862,603573,V,617,542,-1
1788815680.9862,603581,V,627,551,-1
1788815680.9862,603589,V,609,535,-1
1788815680.9862,603597,V,599,526,-1
1788815681.0352,603610,V,587,516,3904
1788815681.0353,603618,V,571,502,-1
1788815681.0353,603626,V,590,519,-1
1788815681.0353,603634,V,589,518,-1
1788815681.0353,603642,V,590,519,-1
1788815681.0354,603650,V,561,493,-1
1788815681.0834,603664,V,567,498,3905
1788815681.0836,603672,V,565,497,-1
1788815681.0836,603680,V,570,501,-1
1788815681.0836,603688,V,578,508,-1
1788815681.0836,603696,V,576,506,-1
1788815681.0836,603704,V,560,492,-1
1788815681.1334,603718,V,557,490,3906
1788815681.1335,603726,V,552,485,-1
1788815681.1335,603734,V,579,509,-1
1788815681.1335,603742,V,570,501,-1
1788815681.1335,603750,V,550,483,-1
1788815681.1335,603758,V,593,521,-1
1788815681.1810,603772,V,540,475,3907
1788815681.1810,603780,V,597,525,-1
1788815681.1810,603788,V,582,512,-1
1788815681.1811,603796,V,562,494,-1
1788815681.1811,603804,V,548,482,-1
1788815681.1811,603812,V,562,494,-1
1788815681.2297,603825,V,562,494,3908
1788815681.2297,603833,V,540,475,-1
1788815681.2297,603841,V,582,512,-1
1788815681.2297,603849,V,565,497,-1
1788815681.2297,603857,V,545,479,-1
1788815681.2298,603865,V,554,487,-1
1788815681.2783,603879,V,561,493,3909
1788815681.2784,603887,V,562,494,-1
1788815681.2784,603895,V,571,502,-1
1788815681.2784,603903,V,556,489,-1
1788815681.2784,603911,V,553,486,-1
1788815681.2784,603919,V,589,518,-1
1788815681.3758,603933,V,589,518,3910
1788815681.3759,603941,V,573,504,-1
1788815681.3759,603949,V,579,509,-1
1788815681.3759,603957,V,580,510,-1
1788815681.3760,603965,V,593,521,-1
1788815681.3760,603973,V,585,514,-1
1788815681.4251,603986,V,567,498,3911
1788815681.4251,603994,V,585,514,-1
1788815681.4251,604002,V,579,509,-1
1788815681.4252,604010,V,608,534,-1
1788815681.4252,604018,V,599,526,-1
1788815681.4252,604026,V,602,529,-1
1788815681.4737,604040,V,591,519,3912
1788815681.4737,604048,V,601,528,-1
1788815681.4737,604056,V,609,535,-1
1788815681.4737,604064,V,618,543,-1
1788815681.4738,604072,V,604,531,-1
1788815681.4738,604080,V,621,546,-1
1788815681.5226,604094,V,615,541,3913
1788815681.5226,604102,V,633,556,-1
1788815681.5226,604110,V,617,542,-1
1788815681.5226,604118,V,636,559,-1
1788815681.5226,604126,V,640,563,-1
1788815681.5226,604134,V,636,559,-1
1788815681.5712,604147,V,640,563,3914
1788815681.5713,604155,V,644,566,-1
1788815681.5713,604163,V,653,574,-1
1788815681.5713,604171,V,649,570,-1
1788815681.5713,604179,V,662,582,-1
1788815681.5713,604187,V,664,584,-1
1788815681.6208,604201,V,661,581,3915
1788815681.6209,604209,V,674,592,-1
1788815681.6210,604217,V,697,613,-1
1788815681.6210,604225,V,689,606,-1
1788815681.6210,604233,V,682,599,-1
1788815681.6210,604241,V,683,600,-1
1788815681.6690,604255,V,705,620,3916
1788815681.6690,604263,V,695,611,-1
1788815681.6690,604271,V,716,629,-1
1788815681.6690,604279,V,708,622,-1
1788815681.6690,604287,V,716,629,-1
1788815681.6691,604295,V,719,632,-1
1788815681.7170,604309,V,719,632,3917
1788815681.7171,604317,V,726,638,-1
1788815681.7171,604325,V,744,654,-1
1788815681.7171,604333,V,733,644,-1
1788815681.7171,604341,V,735,646,-1
1788815681.7171,604349,V,741,651,-1
1788815681.7668,604362,V,749,658,3918
1788815681.7668,604370,V,753,662,-1
1788815681.7669,604378,V,758,666,-1
1788815681.7669,604386,V,752,661,-1
1788815681.7669,604394,V,767,674,-1
1788815681.7669,604402,V,771,678,-1
1788815681.8156,604416,V,774,680,3919
1788815681.8157,604424,V,775,681,-1
1788815681.8157,604432,V,775,681,-1
1788815681.8157,604440,V,781,686,-1
1788815681.8157,604448,V,785,690,-1
1788815681.8157,604456,V,793,697,-1
1788815681.9137,604470,V,802,705,3920
1788815681.9138,604478,V,801,704,-1
1788815681.9139,604486,V,806,708,-1
1788815681.9139,604494,V,799,702,-1
1788815681.9139,604502,V,818,719,-1
1788815681.9139,604510,V,809,711,-1
1788815681.9651,604524,V,822,722,3921
1788815681.9651,604532,V,826,726,-1
1788815681.9651,604540,V,833,732,-1
1788815681.9651,604548,V,833,732,-1
1788815681.9651,604556,V,844,742,-1
1788815681.9651,604564,V,844,742,-1
1788815682.0107,604577,V,853,750,3922
1788815682.0107,604585,V,870,765,-1
1788815682.0108,604593,V,891,783,-1
1788815682.0108,604601,V,923,811,-1
1788815682.0108,604609,V,1103,969,-1
1788815682.0108,604617,V,1153,1013,-1
1788815682.0606,604631,V,1170,1028,3923
1788815682.0607,604639,V,1176,1034,-1
1788815682.0607,604647,V,1182,1039,-1
1788815682.0607,604655,V,1184,1041,-1
1788815682.0607,604663,V,1186,1042,-1
1788815682.0607,604671,V,1190,1046,-1
1788815682.1571,604721,KEYDOWN,,,
1788815682.1584,604685,V,1190,1046,3924
1788815682.1586,604693,V,1193,1049,-1
1788815682.1586,604701,V,1193,1049,-1
1788815682.1586,604709,V,1196,1051,-1
1788815682.1586,604717,V,1195,1050,-1
1788815682.1587,604725,V,1195,1050,-1
1788815682.1589,604739,V,1196,1051,3925
1788815682.1589,604747,V,1196,1051,-1
1788815682.1589,604755,V,1195,1050,-1
1788815682.1589,604763,V,1194,1049,-1
1788815682.1589,604771,V,1192,1048,-1
1788815682.1589,604779,V,1191,1047,-1
1788815682.2051,604792,V,1193,1049,3926
1788815682.2051,604800,V,1192,1048,-1
1788815682.2051,604808,V,1192,1048,-1
1788815682.2051,604816,V,1194,1049,-1
1788815682.2052,604824,V,1193,1049,-1
1788815682.2052,604832,V,1194,1049,-1
1788815682.2537,604846,V,1194,1049,3927
1788815682.2537,604854,V,1191,1047,-1
1788815682.2537,604862,V,1196,1051,-1
1788815682.2537,604870,V,1194,1049,-1
1788815682.2537,604878,V,1196,1051,-1
1788815682.2537,604886,V,1192,1048,-1
1788815682.3031,604900,V,1190,1046,3928
1788815682.3031,604908,V,1192,1048,-1
1788815682.3031,604916,V,1190,1046,-1
1788815682.3031,604924,V,1191,1047,-1
1788815682.3031,604932,V,1190,1046,-1
1788815682.3031,604940,V,1192,1048,-1
1788815682.3518,604954,V,1190,1046,3929
1788815682.3519,604962,V,1189,1045,-1
1788815682.3519,604970,V,1191,1047,-1
1788815682.3519,604978,V,1192,1048,-1
1788815682.3519,604986,V,1193,1049,-1
1788815682.3519,604994,V,1193,1049,-1
1788815682.4495,605008,V,1191,1047,3930
1788815682.4497,605016,V,1192,1048,-1
1788815682.4497,605024,V,1190,1046,-1
1788815682.4497,605032,V,1193,1049,-1
1788815682.4497,605040,V,1193,1049,-1
1788815682.4497,605048,V,1191,1047,-1
1788815682.4985,605061,V,1193,1049,3931
1788815682.4985,605069,V,1190,1046,-1
1788815682.4985,605077,V,1192,1048,-1
1788815682.4985,605085,V,1191,1047,-1
1788815682.4985,605093,V,1193,1049,-1
1788815682.4985,605101,V,1191,1047,-1
1788815682.5462,605115,V,1192,1048,3932
1788815682.5463,605123,V,1191,1047,-1
1788815682.5463,605131,V,1190,1046,-1
1788815682.5463,605139,V,1193,1049,-1
1788815682.5463,605147,V,1193,1049,-1
1788815682.5463,605155,V,1189,1045,-1
1788815682.5953,605169,V,1194,1049,3933
1788815682.5953,605177,V,1189,1045,-1
1788815682.5953,605185,V,1190,1046,-1
1788815682.5953,605193,V,1192,1048,-1
1788815682.5953,605201,V,1191,1047,-1
1788815682.5953,605209,V,1191,1047,-1
1788815682.6435,605223,V,1190,1046,3934
1788815682.6435,605231,V,1189,1045,-1
1788815682.6435,605239,V,1190,1046,-1
1788815682.6435,605247,V,1190,1046,-1
1788815682.6435,605255,V,1187,1043,-1
1788815682.6435,605263,V,1186,1042,-1
1788815682.6921,605276,V,1187,1043,3935
1788815682.6922,605284,V,1183,1040,-1
1788815682.6922,605292,V,1186,1042,-1
1788815682.6922,605300,V,1184,1041,-1
1788815682.6922,605308,V,1180,1037,-1
1788815682.6922,605316,V,1177,1034,-1
1788815682.7409,605330,V,1175,1033,3936
1788815682.7409,605338,V,1172,1030,-1
1788815682.7409,605346,V,1166,1025,-1
1788815682.7409,605354,V,1165,1024,-1
1788815682.7409,605362,V,1158,1018,-1
1788815682.7409,605370,V,1149,1010,-1
1788815682.7894,605384,V,1123,987,3937
1788815682.7894,605392,V,969,852,-1
1788815682.7894,605400,V,893,785,-1
1788815682.7894,605408,V,858,754,-1
1788815682.7894,605416,V,846,744,-1
1788815682.7894,605424,V,824,724,-1
1788815682.8392,605437,V,819,720,3938
1788815682.8392,605445,V,812,714,-1
1788815682.8392,605453,V,803,706,-1
1788815682.8392,605461,V,784,689,-1
1788815682.8392,605469,V,790,694,-1
1788815682.8392,605477,V,766,673,-1
1788815682.9364,605491,V,764,671,3939
1788815682.9365,605499,V,757,665,-1
1788815682.9365,605507,V,747,657,-1
1788815682.9365,605515,V,729,641,-1
1788815682.9365,605523,V,727,639,-1
1788815682.9365,605531,V,728,640,-1
1788815682.9859,605545,V,709,623,3940
1788815682.9859,605553,V,701,616,-1
1788815682.9859,605561,V,687,604,-1
1788815682.9859,605569,V,685,602,-1
1788815682.9859,605577,V,681,599,-1
1788815682.9859,605585,V,672,591,-1
1788815682.9873,605600,KEYUP,,,
1788815683.0348,605599,V,674,592,3941
1788815683.0348,605607,V,662,582,-1
1788815683.0348,605615,V,631,555,-1
1788815683.0348,605623,V,641,563,-1
1788815683.0348,605631,V,628,552,-1
1788815683.0348,605639,V,620,545,-1
1788815683.0837,605653,V,613,539,3942
1788815683.0840,605661,V,608,534,-1
1788815683.0840,605669,V,599,526,-1
1788815683.0840,605677,V,593,521,-1
1788815683.0840,605685,V,581,511,-1
1788815683.0840,605693,V,586,515,-1
1788815683.1332,605707,V,579,509,3943
1788815683.1332,605715,V,570,501,-1
1788815683.1332,605723,V,564,496,-1
1788815683.1332,605731,V,571,502,-1
1788815683.1333,605739,V,566,497,-1
1788815683.1333,605747,V,565,497,-1
1788815683.1795,605760,V,568,499,3944
1788815683.1796,605768,V,549,483,-1
1788815683.1796,605776,V,561,493,-1
1788815683.1797,605784,V,566,497,-1
1788815683.1797,605792,V,552,485,-1
1788815683.1797,605800,V,561,493,-1
1788815683.2280,605814,V,537,472,3945
1788815683.2281,605822,V,535,470,-1
1788815683.2281,605830,V,520,457,-1
1788815683.2281,605838,V,530,466,-1
1788815683.2281,605846,V,541,475,-1
1788815683.2281,605854,V,534,469,-1
1788815683.2773,605868,V,545,479,3946
1788815683.2774,605876,V,539,474,-1
1788815683.2774,605884,V,560,492,-1
1788815683.2774,605892,V,565,497,-1
1788815683.2774,605900,V,536,471,-1
1788815683.2774,605908,V,531,467,-1
1788815683.3261,605922,V,518,455,3947
1788815683.3261,605930,V,554,487,-1
1788815683.3261,605938,V,528,464,-1
1788815683.3261,605946,V,540,475,-1
1788815683.3261,605954,V,542,476,-1
1788815683.3262,605962,V,545,479,-1
1788815683.3745,605976,V,536,471,3948
1788815683.3745,605984,V,530,466,-1
1788815683.3745,605992,V,547,481,-1
1788815683.3745,606000,V,551,484,-1
1788815683.3746,606008,V,540,475,-1
1788815683.3746,606016,V,546,480,-1
1788815683.4723,606029,V,558,490,3949
1788815683.4725,606037,V,512,450,-1
1788815683.4725,606045,V,552,485,-1
1788815683.4725,606053,V,526,462,-1
1788815683.4725,606061,V,545,479,-1
1788815683.4726,606069,V,551,484,-1
1788815683.5216,606083,V,548,482,3950
1788815683.5216,606091,V,538,473,-1
1788815683.5216,606099,V,548,482,-1
1788815683.5217,606107,V,565,497,-1
1788815683.5217,606115,V,561,493,-1
1788815683.5217,606123,V,522,459,-1
1788815683.5699,606137,V,547,481,3951
1788815683.5700,606145,V,522,459,-1
1788815683.5700,606153,V,540,475,-1
1788815683.5700,606161,V,558,490,-1
1788815683.5700,606169,V,552,485,-1
1788815683.5700,606177,V,560,492,-1
1788815683.6185,606190,V,562,494,3952
1788815683.6185,606198,V,572,503,-1
1788815683.6185,606206,V,575,505,-1
1788815683.6185,606214,V,566,497,-1
1788815683.6185,606222,V,575,505,-1
1788815683.6185,606230,V,552,485,-1
1788815683.6672,606244,V,583,512,3953
1788815683.6672,606252,V,594,522,-1
1788815683.6672,606260,V,570,501,-1
1788815683.6672,606268,V,561,493,-1
1788815683.6672,606276,V,575,505,-1
1788815683.6672,606284,V,573,504,-1
1788815683.8138,606298,V,585,514,3954
1788815683.8140,606306,V,593,521,-1
1788815683.8140,606314,V,592,520,-1
1788815683.8140,606322,V,616,541,-1
1788815683.8140,606330,V,615,541,-1
1788815683.8140,606338,V,611,537,-1
1788815683.8157,606352,V,606,533,3955
1788815683.8158,606360,V,600,527,-1
1788815683.8158,606368,V,612,538,-1
1788815683.8158,606376,V,616,541,-1
1788815683.8158,606384,V,617,542,-1
1788815683.8158,606392,V,630,554,-1
1788815683.8159,606405,V,643,565,3956
1788815683.8160,606413,V,644,566,-1
1788815683.8160,606421,V,637,560,-1
1788815683.8160,606429,V,650,571,-1
1788815683.8160,606437,V,647,569,-1
1788815683.8160,606445,V,660,580,-1
1788815683.8626,606459,V,662,582,3957
1788815683.8626,606467,V,668,587,-1
1788815683.8626,606475,V,681,599,-1
1788815683.8627,606483,V,684,601,-1
1788815683.8627,606491,V,682,599,-1
1788815683.8627,606499,V,685,602,-1
1788815683.9112,606513,V,696,612,3958
1788815683.9112,606521,V,694,610,-1
1788815683.9112,606529,V,700,615,-1
1788815683.9112,606537,V,706,621,-1
1788815683.9112,606545,V,715,628,-1
1788815683.9112,606553,V,726,638,-1
1788815684.0581,606567,V,731,642,3959
1788815684.0588,606575,V,731,642,-1
1788815684.0588,606583,V,731,642,-1
1788815684.0588,606591,V,731,642,-1
1788815684.0588,606599,V,742,652,-1
1788815684.0591,606607,V,743,653,-1
1788815684.0598,606620,V,750,659,3960
1788815684.0598,606628,V,762,670,-1
1788815684.0599,606636,V,760,668,-1
1788815684.0599,606644,V,763,671,-1
1788815684.0599,606652,V,767,674,-1
1788815684.0599,606660,V,773,679,-1
1788815684.1551,606674,V,778,684,3961
1788815684.1552,606682,V,781,686,-1
1788815684.1552,606690,V,794,698,-1
1788815684.1552,606698,V,793,697,-1
1788815684.1552,606706,V,801,704,-1
1788815684.1552,606714,V,801,704,-1
1788815684.1561,606728,V,808,710,3962
1788815684.1561,606736,V,824,724,-1
1788815684.1561,606744,V,820,721,-1
1788815684.1561,606752,V,839,737,-1
1788815684.1561,606760,V,844,742,-1
1788815684.1561,606768,V,853,750,-1
1788815684.2037,606781,V,870,765,3963
1788815684.2037,606789,V,891,783,-1
1788815684.2037,606797,V,1079,948,-1
1788815684.2037,606805,V,1151,1012,-1
1788815684.2037,606813,V,1166,1025,-1
1788815684.2037,606821,V,1174,1032,-1
1788815684.3016,606835,V,1179,1036,3964
1788815684.3018,606843,V,1184,1041,-1
1788815684.3018,606851,V,1183,1040,-1
1788815684.3018,606859,V,1184,1041,-1
1788815684.3018,606867,V,1185,1042,-1
1788815684.3018,606875,V,1187,1043,-1
1788815684.3035,606908,KEYDOWN,,,
1788815684.3038,606889,V,1187,1043,3965
1788815684.3038,606897,V,1183,1040,-1
1788815684.3039,606905,V,1185,1042,-1
1788815684.3039,606913,V,1185,1042,-1
1788815684.3039,606921,V,1187,1043,-1
1788815684.3039,606929,V,1185,1042,-1
1788815684.3503,606943,V,1185,1042,3966
1788815684.3503,606951,V,1185,1042,-1
1788815684.3503,606959,V,1183,1040,-1
1788815684.3503,606967,V,1185,1042,-1
1788815684.3503,606975,V,1184,1041,-1
1788815684.3503,606983,V,1184,1041,-1
1788815684.3985,606997,V,1186,1042,3967
1788815684.3985,607005,V,1187,1043,-1
1788815684.3985,607013,V,1189,1045,-1
1788815684.3985,607021,V,1187,1043,-1
1788815684.3985,607029,V,1186,1042,-1
1788815684.3985,607037,V,1187,1043,-1
1788815684.4962,607050,V,1188,1044,3968
1788815684.4962,607058,V,1188,1044,-1
1788815684.4962,607066,V,1189,1045,-1
1788815684.4962,607074,V,1189,1045,-1
1788815684.4963,607082,V,1188,1044,-1
1788815684.4963,607090,V,1189,1045,-1
1788815684.5479,607104,V,1190,1046,3969
1788815684.5480,607112,V,1188,1044,-1
1788815684.5481,607120,V,1188,1044,-1
1788815684.5481,607128,V,1188,1044,-1
1788815684.5481,607136,V,1188,1044,-1
1788815684.5481,607144,V,1187,1043,-1
1788815684.5939,607158,V,1188,1044,3970
1788815684.5939,607166,V,1190,1046,-1
1788815684.5939,607174,V,1188,1044,-1
1788815684.5939,607182,V,1188,1044,-1
1788815684.5939,607190,V,1189,1045,-1
1788815684.5939,607198,V,1187,1043,-1
1788815684.6427,607212,V,1187,1043,3971
1788815684.6427,607220,V,1191,1047,-1
1788815684.6428,607228,V,1187,1043,-1
1788815684.6428,607236,V,1189,1045,-1
1788815684.6428,607244,V,1190,1046,-1
1788815684.6428,607252,V,1190,1046,-1
1788815684.6911,607265,V,1189,1045,3972
1788815684.6911,607273,V,1190,1046,-1
1788815684.6911,607281,V,1189,1045,-1
1788815684.6911,607289,V,1188,1044,-1
1788815684.6911,607297,V,1187,1043,-1
1788815684.6911,607305,V,1190,1046,-1
1788815684.7402,607319,V,1188,1044,3973
1788815684.7402,607327,V,1186,1042,-1
1788815684.7402,607335,V,1186,1042,-1
1788815684.7402,607343,V,1186,1042,-1
1788815684.7402,607351,V,1185,1042,-1
1788815684.7403,607359,V,1184,1041,-1
1788815684.7886,607373,V,1181,1038,3974
1788815684.7887,607381,V,1177,1034,-1
1788815684.7888,607389,V,1173,1031,-1
1788815684.7888,607397,V,1169,1027,-1
1788815684.7888,607405,V,1156,1016,-1
1788815684.7888,607413,V,1111,976,-1
1788815684.8377,607426,V,962,846,3975
1788815684.8377,607434,V,861,757,-1
1788815684.8378,607442,V,838,737,-1
1788815684.8378,607450,V,822,722,-1
1788815684.8378,607458,V,810,712,-1
1788815684.8378,607466,V,802,705,-1
1788815684.8866,607480,V,792,696,3976
1788815684.8866,607488,V,784,689,-1
1788815684.8866,607496,V,756,664,-1
1788815684.8866,607504,V,756,664,-1
1788815684.8866,607512,V,752,661,-1
1788815684.8866,607520,V,734,645,-1
1788815684.9349,607534,V,732,643,3977
1788815684.9349,607542,V,714,628,-1
1788815684.9349,607550,V,707,621,-1
1788815684.9349,607558,V,704,619,-1
1788815684.9350,607566,V,680,598,-1
1788815684.9350,607574,V,691,607,-1
1788815684.9852,607624,KEYUP,,,
1788815685.0324,607588,V,672,591,3978
1788815685.0325,607596,V,660,580,-1
1788815685.0325,607604,V,671,590,-1
1788815685.0325,607612,V,653,574,-1
1788815685.0325,607620,V,652,573,-1
1788815685.0325,607628,V,643,565,-1
1788815685.0820,607642,V,644,566,3979
1788815685.0821,607650,V,638,561,-1
1788815685.0821,607658,V,640,563,-1
1788815685.0821,607666,V,606,533,-1
1788815685.0821,607674,V,620,545,-1
1788815685.0821,607682,V,617,542,-1
1788815685.1308,607695,V,597,525,3980
1788815685.1308,607703,V,592,520,-1
1788815685.1308,607711,V,590,519,-1
1788815685.1308,607719,V,598,526,-1
1788815685.1308,607727,V,593,521,-1
1788815685.1308,607735,V,565,497,-1
1788815685.1793,607749,V,581,511,3981
1788815685.1793,607757,V,562,494,-1
1788815685.1793,607765,V,578,508,-1
1788815685.1794,607773,V,574,504,-1
1788815685.1794,607781,V,562,494,-1
1788815685.1794,607789,V,556,489,-1
1788815685.2271,607803,V,550,483,3982
1788815685.2271,607811,V,558,490,-1
1788815685.2271,607819,V,557,490,-1
1788815685.2271,607827,V,556,489,-1
1788815685.2271,607835,V,546,480,-1
1788815685.2271,607843,V,550,483,-1
1788815685.2756,607857,V,556,489,3983
1788815685.2756,607865,V,538,473,-1
1788815685.2757,607873,V,531,467,-1
1788815685.2757,607881,V,520,457,-1
1788815685.2757,607889,V,547,481,-1
1788815685.2757,607897,V,546,480,-1
1788815685.3248,607910,V,542,476,3984
1788815685.3248,607918,V,551,484,-1
1788815685.3248,607926,V,523,460,-1
1788815685.3248,607934,V,541,475,-1
1788815685.3248,607942,V,566,497,-1
1788815685.3248,607950,V,544,478,-1
1788815685.3735,607964,V,533,468,3985
1788815685.3735,607972,V,563,495,-1
1788815685.3735,607980,V,540,475,-1
1788815685.3735,607988,V,539,474,-1
1788815685.3735,607996,V,549,483,-1
1788815685.3735,608004,V,537,472,-1
1788815685.4221,608018,V,526,462,3986
1788815685.4221,608026,V,545,479,-1
1788815685.4221,608034,V,536,471,-1
1788815685.4221,608042,V,535,470,-1
1788815685.4221,608050,V,532,468,-1
1788815685.4221,608058,V,548,482,-1
1788815685.4711,608071,V,502,441,3987
1788815685.4711,608079,V,548,482,-1
1788815685.4711,608087,V,556,489,-1
1788815685.4711,608095,V,566,497,-1
1788815685.4711,608103,V,547,481,-1
1788815685.4711,608111,V,538,473,-1
1788815685.5688,608125,V,535,470,3988
1788815685.5689,608133,V,538,473,-1
1788815685.5689,608141,V,547,481,-1
1788815685.5689,608149,V,547,481,-1
1788815685.5689,608157,V,542,476,-1
1788815685.5689,608165,V,558,490,-1
1788815685.6173,608179,V,546,480,3989
1788815685.6174,608187,V,580,510,-1
1788815685.6174,608195,V,560,492,-1
1788815685.6174,608203,V,558,490,-1
1788815685.6174,608211,V,577,507,-1
1788815685.6174,608219,V,573,504,-1
1788815685.6661,608233,V,570,501,3990
1788815685.6662,608241,V,573,504,-1
1788815685.6662,608249,V,568,499,-1
1788815685.6662,608257,V,590,519,-1
1788815685.6662,608265,V,598,526,-1
1788815685.6662,608273,V,595,523,-1
1788815685.7148,608286,V,581,511,3991
1788815685.7148,608294,V,587,516,-1
1788815685.7148,608302,V,605,532,-1
1788815685.7148,608310,V,604,531,-1
1788815685.7148,608318,V,602,529,-1
1788815685.7148,608326,V,614,540,-1
1788815685.7636,608340,V,609,535,3992
1788815685.7636,608348,V,622,547,-1
1788815685.7636,608356,V,633,556,-1
1788815685.7636,608364,V,645,567,-1
1788815685.7636,608372,V,652,573,-1
1788815685.7636,608380,V,650,571,-1
1788815685.8123,608394,V,651,572,3993
1788815685.8124,608402,V,657,577,-1
1788815685.8124,608410,V,684,601,-1
1788815685.8124,608418,V,674,592,-1
1788815685.8124,608426,V,681,599,-1
1788815685.8124,608434,V,677,595,-1
1788815685.8615,608448,V,694,610,3994
1788815685.8616,608456,V,693,609,-1
1788815685.8616,608464,V,700,615,-1
1788815685.8616,608472,V,701,616,-1
1788815685.8616,608480,V,713,627,-1
1788815685.8616,608488,V,726,638,-1
1788815686.0078,608501,V,725,637,3995
1788815686.0078,608509,V,724,636,-1
1788815686.0078,608517,V,723,635,-1
1788815686.0078,608525,V,733,644,-1
1788815686.0078,608533,V,742,652,-1
1788815686.0078,608541,V,748,657,-1
1788815686.0087,608555,V,760,668,3996
1788815686.0088,608563,V,755,664,-1
1788815686.0088,608571,V,760,668,-1
1788815686.0088,608579,V,765,672,-1
1788815686.0088,608587,V,763,671,-1
1788815686.0088,608595,V,773,679,-1
1788815686.0107,608609,V,774,680,3997
1788815686.0107,608617,V,790,694,-1
1788815686.0107,608625,V,796,700,-1
1788815686.0107,608633,V,791,695,-1
1788815686.0108,608641,V,797,700,-1
1788815686.0108,608649,V,809,711,-1
1788815686.1056,608662,V,810,712,3998
1788815686.1058,608670,V,803,706,-1
1788815686.1058,608678,V,818,719,-1
1788815686.1058,608686,V,816,717,-1
1788815686.1058,608694,V,835,734,-1
1788815686.1058,608702,V,829,729,-1
1788815686.1548,608716,V,846,744,3999
1788815686.1548,608724,V,851,748,-1
1788815686.1549,608732,V,857,753,-1
1788815686.1549,608740,V,871,766,-1
1788815686.1549,608748,V,882,775,-1
1788815686.1549,608756,V,892,784,-1
1788815686.2999,608770,V,903,794,4000
1788815686.3000,608778,V,914,803,-1
1788815686.3000,608786,V,983,864,-1
1788815686.3000,608794,V,1103,969,-1
1788815686.3000,608802,V,1137,999,-1
1788815686.3000,608810,V,1156,1016,-1
1788815686.3012,608823,V,1163,1022,4001
1788815686.3012,608831,V,1171,1029,-1
1788815686.3012,608839,V,1174,1032,-1
1788815686.3012,608847,V,1183,1040,-1
1788815686.3012,608855,V,1180,1037,-1
1788815686.3012,608863,V,1182,1039,-1
1788815686.3015,608878,KEYDOWN,,,
1788815686.3485,608877,V,1184,1041,4002
1788815686.3486,608885,V,1186,1042,-1
1788815686.3486,608893,V,1188,1044,-1
1788815686.3486,608901,V,1190,1046,-1
1788815686.3486,608909,V,1190,1046,-1
1788815686.3486,608917,V,1192,1048,-1
1788815686.3498,608931,V,1194,1049,4003
1788815686.3498,608939,V,1196,1051,-1
1788815686.3498,608947,V,1197,1052,-1
1788815686.3498,608955,V,1195,1050,-1
1788815686.3498,608963,V,1197,1052,-1
1788815686.3498,608971,V,1198,1053,-1
1788815686.3976,608985,V,1198,1053,4004
1788815686.3977,608993,V,1198,1053,-1
1788815686.3977,609001,V,1201,1056,-1
1788815686.3977,609009,V,1199,1054,-1
1788815686.3977,609017,V,1198,1053,-1
1788815686.3977,609025,V,1198,1053,-1
1788815686.4463,609039,V,1201,1056,4005
1788815686.4463,609047,V,1198,1053,-1
1788815686.4463,609055,V,1197,1052,-1
1788815686.4463,609063,V,1200,1055,-1
1788815686.4463,609071,V,1200,1055,-1
1788815686.4463,609079,V,1198,1053,-1
1788815686.4946,609092,V,1200,1055,4006
1788815686.4946,609100,V,1201,1056,-1
1788815686.4946,609108,V,1200,1055,-1
1788815686.4946,609116,V,1200,1055,-1
1788815686.4946,609124,V,1201,1056,-1
1788815686.4946,609132,V,1202,1056,-1
1788815686.5435,609146,V,1201,1056,4007
1788815686.5435,609154,V,1202,1056,-1
1788815686.5435,609162,V,1202,1056,-1
1788815686.5435,609170,V,1203,1057,-1
1788815686.5435,609178,V,1200,1055,-1
1788815686.5435,609186,V,1203,1057,-1
1788815686.6413,609200,V,1199,1054,4008
1788815686.6414,609208,V,1202,1056,-1
1788815686.6414,609216,V,1202,1056,-1
1788815686.6415,609224,V,1202,1056,-1
1788815686.6415,609232,V,1202,1056,-1
1788815686.6415,609240,V,1201,1056,-1
1788815686.6911,609253,V,1204,1058,4009
1788815686.6911,609261,V,1203,1057,-1
1788815686.6912,609269,V,1201,1056,-1
1788815686.6912,609277,V,1198,1053,-1
1788815686.6912,609285,V,1205,1059,-1
1788815686.6912,609293,V,1199,1054,-1
1788815686.7384,609307,V,1199,1054,4010
1788815686.7384,609315,V,1198,1053,-1
1788815686.7384,609323,V,1193,1049,-1
1788815686.7384,609331,V,1193,1049,-1
1788815686.7384,609339,V,1188,1044,-1
1788815686.7384,609347,V,1187,1043,-1
1788815686.7872,609361,V,1183,1040,4011
1788815686.7873,609369,V,1177,1034,-1
1788815686.7873,609377,V,1171,1029,-1
1788815686.7873,609385,V,1164,1023,-1
1788815686.7873,609393,V,1148,1009,-1
1788815686.7873,609401,V,1114,979,-1
1788815686.9339,609415,V,1010,888,4012
1788815686.9340,609423,V,885,778,-1
1788815686.9340,609431,V,859,755,-1
1788815686.9340,609439,V,844,742,-1
1788815686.9340,609447,V,830,729,-1
1788815686.9340,609455,V,815,716,-1
1788815686.9848,609468,V,802,705,4013
1788815686.9848,609476,V,799,702,-1
1788815686.9849,609484,V,786,691,-1
1788815686.9849,609492,V,780,686,-1
1788815686.9849,609500,V,759,667,-1
1788815686.9849,609508,V,748,657,-1
1788815686.9852,609522,V,741,651,4014
1788815686.9852,609530,V,727,639,-1
1788815686.9852,609538,V,713,627,-1
1788815686.9852,609546,V,704,619,-1
1788815686.9852,609554,V,691,607,-1
1788815686.9852,609562,V,685,602,-1
1788815686.9853,609621,KEYUP,,,
1788815687.0323,609576,V,684,601,4015
1788815687.0323,609584,V,686,603,-1
1788815687.0324,609592,V,665,584,-1
1788815687.0324,609600,V,655,576,-1
1788815687.0324,609608,V,646,568,-1
1788815687.0324,609616,V,624,548,-1
1788815687.0337,609630,V,638,561,4016
1788815687.0338,609638,V,624,548,-1
1788815687.0339,609646,V,618,543,-1
1788815687.0340,609654,V,603,530,-1
1788815687.0340,609662,V,602,529,-1
1788815687.0340,609670,V,601,528,-1
1788815687.1299,609683,V,589,518,4017
1788815687.1300,609691,V,596,524,-1
1788815687.1300,609699,V,574,504,-1
1788815687.1300,609707,V,574,504,-1
1788815687.1300,609715,V,581,511,-1
1788815687.1300,609723,V,594,522,-1
1788815687.1784,609737,V,568,499,4018
1788815687.1786,609745,V,576,506,-1
1788815687.1786,609753,V,565,497,-1
1788815687.1786,609761,V,529,465,-1
1788815687.1786,609769,V,537,472,-1
1788815687.1786,609777,V,569,500,-1
1788815687.2273,609791,V,541,475,4019
1788815687.2274,609799,V,549,483,-1
1788815687.2274,609807,V,528,464,-1
1788815687.2274,609815,V,532,468,-1
1788815687.2274,609823,V,547,481,-1
1788815687.2274,609831,V,541,475,-1
1788815687.2756,609844,V,539,474,4020
1788815687.2756,609852,V,561,493,-1
1788815687.2756,609860,V,512,450,-1
1788815687.2756,609868,V,544,478,-1
1788815687.2756,609876,V,520,457,-1
1788815687.2756,609884,V,530,466,-1
1788815687.3236,609898,V,532,468,4021
1788815687.3236,609906,V,537,472,-1
1788815687.3236,609914,V,499,439,-1
1788815687.3236,609922,V,544,478,-1
1788815687.3236,609930,V,531,467,-1
1788815687.3236,609938,V,512,450,-1
1788815687.4221,609952,V,532,468,4022
1788815687.4223,609960,V,514,452,-1
1788815687.4223,609968,V,537,472,-1
1788815687.4223,609976,V,531,467,-1
1788815687.4223,609984,V,515,453,-1
1788815687.4223,609992,V,540,475,-1
1788815687.4234,610006,V,539,474,4023
1788815687.4234,610014,V,515,453,-1
1788815687.4234,610022,V,550,483,-1
1788815687.4234,610030,V,517,454,-1
1788815687.4234,610038,V,549,483,-1
1788815687.4234,610046,V,503,442,-1
1788815687.4702,610059,V,523,460,4024
1788815687.4702,610067,V,527,463,-1
1788815687.4702,610075,V,515,453,-1
1788815687.4702,610083,V,536,471,-1
1788815687.4702,610091,V,542,476,-1
1788815687.4702,610099,V,524,461,-1
1788815687.5187,610113,V,533,468,4025
1788815687.5188,610121,V,523,460,-1
1788815687.5188,610129,V,509,447,-1
1788815687.5188,610137,V,524,461,-1
1788815687.5188,610145,V,550,483,-1
1788815687.5188,610153,V,542,476,-1
1788815687.5673,610167,V,588,517,4026
1788815687.5673,610175,V,547,481,-1
1788815687.5673,610183,V,548,482,-1
1788815687.5673,610191,V,572,503,-1
1788815687.5673,610199,V,574,504,-1
1788815687.5673,610207,V,562,494,-1
1788815687.6647,610220,V,572,503,4027
1788815687.6647,610228,V,584,513,-1
1788815687.6647,610236,V,567,498,-1
1788815687.6648,610244,V,574,504,-1
1788815687.6648,610252,V,596,524,-1
1788815687.6648,610260,V,596,524,-1
1788815687.7149,610274,V,597,525,4028
1788815687.7149,610282,V,605,532,-1
1788815687.7149,610290,V,613,539,-1
1788815687.7149,610298,V,613,539,-1
1788815687.7149,610306,V,625,549,-1
1788815687.7149,610314,V,635,558,-1
1788815687.7621,610328,V,634,557,4029
1788815687.7621,610336,V,645,567,-1
1788815687.7621,610344,V,668,587,-1
1788815687.7621,610352,V,644,566,-1
1788815687.7621,610360,V,661,581,-1
1788815687.7621,610368,V,675,593,-1
1788815687.8107,610382,V,685,602,4030
1788815687.8107,610390,V,700,615,-1
1788815687.8107,610398,V,692,608,-1
1788815687.8107,610406,V,701,616,-1
1788815687.8107,610414,V,717,630,-1
1788815687.8107,610422,V,726,638,-1
1788815687.9583,610435,V,723,635,4031
1788815687.9584,610443,V,740,650,-1
1788815687.9584,610451,V,738,649,-1
1788815687.9584,610459,V,751,660,-1
1788815687.9584,610467,V,746,656,-1
1788815687.9585,610475,V,764,671,-1
1788815687.9604,610489,V,765,672,4032
1788815687.9604,610497,V,773,679,-1
1788815687.9604,610505,V,789,693,-1
1788815687.9604,610513,V,783,688,-1
1788815687.9604,610521,V,802,705,-1
1788815687.9604,610529,V,810,712,-1
1788815688.0065,610543,V,820,721,4033
1788815688.0065,610551,V,835,734,-1
1788815688.0066,610559,V,848,745,-1
1788815688.0066,610567,V,877,771,-1
1788815688.0066,610575,V,925,813,-1
1788815688.0066,610583,V,1143,1005,-1
1788815688.0551,610596,V,1170,1028,4034
1788815688.0551,610604,V,1176,1034,-1
1788815688.0551,610612,V,1181,1038,-1
1788815688.0551,610620,V,1182,1039,-1
1788815688.0551,610628,V,1185,1042,-1
1788815688.0551,610636,V,1187,1043,-1
1788815688.1040,610696,KEYDOWN,,,
1788815688.1050,610650,V,1187,1043,4035
1788815688.1050,610658,V,1188,1044,-1
1788815688.1050,610666,V,1192,1048,-1
1788815688.1050,610674,V,1192,1048,-1
1788815688.1050,610682,V,1193,1049,-1
1788815688.1051,610690,V,1193,1049,-1
1788815688.1071,610704,V,1191,1047,4036
1788815688.1071,610712,V,1194,1049,-1
1788815688.1071,610720,V,1195,1050,-1
1788815688.1071,610728,V,1192,1048,-1
1788815688.1071,610736,V,1194,1049,-1
1788815688.1071,610744,V,1197,1052,-1
1788815688.2019,610758,V,1191,1047,4037
1788815688.2021,610766,V,1195,1050,-1
1788815688.2021,610774,V,1196,1051,-1
1788815688.2021,610782,V,1194,1049,-1
1788815688.2021,610790,V,1195,1050,-1
1788815688.2021,610798,V,1195,1050,-1
1788815688.2504,610812,V,1195,1050,4038
1788815688.2504,610820,V,1194,1049,-1
1788815688.2504,610828,V,1192,1048,-1
1788815688.2504,610836,V,1194,1049,-1
1788815688.2504,610844,V,1195,1050,-1
1788815688.2505,610852,V,1192,1048,-1
1788815688.2993,610866,V,1194,1049,4039
1788815688.2993,610874,V,1191,1047,-1
1788815688.2993,610882,V,1193,1049,-1
1788815688.2993,610890,V,1191,1047,-1
1788815688.2993,610898,V,1193,1049,-1
1788815688.2993,610906,V,1191,1047,-1
1788815688.3482,610919,V,1193,1049,4040
1788815688.3482,610927,V,1191,1047,-1
1788815688.3483,610935,V,1193,1049,-1
1788815688.3483,610943,V,1193,1049,-1
1788815688.3483,610951,V,1191,1047,-1
1788815688.3483,610959,V,1189,1045,-1
1788815688.3960,610973,V,1188,1044,4041
1788815688.3961,610981,V,1192,1048,-1
1788815688.3961,610989,V,1190,1046,-1
1788815688.3961,610997,V,1192,1048,-1
1788815688.3961,611005,V,1192,1048,-1
1788815688.3961,611013,V,1194,1049,-1
1788815688.4448,611027,V,1193,1049,4042
1788815688.4449,611035,V,1192,1048,-1
1788815688.4449,611043,V,1193,1049,-1
1788815688.4450,611051,V,1191,1047,-1
1788815688.4450,611059,V,1193,1049,-1
1788815688.4450,611067,V,1193,1049,-1
1788815688.4940,611081,V,1191,1047,4043
1788815688.4940,611089,V,1192,1048,-1
1788815688.4940,611097,V,1192,1048,-1
1788815688.4940,611105,V,1191,1047,-1
1788815688.4941,611113,V,1190,1046,-1
1788815688.4941,611121,V,1190,1046,-1
1788815688.5425,611134,V,1194,1049,4044
1788815688.5426,611142,V,1192,1048,-1
1788815688.5426,611150,V,1192,1048,-1
1788815688.5426,611158,V,1190,1046,-1
1788815688.5426,611166,V,1191,1047,-1
1788815688.5426,611174,V,1190,1046,-1
1788815688.5908,611188,V,1189,1045,4045
1788815688.5908,611196,V,1186,1042,-1
1788815688.5908,611204,V,1186,1042,-1
1788815688.5908,611212,V,1183,1040,-1
1788815688.5909,611220,V,1183,1040,-1
1788815688.5909,611228,V,1180,1037,-1
1788815688.6399,611242,V,1182,1039,4046
1788815688.6399,611250,V,1179,1036,-1
1788815688.6399,611258,V,1177,1034,-1
1788815688.6399,611266,V,1173,1031,-1
1788815688.6399,611274,V,1173,1031,-1
1788815688.6399,611282,V,1166,1025,-1
1788815688.7376,611295,V,1162,1021,4047
1788815688.7378,611303,V,1153,1013,-1
1788815688.7378,611311,V,1101,968,-1
1788815688.7378,611319,V,955,839,-1
1788815688.7378,611327,V,898,789,-1
1788815688.7378,611335,V,873,767,-1
1788815688.7865,611349,V,849,746,4048
1788815688.7865,611357,V,839,737,-1
1788815688.7865,611365,V,833,732,-1
1788815688.7865,611373,V,810,712,-1
1788815688.7867,611381,V,808,710,-1
1788815688.7867,611389,V,793,697,-1
1788815688.8351,611403,V,782,687,4049
1788815688.8351,611411,V,779,685,-1
1788815688.8351,611419,V,762,670,-1
1788815688.8351,611427,V,765,672,-1
1788815688.8351,611435,V,751,660,-1
1788815688.8351,611443,V,728,640,-1
1788815688.8837,611457,V,720,633,4050
1788815688.8837,611465,V,711,625,-1
1788815688.8838,611473,V,705,620,-1
1788815688.8838,611481,V,692,608,-1
1788815688.8838,611489,V,692,608,-1
1788815688.8838,611497,V,689,606,-1
1788815688.8850,611529,KEYUP,,,
1788815688.9328,611510,V,677,595,4051
1788815688.9328,611518,V,673,592,-1
1788815688.9328,611526,V,662,582,-1
1788815688.9328,611534,V,665,584,-1
1788815688.9328,611542,V,650,571,-1
1788815688.9328,611550,V,617,542,-1
1788815688.9831,611564,V,622,547,4052
1788815688.9833,611572,V,618,543,-1
1788815688.9833,611580,V,606,533,-1
1788815688.9833,611588,V,603,530,-1
1788815688.9833,611596,V,594,522,-1
1788815688.9833,611604,V,609,535,-1
1788815689.0303,611618,V,588,517,4053
1788815689.0303,611626,V,589,518,-1
1788815689.0303,611634,V,579,509,-1
1788815689.0303,611642,V,567,498,-1
1788815689.0303,611650,V,547,481,-1
1788815689.0303,611658,V,559,491,-1
1788815689.0789,611672,V,573,504,4054
1788815689.0789,611680,V,536,471,-1
1788815689.0789,611688,V,564,496,-1
1788815689.0789,611696,V,575,505,-1
1788815689.0789,611704,V,565,497,-1
1788815689.0789,611712,V,556,489,-1
1788815689.1278,611726,V,544,478,4055
1788815689.1278,611734,V,538,473,-1
1788815689.1278,611742,V,551,484,-1
1788815689.1279,611750,V,541,475,-1
1788815689.1279,611758,V,564,496,-1
1788815689.1279,611766,V,539,474,-1
1788815689.2251,611779,V,549,483,4056
1788815689.2252,611787,V,521,458,-1
1788815689.2252,611795,V,529,465,-1
1788815689.2252,611803,V,548,482,-1
1788815689.2252,611811,V,497,437,-1
1788815689.2252,611819,V,575,505,-1
1788815689.2740,611833,V,537,472,4057
1788815689.2740,611841,V,519,456,-1
1788815689.2740,611849,V,526,462,-1
1788815689.2740,611857,V,531,467,-1
1788815689.2740,611865,V,510,448,-1
1788815689.2740,611873,V,514,452,-1
1788815689.3714,611887,V,528,464,4058
1788815689.3714,611895,V,523,460,-1
1788815689.3714,611903,V,512,450,-1
1788815689.3714,611911,V,496,436,-1
1788815689.3714,611919,V,540,475,-1
1788815689.3714,611927,V,553,486,-1
1788815689.3724,611941,V,528,464,4059
1788815689.3724,611949,V,517,454,-1
1788815689.3725,611957,V,514,452,-1
1788815689.3725,611965,V,526,462,-1
1788815689.3725,611973,V,519,456,-1
1788815689.3725,611981,V,532,468,-1
1788815689.4199,611994,V,519,456,4060
1788815689.4199,612002,V,524,461,-1
1788815689.4199,612010,V,516,454,-1
1788815689.4199,612018,V,543,477,-1
1788815689.4199,612026,V,501,440,-1
1788815689.4200,612034,V,530,466,-1
1788815689.4687,612048,V,532,468,4061
1788815689.4688,612056,V,522,459,-1
1788815689.4689,612064,V,538,473,-1
1788815689.4689,612072,V,540,475,-1
1788815689.4689,612080,V,550,483,-1
1788815689.4689,612088,V,548,482,-1
1788815689.5665,612102,V,539,474,4062
1788815689.5666,612110,V,536,471,-1
1788815689.5666,612118,V,569,500,-1
1788815689.5666,612126,V,567,498,-1
1788815689.5666,612134,V,551,484,-1
1788815689.5666,612142,V,562,494,-1
1788815689.5676,612155,V,561,493,4063
1788815689.5676,612163,V,557,490,-1
1788815689.5676,612171,V,576,506,-1
1788815689.5676,612179,V,590,519,-1
1788815689.5676,612187,V,591,519,-1
1788815689.5676,612195,V,586,515,-1
1788815689.6149,612209,V,603,530,4064
1788815689.6149,612217,V,595,523,-1
1788815689.6149,612225,V,613,539,-1
1788815689.6149,612233,V,625,549,-1
1788815689.6149,612241,V,622,547,-1
1788815689.6149,612249,V,624,548,-1
1788815689.7127,612263,V,649,570,4065
1788815689.7128,612271,V,642,564,-1
1788815689.7129,612279,V,636,559,-1
1788815689.7129,612287,V,655,576,-1
1788815689.7129,612295,V,648,570,-1
1788815689.7129,612303,V,662,582,-1
1788815689.7617,612317,V,678,596,4066
1788815689.7617,612325,V,674,592,-1
1788815689.7617,612333,V,680,598,-1
1788815689.7618,612341,V,684,601,-1
1788815689.7618,612349,V,691,607,-1
1788815689.7618,612357,V,699,614,-1
1788815689.9099,612370,V,708,622,4067
1788815689.9099,612378,V,713,627,-1
1788815689.9099,612386,V,719,632,-1
1788815689.9099,612394,V,727,639,-1
1788815689.9099,612402,V,739,650,-1
1788815689.9099,612410,V,742,652,-1
1788815689.9103,612424,V,756,664,4068
1788815689.9103,612432,V,760,668,-1
1788815689.9103,612440,V,768,675,-1
1788815689.9103,612448,V,782,687,-1
1788815689.9103,612456,V,780,686,-1
1788815689.9103,612464,V,792,696,-1
1788815689.9105,612478,V,805,708,4069
1788815689.9105,612486,V,808,710,-1
1788815689.9105,612494,V,822,722,-1
1788815689.9105,612502,V,832,731,-1
1788815689.9105,612510,V,837,736,-1
1788815689.9105,612518,V,845,743,-1
1788815690.0066,612531,V,866,761,4070
1788815690.0069,612539,V,900,791,-1
1788815690.0070,612547,V,1100,967,-1
1788815690.0070,612555,V,1152,1013,-1
1788815690.0070,612563,V,1167,1026,-1
1788815690.0070,612571,V,1172,1030,-1
1788815690.0072,612585,V,1179,1036,4071
1788815690.0072,612593,V,1180,1037,-1
1788815690.0072,612601,V,1184,1041,-1
1788815690.0072,612609,V,1182,1039,-1
1788815690.0072,612617,V,1182,1039,-1
1788815690.0072,612625,V,1183,1040,-1
1788815690.0543,612657,KEYDOWN,,,
1788815690.0550,612639,V,1185,1042,4072
1788815690.0550,612647,V,1182,1039,-1
1788815690.0550,612655,V,1184,1041,-1
1788815690.0550,612663,V,1183,1040,-1
1788815690.0550,612671,V,1184,1041,-1
1788815690.0550,612679,V,1185,1042,-1
1788815690.1024,612693,V,1186,1042,4073
1788815690.1024,612701,V,1188,1044,-1
1788815690.1025,612709,V,1187,1043,-1
1788815690.1025,612717,V,1187,1043,-1
1788815690.1025,612725,V,1184,1041,-1
1788815690.1025,612733,V,1190,1046,-1
1788815690.1515,612747,V,1187,1043,4074
1788815690.1516,612755,V,1189,1045,-1
1788815690.1516,612763,V,1189,1045,-1
1788815690.1516,612771,V,1184,1041,-1
1788815690.1516,612779,V,1186,1042,-1
1788815690.1516,612787,V,1185,1042,-1
1788815690.1999,612800,V,1185,1042,4075
1788815690.1999,612808,V,1188,1044,-1
1788815690.1999,612816,V,1186,1042,-1
1788815690.1999,612824,V,1189,1045,-1
1788815690.1999,612832,V,1186,1042,-1
1788815690.1999,612840,V,1188,1044,-1
1788815690.3468,612854,V,1187,1043,4076
1788815690.3470,612862,V,1185,1042,-1
1788815690.3470,612870,V,1188,1044,-1
1788815690.3470,612878,V,1185,1042,-1
1788815690.3470,612886,V,1187,1043,-1
1788815690.3470,612894,V,1187,1043,-1
1788815690.3478,612908,V,1188,1044,4077
1788815690.3478,612916,V,1186,1042,-1
1788815690.3478,612924,V,1184,1041,-1
1788815690.3479,612932,V,1185,1042,-1
1788815690.3479,612940,V,1184,1041,-1
1788815690.3479,612948,V,1190,1046,-1
1788815690.3950,612962,V,1186,1042,4078
1788815690.3951,612970,V,1190,1046,-1
1788815690.3951,612978,V,1189,1045,-1
1788815690.3951,612986,V,1188,1044,-1
1788815690.3951,612994,V,1188,1044,-1
1788815690.3951,613002,V,1190,1046,-1
1788815690.4437,613015,V,1190,1046,4079
1788815690.4437,613023,V,1189,1045,-1
1788815690.4437,613031,V,1191,1047,-1
1788815690.4438,613039,V,1191,1047,-1
1788815690.4438,613047,V,1191,1047,-1
1788815690.4438,613055,V,1192,1048,-1
1788815690.4924,613069,V,1193,1049,4080
1788815690.4924,613077,V,1192,1048,-1
1788815690.4924,613085,V,1192,1048,-1
1788815690.4924,613093,V,1192,1048,-1
1788815690.4924,613101,V,1192,1048,-1
1788815690.4924,613109,V,1193,1049,-1
1788815690.5900,613123,V,1192,1048,4081
1788815690.5902,613131,V,1189,1045,-1
1788815690.5902,613139,V,1191,1047,-1
1788815690.5902,613147,V,1188,1044,-1
1788815690.5902,613155,V,1189,1045,-1
1788815690.5902,613163,V,1187,1043,-1
1788815690.5912,613177,V,1185,1042,4082
1788815690.5912,613185,V,1184,1041,-1
1788815690.5912,613193,V,1183,1040,-1
1788815690.5912,613201,V,1185,1042,-1
1788815690.5912,613209,V,1183,1040,-1
1788815690.5912,613217,V,1185,1042,-1
1788815690.6390,613230,V,1185,1042,4083
1788815690.6390,613238,V,1184,1041,-1
1788815690.6390,613246,V,1180,1037,-1
1788815690.6391,613254,V,1178,1035,-1
1788815690.6391,613262,V,1177,1034,-1
1788815690.6391,613270,V,1174,1032,-1
1788815690.6872,613284,V,1172,1030,4084
1788815690.6872,613292,V,1168,1027,-1
1788815690.6872,613300,V,1162,1021,-1
1788815690.6872,613308,V,1161,1020,-1
1788815690.6872,613316,V,1150,1011,-1
1788815690.6872,613324,V,1099,966,-1
1788815690.7361,613338,V,921,809,4085
1788815690.7361,613346,V,877,771,-1
1788815690.7361,613354,V,851,748,-1
1788815690.7361,613362,V,840,738,-1
1788815690.7361,613370,V,833,732,-1
1788815690.7361,613378,V,812,714,-1
1788815690.8337,613391,V,803,706,4086
1788815690.8338,613399,V,791,695,-1
1788815690.8338,613407,V,781,686,-1
1788815690.8338,613415,V,770,677,-1
1788815690.8338,613423,V,759,667,-1
1788815690.8338,613431,V,762,670,-1
1788815690.9340,613445,V,742,652,4087
1788815690.9340,613453,V,723,635,-1
1788815690.9340,613461,V,723,635,-1
1788815690.9340,613469,V,711,625,-1
1788815690.9340,613477,V,701,616,-1
1788815690.9341,613485,V,701,616,-1
1788815690.9344,613535,KEYUP,,,
1788815690.9347,613499,V,697,613,4088
1788815690.9348,613507,V,673,592,-1
1788815690.9348,613515,V,677,595,-1
1788815690.9348,613523,V,650,571,-1
1788815690.9348,613531,V,650,571,-1
1788815690.9348,613539,V,626,550,-1
1788815690.9809,613553,V,634,557,4089
1788815690.9809,613561,V,613,539,-1
1788815690.9809,613569,V,626,550,-1
1788815690.9809,613577,V,635,558,-1
1788815690.9809,613585,V,583,512,-1
1788815690.9809,613593,V,602,529,-1
1788815691.0289,613607,V,587,516,4090
1788815691.0290,613615,V,576,506,-1
1788815691.0290,613623,V,565,497,-1
1788815691.0290,613631,V,582,512,-1
1788815691.0290,613639,V,562,494,-1
1788815691.0290,613647,V,567,498,-1
1788815691.0777,613661,V,558,490,4091
1788815691.0779,613669,V,553,486,-1
1788815691.0779,613677,V,548,482,-1
1788815691.0779,613685,V,540,475,-1
1788815691.0779,613693,V,559,491,-1
1788815691.0779,613701,V,536,471,-1
1788815691.1531,613714,V,552,485,4092
1788815691.1531,613722,V,528,464,-1
1788815691.1531,613730,V,533,468,-1
1788815691.1531,613738,V,547,481,-1
1788815691.1531,613746,V,514,452,-1
1788815691.1531,613754,V,531,467,-1
1788815691.1758,613768,V,512,450,4093
1788815691.1758,613776,V,521,458,-1
1788815691.1758,613784,V,511,449,-1
1788815691.1758,613792,V,526,462,-1
1788815691.1758,613800,V,500,439,-1
1788815691.1758,613808,V,539,474,-1
1788815691.2265,613822,V,536,471,4094
1788815691.2266,613830,V,508,446,-1
1788815691.2266,613838,V,499,439,-1
1788815691.2266,613846,V,499,439,-1
1788815691.2266,613854,V,501,440,-1
1788815691.2266,613862,V,519,456,-1
1788815691.3236,613875,V,506,445,4095
1788815691.3237,613883,V,511,449,-1
1788815691.3237,613891,V,499,439,-1
1788815691.3237,613899,V,519,456,-1
1788815691.3237,613907,V,508,446,-1
1788815691.3237,613915,V,524,461,-1
1788815691.3707,613929,V,514,452,4096
1788815691.3707,613937,V,519,456,-1
1788815691.3708,613945,V,513,451,-1
1788815691.3708,613953,V,506,445,-1
1788815691.3708,613961,V,500,439,-1
1788815691.3708,613969,V,531,467,-1
1788815691.4192,613983,V,517,454,4097
1788815691.4192,613991,V,516,454,-1
1788815691.4192,613999,V,533,468,-1
1788815691.4192,614007,V,519,456,-1
1788815691.4192,614015,V,532,468,-1
1788815691.4192,614023,V,514,452,-1
1788815691.4672,614037,V,512,450,4098
1788815691.4672,614045,V,528,464,-1
1788815691.4672,614053,V,525,461,-1
1788815691.4672,614061,V,498,438,-1
1788815691.4672,614069,V,510,448,-1
1788815691.4672,614077,V,519,456,-1
1788815691.5160,614091,V,547,481,4099
1788815691.5160,614099,V,536,471,-1
1788815691.5160,614107,V,535,470,-1
1788815691.5160,614115,V,540,475,-1
1788815691.5160,614123,V,564,496,-1
1788815691.5160,614131,V,546,480,-1
1788815691.6145,614144,V,538,473,4100
1788815691.6147,614152,V,542,476,-1
1788815691.6147,614160,V,558,490,-1
1788815691.6147,614168,V,574,504,-1
1788815691.6147,614176,V,548,482,-1
1788815691.6147,614184,V,550,483,-1
1788815691.6161,614198,V,581,511,4101
1788815691.6161,614206,V,587,516,-1
1788815691.6161,614214,V,591,519,-1
1788815691.6161,614222,V,594,522,-1
1788815691.6161,614230,V,573,504,-1
1788815691.6161,614238,V,580,510,-1
1788815691.6627,614252,V,596,524,4102
1788815691.6627,614260,V,603,530,-1
1788815691.6627,614268,V,608,534,-1
1788815691.6627,614276,V,621,546,-1
1788815691.6628,614284,V,624,548,-1
1788815691.6628,614292,V,641,563,-1
1788815691.7113,614306,V,637,560,4103
1788815691.7114,614314,V,645,567,-1
1788815691.7114,614322,V,647,569,-1
1788815691.7114,614330,V,654,575,-1
1788815691.7114,614338,V,647,569,-1
1788815691.7114,614346,V,677,595,-1
1788815691.7596,614359,V,705,620,4104
1788815691.7597,614367,V,678,596,-1
1788815691.7597,614375,V,699,614,-1
1788815691.7597,614383,V,688,605,-1
1788815691.7597,614391,V,694,610,-1
1788815691.7597,614399,V,708,622,-1
1788815691.8575,614413,V,712,626,4105
1788815691.8576,614421,V,716,629,-1
1788815691.8576,614429,V,721,634,-1
1788815691.8576,614437,V,734,645,-1
1788815691.8576,614445,V,743,653,-1
1788815691.8576,614453,V,745,655,-1
1788815691.9075,614467,V,750,659,4106
1788815691.9075,614475,V,752,661,-1
1788815691.9075,614483,V,769,676,-1
1788815691.9075,614491,V,773,679,-1
1788815691.9075,614499,V,781,686,-1
1788815691.9075,614507,V,788,693,-1
1788815691.9565,614520,V,790,694,4107
1788815691.9565,614528,V,808,710,-1
1788815691.9565,614536,V,812,714,-1
1788815691.9565,614544,V,827,727,-1
1788815691.9566,614552,V,832,731,-1
1788815691.9566,614560,V,849,746,-1
1788815692.0056,614574,V,850,747,4108
1788815692.0056,614582,V,862,758,-1
1788815692.0056,614590,V,884,777,-1
1788815692.0056,614598,V,922,810,-1
1788815692.0056,614606,V,1135,998,-1
1788815692.0056,614614,V,1165,1024,-1
1788815692.1020,614628,V,1178,1035,4109
1788815692.1022,614636,V,1183,1040,-1
1788815692.1022,614644,V,1185,1042,-1
1788815692.1022,614652,V,1185,1042,-1
1788815692.1022,614660,V,1188,1044,-1
1788815692.1022,614668,V,1190,1046,-1
1788815692.1036,614718,KEYDOWN,,,
1788815692.1041,614682,V,1191,1047,4110
1788815692.1041,614690,V,1191,1047,-1
1788815692.1041,614698,V,1190,1046,-1
1788815692.1041,614706,V,1191,1047,-1
1788815692.1041,614714,V,1192,1048,-1
1788815692.1041,614722,V,1195,1050,-1
1788815692.1513,614736,V,1194,1049,4111
1788815692.1513,614744,V,1193,1049,-1
1788815692.1513,614752,V,1194,1049,-1
1788815692.1513,614760,V,1192,1048,-1
1788815692.1514,614768,V,1191,1047,-1
1788815692.1514,614776,V,1192,1048,-1
1788815692.1989,614789,V,1192,1048,4112
1788815692.1989,614797,V,1190,1046,-1
1788815692.1990,614805,V,1189,1045,-1
1788815692.1990,614813,V,1192,1048,-1
1788815692.1990,614821,V,1192,1048,-1
1788815692.1990,614829,V,1192,1048,-1
1788815692.2965,614843,V,1193,1049,4113
1788815692.2965,614851,V,1193,1049,-1
1788815692.2965,614859,V,1192,1048,-1
1788815692.2965,614867,V,1190,1046,-1
1788815692.2965,614875,V,1190,1046,-1
1788815692.2966,614883,V,1190,1046,-1
1788815692.2975,614897,V,1191,1047,4114
1788815692.2975,614905,V,1191,1047,-1
1788815692.2976,614913,V,1190,1046,-1
1788815692.2976,614921,V,1188,1044,-1
1788815692.2976,614929,V,1189,1045,-1
1788815692.2976,614937,V,1189,1045,-1
1788815692.3950,614950,V,1190,1046,4115
1788815692.3952,614958,V,1190,1046,-1
1788815692.3956,614966,V,1189,1045,-1
1788815692.3956,614974,V,1189,1045,-1
1788815692.3956,614982,V,1187,1043,-1
1788815692.3956,614990,V,1189,1045,-1
1788815692.4424,615004,V,1191,1047,4116
1788815692.4424,615012,V,1190,1046,-1
1788815692.4424,615020,V,1190,1046,-1
1788815692.4424,615028,V,1191,1047,-1
1788815692.4424,615036,V,1190,1046,-1
1788815692.4424,615044,V,1191,1047,-1
1788815692.4916,615058,V,1189,1045,4117
1788815692.4916,615066,V,1193,1049,-1
1788815692.4916,615074,V,1189,1045,-1
1788815692.4916,615082,V,1191,1047,-1
1788815692.4916,615090,V,1191,1047,-1
1788815692.4916,615098,V,1189,1045,-1
1788815692.5400,615111,V,1193,1049,4118
1788815692.5400,615119,V,1191,1047,-1
1788815692.5400,615127,V,1192,1048,-1
1788815692.5400,615135,V,1191,1047,-1
1788815692.5400,615143,V,1192,1048,-1
1788815692.5400,615151,V,1193,1049,-1
1788815692.5886,615165,V,1192,1048,4119
1788815692.5887,615173,V,1191,1047,-1
1788815692.5887,615181,V,1193,1049,-1
1788815692.5887,615189,V,1194,1049,-1
1788815692.5887,615197,V,1195,1050,-1
1788815692.5887,615205,V,1197,1052,-1
1788815692.6374,615219,V,1193,1049,4120
1788815692.6375,615227,V,1195,1050,-1
1788815692.6375,615235,V,1199,1054,-1
1788815692.6375,615243,V,1198,1053,-1
1788815692.6375,615251,V,1196,1051,-1
1788815692.6375,615259,V,1196,1051,-1
1788815692.6857,615273,V,1196,1051,4121
1788815692.6857,615281,V,1199,1054,-1
1788815692.6857,615289,V,1198,1053,-1
1788815692.6857,615297,V,1199,1054,-1
1788815692.6857,615305,V,1195,1050,-1
1788815692.6857,615313,V,1198,1053,-1
1788815692.7348,615326,V,1193,1049,4122
1788815692.7348,615334,V,1194,1049,-1
1788815692.7348,615342,V,1189,1045,-1
1788815692.7348,615350,V,1190,1046,-1
1788815692.7348,615358,V,1187,1043,-1
1788815692.7348,615366,V,1183,1040,-1
1788815692.7833,615380,V,1177,1034,4123
1788815692.7833,615388,V,1169,1027,-1
1788815692.7833,615396,V,1162,1021,-1
1788815692.7833,615404,V,1132,995,-1
1788815692.7833,615412,V,946,831,-1
1788815692.7833,615420,V,885,778,-1
1788815692.8817,615434,V,870,765,4124
1788815692.8819,615442,V,855,751,-1
1788815692.8819,615450,V,844,742,-1
1788815692.8819,615458,V,825,725,-1
1788815692.8819,615466,V,822,722,-1
1788815692.8819,615474,V,804,707,-1
1788815692.9313,615487,V,779,685,4125
1788815692.9313,615495,V,777,683,-1
1788815692.9313,615503,V,776,682,-1
1788815692.9314,615511,V,763,671,-1
1788815692.9314,615519,V,760,668,-1
1788815692.9314,615527,V,734,645,-1
1788815692.9793,615541,V,742,652,4126
1788815692.9794,615549,V,733,644,-1
1788815692.9794,615557,V,722,635,-1
1788815692.9794,615565,V,714,628,-1
1788815692.9794,615573,V,685,602,-1
1788815692.9794,615581,V,692,608,-1
1788815692.9813,615623,KEYUP,,,
1788815693.0299,615595,V,705,620,4127
1788815693.0299,615603,V,677,595,-1
1788815693.0299,615611,V,675,593,-1
1788815693.0299,615619,V,648,570,-1
1788815693.0299,615627,V,645,567,-1
1788815693.0299,615635,V,640,563,-1
1788815693.0772,615649,V,611,537,4128
1788815693.0772,615657,V,626,550,-1
1788815693.0772,615665,V,615,541,-1
1788815693.0772,615673,V,618,543,-1
1788815693.0772,615681,V,611,537,-1
1788815693.0772,615689,V,591,519,-1
1788815693.1270,615703,V,579,509,4129
1788815693.1272,615711,V,569,500,-1
1788815693.1272,615719,V,587,516,-1
1788815693.1272,615727,V,562,494,-1
1788815693.1272,615735,V,574,504,-1
1788815693.1272,615743,V,582,512,-1
1788815693.1752,615756,V,546,480,4130
1788815693.1752,615764,V,539,474,-1
1788815693.1752,615772,V,562,494,-1
1788815693.1752,615780,V,526,462,-1
1788815693.1752,615788,V,538,473,-1
1788815693.1752,615796,V,541,475,-1
1788815693.2226,615810,V,536,471,4131
1788815693.2227,615818,V,531,467,-1
1788815693.2227,615826,V,528,464,-1
1788815693.2227,615834,V,515,453,-1
1788815693.2227,615842,V,528,464,-1
1788815693.2227,615850,V,514,452,-1
1788815693.2710,615864,V,515,453,4132
1788815693.2710,615872,V,520,457,-1
1788815693.2711,615880,V,529,465,-1
1788815693.2711,615888,V,515,453,-1
1788815693.2711,615896,V,512,450,-1
1788815693.2711,615904,V,544,478,-1
1788815693.3199,615918,V,560,492,4133
1788815693.3200,615926,V,519,456,-1
1788815693.3200,615934,V,511,449,-1
1788815693.3200,615942,V,525,461,-1
1788815693.3200,615950,V,537,472,-1
1788815693.3200,615958,V,540,475,-1
1788815693.3687,615971,V,512,450,4134
1788815693.3688,615979,V,498,438,-1
1788815693.3688,615987,V,527,463,-1
1788815693.3688,615995,V,530,466,-1
1788815693.3688,616003,V,515,453,-1
1788815693.3688,616011,V,531,467,-1
1788815693.4674,616025,V,549,483,4135
1788815693.4675,616033,V,508,446,-1
1788815693.4675,616041,V,519,456,-1
1788815693.4675,616049,V,516,454,-1
1788815693.4675,616057,V,512,450,-1
1788815693.4675,616065,V,524,461,-1
1788815693.5160,616079,V,516,454,4136
1788815693.5160,616087,V,539,474,-1
1788815693.5160,616095,V,514,452,-1
1788815693.5160,616103,V,530,466,-1
1788815693.5160,616111,V,516,454,-1
1788815693.5160,616119,V,530,466,-1
1788815693.5644,616133,V,539,474,4137
1788815693.5645,616141,V,550,483,-1
1788815693.5645,616149,V,521,458,-1
1788815693.5645,616157,V,532,468,-1
1788815693.5645,616165,V,524,461,-1
1788815693.5645,616173,V,524,461,-1
1788815693.6125,616187,V,539,474,4138
1788815693.6127,616195,V,556,489,-1
1788815693.6127,616203,V,532,468,-1
1788815693.6127,616211,V,540,475,-1
1788815693.6127,616219,V,532,468,-1
1788815693.6127,616227,V,555,488,-1
1788815693.6617,616240,V,545,479,4139
1788815693.6617,616248,V,554,487,-1
1788815693.6617,616256,V,538,473,-1
1788815693.6617,616264,V,539,474,-1
1788815693.6617,616272,V,577,507,-1
1788815693.6617,616280,V,542,476,-1
1788815693.7110,616294,V,562,494,4140
1788815693.7110,616302,V,563,495,-1
1788815693.7110,616310,V,569,500,-1
1788815693.7110,616318,V,569,500,-1
1788815693.7110,616326,V,575,505,-1
1788815693.7110,616334,V,584,513,-1
1788815693.7587,616348,V,576,506,4141
1788815693.7588,616356,V,613,539,-1
1788815693.7588,616364,V,587,516,-1
1788815693.7588,616372,V,594,522,-1
1788815693.7588,616380,V,609,535,-1
1788815693.7588,616388,V,617,542,-1
1788815693.8078,616401,V,624,548,4142
1788815693.8078,616409,V,627,551,-1
1788815693.8078,616417,V,628,552,-1
1788815693.8078,616425,V,634,557,-1
1788815693.8079,616433,V,641,563,-1
1788815693.8079,616441,V,665,584,-1
1788815693.8561,616455,V,678,596,4143
1788815693.8562,616463,V,663,583,-1
1788815693.8562,616471,V,690,606,-1
1788815693.8562,616479,V,686,603,-1
1788815693.8562,616487,V,704,619,-1
1788815693.8562,616495,V,698,613,-1
1788815693.9538,616509,V,721,634,4144
1788815693.9539,616517,V,725,637,-1
1788815693.9539,616525,V,728,640,-1
1788815693.9539,616533,V,739,650,-1
1788815693.9539,616541,V,742,652,-1
1788815693.9539,616549,V,755,664,-1
1788815694.0527,616563,V,763,671,4145
1788815694.0527,616571,V,771,678,-1
1788815694.0527,616579,V,775,681,-1
1788815694.0527,616587,V,791,695,-1
1788815694.0527,616595,V,792,696,-1
1788815694.0527,616603,V,806,708,-1
1788815694.0529,616616,V,805,708,4146
1788815694.0529,616624,V,820,721,-1
1788815694.0529,616632,V,835,734,-1
1788815694.0529,616640,V,853,750,-1
1788815694.0529,616648,V,872,766,-1
1788815694.0529,616656,V,915,804,-1
1788815694.1004,616670,V,1147,1008,4147
1788815694.1007,616678,V,1174,1032,-1
1788815694.1007,616686,V,1179,1036,-1
1788815694.1007,616694,V,1186,1042,-1
1788815694.1007,616702,V,1189,1045,-1
1788815694.1007,616710,V,1186,1042,-1
1788815694.1982,616724,V,1191,1047,4148
1788815694.1983,616732,V,1194,1049,-1
1788815694.1983,616740,V,1192,1048,-1
1788815694.1983,616748,V,1194,1049,-1
1788815694.1984,616756,V,1190,1046,-1
1788815694.1984,616764,V,1194,1049,-1
1788815694.1999,616778,KEYDOWN,,,
1788815694.2001,616778,V,1192,1048,4149
1788815694.2002,616786,V,1195,1050,-1
1788815694.2002,616794,V,1196,1051,-1
1788815694.2002,616802,V,1195,1050,-1
1788815694.2002,616810,V,1194,1049,-1
1788815694.2002,616818,V,1193,1049,-1
1788815694.2460,616831,V,1195,1050,4150
1788815694.2460,616839,V,1195,1050,-1
1788815694.2460,616847,V,1196,1051,-1
1788815694.2460,616855,V,1196,1051,-1
1788815694.2460,616863,V,1198,1053,-1
1788815694.2460,616871,V,1197,1052,-1
1788815694.2949,616885,V,1199,1054,4151
1788815694.2949,616893,V,1204,1058,-1
1788815694.2949,616901,V,1200,1055,-1
1788815694.2949,616909,V,1200,1055,-1
1788815694.2949,616917,V,1201,1056,-1
1788815694.2949,616925,V,1200,1055,-1
1788815694.3442,616939,V,1201,1056,4152
1788815694.3443,616947,V,1201,1056,-1
1788815694.3443,616955,V,1198,1053,-1
1788815694.3443,616963,V,1201,1056,-1
1788815694.3443,616971,V,1198,1053,-1
1788815694.3445,616979,V,1197,1052,-1
1788815694.3927,616993,V,1196,1051,4153
1788815694.3928,617001,V,1196,1051,-1
1788815694.3928,617009,V,1196,1051,-1
1788815694.3928,617017,V,1197,1052,-1
1788815694.3928,617025,V,1194,1049,-1
1788815694.3928,617033,V,1194,1049,-1
1788815694.4898,617046,V,1193,1049,4154
1788815694.4898,617054,V,1193,1049,-1
1788815694.4898,617062,V,1192,1048,-1
1788815694.4898,617070,V,1193,1049,-1
1788815694.4898,617078,V,1194,1049,-1
1788815694.4898,617086,V,1194,1049,-1
1788815694.5391,617100,V,1191,1047,4155
1788815694.5391,617108,V,1197,1052,-1
1788815694.5391,617116,V,1195,1050,-1
1788815694.5391,617124,V,1192,1048,-1
1788815694.5391,617132,V,1194,1049,-1
1788815694.5391,617140,V,1194,1049,-1
1788815694.5876,617154,V,1190,1046,4156
1788815694.5878,617162,V,1193,1049,-1
1788815694.5878,617170,V,1192,1048,-1
1788815694.5878,617178,V,1190,1046,-1
1788815694.5878,617186,V,1191,1047,-1
1788815694.5878,617194,V,1189,1045,-1
1788815694.6366,617207,V,1190,1046,4157
1788815694.6366,617215,V,1191,1047,-1
1788815694.6367,617223,V,1190,1046,-1
1788815694.6367,617231,V,1185,1042,-1
1788815694.6367,617239,V,1186,1042,-1
1788815694.6367,617247,V,1185,1042,-1
1788815694.6852,617261,V,1180,1037,4158
1788815694.6852,617269,V,1180,1037,-1
1788815694.6852,617277,V,1178,1035,-1
1788815694.6852,617285,V,1171,1029,-1
1788815694.6852,617293,V,1165,1024,-1
1788815694.6852,617301,V,1154,1014,-1
1788815694.7338,617315,V,1102,969,4159
1788815694.7339,617323,V,954,838,-1
1788815694.7339,617331,V,897,788,-1
1788815694.7339,617339,V,868,763,-1
1788815694.7339,617347,V,855,751,-1
1788815694.7339,617355,V,835,734,-1
1788815694.7823,617369,V,814,715,4160
1788815694.7823,617377,V,811,713,-1
1788815694.7823,617385,V,791,695,-1
1788815694.7823,617393,V,795,699,-1
1788815694.7824,617401,V,778,684,-1
1788815694.7824,617409,V,765,672,-1
1788815694.8314,617422,V,755,664,4161
1788815694.8315,617430,V,740,650,-1
1788815694.8315,617438,V,729,641,-1
1788815694.8315,617446,V,730,642,-1
1788815694.8315,617454,V,714,628,-1
1788815694.8315,617462,V,712,626,-1
1788815694.8802,617476,V,709,623,4162
1788815694.8802,617484,V,687,604,-1
1788815694.8802,617492,V,682,599,-1
1788815694.8802,617500,V,662,582,-1
1788815694.8802,617508,V,663,583,-1
1788815694.8802,617516,V,652,573,-1
1788815694.9291,617531,KEYUP,,,
1788815694.9299,617530,V,634,557,4163
1788815694.9299,617538,V,624,548,-1
1788815694.9299,617546,V,622,547,-1
1788815694.9299,617554,V,611,537,-1
1788815694.9299,617562,V,619,544,-1
1788815694.9299,617570,V,613,539,-1
1788815695.0274,617584,V,605,532,4164
1788815695.0274,617592,V,582,512,-1
1788815695.0274,617600,V,575,505,-1
1788815695.0274,617608,V,585,514,-1
1788815695.0274,617616,V,571,502,-1
1788815695.0274,617624,V,565,497,-1
1788815695.0777,617638,V,569,500,4165
1788815695.0779,617646,V,558,490,-1
1788815695.0779,617654,V,559,491,-1
1788815695.0779,617662,V,556,489,-1
1788815695.0779,617670,V,537,472,-1
1788815695.0779,617678,V,549,483,-1
1788815695.1252,617691,V,551,484,4166
1788815695.1252,617699,V,542,476,-1
1788815695.1252,617707,V,546,480,-1
1788815695.1252,617715,V,540,475,-1
1788815695.1252,617723,V,535,470,-1
1788815695.1252,617731,V,522,459,-1
1788815695.1734,617745,V,523,460,4167
1788815695.1735,617753,V,541,475,-1
1788815695.1735,617761,V,544,478,-1
1788815695.1735,617769,V,525,461,-1
1788815695.1735,617777,V,528,464,-1
1788815695.1735,617785,V,523,460,-1
1788815695.2212,617799,V,550,483,4168
1788815695.2212,617807,V,517,454,-1
1788815695.2212,617815,V,528,464,-1
1788815695.2212,617823,V,523,460,-1
1788815695.2212,617831,V,499,439,-1
1788815695.2212,617839,V,510,448,-1
1788815695.2707,617853,V,506,445,4169
1788815695.2708,617861,V,526,462,-1
1788815695.2708,617869,V,534,469,-1
1788815695.2708,617877,V,537,472,-1
1788815695.2708,617885,V,531,467,-1
1788815695.2708,617893,V,522,459,-1
1788815695.3187,617907,V,506,445,4170
1788815695.3188,617915,V,523,460,-1
1788815695.3189,617923,V,519,456,-1
1788815695.3189,617931,V,530,466,-1
1788815695.3189,617939,V,552,485,-1
1788815695.3189,617947,V,530,466,-1
1788815695.3673,617960,V,539,474,4171
1788815695.3673,617968,V,522,459,-1
1788815695.3673,617976,V,501,440,-1
1788815695.3673,617984,V,524,461,-1
1788815695.3673,617992,V,531,467,-1
1788815695.3673,618000,V,529,465,-1
1788815695.4162,618014,V,513,451,4172
1788815695.4162,618022,V,522,459,-1
1788815695.4162,618030,V,516,454,-1
1788815695.4162,618038,V,514,452,-1
1788815695.4162,618046,V,530,466,-1
1788815695.4163,618054,V,503,442,-1
1788815695.5136,618068,V,509,447,4173
1788815695.5137,618076,V,516,454,-1
1788815695.5137,618084,V,538,473,-1
1788815695.5137,618092,V,532,468,-1
1788815695.5137,618100,V,539,474,-1
1788815695.5137,618108,V,543,477,-1
1788815695.5622,618122,V,543,477,4174
1788815695.5623,618130,V,519,456,-1
1788815695.5623,618138,V,528,464,-1
1788815695.5623,618146,V,524,461,-1
1788815695.5623,618154,V,528,464,-1
1788815695.5623,618162,V,544,478,-1
1788815695.6113,618175,V,548,482,4175
1788815695.6113,618183,V,556,489,-1
1788815695.6113,618191,V,545,479,-1
1788815695.6113,618199,V,557,490,-1
1788815695.6113,618207,V,560,492,-1
1788815695.6113,618215,V,567,498,-1
1788815695.6595,618229,V,569,500,4176
1788815695.6595,618237,V,569,500,-1
1788815695.6595,618245,V,578,508,-1
1788815695.6595,618253,V,577,507,-1
1788815695.6595,618261,V,566,497,-1
1788815695.6595,618269,V,575,505,-1
1788815695.7088,618283,V,586,515,4177
1788815695.7088,618291,V,592,520,-1
1788815695.7088,618299,V,578,508,-1
1788815695.7089,618307,V,588,517,-1
1788815695.7089,618315,V,589,518,-1
1788815695.7089,618323,V,597,525,-1
1788815695.7574,618337,V,589,518,4178
1788815695.7574,618345,V,611,537,-1
1788815695.7574,618353,V,617,542,-1
1788815695.7574,618361,V,634,557,-1
1788815695.7574,618369,V,656,577,-1
1788815695.7574,618377,V,629,553,-1
1788815695.8552,618390,V,648,570,4179
1788815695.8553,618398,V,636,559,-1
1788815695.8553,618406,V,650,571,-1
1788815695.8553,618414,V,653,574,-1
1788815695.8553,618422,V,675,593,-1
1788815695.8553,618430,V,665,584,-1
1788815695.8564,618444,V,678,596,4180
1788815695.8564,618452,V,682,599,-1
1788815695.8564,618460,V,691,607,-1
1788815695.8564,618468,V,711,625,-1
1788815695.8564,618476,V,710,624,-1
1788815695.8564,618484,V,706,621,-1
1788815695.9045,618498,V,728,640,4181
1788815695.9046,618506,V,732,643,-1
1788815695.9046,618514,V,738,649,-1
1788815695.9046,618522,V,754,663,-1
1788815695.9047,618530,V,755,664,-1
1788815695.9047,618538,V,760,668,-1
1788815695.9530,618551,V,769,676,4182
1788815695.9530,618559,V,782,687,-1
1788815695.9530,618567,V,779,685,-1
1788815695.9530,618575,V,787,692,-1
1788815695.9530,618583,V,801,704,-1
1788815695.9531,618591,V,804,707,-1
1788815696.0520,618605,V,815,716,4183
1788815696.0521,618613,V,826,726,-1
1788815696.0521,618621,V,833,732,-1
1788815696.0521,618629,V,842,740,-1
1788815696.0521,618637,V,858,754,-1
1788815696.0521,618645,V,882,775,-1
1788815696.1002,618659,V,902,793,4184
1788815696.1006,618667,V,1093,961,-1
1788815696.1006,618675,V,1156,1016,-1
1788815696.1006,618683,V,1173,1031,-1
1788815696.1006,618691,V,1181,1038,-1
1788815696.1007,618699,V,1188,1044,-1
1788815696.1975,618713,V,1189,1045,4185
1788815696.1975,618721,V,1189,1045,-1
1788815696.1975,618729,V,1193,1049,-1
1788815696.1976,618737,V,1194,1049,-1
1788815696.1976,618745,V,1196,1051,-1
1788815696.1976,618753,V,1198,1053,-1
1788815696.1986,618776,KEYDOWN,,,
1788815696.2956,618766,V,1199,1054,4186
1788815696.2956,618774,V,1197,1052,-1
1788815696.2957,618782,V,1198,1053,-1
1788815696.2957,618790,V,1199,1054,-1
1788815696.2957,618798,V,1199,1054,-1
1788815696.2957,618806,V,1199,1054,-1
1788815696.2959,618820,V,1199,1054,4187
1788815696.2959,618828,V,1199,1054,-1
1788815696.2959,618836,V,1198,1053,-1
1788815696.2959,618844,V,1199,1054,-1
1788815696.2959,618852,V,1198,1053,-1
1788815696.2959,618860,V,1202,1056,-1
1788815696.2960,618874,V,1201,1056,4188
1788815696.2960,618882,V,1200,1055,-1
1788815696.2960,618890,V,1202,1056,-1
1788815696.2960,618898,V,1198,1053,-1
1788815696.2960,618906,V,1199,1054,-1
1788815696.2960,618914,V,1198,1053,-1
1788815696.3435,618928,V,1197,1052,4189
1788815696.3436,618936,V,1196,1051,-1
1788815696.3436,618944,V,1198,1053,-1
1788815696.3436,618952,V,1198,1053,-1
1788815696.3436,618960,V,1199,1054,-1
1788815696.3436,618968,V,1199,1054,-1
1788815696.3916,618981,V,1200,1055,4190
1788815696.3917,618989,V,1199,1054,-1
1788815696.3917,618997,V,1200,1055,-1
1788815696.3917,619005,V,1197,1052,-1
1788815696.3917,619013,V,1201,1056,-1
1788815696.3917,619021,V,1198,1053,-1
1788815696.4409,619035,V,1201,1056,4191
1788815696.4410,619043,V,1200,1055,-1
1788815696.4410,619051,V,1199,1054,-1
1788815696.4410,619059,V,1201,1056,-1
1788815696.4410,619067,V,1202,1056,-1
1788815696.4410,619075,V,1200,1055,-1
1788815696.4896,619089,V,1201,1056,4192
1788815696.4896,619097,V,1200,1055,-1
1788815696.4896,619105,V,1202,1056,-1
1788815696.4896,619113,V,1204,1058,-1
1788815696.4896,619121,V,1201,1056,-1
1788815696.4896,619129,V,1200,1055,-1
1788815696.5868,619143,V,1201,1056,4193
1788815696.5869,619151,V,1202,1056,-1
1788815696.5870,619159,V,1203,1057,-1
1788815696.5870,619167,V,1203,1057,-1
1788815696.5870,619175,V,1203,1057,-1
1788815696.5870,619183,V,1200,1055,-1
1788815696.6353,619196,V,1201,1056,4194
1788815696.6353,619204,V,1203,1057,-1
1788815696.6353,619212,V,1203,1057,-1
1788815696.6353,619220,V,1202,1056,-1
1788815696.6353,619228,V,1201,1056,-1
1788815696.6353,619236,V,1198,1053,-1
1788815696.7328,619250,V,1198,1053,4195
1788815696.7328,619258,V,1198,1053,-1
1788815696.7328,619266,V,1198,1053,-1
1788815696.7329,619274,V,1197,1052,-1
1788815696.7329,619282,V,1196,1051,-1
1788815696.7329,619290,V,1197,1052,-1
1788815696.7340,619304,V,1198,1053,4196
1788815696.7340,619312,V,1190,1046,-1
1788815696.7340,619320,V,1192,1048,-1
1788815696.7341,619328,V,1188,1044,-1
1788815696.7341,619336,V,1186,1042,-1
1788815696.7341,619344,V,1181,1038,-1
1788815696.7813,619357,V,1178,1035,4197
1788815696.7814,619365,V,1172,1030,-1
1788815696.7814,619373,V,1168,1027,-1
1788815696.7814,619381,V,1158,1018,-1
1788815696.7814,619389,V,1144,1005,-1
1788815696.7814,619397,V,1077,947,-1
1788815696.8302,619411,V,958,842,4198
1788815696.8303,619419,V,907,797,-1
1788815696.8303,619427,V,881,774,-1
1788815696.8303,619435,V,848,745,-1
1788815696.8303,619443,V,837,736,-1
1788815696.8303,619451,V,819,720,-1
1788815696.8789,619465,V,816,717,4199
1788815696.8790,619473,V,804,707,-1
1788815696.8790,619481,V,785,690,-1
1788815696.8790,619489,V,777,683,-1
1788815696.8790,619497,V,771,678,-1
1788815696.8790,619505,V,765,672,-1
1788815696.9279,619519,V,746,656,4200
1788815696.9279,619527,V,741,651,-1
1788815696.9279,619535,V,726,638,-1
1788815696.9280,619543,V,720,633,-1
1788815696.9280,619551,V,708,622,-1
1788815696.9280,619559,V,698,613,-1
1788815696.9766,619618,KEYUP,,,
1788815696.9774,619572,V,705,620,4201
1788815696.9774,619580,V,691,607,-1
1788815696.9775,619588,V,666,585,-1
1788815696.9775,619596,V,672,591,-1
1788815696.9775,619604,V,665,584,-1
1788815696.9775,619612,V,645,567,-1
1788815697.0252,619626,V,648,570,4202
1788815697.0252,619634,V,643,565,-1
1788815697.0252,619642,V,625,549,-1
1788815697.0253,619650,V,615,541,-1
1788815697.0253,619658,V,628,552,-1
1788815697.0253,619666,V,613,539,-1
1788815697.1244,619680,V,578,508,4203
1788815697.1246,619688,V,574,504,-1
1788815697.1247,619696,V,588,517,-1
1788815697.1247,619704,V,597,525,-1
1788815697.1247,619712,V,564,496,-1
1788815697.1247,619720,V,586,515,-1
1788815697.1722,619734,V,569,500,4204
1788815697.1723,619742,V,574,504,-1
1788815697.1723,619750,V,558,490,-1
1788815697.1723,619758,V,565,497,-1
1788815697.1723,619766,V,556,489,-1
1788815697.1723,619774,V,549,483,-1
1788815697.2211,619788,V,550,483,4205
1788815697.2211,619796,V,549,483,-1
1788815697.2211,619804,V,549,483,-1
1788815697.2211,619812,V,549,483,-1
1788815697.2211,619820,V,542,476,-1
1788815697.2211,619828,V,542,476,-1
1788815697.2697,619841,V,557,490,4206
1788815697.2697,619849,V,539,474,-1
1788815697.2697,619857,V,543,477,-1
1788815697.2697,619865,V,592,520,-1
1788815697.2697,619873,V,518,455,-1
1788815697.2697,619881,V,558,490,-1
1788815697.3175,619895,V,544,478,4207
1788815697.3175,619903,V,548,482,-1
1788815697.3175,619911,V,534,469,-1
1788815697.3175,619919,V,537,472,-1
1788815697.3176,619927,V,526,462,-1
1788815697.3176,619935,V,544,478,-1
1788815697.3671,619949,V,524,461,4208
1788815697.3672,619957,V,544,478,-1
1788815697.3672,619965,V,520,457,-1
1788815697.3673,619973,V,526,462,-1
1788815697.3673,619981,V,529,465,-1
1788815697.3673,619989,V,538,473,-1
1788815697.4155,620003,V,539,474,4209
1788815697.4156,620011,V,538,473,-1
1788815697.4156,620019,V,528,464,-1
1788815697.4156,620027,V,533,468,-1
1788815697.4156,620035,V,538,473,-1
1788815697.4156,620043,V,540,475,-1
1788815697.4638,620056,V,547,481,4210
1788815697.4639,620064,V,511,449,-1
1788815697.4639,620072,V,558,490,-1
1788815697.4639,620080,V,547,481,-1
1788815697.4639,620088,V,547,481,-1
1788815697.4639,620096,V,562,494,-1
1788815697.5138,620110,V,541,475,4211
1788815697.5138,620118,V,529,465,-1
1788815697.5138,620126,V,546,480,-1
1788815697.5138,620134,V,552,485,-1
1788815697.5138,620142,V,536,471,-1
1788815697.5138,620150,V,527,463,-1
1788815697.6113,620164,V,545,479,4212
1788815697.6115,620172,V,531,467,-1
1788815697.6115,620180,V,543,477,-1
1788815697.6115,620188,V,553,486,-1
1788815697.6115,620196,V,527,463,-1
1788815697.6115,620204,V,549,483,-1
1788815697.6595,620218,V,538,473,4213
1788815697.6595,620226,V,548,482,-1
1788815697.6595,620234,V,531,467,-1
1788815697.6595,620242,V,543,477,-1
1788815697.6595,620250,V,556,489,-1
1788815697.6595,620258,V,550,483,-1
1788815697.7075,620272,V,565,497,4214
1788815697.7075,620280,V,555,488,-1
1788815697.7075,620288,V,573,504,-1
1788815697.7075,620296,V,552,485,-1
1788815697.7075,620304,V,568,499,-1
1788815697.7075,620312,V,570,501,-1
1788815697.7557,620325,V,574,504,4215
1788815697.7557,620333,V,579,509,-1
1788815697.7557,620341,V,597,525,-1
1788815697.7557,620349,V,587,516,-1
1788815697.7557,620357,V,571,502,-1
1788815697.7557,620365,V,606,533,-1
1788815697.8047,620379,V,597,525,4216
1788815697.8047,620387,V,612,538,-1
1788815697.8047,620395,V,586,515,-1
1788815697.8047,620403,V,594,522,-1
1788815697.8047,620411,V,606,533,-1
1788815697.8047,620419,V,588,517,-1
1788815697.8539,620433,V,616,541,4217
1788815697.8540,620441,V,619,544,-1
1788815697.8540,620449,V,622,547,-1
1788815697.8540,620457,V,636,559,-1
1788815697.8541,620465,V,622,547,-1
1788815697.8541,620473,V,658,578,-1
1788815697.9522,620486,V,651,572,4218
1788815697.9522,620494,V,651,572,-1
1788815697.9522,620502,V,664,584,-1
1788815697.9522,620510,V,670,589,-1
1788815697.9522,620518,V,664,584,-1
1788815697.9522,620526,V,668,587,-1
1788815697.9524,620540,V,683,600,4219
1788815697.9524,620548,V,683,600,-1
1788815697.9524,620556,V,700,615,-1
1788815697.9524,620564,V,696,612,-1
1788815697.9524,620572,V,702,617,-1
1788815697.9524,620580,V,697,613,-1
1788815698.0493,620594,V,708,622,4220
1788815698.0493,620602,V,727,639,-1
1788815698.0493,620610,V,723,635,-1
1788815698.0493,620618,V,733,644,-1
1788815698.0493,620626,V,742,652,-1
1788815698.0493,620634,V,745,655,-1
1788815698.0506,620648,V,750,659,4221
1788815698.0507,620656,V,753,662,-1
1788815698.0507,620664,V,759,667,-1
1788815698.0507,620672,V,771,678,-1
1788815698.0507,620680,V,775,681,-1
1788815698.0507,620688,V,793,697,-1
1788815698.1465,620701,V,792,696,4222
1788815698.1466,620709,V,802,705,-1
1788815698.1466,620717,V,814,715,-1
1788815698.1466,620725,V,820,721,-1
1788815698.1466,620733,V,831,730,-1
1788815698.1466,620741,V,845,743,-1
1788815698.1956,620755,V,863,758,4223
1788815698.1956,620763,V,870,765,-1
1788815698.1956,620771,V,944,830,-1
1788815698.1956,620779,V,1131,994,-1
1788815698.1956,620787,V,1156,1016,-1
1788815698.1956,620795,V,1166,1025,-1
1788815698.2447,620809,V,1173,1031,4224
1788815698.2447,620817,V,1172,1030,-1
1788815698.2447,620825,V,1174,1032,-1
1788815698.2447,620833,V,1175,1033,-1
1788815698.2447,620841,V,1176,1034,-1
1788815698.2447,620849,V,1179,1036,-1
1788815698.2460,620890,KEYDOWN,,,
1788815698.3903,620862,V,1181,1038,4225
1788815698.3905,620870,V,1181,1038,-1
1788815698.3905,620878,V,1180,1037,-1
1788815698.3905,620886,V,1182,1039,-1
1788815698.3905,620894,V,1185,1042,-1
1788815698.3905,620902,V,1184,1041,-1
1788815698.3915,620916,V,1184,1041,4226
1788815698.3916,620924,V,1187,1043,-1
1788815698.3916,620932,V,1187,1043,-1
1788815698.3916,620940,V,1188,1044,-1
1788815698.3916,620948,V,1186,1042,-1
1788815698.3916,620956,V,1186,1042,-1
1788815698.3918,620970,V,1189,1045,4227
1788815698.3918,620978,V,1191,1047,-1
1788815698.3918,620986,V,1191,1047,-1
1788815698.3918,620994,V,1189,1045,-1
1788815698.3918,621002,V,1189,1045,-1
1788815698.3919,621010,V,1189,1045,-1
1788815698.4399,621024,V,1189,1045,4228
1788815698.4400,621032,V,1190,1046,-1
1788815698.4400,621040,V,1189,1045,-1
1788815698.4400,621048,V,1190,1046,-1
1788815698.4400,621056,V,1187,1043,-1
1788815698.4400,621064,V,1186,1042,-1
1788815698.4878,621078,V,1187,1043,4229
1788815698.4879,621086,V,1183,1040,-1
1788815698.4879,621094,V,1184,1041,-1
1788815698.4879,621102,V,1187,1043,-1
1788815698.4879,621110,V,1186,1042,-1
1788815698.4879,621118,V,1185,1042,-1
1788815698.5372,621132,V,1188,1044,4230
1788815698.5372,621140,V,1186,1042,-1
1788815698.5372,621148,V,1184,1041,-1
1788815698.5372,621156,V,1187,1043,-1
1788815698.5373,621164,V,1187,1043,-1
1788815698.5373,621172,V,1188,1044,-1
1788815698.5859,621185,V,1189,1045,4231
1788815698.5859,621193,V,1186,1042,-1
1788815698.5859,621201,V,1183,1040,-1
1788815698.5859,621209,V,1187,1043,-1
1788815698.5860,621217,V,1189,1045,-1
1788815698.5860,621225,V,1190,1046,-1
1788815698.6830,621239,V,1188,1044,4232
1788815698.6832,621247,V,1185,1042,-1
1788815698.6832,621255,V,1188,1044,-1
1788815698.6832,621263,V,1186,1042,-1
1788815698.6832,621271,V,1187,1043,-1
1788815698.6832,621279,V,1185,1042,-1
1788815698.7316,621293,V,1185,1042,4233
1788815698.7317,621301,V,1187,1043,-1
1788815698.7317,621309,V,1186,1042,-1
1788815698.7317,621317,V,1186,1042,-1
1788815698.7317,621325,V,1189,1045,-1
1788815698.7317,621333,V,1187,1043,-1
1788815698.7801,621346,V,1183,1040,4234
1788815698.7801,621354,V,1186,1042,-1
1788815698.7801,621362,V,1186,1042,-1
1788815698.7801,621370,V,1184,1041,-1
1788815698.7801,621378,V,1186,1042,-1
1788815698.7801,621386,V,1184,1041,-1
1788815698.8288,621400,V,1184,1041,4235
1788815698.8288,621408,V,1182,1039,-1
1788815698.8288,621416,V,1183,1040,-1
1788815698.8288,621424,V,1183,1040,-1
1788815698.8288,621432,V,1182,1039,-1
1788815698.8288,621440,V,1179,1036,-1
1788815698.8776,621454,V,1178,1035,4236
1788815698.8777,621462,V,1175,1033,-1
1788815698.8777,621470,V,1172,1030,-1
1788815698.8777,621478,V,1172,1030,-1
1788815698.8777,621486,V,1167,1026,-1
1788815698.8777,621494,V,1164,1023,-1
1788815698.9266,621508,V,1159,1019,4237
1788815698.9268,621516,V,1152,1013,-1
1788815698.9268,621524,V,1137,999,-1
1788815698.9268,621532,V,1054,926,-1
1788815698.9269,621540,V,952,837,-1
1788815698.9269,621548,V,889,781,-1
1788815698.9771,621561,V,871,766,4238
1788815698.9772,621569,V,848,745,-1
1788815698.9772,621577,V,829,729,-1
1788815698.9772,621585,V,816,717,-1
1788815698.9772,621593,V,800,703,-1
1788815698.9772,621601,V,792,696,-1
1788815699.0744,621615,V,785,690,4239
1788815699.0745,621623,V,771,678,-1
1788815699.0745,621631,V,758,666,-1
1788815699.0745,621639,V,744,654,-1
1788815699.0745,621647,V,731,642,-1
1788815699.0745,621655,V,714,628,-1
1788815699.0749,621669,V,724,636,4240
1788815699.0749,621677,V,710,624,-1
1788815699.0749,621685,V,703,618,-1
1788815699.0749,621693,V,698,613,-1
1788815699.0749,621701,V,681,599,-1
1788815699.0749,621709,V,686,603,-1
1788815699.1215,621741,KEYUP,,,
1788815699.1227,621723,V,671,590,4241
1788815699.1227,621731,V,641,563,-1
1788815699.1227,621739,V,649,570,-1
1788815699.1227,621747,V,636,559,-1
1788815699.1227,621755,V,624,548,-1
1788815699.1227,621763,V,635,558,-1
1788815699.2678,621777,V,624,548,4242
1788815699.2680,621785,V,617,542,-1
1788815699.2680,621793,V,598,526,-1
1788815699.2680,621801,V,594,522,-1
1788815699.2680,621809,V,589,518,-1
1788815699.2680,621817,V,603,530,-1
1788815699.3166,621830,V,572,503,4243
1788815699.3166,621838,V,570,501,-1
1788815699.3166,621846,V,567,498,-1
1788815699.3166,621854,V,568,499,-1
1788815699.3166,621862,V,571,502,-1
1788815699.3166,621870,V,541,475,-1
1788815699.3176,621884,V,546,480,4244
1788815699.3176,621892,V,559,491,-1
1788815699.3176,621900,V,530,466,-1
1788815699.3176,621908,V,544,478,-1
1788815699.3176,621916,V,539,474,-1
1788815699.3177,621924,V,542,476,-1
1788815699.3651,621938,V,565,497,4245
1788815699.3651,621946,V,535,470,-1
1788815699.3651,621954,V,541,475,-1
1788815699.3651,621962,V,558,490,-1
1788815699.3651,621970,V,541,475,-1
1788815699.3651,621978,V,540,475,-1
1788815699.4138,621992,V,547,481,4246
1788815699.4138,622000,V,526,462,-1
1788815699.4138,622008,V,530,466,-1
1788815699.4138,622016,V,524,461,-1
1788815699.4138,622024,V,534,469,-1
1788815699.4138,622032,V,526,462,-1
1788815699.4625,622045,V,508,446,4247
1788815699.4625,622053,V,513,451,-1
1788815699.4625,622061,V,557,490,-1
1788815699.4625,622069,V,558,490,-1
1788815699.4625,622077,V,540,475,-1
1788815699.4625,622085,V,516,454,-1
1788815699.5113,622099,V,561,493,4248
1788815699.5114,622107,V,541,475,-1
1788815699.5114,622115,V,516,454,-1
1788815699.5114,622123,V,521,458,-1
1788815699.5115,622131,V,537,472,-1
1788815699.5115,622139,V,528,464,-1
1788815699.5600,622153,V,526,462,4249
1788815699.5600,622161,V,539,474,-1
1788815699.5600,622169,V,540,475,-1
1788815699.5600,622177,V,524,461,-1
1788815699.5601,622185,V,514,452,-1
1788815699.5601,622193,V,509,447,-1
1788815699.6087,622206,V,518,455,4250
1788815699.6088,622214,V,523,460,-1
1788815699.6088,622222,V,513,451,-1
1788815699.6088,622230,V,525,461,-1
1788815699.6088,622238,V,527,463,-1
1788815699.6088,622246,V,517,454,-1
1788815699.7065,622260,V,528,464,4251
1788815699.7065,622268,V,532,468,-1
1788815699.7065,622276,V,536,471,-1
1788815699.7066,622284,V,533,468,-1
1788815699.7066,622292,V,542,476,-1
1788815699.7066,622300,V,562,494,-1
1788815699.7553,622314,V,550,483,4252
1788815699.7554,622322,V,532,468,-1
1788815699.7554,622330,V,537,472,-1
1788815699.7555,622338,V,560,492,-1
1788815699.7555,622346,V,545,479,-1
1788815699.7555,622354,V,534,469,-1
1788815699.8044,622368,V,557,490,4253
1788815699.8044,622376,V,539,474,-1
1788815699.8044,622384,V,563,495,-1
1788815699.8044,622392,V,548,482,-1
1788815699.8044,622400,V,532,468,-1
1788815699.8044,622408,V,562,494,-1
1788815699.9014,622421,V,572,503,4254
1788815699.9014,622429,V,558,490,-1
1788815699.9014,622437,V,562,494,-1
1788815699.9014,622445,V,582,512,-1
1788815699.9014,622453,V,588,517,-1
1788815699.9014,622461,V,569,500,-1
1788815699.9025,622475,V,585,514,4255
1788815699.9025,622483,V,579,509,-1
1788815699.9025,622491,V,589,518,-1
1788815699.9025,622499,V,605,532,-1
1788815699.9025,622507,V,589,518,-1
1788815699.9025,622515,V,619,544,-1
1788815699.9506,622529,V,605,532,4256
1788815699.9507,622537,V,620,545,-1
1788815699.9507,622545,V,628,552,-1
1788815699.9507,622553,V,622,547,-1
1788815699.9507,622561,V,646,568,-1
1788815699.9507,622569,V,632,555,-1
1788815699.9995,622583,V,664,584,4257
1788815700.0014,622591,V,656,577,-1
1788815700.0017,622599,V,665,584,-1
1788815700.0017,622607,V,672,591,-1
1788815700.0017,622615,V,675,593,-1
1788815700.0017,622623,V,679,597,-1
1788815700.0479,622636,V,691,607,4258
1788815700.0479,622644,V,704,619,-1
1788815700.0479,622652,V,704,619,-1
1788815700.0479,622660,V,720,633,-1
1788815700.0480,622668,V,725,637,-1
1788815700.0480,622676,V,732,643,-1
1788815700.0985,622690,V,739,650,4259
1788815700.0985,622698,V,757,665,-1
1788815700.0986,622706,V,758,666,-1
1788815700.0986,622714,V,758,666,-1
1788815700.0986,622722,V,782,687,-1
1788815700.0986,622730,V,773,679,-1
1788815700.1473,622744,V,788,693,4260
1788815700.1474,622752,V,804,707,-1
1788815700.1474,622760,V,802,705,-1
1788815700.1474,622768,V,805,708,-1
1788815700.1474,622776,V,816,717,-1
1788815700.1474,622784,V,832,731,-1
1788815700.2438,622797,V,839,737,4261
1788815700.2439,622805,V,859,755,-1
1788815700.2439,622813,V,872,766,-1
1788815700.2440,622821,V,896,788,-1
1788815700.2440,622829,V,1102,969,-1
1788815700.2440,622837,V,1160,1020,-1
1788815700.2955,622851,V,1169,1027,4262
1788815700.2956,622859,V,1177,1034,-1
1788815700.2956,622867,V,1182,1039,-1
1788815700.2956,622875,V,1186,1042,-1
1788815700.2956,622883,V,1184,1041,-1
1788815700.2956,622891,V,1186,1042,-1
1788815700.3407,622941,KEYDOWN,,,
1788815700.3434,622905,V,1188,1044,4263
1788815700.3434,622913,V,1184,1041,-1
1788815700.3434,622921,V,1188,1044,-1
1788815700.3434,622929,V,1186,1042,-1
1788815700.3434,622937,V,1186,1042,-1
1788815700.3434,622945,V,1186,1042,-1
1788815700.3888,622959,V,1187,1043,4264
1788815700.3888,622967,V,1189,1045,-1
1788815700.3888,622975,V,1189,1045,-1
1788815700.3888,622983,V,1190,1046,-1
1788815700.3888,622991,V,1191,1047,-1
1788815700.3888,622999,V,1188,1044,-1
1788815700.4865,623013,V,1192,1048,4265
1788815700.4866,623021,V,1192,1048,-1
1788815700.4866,623029,V,1190,1046,-1
1788815700.4866,623037,V,1191,1047,-1
1788815700.4867,623045,V,1189,1045,-1
1788815700.4867,623053,V,1191,1047,-1
1788815700.5355,623066,V,1190,1046,4266
1788815700.5355,623074,V,1190,1046,-1
1788815700.5355,623082,V,1191,1047,-1
1788815700.5355,623090,V,1192,1048,-1
1788815700.5355,623098,V,1190,1046,-1
1788815700.5355,623106,V,1193,1049,-1
1788815700.5364,623120,V,1193,1049,4267
1788815700.5364,623128,V,1195,1050,-1
1788815700.5364,623136,V,1193,1049,-1
1788815700.5364,623144,V,1191,1047,-1
1788815700.5364,623152,V,1192,1048,-1
1788815700.5365,623160,V,1190,1046,-1
1788815700.5837,623174,V,1191,1047,4268
1788815700.5837,623182,V,1189,1045,-1
1788815700.5837,623190,V,1190,1046,-1
1788815700.5837,623198,V,1190,1046,-1
1788815700.5837,623206,V,1189,1045,-1
1788815700.5837,623214,V,1190,1046,-1
1788815700.6325,623228,V,1189,1045,4269
1788815700.6325,623236,V,1191,1047,-1
1788815700.6325,623244,V,1190,1046,-1
1788815700.6325,623252,V,1187,1043,-1
1788815700.6325,623260,V,1187,1043,-1
1788815700.6325,623268,V,1192,1048,-1
1788815700.6813,623281,V,1190,1046,4270
1788815700.6813,623289,V,1191,1047,-1
1788815700.6813,623297,V,1188,1044,-1
1788815700.6813,623305,V,1191,1047,-1
1788815700.6813,623313,V,1191,1047,-1
1788815700.6813,623321,V,1190,1046,-1
1788815700.7787,623335,V,1191,1047,4271
1788815700.7788,623343,V,1192,1048,-1
1788815700.7789,623351,V,1193,1049,-1
1788815700.7789,623359,V,1193,1049,-1
1788815700.7789,623367,V,1190,1046,-1
1788815700.7789,623375,V,1195,1050,-1
1788815700.8278,623389,V,1193,1049,4272
1788815700.8278,623397,V,1196,1051,-1
1788815700.8278,623405,V,1192,1048,-1
1788815700.8278,623413,V,1195,1050,-1
1788815700.8278,623421,V,1193,1049,-1
1788815700.8278,623429,V,1194,1049,-1
1788815700.8763,623442,V,1190,1046,4273
1788815700.8763,623450,V,1192,1048,-1
1788815700.8763,623458,V,1190,1046,-1
1788815700.8763,623466,V,1188,1044,-1
1788815700.8763,623474,V,1187,1043,-1
1788815700.8763,623482,V,1186,1042,-1
1788815700.9262,623496,V,1184,1041,4274
1788815700.9263,623504,V,1182,1039,-1
1788815700.9263,623512,V,1178,1035,-1
1788815700.9263,623520,V,1173,1031,-1
1788815700.9263,623528,V,1171,1029,-1
1788815700.9263,623536,V,1167,1026,-1
1788815700.9742,623550,V,1156,1016,4275
1788815700.9742,623558,V,1141,1003,-1
1788815700.9742,623566,V,1077,947,-1
1788815700.9742,623574,V,991,871,-1
1788815700.9742,623582,V,901,792,-1
1788815700.9743,623590,V,869,764,-1
1788815701.0727,623604,V,848,745,4276
1788815701.0729,623612,V,831,730,-1
1788815701.0729,623620,V,810,712,-1
1788815701.0730,623628,V,804,707,-1
1788815701.0730,623636,V,794,698,-1
1788815701.0730,623644,V,779,685,-1
1788815701.0732,623657,V,769,676,4277
1788815701.0732,623665,V,758,666,-1
1788815701.0732,623673,V,753,662,-1
1788815701.0732,623681,V,742,652,-1
1788815701.0732,623689,V,729,641,-1
1788815701.0732,623697,V,703,618,-1
1788815701.1207,623711,V,722,635,4278
1788815701.1207,623719,V,699,614,-1
1788815701.1207,623727,V,703,618,-1
1788815701.1209,623735,V,678,596,-1
1788815701.1209,623743,V,678,596,-1
1788815701.1209,623751,V,670,589,-1
1788815701.1700,623784,KEYUP,,,
1788815701.1721,623765,V,649,570,4279
1788815701.1721,623773,V,654,575,-1
1788815701.1721,623781,V,642,564,-1
1788815701.1721,623789,V,629,553,-1
1788815701.1721,623797,V,624,548,-1
1788815701.1722,623805,V,622,547,-1
1788815701.2184,623819,V,612,538,4280
1788815701.2184,623827,V,618,543,-1
1788815701.2184,623835,V,600,527,-1
1788815701.2185,623843,V,610,536,-1
1788815701.2185,623851,V,598,526,-1
1788815701.2185,623859,V,612,538,-1
1788815701.3162,623873,V,578,508,4281
1788815701.3163,623881,V,571,502,-1
1788815701.3163,623889,V,573,504,-1
1788815701.3163,623897,V,582,512,-1
1788815701.3163,623905,V,564,496,-1
1788815701.3163,623913,V,573,504,-1
1788815701.3647,623926,V,570,501,4282
1788815701.3647,623934,V,552,485,-1
1788815701.3647,623942,V,565,497,-1
1788815701.3647,623950,V,560,492,-1
1788815701.3647,623958,V,566,497,-1
1788815701.3647,623966,V,565,497,-1
1788815701.4135,623980,V,539,474,4283
1788815701.4135,623988,V,557,490,-1
1788815701.4135,623996,V,547,481,-1
1788815701.4135,624004,V,563,495,-1
1788815701.4135,624012,V,536,471,-1
1788815701.4135,624020,V,534,469,-1
1788815701.4623,624034,V,542,476,4284
1788815701.4624,624042,V,532,468,-1
1788815701.4624,624050,V,560,492,-1
1788815701.4624,624058,V,527,463,-1
1788815701.4624,624066,V,538,473,-1
1788815701.4624,624074,V,545,479,-1
1788815701.5099,624088,V,524,461,4285
1788815701.5099,624096,V,523,460,-1
1788815701.5100,624104,V,553,486,-1
1788815701.5100,624112,V,532,468,-1
1788815701.5100,624120,V,545,479,-1
1788815701.5100,624128,V,520,457,-1
1788815701.5597,624141,V,518,455,4286
1788815701.5599,624149,V,529,465,-1
1788815701.5599,624157,V,564,496,-1
1788815701.5599,624165,V,539,474,-1
1788815701.5599,624173,V,530,466,-1
1788815701.5599,624181,V,549,483,-1
1788815701.6073,624195,V,540,475,4287
1788815701.6073,624203,V,555,488,-1
1788815701.6073,624211,V,557,490,-1
1788815701.6073,624219,V,540,475,-1
1788815701.6073,624227,V,522,459,-1
1788815701.6073,624235,V,546,480,-1
1788815701.6558,624249,V,539,474,4288
1788815701.6558,624257,V,563,495,-1
1788815701.6558,624265,V,549,483,-1
1788815701.6558,624273,V,569,500,-1
1788815701.6558,624281,V,540,475,-1
1788815701.6558,624289,V,580,510,-1
1788815701.7048,624302,V,551,484,4289
1788815701.7048,624310,V,556,489,-1
1788815701.7048,624318,V,570,501,-1
1788815701.7048,624326,V,573,504,-1
1788815701.7048,624334,V,586,515,-1
1788815701.7048,624342,V,567,498,-1
1788815701.8035,624356,V,614,540,4290
1788815701.8036,624364,V,578,508,-1
1788815701.8036,624372,V,600,527,-1
1788815701.8036,624380,V,585,514,-1
1788815701.8036,624388,V,597,525,-1
1788815701.8036,624396,V,635,558,-1
1788815701.8530,624410,V,608,534,4291
1788815701.8530,624418,V,612,538,-1
1788815701.8530,624426,V,618,543,-1
1788815701.8530,624434,V,631,555,-1
1788815701.8530,624442,V,631,555,-1
1788815701.8530,624450,V,638,561,-1
1788815701.9029,624464,V,620,545,4292
1788815701.9029,624472,V,640,563,-1
1788815701.9029,624480,V,637,560,-1
1788815701.9029,624488,V,641,563,-1
1788815701.9029,624496,V,659,579,-1
1788815701.9029,624504,V,660,580,-1
1788815701.9499,624517,V,659,579,4293
1788815701.9499,624525,V,667,586,-1
1788815701.9499,624533,V,684,601,-1
1788815701.9499,624541,V,674,592,-1
1788815701.9499,624549,V,692,608,-1
1788815701.9499,624557,V,694,610,-1
1788815702.0003,624571,V,694,610,4294
1788815702.0005,624579,V,692,608,-1
1788815702.0005,624587,V,694,610,-1
1788815702.0005,624595,V,715,628,-1
1788815702.0005,624603,V,720,633,-1
1788815702.0005,624611,V,724,636,-1
1788815702.0465,624625,V,735,646,4295
1788815702.0467,624633,V,739,650,-1
1788815702.0467,624641,V,744,654,-1
1788815702.0467,624649,V,744,654,-1
1788815702.0467,624657,V,753,662,-1
1788815702.0467,624665,V,755,664,-1
1788815702.0963,624679,V,780,686,4296
1788815702.0963,624687,V,774,680,-1
1788815702.0963,624695,V,782,687,-1
1788815702.0963,624703,V,785,690,-1
1788815702.0963,624711,V,801,704,-1
1788815702.0963,624719,V,811,713,-1
1788815702.1440,624732,V,818,719,4297
1788815702.1441,624740,V,823,723,-1
1788815702.1441,624748,V,836,735,-1
1788815702.1441,624756,V,843,741,-1
1788815702.1441,624764,V,861,757,-1
1788815702.1441,624772,V,879,773,-1
1788815702.1926,624786,V,909,799,4298
1788815702.1926,624794,V,1035,910,-1
1788815702.1926,624802,V,1085,954,-1
1788815702.1926,624810,V,1104,970,-1
1788815702.1926,624818,V,1115,980,-1
1788815702.1926,624826,V,1121,985,-1
1788815702.2412,624840,V,1133,996,4299
1788815702.2412,624848,V,1139,1001,-1
1788815702.2412,624856,V,1159,1019,-1
1788815702.2412,624864,V,1177,1034,-1
1788815702.2412,624872,V,1192,1048,-1
1788815702.2412,624880,V,1206,1060,-1
1788815702.2910,624903,KEYDOWN,,,
1788815702.3396,624894,V,1217,1070,4300
1788815702.3398,624902,V,1232,1083,-1
1788815702.3398,624910,V,1239,1089,-1
1788815702.3398,624918,V,1244,1093,-1
1788815702.3398,624926,V,1249,1098,-1
1788815702.3398,624934,V,1254,1102,-1
1788815702.3886,624947,V,1255,1103,4301
1788815702.3886,624955,V,1255,1103,-1
1788815702.3886,624963,V,1254,1102,-1
1788815702.3886,624971,V,1255,1103,-1
1788815702.3886,624979,V,1255,1103,-1
1788815702.3886,624987,V,1251,1100,-1
1788815702.4373,625001,V,1250,1099,4302
1788815702.4373,625009,V,1244,1093,-1
1788815702.4373,625017,V,1237,1087,-1
1788815702.4373,625025,V,1227,1078,-1
1788815702.4373,625033,V,1219,1071,-1
1788815702.4373,625041,V,1214,1067,-1
1788815702.4859,625055,V,1207,1061,4303
1788815702.4859,625063,V,1204,1058,-1
1788815702.4859,625071,V,1195,1050,-1
1788815702.4859,625079,V,1190,1046,-1
1788815702.4859,625087,V,1184,1041,-1
1788815702.4859,625095,V,1171,1029,-1
1788815702.5827,625109,V,1154,1014,4304
1788815702.5828,625117,V,1139,1001,-1
1788815702.5829,625125,V,1123,987,-1
1788815702.5829,625133,V,1111,976,-1
1788815702.5829,625141,V,1102,969,-1
1788815702.5829,625149,V,1102,969,-1
1788815702.5845,625162,V,1111,976,4305
1788815702.5845,625170,V,1123,987,-1
1788815702.5845,625178,V,1131,994,-1
1788815702.5845,625186,V,1143,1005,-1
1788815702.5845,625194,V,1154,1014,-1
1788815702.5845,625202,V,1167,1026,-1
1788815702.6324,625216,V,1173,1031,4306
1788815702.6324,625224,V,1179,1036,-1
1788815702.6324,625232,V,1186,1042,-1
1788815702.6324,625240,V,1190,1046,-1
1788815702.6324,625248,V,1196,1051,-1
1788815702.6324,625256,V,1201,1056,-1
1788815702.7289,625270,V,1204,1058,4307
1788815702.7289,625278,V,1207,1061,-1
1788815702.7289,625286,V,1204,1058,-1
1788815702.7289,625294,V,1206,1060,-1
1788815702.7289,625302,V,1208,1062,-1
1788815702.7289,625310,V,1202,1056,-1
1788815702.7301,625324,V,1204,1058,4308
1788815702.7301,625332,V,1204,1058,-1
1788815702.7301,625340,V,1202,1056,-1
1788815702.7301,625348,V,1205,1059,-1
1788815702.7301,625356,V,1206,1060,-1
1788815702.7301,625364,V,1207,1061,-1
1788815702.7782,625377,V,1204,1058,4309
1788815702.7782,625385,V,1206,1060,-1
1788815702.7783,625393,V,1207,1061,-1
1788815702.7783,625401,V,1207,1061,-1
1788815702.7783,625409,V,1206,1060,-1
1788815702.7783,625417,V,1210,1063,-1
1788815702.9239,625431,V,1205,1059,4310
1788815702.9240,625439,V,1204,1058,-1
1788815702.9240,625447,V,1200,1055,-1
1788815702.9241,625455,V,1198,1053,-1
1788815702.9241,625463,V,1195,1050,-1
1788815702.9241,625471,V,1188,1044,-1
1788815702.9738,625485,V,1177,1034,4311
1788815702.9738,625493,V,1160,1020,-1
1788815702.9739,625501,V,1137,999,-1
1788815702.9739,625509,V,1105,971,-1
1788815702.9739,625517,V,1055,927,-1
1788815702.9739,625525,V,962,846,-1
1788815703.0227,625539,V,869,764,4312
1788815703.0228,625547,V,855,751,-1
1788815703.0228,625555,V,826,726,-1
1788815703.0228,625563,V,810,712,-1
1788815703.0228,625571,V,796,700,-1
1788815703.0228,625579,V,777,683,-1
1788815703.0238,625592,V,772,679,4313
1788815703.0239,625600,V,762,670,-1
1788815703.0239,625608,V,752,661,-1
1788815703.0239,625616,V,732,643,-1
1788815703.0239,625624,V,731,642,-1
1788815703.0239,625632,V,719,632,-1
1788815703.0707,625647,V,705,620,4314
1788815703.0708,625655,V,707,621,-1
1788815703.0708,625663,V,684,601,-1
1788815703.0708,625671,V,677,595,-1
1788815703.0708,625679,V,676,594,-1
1788815703.0708,625687,V,666,585,-1
1788815703.1687,625728,KEYUP,,,
1788815703.1704,625700,V,655,576,4315
1788815703.1706,625708,V,646,568,-1
1788815703.1707,625716,V,628,552,-1
1788815703.1707,625724,V,632,555,-1
1788815703.1707,625732,V,611,537,-1
1788815703.1707,625740,V,610,536,-1
1788815703.1709,625754,V,614,540,4316
1788815703.1709,625762,V,587,516,-1
1788815703.1709,625770,V,593,521,-1
1788815703.1709,625778,V,590,519,-1
1788815703.1709,625786,V,586,515,-1
1788815703.1710,625794,V,591,519,-1
1788815703.2168,625808,V,578,508,4317
1788815703.2168,625816,V,569,500,-1
1788815703.2168,625824,V,572,503,-1
1788815703.2168,625832,V,578,508,-1
1788815703.2168,625840,V,569,500,-1
1788815703.2168,625848,V,573,504,-1
1788815703.2660,625862,V,582,512,4318
1788815703.2660,625870,V,557,490,-1
1788815703.2661,625878,V,562,494,-1
1788815703.2661,625886,V,534,469,-1
1788815703.2661,625894,V,538,473,-1
1788815703.2661,625902,V,532,468,-1
1788815703.3147,625915,V,549,483,4319
1788815703.3147,625923,V,574,504,-1
1788815703.3147,625931,V,524,461,-1
1788815703.3147,625939,V,523,460,-1
1788815703.3147,625947,V,544,478,-1
1788815703.3148,625955,V,537,472,-1
1788815703.4114,625969,V,532,468,4320
1788815703.4115,625977,V,554,487,-1
1788815703.4116,625985,V,547,481,-1
1788815703.4116,625993,V,525,461,-1
1788815703.4116,626001,V,539,474,-1
1788815703.4116,626009,V,548,482,-1
1788815703.4601,626023,V,539,474,4321
1788815703.4602,626031,V,521,458,-1
1788815703.4602,626039,V,546,480,-1
1788815703.4602,626047,V,541,475,-1
1788815703.4602,626055,V,564,496,-1
1788815703.4602,626063,V,531,467,-1
1788815703.5089,626077,V,554,487,4322
1788815703.5089,626085,V,553,486,-1
1788815703.5089,626093,V,561,493,-1
1788815703.5089,626101,V,540,475,-1
1788815703.5089,626109,V,527,463,-1
1788815703.5089,626117,V,529,465,-1
1788815703.5575,626130,V,566,497,4323
1788815703.5575,626138,V,554,487,-1
1788815703.5576,626146,V,550,483,-1
1788815703.5576,626154,V,577,507,-1
1788815703.5576,626162,V,562,494,-1
1788815703.5576,626170,V,532,468,-1
1788815703.6064,626184,V,542,476,4324
1788815703.6064,626192,V,575,505,-1
1788815703.6064,626200,V,555,488,-1
1788815703.6064,626208,V,566,497,-1
1788815703.6064,626216,V,562,494,-1
1788815703.6064,626224,V,580,510,-1
1788815703.6560,626238,V,585,514,4325
1788815703.6561,626246,V,574,504,-1
1788815703.6561,626254,V,595,523,-1
1788815703.6561,626262,V,590,519,-1
1788815703.6561,626270,V,591,519,-1
1788815703.6561,626278,V,606,533,-1
1788815703.7041,626291,V,604,531,4326
1788815703.7042,626299,V,604,531,-1
1788815703.7042,626307,V,605,532,-1
1788815703.7042,626315,V,608,534,-1
1788815703.7042,626323,V,616,541,-1
1788815703.7042,626331,V,623,548,-1
1788815703.7523,626345,V,631,555,4327
1788815703.7523,626353,V,628,552,-1
1788815703.7524,626361,V,632,555,-1
1788815703.7524,626369,V,637,560,-1
1788815703.7524,626377,V,663,583,-1
1788815703.7524,626385,V,649,570,-1
1788815703.8022,626399,V,670,589,4328
1788815703.8022,626407,V,686,603,-1
1788815703.8022,626415,V,679,597,-1
1788815703.8023,626423,V,683,600,-1
1788815703.8023,626431,V,700,615,-1
1788815703.8023,626439,V,690,606,-1
1788815703.8997,626453,V,719,632,4329
1788815703.8999,626461,V,709,623,-1
1788815703.8999,626469,V,722,635,-1
1788815703.8999,626477,V,726,638,-1
1788815703.8999,626485,V,738,649,-1
1788815703.8999,626493,V,745,655,-1
1788815703.9480,626506,V,745,655,4330
1788815703.9480,626514,V,760,668,-1
1788815703.9480,626522,V,767,674,-1
1788815703.9480,626530,V,768,675,-1
1788815703.9480,626538,V,770,677,-1
1788815703.9480,626546,V,774,680,-1
1788815703.9977,626560,V,799,702,4331
1788815703.9978,626568,V,793,697,-1
1788815703.9978,626576,V,809,711,-1
1788815703.9978,626584,V,825,725,-1
1788815703.9978,626592,V,826,726,-1
1788815703.9978,626600,V,842,740,-1
1788815704.0464,626614,V,852,749,4332
1788815704.0465,626622,V,883,776,-1
1788815704.0465,626630,V,927,815,-1
1788815704.0465,626638,V,1127,991,-1
1788815704.0465,626646,V,1150,1011,-1
1788815704.0465,626654,V,1146,1007,-1
1788815704.0939,626668,V,1129,992,4333
1788815704.0939,626676,V,1103,969,-1
1788815704.0939,626684,V,1097,964,-1
1788815704.0939,626692,V,1108,974,-1
1788815704.0939,626700,V,1131,994,-1
1788815704.0939,626708,V,1142,1004,-1
1788815704.1437,626749,KEYDOWN,,,
1788815704.1440,626721,V,1156,1016,4334
1788815704.1440,626729,V,1168,1027,-1
1788815704.1440,626737,V,1181,1038,-1
1788815704.1440,626745,V,1189,1045,-1
1788815704.1440,626753,V,1196,1051,-1
1788815704.1440,626761,V,1200,1055,-1
1788815704.2401,626775,V,1204,1058,4335
1788815704.2402,626783,V,1204,1058,-1
1788815704.2402,626791,V,1206,1060,-1
1788815704.2402,626799,V,1208,1062,-1
1788815704.2402,626807,V,1210,1063,-1
1788815704.2402,626815,V,1211,1064,-1
1788815704.2415,626829,V,1210,1063,4336
1788815704.2415,626837,V,1209,1063,-1
1788815704.2415,626845,V,1205,1059,-1
1788815704.2415,626853,V,1199,1054,-1
1788815704.2415,626861,V,1192,1048,-1
1788815704.2415,626869,V,1180,1037,-1
1788815704.2886,626883,V,1164,1023,4337
1788815704.2886,626891,V,1141,1003,-1
1788815704.2886,626899,V,1115,980,-1
1788815704.2886,626907,V,1082,951,-1
1788815704.2886,626915,V,1045,918,-1
1788815704.2886,626923,V,1008,886,-1
1788815704.3378,626937,V,971,853,4338
1788815704.3379,626945,V,963,846,-1
1788815704.3379,626953,V,987,867,-1
1788815704.3379,626961,V,1040,914,-1
1788815704.3379,626969,V,1070,940,-1
1788815704.3379,626977,V,1102,969,-1
1788815704.4355,626990,V,1122,986,4339
1788815704.4356,626998,V,1136,998,-1
1788815704.4356,627006,V,1147,1008,-1
1788815704.4357,627014,V,1159,1019,-1
1788815704.4357,627022,V,1168,1027,-1
1788815704.4357,627030,V,1172,1030,-1
1788815704.4842,627044,V,1176,1034,4340
1788815704.4842,627052,V,1176,1034,-1
1788815704.4842,627060,V,1179,1036,-1
1788815704.4842,627068,V,1181,1038,-1
1788815704.4842,627076,V,1187,1043,-1
1788815704.4842,627084,V,1189,1045,-1
1788815704.5326,627098,V,1188,1044,4341
1788815704.5327,627106,V,1190,1046,-1
1788815704.5327,627114,V,1190,1046,-1
1788815704.5327,627122,V,1192,1048,-1
1788815704.5327,627130,V,1192,1048,-1
1788815704.5327,627138,V,1192,1048,-1
1788815704.5811,627151,V,1191,1047,4342
1788815704.5812,627159,V,1190,1046,-1
1788815704.5812,627167,V,1193,1049,-1
1788815704.5812,627175,V,1193,1049,-1
1788815704.5812,627183,V,1194,1049,-1
1788815704.5812,627191,V,1195,1050,-1
1788815704.6791,627205,V,1197,1052,4343
1788815704.6793,627213,V,1197,1052,-1
1788815704.6793,627221,V,1196,1051,-1
1788815704.6793,627229,V,1198,1053,-1
1788815704.6793,627237,V,1198,1053,-1
1788815704.6793,627245,V,1197,1052,-1
1788815704.6806,627259,V,1198,1053,4344
1788815704.6806,627267,V,1199,1054,-1
1788815704.6806,627275,V,1200,1055,-1
1788815704.6806,627283,V,1194,1049,-1
1788815704.6806,627291,V,1197,1052,-1
1788815704.6806,627299,V,1194,1049,-1
1788815704.7280,627313,V,1191,1047,4345
1788815704.7280,627321,V,1190,1046,-1
1788815704.7280,627329,V,1187,1043,-1
1788815704.7280,627337,V,1182,1039,-1
1788815704.7280,627345,V,1181,1038,-1
1788815704.7280,627353,V,1174,1032,-1
1788815704.8252,627366,V,1167,1026,4346
1788815704.8252,627374,V,1152,1013,-1
1788815704.8252,627382,V,1136,998,-1
1788815704.8252,627390,V,1104,970,-1
1788815704.8252,627398,V,1061,933,-1
1788815704.8253,627406,V,997,876,-1
1788815704.8264,627420,V,977,859,4347
1788815704.8264,627428,V,947,832,-1
1788815704.8264,627436,V,906,796,-1
1788815704.8264,627444,V,881,774,-1
1788815704.8264,627452,V,866,761,-1
1788815704.8264,627460,V,848,745,-1
1788815704.8739,627474,V,833,732,4348
1788815704.8739,627482,V,823,723,-1
1788815704.8739,627490,V,814,715,-1
1788815704.8739,627498,V,805,708,-1
1788815704.8740,627506,V,787,692,-1
1788815704.8740,627514,V,784,689,-1
1788815704.9720,627528,V,767,674,4349
1788815704.9721,627536,V,758,666,-1
1788815704.9722,627544,V,764,671,-1
1788815704.9722,627552,V,732,643,-1
1788815704.9722,627560,V,726,638,-1
1788815704.9722,627568,V,717,630,-1
1788815705.0209,627581,V,711,625,4350
1788815705.0209,627589,V,701,616,-1
1788815705.0209,627597,V,682,599,-1
1788815705.0209,627605,V,672,591,-1
1788815705.0209,627613,V,672,591,-1
1788815705.0209,627621,V,667,586,-1
1788815705.0224,627636,KEYUP,,,
1788815705.0690,627635,V,655,576,4351
1788815705.0690,627643,V,640,563,-1
1788815705.0690,627651,V,635,558,-1
1788815705.0690,627659,V,627,551,-1
1788815705.0690,627667,V,631,555,-1
1788815705.0690,627675,V,594,522,-1
1788815705.1667,627689,V,606,533,4352
1788815705.1667,627697,V,597,525,-1
1788815705.1667,627705,V,571,502,-1
1788815705.1667,627713,V,612,538,-1
1788815705.1668,627721,V,571,502,-1
1788815705.1668,627729,V,580,510,-1
1788815705.1678,627743,V,567,498,4353
1788815705.1678,627751,V,574,504,-1
1788815705.1679,627759,V,576,506,-1
1788815705.1679,627767,V,553,486,-1
1788815705.1679,627775,V,566,497,-1
1788815705.1679,627783,V,545,479,-1
1788815705.2152,627796,V,544,478,4354
1788815705.2153,627804,V,546,480,-1
1788815705.2153,627812,V,553,486,-1
1788815705.2153,627820,V,566,497,-1
1788815705.2153,627828,V,532,468,-1
1788815705.2154,627836,V,537,472,-1
1788815705.2641,627850,V,529,465,4355
1788815705.2641,627858,V,544,478,-1
1788815705.2641,627866,V,521,458,-1
1788815705.2641,627874,V,532,468,-1
1788815705.2641,627882,V,524,461,-1
1788815705.2641,627890,V,546,480,-1
1788815705.3127,627904,V,511,449,4356
1788815705.3127,627912,V,531,467,-1
1788815705.3127,627920,V,515,453,-1
1788815705.3127,627928,V,505,444,-1
1788815705.3127,627936,V,528,464,-1
1788815705.3127,627944,V,528,464,-1
1788815705.3614,627958,V,529,465,4357
1788815705.3614,627966,V,522,459,-1
1788815705.3615,627974,V,525,461,-1
1788815705.3615,627982,V,525,461,-1
1788815705.3615,627990,V,539,474,-1
1788815705.3615,627998,V,538,473,-1
1788815705.4098,628011,V,504,443,4358
1788815705.4098,628019,V,511,449,-1
1788815705.4098,628027,V,522,459,-1
1788815705.4098,628035,V,541,475,-1
1788815705.4098,628043,V,548,482,-1
1788815705.4098,628051,V,537,472,-1
1788815705.5075,628065,V,528,464,4359
1788815705.5076,628073,V,507,446,-1
1788815705.5076,628081,V,549,483,-1
1788815705.5077,628089,V,541,475,-1
1788815705.5077,628097,V,543,477,-1
1788815705.5077,628105,V,529,465,-1
1788815705.5561,628119,V,515,453,4360
1788815705.5561,628127,V,537,472,-1
1788815705.5561,628135,V,540,475,-1
1788815705.5561,628143,V,533,468,-1
1788815705.5561,628151,V,566,497,-1
1788815705.5561,628159,V,538,473,-1
1788815705.6049,628173,V,533,468,4361
1788815705.6049,628181,V,568,499,-1
1788815705.6050,628189,V,560,492,-1
1788815705.6050,628197,V,565,497,-1
1788815705.6050,628205,V,561,493,-1
1788815705.6050,628213,V,587,516,-1
1788815705.6537,628226,V,561,493,4362
1788815705.6537,628234,V,588,517,-1
1788815705.6537,628242,V,586,515,-1
1788815705.6537,628250,V,586,515,-1
1788815705.6538,628258,V,603,530,-1
1788815705.6538,628266,V,583,512,-1
1788815705.7512,628280,V,625,549,4363
1788815705.7512,628288,V,606,533,-1
1788815705.7512,628296,V,615,541,-1
1788815705.7512,628304,V,611,537,-1
1788815705.7513,628312,V,625,549,-1
1788815705.7513,628320,V,640,563,-1
1788815705.7523,628334,V,642,564,4364
1788815705.7523,628342,V,648,570,-1
1788815705.7523,628350,V,649,570,-1
1788815705.7523,628358,V,668,587,-1
1788815705.7523,628366,V,670,589,-1
1788815705.7523,628374,V,699,614,-1
1788815705.8002,628388,V,695,611,4365
1788815705.8002,628396,V,702,617,-1
1788815705.8002,628404,V,706,621,-1
1788815705.8003,628412,V,712,626,-1
1788815705.8003,628420,V,716,629,-1
1788815705.8003,628428,V,724,636,-1
1788815705.8489,628441,V,743,653,4366
1788815705.8489,628449,V,755,664,-1
1788815705.8490,628457,V,749,658,-1
1788815705.8490,628465,V,759,667,-1
1788815705.8490,628473,V,768,675,-1
1788815705.8490,628481,V,780,686,-1
1788815705.8974,628495,V,780,686,4367
1788815705.8974,628503,V,795,699,-1
1788815705.8974,628511,V,796,700,-1
1788815705.8974,628519,V,803,706,-1
1788815705.8974,628527,V,803,706,-1
1788815705.8974,628535,V,813,715,-1
1788815705.9955,628549,V,816,717,4368
1788815705.9956,628557,V,824,724,-1
1788815705.9956,628565,V,839,737,-1
1788815705.9956,628573,V,847,744,-1
1788815705.9956,628581,V,846,744,-1
1788815705.9956,628589,V,865,760,-1
1788815706.0451,628602,V,875,769,4369
1788815706.0451,628610,V,905,795,-1
1788815706.0452,628618,V,1057,929,-1
1788815706.0452,628626,V,1153,1013,-1
1788815706.0452,628634,V,1173,1031,-1
1788815706.0452,628642,V,1180,1037,-1
1788815706.0934,628656,V,1190,1046,4370
1788815706.0935,628664,V,1189,1045,-1
1788815706.0935,628672,V,1194,1049,-1
1788815706.0935,628680,V,1193,1049,-1
1788815706.0935,628688,V,1193,1049,-1
1788815706.0935,628696,V,1196,1051,-1
1788815706.0951,628729,KEYDOWN,,,
1788815706.1434,628710,V,1196,1051,4371
1788815706.1434,628718,V,1197,1052,-1
1788815706.1434,628726,V,1198,1053,-1
1788815706.1434,628734,V,1199,1054,-1
1788815706.1434,628742,V,1199,1054,-1
1788815706.1434,628750,V,1200,1055,-1
1788815706.1908,628764,V,1199,1054,4372
1788815706.1908,628772,V,1201,1056,-1
1788815706.1908,628780,V,1202,1056,-1
1788815706.1908,628788,V,1201,1056,-1
1788815706.1908,628796,V,1203,1057,-1
1788815706.1908,628804,V,1203,1057,-1
1788815706.2388,628818,V,1201,1056,4373
1788815706.2389,628826,V,1202,1056,-1
1788815706.2389,628834,V,1201,1056,-1
1788815706.2389,628842,V,1204,1058,-1
1788815706.2389,628850,V,1202,1056,-1
1788815706.2390,628858,V,1205,1059,-1
1788815706.2909,628871,V,1206,1060,4374
1788815706.2909,628879,V,1207,1061,-1
1788815706.2909,628887,V,1205,1059,-1
1788815706.2909,628895,V,1203,1057,-1
1788815706.2909,628903,V,1206,1060,-1
1788815706.2909,628911,V,1205,1059,-1
1788815706.3365,628925,V,1207,1061,4375
1788815706.3365,628933,V,1206,1060,-1
1788815706.3365,628941,V,1205,1059,-1
1788815706.3365,628949,V,1207,1061,-1
1788815706.3366,628957,V,1208,1062,-1
1788815706.3366,628965,V,1206,1060,-1
1788815706.3851,628979,V,1206,1060,4376
1788815706.3851,628987,V,1206,1060,-1
1788815706.3851,628995,V,1207,1061,-1
1788815706.3852,629003,V,1205,1059,-1
1788815706.3852,629011,V,1207,1061,-1
1788815706.3852,629019,V,1207,1061,-1
1788815706.4347,629033,V,1204,1058,4377
1788815706.4347,629041,V,1203,1057,-1
1788815706.4347,629049,V,1204,1058,-1
1788815706.4347,629057,V,1205,1059,-1
1788815706.4347,629065,V,1204,1058,-1
1788815706.4347,629073,V,1203,1057,-1
1788815706.5327,629086,V,1201,1056,4378
1788815706.5329,629094,V,1205,1059,-1
1788815706.5329,629102,V,1205,1059,-1
1788815706.5329,629110,V,1203,1057,-1
1788815706.5329,629118,V,1206,1060,-1
1788815706.5329,629126,V,1206,1060,-1
1788815706.5814,629140,V,1207,1061,4379
1788815706.5814,629148,V,1205,1059,-1
1788815706.5814,629156,V,1205,1059,-1
1788815706.5814,629164,V,1206,1060,-1
1788815706.5815,629172,V,1204,1058,-1
1788815706.5815,629180,V,1205,1059,-1
1788815706.6298,629194,V,1202,1056,4380
1788815706.6298,629202,V,1201,1056,-1
1788815706.6298,629210,V,1204,1058,-1
1788815706.6298,629218,V,1202,1056,-1
1788815706.6298,629226,V,1197,1052,-1
1788815706.6298,629234,V,1199,1054,-1
1788815706.6786,629248,V,1198,1053,4381
1788815706.6786,629256,V,1196,1051,-1
1788815706.6786,629264,V,1198,1053,-1
1788815706.6786,629272,V,1198,1053,-1
1788815706.6786,629280,V,1195,1050,-1
1788815706.6786,629288,V,1194,1049,-1
1788815706.7752,629301,V,1193,1049,4382
1788815706.7753,629309,V,1191,1047,-1
1788815706.7753,629317,V,1193,1049,-1
1788815706.7753,629325,V,1187,1043,-1
1788815706.7753,629333,V,1186,1042,-1
1788815706.7753,629341,V,1184,1041,-1
1788815706.7765,629355,V,1184,1041,4383
1788815706.7765,629363,V,1180,1037,-1
1788815706.7765,629371,V,1176,1034,-1
1788815706.7765,629379,V,1168,1027,-1
1788815706.7765,629387,V,1160,1020,-1
1788815706.7765,629395,V,1149,1010,-1
1788815706.8252,629409,V,1130,993,4384
1788815706.8253,629417,V,1103,969,-1
1788815706.8253,629425,V,1010,888,-1
1788815706.8253,629433,V,928,816,-1
1788815706.8253,629441,V,879,773,-1
1788815706.8253,629449,V,850,747,-1
1788815706.9214,629463,V,829,729,4385
1788815706.9215,629471,V,814,715,-1
1788815706.9215,629479,V,802,705,-1
1788815706.9215,629487,V,790,694,-1
1788815706.9215,629495,V,783,688,-1
1788815706.9215,629503,V,768,675,-1
1788815706.9227,629516,V,755,664,4386
1788815706.9227,629524,V,751,660,-1
1788815706.9227,629532,V,744,654,-1
1788815706.9227,629540,V,739,650,-1
1788815706.9227,629548,V,725,637,-1
1788815706.9227,629556,V,716,629,-1
1788815706.9714,629570,V,698,613,4387
1788815706.9714,629578,V,698,613,-1
1788815706.9714,629586,V,674,592,-1
1788815706.9714,629594,V,685,602,-1
1788815706.9714,629602,V,663,583,-1
1788815706.9714,629610,V,659,579,-1
1788815707.0194,629634,KEYUP,,,
1788815707.0687,629624,V,648,570,4388
1788815707.0690,629632,V,632,555,-1
1788815707.0690,629640,V,648,570,-1
1788815707.0690,629648,V,619,544,-1
1788815707.0690,629656,V,618,543,-1
1788815707.0690,629664,V,619,544,-1
1788815707.1168,629678,V,582,512,4389
1788815707.1168,629686,V,605,532,-1
1788815707.1168,629694,V,592,520,-1
1788815707.1168,629702,V,602,529,-1
1788815707.1168,629710,V,579,509,-1
1788815707.1168,629718,V,561,493,-1
1788815707.1673,629732,V,573,504,4390
1788815707.1673,629740,V,557,490,-1
1788815707.1673,629748,V,560,492,-1
1788815707.1673,629756,V,549,483,-1
1788815707.1673,629764,V,554,487,-1
1788815707.1674,629772,V,534,469,-1
1788815707.2139,629785,V,540,475,4391
1788815707.2139,629793,V,569,500,-1
1788815707.2140,629801,V,547,481,-1
1788815707.2140,629809,V,575,505,-1
1788815707.2140,629817,V,529,465,-1
1788815707.2140,629825,V,507,446,-1
1788815707.2626,629839,V,512,450,4392
1788815707.2626,629847,V,528,464,-1
1788815707.2627,629855,V,515,453,-1
1788815707.2627,629863,V,554,487,-1
1788815707.2627,629871,V,517,454,-1
1788815707.2627,629879,V,518,455,-1
1788815707.3113,629893,V,519,456,4393
1788815707.3114,629901,V,519,456,-1
1788815707.3114,629909,V,517,454,-1
1788815707.3114,629917,V,552,485,-1
1788815707.3114,629925,V,536,471,-1
1788815707.3114,629933,V,542,476,-1
1788815707.3603,629946,V,515,453,4394
1788815707.3603,629954,V,517,454,-1
1788815707.3603,629962,V,543,477,-1
1788815707.3603,629970,V,508,446,-1
1788815707.3603,629978,V,506,445,-1
1788815707.3603,629986,V,528,464,-1
1788815707.4090,630000,V,511,449,4395
1788815707.4090,630008,V,522,459,-1
1788815707.4090,630016,V,498,438,-1
1788815707.4090,630024,V,527,463,-1
1788815707.4090,630032,V,522,459,-1
1788815707.4090,630040,V,553,486,-1
1788815707.4577,630054,V,530,466,4396
1788815707.4577,630062,V,524,461,-1
1788815707.4577,630070,V,551,484,-1
1788815707.4577,630078,V,555,488,-1
1788815707.4577,630086,V,542,476,-1
1788815707.4578,630094,V,545,479,-1
1788815707.5064,630108,V,530,466,4397
1788815707.5064,630116,V,537,472,-1
1788815707.5064,630124,V,553,486,-1
1788815707.5064,630132,V,538,473,-1
1788815707.5064,630140,V,554,487,-1
1788815707.5064,630148,V,556,489,-1
1788815707.6050,630161,V,559,491,4398
1788815707.6051,630169,V,545,479,-1
1788815707.6051,630177,V,562,494,-1
1788815707.6051,630185,V,570,501,-1
1788815707.6051,630193,V,538,473,-1
1788815707.6051,630201,V,571,502,-1
1788815707.6533,630215,V,561,493,4399
1788815707.6533,630223,V,553,486,-1
1788815707.6533,630231,V,572,503,-1
1788815707.6533,630239,V,565,497,-1
1788815707.6533,630247,V,605,532,-1
1788815707.6533,630255,V,581,511,-1
1788815707.8484,630269,V,587,516,4400
1788815707.8485,630277,V,596,524,-1
1788815707.8485,630285,V,593,521,-1
1788815707.8485,630293,V,606,533,-1
1788815707.8485,630301,V,593,521,-1
1788815707.8486,630309,V,626,550,-1
1788815707.8498,630322,V,624,548,4401
1788815707.8498,630330,V,604,531,-1
1788815707.8498,630338,V,616,541,-1
1788815707.8498,630346,V,625,549,-1
1788815707.8498,630354,V,632,555,-1
1788815707.8498,630362,V,637,560,-1
1788815707.8500,630376,V,662,582,4402
1788815707.8500,630384,V,660,580,-1
1788815707.8500,630392,V,655,576,-1
1788815707.8500,630400,V,669,588,-1
1788815707.8500,630408,V,666,585,-1
1788815707.8500,630416,V,686,603,-1
1788815707.9458,630430,V,685,602,4403
1788815707.9458,630438,V,701,616,-1
1788815707.9458,630446,V,701,616,-1
1788815707.9458,630454,V,716,629,-1
1788815707.9458,630462,V,722,635,-1
1788815707.9458,630470,V,716,629,-1
1788815708.0436,630483,V,739,650,4404
1788815708.0437,630491,V,749,658,-1
1788815708.0437,630499,V,753,662,-1
1788815708.0437,630507,V,764,671,-1
1788815708.0437,630515,V,760,668,-1
1788815708.0437,630523,V,781,686,-1
1788815708.0913,630537,V,786,691,4405
1788815708.0915,630545,V,795,699,-1
1788815708.0915,630553,V,804,707,-1
1788815708.0915,630561,V,803,706,-1
1788815708.0915,630569,V,818,719,-1
1788815708.0916,630577,V,826,726,-1
1788815708.1405,630591,V,840,738,4406
1788815708.1406,630599,V,851,748,-1
1788815708.1406,630607,V,866,761,-1
1788815708.1406,630615,V,880,773,-1
1788815708.1406,630623,V,913,802,-1
1788815708.1406,630631,V,1101,968,-1
1788815708.1417,630644,V,1151,1012,4407
1788815708.1417,630652,V,1168,1027,-1
1788815708.1417,630660,V,1175,1033,-1
1788815708.1417,630668,V,1181,1038,-1
1788815708.1417,630676,V,1181,1038,-1
1788815708.1417,630684,V,1184,1041,-1
1788815708.1426,630744,KEYDOWN,,,
1788815708.1908,630698,V,1184,1041,4408
1788815708.1909,630706,V,1186,1042,-1
1788815708.1909,630714,V,1189,1045,-1
1788815708.1909,630722,V,1187,1043,-1
1788815708.1909,630730,V,1189,1045,-1
1788815708.1909,630738,V,1191,1047,-1
1788815708.1912,630752,V,1192,1048,4409
1788815708.1912,630760,V,1195,1050,-1
1788815708.1912,630768,V,1194,1049,-1
1788815708.1912,630776,V,1198,1053,-1
1788815708.1912,630784,V,1196,1051,-1
1788815708.1912,630792,V,1198,1053,-1
1788815708.2389,630806,V,1200,1055,4410
1788815708.2390,630814,V,1200,1055,-1
1788815708.2390,630822,V,1201,1056,-1
1788815708.2390,630830,V,1202,1056,-1
1788815708.2390,630838,V,1201,1056,-1
1788815708.2390,630846,V,1203,1057,-1
1788815708.2873,630860,V,1203,1057,4411
1788815708.2873,630868,V,1203,1057,-1
1788815708.2873,630876,V,1202,1056,-1
1788815708.2873,630884,V,1204,1058,-1
1788815708.2873,630892,V,1201,1056,-1
1788815708.2873,630900,V,1203,1057,-1
1788815708.3355,630914,V,1202,1056,4412
1788815708.3356,630922,V,1202,1056,-1
1788815708.3356,630930,V,1202,1056,-1
1788815708.3356,630938,V,1199,1054,-1
1788815708.3357,630946,V,1198,1053,-1
1788815708.3357,630954,V,1199,1054,-1
1788815708.3850,630967,V,1196,1051,4413
1788815708.3850,630975,V,1199,1054,-1
1788815708.3850,630983,V,1199,1054,-1
1788815708.3850,630991,V,1195,1050,-1
1788815708.3850,630999,V,1194,1049,-1
1788815708.3850,631007,V,1194,1049,-1
1788815708.4331,631021,V,1195,1050,4414
1788815708.4331,631029,V,1193,1049,-1
1788815708.4331,631037,V,1196,1051,-1
1788815708.4331,631045,V,1195,1050,-1
1788815708.4331,631053,V,1194,1049,-1
1788815708.4331,631061,V,1194,1049,-1
1788815708.5313,631075,V,1195,1050,4415
1788815708.5313,631083,V,1195,1050,-1
1788815708.5315,631091,V,1195,1050,-1
1788815708.5315,631099,V,1190,1046,-1
1788815708.5315,631107,V,1193,1049,-1
1788815708.5315,631115,V,1193,1049,-1
1788815708.5335,631128,V,1190,1046,4416
1788815708.5336,631136,V,1190,1046,-1
1788815708.5336,631144,V,1191,1047,-1
1788815708.5336,631152,V,1191,1047,-1
1788815708.5336,631160,V,1191,1047,-1
1788815708.5336,631168,V,1190,1046,-1
1788815708.6767,631182,V,1190,1046,4417
1788815708.6769,631190,V,1190,1046,-1
1788815708.6769,631198,V,1187,1043,-1
1788815708.6769,631206,V,1186,1042,-1
1788815708.6769,631214,V,1186,1042,-1
1788815708.6769,631222,V,1187,1043,-1
1788815708.6777,631236,V,1185,1042,4418
1788815708.6778,631244,V,1186,1042,-1
1788815708.6778,631252,V,1183,1040,-1
1788815708.6778,631260,V,1182,1039,-1
1788815708.6778,631268,V,1181,1038,-1
1788815708.6778,631276,V,1178,1035,-1
1788815708.7743,631289,V,1175,1033,4419
1788815708.7743,631297,V,1173,1031,-1
1788815708.7743,631305,V,1170,1028,-1
1788815708.7743,631313,V,1167,1026,-1
1788815708.7743,631321,V,1159,1019,-1
1788815708.7743,631329,V,1150,1011,-1
1788815708.7753,631343,V,1140,1002,4420
1788815708.7753,631351,V,1096,963,-1
1788815708.7753,631359,V,919,808,-1
1788815708.7753,631367,V,874,768,-1
1788815708.7753,631375,V,858,754,-1
1788815708.7753,631383,V,831,730,-1
1788815708.8716,631397,V,833,732,4421
1788815708.8717,631405,V,810,712,-1
1788815708.8717,631413,V,803,706,-1
1788815708.8717,631421,V,788,693,-1
1788815708.8717,631429,V,788,693,-1
1788815708.8717,631437,V,778,684,-1
1788815708.8733,631451,V,773,679,4422
1788815708.8733,631459,V,762,670,-1
1788815708.8733,631467,V,753,662,-1
1788815708.8733,631475,V,739,650,-1
1788815708.8733,631483,V,743,653,-1
1788815708.8734,631491,V,720,633,-1
1788815708.9205,631504,V,723,635,4423
1788815708.9206,631512,V,705,620,-1
1788815708.9206,631520,V,698,613,-1
1788815708.9206,631528,V,691,607,-1
1788815708.9206,631536,V,684,601,-1
1788815708.9206,631544,V,679,597,-1
1788815708.9224,631559,KEYUP,,,
1788815708.9692,631558,V,668,587,4424
1788815708.9693,631566,V,673,592,-1
1788815708.9693,631574,V,650,571,-1
1788815708.9693,631582,V,647,569,-1
1788815708.9693,631590,V,627,551,-1
1788815708.9693,631598,V,625,549,-1
1788815709.0180,631612,V,613,539,4425
1788815709.0180,631620,V,616,541,-1
1788815709.0180,631628,V,589,518,-1
1788815709.0180,631636,V,603,530,-1
1788815709.0180,631644,V,578,508,-1
1788815709.0181,631652,V,580,510,-1
1788815709.0670,631666,V,578,508,4426
1788815709.0671,631674,V,574,504,-1
1788815709.0672,631682,V,581,511,-1
1788815709.0672,631690,V,579,509,-1
1788815709.0672,631698,V,579,509,-1
1788815709.0672,631706,V,540,475,-1
1788815709.1651,631720,V,555,488,4427
1788815709.1652,631728,V,554,487,-1
1788815709.1652,631736,V,547,481,-1
1788815709.1652,631744,V,541,475,-1
1788815709.1653,631752,V,542,476,-1
1788815709.1653,631760,V,554,487,-1
1788815709.2130,631773,V,551,484,4428
1788815709.2130,631781,V,537,472,-1
1788815709.2130,631789,V,544,478,-1
1788815709.2130,631797,V,519,456,-1
1788815709.2130,631805,V,556,489,-1
1788815709.2130,631813,V,527,463,-1
1788815709.2615,631827,V,511,449,4429
1788815709.2615,631835,V,510,448,-1
1788815709.2615,631843,V,515,453,-1
1788815709.2615,631851,V,534,469,-1
1788815709.2615,631859,V,513,451,-1
1788815709.2615,631867,V,539,474,-1
1788815709.3102,631881,V,523,460,4430
1788815709.3102,631889,V,531,467,-1
1788815709.3102,631897,V,537,472,-1
1788815709.3102,631905,V,542,476,-1
1788815709.3102,631913,V,525,461,-1
1788815709.3102,631921,V,527,463,-1
1788815709.3590,631935,V,517,454,4431
1788815709.3590,631943,V,530,466,-1
1788815709.3590,631951,V,554,487,-1
1788815709.3590,631959,V,530,466,-1
1788815709.3590,631967,V,535,470,-1
1788815709.3590,631975,V,530,466,-1
1788815709.4080,631988,V,536,471,4432
1788815709.4081,631996,V,531,467,-1
1788815709.4081,632004,V,550,483,-1
1788815709.4081,632012,V,539,474,-1
1788815709.4081,632020,V,572,503,-1
1788815709.4081,632028,V,536,471,-1
1788815709.4566,632042,V,534,469,4433
1788815709.4566,632050,V,562,494,-1
1788815709.4566,632058,V,557,490,-1
1788815709.4566,632066,V,547,481,-1
1788815709.4566,632074,V,554,487,-1
1788815709.4566,632082,V,561,493,-1
1788815709.5057,632096,V,566,497,4434
1788815709.5057,632104,V,564,496,-1
1788815709.5057,632112,V,556,489,-1
1788815709.5057,632120,V,576,506,-1
1788815709.5057,632128,V,556,489,-1
1788815709.5057,632136,V,580,510,-1
1788815709.5541,632150,V,578,508,4435
1788815709.5541,632158,V,577,507,-1
1788815709.5541,632166,V,580,510,-1
1788815709.5541,632174,V,578,508,-1
1788815709.5541,632182,V,585,514,-1
1788815709.5541,632190,V,596,524,-1
1788815709.6027,632203,V,611,537,4436
1788815709.6027,632211,V,594,522,-1
1788815709.6027,632219,V,600,527,-1
1788815709.6027,632227,V,635,558,-1
1788815709.6027,632235,V,636,559,-1
1788815709.6027,632243,V,622,547,-1
1788815709.7002,632257,V,621,546,4437
1788815709.7003,632265,V,625,549,-1
1788815709.7003,632273,V,639,562,-1
1788815709.7003,632281,V,640,563,-1
1788815709.7003,632289,V,636,559,-1
1788815709.7003,632297,V,647,569,-1
1788815709.7486,632311,V,650,571,4438
1788815709.7486,632319,V,650,571,-1
1788815709.7486,632327,V,649,570,-1
1788815709.7486,632335,V,662,582,-1
1788815709.7486,632343,V,669,588,-1
1788815709.7486,632351,V,666,585,-1
1788815709.7972,632365,V,689,606,4439
1788815709.7972,632373,V,691,607,-1
1788815709.7972,632381,V,686,603,-1
1788815709.7972,632389,V,685,602,-1
1788815709.7972,632397,V,700,615,-1
1788815709.7972,632405,V,698,613,-1
1788815709.8462,632418,V,721,634,4440
1788815709.8462,632426,V,725,637,-1
1788815709.8462,632434,V,716,629,-1
1788815709.8462,632442,V,718,631,-1
1788815709.8462,632450,V,732,643,-1
1788815709.8462,632458,V,727,639,-1
1788815709.8954,632472,V,743,653,4441
1788815709.8954,632480,V,746,656,-1
1788815709.8954,632488,V,750,659,-1
1788815709.8954,632496,V,760,668,-1
1788815709.8954,632504,V,750,659,-1
1788815709.8955,632512,V,773,679,-1
1788815709.9442,632526,V,776,682,4442
1788815709.9445,632534,V,768,675,-1
1788815709.9445,632542,V,781,686,-1
1788815709.9445,632550,V,792,696,-1
1788815709.9445,632558,V,795,699,-1
1788815709.9445,632566,V,793,697,-1
1788815709.9930,632580,V,795,699,4443
1788815709.9930,632588,V,805,708,-1
1788815709.9930,632596,V,811,713,-1
1788815709.9930,632604,V,820,721,-1
1788815709.9930,632612,V,819,720,-1
1788815709.9930,632620,V,834,733,-1
1788815710.0419,632633,V,846,744,4444
1788815710.0420,632641,V,843,741,-1
1788815710.0420,632649,V,846,744,-1
1788815710.0420,632657,V,852,749,-1
1788815710.0420,632665,V,861,757,-1
1788815710.0420,632673,V,869,764,-1
1788815710.0903,632687,V,888,780,4445
1788815710.0903,632695,V,904,795,-1
1788815710.0903,632703,V,1002,881,-1
1788815710.0903,632711,V,1143,1005,-1
1788815710.0903,632719,V,1167,1026,-1
1788815710.0903,632727,V,1174,1032,-1
1788815710.1906,632741,V,1182,1039,4446
1788815710.1908,632749,V,1185,1042,-1
1788815710.1908,632757,V,1188,1044,-1
1788815710.1909,632765,V,1188,1044,-1
1788815710.1909,632773,V,1187,1043,-1
1788815710.1909,632781,V,1193,1049,-1
1788815710.1910,632804,KEYDOWN,,,
1788815710.2370,632795,V,1192,1048,4447
1788815710.2370,632803,V,1196,1051,-1
1788815710.2370,632811,V,1195,1050,-1
1788815710.2370,632819,V,1196,1051,-1
1788815710.2370,632827,V,1197,1052,-1
1788815710.2370,632835,V,1196,1051,-1
1788815710.2852,632849,V,1200,1055,4448
1788815710.2853,632857,V,1197,1052,-1
1788815710.2853,632865,V,1198,1053,-1
1788815710.2853,632873,V,1197,1052,-1
1788815710.2854,632881,V,1195,1050,-1
1788815710.2854,632889,V,1196,1051,-1
1788815710.3349,632902,V,1197,1052,4449
1788815710.3349,632910,V,1197,1052,-1
1788815710.3349,632918,V,1195,1050,-1
1788815710.3349,632926,V,1195,1050,-1
1788815710.3349,632934,V,1198,1053,-1
1788815710.3349,632942,V,1198,1053,-1
1788815710.3831,632956,V,1200,1055,4450
1788815710.3831,632964,V,1201,1056,-1
1788815710.3831,632972,V,1202,1056,-1
1788815710.3831,632980,V,1201,1056,-1
1788815710.3831,632988,V,1204,1058,-1
1788815710.3831,632996,V,1205,1059,-1
1788815710.4313,633010,V,1205,1059,4451
1788815710.4314,633018,V,1204,1058,-1
1788815710.4314,633026,V,1204,1058,-1
1788815710.4314,633034,V,1207,1061,-1
1788815710.4314,633042,V,1204,1058,-1
1788815710.4314,633050,V,1206,1060,-1
1788815710.4810,633064,V,1207,1061,4452
1788815710.4810,633072,V,1207,1061,-1
1788815710.4810,633080,V,1209,1063,-1
1788815710.4810,633088,V,1205,1059,-1
1788815710.4810,633096,V,1207,1061,-1
1788815710.4810,633104,V,1208,1062,-1
1788815710.5291,633117,V,1207,1061,4453
1788815710.5291,633125,V,1208,1062,-1
1788815710.5291,633133,V,1209,1063,-1
1788815710.5291,633141,V,1209,1063,-1
1788815710.5291,633149,V,1207,1061,-1
1788815710.5291,633157,V,1210,1063,-1
1788815710.5779,633171,V,1207,1061,4454
1788815710.5779,633179,V,1209,1063,-1
1788815710.5779,633187,V,1208,1062,-1
1788815710.5779,633195,V,1208,1062,-1
1788815710.5779,633203,V,1208,1062,-1
1788815710.5779,633211,V,1208,1062,-1
1788815710.6269,633225,V,1208,1062,4455
1788815710.6269,633233,V,1207,1061,-1
1788815710.6269,633241,V,1208,1062,-1
1788815710.6269,633249,V,1205,1059,-1
1788815710.6269,633257,V,1207,1061,-1
1788815710.6269,633265,V,1205,1059,-1
1788815710.7242,633279,V,1205,1059,4456
1788815710.7243,633287,V,1205,1059,-1
1788815710.7244,633295,V,1203,1057,-1
1788815710.7244,633303,V,1205,1059,-1
1788815710.7244,633311,V,1205,1059,-1
1788815710.7244,633319,V,1205,1059,-1
1788815710.8218,633332,V,1205,1059,4457
1788815710.8218,633340,V,1207,1061,-1
1788815710.8218,633348,V,1206,1060,-1
1788815710.8218,633356,V,1205,1059,-1
1788815710.8218,633364,V,1205,1059,-1
1788815710.8218,633372,V,1203,1057,-1
1788815710.8229,633386,V,1204,1058,4458
1788815710.8229,633394,V,1204,1058,-1
1788815710.8229,633402,V,1202,1056,-1
1788815710.8229,633410,V,1200,1055,-1
1788815710.8229,633418,V,1197,1052,-1
1788815710.8229,633426,V,1199,1054,-1
1788815710.8703,633440,V,1193,1049,4459
1788815710.8703,633448,V,1193,1049,-1
1788815710.8703,633456,V,1187,1043,-1
1788815710.8703,633464,V,1184,1041,-1
1788815710.8703,633472,V,1180,1037,-1
1788815710.8703,633480,V,1172,1030,-1
1788815710.9680,633493,V,1158,1018,4460
1788815710.9682,633501,V,1125,989,-1
1788815710.9682,633509,V,999,878,-1
1788815710.9682,633517,V,908,798,-1
1788815710.9682,633525,V,878,772,-1
1788815710.9682,633533,V,851,748,-1
1788815710.9688,633547,V,838,737,4461
1788815710.9688,633555,V,821,722,-1
1788815710.9688,633563,V,814,715,-1
1788815710.9688,633571,V,798,701,-1
1788815710.9688,633579,V,777,683,-1
1788815710.9688,633587,V,768,675,-1
1788815711.0170,633601,V,760,668,4462
1788815711.0171,633609,V,754,663,-1
1788815711.0171,633617,V,738,649,-1
1788815711.0171,633625,V,730,642,-1
1788815711.0171,633633,V,719,632,-1
1788815711.0171,633641,V,707,621,-1
1788815711.0657,633655,V,711,625,4463
1788815711.0657,633663,V,690,606,-1
1788815711.0657,633671,V,683,600,-1
1788815711.0657,633679,V,675,593,-1
1788815711.0658,633687,V,682,599,-1
1788815711.0658,633695,V,658,578,-1
1788815711.1142,633718,KEYUP,,,
1788815711.1153,633708,V,648,570,4464
1788815711.1153,633716,V,642,564,-1
1788815711.1153,633724,V,631,555,-1
1788815711.1153,633732,V,623,548,-1
1788815711.1153,633740,V,630,554,-1
1788815711.1154,633748,V,617,542,-1
1788815711.1631,633763,V,595,523,4465
1788815711.1632,633771,V,599,526,-1
1788815711.1632,633779,V,593,521,-1
1788815711.1632,633787,V,583,512,-1
1788815711.1632,633795,V,576,506,-1
1788815711.1632,633803,V,586,515,-1
1788815711.2600,633816,V,562,494,4466
1788815711.2602,633824,V,570,501,-1
1788815711.2602,633832,V,573,504,-1
1788815711.2602,633840,V,561,493,-1
1788815711.2602,633848,V,558,490,-1
1788815711.2602,633856,V,555,488,-1
1788815711.3093,633870,V,549,483,4467
1788815711.3093,633878,V,531,467,-1
1788815711.3093,633886,V,552,485,-1
1788815711.3093,633894,V,535,470,-1
1788815711.3093,633902,V,552,485,-1
1788815711.3093,633910,V,525,461,-1
1788815711.3578,633924,V,525,461,4468
1788815711.3578,633932,V,537,472,-1
1788815711.3578,633940,V,543,477,-1
1788815711.3578,633948,V,516,454,-1
1788815711.3578,633956,V,537,472,-1
1788815711.3578,633964,V,557,490,-1
1788815711.4064,633977,V,524,461,4469
1788815711.4064,633985,V,553,486,-1
1788815711.4065,633993,V,541,475,-1
1788815711.4065,634001,V,571,502,-1
1788815711.4065,634009,V,533,468,-1
1788815711.4065,634017,V,530,466,-1
1788815711.4552,634031,V,510,448,4470
1788815711.4552,634039,V,515,453,-1
1788815711.4552,634047,V,519,456,-1
1788815711.4552,634055,V,526,462,-1
1788815711.4552,634063,V,538,473,-1
1788815711.4552,634071,V,538,473,-1
1788815711.5049,634085,V,548,482,4471
1788815711.5050,634093,V,551,484,-1
1788815711.5050,634101,V,549,483,-1
1788815711.5051,634109,V,562,494,-1
1788815711.5051,634117,V,541,475,-1
1788815711.5051,634125,V,538,473,-1
1788815711.5537,634139,V,558,490,4472
1788815711.5537,634147,V,550,483,-1
1788815711.5537,634155,V,579,509,-1
1788815711.5537,634163,V,564,496,-1
1788815711.5537,634171,V,581,511,-1
1788815711.5537,634179,V,584,513,-1
1788815711.6015,634192,V,558,490,4473
1788815711.6016,634200,V,564,496,-1
1788815711.6016,634208,V,572,503,-1
1788815711.6016,634216,V,589,518,-1
1788815711.6016,634224,V,593,521,-1
1788815711.6016,634232,V,590,519,-1
1788815711.6512,634246,V,584,513,4474
1788815711.6512,634254,V,595,523,-1
1788815711.6512,634262,V,604,531,-1
1788815711.6512,634270,V,620,545,-1
1788815711.6512,634278,V,618,543,-1
1788815711.6512,634286,V,641,563,-1
1788815711.6999,634300,V,624,548,4475
1788815711.6999,634308,V,622,547,-1
1788815711.6999,634316,V,630,554,-1
1788815711.6999,634324,V,639,562,-1
1788815711.7000,634332,V,660,580,-1
1788815711.7000,634340,V,669,588,-1
1788815711.7975,634354,V,668,587,4476
1788815711.7976,634362,V,663,583,-1
1788815711.7976,634370,V,666,585,-1
1788815711.7977,634378,V,673,592,-1
1788815711.7977,634386,V,695,611,-1
1788815711.7977,634394,V,688,605,-1
1788815711.8465,634407,V,684,601,4477
1788815711.8465,634415,V,709,623,-1
1788815711.8465,634423,V,705,620,-1
1788815711.8465,634431,V,712,626,-1
1788815711.8465,634439,V,727,639,-1
1788815711.8465,634447,V,729,641,-1
1788815711.8946,634461,V,733,644,4478
1788815711.8947,634469,V,749,658,-1
1788815711.8947,634477,V,747,657,-1
1788815711.8947,634485,V,756,664,-1
1788815711.8947,634493,V,756,664,-1
1788815711.8947,634501,V,763,671,-1
1788815711.9924,634515,V,771,678,4479
1788815711.9925,634523,V,779,685,-1
1788815711.9927,634531,V,769,676,-1
1788815711.9927,634539,V,786,691,-1
1788815711.9927,634547,V,784,689,-1
1788815711.9927,634555,V,793,697,-1
1788815711.9931,634569,V,794,698,4480
1788815711.9931,634577,V,802,705,-1
1788815711.9931,634585,V,801,704,-1
1788815711.9931,634593,V,802,705,-1
1788815711.9931,634601,V,808,710,-1
1788815711.9931,634609,V,826,726,-1
1788815712.0417,634622,V,819,720,4481
1788815712.0424,634630,V,828,728,-1
1788815712.0424,634638,V,831,730,-1
1788815712.0426,634646,V,839,737,-1
1788815712.0426,634654,V,846,744,-1
1788815712.0426,634662,V,853,750,-1
1788815712.0895,634676,V,863,758,4482
1788815712.0896,634684,V,866,761,-1
1788815712.0896,634692,V,878,772,-1
1788815712.0896,634700,V,888,780,-1
1788815712.0896,634708,V,912,802,-1
1788815712.0896,634716,V,927,815,-1
1788815712.1387,634730,V,1046,919,4483
1788815712.1388,634738,V,1143,1005,-1
1788815712.1388,634746,V,1170,1028,-1
1788815712.1388,634754,V,1182,1039,-1
1788815712.1389,634762,V,1188,1044,-1
1788815712.1389,634770,V,1194,1049,-1
1788815712.2370,634820,KEYDOWN,,,
1788815712.2374,634783,V,1201,1056,4484
1788815712.2374,634791,V,1203,1057,-1
1788815712.2374,634799,V,1204,1058,-1
1788815712.2374,634807,V,1207,1061,-1
1788815712.2374,634815,V,1207,1061,-1
1788815712.2374,634823,V,1210,1063,-1
1788815712.2840,634837,V,1211,1064,4485
1788815712.2841,634845,V,1212,1065,-1
1788815712.2841,634853,V,1211,1064,-1
1788815712.2841,634861,V,1211,1064,-1
1788815712.2841,634869,V,1210,1063,-1
1788815712.2841,634877,V,1217,1070,-1
1788815712.3331,634891,V,1212,1065,4486
1788815712.3331,634899,V,1215,1068,-1
1788815712.3331,634907,V,1214,1067,-1
1788815712.3331,634915,V,1216,1069,-1
1788815712.3332,634923,V,1216,1069,-1
1788815712.3332,634931,V,1218,1071,-1
1788815712.3815,634945,V,1219,1071,4487
1788815712.3815,634953,V,1218,1071,-1
1788815712.3815,634961,V,1218,1071,-1
1788815712.3815,634969,V,1217,1070,-1
1788815712.3815,634977,V,1216,1069,-1
1788815712.3815,634985,V,1216,1069,-1
1788815712.4304,634999,V,1219,1071,4488
1788815712.4304,635007,V,1218,1071,-1
1788815712.4304,635015,V,1219,1071,-1
1788815712.4304,635023,V,1217,1070,-1
1788815712.4304,635031,V,1220,1072,-1
1788815712.4304,635039,V,1218,1071,-1
1788815712.4803,635052,V,1217,1070,4489
1788815712.4803,635060,V,1218,1071,-1
1788815712.4803,635068,V,1217,1070,-1
1788815712.4803,635076,V,1219,1071,-1
1788815712.4803,635084,V,1219,1071,-1
1788815712.4803,635092,V,1218,1071,-1
1788815712.5277,635106,V,1220,1072,4490
1788815712.5278,635114,V,1221,1073,-1
1788815712.5278,635122,V,1220,1072,-1
1788815712.5278,635130,V,1221,1073,-1
1788815712.5278,635138,V,1220,1072,-1
1788815712.5278,635146,V,1223,1075,-1
1788815712.5777,635160,V,1222,1074,4491
1788815712.5777,635168,V,1220,1072,-1
1788815712.5777,635176,V,1221,1073,-1
1788815712.5777,635184,V,1224,1076,-1
1788815712.5777,635192,V,1223,1075,-1
1788815712.5778,635200,V,1222,1074,-1
1788815712.6253,635214,V,1222,1074,4492
1788815712.6253,635222,V,1223,1075,-1
1788815712.6253,635230,V,1224,1076,-1
1788815712.6253,635238,V,1224,1076,-1
1788815712.6253,635246,V,1223,1075,-1
1788815712.6254,635254,V,1223,1075,-1
1788815712.6738,635267,V,1224,1076,4493
1788815712.6738,635275,V,1226,1078,-1
1788815712.6738,635283,V,1225,1077,-1
1788815712.6738,635291,V,1223,1075,-1
1788815712.6738,635299,V,1225,1077,-1
1788815712.6738,635307,V,1224,1076,-1
1788815712.7720,635321,V,1225,1077,4494
1788815712.7721,635329,V,1225,1077,-1
1788815712.7721,635337,V,1225,1077,-1
1788815712.7721,635345,V,1227,1078,-1
1788815712.7721,635353,V,1225,1077,-1
1788815712.7721,635361,V,1227,1078,-1
1788815712.8211,635375,V,1227,1078,4495
1788815712.8211,635383,V,1227,1078,-1
1788815712.8211,635391,V,1226,1078,-1
1788815712.8211,635399,V,1227,1078,-1
1788815712.8211,635407,V,1227,1078,-1
1788815712.8212,635415,V,1227,1078,-1
1788815712.8702,635429,V,1230,1081,4496
1788815712.8702,635437,V,1229,1080,-1
1788815712.8702,635445,V,1230,1081,-1
1788815712.8702,635453,V,1230,1081,-1
1788815712.8702,635461,V,1228,1079,-1
1788815712.8702,635469,V,1228,1079,-1
1788815713.0648,635482,V,1225,1077,4497
1788815713.0649,635490,V,1229,1080,-1
1788815713.0649,635498,V,1229,1080,-1
1788815713.0649,635506,V,1230,1081,-1
1788815713.0650,635514,V,1232,1083,-1
1788815713.0650,635522,V,1227,1078,-1
1788815713.0656,635536,V,1232,1083,4498
1788815713.0656,635544,V,1231,1082,-1
1788815713.0656,635552,V,1231,1082,-1
1788815713.0656,635560,V,1232,1083,-1
1788815713.0656,635568,V,1231,1082,-1
1788815713.0656,635576,V,1232,1083,-1
1788815713.1152,635590,V,1229,1080,4499
1788815713.1152,635598,V,1229,1080,-1
1788815713.1152,635606,V,1229,1080,-1
1788815713.1152,635614,V,1230,1081,-1
1788815713.1152,635622,V,1230,1081,-1
1788815713.1152,635630,V,1229,1080,-1
1788815713.1157,635643,V,1229,1080,4500
1788815713.1157,635651,V,1228,1079,-1
1788815713.1157,635659,V,1228,1079,-1
1788815713.1157,635667,V,1229,1080,-1
1788815713.1157,635675,V,1229,1080,-1
1788815713.1157,635683,V,1225,1077,-1
1788815713.1160,635697,V,1224,1076,4501
1788815713.1160,635705,V,1224,1076,-1
1788815713.1160,635713,V,1224,1076,-1
1788815713.1160,635721,V,1222,1074,-1
1788815713.1160,635729,V,1218,1071,-1
1788815713.1160,635737,V,1215,1068,-1
1788815713.1851,635751,V,1209,1063,4502
1788815713.1851,635759,V,1204,1058,-1
1788815713.1851,635767,V,1184,1041,-1
1788815713.1851,635775,V,1161,1020,-1
1788815713.1851,635783,V,1058,930,-1
1788815713.1851,635791,V,930,817,-1
1788815713.2109,635804,V,870,765,4503
1788815713.2109,635812,V,851,748,-1
1788815713.2109,635820,V,818,719,-1
1788815713.2109,635828,V,799,702,-1
1788815713.2109,635836,V,785,690,-1
1788815713.2109,635844,V,775,681,-1
1788815713.2589,635858,V,760,668,4504
1788815713.2590,635866,V,757,665,-1
1788815713.2590,635874,V,744,654,-1
1788815713.2590,635882,V,733,644,-1
1788815713.2590,635890,V,720,633,-1
1788815713.2590,635898,V,722,635,-1
1788815713.3589,635912,V,704,619,4505
1788815713.3591,635920,V,695,611,-1
1788815713.3591,635928,V,695,611,-1
1788815713.3591,635936,V,670,589,-1
1788815713.3591,635944,V,676,594,-1
1788815713.3591,635952,V,668,587,-1
1788815713.3593,635993,KEYUP,,,
1788815713.4057,635966,V,667,586,4506
1788815713.4058,635974,V,667,586,-1
1788815713.4058,635982,V,644,566,-1
1788815713.4058,635990,V,656,577,-1
1788815713.4058,635998,V,645,567,-1
1788815713.4058,636006,V,650,571,-1
1788815713.4549,636020,V,633,556,4507
1788815713.4549,636028,V,624,548,-1
1788815713.4549,636036,V,619,544,-1
1788815713.4549,636044,V,619,544,-1
1788815713.4549,636052,V,614,540,-1
1788815713.4550,636060,V,614,540,-1
1788815713.5033,636073,V,597,525,4508
1788815713.5033,636081,V,607,533,-1
1788815713.5033,636089,V,601,528,-1
1788815713.5034,636097,V,600,527,-1
1788815713.5034,636105,V,580,510,-1
1788815713.5034,636113,V,579,509,-1
