host_epoch_s,device_ms,kind,raw_adc,millivolts,seq
1788814004.8293,908258,V,548,482,10210
1788814004.8294,908266,V,548,482,-1
1788814004.8294,908274,V,549,483,-1
1788814004.8294,908282,V,548,482,-1
1788814004.8294,908290,V,548,482,-1
1788814004.8294,908298,V,548,482,-1
1788814004.9758,908312,V,549,483,10211
1788814004.9759,908320,V,549,483,-1
1788814004.9760,908328,V,549,483,-1
1788814004.9760,908336,V,550,483,-1
1788814004.9760,908344,V,550,483,-1
1788814004.9760,908352,V,550,483,-1
1788814004.9767,908365,V,549,483,10212
1788814004.9768,908373,V,549,483,-1
1788814004.9768,908381,V,548,482,-1
1788814004.9768,908389,V,550,483,-1
1788814004.9768,908397,V,549,483,-1
1788814004.9768,908405,V,551,484,-1
1788814005.0244,908419,V,548,482,10213
1788814005.0244,908427,V,548,482,-1
1788814005.0244,908435,V,549,483,-1
1788814005.0244,908443,V,549,483,-1
1788814005.0244,908451,V,549,483,-1
1788814005.0244,908459,V,549,483,-1
1788814005.0729,908472,V,548,482,10214
1788814005.0729,908480,V,549,483,-1
1788814005.0730,908488,V,550,483,-1
1788814005.0730,908496,V,555,488,-1
1788814005.0730,908504,V,551,484,-1
1788814005.0730,908512,V,549,483,-1
1788814005.1216,908526,V,550,483,10215
1788814005.1216,908534,V,549,483,-1
1788814005.1216,908542,V,549,483,-1
1788814005.1217,908550,V,549,483,-1
1788814005.1217,908558,V,550,483,-1
1788814005.1217,908566,V,548,482,-1
1788814005.1704,908580,V,549,483,10216
1788814005.1704,908588,V,550,483,-1
1788814005.1704,908596,V,550,483,-1
1788814005.1704,908604,V,549,483,-1
1788814005.1704,908612,V,549,483,-1
1788814005.1704,908620,V,549,483,-1
1788814005.2193,908633,V,549,483,10217
1788814005.2194,908641,V,548,482,-1
1788814005.2194,908649,V,548,482,-1
1788814005.2194,908657,V,549,483,-1
1788814005.2195,908665,V,550,483,-1
1788814005.2195,908673,V,548,482,-1
1788814005.2688,908687,V,550,483,10218
1788814005.2689,908695,V,569,500,-1
1788814005.2689,908703,V,549,483,-1
1788814005.2689,908711,V,549,483,-1
1788814005.2689,908719,V,548,482,-1
1788814005.2689,908727,V,549,483,-1
1788814005.3174,908741,V,549,483,10219
1788814005.3174,908749,V,550,483,-1
1788814005.3174,908757,V,547,481,-1
1788814005.3174,908765,V,549,483,-1
1788814005.3174,908773,V,549,483,-1
1788814005.3175,908781,V,548,482,-1
1788814005.4150,908794,V,549,483,10220
1788814005.4151,908802,V,550,483,-1
1788814005.4151,908810,V,549,483,-1
1788814005.4151,908818,V,548,482,-1
1788814005.4151,908826,V,549,483,-1
1788814005.4151,908834,V,550,483,-1
1788814005.4632,908848,V,549,483,10221
1788814005.4633,908856,V,548,482,-1
1788814005.4634,908864,V,547,481,-1
1788814005.4634,908872,V,549,483,-1
1788814005.4634,908880,V,549,483,-1
1788814005.4634,908888,V,549,483,-1
1788814005.5125,908902,V,550,483,10222
1788814005.5125,908910,V,548,482,-1
1788814005.5125,908918,V,549,483,-1
1788814005.5125,908926,V,550,483,-1
1788814005.5125,908934,V,549,483,-1
1788814005.5125,908942,V,550,483,-1
1788814005.5613,908955,V,548,482,10223
1788814005.5613,908963,V,549,483,-1
1788814005.5613,908971,V,548,482,-1
1788814005.5613,908979,V,549,483,-1
1788814005.5613,908987,V,550,483,-1
1788814005.5613,908995,V,549,483,-1
1788814005.6091,909009,V,550,483,10224
1788814005.6091,909017,V,550,483,-1
1788814005.6091,909025,V,549,483,-1
1788814005.6091,909033,V,557,490,-1
1788814005.6091,909041,V,549,483,-1
1788814005.6091,909049,V,550,483,-1
1788814005.6586,909063,V,550,483,10225
1788814005.6586,909071,V,549,483,-1
1788814005.6586,909079,V,548,482,-1
1788814005.6587,909087,V,549,483,-1
1788814005.6587,909095,V,548,482,-1
1788814005.6587,909103,V,549,483,-1
1788814005.7083,909116,V,549,483,10226
1788814005.7084,909124,V,548,482,-1
1788814005.7084,909132,V,552,485,-1
1788814005.7084,909140,V,549,483,-1
1788814005.7084,909148,V,548,482,-1
1788814005.7084,909156,V,548,482,-1
1788814005.7558,909170,V,549,483,10227
1788814005.7558,909178,V,549,483,-1
1788814005.7558,909186,V,549,483,-1
1788814005.7558,909194,V,548,482,-1
1788814005.7559,909202,V,548,482,-1
1788814005.7559,909210,V,549,483,-1
1788814005.8043,909223,V,548,482,10228
1788814005.8043,909231,V,567,498,-1
1788814005.8043,909239,V,548,482,-1
1788814005.8043,909247,V,549,483,-1
1788814005.8043,909255,V,549,483,-1
1788814005.8043,909263,V,550,483,-1
1788814005.8529,909277,V,550,483,10229
1788814005.8529,909285,V,550,483,-1
1788814005.8529,909293,V,548,482,-1
1788814005.8529,909301,V,548,482,-1
1788814005.8529,909309,V,549,483,-1
1788814005.8529,909317,V,549,483,-1
1788814005.9016,909331,V,548,482,10230
1788814005.9016,909339,V,548,482,-1
1788814005.9016,909347,V,550,483,-1
1788814005.9016,909355,V,549,483,-1
1788814005.9016,909363,V,549,483,-1
1788814005.9016,909371,V,548,482,-1
1788814005.9989,909384,V,549,483,10231
1788814005.9990,909392,V,550,483,-1
1788814005.9990,909400,V,550,483,-1
1788814005.9990,909408,V,550,483,-1
1788814005.9990,909416,V,549,483,-1
1788814005.9990,909424,V,551,484,-1
1788814006.0478,909438,V,550,483,10232
1788814006.0478,909446,V,549,483,-1
1788814006.0478,909454,V,549,483,-1
1788814006.0478,909462,V,550,483,-1
1788814006.0478,909470,V,550,483,-1
1788814006.0478,909478,V,550,483,-1
1788814006.0965,909491,V,549,483,10233
1788814006.0965,909499,V,549,483,-1
1788814006.0965,909507,V,549,483,-1
1788814006.0965,909515,V,548,482,-1
1788814006.0965,909523,V,549,483,-1
1788814006.0965,909531,V,548,482,-1
1788814006.1469,909545,V,548,482,10234
1788814006.1469,909553,V,549,483,-1
1788814006.1469,909561,V,549,483,-1
1788814006.1469,909569,V,552,485,-1
1788814006.1469,909577,V,548,482,-1
1788814006.1469,909585,V,548,482,-1
1788814006.1941,909599,V,548,482,10235
1788814006.1941,909607,V,549,483,-1
1788814006.1941,909615,V,548,482,-1
1788814006.1941,909623,V,549,483,-1
1788814006.1941,909631,V,549,483,-1
1788814006.1941,909639,V,549,483,-1
1788814006.2427,909652,V,547,481,10236
1788814006.2429,909660,V,548,482,-1
1788814006.2429,909668,V,550,483,-1
1788814006.2429,909676,V,548,482,-1
1788814006.2429,909684,V,549,483,-1
1788814006.2429,909692,V,549,483,-1
1788814006.2921,909706,V,550,483,10237
1788814006.2921,909714,V,549,483,-1
1788814006.2921,909722,V,549,483,-1
1788814006.2921,909730,V,549,483,-1
1788814006.2921,909738,V,551,484,-1
1788814006.2921,909746,V,549,483,-1
1788814006.3404,909759,V,549,483,10238
1788814006.3404,909767,V,568,499,-1
1788814006.3405,909775,V,548,482,-1
1788814006.3405,909783,V,549,483,-1
1788814006.3405,909791,V,549,483,-1
1788814006.3405,909799,V,549,483,-1
1788814006.4388,909813,V,549,483,10239
1788814006.4388,909821,V,549,483,-1
1788814006.4388,909829,V,549,483,-1
1788814006.4388,909837,V,550,483,-1
1788814006.4388,909845,V,550,483,-1
1788814006.4388,909853,V,550,483,-1
1788814006.4402,909867,V,551,484,10240
1788814006.4402,909875,V,550,483,-1
1788814006.4402,909883,V,549,483,-1
1788814006.4402,909891,V,550,483,-1
1788814006.4402,909899,V,550,483,-1
1788814006.4402,909907,V,548,482,-1
1788814006.5354,909920,V,550,483,10241
1788814006.5355,909928,V,549,483,-1
1788814006.5355,909936,V,549,483,-1
1788814006.5355,909944,V,550,483,-1
1788814006.5355,909952,V,549,483,-1
1788814006.5355,909960,V,549,483,-1
1788814006.5845,909974,V,549,483,10242
1788814006.5845,909982,V,549,483,-1
1788814006.5845,909990,V,548,482,-1
1788814006.5845,909998,V,548,482,-1
1788814006.5845,910006,V,548,482,-1
1788814006.5845,910014,V,549,483,-1
1788814006.6330,910027,V,549,483,10243
1788814006.6330,910035,V,549,483,-1
1788814006.6333,910043,V,549,483,-1
1788814006.6334,910051,V,549,483,-1
1788814006.6334,910059,V,549,483,-1
1788814006.6334,910067,V,549,483,-1
1788814006.6816,910081,V,549,483,10244
1788814006.6816,910089,V,548,482,-1
1788814006.6816,910097,V,548,482,-1
1788814006.6816,910105,V,552,485,-1
1788814006.6816,910113,V,548,482,-1
1788814006.6816,910121,V,548,482,-1
1788814006.7304,910135,V,549,483,10245
1788814006.7304,910143,V,549,483,-1
1788814006.7304,910151,V,549,483,-1
1788814006.7304,910159,V,549,483,-1
1788814006.7304,910167,V,549,483,-1
1788814006.7304,910175,V,549,483,-1
1788814006.7791,910188,V,549,483,10246
1788814006.7792,910196,V,549,483,-1
1788814006.7792,910204,V,551,484,-1
1788814006.7792,910212,V,549,483,-1
1788814006.7792,910220,V,548,482,-1
1788814006.7792,910228,V,548,482,-1
1788814006.8285,910242,V,549,483,10247
1788814006.8286,910250,V,549,483,-1
1788814006.8286,910258,V,548,482,-1
1788814006.8286,910266,V,549,483,-1
1788814006.8286,910274,V,549,483,-1
1788814006.8286,910282,V,549,483,-1
1788814006.8769,910296,V,549,483,10248
1788814006.8769,910304,V,565,497,-1
1788814006.8769,910312,V,549,483,-1
1788814006.8769,910320,V,550,483,-1
1788814006.8769,910328,V,549,483,-1
1788814006.8769,910336,V,550,483,-1
1788814006.9265,910349,V,549,483,10249
1788814006.9265,910357,V,549,483,-1
1788814006.9265,910365,V,549,483,-1
1788814006.9265,910373,V,549,483,-1
1788814006.9265,910381,V,550,483,-1
1788814006.9265,910389,V,549,483,-1
1788814006.9750,910403,V,550,483,10250
1788814006.9750,910411,V,549,483,-1
1788814006.9750,910419,V,549,483,-1
1788814006.9750,910427,V,550,483,-1
1788814006.9750,910435,V,549,483,-1
1788814006.9750,910443,V,547,481,-1
1788814007.0717,910457,V,549,483,10251
1788814007.0718,910465,V,549,483,-1
1788814007.0718,910473,V,548,482,-1
1788814007.0718,910481,V,547,481,-1
1788814007.0718,910489,V,548,482,-1
1788814007.0718,910497,V,549,483,-1
1788814007.1215,910510,V,549,483,10252
1788814007.1216,910518,V,547,481,-1
1788814007.1216,910526,V,549,483,-1
1788814007.1216,910534,V,549,483,-1
1788814007.1216,910542,V,548,482,-1
1788814007.1216,910550,V,549,483,-1
1788814007.1692,910564,V,548,482,10253
1788814007.1692,910572,V,548,482,-1
1788814007.1693,910580,V,549,483,-1
1788814007.1693,910588,V,549,483,-1
1788814007.1693,910596,V,548,482,-1
1788814007.1693,910604,V,549,483,-1
1788814007.2187,910617,V,548,482,10254
1788814007.2188,910625,V,548,482,-1
1788814007.2188,910633,V,549,483,-1
1788814007.2188,910641,V,552,485,-1
1788814007.2188,910649,V,548,482,-1
1788814007.2188,910657,V,549,483,-1
1788814007.2674,910671,V,549,483,10255
1788814007.2674,910679,V,549,483,-1
1788814007.2674,910687,V,549,483,-1
1788814007.2674,910695,V,549,483,-1
1788814007.2674,910703,V,549,483,-1
1788814007.2674,910711,V,549,483,-1
1788814007.3159,910725,V,549,483,10256
1788814007.3160,910733,V,549,483,-1
1788814007.3160,910741,V,552,485,-1
1788814007.3160,910749,V,549,483,-1
1788814007.3161,910757,V,548,482,-1
1788814007.3161,910765,V,549,483,-1
1788814007.3653,910778,V,549,483,10257
1788814007.3653,910786,V,550,483,-1
1788814007.3653,910794,V,549,483,-1
1788814007.3653,910802,V,549,483,-1
1788814007.3653,910810,V,548,482,-1
1788814007.3653,910818,V,549,483,-1
1788814007.4138,910832,V,550,483,10258
1788814007.4138,910840,V,562,494,-1
1788814007.4138,910848,V,550,483,-1
1788814007.4138,910856,V,549,483,-1
1788814007.4139,910864,V,548,482,-1
1788814007.4139,910872,V,550,483,-1
1788814007.4624,910886,V,549,483,10259
1788814007.4625,910894,V,549,483,-1
1788814007.4625,910902,V,548,482,-1
1788814007.4625,910910,V,549,483,-1
1788814007.4625,910918,V,549,483,-1
1788814007.4625,910926,V,548,482,-1
1788814007.5103,910939,V,550,483,10260
1788814007.5103,910947,V,549,483,-1
1788814007.5103,910955,V,548,482,-1
1788814007.5103,910963,V,549,483,-1
1788814007.5104,910971,V,548,482,-1
1788814007.5104,910979,V,549,483,-1
1788814007.6078,910993,V,549,483,10261
1788814007.6080,911001,V,548,482,-1
1788814007.6080,911009,V,549,483,-1
1788814007.6080,911017,V,548,482,-1
1788814007.6080,911025,V,549,483,-1
1788814007.6080,911033,V,548,482,-1
1788814007.6570,911046,V,548,482,10262
1788814007.6570,911054,V,550,483,-1
1788814007.6570,911062,V,549,483,-1
1788814007.6570,911070,V,549,483,-1
1788814007.6570,911078,V,549,483,-1
1788814007.6570,911086,V,549,483,-1
1788814007.7069,911100,V,547,481,10263
1788814007.7069,911108,V,548,482,-1
1788814007.7069,911116,V,548,482,-1
1788814007.7069,911124,V,548,482,-1
1788814007.7069,911132,V,549,483,-1
1788814007.7069,911140,V,548,482,-1
1788814007.7541,911154,V,549,483,10264
1788814007.7541,911162,V,549,483,-1
1788814007.7541,911170,V,548,482,-1
1788814007.7541,911178,V,552,485,-1
1788814007.7541,911186,V,549,483,-1
1788814007.7541,911194,V,548,482,-1
1788814007.8028,911207,V,549,483,10265
1788814007.8028,911215,V,549,483,-1
1788814007.8028,911223,V,550,483,-1
1788814007.8028,911231,V,549,483,-1
1788814007.8028,911239,V,548,482,-1
1788814007.8028,911247,V,548,482,-1
1788814007.8515,911261,V,549,483,10266
1788814007.8516,911269,V,548,482,-1
1788814007.8516,911277,V,552,485,-1
1788814007.8516,911285,V,548,482,-1
1788814007.8517,911293,V,549,483,-1
1788814007.8517,911301,V,548,482,-1
1788814007.9001,911314,V,549,483,10267
1788814007.9001,911322,V,549,483,-1
1788814007.9001,911330,V,549,483,-1
1788814007.9001,911338,V,548,482,-1
1788814007.9001,911346,V,548,482,-1
1788814007.9002,911354,V,548,482,-1
1788814007.9488,911368,V,548,482,10268
1788814007.9488,911376,V,560,492,-1
1788814007.9488,911384,V,548,482,-1
1788814007.9488,911392,V,549,483,-1
1788814007.9488,911400,V,548,482,-1
1788814007.9488,911408,V,546,480,-1
1788814007.9977,911422,V,547,481,10269
1788814007.9978,911430,V,547,481,-1
1788814007.9978,911438,V,548,482,-1
1788814007.9978,911446,V,549,483,-1
1788814007.9978,911454,V,548,482,-1
1788814007.9978,911462,V,550,483,-1
1788814008.0475,911475,V,551,484,10270
1788814008.0476,911483,V,549,483,-1
1788814008.0476,911491,V,548,482,-1
1788814008.0476,911499,V,549,483,-1
1788814008.0476,911507,V,549,483,-1
1788814008.0476,911515,V,548,482,-1
1788814008.1451,911529,V,549,483,10271
1788814008.1452,911537,V,549,483,-1
1788814008.1452,911545,V,548,482,-1
1788814008.1452,911553,V,549,483,-1
1788814008.1453,911561,V,549,483,-1
1788814008.1453,911569,V,549,483,-1
1788814008.1929,911583,V,549,483,10272
1788814008.1929,911591,V,548,482,-1
1788814008.1930,911599,V,548,482,-1
1788814008.1930,911607,V,548,482,-1
1788814008.1930,911615,V,547,481,-1
1788814008.1930,911623,V,549,483,-1
1788814008.2417,911636,V,549,483,10273
1788814008.2417,911644,V,549,483,-1
1788814008.2417,911652,V,548,482,-1
1788814008.2417,911660,V,549,483,-1
1788814008.2417,911668,V,549,483,-1
1788814008.2417,911676,V,549,483,-1
1788814008.2912,911690,V,549,483,10274
1788814008.2912,911698,V,548,482,-1
1788814008.2912,911706,V,548,482,-1
1788814008.2912,911714,V,552,485,-1
1788814008.2912,911722,V,550,483,-1
1788814008.2912,911730,V,548,482,-1
1788814008.3400,911744,V,548,482,10275
1788814008.3400,911752,V,549,483,-1
1788814008.3400,911760,V,549,483,-1
1788814008.3400,911768,V,548,482,-1
1788814008.3401,911776,V,549,483,-1
1788814008.3401,911784,V,548,482,-1
1788814008.3887,911797,V,549,483,10276
1788814008.3888,911805,V,550,483,-1
1788814008.3888,911813,V,551,484,-1
1788814008.3888,911821,V,548,482,-1
1788814008.3890,911829,V,547,481,-1
1788814008.3890,911837,V,548,482,-1
1788814008.4379,911851,V,548,482,10277
1788814008.4380,911859,V,548,482,-1
1788814008.4380,911867,V,548,482,-1
1788814008.4380,911875,V,549,483,-1
1788814008.4380,911883,V,548,482,-1
1788814008.4380,911891,V,548,482,-1
1788814008.4851,911904,V,547,481,10278
1788814008.4852,911912,V,565,497,-1
1788814008.4852,911920,V,549,483,-1
1788814008.4852,911928,V,549,483,-1
1788814008.4852,911936,V,548,482,-1
1788814008.4852,911944,V,548,482,-1
1788814008.5361,911958,V,548,482,10279
1788814008.5361,911966,V,549,483,-1
1788814008.5362,911974,V,548,482,-1
1788814008.5362,911982,V,547,481,-1
1788814008.5362,911990,V,549,483,-1
1788814008.5362,911998,V,549,483,-1
1788814008.5829,912012,V,550,483,10280
1788814008.5829,912020,V,549,483,-1
1788814008.5829,912028,V,547,481,-1
1788814008.5829,912036,V,548,482,-1
1788814008.5829,912044,V,549,483,-1
1788814008.5829,912052,V,549,483,-1
1788814008.6806,912065,V,549,483,10281
1788814008.6807,912073,V,548,482,-1
1788814008.6807,912081,V,548,482,-1
1788814008.6807,912089,V,548,482,-1
1788814008.6807,912097,V,547,481,-1
1788814008.6807,912105,V,549,483,-1
1788814008.7312,912119,V,550,483,10282
1788814008.7313,912127,V,550,483,-1
1788814008.7313,912135,V,549,483,-1
1788814008.7313,912143,V,549,483,-1
1788814008.7313,912151,V,548,482,-1
1788814008.7313,912159,V,548,482,-1
1788814008.7781,912173,V,549,483,10283
1788814008.7781,912181,V,550,483,-1
1788814008.7781,912189,V,547,481,-1
1788814008.7781,912197,V,548,482,-1
1788814008.7781,912205,V,549,483,-1
1788814008.7781,912213,V,548,482,-1
1788814008.8263,912226,V,549,483,10284
1788814008.8263,912234,V,549,483,-1
1788814008.8263,912242,V,550,483,-1
1788814008.8263,912250,V,552,485,-1
1788814008.8264,912258,V,549,483,-1
1788814008.8264,912266,V,548,482,-1
1788814008.8754,912280,V,548,482,10285
1788814008.8754,912288,V,549,483,-1
1788814008.8754,912296,V,548,482,-1
1788814008.8754,912304,V,547,481,-1
1788814008.8754,912312,V,549,483,-1
1788814008.8754,912320,V,548,482,-1
1788814008.9242,912333,V,548,482,10286
1788814008.9243,912341,V,549,483,-1
1788814008.9243,912349,V,551,484,-1
1788814008.9243,912357,V,547,481,-1
1788814008.9243,912365,V,549,483,-1
1788814008.9243,912373,V,548,482,-1
1788814008.9738,912387,V,549,483,10287
1788814008.9738,912395,V,547,481,-1
1788814008.9738,912403,V,548,482,-1
1788814008.9739,912411,V,548,482,-1
1788814008.9739,912419,V,549,483,-1
1788814008.9739,912427,V,549,483,-1
1788814009.0224,912441,V,549,483,10288
1788814009.0225,912449,V,567,498,-1
1788814009.0225,912457,V,549,483,-1
1788814009.0225,912465,V,549,483,-1
1788814009.0225,912473,V,548,482,-1
1788814009.0225,912481,V,550,483,-1
1788814009.0715,912494,V,548,482,10289
1788814009.0715,912502,V,549,483,-1
1788814009.0715,912510,V,549,483,-1
1788814009.0715,912518,V,550,483,-1
1788814009.0716,912526,V,549,483,-1
1788814009.0716,912534,V,548,482,-1
1788814009.1694,912548,V,550,483,10290
1788814009.1696,912556,V,549,483,-1
1788814009.1696,912564,V,549,483,-1
1788814009.1696,912572,V,549,483,-1
1788814009.1696,912580,V,549,483,-1
1788814009.1696,912588,V,550,483,-1
1788814009.2179,912602,V,549,483,10291
1788814009.2180,912610,V,550,483,-1
1788814009.2180,912618,V,549,483,-1
1788814009.2180,912626,V,549,483,-1
1788814009.2180,912634,V,549,483,-1
1788814009.2180,912642,V,549,483,-1
1788814009.3145,912655,V,549,483,10292
1788814009.3145,912663,V,548,482,-1
1788814009.3145,912671,V,549,483,-1
1788814009.3145,912679,V,550,483,-1
1788814009.3145,912687,V,549,483,-1
1788814009.3145,912695,V,550,483,-1
1788814009.3153,912709,V,550,483,10293
1788814009.3153,912717,V,549,483,-1
1788814009.3153,912725,V,548,482,-1
1788814009.3153,912733,V,549,483,-1
1788814009.3154,912741,V,548,482,-1
1788814009.3154,912749,V,549,483,-1
1788814009.3638,912762,V,549,483,10294
1788814009.3638,912770,V,548,482,-1
1788814009.3638,912778,V,548,482,-1
1788814009.3638,912786,V,555,488,-1
1788814009.3638,912794,V,548,482,-1
1788814009.3638,912802,V,548,482,-1
1788814009.4605,912816,V,549,483,10295
1788814009.4607,912824,V,549,483,-1
1788814009.4607,912832,V,548,482,-1
1788814009.4607,912840,V,549,483,-1
1788814009.4607,912848,V,548,482,-1
1788814009.4607,912856,V,549,483,-1
1788814009.4626,912870,V,549,483,10296
1788814009.4626,912878,V,549,483,-1
1788814009.4626,912886,V,550,483,-1
1788814009.4626,912894,V,548,482,-1
1788814009.4626,912902,V,549,483,-1
1788814009.4626,912910,V,548,482,-1
1788814009.5106,912923,V,548,482,10297
1788814009.5106,912931,V,550,483,-1
1788814009.5106,912939,V,549,483,-1
1788814009.5106,912947,V,549,483,-1
1788814009.5106,912955,V,549,483,-1
1788814009.5106,912963,V,549,483,-1
1788814009.5581,912977,V,548,482,10298
1788814009.5581,912985,V,569,500,-1
1788814009.5581,912993,V,549,483,-1
1788814009.5581,913001,V,549,483,-1
1788814009.5581,913009,V,549,483,-1
1788814009.5581,913017,V,548,482,-1
1788814009.6560,913031,V,549,483,10299
1788814009.6560,913039,V,549,483,-1
1788814009.6560,913047,V,549,483,-1
1788814009.6560,913055,V,549,483,-1
1788814009.6561,913063,V,549,483,-1
1788814009.6561,913071,V,550,483,-1
1788814009.6571,913084,V,549,483,10300
1788814009.6571,913092,V,549,483,-1
1788814009.6571,913100,V,549,483,-1
1788814009.6571,913108,V,550,483,-1
1788814009.6571,913116,V,549,483,-1
1788814009.6572,913124,V,550,483,-1
1788814009.7530,913138,V,549,483,10301
1788814009.7531,913146,V,549,483,-1
1788814009.7531,913154,V,549,483,-1
1788814009.7531,913162,V,549,483,-1
1788814009.7531,913170,V,549,483,-1
1788814009.7532,913178,V,549,483,-1
1788814009.8021,913191,V,548,482,10302
1788814009.8021,913199,V,547,481,-1
1788814009.8021,913207,V,549,483,-1
1788814009.8021,913215,V,548,482,-1
1788814009.8021,913223,V,548,482,-1
1788814009.8021,913231,V,549,483,-1
1788814009.8504,913245,V,549,483,10303
1788814009.8505,913253,V,548,482,-1
1788814009.8505,913261,V,549,483,-1
1788814009.8505,913269,V,550,483,-1
1788814009.8505,913277,V,549,483,-1
1788814009.8505,913285,V,549,483,-1
1788814009.8992,913299,V,548,482,10304
1788814009.8992,913307,V,549,483,-1
1788814009.8992,913315,V,548,482,-1
1788814009.8992,913323,V,552,485,-1
1788814009.8992,913331,V,548,482,-1
1788814009.8992,913339,V,550,483,-1
1788814009.9482,913352,V,550,483,10305
1788814009.9482,913360,V,550,483,-1
1788814009.9482,913368,V,549,483,-1
1788814009.9482,913376,V,549,483,-1
1788814009.9482,913384,V,549,483,-1
1788814009.9482,913392,V,549,483,-1
1788814009.9964,913406,V,549,483,10306
1788814009.9966,913414,V,548,482,-1
1788814009.9966,913422,V,550,483,-1
1788814009.9966,913430,V,549,483,-1
1788814009.9966,913438,V,549,483,-1
1788814009.9966,913446,V,549,483,-1
1788814010.0458,913460,V,550,483,10307
1788814010.0458,913468,V,548,482,-1
1788814010.0458,913476,V,549,483,-1
1788814010.0458,913484,V,549,483,-1
1788814010.0458,913492,V,548,482,-1
1788814010.0458,913500,V,549,483,-1
1788814010.0941,913513,V,549,483,10308
1788814010.0941,913521,V,570,501,-1
1788814010.0941,913529,V,548,482,-1
1788814010.0941,913537,V,549,483,-1
1788814010.0941,913545,V,549,483,-1
1788814010.0941,913553,V,549,483,-1
1788814010.1430,913567,V,550,483,10309
1788814010.1430,913575,V,550,483,-1
1788814010.1430,913583,V,550,483,-1
1788814010.1430,913591,V,549,483,-1
1788814010.1430,913599,V,549,483,-1
1788814010.1430,913607,V,549,483,-1
1788814010.1917,913621,V,549,483,10310
1788814010.1917,913629,V,550,483,-1
1788814010.1917,913637,V,549,483,-1
1788814010.1917,913645,V,549,483,-1
1788814010.1918,913653,V,549,483,-1
1788814010.1918,913661,V,548,482,-1
1788814010.2892,913674,V,549,483,10311
1788814010.2893,913682,V,548,482,-1
1788814010.2893,913690,V,550,483,-1
1788814010.2893,913698,V,547,481,-1
1788814010.2894,913706,V,549,483,-1
1788814010.2894,913714,V,549,483,-1
1788814010.3399,913728,V,548,482,10312
1788814010.3400,913736,V,548,482,-1
1788814010.3400,913744,V,550,483,-1
1788814010.3400,913752,V,549,483,-1
1788814010.3400,913760,V,548,482,-1
1788814010.3400,913768,V,548,482,-1
1788814010.3867,913781,V,549,483,10313
1788814010.3867,913789,V,549,483,-1
1788814010.3867,913797,V,549,483,-1
1788814010.3867,913805,V,550,483,-1
1788814010.3867,913813,V,548,482,-1
1788814010.3867,913821,V,549,483,-1
1788814010.4352,913835,V,549,483,10314
1788814010.4353,913843,V,548,482,-1
1788814010.4353,913851,V,548,482,-1
1788814010.4353,913859,V,552,485,-1
1788814010.4353,913867,V,549,483,-1
1788814010.4353,913875,V,548,482,-1
1788814010.4842,913889,V,550,483,10315
1788814010.4842,913897,V,549,483,-1
1788814010.4842,913905,V,549,483,-1
1788814010.4842,913913,V,550,483,-1
1788814010.4842,913921,V,548,482,-1
1788814010.4842,913929,V,549,483,-1
1788814010.5328,913942,V,549,483,10316
1788814010.5328,913950,V,549,483,-1
1788814010.5328,913958,V,551,484,-1
1788814010.5328,913966,V,549,483,-1
1788814010.5328,913974,V,550,483,-1
1788814010.5328,913982,V,550,483,-1
1788814010.5831,913996,V,549,483,10317
1788814010.5831,914004,V,549,483,-1
1788814010.5831,914012,V,548,482,-1
1788814010.5832,914020,V,549,483,-1
1788814010.5832,914028,V,549,483,-1
1788814010.5832,914036,V,548,482,-1
1788814010.6301,914050,V,549,483,10318
1788814010.6301,914058,V,569,500,-1
1788814010.6301,914066,V,549,483,-1
1788814010.6301,914074,V,549,483,-1
1788814010.6301,914082,V,549,483,-1
1788814010.6301,914090,V,548,482,-1
1788814010.6792,914103,V,549,483,10319
1788814010.6793,914111,V,548,482,-1
1788814010.6793,914119,V,548,482,-1
1788814010.6793,914127,V,548,482,-1
1788814010.6793,914135,V,549,483,-1
1788814010.6793,914143,V,549,483,-1
1788814010.7295,914157,V,549,483,10320
1788814010.7295,914165,V,549,483,-1
1788814010.7295,914173,V,549,483,-1
1788814010.7296,914181,V,549,483,-1
1788814010.7296,914189,V,549,483,-1
1788814010.7296,914197,V,550,483,-1
1788814010.8255,914211,V,548,482,10321
1788814010.8257,914219,V,549,483,-1
1788814010.8257,914227,V,549,483,-1
1788814010.8257,914235,V,548,482,-1
1788814010.8257,914243,V,549,483,-1
1788814010.8257,914251,V,548,482,-1
1788814010.8745,914264,V,549,483,10322
1788814010.8746,914272,V,549,483,-1
1788814010.8746,914280,V,549,483,-1
1788814010.8746,914288,V,550,483,-1
1788814010.8746,914296,V,549,483,-1
1788814010.8746,914304,V,549,483,-1
1788814010.9227,914318,V,549,483,10323
1788814010.9227,914326,V,548,482,-1
1788814010.9227,914334,V,550,483,-1
1788814010.9227,914342,V,549,483,-1
1788814010.9227,914350,V,548,482,-1
1788814010.9227,914358,V,550,483,-1
1788814010.9716,914371,V,550,483,10324
1788814010.9716,914379,V,550,483,-1
1788814010.9717,914387,V,549,483,-1
1788814010.9717,914395,V,557,490,-1
1788814010.9717,914403,V,549,483,-1
1788814010.9717,914411,V,551,484,-1
1788814011.0700,914425,V,550,483,10325
1788814011.0701,914433,V,549,483,-1
1788814011.0702,914441,V,549,483,-1
1788814011.0702,914449,V,549,483,-1
1788814011.0702,914457,V,549,483,-1
1788814011.0702,914465,V,550,483,-1
1788814011.0716,914479,V,551,484,10326
1788814011.0716,914487,V,551,484,-1
1788814011.0716,914495,V,552,485,-1
1788814011.0716,914503,V,550,483,-1
1788814011.0716,914511,V,551,484,-1
1788814011.0716,914519,V,550,483,-1
1788814011.1193,914532,V,550,483,10327
1788814011.1194,914540,V,549,483,-1
1788814011.1194,914548,V,548,482,-1
1788814011.1194,914556,V,548,482,-1
1788814011.1194,914564,V,549,483,-1
1788814011.1194,914572,V,548,482,-1
1788814011.1678,914586,V,548,482,10328
1788814011.1679,914594,V,567,498,-1
1788814011.1679,914602,V,549,483,-1
1788814011.1679,914610,V,550,483,-1
1788814011.1679,914618,V,549,483,-1
1788814011.1679,914626,V,548,482,-1
1788814011.2642,914640,V,548,482,10329
1788814011.2642,914648,V,548,482,-1
1788814011.2642,914656,V,548,482,-1
1788814011.2642,914664,V,549,483,-1
1788814011.2642,914672,V,548,482,-1
1788814011.2643,914680,V,549,483,-1
1788814011.2655,914693,V,549,483,10330
1788814011.2655,914701,V,549,483,-1
1788814011.2655,914709,V,550,483,-1
1788814011.2655,914717,V,550,483,-1
1788814011.2655,914725,V,549,483,-1
1788814011.2655,914733,V,549,483,-1
1788814011.3620,914747,V,549,483,10331
1788814011.3621,914755,V,549,483,-1
1788814011.3621,914763,V,548,482,-1
1788814011.3621,914771,V,549,483,-1
1788814011.3621,914779,V,550,483,-1
1788814011.3621,914787,V,548,482,-1
1788814011.4109,914800,V,550,483,10332
1788814011.4109,914808,V,548,482,-1
1788814011.4109,914816,V,548,482,-1
1788814011.4109,914824,V,549,483,-1
1788814011.4109,914832,V,550,483,-1
1788814011.4109,914840,V,549,483,-1
1788814011.4593,914854,V,549,483,10333
1788814011.4594,914862,V,549,483,-1
1788814011.4594,914870,V,549,483,-1
1788814011.4594,914878,V,550,483,-1
1788814011.4594,914886,V,550,483,-1
1788814011.4594,914894,V,550,483,-1
1788814011.5075,914908,V,550,483,10334
1788814011.5075,914916,V,550,483,-1
1788814011.5075,914924,V,549,483,-1
1788814011.5075,914932,V,555,488,-1
1788814011.5075,914940,V,549,483,-1
1788814011.5075,914948,V,549,483,-1
1788814011.5575,914961,V,549,483,10335
1788814011.5575,914969,V,550,483,-1
1788814011.5575,914977,V,550,483,-1
1788814011.5575,914985,V,550,483,-1
1788814011.5575,914993,V,550,483,-1
1788814011.5576,915001,V,548,482,-1
1788814011.6053,915015,V,550,483,10336
1788814011.6055,915023,V,551,484,-1
1788814011.6055,915031,V,551,484,-1
1788814011.6055,915039,V,548,482,-1
1788814011.6055,915047,V,550,483,-1
1788814011.6055,915055,V,549,483,-1
1788814011.6552,915069,V,548,482,10337
1788814011.6553,915077,V,549,483,-1
1788814011.6553,915085,V,548,482,-1
1788814011.6553,915093,V,549,483,-1
1788814011.6553,915101,V,550,483,-1
1788814011.6553,915109,V,549,483,-1
1788814011.7033,915122,V,549,483,10338
1788814011.7033,915130,V,569,500,-1
1788814011.7033,915138,V,550,483,-1
1788814011.7033,915146,V,548,482,-1
1788814011.7034,915154,V,549,483,-1
1788814011.7034,915162,V,549,483,-1
1788814011.7536,915176,V,549,483,10339
1788814011.7536,915184,V,549,483,-1
1788814011.7536,915192,V,548,482,-1
1788814011.7537,915200,V,549,483,-1
1788814011.7537,915208,V,549,483,-1
1788814011.7537,915216,V,549,483,-1
1788814011.8004,915229,V,549,483,10340
1788814011.8004,915237,V,549,483,-1
1788814011.8005,915245,V,549,483,-1
1788814011.8005,915253,V,549,483,-1
1788814011.8005,915261,V,548,482,-1
1788814011.8005,915269,V,549,483,-1
1788814011.8981,915283,V,549,483,10341
1788814011.8982,915291,V,549,483,-1
1788814011.8982,915299,V,549,483,-1
1788814011.8982,915307,V,550,483,-1
1788814011.8982,915315,V,549,483,-1
1788814011.8982,915323,V,550,483,-1
1788814011.9470,915337,V,549,483,10342
1788814011.9471,915345,V,549,483,-1
1788814011.9471,915353,V,549,483,-1
1788814011.9471,915361,V,550,483,-1
1788814011.9471,915369,V,550,483,-1
1788814011.9471,915377,V,549,483,-1
1788814011.9957,915390,V,549,483,10343
1788814011.9958,915398,V,549,483,-1
1788814011.9959,915406,V,550,483,-1
1788814011.9959,915414,V,549,483,-1
1788814011.9959,915422,V,549,483,-1
1788814011.9959,915430,V,548,482,-1
1788814012.0443,915444,V,549,483,10344
1788814012.0443,915452,V,549,483,-1
1788814012.0443,915460,V,549,483,-1
1788814012.0444,915468,V,552,485,-1
1788814012.0444,915476,V,548,482,-1
1788814012.0444,915484,V,549,483,-1
1788814012.0927,915497,V,549,483,10345
1788814012.0927,915505,V,547,481,-1
1788814012.0927,915513,V,549,483,-1
1788814012.0927,915521,V,548,482,-1
1788814012.0927,915529,V,548,482,-1
1788814012.0927,915537,V,548,482,-1
1788814012.1417,915551,V,549,483,10346
1788814012.1419,915559,V,549,483,-1
1788814012.1419,915567,V,550,483,-1
1788814012.1419,915575,V,548,482,-1
1788814012.1419,915583,V,548,482,-1
1788814012.1419,915591,V,548,482,-1
1788814012.1908,915605,V,549,483,10347
1788814012.1908,915613,V,548,482,-1
1788814012.1908,915621,V,549,483,-1
1788814012.1909,915629,V,548,482,-1
1788814012.1909,915637,V,549,483,-1
1788814012.1909,915645,V,549,483,-1
1788814012.2396,915658,V,549,483,10348
1788814012.2396,915666,V,567,498,-1
1788814012.2396,915674,V,550,483,-1
1788814012.2396,915682,V,548,482,-1
1788814012.2396,915690,V,548,482,-1
1788814012.2396,915698,V,549,483,-1
1788814012.2880,915712,V,549,483,10349
1788814012.2881,915720,V,549,483,-1
1788814012.2881,915728,V,549,483,-1
1788814012.2881,915736,V,549,483,-1
1788814012.2881,915744,V,549,483,-1
1788814012.2881,915752,V,550,483,-1
1788814012.3366,915766,V,551,484,10350
1788814012.3366,915774,V,550,483,-1
1788814012.3366,915782,V,549,483,-1
1788814012.3366,915790,V,550,483,-1
1788814012.3366,915798,V,549,483,-1
1788814012.3366,915806,V,549,483,-1
1788814012.4344,915819,V,549,483,10351
1788814012.4345,915827,V,549,483,-1
1788814012.4345,915835,V,550,483,-1
1788814012.4345,915843,V,549,483,-1
1788814012.4345,915851,V,550,483,-1
1788814012.4345,915859,V,549,483,-1
1788814012.4833,915873,V,549,483,10352
1788814012.4833,915881,V,549,483,-1
1788814012.4833,915889,V,550,483,-1
1788814012.4833,915897,V,549,483,-1
1788814012.4834,915905,V,549,483,-1
1788814012.4834,915913,V,548,482,-1
1788814012.5319,915926,V,549,483,10353
1788814012.5319,915934,V,548,482,-1
1788814012.5319,915942,V,549,483,-1
1788814012.5319,915950,V,548,482,-1
1788814012.5320,915958,V,548,482,-1
1788814012.5320,915966,V,548,482,-1
1788814012.5805,915980,V,547,481,10354
1788814012.5805,915988,V,548,482,-1
1788814012.5805,915996,V,547,481,-1
1788814012.5805,916004,V,551,484,-1
1788814012.5805,916012,V,548,482,-1
1788814012.5805,916020,V,550,483,-1
1788814012.6292,916034,V,551,484,10355
1788814012.6292,916042,V,550,483,-1
1788814012.6292,916050,V,550,483,-1
1788814012.6293,916058,V,548,482,-1
1788814012.6293,916066,V,548,482,-1
1788814012.6293,916074,V,549,483,-1
1788814012.6782,916087,V,549,483,10356
1788814012.6783,916095,V,550,483,-1
1788814012.6783,916103,V,550,483,-1
1788814012.6783,916111,V,549,483,-1
1788814012.6783,916119,V,548,482,-1
1788814012.6783,916127,V,549,483,-1
1788814012.7271,916141,V,548,482,10357
1788814012.7271,916149,V,549,483,-1
1788814012.7271,916157,V,550,483,-1
1788814012.7272,916165,V,549,483,-1
1788814012.7272,916173,V,549,483,-1
1788814012.7272,916181,V,549,483,-1
1788814012.7764,916195,V,550,483,10358
1788814012.7765,916203,V,569,500,-1
1788814012.7765,916211,V,550,483,-1
1788814012.7765,916219,V,550,483,-1
1788814012.7765,916227,V,550,483,-1
1788814012.7765,916235,V,550,483,-1
1788814012.8244,916248,V,550,483,10359
1788814012.8244,916256,V,550,483,-1
1788814012.8245,916264,V,550,483,-1
1788814012.8245,916272,V,550,483,-1
1788814012.8245,916280,V,549,483,-1
1788814012.8245,916288,V,548,482,-1
1788814012.8740,916302,V,552,485,10360
1788814012.8740,916310,V,550,483,-1
1788814012.8740,916318,V,550,483,-1
1788814012.8740,916326,V,550,483,-1
1788814012.8740,916334,V,549,483,-1
1788814012.8740,916342,V,549,483,-1
1788814012.9724,916355,V,549,483,10361
1788814012.9725,916363,V,550,483,-1
1788814012.9726,916371,V,549,483,-1
1788814012.9726,916379,V,548,482,-1
1788814012.9726,916387,V,549,483,-1
1788814012.9726,916395,V,550,483,-1
1788814013.0196,916409,V,548,482,10362
1788814013.0197,916417,V,549,483,-1
1788814013.0197,916425,V,548,482,-1
1788814013.0197,916433,V,549,483,-1
1788814013.0197,916441,V,548,482,-1
1788814013.0197,916449,V,549,483,-1
1788814013.0682,916463,V,548,482,10363
1788814013.0682,916471,V,549,483,-1
1788814013.0682,916479,V,549,483,-1
1788814013.0682,916487,V,549,483,-1
1788814013.0682,916495,V,549,483,-1
1788814013.0683,916503,V,549,483,-1
1788814013.1167,916516,V,551,484,10364
1788814013.1168,916524,V,549,483,-1
1788814013.1168,916532,V,549,483,-1
1788814013.1168,916540,V,554,487,-1
1788814013.1168,916548,V,550,483,-1
1788814013.1168,916556,V,550,483,-1
1788814013.1656,916570,V,549,483,10365
1788814013.1656,916578,V,550,483,-1
1788814013.1656,916586,V,549,483,-1
1788814013.1656,916594,V,550,483,-1
1788814013.1656,916602,V,549,483,-1
1788814013.1656,916610,V,550,483,-1
1788814013.2140,916624,V,548,482,10366
1788814013.2141,916632,V,549,483,-1
1788814013.2141,916640,V,552,485,-1
1788814013.2141,916648,V,549,483,-1
1788814013.2141,916656,V,549,483,-1
1788814013.2141,916664,V,550,483,-1
1788814013.2633,916677,V,551,484,10367
1788814013.2633,916685,V,550,483,-1
1788814013.2633,916693,V,550,483,-1
1788814013.2633,916701,V,550,483,-1
1788814013.2633,916709,V,549,483,-1
1788814013.2633,916717,V,549,483,-1
1788814013.4101,916731,V,550,483,10368
1788814013.4102,916739,V,568,499,-1
1788814013.4102,916747,V,548,482,-1
1788814013.4102,916755,V,550,483,-1
1788814013.4102,916763,V,549,483,-1
1788814013.4102,916771,V,549,483,-1
1788814013.4115,916785,V,550,483,10369
1788814013.4115,916793,V,550,483,-1
1788814013.4115,916801,V,549,483,-1
1788814013.4115,916809,V,549,483,-1
1788814013.4115,916817,V,549,483,-1
1788814013.4115,916825,V,548,482,-1
1788814013.4119,916838,V,548,482,10370
1788814013.4119,916846,V,549,483,-1
1788814013.4119,916854,V,549,483,-1
1788814013.4119,916862,V,549,483,-1
1788814013.4119,916870,V,549,483,-1
1788814013.4119,916878,V,549,483,-1
1788814013.5072,916892,V,550,483,10371
1788814013.5073,916900,V,549,483,-1
1788814013.5073,916908,V,549,483,-1
1788814013.5073,916916,V,549,483,-1
1788814013.5073,916924,V,549,483,-1
1788814013.5073,916932,V,548,482,-1
1788814013.5560,916945,V,549,483,10372
1788814013.5560,916953,V,549,483,-1
1788814013.5561,916961,V,549,483,-1
1788814013.5561,916969,V,550,483,-1
1788814013.5561,916977,V,549,483,-1
1788814013.5561,916985,V,548,482,-1
1788814013.6040,916999,V,549,483,10373
1788814013.6040,917007,V,548,482,-1
1788814013.6041,917015,V,549,483,-1
1788814013.6041,917023,V,549,483,-1
1788814013.6041,917031,V,548,482,-1
1788814013.6041,917039,V,550,483,-1
1788814013.6530,917052,V,549,483,10374
1788814013.6530,917060,V,550,483,-1
1788814013.6530,917068,V,550,483,-1
1788814013.6531,917076,V,552,485,-1
1788814013.6531,917084,V,551,484,-1
1788814013.6531,917092,V,550,483,-1
1788814013.7021,917106,V,549,483,10375
1788814013.7022,917114,V,549,483,-1
1788814013.7022,917122,V,550,483,-1
1788814013.7022,917130,V,550,483,-1
1788814013.7022,917138,V,549,483,-1
1788814013.7022,917146,V,549,483,-1
1788814013.7520,917160,V,550,483,10376
1788814013.7522,917168,V,549,483,-1
1788814013.7522,917176,V,553,486,-1
1788814013.7522,917184,V,550,483,-1
1788814013.7524,917192,V,550,483,-1
1788814013.7524,917200,V,549,483,-1
1788814013.7997,917213,V,550,483,10377
1788814013.7997,917221,V,549,483,-1
1788814013.7997,917229,V,549,483,-1
1788814013.7997,917237,V,550,483,-1
1788814013.7998,917245,V,549,483,-1
1788814013.7998,917253,V,548,482,-1
1788814013.8480,917267,V,550,483,10378
1788814013.8481,917275,V,564,496,-1
1788814013.8481,917283,V,549,483,-1
1788814013.8481,917291,V,549,483,-1
1788814013.8481,917299,V,548,482,-1
1788814013.8481,917307,V,548,482,-1
1788814013.8965,917321,V,548,482,10379
1788814013.8965,917329,V,548,482,-1
1788814013.8965,917337,V,549,483,-1
1788814013.8965,917345,V,549,483,-1
1788814013.8965,917353,V,548,482,-1
1788814013.8965,917361,V,549,483,-1
1788814013.9464,917374,V,550,483,10380
1788814013.9464,917382,V,548,482,-1
1788814013.9464,917390,V,549,483,-1
1788814013.9464,917398,V,549,483,-1
1788814013.9464,917406,V,548,482,-1
1788814013.9464,917414,V,548,482,-1
1788814014.0430,917428,V,548,482,10381
1788814014.0431,917436,V,549,483,-1
1788814014.0431,917444,V,549,483,-1
1788814014.0432,917452,V,550,483,-1
1788814014.0432,917460,V,550,483,-1
1788814014.0432,917468,V,550,483,-1
1788814014.0919,917482,V,550,483,10382
1788814014.0919,917490,V,548,482,-1
1788814014.0919,917498,V,549,483,-1
1788814014.0919,917506,V,550,483,-1
1788814014.0919,917514,V,550,483,-1
1788814014.0919,917522,V,550,483,-1
1788814014.1406,917535,V,551,484,10383
1788814014.1406,917543,V,550,483,-1
1788814014.1406,917551,V,549,483,-1
1788814014.1406,917559,V,549,483,-1
1788814014.1407,917567,V,548,482,-1
1788814014.1407,917575,V,550,483,-1
1788814014.1889,917589,V,550,483,10384
1788814014.1889,917597,V,550,483,-1
1788814014.1889,917605,V,550,483,-1
1788814014.1889,917613,V,553,486,-1
1788814014.1889,917621,V,550,483,-1
1788814014.1890,917629,V,550,483,-1
1788814014.2380,917642,V,550,483,10385
1788814014.2380,917650,V,551,484,-1
1788814014.2380,917658,V,549,483,-1
1788814014.2380,917666,V,550,483,-1
1788814014.2380,917674,V,550,483,-1
1788814014.2380,917682,V,551,484,-1
1788814014.2868,917696,V,549,483,10386
1788814014.2870,917704,V,551,484,-1
1788814014.2870,917712,V,552,485,-1
1788814014.2870,917720,V,550,483,-1
1788814014.2870,917728,V,550,483,-1
1788814014.2870,917736,V,549,483,-1
1788814014.3356,917750,V,549,483,10387
1788814014.3357,917758,V,549,483,-1
1788814014.3357,917766,V,549,483,-1
1788814014.3357,917774,V,549,483,-1
1788814014.3357,917782,V,550,483,-1
1788814014.3357,917790,V,550,483,-1
1788814014.3844,917803,V,550,483,10388
1788814014.3844,917811,V,567,498,-1
1788814014.3844,917819,V,549,483,-1
1788814014.3844,917827,V,549,483,-1
1788814014.3844,917835,V,548,482,-1
1788814014.3844,917843,V,549,483,-1
1788814014.4329,917857,V,548,482,10389
1788814014.4330,917865,V,548,482,-1
1788814014.4330,917873,V,549,483,-1
1788814014.4330,917881,V,549,483,-1
1788814014.4330,917889,V,548,482,-1
1788814014.4330,917897,V,549,483,-1
1788814014.4816,917911,V,550,483,10390
1788814014.4816,917919,V,550,483,-1
1788814014.4816,917927,V,548,482,-1
1788814014.4816,917935,V,550,483,-1
1788814014.4817,917943,V,549,483,-1
1788814014.4817,917951,V,549,483,-1
1788814014.5792,917964,V,550,483,10391
1788814014.5793,917972,V,551,484,-1
1788814014.5793,917980,V,549,483,-1
1788814014.5793,917988,V,549,483,-1
1788814014.5793,917996,V,549,483,-1
1788814014.5793,918004,V,549,483,-1
1788814014.6282,918018,V,549,483,10392
1788814014.6282,918026,V,550,483,-1
1788814014.6283,918034,V,551,484,-1
1788814014.6283,918042,V,550,483,-1
1788814014.6283,918050,V,550,483,-1
1788814014.6283,918058,V,549,483,-1
1788814014.6769,918071,V,550,483,10393
1788814014.6769,918079,V,550,483,-1
1788814014.6770,918087,V,549,483,-1
1788814014.6770,918095,V,551,484,-1
1788814014.6770,918103,V,550,483,-1
1788814014.6770,918111,V,550,483,-1
1788814014.7254,918125,V,550,483,10394
1788814014.7255,918133,V,549,483,-1
1788814014.7255,918141,V,549,483,-1
1788814014.7255,918149,V,553,486,-1
1788814014.7255,918157,V,551,484,-1
1788814014.7255,918165,V,550,483,-1
1788814014.7759,918179,V,549,483,10395
1788814014.7759,918187,V,549,483,-1
1788814014.7759,918195,V,548,482,-1
1788814014.7759,918203,V,550,483,-1
1788814014.7760,918211,V,549,483,-1
1788814014.7760,918219,V,550,483,-1
1788814014.8229,918232,V,549,483,10396
1788814014.8230,918240,V,549,483,-1
1788814014.8230,918248,V,552,485,-1
1788814014.8230,918256,V,550,483,-1
1788814014.8230,918264,V,549,483,-1
1788814014.8231,918272,V,549,483,-1
1788814014.8722,918286,V,550,483,10397
1788814014.8722,918294,V,549,483,-1
1788814014.8722,918302,V,550,483,-1
1788814014.8722,918310,V,549,483,-1
1788814014.8722,918318,V,549,483,-1
1788814014.8722,918326,V,549,483,-1
1788814014.9226,918339,V,549,483,10398
1788814014.9227,918347,V,566,497,-1
1788814014.9227,918355,V,550,483,-1
1788814014.9227,918363,V,549,483,-1
1788814014.9227,918371,V,549,483,-1
1788814014.9227,918379,V,549,483,-1
1788814014.9714,918393,V,548,482,10399
1788814014.9714,918401,V,548,482,-1
1788814014.9714,918409,V,549,483,-1
1788814014.9715,918417,V,549,483,-1
1788814014.9715,918425,V,549,483,-1
1788814014.9715,918433,V,550,483,-1
1788814015.0180,918447,V,552,485,10400
1788814015.0180,918455,V,549,483,-1
1788814015.0181,918463,V,551,484,-1
1788814015.0181,918471,V,549,483,-1
1788814015.0181,918479,V,549,483,-1
1788814015.0181,918487,V,549,483,-1
1788814015.1159,918500,V,550,483,10401
1788814015.1160,918508,V,549,483,-1
1788814015.1160,918516,V,550,483,-1
1788814015.1160,918524,V,549,483,-1
1788814015.1160,918532,V,550,483,-1
1788814015.1160,918540,V,550,483,-1
1788814015.1641,918554,V,549,483,10402
1788814015.1641,918562,V,550,483,-1
1788814015.1641,918570,V,550,483,-1
1788814015.1642,918578,V,549,483,-1
1788814015.1642,918586,V,548,482,-1
1788814015.1642,918594,V,550,483,-1
1788814015.2129,918608,V,549,483,10403
1788814015.2129,918616,V,549,483,-1
1788814015.2129,918624,V,550,483,-1
1788814015.2129,918632,V,549,483,-1
1788814015.2129,918640,V,549,483,-1
1788814015.2129,918648,V,549,483,-1
1788814015.2615,918661,V,549,483,10404
1788814015.2615,918669,V,549,483,-1
1788814015.2615,918677,V,548,482,-1
1788814015.2615,918685,V,550,483,-1
1788814015.2615,918693,V,549,483,-1
1788814015.2615,918701,V,548,482,-1
1788814015.3108,918715,V,549,483,10405
1788814015.3109,918723,V,548,482,-1
1788814015.3109,918731,V,548,482,-1
1788814015.3109,918739,V,548,482,-1
1788814015.3109,918747,V,549,483,-1
1788814015.3109,918755,V,550,483,-1
1788814015.3593,918768,V,549,483,10406
1788814015.3595,918776,V,548,482,-1
1788814015.3595,918784,V,555,488,-1
1788814015.3595,918792,V,549,483,-1
1788814015.3595,918800,V,549,483,-1
1788814015.3595,918808,V,549,483,-1
1788814015.4572,918822,V,549,483,10407
1788814015.4572,918830,V,549,483,-1
1788814015.4572,918838,V,551,484,-1
1788814015.4573,918846,V,550,483,-1
1788814015.4573,918854,V,549,483,-1
1788814015.4573,918862,V,549,483,-1
1788814015.4583,918876,V,549,483,10408
1788814015.4583,918884,V,557,490,-1
1788814015.4583,918892,V,549,483,-1
1788814015.4583,918900,V,549,483,-1
1788814015.4584,918908,V,549,483,-1
1788814015.4584,918916,V,549,483,-1
1788814015.5053,918929,V,549,483,10409
1788814015.5053,918937,V,551,484,-1
1788814015.5053,918945,V,548,482,-1
1788814015.5053,918953,V,550,483,-1
1788814015.5053,918961,V,550,483,-1
1788814015.5053,918969,V,549,483,-1
1788814015.5538,918983,V,558,490,10410
1788814015.5538,918991,V,550,483,-1
1788814015.5538,918999,V,549,483,-1
1788814015.5538,919007,V,550,483,-1
1788814015.5538,919015,V,549,483,-1
1788814015.5538,919023,V,549,483,-1
1788814015.6516,919036,V,550,483,10411
1788814015.6517,919044,V,550,483,-1
1788814015.6517,919052,V,550,483,-1
1788814015.6517,919060,V,549,483,-1
1788814015.6517,919068,V,550,483,-1
1788814015.6517,919076,V,550,483,-1
1788814015.7006,919090,V,549,483,10412
1788814015.7007,919098,V,549,483,-1
1788814015.7007,919106,V,549,483,-1
1788814015.7007,919114,V,549,483,-1
1788814015.7007,919122,V,549,483,-1
1788814015.7007,919130,V,549,483,-1
1788814015.7502,919144,V,549,483,10413
1788814015.7502,919152,V,548,482,-1
1788814015.7502,919160,V,549,483,-1
1788814015.7502,919168,V,549,483,-1
1788814015.7502,919176,V,548,482,-1
1788814015.7503,919184,V,549,483,-1
1788814015.7989,919197,V,549,483,10414
1788814015.7989,919205,V,549,483,-1
1788814015.7989,919213,V,549,483,-1
1788814015.7989,919221,V,548,482,-1
1788814015.7989,919229,V,550,483,-1
1788814015.7989,919237,V,549,483,-1
1788814015.8468,919251,V,549,483,10415
1788814015.8468,919259,V,549,483,-1
1788814015.8468,919267,V,549,483,-1
1788814015.8468,919275,V,548,482,-1
1788814015.8468,919283,V,549,483,-1
1788814015.8468,919291,V,549,483,-1
1788814015.8956,919304,V,548,482,10416
1788814015.8957,919312,V,549,483,-1
1788814015.8957,919320,V,555,488,-1
1788814015.8957,919328,V,549,483,-1
1788814015.8957,919336,V,550,483,-1
1788814015.8957,919344,V,549,483,-1
1788814015.9446,919358,V,549,483,10417
1788814015.9446,919366,V,549,483,-1
1788814015.9446,919374,V,548,482,-1
1788814015.9446,919382,V,549,483,-1
1788814015.9446,919390,V,549,483,-1
1788814015.9446,919398,V,550,483,-1
1788814015.9928,919412,V,550,483,10418
1788814015.9929,919420,V,556,489,-1
1788814015.9929,919428,V,549,483,-1
1788814015.9929,919436,V,549,483,-1
1788814015.9929,919444,V,549,483,-1
1788814015.9929,919452,V,549,483,-1
1788814016.0427,919466,V,549,483,10419
1788814016.0427,919474,V,550,483,-1
1788814016.0427,919482,V,549,483,-1
1788814016.0428,919490,V,550,483,-1
1788814016.0428,919498,V,549,483,-1
1788814016.0428,919506,V,549,483,-1
1788814016.0905,919519,V,551,484,10420
1788814016.0905,919527,V,549,483,-1
1788814016.0905,919535,V,549,483,-1
1788814016.0905,919543,V,548,482,-1
1788814016.0905,919551,V,548,482,-1
1788814016.0905,919559,V,548,482,-1
1788814016.1890,919573,V,549,483,10421
1788814016.1891,919581,V,548,482,-1
1788814016.1891,919589,V,549,483,-1
1788814016.1891,919597,V,548,482,-1
1788814016.1891,919605,V,548,482,-1
1788814016.1891,919613,V,549,483,-1
1788814016.2372,919626,V,548,482,10422
1788814016.2372,919634,V,548,482,-1
1788814016.2372,919642,V,548,482,-1
1788814016.2372,919650,V,548,482,-1
1788814016.2373,919658,V,548,482,-1
1788814016.2373,919666,V,548,482,-1
1788814016.2853,919680,V,548,482,10423
1788814016.2853,919688,V,549,483,-1
1788814016.2853,919696,V,549,483,-1
1788814016.2853,919704,V,548,482,-1
1788814016.2853,919712,V,549,483,-1
1788814016.2854,919720,V,548,482,-1
1788814016.3343,919734,V,549,483,10424
1788814016.3343,919742,V,548,482,-1
1788814016.3343,919750,V,549,483,-1
1788814016.3343,919758,V,551,484,-1
1788814016.3343,919766,V,550,483,-1
1788814016.3343,919774,V,550,483,-1
1788814016.3832,919787,V,548,482,10425
1788814016.3832,919795,V,549,483,-1
1788814016.3832,919803,V,549,483,-1
1788814016.3832,919811,V,549,483,-1
1788814016.3832,919819,V,550,483,-1
1788814016.3832,919827,V,549,483,-1
1788814016.4319,919841,V,548,482,10426
1788814016.4320,919849,V,548,482,-1
1788814016.4321,919857,V,551,484,-1
1788814016.4321,919865,V,550,483,-1
1788814016.4321,919873,V,550,483,-1
1788814016.4321,919881,V,549,483,-1
1788814016.4810,919895,V,549,483,10427
1788814016.4810,919903,V,549,483,-1
1788814016.4810,919911,V,549,483,-1
1788814016.4810,919919,V,549,483,-1
1788814016.4810,919927,V,550,483,-1
1788814016.4810,919935,V,549,483,-1
1788814016.5293,919948,V,549,483,10428
1788814016.5294,919956,V,563,495,-1
1788814016.5294,919964,V,551,484,-1
1788814016.5294,919972,V,550,483,-1
1788814016.5294,919980,V,550,483,-1
1788814016.5294,919988,V,549,483,-1
1788814016.5781,920002,V,550,483,10429
1788814016.5782,920010,V,551,484,-1
1788814016.5782,920018,V,550,483,-1
1788814016.5782,920026,V,549,483,-1
1788814016.5782,920034,V,548,482,-1
1788814016.5782,920042,V,548,482,-1
1788814016.6266,920056,V,550,483,10430
1788814016.6266,920064,V,548,482,-1
1788814016.6266,920072,V,549,483,-1
1788814016.6266,920080,V,549,483,-1
1788814016.6266,920088,V,548,482,-1
1788814016.6267,920096,V,549,483,-1
1788814016.7243,920109,V,550,483,10431
1788814016.7244,920117,V,548,482,-1
1788814016.7244,920125,V,548,482,-1
1788814016.7245,920133,V,547,481,-1
1788814016.7245,920141,V,549,483,-1
1788814016.7245,920149,V,548,482,-1
1788814016.7751,920163,V,548,482,10432
1788814016.7751,920171,V,548,482,-1
1788814016.7751,920179,V,547,481,-1
1788814016.7751,920187,V,548,482,-1
1788814016.7751,920195,V,548,482,-1
1788814016.7751,920203,V,548,482,-1
1788814016.8219,920216,V,547,481,10433
1788814016.8219,920224,V,548,482,-1
1788814016.8219,920232,V,548,482,-1
1788814016.8219,920240,V,548,482,-1
1788814016.8219,920248,V,549,483,-1
1788814016.8219,920256,V,548,482,-1
1788814016.8706,920270,V,548,482,10434
1788814016.8707,920278,V,549,483,-1
1788814016.8707,920286,V,548,482,-1
1788814016.8707,920294,V,553,486,-1
1788814016.8707,920302,V,549,483,-1
1788814016.8707,920310,V,548,482,-1
1788814016.9190,920324,V,549,483,10435
1788814016.9190,920332,V,548,482,-1
1788814016.9190,920340,V,548,482,-1
1788814016.9190,920348,V,548,482,-1
1788814016.9190,920356,V,549,483,-1
1788814016.9190,920364,V,549,483,-1
1788814016.9689,920377,V,548,482,10436
1788814016.9690,920385,V,550,483,-1
1788814016.9690,920393,V,551,484,-1
1788814016.9690,920401,V,549,483,-1
1788814016.9690,920409,V,549,483,-1
1788814016.9690,920417,V,549,483,-1
1788814017.0172,920431,V,549,483,10437
1788814017.0172,920439,V,549,483,-1
1788814017.0172,920447,V,549,483,-1
1788814017.0172,920455,V,550,483,-1
1788814017.0172,920463,V,549,483,-1
1788814017.0172,920471,V,548,482,-1
1788814017.0665,920484,V,548,482,10438
1788814017.0665,920492,V,564,496,-1
1788814017.0665,920500,V,548,482,-1
1788814017.0665,920508,V,549,483,-1
1788814017.0665,920516,V,548,482,-1
1788814017.0665,920524,V,548,482,-1
1788814017.1143,920538,V,548,482,10439
1788814017.1143,920546,V,549,483,-1
1788814017.1143,920554,V,549,483,-1
1788814017.1143,920562,V,549,483,-1
1788814017.1143,920570,V,549,483,-1
1788814017.1143,920578,V,548,482,-1
1788814017.1631,920592,V,549,483,10440
1788814017.1631,920600,V,548,482,-1
1788814017.1631,920608,V,548,482,-1
1788814017.1631,920616,V,548,482,-1
1788814017.1631,920624,V,549,483,-1
1788814017.1631,920632,V,547,481,-1
1788814017.2615,920645,V,548,482,10441
1788814017.2616,920653,V,548,482,-1
1788814017.2616,920661,V,549,483,-1
1788814017.2616,920669,V,549,483,-1
1788814017.2616,920677,V,549,483,-1
1788814017.2616,920685,V,548,482,-1
1788814017.3105,920699,V,548,482,10442
1788814017.3105,920707,V,548,482,-1
1788814017.3105,920715,V,549,483,-1
1788814017.3105,920723,V,548,482,-1
1788814017.3105,920731,V,548,482,-1
1788814017.3105,920739,V,549,483,-1
1788814017.3590,920752,V,549,483,10443
1788814017.3590,920760,V,549,483,-1
1788814017.3592,920768,V,549,483,-1
1788814017.3592,920776,V,549,483,-1
1788814017.3592,920784,V,549,483,-1
1788814017.3592,920792,V,549,483,-1
1788814017.4078,920806,V,549,483,10444
1788814017.4079,920814,V,549,483,-1
1788814017.4079,920822,V,548,482,-1
1788814017.4079,920830,V,551,484,-1
1788814017.4079,920838,V,550,483,-1
1788814017.4079,920846,V,548,482,-1
1788814017.4565,920860,V,548,482,10445
1788814017.4566,920868,V,549,483,-1
1788814017.4566,920876,V,548,482,-1
1788814017.4566,920884,V,548,482,-1
1788814017.4566,920892,V,548,482,-1
1788814017.4566,920900,V,548,482,-1
1788814017.5535,920913,V,550,483,10446
1788814017.5537,920921,V,549,483,-1
1788814017.5537,920929,V,550,483,-1
1788814017.5537,920937,V,549,483,-1
1788814017.5537,920945,V,548,482,-1
1788814017.5537,920953,V,549,483,-1
1788814017.5548,920967,V,548,482,10447
1788814017.5548,920975,V,548,482,-1
1788814017.5548,920983,V,548,482,-1
1788814017.5548,920991,V,550,483,-1
1788814017.5549,920999,V,549,483,-1
1788814017.5549,921007,V,548,482,-1
1788814017.6022,921021,V,548,482,10448
1788814017.6022,921029,V,561,493,-1
1788814017.6022,921037,V,548,482,-1
1788814017.6022,921045,V,549,483,-1
1788814017.6022,921053,V,548,482,-1
1788814017.6022,921061,V,549,483,-1
1788814017.6506,921074,V,548,482,10449
1788814017.6506,921082,V,549,483,-1
1788814017.6506,921090,V,549,483,-1
1788814017.6506,921098,V,547,481,-1
1788814017.6506,921106,V,547,481,-1
1788814017.6506,921114,V,548,482,-1
1788814017.6994,921128,V,551,484,10450
1788814017.6994,921136,V,548,482,-1
1788814017.6994,921144,V,549,483,-1
1788814017.6994,921152,V,548,482,-1
1788814017.6994,921160,V,547,481,-1
1788814017.6994,921168,V,548,482,-1
1788814017.7966,921181,V,548,482,10451
1788814017.7968,921189,V,548,482,-1
1788814017.7968,921197,V,549,483,-1
1788814017.7968,921205,V,549,483,-1
1788814017.7968,921213,V,549,483,-1
1788814017.7968,921221,V,548,482,-1
1788814017.8459,921235,V,549,483,10452
1788814017.8460,921243,V,548,482,-1
1788814017.8460,921251,V,548,482,-1
1788814017.8460,921259,V,549,483,-1
1788814017.8460,921267,V,548,482,-1
1788814017.8460,921275,V,549,483,-1
1788814017.8943,921289,V,548,482,10453
1788814017.8943,921297,V,550,483,-1
1788814017.8943,921305,V,549,483,-1
1788814017.8943,921313,V,549,483,-1
1788814017.8943,921321,V,549,483,-1
1788814017.8943,921329,V,549,483,-1
1788814017.9430,921342,V,549,483,10454
1788814017.9430,921350,V,549,483,-1
1788814017.9430,921358,V,548,482,-1
1788814017.9430,921366,V,549,483,-1
1788814017.9430,921374,V,549,483,-1
1788814017.9430,921382,V,547,481,-1
1788814017.9918,921396,V,549,483,10455
1788814017.9918,921404,V,548,482,-1
1788814017.9918,921412,V,548,482,-1
1788814017.9918,921420,V,548,482,-1
1788814017.9918,921428,V,549,483,-1
1788814017.9918,921436,V,548,482,-1
1788814018.0406,921450,V,549,483,10456
1788814018.0407,921458,V,549,483,-1
1788814018.0407,921466,V,552,485,-1
1788814018.0407,921474,V,550,483,-1
1788814018.0407,921482,V,548,482,-1
1788814018.0407,921490,V,548,482,-1
1788814018.0891,921503,V,548,482,10457
1788814018.0891,921511,V,548,482,-1
1788814018.0892,921519,V,548,482,-1
1788814018.0892,921527,V,548,482,-1
1788814018.0892,921535,V,549,483,-1
1788814018.0892,921543,V,549,483,-1
1788814018.1380,921557,V,549,483,10458
1788814018.1380,921565,V,562,494,-1
1788814018.1380,921573,V,549,483,-1
1788814018.1380,921581,V,549,483,-1
1788814018.1380,921589,V,550,483,-1
1788814018.1380,921597,V,549,483,-1
1788814018.1867,921611,V,548,482,10459
1788814018.1867,921619,V,549,483,-1
1788814018.1867,921627,V,548,482,-1
1788814018.1867,921635,V,549,483,-1
1788814018.1867,921643,V,548,482,-1
1788814018.1868,921651,V,548,482,-1
1788814018.2354,921664,V,549,483,10460
1788814018.2354,921672,V,549,483,-1
1788814018.2354,921680,V,549,483,-1
1788814018.2354,921688,V,549,483,-1
1788814018.2354,921696,V,548,482,-1
1788814018.2354,921704,V,549,483,-1
1788814018.3334,921718,V,548,482,10461
1788814018.3336,921726,V,549,483,-1
1788814018.3336,921734,V,549,483,-1
1788814018.3336,921742,V,549,483,-1
1788814018.3336,921750,V,548,482,-1
1788814018.3337,921758,V,549,483,-1
1788814018.3832,921771,V,549,483,10462
1788814018.3833,921779,V,549,483,-1
1788814018.3833,921787,V,548,482,-1
1788814018.3833,921795,V,549,483,-1
1788814018.3833,921803,V,548,482,-1
1788814018.3833,921811,V,549,483,-1
1788814018.4326,921825,V,548,482,10463
1788814018.4326,921833,V,549,483,-1
1788814018.4326,921841,V,548,482,-1
1788814018.4326,921849,V,548,482,-1
1788814018.4326,921857,V,548,482,-1
1788814018.4326,921865,V,549,483,-1
1788814018.4795,921879,V,548,482,10464
1788814018.4795,921887,V,548,482,-1
1788814018.4795,921895,V,547,481,-1
1788814018.4795,921903,V,551,484,-1
1788814018.4795,921911,V,547,481,-1
1788814018.4795,921919,V,547,481,-1
1788814018.5772,921932,V,549,483,10465
1788814018.5774,921940,V,548,482,-1
1788814018.5774,921948,V,548,482,-1
1788814018.5774,921956,V,548,482,-1
1788814018.5774,921964,V,548,482,-1
1788814018.5774,921972,V,548,482,-1
1788814018.5782,921986,V,549,483,10466
1788814018.5782,921994,V,549,483,-1
1788814018.5782,922002,V,551,484,-1
1788814018.5783,922010,V,549,483,-1
1788814018.5783,922018,V,550,483,-1
1788814018.5783,922026,V,549,483,-1
1788814018.6260,922040,V,548,482,10467
1788814018.6261,922048,V,548,482,-1
1788814018.6261,922056,V,548,482,-1
1788814018.6261,922064,V,548,482,-1
1788814018.6261,922072,V,548,482,-1
1788814018.6261,922080,V,549,483,-1
1788814018.6746,922093,V,548,482,10468
1788814018.6746,922101,V,565,497,-1
1788814018.6746,922109,V,549,483,-1
1788814018.6746,922117,V,549,483,-1
1788814018.6746,922125,V,548,482,-1
1788814018.6746,922133,V,548,482,-1
1788814018.7229,922147,V,549,483,10469
1788814018.7229,922155,V,549,483,-1
1788814018.7229,922163,V,550,483,-1
1788814018.7229,922171,V,549,483,-1
1788814018.7229,922179,V,549,483,-1
1788814018.7229,922187,V,549,483,-1
1788814018.7736,922200,V,550,483,10470
1788814018.7736,922208,V,549,483,-1
1788814018.7736,922216,V,549,483,-1
1788814018.7736,922224,V,549,483,-1
1788814018.7736,922232,V,549,483,-1
1788814018.7736,922240,V,549,483,-1
1788814018.8693,922254,V,549,483,10471
1788814018.8695,922262,V,548,482,-1
1788814018.8695,922270,V,549,483,-1
1788814018.8695,922278,V,549,483,-1
1788814018.8695,922286,V,549,483,-1
1788814018.8695,922294,V,548,482,-1
1788814018.9193,922308,V,548,482,10472
1788814018.9194,922316,V,547,481,-1
1788814018.9194,922324,V,549,483,-1
1788814018.9194,922332,V,549,483,-1
1788814018.9194,922340,V,548,482,-1
1788814018.9194,922348,V,548,482,-1
1788814018.9678,922361,V,549,483,10473
1788814018.9678,922369,V,547,481,-1
1788814018.9678,922377,V,548,482,-1
1788814018.9678,922385,V,547,481,-1
1788814018.9678,922393,V,547,481,-1
1788814018.9678,922401,V,549,483,-1
1788814019.0153,922415,V,548,482,10474
1788814019.0154,922423,V,548,482,-1
1788814019.0154,922431,V,547,481,-1
1788814019.0154,922439,V,550,483,-1
1788814019.0154,922447,V,548,482,-1
1788814019.0154,922455,V,548,482,-1
1788814019.0652,922469,V,548,482,10475
1788814019.0652,922477,V,549,483,-1
1788814019.0652,922485,V,549,483,-1
1788814019.0652,922493,V,549,483,-1
1788814019.0653,922501,V,548,482,-1
1788814019.0653,922509,V,549,483,-1
1788814019.1130,922522,V,549,483,10476
1788814019.1132,922530,V,549,483,-1
1788814019.1132,922538,V,553,486,-1
1788814019.1132,922546,V,547,481,-1
1788814019.1133,922554,V,548,482,-1
1788814019.1133,922562,V,548,482,-1
1788814019.1619,922576,V,548,482,10477
1788814019.1619,922584,V,548,482,-1
1788814019.1619,922592,V,548,482,-1
1788814019.1619,922600,V,547,481,-1
1788814019.1619,922608,V,547,481,-1
1788814019.1619,922616,V,548,482,-1
1788814019.2105,922629,V,548,482,10478
1788814019.2105,922637,V,559,491,-1
1788814019.2105,922645,V,548,482,-1
1788814019.2105,922653,V,550,483,-1
1788814019.2105,922661,V,550,483,-1
1788814019.2105,922669,V,550,483,-1
1788814019.2601,922683,V,549,483,10479
1788814019.2602,922691,V,549,483,-1
1788814019.2602,922699,V,549,483,-1
1788814019.2602,922707,V,549,483,-1
1788814019.2602,922715,V,549,483,-1
1788814019.2602,922723,V,548,482,-1
1788814019.3100,922737,V,550,483,10480
1788814019.3101,922745,V,550,483,-1
1788814019.3101,922753,V,549,483,-1
1788814019.3101,922761,V,549,483,-1
1788814019.3101,922769,V,548,482,-1
1788814019.3101,922777,V,548,482,-1
1788814019.4058,922790,V,549,483,10481
1788814019.4060,922798,V,548,482,-1
1788814019.4060,922806,V,547,481,-1
1788814019.4060,922814,V,548,482,-1
1788814019.4060,922822,V,547,481,-1
1788814019.4060,922830,V,548,482,-1
1788814019.4547,922844,V,549,483,10482
1788814019.4547,922852,V,549,483,-1
1788814019.4547,922860,V,548,482,-1
1788814019.4547,922868,V,547,481,-1
1788814019.4547,922876,V,549,483,-1
1788814019.4547,922884,V,548,482,-1
1788814019.5031,922898,V,549,483,10483
1788814019.5031,922906,V,549,483,-1
1788814019.5031,922914,V,549,483,-1
1788814019.5031,922922,V,548,482,-1
1788814019.5031,922930,V,549,483,-1
1788814019.5031,922938,V,549,483,-1
1788814019.5524,922951,V,549,483,10484
1788814019.5525,922959,V,549,483,-1
1788814019.5525,922967,V,548,482,-1
1788814019.5525,922975,V,554,487,-1
1788814019.5525,922983,V,548,482,-1
1788814019.5525,922991,V,548,482,-1
1788814019.6495,923005,V,548,482,10485
1788814019.6496,923013,V,549,483,-1
1788814019.6496,923021,V,548,482,-1
1788814019.6496,923029,V,549,483,-1
1788814019.6496,923037,V,549,483,-1
1788814019.6496,923045,V,548,482,-1
1788814019.6508,923058,V,550,483,10486
1788814019.6508,923066,V,550,483,-1
1788814019.6508,923074,V,551,484,-1
1788814019.6508,923082,V,548,482,-1
1788814019.6508,923090,V,548,482,-1
1788814019.6508,923098,V,549,483,-1
1788814019.6985,923112,V,550,483,10487
1788814019.6985,923120,V,550,483,-1
1788814019.6985,923128,V,549,483,-1
1788814019.6985,923136,V,549,483,-1
1788814019.6985,923144,V,548,482,-1
1788814019.6985,923152,V,549,483,-1
1788814019.7469,923166,V,549,483,10488
1788814019.7469,923174,V,564,496,-1
1788814019.7470,923182,V,548,482,-1
1788814019.7470,923190,V,550,483,-1
1788814019.7470,923198,V,550,483,-1
1788814019.7470,923206,V,549,483,-1
1788814019.7985,923219,V,548,482,10489
1788814019.7985,923227,V,549,483,-1
1788814019.7986,923235,V,548,482,-1
1788814019.7986,923243,V,549,483,-1
1788814019.7986,923251,V,549,483,-1
1788814019.7986,923259,V,548,482,-1
1788814019.8446,923273,V,550,483,10490
1788814019.8446,923281,V,548,482,-1
1788814019.8446,923289,V,548,482,-1
1788814019.8446,923297,V,549,483,-1
1788814019.8446,923305,V,548,482,-1
1788814019.8446,923313,V,549,483,-1
1788814019.9422,923327,V,548,482,10491
1788814019.9423,923335,V,549,483,-1
1788814019.9423,923343,V,549,483,-1
1788814019.9423,923351,V,548,482,-1
1788814019.9424,923359,V,549,483,-1
1788814019.9424,923367,V,549,483,-1
1788814019.9911,923380,V,549,483,10492
1788814019.9911,923388,V,549,483,-1
1788814019.9911,923396,V,551,484,-1
1788814019.9911,923404,V,550,483,-1
1788814019.9911,923412,V,549,483,-1
1788814019.9911,923420,V,549,483,-1
1788814020.0395,923434,V,549,483,10493
1788814020.0395,923442,V,549,483,-1
1788814020.0395,923450,V,549,483,-1
1788814020.0395,923458,V,549,483,-1
1788814020.0395,923466,V,549,483,-1
1788814020.0395,923474,V,548,482,-1
1788814020.0883,923487,V,548,482,10494
1788814020.0884,923495,V,549,483,-1
1788814020.0884,923503,V,548,482,-1
1788814020.0884,923511,V,551,484,-1
1788814020.0884,923519,V,549,483,-1
1788814020.0884,923527,V,549,483,-1
1788814020.1373,923541,V,548,482,10495
1788814020.1373,923549,V,548,482,-1
1788814020.1373,923557,V,549,483,-1
1788814020.1374,923565,V,549,483,-1
1788814020.1374,923573,V,548,482,-1
1788814020.1374,923581,V,550,483,-1
1788814020.1855,923595,V,548,482,10496
1788814020.1856,923603,V,549,483,-1
1788814020.1856,923611,V,552,485,-1
1788814020.1857,923619,V,549,483,-1
1788814020.1857,923627,V,549,483,-1
1788814020.1857,923635,V,549,483,-1
1788814020.2349,923648,V,548,482,10497
1788814020.2350,923656,V,548,482,-1
1788814020.2350,923664,V,548,482,-1
1788814020.2350,923672,V,548,482,-1
1788814020.2350,923680,V,548,482,-1
1788814020.2350,923688,V,548,482,-1
1788814020.2847,923702,V,548,482,10498
1788814020.2848,923710,V,559,491,-1
1788814020.2848,923718,V,548,482,-1
1788814020.2848,923726,V,549,483,-1
1788814020.2848,923734,V,549,483,-1
1788814020.2848,923742,V,549,483,-1
1788814020.3319,923756,V,548,482,10499
1788814020.3319,923764,V,548,482,-1
1788814020.3319,923772,V,548,482,-1
1788814020.3319,923780,V,547,481,-1
1788814020.3319,923788,V,548,482,-1
1788814020.3319,923796,V,548,482,-1
1788814020.3808,923809,V,550,483,10500
1788814020.3808,923817,V,549,483,-1
1788814020.3808,923825,V,549,483,-1
1788814020.3808,923833,V,549,483,-1
1788814020.3808,923841,V,549,483,-1
1788814020.3808,923849,V,548,482,-1
1788814020.4779,923863,V,548,482,10501
1788814020.4780,923871,V,549,483,-1
1788814020.4780,923879,V,548,482,-1
1788814020.4780,923887,V,548,482,-1
1788814020.4780,923895,V,548,482,-1
1788814020.4780,923903,V,548,482,-1
1788814020.5266,923916,V,549,483,10502
1788814020.5267,923924,V,547,481,-1
1788814020.5267,923932,V,547,481,-1
1788814020.5267,923940,V,549,483,-1
1788814020.5267,923948,V,548,482,-1
1788814020.5267,923956,V,548,482,-1
1788814020.5755,923970,V,550,483,10503
1788814020.5755,923978,V,549,483,-1
1788814020.5755,923986,V,549,483,-1
1788814020.5755,923994,V,549,483,-1
1788814020.5755,924002,V,548,482,-1
1788814020.5755,924010,V,548,482,-1
1788814020.6242,924024,V,551,484,10504
1788814020.6242,924032,V,550,483,-1
1788814020.6242,924040,V,550,483,-1
1788814020.6242,924048,V,551,484,-1
1788814020.6242,924056,V,548,482,-1
1788814020.6242,924064,V,549,483,-1
1788814020.6730,924077,V,549,483,10505
1788814020.6730,924085,V,549,483,-1
1788814020.6730,924093,V,549,483,-1
1788814020.6730,924101,V,549,483,-1
1788814020.6730,924109,V,548,482,-1
1788814020.6730,924117,V,547,481,-1
1788814020.7222,924131,V,548,482,10506
1788814020.7223,924139,V,547,481,-1
1788814020.7223,924147,V,550,483,-1
1788814020.7223,924155,V,548,482,-1
1788814020.7223,924163,V,548,482,-1
1788814020.7223,924171,V,548,482,-1
1788814020.7708,924185,V,548,482,10507
1788814020.7708,924193,V,547,481,-1
1788814020.7708,924201,V,548,482,-1
1788814020.7708,924209,V,548,482,-1
1788814020.7708,924217,V,549,483,-1
1788814020.7709,924225,V,549,483,-1
1788814020.8194,924238,V,548,482,10508
1788814020.8194,924246,V,565,497,-1
1788814020.8194,924254,V,548,482,-1
1788814020.8194,924262,V,548,482,-1
1788814020.8194,924270,V,548,482,-1
1788814020.8194,924278,V,549,483,-1
1788814020.8682,924292,V,548,482,10509
1788814020.8683,924300,V,548,482,-1
1788814020.8683,924308,V,549,483,-1
1788814020.8683,924316,V,548,482,-1
1788814020.8683,924324,V,548,482,-1
1788814020.8683,924332,V,549,483,-1
1788814020.9169,924346,V,549,483,10510
1788814020.9169,924354,V,549,483,-1
1788814020.9169,924362,V,548,482,-1
1788814020.9169,924370,V,549,483,-1
1788814020.9169,924378,V,549,483,-1
1788814020.9169,924386,V,549,483,-1
1788814021.0145,924399,V,549,483,10511
1788814021.0146,924407,V,548,482,-1
1788814021.0146,924415,V,549,483,-1
1788814021.0146,924423,V,549,483,-1
1788814021.0146,924431,V,549,483,-1
1788814021.0146,924439,V,549,483,-1
1788814021.0633,924453,V,548,482,10512
1788814021.0634,924461,V,549,483,-1
1788814021.0634,924469,V,549,483,-1
1788814021.0634,924477,V,549,483,-1
1788814021.0634,924485,V,549,483,-1
1788814021.0634,924493,V,549,483,-1
1788814021.1138,924506,V,549,483,10513
1788814021.1138,924514,V,548,482,-1
1788814021.1138,924522,V,549,483,-1
1788814021.1138,924530,V,549,483,-1
1788814021.1138,924538,V,549,483,-1
1788814021.1138,924546,V,549,483,-1
1788814021.1615,924560,V,549,483,10514
1788814021.1615,924568,V,548,482,-1
1788814021.1615,924576,V,548,482,-1
1788814021.1615,924584,V,553,486,-1
1788814021.1615,924592,V,547,481,-1
1788814021.1615,924600,V,548,482,-1
1788814021.2095,924614,V,548,482,10515
1788814021.2095,924622,V,547,481,-1
1788814021.2095,924630,V,547,481,-1
1788814021.2095,924638,V,548,482,-1
1788814021.2095,924646,V,547,481,-1
1788814021.2095,924654,V,548,482,-1
1788814021.2590,924667,V,547,481,10516
1788814021.2591,924675,V,547,481,-1
1788814021.2591,924683,V,550,483,-1
1788814021.2591,924691,V,547,481,-1
1788814021.2591,924699,V,548,482,-1
1788814021.2591,924707,V,548,482,-1
1788814021.3075,924721,V,546,480,10517
1788814021.3075,924729,V,548,482,-1
1788814021.3075,924737,V,549,483,-1
1788814021.3076,924745,V,548,482,-1
1788814021.3076,924753,V,548,482,-1
1788814021.3076,924761,V,548,482,-1
1788814021.3554,924775,V,549,483,10518
1788814021.3555,924783,V,567,498,-1
1788814021.3555,924791,V,548,482,-1
1788814021.3555,924799,V,548,482,-1
1788814021.3555,924807,V,548,482,-1
1788814021.3555,924815,V,548,482,-1
1788814021.4053,924828,V,549,483,10519
1788814021.4053,924836,V,547,481,-1
1788814021.4054,924844,V,549,483,-1
1788814021.4054,924852,V,549,483,-1
1788814021.4054,924860,V,547,481,-1
1788814021.4054,924868,V,548,482,-1
1788814021.4540,924882,V,549,483,10520
1788814021.4540,924890,V,548,482,-1
1788814021.4541,924898,V,548,482,-1
1788814021.4541,924906,V,549,483,-1
1788814021.4541,924914,V,549,483,-1
1788814021.4541,924922,V,550,483,-1
1788814021.5506,924935,V,549,483,10521
1788814021.5508,924943,V,548,482,-1
1788814021.5508,924951,V,548,482,-1
1788814021.5508,924959,V,548,482,-1
1788814021.5508,924967,V,548,482,-1
1788814021.5508,924975,V,548,482,-1
1788814021.5997,924989,V,548,482,10522
1788814021.5997,924997,V,548,482,-1
1788814021.5997,925005,V,549,483,-1
1788814021.5997,925013,V,550,483,-1
1788814021.5997,925021,V,548,482,-1
1788814021.5998,925029,V,548,482,-1
1788814021.6486,925043,V,548,482,10523
1788814021.6486,925051,V,548,482,-1
1788814021.6486,925059,V,548,482,-1
1788814021.6486,925067,V,547,481,-1
1788814021.6486,925075,V,547,481,-1
1788814021.6486,925083,V,548,482,-1
1788814021.7457,925096,V,548,482,10524
1788814021.7457,925104,V,548,482,-1
1788814021.7457,925112,V,548,482,-1
1788814021.7457,925120,V,555,488,-1
1788814021.7457,925128,V,547,481,-1
1788814021.7457,925136,V,548,482,-1
1788814021.7470,925150,V,548,482,10525
1788814021.7470,925158,V,547,481,-1
1788814021.7470,925166,V,548,482,-1
1788814021.7470,925174,V,548,482,-1
1788814021.7471,925182,V,548,482,-1
1788814021.7471,925190,V,549,483,-1
1788814021.7967,925204,V,550,483,10526
1788814021.7969,925212,V,548,482,-1
1788814021.7969,925220,V,551,484,-1
1788814021.7969,925228,V,549,483,-1
1788814021.7969,925236,V,549,483,-1
1788814021.7969,925244,V,548,482,-1
1788814021.8436,925257,V,549,483,10527
1788814021.8436,925265,V,548,482,-1
1788814021.8436,925273,V,549,483,-1
1788814021.8436,925281,V,549,483,-1
1788814021.8436,925289,V,550,483,-1
1788814021.8436,925297,V,549,483,-1
1788814021.8919,925311,V,549,483,10528
1788814021.8919,925319,V,569,500,-1
1788814021.8919,925327,V,549,483,-1
1788814021.8920,925335,V,549,483,-1
1788814021.8920,925343,V,549,483,-1
1788814021.8920,925351,V,549,483,-1
1788814021.9922,925365,V,549,483,10529
1788814021.9922,925373,V,549,483,-1
1788814021.9922,925381,V,548,482,-1
1788814021.9922,925389,V,549,483,-1
1788814021.9922,925397,V,549,483,-1
1788814021.9922,925405,V,549,483,-1
1788814021.9925,925418,V,550,483,10530
1788814021.9925,925426,V,549,483,-1
1788814021.9925,925434,V,549,483,-1
1788814021.9925,925442,V,550,483,-1
1788814021.9925,925450,V,550,483,-1
1788814021.9925,925458,V,549,483,-1
1788814022.0871,925472,V,549,483,10531
1788814022.0873,925480,V,549,483,-1
1788814022.0873,925488,V,548,482,-1
1788814022.0873,925496,V,548,482,-1
1788814022.0873,925504,V,549,483,-1
1788814022.0873,925512,V,548,482,-1
1788814022.1368,925525,V,549,483,10532
1788814022.1368,925533,V,548,482,-1
1788814022.1368,925541,V,547,481,-1
1788814022.1368,925549,V,549,483,-1
1788814022.1368,925557,V,548,482,-1
1788814022.1368,925565,V,548,482,-1
1788814022.2340,925579,V,549,483,10533
1788814022.2340,925587,V,549,483,-1
1788814022.2341,925595,V,548,482,-1
1788814022.2341,925603,V,549,483,-1
1788814022.2341,925611,V,548,482,-1
1788814022.2341,925619,V,549,483,-1
1788814022.2353,925632,V,548,482,10534
1788814022.2353,925640,V,549,483,-1
1788814022.2353,925648,V,549,483,-1
1788814022.2353,925656,V,554,487,-1
1788814022.2353,925664,V,550,483,-1
1788814022.2353,925672,V,550,483,-1
1788814022.2825,925686,V,549,483,10535
1788814022.2825,925694,V,549,483,-1
1788814022.2826,925702,V,550,483,-1
1788814022.2826,925710,V,549,483,-1
1788814022.2826,925718,V,549,483,-1
1788814022.2826,925726,V,548,482,-1
1788814022.3316,925740,V,548,482,10536
1788814022.3317,925748,V,548,482,-1
1788814022.3317,925756,V,550,483,-1
1788814022.3317,925764,V,548,482,-1
1788814022.3317,925772,V,548,482,-1
1788814022.3317,925780,V,548,482,-1
1788814022.3798,925794,V,549,483,10537
1788814022.3798,925802,V,550,483,-1
1788814022.3798,925810,V,550,483,-1
1788814022.3799,925818,V,549,483,-1
1788814022.3799,925826,V,548,482,-1
1788814022.3799,925834,V,549,483,-1
1788814022.4291,925847,V,549,483,10538
1788814022.4291,925855,V,569,500,-1
1788814022.4292,925863,V,548,482,-1
1788814022.4292,925871,V,550,483,-1
1788814022.4292,925879,V,549,483,-1
1788814022.4292,925887,V,549,483,-1
1788814022.4779,925901,V,548,482,10539
1788814022.4779,925909,V,551,484,-1
1788814022.4780,925917,V,549,483,-1
1788814022.4780,925925,V,550,483,-1
1788814022.4780,925933,V,550,483,-1
1788814022.4780,925941,V,550,483,-1
1788814022.5265,925954,V,548,482,10540
1788814022.5265,925962,V,550,483,-1
1788814022.5265,925970,V,549,483,-1
1788814022.5265,925978,V,549,483,-1
1788814022.5265,925986,V,549,483,-1
1788814022.5265,925994,V,549,483,-1
1788814022.6243,926008,V,549,483,10541
1788814022.6244,926016,V,549,483,-1
1788814022.6244,926024,V,549,483,-1
1788814022.6244,926032,V,549,483,-1
1788814022.6244,926040,V,549,483,-1
1788814022.6244,926048,V,549,483,-1
1788814022.6733,926062,V,549,483,10542
1788814022.6733,926070,V,549,483,-1
1788814022.6733,926078,V,549,483,-1
1788814022.6733,926086,V,549,483,-1
1788814022.6733,926094,V,549,483,-1
1788814022.6733,926102,V,549,483,-1
1788814022.7216,926115,V,549,483,10543
1788814022.7217,926123,V,549,483,-1
1788814022.7218,926131,V,548,482,-1
1788814022.7218,926139,V,549,483,-1
1788814022.7218,926147,V,549,483,-1
1788814022.7219,926155,V,549,483,-1
1788814022.7694,926169,V,549,483,10544
1788814022.7695,926177,V,548,482,-1
1788814022.7695,926185,V,550,483,-1
1788814022.7695,926193,V,553,486,-1
1788814022.7695,926201,V,549,483,-1
1788814022.7695,926209,V,549,483,-1
1788814022.8674,926222,V,549,483,10545
1788814022.8675,926230,V,549,483,-1
1788814022.8675,926238,V,549,483,-1
1788814022.8675,926246,V,549,483,-1
1788814022.8675,926254,V,549,483,-1
1788814022.8675,926262,V,550,483,-1
1788814022.8688,926276,V,549,483,10546
1788814022.8689,926284,V,550,483,-1
1788814022.8689,926292,V,552,485,-1
1788814022.8689,926300,V,549,483,-1
1788814022.8689,926308,V,549,483,-1
1788814022.8689,926316,V,549,483,-1
1788814022.9162,926330,V,549,483,10547
1788814022.9163,926338,V,550,483,-1
1788814022.9163,926346,V,550,483,-1
1788814022.9163,926354,V,549,483,-1
1788814022.9163,926362,V,548,482,-1
1788814022.9163,926370,V,548,482,-1
1788814022.9655,926383,V,549,483,10548
1788814022.9655,926391,V,568,499,-1
1788814022.9655,926399,V,549,483,-1
1788814022.9655,926407,V,549,483,-1
1788814022.9655,926415,V,549,483,-1
1788814022.9655,926423,V,548,482,-1
1788814023.0142,926437,V,548,482,10549
1788814023.0142,926445,V,549,483,-1
1788814023.0142,926453,V,549,483,-1
1788814023.0142,926461,V,549,483,-1
1788814023.0142,926469,V,548,482,-1
1788814023.0142,926477,V,549,483,-1
1788814023.0627,926490,V,550,483,10550
1788814023.0627,926498,V,548,482,-1
1788814023.0627,926506,V,549,483,-1
1788814023.0628,926514,V,549,483,-1
1788814023.0628,926522,V,549,483,-1
1788814023.0628,926530,V,548,482,-1
1788814023.1601,926544,V,549,483,10551
1788814023.1602,926552,V,549,483,-1
1788814023.1603,926560,V,549,483,-1
1788814023.1603,926568,V,549,483,-1
1788814023.1603,926576,V,550,483,-1
1788814023.1603,926584,V,549,483,-1
1788814023.2096,926598,V,550,483,10552
1788814023.2096,926606,V,549,483,-1
1788814023.2096,926614,V,550,483,-1
1788814023.2096,926622,V,549,483,-1
1788814023.2096,926630,V,549,483,-1
1788814023.2096,926638,V,549,483,-1
1788814023.2580,926651,V,549,483,10553
1788814023.2581,926659,V,549,483,-1
1788814023.2581,926667,V,548,482,-1
1788814023.2581,926675,V,548,482,-1
1788814023.2581,926683,V,549,483,-1
1788814023.2581,926691,V,548,482,-1
1788814023.3059,926705,V,548,482,10554
1788814023.3059,926713,V,548,482,-1
1788814023.3059,926721,V,549,483,-1
1788814023.3059,926729,V,551,484,-1
1788814023.3059,926737,V,549,483,-1
1788814023.3059,926745,V,549,483,-1
1788814023.3543,926758,V,549,483,10555
1788814023.3543,926766,V,550,483,-1
1788814023.3543,926774,V,549,483,-1
1788814023.3543,926782,V,550,483,-1
1788814023.3543,926790,V,550,483,-1
1788814023.3543,926798,V,549,483,-1
1788814023.4030,926812,V,548,482,10556
1788814023.4031,926820,V,549,483,-1
1788814023.4031,926828,V,552,485,-1
1788814023.4031,926836,V,549,483,-1
1788814023.4031,926844,V,549,483,-1
1788814023.4031,926852,V,548,482,-1
1788814023.4538,926866,V,548,482,10557
1788814023.4538,926874,V,549,483,-1
1788814023.4538,926882,V,549,483,-1
1788814023.4538,926890,V,548,482,-1
1788814023.4538,926898,V,548,482,-1
1788814023.4538,926906,V,548,482,-1
1788814023.5029,926919,V,548,482,10558
1788814023.5029,926927,V,560,492,-1
1788814023.5030,926935,V,549,483,-1
1788814023.5030,926943,V,549,483,-1
1788814023.5030,926951,V,548,482,-1
1788814023.5030,926959,V,549,483,-1
1788814023.5495,926973,V,549,483,10559
1788814023.5495,926981,V,550,483,-1
1788814023.5495,926989,V,549,483,-1
1788814023.5495,926997,V,549,483,-1
1788814023.5495,927005,V,549,483,-1
1788814023.5495,927013,V,549,483,-1
1788814023.5985,927027,V,550,483,10560
1788814023.5985,927035,V,549,483,-1
1788814023.5985,927043,V,550,483,-1
1788814023.5985,927051,V,549,483,-1
1788814023.5985,927059,V,549,483,-1
1788814023.5985,927067,V,549,483,-1
1788814023.6959,927080,V,549,483,10561
1788814023.6960,927088,V,549,483,-1
1788814023.6960,927096,V,548,482,-1
1788814023.6960,927104,V,549,483,-1
1788814023.6961,927112,V,549,483,-1
1788814023.6961,927120,V,549,483,-1
1788814023.7450,927134,V,549,483,10562
1788814023.7450,927142,V,549,483,-1
1788814023.7450,927150,V,549,483,-1
1788814023.7450,927158,V,549,483,-1
1788814023.7450,927166,V,551,484,-1
1788814023.7451,927174,V,550,483,-1
1788814023.8421,927187,V,549,483,10563
1788814023.8421,927195,V,550,483,-1
1788814023.8421,927203,V,549,483,-1
1788814023.8421,927211,V,550,483,-1
1788814023.8421,927219,V,550,483,-1
1788814023.8421,927227,V,550,483,-1
1788814023.8433,927241,V,549,483,10564
1788814023.8433,927249,V,550,483,-1
1788814023.8433,927257,V,549,483,-1
1788814023.8433,927265,V,549,483,-1
1788814023.8433,927273,V,550,483,-1
1788814023.8433,927281,V,549,483,-1
1788814023.8914,927294,V,549,483,10565
1788814023.8914,927302,V,550,483,-1
1788814023.8915,927310,V,548,482,-1
1788814023.8915,927318,V,549,483,-1
1788814023.8915,927326,V,549,483,-1
1788814023.8915,927334,V,549,483,-1
1788814023.9394,927348,V,549,483,10566
1788814023.9395,927356,V,549,483,-1
1788814023.9395,927364,V,555,488,-1
1788814023.9395,927372,V,549,483,-1
1788814023.9395,927380,V,548,482,-1
1788814023.9395,927388,V,548,482,-1
1788814023.9883,927402,V,548,482,10567
1788814023.9883,927410,V,547,481,-1
1788814023.9883,927418,V,548,482,-1
1788814023.9883,927426,V,549,483,-1
1788814023.9883,927434,V,549,483,-1
1788814023.9883,927442,V,549,483,-1
1788814024.0370,927455,V,549,483,10568
1788814024.0370,927463,V,552,485,-1
1788814024.0370,927471,V,549,483,-1
1788814024.0370,927479,V,549,483,-1
1788814024.0370,927487,V,549,483,-1
1788814024.0370,927495,V,549,483,-1
1788814024.0855,927509,V,549,483,10569
1788814024.0856,927517,V,549,483,-1
1788814024.0856,927525,V,549,483,-1
1788814024.0856,927533,V,549,483,-1
1788814024.0856,927541,V,549,483,-1
1788814024.0856,927549,V,549,483,-1
1788814024.1344,927562,V,558,490,10570
1788814024.1344,927570,V,548,482,-1
1788814024.1344,927578,V,549,483,-1
1788814024.1344,927586,V,550,483,-1
1788814024.1344,927594,V,549,483,-1
1788814024.1344,927602,V,549,483,-1
1788814024.2321,927616,V,550,483,10571
1788814024.2323,927624,V,550,483,-1
1788814024.2323,927632,V,550,483,-1
1788814024.2323,927640,V,549,483,-1
1788814024.2323,927648,V,550,483,-1
1788814024.2323,927656,V,551,484,-1
1788814024.2820,927670,V,550,483,10572
1788814024.2820,927678,V,550,483,-1
1788814024.2820,927686,V,550,483,-1
1788814024.2820,927694,V,549,483,-1
1788814024.2820,927702,V,550,483,-1
1788814024.2820,927710,V,551,484,-1
1788814024.3297,927723,V,550,483,10573
1788814024.3297,927731,V,550,483,-1
1788814024.3297,927739,V,550,483,-1
1788814024.3297,927747,V,550,483,-1
1788814024.3297,927755,V,550,483,-1
1788814024.3297,927763,V,549,483,-1
1788814024.3788,927777,V,549,483,10574
1788814024.3789,927785,V,549,483,-1
1788814024.3789,927793,V,549,483,-1
1788814024.3789,927801,V,549,483,-1
1788814024.3789,927809,V,550,483,-1
1788814024.3789,927817,V,549,483,-1
1788814024.4269,927831,V,550,483,10575
1788814024.4270,927839,V,549,483,-1
1788814024.4270,927847,V,549,483,-1
1788814024.4270,927855,V,550,483,-1
1788814024.4270,927863,V,550,483,-1
1788814024.4270,927871,V,549,483,-1
1788814024.4757,927884,V,549,483,10576
1788814024.4758,927892,V,549,483,-1
1788814024.4758,927900,V,554,487,-1
1788814024.4758,927908,V,549,483,-1
1788814024.4760,927916,V,551,484,-1
1788814024.4760,927924,V,551,484,-1
1788814024.5250,927938,V,550,483,10577
1788814024.5250,927946,V,548,482,-1
1788814024.5250,927954,V,549,483,-1
1788814024.5250,927962,V,550,483,-1
1788814024.5250,927970,V,549,483,-1
1788814024.5250,927978,V,549,483,-1
1788814024.5733,927991,V,549,483,10578
1788814024.5734,927999,V,551,484,-1
1788814024.5734,928007,V,549,483,-1
1788814024.5734,928015,V,549,483,-1
1788814024.5734,928023,V,548,482,-1
1788814024.5734,928031,V,550,483,-1
1788814024.6714,928045,V,549,483,10579
1788814024.6714,928053,V,549,483,-1
1788814024.6714,928061,V,548,482,-1
1788814024.6714,928069,V,550,483,-1
1788814024.6714,928077,V,549,483,-1
1788814024.6714,928085,V,550,483,-1
1788814024.6740,928099,V,560,492,10580
1788814024.6740,928107,V,549,483,-1
1788814024.6740,928115,V,550,483,-1
1788814024.6741,928123,V,551,484,-1
1788814024.6741,928131,V,550,483,-1
1788814024.6741,928139,V,549,483,-1
1788814024.7690,928152,V,549,483,10581
1788814024.7691,928160,V,550,483,-1
1788814024.7691,928168,V,548,482,-1
1788814024.7691,928176,V,549,483,-1
1788814024.7691,928184,V,549,483,-1
1788814024.7691,928192,V,550,483,-1
1788814024.8186,928206,V,550,483,10582
1788814024.8186,928214,V,550,483,-1
1788814024.8186,928222,V,549,483,-1
1788814024.8186,928230,V,549,483,-1
1788814024.8186,928238,V,549,483,-1
1788814024.8187,928246,V,550,483,-1
1788814024.8660,928259,V,549,483,10583
1788814024.8660,928267,V,549,483,-1
1788814024.8660,928275,V,549,483,-1
1788814024.8660,928283,V,549,483,-1
1788814024.8660,928291,V,548,482,-1
1788814024.8660,928299,V,549,483,-1
1788814024.9145,928313,V,549,483,10584
1788814024.9145,928321,V,548,482,-1
1788814024.9145,928329,V,548,482,-1
1788814024.9145,928337,V,548,482,-1
1788814024.9145,928345,V,550,483,-1
1788814024.9145,928353,V,549,483,-1
1788814024.9631,928367,V,549,483,10585
1788814024.9631,928375,V,549,483,-1
1788814024.9632,928383,V,548,482,-1
1788814024.9632,928391,V,548,482,-1
1788814024.9632,928399,V,549,483,-1
1788814024.9632,928407,V,548,482,-1
1788814025.0120,928420,V,548,482,10586
1788814025.0121,928428,V,549,483,-1
1788814025.0122,928436,V,556,489,-1
1788814025.0122,928444,V,549,483,-1
1788814025.0122,928452,V,549,483,-1
1788814025.0122,928460,V,550,483,-1
1788814025.0611,928474,V,548,482,10587
1788814025.0611,928482,V,549,483,-1
1788814025.0611,928490,V,550,483,-1
1788814025.0611,928498,V,549,483,-1
1788814025.0611,928506,V,549,483,-1
1788814025.0611,928514,V,548,482,-1
1788814025.1097,928527,V,549,483,10588
1788814025.1097,928535,V,551,484,-1
1788814025.1097,928543,V,549,483,-1
1788814025.1097,928551,V,549,483,-1
1788814025.1097,928559,V,549,483,-1
1788814025.1097,928567,V,549,483,-1
1788814025.1583,928581,V,550,483,10589
1788814025.1584,928589,V,549,483,-1
1788814025.1584,928597,V,549,483,-1
1788814025.1584,928605,V,549,483,-1
1788814025.1584,928613,V,549,483,-1
1788814025.1584,928621,V,550,483,-1
1788814025.2070,928635,V,569,500,10590
1788814025.2070,928643,V,550,483,-1
1788814025.2070,928651,V,548,482,-1
1788814025.2070,928659,V,550,483,-1
1788814025.2071,928667,V,549,483,-1
1788814025.2071,928675,V,549,483,-1
1788814025.3049,928688,V,548,482,10591
1788814025.3050,928696,V,549,483,-1
1788814025.3051,928704,V,549,483,-1
1788814025.3051,928712,V,548,482,-1
1788814025.3051,928720,V,550,483,-1
1788814025.3051,928728,V,550,483,-1
1788814025.3536,928742,V,548,482,10592
1788814025.3537,928750,V,548,482,-1
1788814025.3537,928758,V,548,482,-1
1788814025.3537,928766,V,549,483,-1
1788814025.3537,928774,V,549,483,-1
1788814025.3537,928782,V,549,483,-1
1788814025.4021,928795,V,548,482,10593
1788814025.4022,928803,V,548,482,-1
1788814025.4022,928811,V,548,482,-1
1788814025.4022,928819,V,548,482,-1
1788814025.4022,928827,V,548,482,-1
1788814025.4022,928835,V,548,482,-1
1788814025.4507,928849,V,549,483,10594
1788814025.4507,928857,V,548,482,-1
1788814025.4507,928865,V,548,482,-1
1788814025.4507,928873,V,548,482,-1
1788814025.4507,928881,V,548,482,-1
1788814025.4507,928889,V,548,482,-1
1788814025.4993,928903,V,548,482,10595
1788814025.4993,928911,V,549,483,-1
1788814025.4993,928919,V,550,483,-1
1788814025.4993,928927,V,549,483,-1
1788814025.4993,928935,V,548,482,-1
1788814025.4993,928943,V,549,483,-1
1788814025.5485,928956,V,549,483,10596
1788814025.5486,928964,V,549,483,-1
1788814025.5486,928972,V,554,487,-1
1788814025.5486,928980,V,549,483,-1
1788814025.5486,928988,V,549,483,-1
1788814025.5486,928996,V,549,483,-1
1788814025.5967,929010,V,549,483,10597
1788814025.5968,929018,V,549,483,-1
1788814025.5968,929026,V,548,482,-1
1788814025.5968,929034,V,549,483,-1
1788814025.5968,929042,V,549,483,-1
1788814025.5968,929050,V,548,482,-1
1788814025.6455,929064,V,548,482,10598
1788814025.6455,929072,V,550,483,-1
1788814025.6455,929080,V,549,483,-1
1788814025.6455,929088,V,549,483,-1
1788814025.6455,929096,V,551,484,-1
1788814025.6455,929104,V,550,483,-1
1788814025.7921,929117,V,550,483,10599
1788814025.7922,929125,V,548,482,-1
1788814025.7922,929133,V,548,482,-1
1788814025.7922,929141,V,549,483,-1
1788814025.7922,929149,V,548,482,-1
1788814025.7922,929157,V,547,481,-1
1788814025.7934,929171,V,557,490,10600
1788814025.7934,929179,V,549,483,-1
1788814025.7934,929187,V,549,483,-1
1788814025.7934,929195,V,550,483,-1
1788814025.7934,929203,V,549,483,-1
1788814025.7934,929211,V,550,483,-1
1788814025.9386,929225,V,549,483,10601
1788814025.9387,929233,V,549,483,-1
1788814025.9387,929241,V,548,482,-1
1788814025.9387,929249,V,548,482,-1
1788814025.9387,929257,V,548,482,-1
1788814025.9387,929265,V,566,497,-1
1788814025.9399,929278,V,549,483,10602
1788814025.9399,929286,V,549,483,-1
1788814025.9399,929294,V,549,483,-1
1788814025.9399,929302,V,549,483,-1
1788814025.9399,929310,V,548,482,-1
1788814025.9399,929318,V,549,483,-1
1788814025.9401,929332,V,549,483,10603
1788814025.9401,929340,V,548,482,-1
1788814025.9401,929348,V,548,482,-1
1788814025.9401,929356,V,548,482,-1
1788814025.9401,929364,V,549,483,-1
1788814025.9401,929372,V,548,482,-1
1788814025.9881,929385,V,550,483,10604
1788814025.9881,929393,V,548,482,-1
1788814025.9881,929401,V,548,482,-1
1788814025.9881,929409,V,550,483,-1
1788814025.9881,929417,V,549,483,-1
1788814025.9881,929425,V,549,483,-1
1788814026.0357,929439,V,550,483,10605
1788814026.0359,929447,V,550,483,-1
1788814026.0359,929455,V,550,483,-1
1788814026.0359,929463,V,549,483,-1
1788814026.0359,929471,V,550,483,-1
1788814026.0359,929479,V,551,484,-1
1788814026.0849,929493,V,549,483,10606
1788814026.0849,929501,V,548,482,-1
1788814026.0849,929509,V,552,485,-1
1788814026.0849,929517,V,550,483,-1
1788814026.0849,929525,V,549,483,-1
1788814026.0849,929533,V,549,483,-1
1788814026.1343,929546,V,549,483,10607
1788814026.1343,929554,V,549,483,-1
1788814026.1343,929562,V,550,483,-1
1788814026.1343,929570,V,549,483,-1
1788814026.1343,929578,V,550,483,-1
1788814026.1344,929586,V,550,483,-1
1788814026.2309,929600,V,548,482,10608
1788814026.2309,929608,V,551,484,-1
1788814026.2309,929616,V,549,483,-1
1788814026.2309,929624,V,549,483,-1
1788814026.2309,929632,V,549,483,-1
1788814026.2309,929640,V,548,482,-1
1788814026.2320,929653,V,548,482,10609
1788814026.2320,929661,V,549,483,-1
1788814026.2320,929669,V,549,483,-1
1788814026.2320,929677,V,549,483,-1
1788814026.2320,929685,V,549,483,-1
1788814026.2320,929693,V,549,483,-1
1788814026.3283,929707,V,565,497,10610
1788814026.3284,929715,V,549,483,-1
1788814026.3284,929723,V,549,483,-1
1788814026.3285,929731,V,549,483,-1
1788814026.3285,929739,V,550,483,-1
1788814026.3285,929747,V,550,483,-1
1788814026.3772,929761,V,549,483,10611
1788814026.3772,929769,V,550,483,-1
1788814026.3772,929777,V,549,483,-1
1788814026.3772,929785,V,549,483,-1
1788814026.3772,929793,V,550,483,-1
1788814026.3772,929801,V,557,490,-1
1788814026.4260,929814,V,550,483,10612
1788814026.4261,929822,V,548,482,-1
1788814026.4261,929830,V,549,483,-1
1788814026.4261,929838,V,549,483,-1
1788814026.4261,929846,V,549,483,-1
1788814026.4261,929854,V,549,483,-1
1788814026.4744,929868,V,549,483,10613
1788814026.4744,929876,V,548,482,-1
1788814026.4744,929884,V,549,483,-1
1788814026.4744,929892,V,548,482,-1
1788814026.4744,929900,V,549,483,-1
1788814026.4744,929908,V,550,483,-1
1788814026.5234,929922,V,550,483,10614
1788814026.5234,929930,V,550,483,-1
1788814026.5234,929938,V,551,484,-1
1788814026.5234,929946,V,550,483,-1
1788814026.5234,929954,V,549,483,-1
1788814026.5234,929962,V,549,483,-1
1788814026.5721,929975,V,550,483,10615
1788814026.5722,929983,V,548,482,-1
1788814026.5722,929991,V,549,483,-1
1788814026.5722,929999,V,550,483,-1
1788814026.5722,930007,V,550,483,-1
1788814026.5722,930015,V,549,483,-1
1788814026.6212,930029,V,550,483,10616
1788814026.6213,930037,V,550,483,-1
1788814026.6213,930045,V,553,486,-1
1788814026.6213,930053,V,549,483,-1
1788814026.6213,930061,V,549,483,-1
1788814026.6213,930069,V,549,483,-1
1788814026.7189,930082,V,548,482,10617
1788814026.7190,930090,V,548,482,-1
1788814026.7190,930098,V,548,482,-1
1788814026.7190,930106,V,548,482,-1
1788814026.7190,930114,V,549,483,-1
1788814026.7190,930122,V,548,482,-1
1788814026.7205,930136,V,548,482,10618
1788814026.7206,930144,V,551,484,-1
1788814026.7206,930152,V,549,483,-1
1788814026.7206,930160,V,549,483,-1
1788814026.7206,930168,V,549,483,-1
1788814026.7206,930176,V,549,483,-1
1788814026.8164,930190,V,548,482,10619
1788814026.8165,930198,V,550,483,-1
1788814026.8165,930206,V,549,483,-1
1788814026.8165,930214,V,549,483,-1
1788814026.8165,930222,V,548,482,-1
1788814026.8165,930230,V,548,482,-1
1788814026.8171,930243,V,561,493,10620
1788814026.8172,930251,V,549,483,-1
1788814026.8172,930259,V,549,483,-1
1788814026.8172,930267,V,550,483,-1
1788814026.8172,930275,V,550,483,-1
1788814026.8172,930283,V,549,483,-1
1788814026.9137,930297,V,550,483,10621
1788814026.9138,930305,V,548,482,-1
1788814026.9138,930313,V,550,483,-1
1788814026.9138,930321,V,550,483,-1
1788814026.9138,930329,V,550,483,-1
1788814026.9138,930337,V,551,484,-1
1788814026.9621,930351,V,550,483,10622
1788814026.9622,930359,V,549,483,-1
1788814026.9622,930367,V,550,483,-1
1788814026.9622,930375,V,549,483,-1
1788814026.9622,930383,V,549,483,-1
1788814026.9622,930391,V,549,483,-1
1788814027.0110,930404,V,550,483,10623
1788814027.0110,930412,V,550,483,-1
1788814027.0110,930420,V,550,483,-1
1788814027.0110,930428,V,549,483,-1
1788814027.0110,930436,V,550,483,-1
1788814027.0110,930444,V,549,483,-1
1788814027.0593,930458,V,549,483,10624
1788814027.0594,930466,V,550,483,-1
1788814027.0594,930474,V,549,483,-1
1788814027.0594,930482,V,550,483,-1
1788814027.0594,930490,V,551,484,-1
1788814027.0594,930498,V,550,483,-1
1788814027.1087,930511,V,549,483,10625
1788814027.1087,930519,V,549,483,-1
1788814027.1087,930527,V,549,483,-1
1788814027.1087,930535,V,549,483,-1
1788814027.1087,930543,V,549,483,-1
1788814027.1088,930551,V,550,483,-1
1788814027.1571,930565,V,550,483,10626
1788814027.1571,930573,V,550,483,-1
1788814027.1571,930581,V,551,484,-1
1788814027.1571,930589,V,549,483,-1
1788814027.1571,930597,V,549,483,-1
1788814027.1571,930605,V,549,483,-1
1788814027.2058,930619,V,550,483,10627
1788814027.2058,930627,V,549,483,-1
1788814027.2058,930635,V,548,482,-1
1788814027.2058,930643,V,548,482,-1
1788814027.2058,930651,V,550,483,-1
1788814027.2058,930659,V,550,483,-1
1788814027.2545,930672,V,550,483,10628
1788814027.2545,930680,V,553,486,-1
1788814027.2545,930688,V,549,483,-1
1788814027.2545,930696,V,549,483,-1
1788814027.2545,930704,V,550,483,-1
1788814027.2545,930712,V,549,483,-1
1788814027.3042,930726,V,549,483,10629
1788814027.3044,930734,V,549,483,-1
1788814027.3044,930742,V,549,483,-1
1788814027.3044,930750,V,549,483,-1
1788814027.3044,930758,V,550,483,-1
1788814027.3044,930766,V,549,483,-1
1788814027.3532,930779,V,563,495,10630
1788814027.3532,930787,V,548,482,-1
1788814027.3532,930795,V,549,483,-1
1788814027.3532,930803,V,548,482,-1
1788814027.3532,930811,V,549,483,-1
1788814027.3532,930819,V,550,483,-1
1788814027.4501,930833,V,551,484,10631
1788814027.4501,930841,V,551,484,-1
1788814027.4501,930849,V,549,483,-1
1788814027.4501,930857,V,550,483,-1
1788814027.4501,930865,V,550,483,-1
1788814027.4501,930873,V,551,484,-1
1788814027.4983,930887,V,550,483,10632
1788814027.4983,930895,V,550,483,-1
1788814027.4984,930903,V,549,483,-1
1788814027.4984,930911,V,549,483,-1
1788814027.4984,930919,V,550,483,-1
1788814027.4984,930927,V,549,483,-1
1788814027.5480,930941,V,549,483,10633
1788814027.5481,930949,V,550,483,-1
1788814027.5481,930957,V,549,483,-1
1788814027.5481,930965,V,549,483,-1
1788814027.5481,930973,V,550,483,-1
1788814027.5481,930981,V,548,482,-1
1788814027.6452,930994,V,547,481,10634
1788814027.6453,931002,V,548,482,-1
1788814027.6453,931010,V,549,483,-1
1788814027.6453,931018,V,549,483,-1
1788814027.6453,931026,V,548,482,-1
1788814027.6453,931034,V,548,482,-1
1788814027.6464,931048,V,548,482,10635
1788814027.6464,931056,V,548,482,-1
1788814027.6464,931064,V,549,483,-1
1788814027.6464,931072,V,549,483,-1
1788814027.6464,931080,V,549,483,-1
1788814027.6464,931088,V,549,483,-1
1788814027.6931,931101,V,549,483,10636
1788814027.6931,931109,V,549,483,-1
1788814027.6931,931117,V,554,487,-1
1788814027.6931,931125,V,550,483,-1
1788814027.6931,931133,V,549,483,-1
1788814027.6931,931141,V,549,483,-1
1788814027.7421,931155,V,549,483,10637
1788814027.7421,931163,V,548,482,-1
1788814027.7421,931171,V,549,483,-1
1788814027.7421,931179,V,549,483,-1
1788814027.7421,931187,V,549,483,-1
1788814027.7421,931195,V,549,483,-1
1788814027.8412,931209,V,549,483,10638
1788814027.8414,931217,V,551,484,-1
1788814027.8414,931225,V,550,483,-1
1788814027.8414,931233,V,549,483,-1
1788814027.8414,931241,V,550,483,-1
1788814027.8414,931249,V,550,483,-1
1788814027.8416,931262,V,550,483,10639
1788814027.8416,931270,V,550,483,-1
1788814027.8416,931278,V,549,483,-1
1788814027.8416,931286,V,550,483,-1
1788814027.8416,931294,V,550,483,-1
1788814027.8417,931302,V,550,483,-1
1788814027.8886,931316,V,565,497,10640
1788814027.8886,931324,V,550,483,-1
1788814027.8886,931332,V,549,483,-1
1788814027.8886,931340,V,549,483,-1
1788814027.8886,931348,V,549,483,-1
1788814027.8886,931356,V,549,483,-1
1788814028.0348,931369,V,549,483,10641
1788814028.0348,931377,V,548,482,-1
1788814028.0348,931385,V,549,483,-1
1788814028.0348,931393,V,550,483,-1
1788814028.0348,931401,V,549,483,-1
1788814028.0349,931409,V,552,485,-1
1788814028.0360,931423,V,548,482,10642
1788814028.0360,931431,V,549,483,-1
1788814028.0360,931439,V,549,483,-1
1788814028.0360,931447,V,548,482,-1
1788814028.0360,931455,V,549,483,-1
1788814028.0360,931463,V,549,483,-1
1788814028.0834,931477,V,548,482,10643
1788814028.0835,931485,V,548,482,-1
1788814028.0836,931493,V,549,483,-1
1788814028.0837,931501,V,549,483,-1
1788814028.0837,931509,V,548,482,-1
1788814028.0837,931517,V,549,483,-1
1788814028.1326,931530,V,549,483,10644
1788814028.1326,931538,V,550,483,-1
1788814028.1326,931546,V,550,483,-1
1788814028.1326,931554,V,549,483,-1
1788814028.1326,931562,V,549,483,-1
1788814028.1326,931570,V,550,483,-1
1788814028.1811,931584,V,549,483,10645
1788814028.1812,931592,V,549,483,-1
1788814028.1812,931600,V,550,483,-1
1788814028.1812,931608,V,550,483,-1
1788814028.1812,931616,V,550,483,-1
1788814028.1812,931624,V,551,484,-1
1788814028.2300,931638,V,550,483,10646
1788814028.2300,931646,V,549,483,-1
1788814028.2300,931654,V,552,485,-1
1788814028.2300,931662,V,550,483,-1
1788814028.2300,931670,V,549,483,-1
1788814028.2300,931678,V,549,483,-1
1788814028.2785,931691,V,549,483,10647
1788814028.2785,931699,V,548,482,-1
1788814028.2785,931707,V,548,482,-1
1788814028.2785,931715,V,550,483,-1
1788814028.2785,931723,V,550,483,-1
1788814028.2785,931731,V,550,483,-1
1788814028.3270,931745,V,549,483,10648
1788814028.3271,931753,V,552,485,-1
1788814028.3271,931761,V,549,483,-1
1788814028.3271,931769,V,550,483,-1
1788814028.3271,931777,V,551,484,-1
1788814028.3272,931785,V,550,483,-1
1788814028.3760,931798,V,550,483,10649
1788814028.3760,931806,V,549,483,-1
1788814028.3760,931814,V,549,483,-1
1788814028.3760,931822,V,549,483,-1
1788814028.3760,931830,V,549,483,-1
1788814028.3760,931838,V,549,483,-1
1788814028.4245,931852,V,564,496,10650
1788814028.4245,931860,V,548,482,-1
1788814028.4245,931868,V,548,482,-1
1788814028.4245,931876,V,549,483,-1
1788814028.4246,931884,V,548,482,-1
1788814028.4246,931892,V,549,483,-1
1788814028.5226,931906,V,548,482,10651
1788814028.5226,931914,V,549,483,-1
1788814028.5226,931922,V,549,483,-1
1788814028.5226,931930,V,548,482,-1
1788814028.5226,931938,V,548,482,-1
1788814028.5226,931946,V,551,484,-1
1788814028.5707,931959,V,548,482,10652
1788814028.5708,931967,V,548,482,-1
1788814028.5708,931975,V,549,483,-1
1788814028.5708,931983,V,549,483,-1
1788814028.5708,931991,V,549,483,-1
1788814028.5709,931999,V,549,483,-1
1788814028.6218,932013,V,549,483,10653
1788814028.6218,932021,V,556,489,-1
1788814028.6218,932029,V,549,483,-1
1788814028.6218,932037,V,550,483,-1
1788814028.6218,932045,V,551,484,-1
1788814028.6218,932053,V,549,483,-1
1788814028.6683,932067,V,548,482,10654
1788814028.6684,932075,V,550,483,-1
1788814028.6684,932083,V,549,483,-1
1788814028.6684,932091,V,549,483,-1
1788814028.6684,932099,V,549,483,-1
1788814028.6684,932107,V,549,483,-1
1788814028.7172,932120,V,549,483,10655
1788814028.7172,932128,V,548,482,-1
1788814028.7172,932136,V,549,483,-1
1788814028.7172,932144,V,549,483,-1
1788814028.7172,932152,V,550,483,-1
1788814028.7172,932160,V,550,483,-1
1788814028.7659,932174,V,549,483,10656
1788814028.7660,932182,V,549,483,-1
1788814028.7660,932190,V,555,488,-1
1788814028.7660,932198,V,551,484,-1
1788814028.7660,932206,V,549,483,-1
1788814028.7660,932214,V,549,483,-1
1788814028.8146,932228,V,548,482,10657
1788814028.8147,932236,V,550,483,-1
1788814028.8147,932244,V,549,483,-1
1788814028.8148,932252,V,549,483,-1
1788814028.8148,932260,V,550,483,-1
1788814028.8148,932268,V,550,483,-1
1788814028.8661,932281,V,550,483,10658
1788814028.8662,932289,V,550,483,-1
1788814028.8662,932297,V,549,483,-1
1788814028.8662,932305,V,550,483,-1
1788814028.8662,932313,V,549,483,-1
1788814028.8662,932321,V,549,483,-1
1788814028.9121,932335,V,548,482,10659
1788814028.9121,932343,V,549,483,-1
1788814028.9122,932351,V,548,482,-1
1788814028.9122,932359,V,548,482,-1
1788814028.9122,932367,V,550,483,-1
1788814028.9122,932375,V,549,483,-1
1788814028.9617,932389,V,567,498,10660
1788814028.9617,932397,V,548,482,-1
1788814028.9617,932405,V,548,482,-1
1788814028.9617,932413,V,548,482,-1
1788814028.9617,932421,V,548,482,-1
1788814028.9617,932429,V,549,483,-1
1788814029.0584,932442,V,549,483,10661
1788814029.0585,932450,V,548,482,-1
1788814029.0586,932458,V,549,483,-1
1788814029.0586,932466,V,548,482,-1
1788814029.0586,932474,V,549,483,-1
1788814029.0586,932482,V,550,483,-1
1788814029.1084,932496,V,548,482,10662
1788814029.1085,932504,V,550,483,-1
1788814029.1085,932512,V,549,483,-1
1788814029.1085,932520,V,549,483,-1
1788814029.1085,932528,V,549,483,-1
1788814029.1085,932536,V,549,483,-1
1788814029.1556,932549,V,549,483,10663
1788814029.1557,932557,V,550,483,-1
1788814029.1557,932565,V,549,483,-1
1788814029.1557,932573,V,550,483,-1
1788814029.1557,932581,V,549,483,-1
1788814029.1557,932589,V,548,482,-1
1788814029.2046,932603,V,549,483,10664
1788814029.2046,932611,V,549,483,-1
1788814029.2046,932619,V,550,483,-1
1788814029.2046,932627,V,550,483,-1
1788814029.2046,932635,V,550,483,-1
1788814029.2046,932643,V,550,483,-1
1788814029.2533,932657,V,550,483,10665
1788814029.2533,932665,V,549,483,-1
1788814029.2533,932673,V,550,483,-1
1788814029.2533,932681,V,548,482,-1
1788814029.2534,932689,V,550,483,-1
1788814029.2534,932697,V,550,483,-1
1788814029.3021,932710,V,550,483,10666
1788814029.3022,932718,V,549,483,-1
1788814029.3022,932726,V,555,488,-1
1788814029.3022,932734,V,549,483,-1
1788814029.3022,932742,V,550,483,-1
1788814029.3022,932750,V,549,483,-1
1788814029.3512,932764,V,549,483,10667
1788814029.3512,932772,V,549,483,-1
1788814029.3513,932780,V,548,482,-1
1788814029.3513,932788,V,548,482,-1
1788814029.3513,932796,V,547,481,-1
1788814029.3513,932804,V,548,482,-1
1788814029.3994,932817,V,549,483,10668
1788814029.3994,932825,V,550,483,-1
1788814029.3994,932833,V,548,482,-1
1788814029.3994,932841,V,548,482,-1
1788814029.3994,932849,V,548,482,-1
1788814029.3995,932857,V,549,483,-1
1788814029.4485,932871,V,548,482,10669
1788814029.4485,932879,V,547,481,-1
1788814029.4485,932887,V,549,483,-1
1788814029.4485,932895,V,549,483,-1
1788814029.4485,932903,V,548,482,-1
1788814029.4485,932911,V,549,483,-1
1788814029.4975,932925,V,568,499,10670
1788814029.4975,932933,V,549,483,-1
1788814029.4975,932941,V,548,482,-1
1788814029.4975,932949,V,550,483,-1
1788814029.4975,932957,V,549,483,-1
1788814029.4976,932965,V,549,483,-1
1788814029.5948,932978,V,549,483,10671
1788814029.5950,932986,V,550,483,-1
1788814029.5950,932994,V,549,483,-1
1788814029.5950,933002,V,549,483,-1
1788814029.5950,933010,V,549,483,-1
1788814029.5950,933018,V,549,483,-1
1788814029.6447,933032,V,549,483,10672
1788814029.6447,933040,V,548,482,-1
1788814029.6447,933048,V,548,482,-1
1788814029.6448,933056,V,549,483,-1
1788814029.6448,933064,V,548,482,-1
1788814029.6448,933072,V,549,483,-1
1788814029.6922,933086,V,548,482,10673
1788814029.6922,933094,V,550,483,-1
1788814029.6922,933102,V,550,483,-1
1788814029.6922,933110,V,550,483,-1
1788814029.6923,933118,V,550,483,-1
1788814029.6923,933126,V,549,483,-1
1788814029.7410,933139,V,550,483,10674
1788814029.7411,933147,V,549,483,-1
1788814029.7411,933155,V,549,483,-1
1788814029.7411,933163,V,549,483,-1
1788814029.7411,933171,V,550,483,-1
1788814029.7411,933179,V,549,483,-1
1788814029.7903,933193,V,548,482,10675
1788814029.7904,933201,V,549,483,-1
1788814029.7904,933209,V,549,483,-1
1788814029.7904,933217,V,549,483,-1
1788814029.7904,933225,V,548,482,-1
1788814029.7904,933233,V,548,482,-1
1788814029.8419,933247,V,548,482,10676
1788814029.8421,933255,V,547,481,-1
1788814029.8421,933263,V,552,485,-1
1788814029.8421,933271,V,548,482,-1
1788814029.8422,933279,V,548,482,-1
1788814029.8422,933287,V,548,482,-1
1788814029.8884,933300,V,548,482,10677
1788814029.8884,933308,V,549,483,-1
1788814029.8885,933316,V,547,481,-1
1788814029.8885,933324,V,547,481,-1
1788814029.8885,933332,V,549,483,-1
1788814029.8885,933340,V,548,482,-1
1788814029.9360,933354,V,549,483,10678
1788814029.9360,933362,V,550,483,-1
1788814029.9360,933370,V,547,481,-1
1788814029.9360,933378,V,549,483,-1
1788814029.9361,933386,V,549,483,-1
1788814029.9361,933394,V,547,481,-1
1788814029.9855,933407,V,547,481,10679
1788814029.9855,933415,V,549,483,-1
1788814029.9855,933423,V,548,482,-1
1788814029.9855,933431,V,549,483,-1
1788814029.9855,933439,V,550,483,-1
1788814029.9855,933447,V,548,482,-1
1788814030.0343,933461,V,566,497,10680
1788814030.0343,933469,V,548,482,-1
1788814030.0343,933477,V,549,483,-1
1788814030.0343,933485,V,549,483,-1
1788814030.0343,933493,V,549,483,-1
1788814030.0343,933501,V,549,483,-1
1788814030.1309,933515,V,550,483,10681
1788814030.1310,933523,V,549,483,-1
1788814030.1311,933531,V,549,483,-1
1788814030.1311,933539,V,549,483,-1
1788814030.1311,933547,V,549,483,-1
1788814030.1311,933555,V,549,483,-1
1788814030.1808,933568,V,548,482,10682
1788814030.1808,933576,V,549,483,-1
1788814030.1808,933584,V,550,483,-1
1788814030.1808,933592,V,550,483,-1
1788814030.1809,933600,V,549,483,-1
1788814030.1809,933608,V,549,483,-1
1788814030.2284,933622,V,549,483,10683
1788814030.2284,933630,V,550,483,-1
1788814030.2284,933638,V,549,483,-1
1788814030.2284,933646,V,548,482,-1
1788814030.2284,933654,V,550,483,-1
1788814030.2284,933662,V,549,483,-1
1788814030.2773,933675,V,548,482,10684
1788814030.2774,933683,V,548,482,-1
1788814030.2774,933691,V,549,483,-1
1788814030.2774,933699,V,549,483,-1
1788814030.2774,933707,V,549,483,-1
1788814030.2774,933715,V,548,482,-1
1788814030.3261,933729,V,548,482,10685
1788814030.3261,933737,V,549,483,-1
1788814030.3261,933745,V,548,482,-1
1788814030.3261,933753,V,547,481,-1
1788814030.3261,933761,V,548,482,-1
1788814030.3261,933769,V,548,482,-1
1788814030.3757,933783,V,548,482,10686
1788814030.3758,933791,V,550,483,-1
1788814030.3758,933799,V,554,487,-1
1788814030.3758,933807,V,548,482,-1
1788814030.3759,933815,V,549,483,-1
1788814030.3759,933823,V,548,482,-1
1788814030.4238,933836,V,548,482,10687
1788814030.4238,933844,V,549,483,-1
1788814030.4238,933852,V,550,483,-1
1788814030.4239,933860,V,549,483,-1
1788814030.4239,933868,V,549,483,-1
1788814030.4239,933876,V,550,483,-1
1788814030.4721,933890,V,549,483,10688
1788814030.4721,933898,V,550,483,-1
1788814030.4721,933906,V,549,483,-1
1788814030.4721,933914,V,549,483,-1
1788814030.4721,933922,V,549,483,-1
1788814030.4722,933930,V,548,482,-1
1788814030.5207,933944,V,548,482,10689
1788814030.5207,933952,V,549,483,-1
1788814030.5207,933960,V,549,483,-1
1788814030.5207,933968,V,548,482,-1
1788814030.5207,933976,V,549,483,-1
1788814030.5207,933984,V,549,483,-1
1788814030.5697,933997,V,568,499,10690
1788814030.5697,934005,V,549,483,-1
1788814030.5697,934013,V,549,483,-1
1788814030.5697,934021,V,549,483,-1
1788814030.5697,934029,V,551,484,-1
1788814030.5697,934037,V,550,483,-1
1788814030.6671,934051,V,550,483,10691
1788814030.6672,934059,V,550,483,-1
1788814030.6672,934067,V,550,483,-1
1788814030.6672,934075,V,549,483,-1
1788814030.6672,934083,V,549,483,-1
1788814030.6672,934091,V,550,483,-1
1788814030.7162,934105,V,550,483,10692
1788814030.7162,934113,V,549,483,-1
1788814030.7163,934121,V,549,483,-1
1788814030.7163,934129,V,550,483,-1
1788814030.7163,934137,V,550,483,-1
1788814030.7163,934145,V,549,483,-1
1788814030.7647,934158,V,548,482,10693
1788814030.7648,934166,V,550,483,-1
1788814030.7648,934174,V,549,483,-1
1788814030.7648,934182,V,549,483,-1
1788814030.7648,934190,V,549,483,-1
1788814030.7648,934198,V,550,483,-1
1788814030.8134,934212,V,549,483,10694
1788814030.8134,934220,V,550,483,-1
1788814030.8134,934228,V,550,483,-1
1788814030.8135,934236,V,550,483,-1
1788814030.8135,934244,V,548,482,-1
1788814030.8135,934252,V,549,483,-1
1788814030.8640,934265,V,548,482,10695
1788814030.8640,934273,V,549,483,-1
1788814030.8640,934281,V,549,483,-1
1788814030.8640,934289,V,548,482,-1
1788814030.8640,934297,V,549,483,-1
1788814030.8640,934305,V,549,483,-1
1788814030.9108,934319,V,550,483,10696
1788814030.9109,934327,V,549,483,-1
1788814030.9110,934335,V,555,488,-1
1788814030.9110,934343,V,549,483,-1
1788814030.9110,934351,V,549,483,-1
1788814030.9110,934359,V,549,483,-1
1788814030.9594,934373,V,550,483,10697
1788814030.9594,934381,V,550,483,-1
1788814030.9594,934389,V,549,483,-1
1788814030.9594,934397,V,549,483,-1
1788814030.9594,934405,V,549,483,-1
1788814030.9594,934413,V,550,483,-1
1788814031.0085,934426,V,549,483,10698
1788814031.0086,934434,V,552,485,-1
1788814031.0086,934442,V,549,483,-1
1788814031.0086,934450,V,550,483,-1
1788814031.0086,934458,V,549,483,-1
1788814031.0086,934466,V,549,483,-1
1788814031.0571,934480,V,549,483,10699
1788814031.0571,934488,V,549,483,-1
1788814031.0571,934496,V,549,483,-1
1788814031.0571,934504,V,549,483,-1
1788814031.0571,934512,V,550,483,-1
1788814031.0571,934520,V,550,483,-1
1788814031.1060,934533,V,569,500,10700
1788814031.1060,934541,V,549,483,-1
1788814031.1060,934549,V,549,483,-1
1788814031.1060,934557,V,549,483,-1
1788814031.1060,934565,V,549,483,-1
1788814031.1061,934573,V,549,483,-1
1788814031.2051,934587,V,550,483,10701
1788814031.2053,934595,V,550,483,-1
1788814031.2053,934603,V,548,482,-1
1788814031.2053,934611,V,550,483,-1
1788814031.2053,934619,V,548,482,-1
1788814031.2053,934627,V,550,483,-1
1788814031.2524,934641,V,549,483,10702
1788814031.2524,934649,V,549,483,-1
1788814031.2524,934657,V,549,483,-1
1788814031.2524,934665,V,549,483,-1
1788814031.2524,934673,V,550,483,-1
1788814031.2524,934681,V,550,483,-1
1788814031.3010,934694,V,548,482,10703
1788814031.3010,934702,V,549,483,-1
1788814031.3010,934710,V,548,482,-1
1788814031.3010,934718,V,548,482,-1
1788814031.3010,934726,V,548,482,-1
1788814031.3010,934734,V,548,482,-1
1788814031.3499,934748,V,549,483,10704
1788814031.3499,934756,V,549,483,-1
1788814031.3499,934764,V,548,482,-1
1788814031.3499,934772,V,549,483,-1
1788814031.3499,934780,V,549,483,-1
1788814031.3499,934788,V,549,483,-1
1788814031.3984,934802,V,549,483,10705
1788814031.3984,934810,V,549,483,-1
1788814031.3984,934818,V,550,483,-1
1788814031.3984,934826,V,549,483,-1
1788814031.3984,934834,V,549,483,-1
1788814031.3985,934842,V,549,483,-1
1788814031.4471,934855,V,549,483,10706
1788814031.4472,934863,V,549,483,-1
1788814031.4472,934871,V,553,486,-1
1788814031.4472,934879,V,551,484,-1
1788814031.4472,934887,V,550,483,-1
1788814031.4472,934895,V,549,483,-1
1788814031.4963,934909,V,550,483,10707
1788814031.4963,934917,V,549,483,-1
1788814031.4963,934925,V,550,483,-1
1788814031.4963,934933,V,550,483,-1
1788814031.4963,934941,V,550,483,-1
1788814031.4963,934949,V,551,484,-1
1788814031.5448,934962,V,550,483,10708
1788814031.5449,934970,V,551,484,-1
1788814031.5449,934978,V,549,483,-1
1788814031.5449,934986,V,549,483,-1
1788814031.5449,934994,V,550,483,-1
1788814031.5449,935002,V,549,483,-1
1788814031.5931,935016,V,549,483,10709
1788814031.5931,935024,V,549,483,-1
1788814031.5931,935032,V,549,483,-1
1788814031.5931,935040,V,550,483,-1
1788814031.5931,935048,V,550,483,-1
1788814031.5931,935056,V,548,482,-1
1788814031.6430,935070,V,569,500,10710
1788814031.6431,935078,V,549,483,-1
1788814031.6431,935086,V,548,482,-1
1788814031.6431,935094,V,548,482,-1
1788814031.6431,935102,V,547,481,-1
1788814031.6431,935110,V,548,482,-1
1788814031.7407,935123,V,549,483,10711
1788814031.7409,935131,V,550,483,-1
1788814031.7409,935139,V,549,483,-1
1788814031.7409,935147,V,549,483,-1
1788814031.7409,935155,V,549,483,-1
1788814031.7409,935163,V,550,483,-1
1788814031.7884,935177,V,549,483,10712
1788814031.7884,935185,V,548,482,-1
1788814031.7884,935193,V,549,483,-1
1788814031.7884,935201,V,548,482,-1
1788814031.7884,935209,V,549,483,-1
1788814031.7884,935217,V,549,483,-1
1788814031.8861,935231,V,549,483,10713
1788814031.8861,935239,V,549,483,-1
1788814031.8861,935247,V,549,483,-1
1788814031.8861,935255,V,548,482,-1
1788814031.8861,935263,V,549,483,-1
1788814031.8861,935271,V,548,482,-1
1788814031.8873,935284,V,548,482,10714
1788814031.8873,935292,V,548,482,-1
1788814031.8873,935300,V,550,483,-1
1788814031.8873,935308,V,549,483,-1
1788814031.8873,935316,V,549,483,-1
1788814031.8873,935324,V,548,482,-1
1788814031.9349,935338,V,550,483,10715
1788814031.9349,935346,V,550,483,-1
1788814031.9349,935354,V,550,483,-1
1788814031.9349,935362,V,550,483,-1
1788814031.9349,935370,V,551,484,-1
1788814031.9350,935378,V,550,483,-1
1788814031.9834,935391,V,549,483,10716
1788814031.9836,935399,V,548,482,-1
1788814031.9836,935407,V,555,488,-1
1788814031.9836,935415,V,549,483,-1
1788814031.9836,935423,V,549,483,-1
1788814031.9836,935431,V,549,483,-1
1788814032.0326,935445,V,550,483,10717
1788814032.0326,935453,V,549,483,-1
1788814032.0326,935461,V,550,483,-1
1788814032.0326,935469,V,548,482,-1
1788814032.0326,935477,V,549,483,-1
1788814032.0326,935485,V,549,483,-1
1788814032.0810,935499,V,549,483,10718
1788814032.0810,935507,V,551,484,-1
1788814032.0810,935515,V,548,482,-1
1788814032.0810,935523,V,549,483,-1
1788814032.0810,935531,V,549,483,-1
1788814032.0811,935539,V,549,483,-1
1788814032.1298,935552,V,549,483,10719
1788814032.1298,935560,V,548,482,-1
1788814032.1298,935568,V,549,483,-1
1788814032.1298,935576,V,549,483,-1
1788814032.1298,935584,V,549,483,-1
1788814032.1298,935592,V,549,483,-1
1788814032.2273,935606,V,568,499,10720
1788814032.2274,935614,V,550,483,-1
1788814032.2275,935622,V,549,483,-1
1788814032.2275,935630,V,549,483,-1
1788814032.2275,935638,V,548,482,-1
1788814032.2275,935646,V,549,483,-1
1788814032.2762,935660,V,549,483,10721
1788814032.2762,935668,V,548,482,-1
1788814032.2762,935676,V,550,483,-1
1788814032.2762,935684,V,549,483,-1
1788814032.2762,935692,V,550,483,-1
1788814032.2762,935700,V,550,483,-1
1788814032.3248,935713,V,550,483,10722
1788814032.3248,935721,V,550,483,-1
1788814032.3248,935729,V,549,483,-1
1788814032.3248,935737,V,548,482,-1
1788814032.3248,935745,V,549,483,-1
1788814032.3248,935753,V,549,483,-1
1788814032.3734,935767,V,549,483,10723
1788814032.3735,935775,V,549,483,-1
1788814032.3735,935783,V,549,483,-1
1788814032.3735,935791,V,549,483,-1
1788814032.3735,935799,V,549,483,-1
1788814032.3735,935807,V,549,483,-1
1788814032.4230,935821,V,551,484,10724
1788814032.4231,935829,V,549,483,-1
1788814032.4231,935837,V,549,483,-1
1788814032.4231,935845,V,549,483,-1
1788814032.4231,935853,V,550,483,-1
1788814032.4231,935861,V,549,483,-1
1788814032.4715,935874,V,549,483,10725
1788814032.4716,935882,V,549,483,-1
1788814032.4716,935890,V,550,483,-1
1788814032.4716,935898,V,549,483,-1
1788814032.4716,935906,V,550,483,-1
1788814032.4716,935914,V,550,483,-1
1788814032.5211,935928,V,549,483,10726
1788814032.5211,935936,V,549,483,-1
1788814032.5211,935944,V,557,490,-1
1788814032.5211,935952,V,550,483,-1
1788814032.5211,935960,V,550,483,-1
1788814032.5211,935968,V,547,481,-1
1788814032.5694,935981,V,549,483,10727
1788814032.5694,935989,V,549,483,-1
1788814032.5694,935997,V,550,483,-1
1788814032.5694,936005,V,548,482,-1
1788814032.5694,936013,V,550,483,-1
1788814032.5694,936021,V,549,483,-1
1788814032.6171,936035,V,549,483,10728
1788814032.6172,936043,V,550,483,-1
1788814032.6172,936051,V,548,482,-1
1788814032.6172,936059,V,549,483,-1
1788814032.6172,936067,V,548,482,-1
1788814032.6172,936075,V,549,483,-1
1788814032.6659,936089,V,549,483,10729
1788814032.6659,936097,V,549,483,-1
1788814032.6659,936105,V,549,483,-1
1788814032.6659,936113,V,548,482,-1
1788814032.6659,936121,V,549,483,-1
1788814032.6659,936129,V,549,483,-1
1788814032.7149,936142,V,569,500,10730
1788814032.7151,936150,V,549,483,-1
1788814032.7151,936158,V,550,483,-1
1788814032.7151,936166,V,549,483,-1
1788814032.7151,936174,V,550,483,-1
1788814032.7152,936182,V,549,483,-1
1788814032.8125,936196,V,550,483,10731
1788814032.8126,936204,V,549,483,-1
1788814032.8126,936212,V,549,483,-1
1788814032.8126,936220,V,549,483,-1
1788814032.8126,936228,V,550,483,-1
1788814032.8126,936236,V,549,483,-1
1788814032.8628,936250,V,549,483,10732
1788814032.8628,936258,V,548,482,-1
1788814032.8629,936266,V,549,483,-1
1788814032.8629,936274,V,548,482,-1
1788814032.8629,936282,V,550,483,-1
1788814032.8629,936290,V,549,483,-1
1788814032.9097,936303,V,549,483,10733
1788814032.9097,936311,V,550,483,-1
1788814032.9097,936319,V,550,483,-1
1788814032.9097,936327,V,550,483,-1
1788814032.9097,936335,V,549,483,-1
1788814032.9097,936343,V,550,483,-1
1788814032.9585,936357,V,550,483,10734
1788814032.9586,936365,V,551,484,-1
1788814032.9586,936373,V,549,483,-1
1788814032.9587,936381,V,549,483,-1
1788814032.9587,936389,V,549,483,-1
1788814032.9587,936397,V,549,483,-1
1788814033.0073,936410,V,549,483,10735
1788814033.0073,936418,V,549,483,-1
1788814033.0073,936426,V,548,482,-1
1788814033.0073,936434,V,549,483,-1
1788814033.0073,936442,V,548,482,-1
1788814033.0074,936450,V,548,482,-1
1788814033.0569,936464,V,548,482,10736
1788814033.0569,936472,V,549,483,-1
1788814033.0569,936480,V,556,489,-1
1788814033.0569,936488,V,549,483,-1
1788814033.0569,936496,V,548,482,-1
1788814033.0569,936504,V,548,482,-1
1788814033.1056,936518,V,549,483,10737
1788814033.1057,936526,V,549,483,-1
1788814033.1057,936534,V,549,483,-1
1788814033.1057,936542,V,549,483,-1
1788814033.1057,936550,V,549,483,-1
1788814033.1057,936558,V,549,483,-1
1788814033.1543,936571,V,549,483,10738
1788814033.1543,936579,V,551,484,-1
1788814033.1543,936587,V,549,483,-1
1788814033.1543,936595,V,549,483,-1
1788814033.1543,936603,V,549,483,-1
1788814033.1544,936611,V,549,483,-1
1788814033.2030,936625,V,549,483,10739
1788814033.2031,936633,V,549,483,-1
1788814033.2032,936641,V,549,483,-1
1788814033.2032,936649,V,549,483,-1
1788814033.2032,936657,V,549,483,-1
1788814033.2032,936665,V,549,483,-1
1788814033.2514,936679,V,567,498,10740
1788814033.2514,936687,V,548,482,-1
1788814033.2514,936695,V,550,483,-1
1788814033.2514,936703,V,550,483,-1
1788814033.2514,936711,V,550,483,-1
1788814033.2514,936719,V,549,483,-1
1788814033.3489,936732,V,551,484,10741
1788814033.3489,936740,V,550,483,-1
1788814033.3489,936748,V,549,483,-1
1788814033.3489,936756,V,550,483,-1
1788814033.3489,936764,V,550,483,-1
1788814033.3490,936772,V,551,484,-1
1788814033.3970,936786,V,550,483,10742
1788814033.3970,936794,V,550,483,-1
1788814033.3970,936802,V,549,483,-1
1788814033.3970,936810,V,548,482,-1
1788814033.3970,936818,V,549,483,-1
1788814033.3970,936826,V,550,483,-1
1788814033.4459,936839,V,549,483,10743
1788814033.4461,936847,V,549,483,-1
1788814033.4462,936855,V,550,483,-1
1788814033.4462,936863,V,551,484,-1
1788814033.4462,936871,V,549,483,-1
1788814033.4462,936879,V,549,483,-1
1788814033.4952,936893,V,549,483,10744
1788814033.4953,936901,V,550,483,-1
1788814033.4953,936909,V,549,483,-1
1788814033.4953,936917,V,548,482,-1
1788814033.4953,936925,V,548,482,-1
1788814033.4953,936933,V,549,483,-1
1788814033.5439,936947,V,550,483,10745
1788814033.5439,936955,V,549,483,-1
1788814033.5439,936963,V,550,483,-1
1788814033.5439,936971,V,550,483,-1
1788814033.5439,936979,V,548,482,-1
1788814033.5439,936987,V,550,483,-1
1788814033.5925,937000,V,549,483,10746
1788814033.5926,937008,V,549,483,-1
1788814033.5926,937016,V,555,488,-1
1788814033.5926,937024,V,549,483,-1
1788814033.5926,937032,V,549,483,-1
1788814033.5926,937040,V,549,483,-1
1788814033.6413,937054,V,550,483,10747
1788814033.6413,937062,V,549,483,-1
1788814033.6413,937070,V,549,483,-1
1788814033.6413,937078,V,549,483,-1
1788814033.6413,937086,V,549,483,-1
1788814033.6413,937094,V,551,484,-1
1788814033.6897,937107,V,549,483,10748
1788814033.6898,937115,V,550,483,-1
1788814033.6898,937123,V,549,483,-1
1788814033.6898,937131,V,550,483,-1
1788814033.6898,937139,V,550,483,-1
1788814033.6898,937147,V,549,483,-1
1788814033.7389,937161,V,549,483,10749
1788814033.7389,937169,V,549,483,-1
1788814033.7389,937177,V,549,483,-1
1788814033.7389,937185,V,550,483,-1
1788814033.7389,937193,V,549,483,-1
1788814033.7389,937201,V,550,483,-1
1788814033.7874,937215,V,569,500,10750
1788814033.7874,937223,V,551,484,-1
1788814033.7874,937231,V,550,483,-1
1788814033.7874,937239,V,550,483,-1
1788814033.7874,937247,V,550,483,-1
1788814033.7874,937255,V,551,484,-1
1788814033.8863,937268,V,550,483,10751
1788814033.8863,937276,V,551,484,-1
1788814033.8863,937284,V,549,483,-1
1788814033.8864,937292,V,550,483,-1
1788814033.8864,937300,V,550,483,-1
1788814033.8864,937308,V,551,484,-1
1788814033.9337,937322,V,549,483,10752
1788814033.9338,937330,V,550,483,-1
1788814033.9338,937338,V,549,483,-1
1788814033.9338,937346,V,550,483,-1
1788814033.9338,937354,V,548,482,-1
1788814033.9338,937362,V,549,483,-1
1788814033.9823,937375,V,549,483,10753
1788814033.9824,937383,V,549,483,-1
1788814033.9824,937391,V,550,483,-1
1788814033.9824,937399,V,548,482,-1
1788814033.9824,937407,V,549,483,-1
1788814033.9824,937415,V,549,483,-1
1788814034.0313,937429,V,549,483,10754
1788814034.0313,937437,V,548,482,-1
1788814034.0313,937445,V,548,482,-1
1788814034.0313,937453,V,549,483,-1
1788814034.0313,937461,V,548,482,-1
1788814034.0313,937469,V,549,483,-1
1788814034.0798,937483,V,548,482,10755
1788814034.0798,937491,V,550,483,-1
1788814034.0798,937499,V,549,483,-1
1788814034.0798,937507,V,549,483,-1
1788814034.0798,937515,V,550,483,-1
1788814034.0798,937523,V,550,483,-1
1788814034.1286,937536,V,549,483,10756
1788814034.1286,937544,V,551,484,-1
1788814034.1286,937552,V,556,489,-1
1788814034.1286,937560,V,551,484,-1
1788814034.1286,937568,V,550,483,-1
1788814034.1286,937576,V,549,483,-1
1788814034.1774,937590,V,550,483,10757
1788814034.1776,937598,V,549,483,-1
1788814034.1776,937606,V,548,482,-1
1788814034.1776,937614,V,549,483,-1
1788814034.1776,937622,V,549,483,-1
1788814034.1776,937630,V,549,483,-1
1788814034.2265,937644,V,549,483,10758
1788814034.2265,937652,V,551,484,-1
1788814034.2265,937660,V,549,483,-1
1788814034.2265,937668,V,548,482,-1
1788814034.2265,937676,V,549,483,-1
1788814034.2265,937684,V,549,483,-1
1788814034.3237,937697,V,550,483,10759
1788814034.3238,937705,V,550,483,-1
1788814034.3238,937713,V,550,483,-1
1788814034.3238,937721,V,549,483,-1
1788814034.3238,937729,V,549,483,-1
1788814034.3238,937737,V,549,483,-1
1788814034.3249,937751,V,560,492,10760
1788814034.3249,937759,V,548,482,-1
1788814034.3249,937767,V,548,482,-1
1788814034.3249,937775,V,549,483,-1
1788814034.3249,937783,V,549,483,-1
1788814034.3249,937791,V,548,482,-1
1788814034.4210,937805,V,548,482,10761
1788814034.4212,937813,V,548,482,-1
1788814034.4212,937821,V,549,483,-1
1788814034.4212,937829,V,549,483,-1
1788814034.4212,937837,V,548,482,-1
1788814034.4212,937845,V,549,483,-1
1788814034.4701,937858,V,549,483,10762
1788814034.4701,937866,V,549,483,-1
1788814034.4701,937874,V,549,483,-1
1788814034.4701,937882,V,548,482,-1
1788814034.4701,937890,V,548,482,-1
1788814034.4701,937898,V,550,483,-1
1788814034.5187,937912,V,550,483,10763
1788814034.5187,937920,V,549,483,-1
1788814034.5187,937928,V,549,483,-1
1788814034.5187,937936,V,548,482,-1
1788814034.5187,937944,V,549,483,-1
1788814034.5187,937952,V,549,483,-1
1788814034.5674,937965,V,549,483,10764
1788814034.5674,937973,V,549,483,-1
1788814034.5674,937981,V,549,483,-1
1788814034.5674,937989,V,549,483,-1
1788814034.5675,937997,V,550,483,-1
1788814034.5675,938005,V,550,483,-1
1788814034.6172,938019,V,549,483,10765
1788814034.6173,938027,V,549,483,-1
1788814034.6173,938035,V,550,483,-1
1788814034.6173,938043,V,550,483,-1
1788814034.6173,938051,V,549,483,-1
1788814034.6173,938059,V,549,483,-1
1788814034.6651,938073,V,549,483,10766
1788814034.6652,938081,V,549,483,-1
1788814034.6653,938089,V,553,486,-1
1788814034.6653,938097,V,548,482,-1
1788814034.6653,938105,V,550,483,-1
1788814034.6653,938113,V,550,483,-1
1788814034.7139,938126,V,549,483,10767
1788814034.7140,938134,V,549,483,-1
1788814034.7140,938142,V,549,483,-1
1788814034.7140,938150,V,548,482,-1
1788814034.7140,938158,V,549,483,-1
1788814034.7140,938166,V,548,482,-1
1788814034.7626,938180,V,549,483,10768
1788814034.7627,938188,V,551,484,-1
1788814034.7627,938196,V,549,483,-1
1788814034.7627,938204,V,549,483,-1
1788814034.7627,938212,V,550,483,-1
1788814034.7627,938220,V,550,483,-1
1788814034.8114,938234,V,551,484,10769
1788814034.8115,938242,V,550,483,-1
1788814034.8115,938250,V,549,483,-1
1788814034.8115,938258,V,549,483,-1
1788814034.8115,938266,V,550,483,-1
1788814034.8115,938274,V,549,483,-1
1788814034.8598,938287,V,569,500,10770
1788814034.8598,938295,V,549,483,-1
1788814034.8598,938303,V,549,483,-1
1788814034.8598,938311,V,549,483,-1
1788814034.8598,938319,V,548,482,-1
1788814034.8598,938327,V,549,483,-1
1788814034.9574,938341,V,550,483,10771
1788814034.9575,938349,V,549,483,-1
1788814034.9575,938357,V,549,483,-1
1788814034.9575,938365,V,549,483,-1
1788814034.9575,938373,V,550,483,-1
1788814034.9575,938381,V,550,483,-1
1788814035.0061,938395,V,550,483,10772
1788814035.0061,938403,V,548,482,-1
1788814035.0061,938411,V,550,483,-1
1788814035.0062,938419,V,549,483,-1
1788814035.0062,938427,V,549,483,-1
1788814035.0062,938435,V,549,483,-1
1788814035.0548,938448,V,549,483,10773
1788814035.0548,938456,V,549,483,-1
1788814035.0548,938464,V,550,483,-1
1788814035.0548,938472,V,549,483,-1
1788814035.0548,938480,V,550,483,-1
1788814035.0548,938488,V,548,482,-1
1788814035.1036,938502,V,548,482,10774
1788814035.1037,938510,V,549,483,-1
1788814035.1037,938518,V,549,483,-1
1788814035.1037,938526,V,550,483,-1
1788814035.1037,938534,V,549,483,-1
1788814035.1037,938542,V,549,483,-1
1788814035.1520,938555,V,549,483,10775
1788814035.1520,938563,V,549,483,-1
1788814035.1521,938571,V,549,483,-1
1788814035.1521,938579,V,549,483,-1
1788814035.1521,938587,V,549,483,-1
1788814035.1521,938595,V,550,483,-1
1788814035.2012,938609,V,549,483,10776
1788814035.2013,938617,V,550,483,-1
1788814035.2013,938625,V,557,490,-1
1788814035.2013,938633,V,550,483,-1
1788814035.2015,938641,V,550,483,-1
1788814035.2015,938649,V,550,483,-1
1788814035.2501,938663,V,549,483,10777
1788814035.2501,938671,V,549,483,-1
1788814035.2501,938679,V,549,483,-1
1788814035.2501,938687,V,550,483,-1
1788814035.2501,938695,V,550,483,-1
1788814035.2501,938703,V,548,482,-1
1788814035.2987,938716,V,549,483,10778
1788814035.2988,938724,V,551,484,-1
1788814035.2988,938732,V,549,483,-1
1788814035.2988,938740,V,549,483,-1
1788814035.2988,938748,V,549,483,-1
1788814035.2988,938756,V,550,483,-1
1788814035.3477,938770,V,549,483,10779
1788814035.3477,938778,V,550,483,-1
1788814035.3477,938786,V,550,483,-1
1788814035.3477,938794,V,549,483,-1
1788814035.3477,938802,V,549,483,-1
1788814035.3477,938810,V,548,482,-1
1788814035.3962,938823,V,569,500,10780
1788814035.3963,938831,V,548,482,-1
1788814035.3963,938839,V,549,483,-1
1788814035.3963,938847,V,550,483,-1
1788814035.3963,938855,V,549,483,-1
1788814035.3963,938863,V,549,483,-1
1788814035.4934,938877,V,550,483,10781
1788814035.4934,938885,V,550,483,-1
1788814035.4934,938893,V,549,483,-1
1788814035.4934,938901,V,550,483,-1
1788814035.4934,938909,V,550,483,-1
1788814035.4934,938917,V,549,483,-1
1788814035.5423,938931,V,549,483,10782
1788814035.5423,938939,V,550,483,-1
1788814035.5423,938947,V,549,483,-1
1788814035.5423,938955,V,550,483,-1
1788814035.5423,938963,V,549,483,-1
1788814035.5423,938971,V,550,483,-1
1788814035.5908,938984,V,549,483,10783
1788814035.5908,938992,V,549,483,-1
1788814035.5908,939000,V,548,482,-1
1788814035.5908,939008,V,550,483,-1
1788814035.5908,939016,V,550,483,-1
1788814035.5908,939024,V,550,483,-1
1788814035.6396,939038,V,550,483,10784
1788814035.6396,939046,V,550,483,-1
1788814035.6396,939054,V,549,483,-1
1788814035.6396,939062,V,549,483,-1
1788814035.6396,939070,V,549,483,-1
1788814035.6396,939078,V,549,483,-1
1788814035.6886,939092,V,550,483,10785
1788814035.6886,939100,V,550,483,-1
1788814035.6886,939108,V,549,483,-1
1788814035.6886,939116,V,549,483,-1
1788814035.6886,939124,V,550,483,-1
1788814035.6886,939132,V,550,483,-1
1788814035.7376,939145,V,549,483,10786
1788814035.7378,939153,V,549,483,-1
1788814035.7378,939161,V,554,487,-1
1788814035.7378,939169,V,548,482,-1
1788814035.7378,939177,V,548,482,-1
1788814035.7378,939185,V,548,482,-1
1788814035.7859,939199,V,549,483,10787
1788814035.7860,939207,V,548,482,-1
1788814035.7860,939215,V,549,483,-1
1788814035.7860,939223,V,549,483,-1
1788814035.7860,939231,V,548,482,-1
1788814035.7860,939239,V,549,483,-1
1788814035.8349,939252,V,550,483,10788
1788814035.8349,939260,V,550,483,-1
1788814035.8349,939268,V,548,482,-1
1788814035.8349,939276,V,550,483,-1
1788814035.8350,939284,V,548,482,-1
1788814035.8350,939292,V,549,483,-1
1788814035.8850,939306,V,548,482,10789
1788814035.8851,939314,V,548,482,-1
1788814035.8851,939322,V,549,483,-1
1788814035.8851,939330,V,550,483,-1
1788814035.8851,939338,V,549,483,-1
1788814035.8851,939346,V,548,482,-1
1788814035.9324,939360,V,568,499,10790
1788814035.9325,939368,V,550,483,-1
1788814035.9325,939376,V,549,483,-1
1788814035.9325,939384,V,549,483,-1
1788814035.9325,939392,V,549,483,-1
1788814035.9325,939400,V,549,483,-1
1788814036.0299,939413,V,549,483,10791
1788814036.0299,939421,V,550,483,-1
1788814036.0300,939429,V,550,483,-1
1788814036.0300,939437,V,549,483,-1
1788814036.0300,939445,V,550,483,-1
1788814036.0300,939453,V,551,484,-1
1788814036.0784,939467,V,550,483,10792
1788814036.0784,939475,V,550,483,-1
1788814036.0784,939483,V,550,483,-1
1788814036.0784,939491,V,550,483,-1
1788814036.0784,939499,V,550,483,-1
1788814036.0784,939507,V,549,483,-1
1788814036.1273,939520,V,549,483,10793
1788814036.1274,939528,V,550,483,-1
1788814036.1274,939536,V,549,483,-1
1788814036.1274,939544,V,550,483,-1
1788814036.1274,939552,V,549,483,-1
1788814036.1274,939560,V,549,483,-1
1788814036.1762,939574,V,549,483,10794
1788814036.1762,939582,V,549,483,-1
1788814036.1762,939590,V,550,483,-1
1788814036.1762,939598,V,550,483,-1
1788814036.1762,939606,V,549,483,-1
1788814036.1762,939614,V,547,481,-1
1788814036.2248,939627,V,549,483,10795
1788814036.2249,939635,V,549,483,-1
1788814036.2249,939643,V,548,482,-1
1788814036.2249,939651,V,548,482,-1
1788814036.2249,939659,V,548,482,-1
1788814036.2249,939667,V,547,481,-1
1788814036.2745,939681,V,549,483,10796
1788814036.2746,939689,V,549,483,-1
1788814036.2746,939697,V,552,485,-1
1788814036.2746,939705,V,548,482,-1
1788814036.2746,939713,V,548,482,-1
1788814036.2747,939721,V,549,483,-1
1788814036.3235,939735,V,550,483,10797
1788814036.3236,939743,V,549,483,-1
1788814036.3236,939751,V,548,482,-1
1788814036.3236,939759,V,548,482,-1
1788814036.3236,939767,V,549,483,-1
1788814036.3236,939775,V,550,483,-1
1788814036.4200,939788,V,550,483,10798
1788814036.4201,939796,V,552,485,-1
1788814036.4201,939804,V,549,483,-1
1788814036.4201,939812,V,550,483,-1
1788814036.4201,939820,V,549,483,-1
1788814036.4201,939828,V,549,483,-1
1788814036.4217,939842,V,549,483,10799
1788814036.4217,939850,V,550,483,-1
1788814036.4217,939858,V,549,483,-1
1788814036.4217,939866,V,548,482,-1
1788814036.4217,939874,V,549,483,-1
1788814036.4217,939882,V,550,483,-1
1788814036.4686,939896,V,565,497,10800
1788814036.4687,939904,V,551,484,-1
1788814036.4687,939912,V,549,483,-1
1788814036.4687,939920,V,550,483,-1
1788814036.4687,939928,V,550,483,-1
1788814036.4687,939936,V,548,482,-1
1788814036.5660,939949,V,550,483,10801
1788814036.5662,939957,V,550,483,-1
1788814036.5662,939965,V,549,483,-1
1788814036.5662,939973,V,549,483,-1
1788814036.5662,939981,V,550,483,-1
1788814036.5662,939989,V,553,486,-1
1788814036.6152,940003,V,550,483,10802
1788814036.6152,940011,V,550,483,-1
1788814036.6152,940019,V,550,483,-1
1788814036.6152,940027,V,551,484,-1
1788814036.6152,940035,V,551,484,-1
1788814036.6152,940043,V,551,484,-1
1788814036.6633,940057,V,550,483,10803
1788814036.6634,940065,V,549,483,-1
1788814036.6634,940073,V,549,483,-1
1788814036.6634,940081,V,549,483,-1
1788814036.6634,940089,V,549,483,-1
1788814036.6634,940097,V,550,483,-1
1788814036.7123,940110,V,549,483,10804
1788814036.7123,940118,V,549,483,-1
1788814036.7123,940126,V,549,483,-1
1788814036.7123,940134,V,550,483,-1
1788814036.7123,940142,V,549,483,-1
1788814036.7123,940150,V,549,483,-1
1788814036.7611,940164,V,548,482,10805
1788814036.7611,940172,V,548,482,-1
1788814036.7611,940180,V,549,483,-1
1788814036.7611,940188,V,549,483,-1
1788814036.7612,940196,V,549,483,-1
1788814036.7612,940204,V,548,482,-1
1788814036.8098,940218,V,548,482,10806
1788814036.8100,940226,V,549,483,-1
1788814036.8100,940234,V,555,488,-1
1788814036.8100,940242,V,550,483,-1
1788814036.8100,940250,V,548,482,-1
1788814036.8100,940258,V,549,483,-1
1788814036.8589,940271,V,551,484,10807
1788814036.8590,940279,V,549,483,-1
1788814036.8590,940287,V,550,483,-1
1788814036.8590,940295,V,549,483,-1
1788814036.8590,940303,V,550,483,-1
1788814036.8590,940311,V,549,483,-1
1788814036.9092,940325,V,549,483,10808
1788814036.9092,940333,V,552,485,-1
1788814036.9092,940341,V,550,483,-1
1788814036.9093,940349,V,549,483,-1
1788814036.9093,940357,V,549,483,-1
1788814036.9093,940365,V,550,483,-1
1788814036.9558,940378,V,550,483,10809
1788814036.9558,940386,V,550,483,-1
1788814036.9558,940394,V,549,483,-1
1788814036.9559,940402,V,548,482,-1
1788814036.9559,940410,V,549,483,-1
1788814036.9559,940418,V,549,483,-1
1788814037.0049,940432,V,569,500,10810
1788814037.0049,940440,V,549,483,-1
1788814037.0049,940448,V,549,483,-1
1788814037.0049,940456,V,549,483,-1
1788814037.0049,940464,V,550,483,-1
1788814037.0049,940472,V,550,483,-1
1788814037.1025,940486,V,548,482,10811
1788814037.1026,940494,V,549,483,-1
1788814037.1026,940502,V,549,483,-1
1788814037.1026,940510,V,549,483,-1
1788814037.1026,940518,V,549,483,-1
1788814037.1026,940526,V,551,484,-1
1788814037.1513,940539,V,550,483,10812
1788814037.1514,940547,V,549,483,-1
1788814037.1514,940555,V,548,482,-1
1788814037.1514,940563,V,548,482,-1
1788814037.1514,940571,V,550,483,-1
1788814037.1514,940579,V,549,483,-1
1788814037.2494,940593,V,548,482,10813
1788814037.2494,940601,V,549,483,-1
1788814037.2495,940609,V,548,482,-1
1788814037.2495,940617,V,550,483,-1
1788814037.2495,940625,V,549,483,-1
1788814037.2495,940633,V,548,482,-1
1788814037.2506,940646,V,549,483,10814
1788814037.2506,940654,V,549,483,-1
1788814037.2506,940662,V,550,483,-1
1788814037.2506,940670,V,549,483,-1
1788814037.2506,940678,V,549,483,-1
1788814037.2506,940686,V,551,484,-1
1788814037.3462,940700,V,549,483,10815
1788814037.3463,940708,V,550,483,-1
1788814037.3463,940716,V,550,483,-1
1788814037.3463,940724,V,549,483,-1
1788814037.3463,940732,V,549,483,-1
1788814037.3464,940740,V,549,483,-1
1788814037.3475,940754,V,551,484,10816
1788814037.3475,940762,V,549,483,-1
1788814037.3475,940770,V,554,487,-1
1788814037.3475,940778,V,550,483,-1
1788814037.3476,940786,V,549,483,-1
1788814037.3476,940794,V,549,483,-1
1788814037.3951,940807,V,549,483,10817
1788814037.3951,940815,V,549,483,-1
1788814037.3951,940823,V,549,483,-1
1788814037.3951,940831,V,550,483,-1
1788814037.3951,940839,V,550,483,-1
1788814037.3951,940847,V,549,483,-1
1788814037.4438,940861,V,549,483,10818
1788814037.4438,940869,V,552,485,-1
1788814037.4438,940877,V,550,483,-1
1788814037.4438,940885,V,549,483,-1
1788814037.4438,940893,V,549,483,-1
1788814037.4439,940901,V,549,483,-1
1788814037.4921,940915,V,550,483,10819
1788814037.4921,940923,V,549,483,-1
1788814037.4921,940931,V,550,483,-1
1788814037.4921,940939,V,550,483,-1
1788814037.4921,940947,V,550,483,-1
1788814037.4921,940955,V,550,483,-1
1788814037.5411,940968,V,569,500,10820
1788814037.5411,940976,V,550,483,-1
1788814037.5411,940984,V,549,483,-1
1788814037.5411,940992,V,549,483,-1
1788814037.5411,941000,V,549,483,-1
1788814037.5411,941008,V,548,482,-1
1788814037.6386,941022,V,549,483,10821
1788814037.6388,941030,V,549,483,-1
1788814037.6388,941038,V,549,483,-1
1788814037.6388,941046,V,549,483,-1
1788814037.6388,941054,V,549,483,-1
1788814037.6388,941062,V,552,485,-1
1788814037.6874,941075,V,549,483,10822
1788814037.6874,941083,V,549,483,-1
1788814037.6874,941091,V,548,482,-1
1788814037.6874,941099,V,548,482,-1
1788814037.6874,941107,V,548,482,-1
1788814037.6874,941115,V,550,483,-1
1788814037.7362,941129,V,549,483,10823
1788814037.7362,941137,V,549,483,-1
1788814037.7362,941145,V,549,483,-1
1788814037.7362,941153,V,549,483,-1
1788814037.7363,941161,V,550,483,-1
1788814037.7363,941169,V,548,482,-1
1788814037.8342,941183,V,550,483,10824
1788814037.8342,941191,V,550,483,-1
1788814037.8342,941199,V,549,483,-1
1788814037.8342,941207,V,549,483,-1
1788814037.8342,941215,V,549,483,-1
1788814037.8343,941223,V,549,483,-1
1788814037.8356,941236,V,550,483,10825
1788814037.8356,941244,V,549,483,-1
1788814037.8356,941252,V,549,483,-1
1788814037.8356,941260,V,548,482,-1
1788814037.8356,941268,V,550,483,-1
1788814037.8357,941276,V,550,483,-1
1788814037.8839,941290,V,550,483,10826
1788814037.8840,941298,V,550,483,-1
1788814037.8840,941306,V,553,486,-1
1788814037.8840,941314,V,550,483,-1
1788814037.8840,941322,V,551,484,-1
1788814037.8840,941330,V,550,483,-1
1788814037.9321,941344,V,550,483,10827
1788814037.9321,941352,V,549,483,-1
1788814037.9321,941360,V,549,483,-1
1788814037.9321,941368,V,550,483,-1
1788814037.9321,941376,V,550,483,-1
1788814037.9321,941384,V,549,483,-1
1788814037.9799,941397,V,549,483,10828
1788814037.9800,941405,V,552,485,-1
1788814037.9800,941413,V,549,483,-1
1788814037.9800,941421,V,549,483,-1
1788814037.9800,941429,V,549,483,-1
1788814037.9800,941437,V,549,483,-1
1788814038.0287,941451,V,548,482,10829
1788814038.0287,941459,V,548,482,-1
1788814038.0287,941467,V,548,482,-1
1788814038.0287,941475,V,547,481,-1
1788814038.0287,941483,V,549,483,-1
1788814038.0287,941491,V,549,483,-1
1788814038.0773,941505,V,568,499,10830
1788814038.0773,941513,V,549,483,-1
1788814038.0773,941521,V,548,482,-1
1788814038.0773,941529,V,549,483,-1
1788814038.0773,941537,V,548,482,-1
1788814038.0773,941545,V,550,483,-1
1788814038.1747,941558,V,550,483,10831
1788814038.1748,941566,V,550,483,-1
1788814038.1748,941574,V,549,483,-1
1788814038.1748,941582,V,549,483,-1
1788814038.1748,941590,V,549,483,-1
1788814038.1748,941598,V,551,484,-1
1788814038.2238,941612,V,548,482,10832
1788814038.2239,941620,V,549,483,-1
1788814038.2239,941628,V,549,483,-1
1788814038.2239,941636,V,550,483,-1
1788814038.2239,941644,V,549,483,-1
1788814038.2239,941652,V,549,483,-1
1788814038.3220,941665,V,550,483,10833
1788814038.3220,941673,V,550,483,-1
1788814038.3220,941681,V,549,483,-1
1788814038.3220,941689,V,549,483,-1
1788814038.3220,941697,V,548,482,-1
1788814038.3220,941705,V,548,482,-1
1788814038.3242,941719,V,549,483,10834
1788814038.3242,941727,V,548,482,-1
1788814038.3243,941735,V,550,483,-1
1788814038.3243,941743,V,551,484,-1
1788814038.3243,941751,V,549,483,-1
1788814038.3243,941759,V,549,483,-1
1788814038.3710,941773,V,549,483,10835
1788814038.3710,941781,V,550,483,-1
1788814038.3711,941789,V,551,484,-1
1788814038.3711,941797,V,551,484,-1
1788814038.3711,941805,V,550,483,-1
1788814038.3711,941813,V,549,483,-1
1788814038.4197,941826,V,549,483,10836
1788814038.4198,941834,V,549,483,-1
1788814038.4198,941842,V,554,487,-1
1788814038.4198,941850,V,549,483,-1
1788814038.4198,941858,V,550,483,-1
1788814038.4198,941866,V,550,483,-1
1788814038.5162,941880,V,549,483,10837
1788814038.5162,941888,V,550,483,-1
1788814038.5162,941896,V,549,483,-1
1788814038.5162,941904,V,550,483,-1
1788814038.5162,941912,V,549,483,-1
1788814038.5162,941920,V,549,483,-1
1788814038.5173,941933,V,549,483,10838
1788814038.5173,941941,V,550,483,-1
1788814038.5173,941949,V,548,482,-1
1788814038.5173,941957,V,549,483,-1
1788814038.5173,941965,V,551,484,-1
1788814038.5173,941973,V,548,482,-1
1788814038.5657,941987,V,549,483,10839
1788814038.5657,941995,V,549,483,-1
1788814038.5657,942003,V,549,483,-1
1788814038.5657,942011,V,548,482,-1
1788814038.5657,942019,V,548,482,-1
1788814038.5657,942027,V,548,482,-1
1788814038.6135,942041,V,568,499,10840
1788814038.6135,942049,V,550,483,-1
1788814038.6135,942057,V,550,483,-1
1788814038.6135,942065,V,549,483,-1
1788814038.6135,942073,V,549,483,-1
1788814038.6135,942081,V,549,483,-1
1788814038.7600,942094,V,548,482,10841
1788814038.7602,942102,V,549,483,-1
1788814038.7602,942110,V,550,483,-1
1788814038.7602,942118,V,550,483,-1
1788814038.7602,942126,V,548,482,-1
1788814038.7602,942134,V,551,484,-1
1788814038.7616,942148,V,549,483,10842
1788814038.7616,942156,V,549,483,-1
1788814038.7616,942164,V,549,483,-1
1788814038.7616,942172,V,549,483,-1
1788814038.7617,942180,V,549,483,-1
1788814038.7617,942188,V,550,483,-1
1788814038.8098,942202,V,550,483,10843
1788814038.8099,942210,V,550,483,-1
1788814038.8100,942218,V,550,483,-1
1788814038.8100,942226,V,550,483,-1
1788814038.8100,942234,V,551,484,-1
1788814038.8100,942242,V,550,483,-1
1788814038.8587,942255,V,551,484,10844
1788814038.8587,942263,V,551,484,-1
1788814038.8587,942271,V,549,483,-1
1788814038.8587,942279,V,549,483,-1
1788814038.8587,942287,V,549,483,-1
1788814038.8587,942295,V,550,483,-1
1788814038.9100,942309,V,550,483,10845
1788814038.9100,942317,V,550,483,-1
1788814038.9100,942325,V,549,483,-1
1788814038.9100,942333,V,550,483,-1
1788814038.9101,942341,V,550,483,-1
1788814038.9101,942349,V,549,483,-1
1788814038.9550,942362,V,549,483,10846
1788814038.9551,942370,V,548,482,-1
1788814038.9551,942378,V,553,486,-1
1788814038.9551,942386,V,549,483,-1
1788814038.9551,942394,V,549,483,-1
1788814038.9551,942402,V,550,483,-1
1788814039.0036,942416,V,549,483,10847
1788814039.0037,942424,V,549,483,-1
1788814039.0037,942432,V,549,483,-1
1788814039.0037,942440,V,549,483,-1
1788814039.0037,942448,V,549,483,-1
1788814039.0037,942456,V,549,483,-1
1788814039.0528,942470,V,549,483,10848
1788814039.0528,942478,V,550,483,-1
1788814039.0529,942486,V,549,483,-1
1788814039.0529,942494,V,550,483,-1
1788814039.0529,942502,V,551,484,-1
1788814039.0529,942510,V,549,483,-1
1788814039.1021,942523,V,550,483,10849
1788814039.1021,942531,V,549,483,-1
1788814039.1021,942539,V,549,483,-1
1788814039.1021,942547,V,550,483,-1
1788814039.1022,942555,V,549,483,-1
1788814039.1022,942563,V,549,483,-1
1788814039.1498,942577,V,564,496,10850
1788814039.1499,942585,V,549,483,-1
1788814039.1499,942593,V,549,483,-1
1788814039.1499,942601,V,549,483,-1
1788814039.1499,942609,V,549,483,-1
1788814039.1499,942617,V,550,483,-1
1788814039.2484,942630,V,550,483,10851
1788814039.2485,942638,V,550,483,-1
1788814039.2486,942646,V,549,483,-1
1788814039.2486,942654,V,549,483,-1
1788814039.2486,942662,V,550,483,-1
1788814039.2486,942670,V,551,484,-1
1788814039.2966,942684,V,550,483,10852
1788814039.2966,942692,V,549,483,-1
1788814039.2966,942700,V,549,483,-1
1788814039.2966,942708,V,550,483,-1
1788814039.2966,942716,V,549,483,-1
1788814039.2966,942724,V,549,483,-1
1788814039.3458,942738,V,550,483,10853
1788814039.3459,942746,V,549,483,-1
1788814039.3459,942754,V,549,483,-1
1788814039.3459,942762,V,550,483,-1
1788814039.3459,942770,V,549,483,-1
1788814039.3459,942778,V,550,483,-1
1788814039.3934,942791,V,551,484,10854
1788814039.3934,942799,V,550,483,-1
1788814039.3934,942807,V,549,483,-1
1788814039.3934,942815,V,548,482,-1
1788814039.3934,942823,V,549,483,-1
1788814039.3935,942831,V,549,483,-1
1788814039.4424,942845,V,549,483,10855
1788814039.4424,942853,V,549,483,-1
1788814039.4424,942861,V,548,482,-1
1788814039.4424,942869,V,549,483,-1
1788814039.4424,942877,V,549,483,-1
1788814039.4424,942885,V,549,483,-1
1788814039.4911,942899,V,548,482,10856
1788814039.4912,942907,V,549,483,-1
1788814039.4912,942915,V,553,486,-1
1788814039.4912,942923,V,550,483,-1
1788814039.4912,942931,V,549,483,-1
1788814039.4912,942939,V,549,483,-1
1788814039.5404,942952,V,548,482,10857
1788814039.5405,942960,V,550,483,-1
1788814039.5405,942968,V,549,483,-1
1788814039.5405,942976,V,550,483,-1
1788814039.5405,942984,V,549,483,-1
1788814039.5405,942992,V,550,483,-1
1788814039.5897,943006,V,549,483,10858
1788814039.5897,943014,V,551,484,-1
1788814039.5897,943022,V,550,483,-1
1788814039.5897,943030,V,550,483,-1
1788814039.5897,943038,V,550,483,-1
1788814039.5897,943046,V,550,483,-1
1788814039.6373,943060,V,549,483,10859
1788814039.6374,943068,V,548,482,-1
1788814039.6374,943076,V,550,483,-1
1788814039.6374,943084,V,548,482,-1
1788814039.6374,943092,V,549,483,-1
1788814039.6374,943100,V,549,483,-1
1788814039.6858,943113,V,569,500,10860
1788814039.6858,943121,V,549,483,-1
1788814039.6858,943129,V,550,483,-1
1788814039.6858,943137,V,550,483,-1
1788814039.6858,943145,V,550,483,-1
1788814039.6858,943153,V,550,483,-1
1788814039.7836,943167,V,550,483,10861
1788814039.7837,943175,V,549,483,-1
1788814039.7837,943183,V,550,483,-1
1788814039.7837,943191,V,550,483,-1
1788814039.7837,943199,V,549,483,-1
1788814039.7837,943207,V,551,484,-1
1788814039.8327,943220,V,550,483,10862
1788814039.8328,943228,V,550,483,-1
1788814039.8328,943236,V,549,483,-1
1788814039.8328,943244,V,550,483,-1
1788814039.8328,943252,V,550,483,-1
1788814039.8328,943260,V,549,483,-1
1788814039.8813,943274,V,548,482,10863
1788814039.8814,943282,V,550,483,-1
1788814039.8814,943290,V,549,483,-1
1788814039.8814,943298,V,549,483,-1
1788814039.8814,943306,V,548,482,-1
1788814039.8814,943314,V,549,483,-1
1788814039.9315,943328,V,548,482,10864
1788814039.9315,943336,V,550,483,-1
1788814039.9315,943344,V,549,483,-1
1788814039.9315,943352,V,549,483,-1
1788814039.9315,943360,V,550,483,-1
1788814039.9315,943368,V,549,483,-1
1788814039.9792,943381,V,550,483,10865
1788814039.9792,943389,V,549,483,-1
1788814039.9792,943397,V,550,483,-1
1788814039.9792,943405,V,550,483,-1
1788814039.9792,943413,V,549,483,-1
1788814039.9792,943421,V,549,483,-1
1788814040.0283,943435,V,550,483,10866
1788814040.0284,943443,V,551,484,-1
1788814040.0285,943451,V,553,486,-1
1788814040.0285,943459,V,550,483,-1
1788814040.0285,943467,V,549,483,-1
1788814040.0285,943475,V,550,483,-1
1788814040.0765,943489,V,550,483,10867
1788814040.0766,943497,V,550,483,-1
1788814040.0766,943505,V,549,483,-1
1788814040.0766,943513,V,549,483,-1
1788814040.0766,943521,V,550,483,-1
1788814040.0766,943529,V,551,484,-1
1788814040.1250,943542,V,550,483,10868
1788814040.1250,943550,V,551,484,-1
1788814040.1250,943558,V,551,484,-1
1788814040.1250,943566,V,550,483,-1
1788814040.1250,943574,V,550,483,-1
1788814040.1250,943582,V,550,483,-1
1788814040.1736,943596,V,551,484,10869
1788814040.1736,943604,V,550,483,-1
1788814040.1736,943612,V,550,483,-1
1788814040.1737,943620,V,550,483,-1
1788814040.1737,943628,V,550,483,-1
1788814040.1737,943636,V,550,483,-1
1788814040.2357,943649,V,569,500,10870
1788814040.2359,943657,V,551,484,-1
1788814040.2359,943665,V,550,483,-1
1788814040.2359,943673,V,551,484,-1
1788814040.2359,943681,V,551,484,-1
1788814040.2359,943689,V,551,484,-1
1788814040.3223,943703,V,550,483,10871
1788814040.3223,943711,V,550,483,-1
1788814040.3223,943719,V,550,483,-1
1788814040.3223,943727,V,550,483,-1
1788814040.3223,943735,V,550,483,-1
1788814040.3223,943743,V,553,486,-1
1788814040.3687,943757,V,549,483,10872
1788814040.3687,943765,V,550,483,-1
1788814040.3687,943773,V,550,483,-1
1788814040.3687,943781,V,550,483,-1
1788814040.3687,943789,V,549,483,-1
1788814040.3687,943797,V,549,483,-1
1788814040.4174,943810,V,549,483,10873
1788814040.4174,943818,V,549,483,-1
1788814040.4174,943826,V,550,483,-1
1788814040.4174,943834,V,549,483,-1
1788814040.4174,943842,V,549,483,-1
1788814040.4174,943850,V,549,483,-1
1788814040.4671,943864,V,549,483,10874
1788814040.4672,943872,V,549,483,-1
1788814040.4672,943880,V,549,483,-1
1788814040.4672,943888,V,550,483,-1
1788814040.4672,943896,V,549,483,-1
1788814040.4672,943904,V,549,483,-1
1788814040.5157,943917,V,550,483,10875
1788814040.5157,943925,V,549,483,-1
1788814040.5157,943933,V,548,482,-1
1788814040.5157,943941,V,549,483,-1
1788814040.5157,943949,V,550,483,-1
1788814040.5157,943957,V,550,483,-1
1788814040.5634,943971,V,549,483,10876
1788814040.5634,943979,V,548,482,-1
1788814040.5634,943987,V,553,486,-1
1788814040.5634,943995,V,549,483,-1
1788814040.5634,944003,V,549,483,-1
1788814040.5634,944011,V,549,483,-1
1788814040.6122,944025,V,550,483,10877
1788814040.6122,944033,V,550,483,-1
1788814040.6122,944041,V,549,483,-1
1788814040.6122,944049,V,549,483,-1
1788814040.6122,944057,V,549,483,-1
1788814040.6122,944065,V,549,483,-1
1788814040.6610,944078,V,550,483,10878
1788814040.6610,944086,V,552,485,-1
1788814040.6610,944094,V,549,483,-1
1788814040.6610,944102,V,549,483,-1
1788814040.6610,944110,V,549,483,-1
1788814040.6610,944118,V,549,483,-1
1788814040.7101,944132,V,550,483,10879
1788814040.7102,944140,V,549,483,-1
1788814040.7102,944148,V,549,483,-1
1788814040.7102,944156,V,550,483,-1
1788814040.7102,944164,V,551,484,-1
1788814040.7102,944172,V,548,482,-1
1788814040.7591,944186,V,567,498,10880
1788814040.7592,944194,V,549,483,-1
1788814040.7592,944202,V,548,482,-1
1788814040.7592,944210,V,549,483,-1
1788814040.7592,944218,V,548,482,-1
1788814040.7592,944226,V,548,482,-1
1788814040.8569,944239,V,548,482,10881
1788814040.8569,944247,V,548,482,-1
1788814040.8569,944255,V,549,483,-1
1788814040.8569,944263,V,549,483,-1
1788814040.8569,944271,V,549,483,-1
1788814040.8569,944279,V,551,484,-1
1788814040.9050,944293,V,549,483,10882
1788814040.9050,944301,V,548,482,-1
1788814040.9050,944309,V,548,482,-1
1788814040.9050,944317,V,549,483,-1
1788814040.9051,944325,V,549,483,-1
1788814040.9051,944333,V,548,482,-1
1788814040.9538,944346,V,550,483,10883
1788814040.9539,944354,V,549,483,-1
1788814040.9539,944362,V,550,483,-1
1788814040.9539,944370,V,550,483,-1
1788814040.9539,944378,V,550,483,-1
1788814040.9539,944386,V,549,483,-1
1788814041.0028,944400,V,549,483,10884
1788814041.0028,944408,V,550,483,-1
1788814041.0029,944416,V,550,483,-1
1788814041.0029,944424,V,549,483,-1
1788814041.0029,944432,V,548,482,-1
1788814041.0029,944440,V,549,483,-1
1788814041.0515,944454,V,550,483,10885
1788814041.0515,944462,V,551,484,-1
1788814041.0515,944470,V,549,483,-1
1788814041.0515,944478,V,550,483,-1
1788814041.0515,944486,V,551,484,-1
1788814041.0515,944494,V,550,483,-1
1788814041.1000,944507,V,550,483,10886
1788814041.1000,944515,V,550,483,-1
1788814041.1000,944523,V,553,486,-1
1788814041.1001,944531,V,550,483,-1
1788814041.1001,944539,V,550,483,-1
1788814041.1001,944547,V,550,483,-1
1788814041.1486,944561,V,551,484,10887
1788814041.1487,944569,V,551,484,-1
1788814041.1487,944577,V,549,483,-1
1788814041.1487,944585,V,550,483,-1
1788814041.1487,944593,V,551,484,-1
1788814041.1487,944601,V,549,483,-1
1788814041.1975,944614,V,551,484,10888
1788814041.1977,944622,V,552,485,-1
1788814041.1977,944630,V,549,483,-1
1788814041.1977,944638,V,548,482,-1
1788814041.1977,944646,V,550,483,-1
1788814041.1977,944654,V,550,483,-1
1788814041.2466,944668,V,549,483,10889
1788814041.2466,944676,V,550,483,-1
1788814041.2466,944684,V,549,483,-1
1788814041.2467,944692,V,549,483,-1
1788814041.2467,944700,V,549,483,-1
1788814041.2467,944708,V,549,483,-1
1788814041.2950,944722,V,561,493,10890
1788814041.2951,944730,V,548,482,-1
1788814041.2951,944738,V,549,483,-1
1788814041.2951,944746,V,548,482,-1
1788814041.2951,944754,V,550,483,-1
1788814041.2951,944762,V,549,483,-1
1788814041.3926,944775,V,550,483,10891
1788814041.3926,944783,V,550,483,-1
1788814041.3926,944791,V,549,483,-1
1788814041.3927,944799,V,549,483,-1
1788814041.3927,944807,V,550,483,-1
1788814041.3927,944815,V,551,484,-1
1788814041.4413,944829,V,549,483,10892
1788814041.4415,944837,V,550,483,-1
1788814041.4415,944845,V,550,483,-1
1788814041.4415,944853,V,548,482,-1
1788814041.4415,944861,V,550,483,-1
1788814041.4415,944869,V,551,484,-1
1788814041.4909,944883,V,550,483,10893
1788814041.4910,944891,V,549,483,-1
1788814041.4910,944899,V,550,483,-1
1788814041.4910,944907,V,549,483,-1
1788814041.4910,944915,V,549,483,-1
1788814041.4910,944923,V,550,483,-1
1788814041.5387,944936,V,550,483,10894
1788814041.5388,944944,V,550,483,-1
1788814041.5388,944952,V,548,482,-1
1788814041.5388,944960,V,549,483,-1
1788814041.5388,944968,V,550,483,-1
1788814041.5388,944976,V,550,483,-1
1788814041.5874,944990,V,550,483,10895
1788814041.5875,944998,V,550,483,-1
1788814041.5875,945006,V,551,484,-1
1788814041.5875,945014,V,550,483,-1
1788814041.5875,945022,V,551,484,-1
1788814041.5875,945030,V,550,483,-1
1788814041.6361,945044,V,549,483,10896
1788814041.6362,945052,V,550,483,-1
1788814041.6362,945060,V,556,489,-1
1788814041.6362,945068,V,551,484,-1
1788814041.6362,945076,V,550,483,-1
1788814041.6362,945084,V,550,483,-1
1788814041.6858,945097,V,548,482,10897
1788814041.6859,945105,V,549,483,-1
1788814041.6859,945113,V,549,483,-1
1788814041.6859,945121,V,549,483,-1
1788814041.6859,945129,V,550,483,-1
1788814041.6859,945137,V,549,483,-1
1788814041.7343,945151,V,550,483,10898
1788814041.7344,945159,V,550,483,-1
1788814041.7344,945167,V,549,483,-1
1788814041.7344,945175,V,549,483,-1
1788814041.7344,945183,V,550,483,-1
1788814041.7344,945191,V,549,483,-1
1788814041.7824,945205,V,548,482,10899
1788814041.7824,945213,V,549,483,-1
1788814041.7824,945221,V,548,482,-1
1788814041.7824,945229,V,551,484,-1
1788814041.7824,945237,V,550,483,-1
1788814041.7824,945245,V,550,483,-1
1788814041.8320,945258,V,569,500,10900
1788814041.8320,945266,V,550,483,-1
1788814041.8320,945274,V,550,483,-1
1788814041.8320,945282,V,550,483,-1
1788814041.8320,945290,V,550,483,-1
1788814041.8320,945298,V,550,483,-1
1788814041.9321,945312,V,550,483,10901
1788814041.9322,945320,V,549,483,-1
1788814041.9322,945328,V,550,483,-1
1788814041.9323,945336,V,549,483,-1
1788814041.9323,945344,V,550,483,-1
1788814041.9323,945352,V,551,484,-1
1788814041.9785,945365,V,549,483,10902
1788814041.9785,945373,V,549,483,-1
1788814041.9785,945381,V,549,483,-1
1788814041.9785,945389,V,550,483,-1
1788814041.9785,945397,V,550,483,-1
1788814041.9785,945405,V,550,483,-1
1788814042.0272,945419,V,550,483,10903
1788814042.0272,945427,V,550,483,-1
1788814042.0272,945435,V,550,483,-1
1788814042.0272,945443,V,550,483,-1
1788814042.0272,945451,V,551,484,-1
1788814042.0272,945459,V,550,483,-1
1788814042.0755,945473,V,550,483,10904
1788814042.0755,945481,V,550,483,-1
1788814042.0756,945489,V,551,484,-1
1788814042.0756,945497,V,549,483,-1
1788814042.0756,945505,V,550,483,-1
1788814042.0756,945513,V,550,483,-1
1788814042.1237,945526,V,549,483,10905
1788814042.1237,945534,V,550,483,-1
1788814042.1237,945542,V,550,483,-1
1788814042.1237,945550,V,550,483,-1
1788814042.1237,945558,V,548,482,-1
1788814042.1237,945566,V,550,483,-1
1788814042.1726,945580,V,549,483,10906
1788814042.1727,945588,V,549,483,-1
1788814042.1727,945596,V,553,486,-1
1788814042.1727,945604,V,549,483,-1
1788814042.1727,945612,V,550,483,-1
1788814042.1727,945620,V,549,483,-1
1788814042.2216,945633,V,549,483,10907
1788814042.2216,945641,V,548,482,-1
1788814042.2216,945649,V,549,483,-1
1788814042.2216,945657,V,549,483,-1
1788814042.2216,945665,V,550,483,-1
1788814042.2217,945673,V,549,483,-1
1788814042.2701,945687,V,549,483,10908
1788814042.2701,945695,V,551,484,-1
1788814042.2701,945703,V,549,483,-1
1788814042.2701,945711,V,549,483,-1
1788814042.2701,945719,V,549,483,-1
1788814042.2701,945727,V,549,483,-1
1788814042.3189,945741,V,550,483,10909
1788814042.3189,945749,V,549,483,-1
1788814042.3189,945757,V,549,483,-1
1788814042.3189,945765,V,549,483,-1
1788814042.3189,945773,V,550,483,-1
1788814042.3189,945781,V,550,483,-1
1788814042.3672,945794,V,563,495,10910
1788814042.3673,945802,V,550,483,-1
1788814042.3673,945810,V,548,482,-1
1788814042.3673,945818,V,550,483,-1
1788814042.3673,945826,V,549,483,-1
1788814042.3673,945834,V,549,483,-1
1788814042.4651,945848,V,550,483,10911
1788814042.4652,945856,V,549,483,-1
1788814042.4652,945864,V,550,483,-1
1788814042.4652,945872,V,549,483,-1
1788814042.4652,945880,V,550,483,-1
1788814042.4652,945888,V,551,484,-1
1788814042.5150,945902,V,550,483,10912
1788814042.5151,945910,V,550,483,-1
1788814042.5151,945918,V,550,483,-1
1788814042.5151,945926,V,550,483,-1
1788814042.5151,945934,V,550,483,-1
1788814042.5151,945942,V,550,483,-1
1788814042.5634,945955,V,549,483,10913
1788814042.5634,945963,V,550,483,-1
1788814042.5634,945971,V,550,483,-1
1788814042.5634,945979,V,550,483,-1
1788814042.5634,945987,V,551,484,-1
1788814042.5635,945995,V,550,483,-1
1788814042.6113,946009,V,550,483,10914
1788814042.6113,946017,V,549,483,-1
1788814042.6113,946025,V,549,483,-1
1788814042.6113,946033,V,550,483,-1
1788814042.6113,946041,V,549,483,-1
1788814042.6113,946049,V,550,483,-1
1788814042.6617,946063,V,549,483,10915
1788814042.6617,946071,V,550,483,-1
1788814042.6617,946079,V,550,483,-1
1788814042.6617,946087,V,550,483,-1
1788814042.6617,946095,V,549,483,-1
1788814042.6617,946103,V,549,483,-1
1788814042.7087,946116,V,550,483,10916
1788814042.7088,946124,V,549,483,-1
1788814042.7089,946132,V,553,486,-1
1788814042.7089,946140,V,549,483,-1
1788814042.7089,946148,V,550,483,-1
1788814042.7089,946156,V,550,483,-1
1788814042.7588,946170,V,550,483,10917
1788814042.7588,946178,V,552,485,-1
1788814042.7588,946186,V,549,483,-1
1788814042.7588,946194,V,549,483,-1
1788814042.7588,946202,V,550,483,-1
1788814042.7588,946210,V,551,484,-1
1788814042.8063,946223,V,549,483,10918
1788814042.8063,946231,V,553,486,-1
1788814042.8063,946239,V,551,484,-1
1788814042.8063,946247,V,549,483,-1
1788814042.8063,946255,V,550,483,-1
1788814042.8063,946263,V,549,483,-1
1788814042.8550,946277,V,549,483,10919
1788814042.8551,946285,V,550,483,-1
1788814042.8551,946293,V,550,483,-1
1788814042.8551,946301,V,550,483,-1
1788814042.8551,946309,V,549,483,-1
1788814042.8551,946317,V,548,482,-1
1788814042.9046,946331,V,568,499,10920
1788814042.9046,946339,V,550,483,-1
1788814042.9046,946347,V,551,484,-1
1788814042.9046,946355,V,550,483,-1
1788814042.9046,946363,V,550,483,-1
1788814042.9046,946371,V,550,483,-1
1788814043.0021,946384,V,550,483,10921
1788814043.0022,946392,V,551,484,-1
1788814043.0022,946400,V,551,484,-1
1788814043.0023,946408,V,550,483,-1
1788814043.0023,946416,V,549,483,-1
1788814043.0023,946424,V,553,486,-1
1788814043.0504,946438,V,549,483,10922
1788814043.0505,946446,V,551,484,-1
1788814043.0505,946454,V,550,483,-1
1788814043.0505,946462,V,549,483,-1
1788814043.0505,946470,V,549,483,-1
1788814043.0505,946478,V,549,483,-1
1788814043.0990,946492,V,550,483,10923
1788814043.0990,946500,V,550,483,-1
1788814043.0990,946508,V,549,483,-1
1788814043.0990,946516,V,550,483,-1
1788814043.0991,946524,V,550,483,-1
1788814043.0991,946532,V,550,483,-1
1788814043.1476,946545,V,549,483,10924
1788814043.1477,946553,V,550,483,-1
1788814043.1477,946561,V,550,483,-1
1788814043.1477,946569,V,549,483,-1
1788814043.1477,946577,V,549,483,-1
1788814043.1477,946585,V,550,483,-1
1788814043.1963,946599,V,550,483,10925
1788814043.1963,946607,V,550,483,-1
1788814043.1963,946615,V,550,483,-1
1788814043.1963,946623,V,550,483,-1
1788814043.1964,946631,V,550,483,-1
1788814043.1964,946639,V,549,483,-1
1788814043.2452,946652,V,549,483,10926
1788814043.2453,946660,V,549,483,-1
1788814043.2453,946668,V,552,485,-1
1788814043.2453,946676,V,550,483,-1
1788814043.2453,946684,V,551,484,-1
1788814043.2453,946692,V,550,483,-1
1788814043.2940,946706,V,549,483,10927
1788814043.2940,946714,V,549,483,-1
1788814043.2940,946722,V,551,484,-1
1788814043.2940,946730,V,550,483,-1
1788814043.2940,946738,V,550,483,-1
1788814043.2940,946746,V,551,484,-1
1788814043.3426,946760,V,550,483,10928
1788814043.3426,946768,V,553,486,-1
1788814043.3427,946776,V,550,483,-1
1788814043.3427,946784,V,550,483,-1
1788814043.3427,946792,V,550,483,-1
1788814043.3427,946800,V,550,483,-1
1788814043.3912,946813,V,549,483,10929
1788814043.3912,946821,V,549,483,-1
1788814043.3913,946829,V,550,483,-1
1788814043.3913,946837,V,551,484,-1
1788814043.3913,946845,V,551,484,-1
1788814043.3913,946853,V,551,484,-1
1788814043.4402,946867,V,567,498,10930
1788814043.4402,946875,V,550,483,-1
1788814043.4402,946883,V,550,483,-1
1788814043.4402,946891,V,551,484,-1
1788814043.4402,946899,V,550,483,-1
1788814043.4402,946907,V,549,483,-1
1788814043.5377,946920,V,549,483,10931
1788814043.5378,946928,V,550,483,-1
1788814043.5378,946936,V,549,483,-1
1788814043.5378,946944,V,550,483,-1
1788814043.5378,946952,V,549,483,-1
1788814043.5378,946960,V,551,484,-1
1788814043.6352,946974,V,549,483,10932
1788814043.6352,946982,V,550,483,-1
1788814043.6352,946990,V,551,484,-1
1788814043.6353,946998,V,550,483,-1
1788814043.6353,947006,V,549,483,-1
1788814043.6353,947014,V,550,483,-1
1788814043.6364,947028,V,550,483,10933
1788814043.6364,947036,V,550,483,-1
1788814043.6364,947044,V,550,483,-1
1788814043.6364,947052,V,550,483,-1
1788814043.6364,947060,V,551,484,-1
1788814043.6364,947068,V,550,483,-1
1788814043.6837,947081,V,550,483,10934
1788814043.6838,947089,V,551,484,-1
1788814043.6838,947097,V,551,484,-1
1788814043.6838,947105,V,551,484,-1
1788814043.6838,947113,V,549,483,-1
1788814043.6838,947121,V,550,483,-1
1788814043.7324,947135,V,550,483,10935
1788814043.7324,947143,V,550,483,-1
1788814043.7325,947151,V,550,483,-1
1788814043.7325,947159,V,550,483,-1
1788814043.7325,947167,V,550,483,-1
1788814043.7325,947175,V,549,483,-1
1788814043.7812,947189,V,550,483,10936
1788814043.7813,947197,V,550,483,-1
1788814043.7813,947205,V,555,488,-1
1788814043.7813,947213,V,550,483,-1
1788814043.7813,947221,V,550,483,-1
1788814043.7813,947229,V,551,484,-1
1788814043.8304,947242,V,550,483,10937
1788814043.8304,947250,V,550,483,-1
1788814043.8305,947258,V,549,483,-1
1788814043.8305,947266,V,550,483,-1
1788814043.8305,947274,V,550,483,-1
1788814043.8305,947282,V,551,484,-1
1788814043.8788,947296,V,550,483,10938
1788814043.8788,947304,V,552,485,-1
1788814043.8788,947312,V,551,484,-1
1788814043.8788,947320,V,551,484,-1
1788814043.8789,947328,V,550,483,-1
1788814043.8789,947336,V,551,484,-1
1788814043.9290,947350,V,550,483,10939
1788814043.9291,947358,V,550,483,-1
1788814043.9291,947366,V,550,483,-1
1788814043.9291,947374,V,549,483,-1
1788814043.9291,947382,V,549,483,-1
1788814043.9291,947390,V,549,483,-1
1788814043.9762,947403,V,569,500,10940
1788814043.9763,947411,V,551,484,-1
1788814043.9763,947419,V,550,483,-1
1788814043.9763,947427,V,549,483,-1
1788814043.9763,947435,V,549,483,-1
1788814043.9763,947443,V,549,483,-1
1788814044.0740,947457,V,549,483,10941
1788814044.0741,947465,V,550,483,-1
1788814044.0741,947473,V,549,483,-1
1788814044.0741,947481,V,549,483,-1
1788814044.0741,947489,V,550,483,-1
1788814044.0741,947497,V,550,483,-1
1788814044.1231,947510,V,548,482,10942
1788814044.1231,947518,V,550,483,-1
1788814044.1231,947526,V,550,483,-1
1788814044.1231,947534,V,550,483,-1
1788814044.1231,947542,V,551,484,-1
1788814044.1231,947550,V,550,483,-1
1788814044.1713,947564,V,550,483,10943
1788814044.1714,947572,V,550,483,-1
1788814044.1715,947580,V,550,483,-1
1788814044.1715,947588,V,550,483,-1
1788814044.1715,947596,V,550,483,-1
1788814044.1715,947604,V,550,483,-1
1788814044.2203,947618,V,550,483,10944
1788814044.2203,947626,V,550,483,-1
1788814044.2203,947634,V,550,483,-1
1788814044.2203,947642,V,550,483,-1
1788814044.2203,947650,V,550,483,-1
1788814044.2203,947658,V,551,484,-1
1788814044.2692,947671,V,550,483,10945
1788814044.2693,947679,V,549,483,-1
1788814044.2693,947687,V,551,484,-1
1788814044.2693,947695,V,551,484,-1
1788814044.2693,947703,V,550,483,-1
1788814044.2693,947711,V,550,483,-1
1788814044.3177,947725,V,551,484,10946
1788814044.3179,947733,V,550,483,-1
1788814044.3179,947741,V,553,486,-1
1788814044.3179,947749,V,551,484,-1
1788814044.3179,947757,V,550,483,-1
1788814044.3179,947765,V,550,483,-1
1788814044.3667,947778,V,552,485,10947
1788814044.3668,947786,V,550,483,-1
1788814044.3668,947794,V,550,483,-1
1788814044.3668,947802,V,550,483,-1
1788814044.3668,947810,V,551,484,-1
1788814044.3668,947818,V,549,483,-1
1788814044.4151,947832,V,549,483,10948
1788814044.4151,947840,V,553,486,-1
1788814044.4151,947848,V,549,483,-1
1788814044.4152,947856,V,549,483,-1
1788814044.4152,947864,V,550,483,-1
1788814044.4152,947872,V,550,483,-1
1788814044.4635,947886,V,549,483,10949
1788814044.4635,947894,V,550,483,-1
1788814044.4635,947902,V,549,483,-1
1788814044.4635,947910,V,550,483,-1
1788814044.4635,947918,V,550,483,-1
1788814044.4635,947926,V,550,483,-1
1788814044.5129,947939,V,562,494,10950
1788814044.5129,947947,V,549,483,-1
1788814044.5130,947955,V,548,482,-1
1788814044.5130,947963,V,549,483,-1
1788814044.5130,947971,V,549,483,-1
1788814044.5130,947979,V,550,483,-1
1788814044.6104,947993,V,549,483,10951
1788814044.6105,948001,V,550,483,-1
1788814044.6106,948009,V,549,483,-1
1788814044.6106,948017,V,551,484,-1
1788814044.6106,948025,V,551,484,-1
1788814044.6106,948033,V,553,486,-1
1788814044.6593,948047,V,551,484,10952
1788814044.6593,948055,V,550,483,-1
1788814044.6593,948063,V,549,483,-1
1788814044.6593,948071,V,550,483,-1
1788814044.6593,948079,V,550,483,-1
1788814044.6593,948087,V,549,483,-1
1788814044.7077,948100,V,550,483,10953
1788814044.7077,948108,V,550,483,-1
1788814044.7077,948116,V,551,484,-1
1788814044.7077,948124,V,552,485,-1
1788814044.7077,948132,V,550,483,-1
1788814044.7077,948140,V,550,483,-1
1788814044.7579,948154,V,550,483,10954
1788814044.7580,948162,V,551,484,-1
1788814044.7580,948170,V,549,483,-1
1788814044.7580,948178,V,550,483,-1
1788814044.7580,948186,V,550,483,-1
1788814044.7580,948194,V,550,483,-1
1788814044.8051,948208,V,549,483,10955
1788814044.8051,948216,V,549,483,-1
1788814044.8051,948224,V,551,484,-1
1788814044.8052,948232,V,550,483,-1
1788814044.8052,948240,V,550,483,-1
1788814044.8052,948248,V,551,484,-1
1788814044.8539,948261,V,550,483,10956
1788814044.8541,948269,V,549,483,-1
1788814044.8541,948277,V,555,488,-1
1788814044.8541,948285,V,550,483,-1
1788814044.8541,948293,V,548,482,-1
1788814044.8541,948301,V,549,483,-1
1788814044.9029,948315,V,550,483,10957
1788814044.9030,948323,V,549,483,-1
1788814044.9030,948331,V,549,483,-1
1788814044.9030,948339,V,549,483,-1
1788814044.9030,948347,V,549,483,-1
1788814044.9030,948355,V,550,483,-1
1788814044.9532,948368,V,549,483,10958
1788814044.9532,948376,V,551,484,-1
1788814044.9532,948384,V,549,483,-1
1788814044.9532,948392,V,550,483,-1
1788814044.9532,948400,V,549,483,-1
1788814044.9532,948408,V,550,483,-1
1788814045.0000,948422,V,550,483,10959
1788814045.0000,948430,V,551,484,-1
1788814045.0000,948438,V,550,483,-1
1788814045.0000,948446,V,549,483,-1
1788814045.0000,948454,V,550,483,-1
1788814045.0000,948462,V,550,483,-1
1788814045.0984,948476,V,569,500,10960
1788814045.0985,948484,V,549,483,-1
1788814045.0985,948492,V,550,483,-1
1788814045.0985,948500,V,548,482,-1
1788814045.0985,948508,V,550,483,-1
1788814045.0985,948516,V,549,483,-1
1788814045.1473,948529,V,550,483,10961
1788814045.1473,948537,V,550,483,-1
1788814045.1473,948545,V,550,483,-1
1788814045.1473,948553,V,549,483,-1
1788814045.1473,948561,V,551,484,-1
1788814045.1473,948569,V,553,486,-1
1788814045.1950,948583,V,551,484,10962
1788814045.1950,948591,V,550,483,-1
1788814045.1951,948599,V,551,484,-1
1788814045.1951,948607,V,550,483,-1
1788814045.1951,948615,V,550,483,-1
1788814045.1951,948623,V,551,484,-1
1788814045.2930,948637,V,551,484,10963
1788814045.2930,948645,V,551,484,-1
1788814045.2930,948653,V,551,484,-1
1788814045.2930,948661,V,550,483,-1
1788814045.2930,948669,V,550,483,-1
1788814045.2930,948677,V,550,483,-1
1788814045.2949,948690,V,549,483,10964
1788814045.2949,948698,V,550,483,-1
1788814045.2949,948706,V,550,483,-1
1788814045.2949,948714,V,549,483,-1
1788814045.2949,948722,V,551,484,-1
1788814045.2949,948730,V,549,483,-1
1788814045.3415,948744,V,548,482,10965
1788814045.3416,948752,V,550,483,-1
1788814045.3416,948760,V,549,483,-1
1788814045.3416,948768,V,550,483,-1
1788814045.3416,948776,V,550,483,-1
1788814045.3417,948784,V,549,483,-1
1788814045.3910,948797,V,549,483,10966
1788814045.3910,948805,V,550,483,-1
1788814045.3910,948813,V,555,488,-1
1788814045.3910,948821,V,549,483,-1
1788814045.3910,948829,V,549,483,-1
1788814045.3910,948837,V,550,483,-1
1788814045.4388,948851,V,549,483,10967
1788814045.4388,948859,V,549,483,-1
1788814045.4389,948867,V,550,483,-1
1788814045.4389,948875,V,550,483,-1
1788814045.4389,948883,V,549,483,-1
1788814045.4389,948891,V,551,484,-1
1788814045.4875,948905,V,549,483,10968
1788814045.4876,948913,V,552,485,-1
1788814045.4876,948921,V,549,483,-1
1788814045.4876,948929,V,549,483,-1
1788814045.4876,948937,V,550,483,-1
1788814045.4876,948945,V,550,483,-1
1788814045.5363,948958,V,550,483,10969
1788814045.5363,948966,V,550,483,-1
1788814045.5363,948974,V,550,483,-1
1788814045.5363,948982,V,549,483,-1
1788814045.5363,948990,V,549,483,-1
1788814045.5363,948998,V,551,484,-1
1788814045.5848,949012,V,570,501,10970
1788814045.5849,949020,V,550,483,-1
1788814045.5849,949028,V,550,483,-1
1788814045.5849,949036,V,550,483,-1
1788814045.5849,949044,V,549,483,-1
1788814045.5849,949052,V,549,483,-1
1788814045.6823,949066,V,550,483,10971
1788814045.6823,949074,V,552,485,-1
1788814045.6823,949082,V,550,483,-1
1788814045.6823,949090,V,551,484,-1
1788814045.6823,949098,V,549,483,-1
1788814045.6823,949106,V,550,483,-1
1788814045.7316,949119,V,549,483,10972
1788814045.7316,949127,V,550,483,-1
1788814045.7316,949135,V,550,483,-1
1788814045.7316,949143,V,550,483,-1
1788814045.7316,949151,V,551,484,-1
1788814045.7316,949159,V,551,484,-1
1788814045.7802,949173,V,550,483,10973
1788814045.7802,949181,V,549,483,-1
1788814045.7802,949189,V,547,481,-1
1788814045.7802,949197,V,548,482,-1
1788814045.7802,949205,V,549,483,-1
1788814045.7802,949213,V,550,483,-1
1788814045.8289,949227,V,549,483,10974
1788814045.8290,949235,V,548,482,-1
1788814045.8290,949243,V,548,482,-1
1788814045.8290,949251,V,548,482,-1
1788814045.8291,949259,V,548,482,-1
1788814045.8291,949267,V,549,483,-1
1788814045.8779,949280,V,548,482,10975
1788814045.8780,949288,V,548,482,-1
1788814045.8780,949296,V,548,482,-1
1788814045.8780,949304,V,549,483,-1
1788814045.8780,949312,V,549,483,-1
1788814045.8780,949320,V,549,483,-1
1788814045.9268,949334,V,549,483,10976
1788814045.9268,949342,V,549,483,-1
1788814045.9268,949350,V,554,487,-1
1788814045.9268,949358,V,549,483,-1
1788814045.9269,949366,V,550,483,-1
1788814045.9269,949374,V,549,483,-1
1788814045.9749,949388,V,548,482,10977
1788814045.9749,949396,V,549,483,-1
1788814045.9749,949404,V,549,483,-1
1788814045.9749,949412,V,549,483,-1
1788814045.9749,949420,V,548,482,-1
1788814045.9749,949428,V,549,483,-1
1788814046.0239,949441,V,549,483,10978
1788814046.0239,949449,V,552,485,-1
1788814046.0240,949457,V,549,483,-1
1788814046.0240,949465,V,550,483,-1
1788814046.0240,949473,V,548,482,-1
1788814046.0240,949481,V,549,483,-1
1788814046.0728,949495,V,550,483,10979
1788814046.0730,949503,V,550,483,-1
1788814046.0730,949511,V,549,483,-1
1788814046.0730,949519,V,550,483,-1
1788814046.0730,949527,V,550,483,-1
1788814046.0730,949535,V,549,483,-1
1788814046.1218,949548,V,558,490,10980
1788814046.1218,949556,V,549,483,-1
1788814046.1218,949564,V,550,483,-1
1788814046.1218,949572,V,550,483,-1
1788814046.1218,949580,V,549,483,-1
1788814046.1218,949588,V,550,483,-1
1788814046.2189,949602,V,549,483,10981
1788814046.2189,949610,V,550,483,-1
1788814046.2189,949618,V,549,483,-1
1788814046.2190,949626,V,548,482,-1
1788814046.2190,949634,V,549,483,-1
1788814046.2190,949642,V,550,483,-1
1788814046.2672,949656,V,550,483,10982
1788814046.2672,949664,V,548,482,-1
1788814046.2672,949672,V,549,483,-1
1788814046.2672,949680,V,549,483,-1
1788814046.2672,949688,V,549,483,-1
1788814046.2672,949696,V,549,483,-1
1788814046.3164,949709,V,549,483,10983
1788814046.3165,949717,V,549,483,-1
1788814046.3165,949725,V,549,483,-1
1788814046.3165,949733,V,549,483,-1
1788814046.3165,949741,V,549,483,-1
1788814046.3166,949749,V,549,483,-1
1788814046.3650,949763,V,547,481,10984
1788814046.3650,949771,V,549,483,-1
1788814046.3650,949779,V,548,482,-1
1788814046.3650,949787,V,550,483,-1
1788814046.3650,949795,V,550,483,-1
1788814046.3650,949803,V,549,483,-1
1788814046.4136,949817,V,549,483,10985
1788814046.4137,949825,V,550,483,-1
1788814046.4137,949833,V,549,483,-1
1788814046.4137,949841,V,550,483,-1
1788814046.4137,949849,V,550,483,-1
1788814046.4137,949857,V,548,482,-1
1788814046.4623,949870,V,549,483,10986
1788814046.4623,949878,V,548,482,-1
1788814046.4623,949886,V,553,486,-1
1788814046.4623,949894,V,549,483,-1
1788814046.4623,949902,V,548,482,-1
1788814046.4624,949910,V,548,482,-1
1788814046.5116,949924,V,549,483,10987
1788814046.5116,949932,V,549,483,-1
1788814046.5116,949940,V,548,482,-1
1788814046.5117,949948,V,549,483,-1
1788814046.5117,949956,V,550,483,-1
1788814046.5117,949964,V,550,483,-1
1788814046.5599,949977,V,549,483,10988
1788814046.5600,949985,V,551,484,-1
1788814046.5600,949993,V,548,482,-1
1788814046.5600,950001,V,550,483,-1
1788814046.5600,950009,V,549,483,-1
1788814046.5600,950017,V,551,484,-1
1788814046.6112,950031,V,549,483,10989
1788814046.6112,950039,V,549,483,-1
1788814046.6112,950047,V,549,483,-1
1788814046.6112,950055,V,550,483,-1
1788814046.6112,950063,V,551,484,-1
1788814046.6112,950071,V,551,484,-1
1788814046.6577,950085,V,559,491,10990
1788814046.6577,950093,V,549,483,-1
1788814046.6577,950101,V,549,483,-1
1788814046.6577,950109,V,549,483,-1
1788814046.6577,950117,V,549,483,-1
1788814046.6577,950125,V,549,483,-1
1788814046.7561,950138,V,550,483,10991
1788814046.7561,950146,V,548,482,-1
1788814046.7561,950154,V,549,483,-1
1788814046.7561,950162,V,549,483,-1
1788814046.7561,950170,V,549,483,-1
1788814046.7561,950178,V,549,483,-1
1788814046.8048,950192,V,548,482,10992
1788814046.8049,950200,V,548,482,-1
1788814046.8049,950208,V,549,483,-1
1788814046.8049,950216,V,549,483,-1
1788814046.8049,950224,V,549,483,-1
1788814046.8050,950232,V,547,481,-1
1788814046.8525,950246,V,550,483,10993
1788814046.8525,950254,V,549,483,-1
1788814046.8525,950262,V,549,483,-1
1788814046.8525,950270,V,549,483,-1
1788814046.8525,950278,V,548,482,-1
1788814046.8525,950286,V,549,483,-1
1788814046.9013,950299,V,548,482,10994
1788814046.9013,950307,V,549,483,-1
1788814046.9013,950315,V,550,483,-1
1788814046.9013,950323,V,550,483,-1
1788814046.9013,950331,V,549,483,-1
1788814046.9014,950339,V,549,483,-1
1788814046.9524,950353,V,549,483,10995
1788814046.9524,950361,V,550,483,-1
1788814046.9524,950369,V,548,482,-1
1788814046.9524,950377,V,549,483,-1
1788814046.9524,950385,V,549,483,-1
1788814046.9524,950393,V,549,483,-1
1788814046.9985,950407,V,550,483,10996
1788814046.9985,950415,V,550,483,-1
1788814046.9985,950423,V,553,486,-1
1788814046.9985,950431,V,550,483,-1
1788814046.9985,950439,V,549,483,-1
1788814046.9985,950447,V,549,483,-1
1788814047.0475,950460,V,549,483,10997
1788814047.0476,950468,V,550,483,-1
1788814047.0476,950476,V,549,483,-1
1788814047.0476,950484,V,550,483,-1
1788814047.0476,950492,V,551,484,-1
1788814047.0476,950500,V,550,483,-1
1788814047.0976,950514,V,550,483,10998
1788814047.0977,950522,V,563,495,-1
1788814047.0977,950530,V,551,484,-1
1788814047.0977,950538,V,550,483,-1
1788814047.0977,950546,V,549,483,-1
1788814047.0977,950554,V,548,482,-1
1788814047.1453,950568,V,550,483,10999
1788814047.1453,950576,V,549,483,-1
1788814047.1453,950584,V,549,483,-1
1788814047.1453,950592,V,549,483,-1
1788814047.1453,950600,V,549,483,-1
1788814047.1453,950608,V,549,483,-1
1788814047.1936,950621,V,550,483,11000
1788814047.1936,950629,V,549,483,-1
1788814047.1936,950637,V,549,483,-1
1788814047.1936,950645,V,549,483,-1
1788814047.1936,950653,V,548,482,-1
1788814047.1936,950661,V,547,481,-1
1788814047.2914,950675,V,549,483,11001
1788814047.2915,950683,V,548,482,-1
1788814047.2915,950691,V,548,482,-1
1788814047.2915,950699,V,549,483,-1
1788814047.2915,950707,V,549,483,-1
1788814047.2915,950715,V,549,483,-1
1788814047.3406,950729,V,550,483,11002
1788814047.3406,950737,V,550,483,-1
1788814047.3406,950745,V,549,483,-1
1788814047.3406,950753,V,549,483,-1
1788814047.3406,950761,V,549,483,-1
1788814047.3406,950769,V,549,483,-1
1788814047.4382,950782,V,549,483,11003
1788814047.4382,950790,V,550,483,-1
1788814047.4382,950798,V,550,483,-1
1788814047.4382,950806,V,549,483,-1
1788814047.4382,950814,V,549,483,-1
1788814047.4382,950822,V,549,483,-1
1788814047.4396,950836,V,549,483,11004
1788814047.4396,950844,V,548,482,-1
1788814047.4396,950852,V,549,483,-1
1788814047.4396,950860,V,550,483,-1
1788814047.4396,950868,V,550,483,-1
1788814047.4396,950876,V,550,483,-1
1788814047.4869,950889,V,550,483,11005
1788814047.4869,950897,V,549,483,-1
1788814047.4869,950905,V,550,483,-1
1788814047.4869,950913,V,550,483,-1
1788814047.4869,950921,V,549,483,-1
1788814047.4869,950929,V,549,483,-1
1788814047.5839,950943,V,551,484,11006
1788814047.5840,950951,V,549,483,-1
1788814047.5840,950959,V,553,486,-1
1788814047.5840,950967,V,550,483,-1
1788814047.5840,950975,V,550,483,-1
1788814047.5840,950983,V,550,483,-1
1788814047.5852,950997,V,549,483,11007
1788814047.5852,951005,V,548,482,-1
1788814047.5852,951013,V,549,483,-1
1788814047.5852,951021,V,549,483,-1
1788814047.5852,951029,V,549,483,-1
1788814047.5852,951037,V,549,483,-1
1788814047.6329,951050,V,549,483,11008
1788814047.6330,951058,V,564,496,-1
1788814047.6330,951066,V,549,483,-1
1788814047.6330,951074,V,549,483,-1
1788814047.6330,951082,V,549,483,-1
1788814047.6330,951090,V,549,483,-1
1788814047.6814,951104,V,549,483,11009
1788814047.6815,951112,V,549,483,-1
1788814047.6815,951120,V,549,483,-1
1788814047.6815,951128,V,549,483,-1
1788814047.6815,951136,V,549,483,-1
1788814047.6815,951144,V,550,483,-1
1788814047.7303,951158,V,553,486,11010
1788814047.7303,951166,V,549,483,-1
1788814047.7303,951174,V,548,482,-1
1788814047.7304,951182,V,548,482,-1
1788814047.7304,951190,V,549,483,-1
1788814047.7304,951198,V,550,483,-1
1788814047.8277,951211,V,550,483,11011
1788814047.8278,951219,V,550,483,-1
1788814047.8278,951227,V,550,483,-1
1788814047.8278,951235,V,549,483,-1
1788814047.8278,951243,V,550,483,-1
1788814047.8279,951251,V,549,483,-1
1788814047.9255,951265,V,549,483,11012
1788814047.9255,951273,V,549,483,-1
1788814047.9255,951281,V,550,483,-1
1788814047.9255,951289,V,550,483,-1
1788814047.9255,951297,V,550,483,-1
1788814047.9255,951305,V,550,483,-1
1788814047.9265,951318,V,549,483,11013
1788814047.9265,951326,V,549,483,-1
1788814047.9265,951334,V,550,483,-1
1788814047.9265,951342,V,549,483,-1
1788814047.9265,951350,V,549,483,-1
1788814047.9266,951358,V,549,483,-1
1788814047.9756,951372,V,549,483,11014
1788814047.9757,951380,V,549,483,-1
1788814047.9757,951388,V,550,483,-1
1788814047.9757,951396,V,551,484,-1
1788814047.9757,951404,V,550,483,-1
1788814047.9757,951412,V,550,483,-1
1788814048.0227,951425,V,550,483,11015
1788814048.0227,951433,V,550,483,-1
1788814048.0227,951441,V,550,483,-1
1788814048.0227,951449,V,550,483,-1
1788814048.0227,951457,V,549,483,-1
1788814048.0227,951465,V,548,482,-1
1788814048.1203,951479,V,550,483,11016
1788814048.1205,951487,V,550,483,-1
1788814048.1205,951495,V,555,488,-1
1788814048.1205,951503,V,549,483,-1
1788814048.1205,951511,V,548,482,-1
1788814048.1205,951519,V,549,483,-1
1788814048.1215,951533,V,550,483,11017
1788814048.1216,951541,V,548,482,-1
1788814048.1216,951549,V,549,483,-1
1788814048.1216,951557,V,548,482,-1
1788814048.1216,951565,V,548,482,-1
1788814048.1216,951573,V,550,483,-1
1788814048.2179,951586,V,549,483,11018
1788814048.2180,951594,V,557,490,-1
1788814048.2180,951602,V,548,482,-1
1788814048.2180,951610,V,549,483,-1
1788814048.2180,951618,V,549,483,-1
1788814048.2180,951626,V,548,482,-1
1788814048.2664,951640,V,549,483,11019
1788814048.2665,951648,V,548,482,-1
1788814048.2665,951656,V,549,483,-1
1788814048.2665,951664,V,549,483,-1
1788814048.2665,951672,V,549,483,-1
1788814048.2665,951680,V,548,482,-1
1788814048.2677,951694,V,551,484,11020
1788814048.2677,951702,V,548,482,-1
1788814048.2677,951710,V,549,483,-1
1788814048.2677,951718,V,549,483,-1
1788814048.2677,951726,V,548,482,-1
1788814048.2677,951734,V,549,483,-1
1788814048.3645,951747,V,549,483,11021
1788814048.3647,951755,V,548,482,-1
1788814048.3647,951763,V,549,483,-1
1788814048.3647,951771,V,549,483,-1
1788814048.3647,951779,V,550,483,-1
1788814048.3647,951787,V,550,483,-1
1788814048.4141,951801,V,549,483,11022
1788814048.4141,951809,V,550,483,-1
1788814048.4141,951817,V,551,484,-1
1788814048.4141,951825,V,550,483,-1
1788814048.4141,951833,V,551,484,-1
1788814048.4141,951841,V,550,483,-1
1788814048.4614,951855,V,550,483,11023
1788814048.4614,951863,V,551,484,-1
1788814048.4614,951871,V,551,484,-1
1788814048.4615,951879,V,550,483,-1
1788814048.4615,951887,V,549,483,-1
1788814048.4615,951895,V,549,483,-1
1788814048.5101,951908,V,549,483,11024
1788814048.5101,951916,V,549,483,-1
1788814048.5101,951924,V,549,483,-1
1788814048.5101,951932,V,553,486,-1
1788814048.5101,951940,V,549,483,-1
1788814048.5102,951948,V,573,504,-1
1788814048.5588,951962,V,572,503,11025
1788814048.5588,951970,V,572,503,-1
1788814048.5589,951978,V,572,503,-1
1788814048.5589,951986,V,568,499,-1
1788814048.5589,951994,V,571,502,-1
1788814048.5589,952002,V,561,493,-1
1788814048.6076,952016,V,549,483,11026
1788814048.6077,952024,V,572,503,-1
1788814048.6077,952032,V,551,484,-1
1788814048.6077,952040,V,549,483,-1
1788814048.6077,952048,V,548,482,-1
1788814048.6077,952056,V,548,482,-1
1788814048.7064,952069,V,549,483,11027
1788814048.7064,952077,V,549,483,-1
1788814048.7064,952085,V,549,483,-1
1788814048.7064,952093,V,549,483,-1
1788814048.7064,952101,V,549,483,-1
1788814048.7064,952109,V,548,482,-1
1788814048.7075,952123,V,548,482,11028
1788814048.7075,952131,V,561,493,-1
1788814048.7076,952139,V,549,483,-1
1788814048.7076,952147,V,551,484,-1
1788814048.7076,952155,V,550,483,-1
1788814048.7076,952163,V,550,483,-1
1788814048.7547,952177,V,549,483,11029
1788814048.7547,952185,V,549,483,-1
1788814048.7547,952193,V,550,483,-1
1788814048.7547,952201,V,549,483,-1
1788814048.7548,952209,V,550,483,-1
1788814048.7548,952217,V,549,483,-1
1788814048.8522,952230,V,550,483,11030
1788814048.8523,952238,V,550,483,-1
1788814048.8523,952246,V,550,483,-1
1788814048.8523,952254,V,550,483,-1
1788814048.8524,952262,V,549,483,-1
1788814048.8524,952270,V,549,483,-1
1788814048.9017,952284,V,549,483,11031
1788814048.9017,952292,V,550,483,-1
1788814048.9017,952300,V,549,483,-1
1788814048.9017,952308,V,549,483,-1
1788814048.9017,952316,V,548,482,-1
1788814048.9017,952324,V,550,483,-1
1788814048.9981,952337,V,557,490,11032
1788814048.9981,952345,V,549,483,-1
1788814048.9981,952353,V,549,483,-1
1788814048.9981,952361,V,549,483,-1
1788814048.9981,952369,V,549,483,-1
1788814048.9981,952377,V,549,483,-1
1788814048.9996,952391,V,548,482,11033
1788814048.9996,952399,V,549,483,-1
1788814048.9997,952407,V,548,482,-1
1788814048.9997,952415,V,565,497,-1
1788814048.9997,952423,V,549,483,-1
1788814048.9997,952431,V,549,483,-1
1788814049.0473,952444,V,548,482,11034
1788814049.0473,952452,V,548,482,-1
1788814049.0473,952460,V,549,483,-1
1788814049.0473,952468,V,552,485,-1
1788814049.0473,952476,V,550,483,-1
1788814049.0473,952484,V,549,483,-1
1788814049.0951,952498,V,571,502,11035
1788814049.0952,952506,V,569,500,-1
1788814049.0952,952514,V,569,500,-1
1788814049.0952,952522,V,572,503,-1
1788814049.0952,952530,V,572,503,-1
1788814049.0953,952538,V,555,488,-1
1788814049.2428,952552,V,571,502,11036
1788814049.2428,952560,V,572,503,-1
1788814049.2428,952568,V,574,504,-1
1788814049.2428,952576,V,570,501,-1
1788814049.2428,952584,V,572,503,-1
1788814049.2428,952592,V,573,504,-1
1788814049.2446,952605,V,573,504,11037
1788814049.2446,952613,V,574,504,-1
1788814049.2446,952621,V,571,502,-1
1788814049.2446,952629,V,574,504,-1
1788814049.2446,952637,V,573,504,-1
1788814049.2446,952645,V,573,504,-1
1788814049.2450,952659,V,572,503,11038
1788814049.2450,952667,V,591,519,-1
1788814049.2450,952675,V,549,483,-1
1788814049.2450,952683,V,569,500,-1
1788814049.2450,952691,V,573,504,-1
1788814049.2450,952699,V,551,484,-1
1788814049.2899,952713,V,550,483,11039
1788814049.2899,952721,V,549,483,-1
1788814049.2899,952729,V,549,483,-1
1788814049.2899,952737,V,571,502,-1
1788814049.2899,952745,V,556,489,-1
1788814049.2899,952753,V,549,483,-1
1788814049.3389,952766,V,561,493,11040
1788814049.3390,952774,V,549,483,-1
1788814049.3390,952782,V,549,483,-1
1788814049.3390,952790,V,571,502,-1
1788814049.3390,952798,V,549,483,-1
1788814049.3390,952806,V,572,503,-1
1788814049.4368,952820,V,550,483,11041
1788814049.4368,952828,V,548,482,-1
1788814049.4368,952836,V,537,472,-1
1788814049.4368,952844,V,562,494,-1
1788814049.4368,952852,V,562,494,-1
1788814049.4369,952860,V,542,476,-1
1788814049.4855,952874,V,562,494,11042
1788814049.4855,952882,V,537,472,-1
1788814049.4855,952890,V,536,471,-1
1788814049.4855,952898,V,536,471,-1
1788814049.4855,952906,V,537,472,-1
1788814049.4855,952914,V,537,472,-1
1788814049.5343,952927,V,536,471,11043
1788814049.5343,952935,V,537,472,-1
1788814049.5344,952943,V,537,472,-1
1788814049.5345,952951,V,536,471,-1
1788814049.5345,952959,V,539,474,-1
1788814049.5345,952967,V,536,471,-1
1788814049.5834,952981,V,536,471,11044
1788814049.5836,952989,V,536,471,-1
1788814049.5836,952997,V,537,472,-1
1788814049.5836,953005,V,542,476,-1
1788814049.5836,953013,V,542,476,-1
1788814049.5836,953021,V,536,471,-1
1788814049.6320,953035,V,537,472,11045
1788814049.6320,953043,V,540,475,-1
1788814049.6320,953051,V,561,493,-1
1788814049.6320,953059,V,537,472,-1
1788814049.6320,953067,V,537,472,-1
1788814049.6320,953075,V,536,471,-1
1788814049.6803,953088,V,537,472,11046
1788814049.6803,953096,V,542,476,-1
1788814049.6803,953104,V,538,473,-1
1788814049.6803,953112,V,536,471,-1
1788814049.6803,953120,V,538,473,-1
1788814049.6803,953128,V,537,472,-1
1788814049.7298,953142,V,575,505,11047
1788814049.7299,953150,V,577,507,-1
1788814049.7299,953158,V,575,505,-1
1788814049.7299,953166,V,577,507,-1
1788814049.7299,953174,V,589,518,-1
1788814049.7299,953182,V,575,505,-1
1788814049.7786,953196,V,575,505,11048
1788814049.7786,953204,V,584,513,-1
1788814049.7786,953212,V,577,507,-1
1788814049.7787,953220,V,574,504,-1
1788814049.7787,953228,V,576,506,-1
1788814049.7787,953236,V,575,505,-1
1788814049.8273,953250,V,576,506,11049
1788814049.8274,953258,V,594,522,-1
1788814049.8274,953266,V,576,506,-1
1788814049.8274,953274,V,576,506,-1
1788814049.8274,953282,V,577,507,-1
1788814049.8274,953290,V,576,506,-1
1788814049.8760,953303,V,579,509,11050
1788814049.8761,953311,V,575,505,-1
1788814049.8761,953319,V,575,505,-1
1788814049.8761,953327,V,575,505,-1
1788814049.8761,953335,V,595,523,-1
1788814049.8761,953343,V,576,506,-1
1788814049.9760,953357,V,576,506,11051
1788814049.9760,953365,V,575,505,-1
1788814049.9760,953373,V,575,505,-1
1788814049.9760,953381,V,577,507,-1
1788814049.9760,953389,V,576,506,-1
1788814049.9760,953397,V,575,505,-1
1788814050.0216,953411,V,577,507,11052
1788814050.0216,953419,V,583,512,-1
1788814050.0216,953427,V,576,506,-1
1788814050.0216,953435,V,575,505,-1
1788814050.0217,953443,V,540,475,-1
1788814050.0217,953451,V,536,471,-1
1788814050.0703,953464,V,536,471,11053
1788814050.0704,953472,V,539,474,-1
1788814050.0704,953480,V,535,470,-1
1788814050.0704,953488,V,536,471,-1
1788814050.0704,953496,V,535,470,-1
1788814050.0704,953504,V,536,471,-1
1788814050.1680,953518,V,537,472,11054
1788814050.1680,953526,V,537,472,-1
1788814050.1680,953534,V,536,471,-1
1788814050.1681,953542,V,539,474,-1
1788814050.1681,953550,V,539,474,-1
1788814050.1681,953558,V,536,471,-1
1788814050.1688,953572,V,536,471,11055
1788814050.1688,953580,V,537,472,-1
1788814050.1688,953588,V,537,472,-1
1788814050.1688,953596,V,536,471,-1
1788814050.1688,953604,V,538,473,-1
1788814050.1688,953612,V,537,472,-1
1788814050.2174,953625,V,537,472,11056
1788814050.2174,953633,V,536,471,-1
1788814050.2174,953641,V,560,492,-1
1788814050.2174,953649,V,536,471,-1
1788814050.2174,953657,V,537,472,-1
1788814050.2174,953665,V,536,471,-1
1788814050.2651,953679,V,535,470,11057
1788814050.2651,953687,V,536,471,-1
1788814050.2651,953695,V,536,471,-1
1788814050.2651,953703,V,538,473,-1
1788814050.2651,953711,V,537,472,-1
1788814050.2651,953719,V,539,474,-1
1788814050.3139,953733,V,536,471,11058
1788814050.3140,953741,V,538,473,-1
1788814050.3141,953749,V,576,506,-1
1788814050.3141,953757,V,575,505,-1
1788814050.3141,953765,V,576,506,-1
1788814050.3141,953773,V,582,512,-1
1788814050.3639,953786,V,574,504,11059
1788814050.3639,953794,V,576,506,-1
1788814050.3639,953802,V,576,506,-1
1788814050.3639,953810,V,578,508,-1
1788814050.3639,953818,V,575,505,-1
1788814050.3640,953826,V,576,506,-1
1788814050.4125,953840,V,575,505,11060
1788814050.4126,953848,V,576,506,-1
1788814050.4126,953856,V,594,522,-1
1788814050.4126,953864,V,577,507,-1
1788814050.4126,953872,V,575,505,-1
1788814050.4126,953880,V,575,505,-1
1788814050.5097,953894,V,575,505,11061
1788814050.5097,953902,V,576,506,-1
1788814050.5097,953910,V,576,506,-1
1788814050.5097,953918,V,576,506,-1
1788814050.5097,953926,V,576,506,-1
1788814050.5097,953934,V,594,522,-1
1788814050.5576,953947,V,575,505,11062
1788814050.5577,953955,V,576,506,-1
1788814050.5577,953963,V,576,506,-1
1788814050.5577,953971,V,576,506,-1
1788814050.5577,953979,V,581,511,-1
1788814050.5577,953987,V,575,505,-1
1788814050.6063,954001,V,576,506,11063
1788814050.6063,954009,V,576,506,-1
1788814050.6063,954017,V,593,521,-1
1788814050.6063,954025,V,577,507,-1
1788814050.6063,954033,V,575,505,-1
1788814050.6063,954041,V,576,506,-1
1788814050.6550,954055,V,536,471,11064
1788814050.6550,954063,V,539,474,-1
1788814050.6550,954071,V,537,472,-1
1788814050.6550,954079,V,542,476,-1
1788814050.6550,954087,V,536,471,-1
1788814050.6550,954095,V,546,480,-1
1788814050.7041,954109,V,537,472,11065
1788814050.7041,954117,V,537,472,-1
1788814050.7041,954125,V,537,472,-1
1788814050.7041,954133,V,536,471,-1
1788814050.7041,954141,V,536,471,-1
1788814050.7041,954149,V,538,473,-1
1788814050.7525,954162,V,537,472,11066
1788814050.7526,954170,V,536,471,-1
1788814050.7526,954178,V,538,473,-1
1788814050.7526,954186,V,537,472,-1
1788814050.7526,954194,V,536,471,-1
1788814050.7526,954202,V,536,471,-1
1788814050.8015,954216,V,536,471,11067
1788814050.8016,954224,V,535,470,-1
1788814050.8016,954232,V,538,473,-1
1788814050.8016,954240,V,535,470,-1
1788814050.8016,954248,V,536,471,-1
1788814050.8016,954256,V,536,471,-1
1788814050.8504,954269,V,536,471,11068
1788814050.8504,954277,V,535,470,-1
1788814050.8504,954285,V,537,472,-1
1788814050.8505,954293,V,536,471,-1
1788814050.8505,954301,V,536,471,-1
1788814050.8505,954309,V,536,471,-1
1788814050.8992,954323,V,538,473,11069
1788814050.8992,954331,V,537,472,-1
1788814050.8992,954339,V,535,470,-1
1788814050.8992,954347,V,536,471,-1
1788814050.8992,954355,V,576,506,-1
1788814050.8992,954363,V,575,505,-1
1788814050.9479,954377,V,576,506,11070
1788814050.9479,954385,V,576,506,-1
1788814050.9479,954393,V,575,505,-1
1788814050.9479,954401,V,578,508,-1
1788814050.9479,954409,V,574,504,-1
1788814050.9479,954417,V,577,507,-1
1788814051.0456,954430,V,575,505,11071
1788814051.0457,954438,V,576,506,-1
1788814051.0458,954446,V,575,505,-1
1788814051.0458,954454,V,577,507,-1
1788814051.0458,954462,V,575,505,-1
1788814051.0458,954470,V,575,505,-1
1788814051.0941,954484,V,575,505,11072
1788814051.0942,954492,V,576,506,-1
1788814051.0942,954500,V,575,505,-1
1788814051.0942,954508,V,575,505,-1
1788814051.0942,954516,V,576,506,-1
1788814051.0942,954524,V,576,506,-1
1788814051.1429,954538,V,591,519,11073
1788814051.1430,954546,V,575,505,-1
1788814051.1430,954554,V,575,505,-1
1788814051.1430,954562,V,576,506,-1
1788814051.1430,954570,V,578,508,-1
1788814051.1430,954578,V,575,505,-1
1788814051.1917,954591,V,576,506,11074
1788814051.1917,954599,V,576,506,-1
1788814051.1917,954607,V,575,505,-1
1788814051.1917,954615,V,606,533,-1
1788814051.1917,954623,V,575,505,-1
1788814051.1917,954631,V,576,506,-1
1788814051.2402,954645,V,575,505,11075
1788814051.2402,954653,V,576,506,-1
1788814051.2402,954661,V,535,470,-1
1788814051.2402,954669,V,537,472,-1
1788814051.2403,954677,V,537,472,-1
1788814051.2403,954685,V,536,471,-1
1788814051.2893,954698,V,558,490,11076
1788814051.2895,954706,V,535,470,-1
1788814051.2895,954714,V,537,472,-1
1788814051.2895,954722,V,536,471,-1
1788814051.2897,954730,V,536,471,-1
1788814051.2897,954738,V,538,473,-1
1788814051.3382,954752,V,536,471,11077
1788814051.3383,954760,V,536,471,-1
1788814051.3383,954768,V,536,471,-1
1788814051.3383,954776,V,558,490,-1
1788814051.3383,954784,V,537,472,-1
1788814051.3383,954792,V,536,471,-1
1788814051.3863,954806,V,535,470,11078
1788814051.3864,954814,V,536,471,-1
1788814051.3864,954822,V,539,474,-1
1788814051.3864,954830,V,536,471,-1
1788814051.3864,954838,V,536,471,-1
1788814051.3864,954846,V,537,472,-1
1788814051.4354,954859,V,550,483,11079
1788814051.4355,954867,V,536,471,-1
1788814051.4355,954875,V,537,472,-1
1788814051.4355,954883,V,536,471,-1
1788814051.4355,954891,V,537,472,-1
1788814051.4355,954899,V,536,471,-1
1788814051.4840,954913,V,540,475,11080
1788814051.4840,954921,V,537,472,-1
1788814051.4840,954929,V,537,472,-1
1788814051.4840,954937,V,539,474,-1
1788814051.4840,954945,V,537,472,-1
1788814051.4840,954953,V,539,474,-1
1788814051.5817,954966,V,575,505,11081
1788814051.5818,954974,V,576,506,-1
1788814051.5818,954982,V,575,505,-1
1788814051.5818,954990,V,578,508,-1
1788814051.5818,954998,V,576,506,-1
1788814051.5818,955006,V,575,505,-1
1788814051.6308,955020,V,575,505,11082
1788814051.6308,955028,V,575,505,-1
1788814051.6308,955036,V,575,505,-1
1788814051.6308,955044,V,576,506,-1
1788814051.6308,955052,V,577,507,-1
1788814051.6308,955060,V,575,505,-1
1788814051.6788,955074,V,576,506,11083
1788814051.6788,955082,V,575,505,-1
1788814051.6788,955090,V,575,505,-1
1788814051.6788,955098,V,575,505,-1
1788814051.6788,955106,V,576,506,-1
1788814051.6788,955114,V,576,506,-1
1788814051.7278,955127,V,575,505,11084
1788814051.7279,955135,V,576,506,-1
1788814051.7279,955143,V,575,505,-1
1788814051.7279,955151,V,588,517,-1
1788814051.7279,955159,V,577,507,-1
1788814051.7279,955167,V,575,505,-1
1788814051.7766,955181,V,576,506,11085
1788814051.7767,955189,V,576,506,-1
1788814051.7767,955197,V,575,505,-1
1788814051.7767,955205,V,576,506,-1
1788814051.7767,955213,V,575,505,-1
1788814051.7767,955221,V,576,506,-1
1788814051.8254,955235,V,575,505,11086
1788814051.8255,955243,V,575,505,-1
1788814051.8255,955251,V,593,521,-1
1788814051.8255,955259,V,575,505,-1
1788814051.8255,955267,V,537,472,-1
1788814051.8255,955275,V,537,472,-1
1788814051.8743,955288,V,536,471,11087
1788814051.8743,955296,V,551,484,-1
1788814051.8743,955304,V,538,473,-1
1788814051.8743,955312,V,537,472,-1
1788814051.8743,955320,V,537,472,-1
1788814051.8743,955328,V,538,473,-1
1788814051.9229,955342,V,538,473,11088
1788814051.9230,955350,V,536,471,-1
1788814051.9230,955358,V,536,471,-1
1788814051.9230,955366,V,535,470,-1
1788814051.9230,955374,V,557,490,-1
1788814051.9230,955382,V,536,471,-1
1788814051.9712,955396,V,537,472,11089
1788814051.9713,955404,V,537,472,-1
1788814051.9713,955412,V,537,472,-1
1788814051.9713,955420,V,536,471,-1
1788814051.9713,955428,V,537,472,-1
1788814051.9713,955436,V,537,472,-1
1788814052.0203,955449,V,536,471,11090
1788814052.0203,955457,V,558,490,-1
1788814052.0203,955465,V,536,471,-1
1788814052.0204,955473,V,538,473,-1
1788814052.0204,955481,V,537,472,-1
1788814052.0204,955489,V,541,475,-1
1788814052.1180,955503,V,538,473,11091
1788814052.1181,955511,V,536,471,-1
1788814052.1182,955519,V,535,470,-1
1788814052.1182,955527,V,536,471,-1
1788814052.1182,955535,V,558,490,-1
1788814052.1182,955543,V,535,470,-1
1788814052.1678,955557,V,535,470,11092
1788814052.1678,955565,V,536,471,-1
1788814052.1678,955573,V,575,505,-1
1788814052.1678,955581,V,577,507,-1
1788814052.1678,955589,V,576,506,-1
1788814052.1678,955597,V,575,505,-1
1788814052.2164,955610,V,575,505,11093
1788814052.2165,955618,V,582,512,-1
1788814052.2165,955626,V,575,505,-1
1788814052.2165,955634,V,576,506,-1
1788814052.2165,955642,V,575,505,-1
1788814052.2165,955650,V,575,505,-1
1788814052.2638,955664,V,576,506,11094
1788814052.2638,955672,V,576,506,-1
1788814052.2638,955680,V,574,504,-1
1788814052.2638,955688,V,581,511,-1
1788814052.2638,955696,V,576,506,-1
1788814052.2638,955704,V,576,506,-1
1788814052.3136,955718,V,575,505,11095
1788814052.3137,955726,V,575,505,-1
1788814052.3137,955734,V,575,505,-1
1788814052.3137,955742,V,575,505,-1
1788814052.3137,955750,V,578,508,-1
1788814052.3137,955758,V,575,505,-1
1788814052.3615,955771,V,576,506,11096
1788814052.3616,955779,V,576,506,-1
1788814052.3616,955787,V,576,506,-1
1788814052.3616,955795,V,576,506,-1
1788814052.3616,955803,V,575,505,-1
1788814052.3616,955811,V,575,505,-1
1788814052.4107,955825,V,575,505,11097
1788814052.4108,955833,V,576,506,-1
1788814052.4108,955841,V,577,507,-1
1788814052.4108,955849,V,574,504,-1
1788814052.4108,955857,V,577,507,-1
1788814052.4108,955865,V,574,504,-1
1788814052.4591,955879,V,535,470,11098
1788814052.4591,955887,V,535,470,-1
1788814052.4591,955895,V,536,471,-1
1788814052.4591,955903,V,536,471,-1
1788814052.4591,955911,V,536,471,-1
1788814052.4591,955919,V,538,473,-1
1788814052.5078,955932,V,541,475,11099
1788814052.5078,955940,V,536,471,-1
1788814052.5078,955948,V,536,471,-1
1788814052.5078,955956,V,536,471,-1
1788814052.5078,955964,V,536,471,-1
1788814052.5078,955972,V,540,475,-1
1788814052.5562,955986,V,536,471,11100
1788814052.5562,955994,V,537,472,-1
1788814052.5562,956002,V,537,472,-1
1788814052.5562,956010,V,539,474,-1
1788814052.5562,956018,V,536,471,-1
1788814052.5562,956026,V,537,472,-1
1788814052.6540,956040,V,538,473,11101
1788814052.6541,956048,V,539,474,-1
1788814052.6541,956056,V,558,490,-1
1788814052.6541,956064,V,536,471,-1
1788814052.6541,956072,V,536,471,-1
1788814052.6541,956080,V,536,471,-1
1788814052.7030,956094,V,536,471,11102
1788814052.7031,956102,V,536,471,-1
1788814052.7031,956110,V,537,472,-1
1788814052.7031,956118,V,536,471,-1
1788814052.7031,956126,V,553,486,-1
1788814052.7031,956134,V,557,490,-1
1788814052.7515,956147,V,535,470,11103
1788814052.7515,956155,V,536,471,-1
1788814052.7516,956163,V,536,471,-1
1788814052.7516,956171,V,535,470,-1
1788814052.7516,956179,V,576,506,-1
1788814052.7516,956187,V,576,506,-1
1788814052.8003,956201,V,576,506,11104
1788814052.8003,956209,V,575,505,-1
1788814052.8003,956217,V,592,520,-1
1788814052.8003,956225,V,576,506,-1
1788814052.8003,956233,V,576,506,-1
1788814052.8003,956241,V,575,505,-1
1788814052.8491,956254,V,576,506,11105
1788814052.8492,956262,V,577,507,-1
1788814052.8492,956270,V,575,505,-1
1788814052.8492,956278,V,576,506,-1
1788814052.8492,956286,V,576,506,-1
1788814052.8492,956294,V,588,517,-1
1788814052.8975,956308,V,576,506,11106
1788814052.8977,956316,V,575,505,-1
1788814052.8977,956324,V,576,506,-1
1788814052.8977,956332,V,576,506,-1
1788814052.8977,956340,V,575,505,-1
1788814052.8977,956348,V,574,504,-1
1788814052.9469,956362,V,575,505,11107
1788814052.9470,956370,V,576,506,-1
1788814052.9470,956378,V,577,507,-1
1788814052.9470,956386,V,574,504,-1
1788814052.9470,956394,V,575,505,-1
1788814052.9470,956402,V,575,505,-1
1788814052.9968,956415,V,576,506,11108
1788814052.9968,956423,V,576,506,-1
1788814052.9968,956431,V,578,508,-1
1788814052.9968,956439,V,575,505,-1
1788814052.9968,956447,V,576,506,-1
1788814052.9968,956455,V,575,505,-1
1788814053.0441,956469,V,580,510,11109
1788814053.0441,956477,V,575,505,-1
1788814053.0441,956485,V,536,471,-1
1788814053.0441,956493,V,537,472,-1
1788814053.0441,956501,V,537,472,-1
1788814053.0441,956509,V,536,471,-1
1788814053.1417,956523,V,536,471,11110
1788814053.1419,956531,V,536,471,-1
1788814053.1419,956539,V,536,471,-1
1788814053.1419,956547,V,536,471,-1
1788814053.1419,956555,V,535,470,-1
1788814053.1419,956563,V,536,471,-1
1788814053.2395,956577,V,536,471,11111
1788814053.2395,956585,V,535,470,-1
1788814053.2395,956593,V,536,471,-1
1788814053.2396,956601,V,536,471,-1
1788814053.2396,956609,V,535,470,-1
1788814053.2396,956617,V,536,471,-1
1788814053.2405,956630,V,535,470,11112
1788814053.2405,956638,V,535,470,-1
1788814053.2405,956646,V,537,472,-1
1788814053.2405,956654,V,542,476,-1
1788814053.2405,956662,V,537,472,-1
1788814053.2405,956670,V,536,471,-1
1788814053.2878,956684,V,535,470,11113
1788814053.2878,956692,V,536,471,-1
1788814053.2878,956700,V,536,471,-1
1788814053.2878,956708,V,536,471,-1
1788814053.2878,956716,V,535,470,-1
1788814053.2878,956724,V,535,470,-1
1788814053.3365,956738,V,557,490,11114
1788814053.3365,956746,V,535,470,-1
1788814053.3365,956754,V,537,472,-1
1788814053.3365,956762,V,537,472,-1
1788814053.3365,956770,V,539,474,-1
1788814053.3365,956778,V,535,470,-1
1788814053.3852,956791,V,575,505,11115
1788814053.3854,956799,V,575,505,-1
1788814053.3854,956807,V,576,506,-1
1788814053.3854,956815,V,593,521,-1
1788814053.3854,956823,V,575,505,-1
1788814053.3854,956831,V,575,505,-1
1788814053.4346,956845,V,575,505,11116
1788814053.4346,956853,V,576,506,-1
1788814053.4346,956861,V,576,506,-1
1788814053.4346,956869,V,576,506,-1
1788814053.4346,956877,V,575,505,-1
1788814053.4346,956885,V,574,504,-1
1788814053.4825,956898,V,592,520,11117
1788814053.4825,956906,V,578,508,-1
1788814053.4825,956914,V,575,505,-1
1788814053.4825,956922,V,575,505,-1
1788814053.4825,956930,V,575,505,-1
1788814053.4825,956938,V,577,507,-1
1788814053.5325,956952,V,575,505,11118
1788814053.5325,956960,V,574,504,-1
1788814053.5325,956968,V,575,505,-1
1788814053.5325,956976,V,591,519,-1
1788814053.5325,956984,V,576,506,-1
1788814053.5325,956992,V,576,506,-1
1788814053.5811,957006,V,577,507,11119
1788814053.5812,957014,V,575,505,-1
1788814053.5812,957022,V,575,505,-1
1788814053.5812,957030,V,574,504,-1
1788814053.5812,957038,V,575,505,-1
1788814053.5812,957046,V,576,506,-1
1788814053.6777,957059,V,580,510,11120
1788814053.6778,957067,V,575,505,-1
1788814053.6779,957075,V,574,504,-1
1788814053.6779,957083,V,575,505,-1
1788814053.6779,957091,V,535,470,-1
1788814053.6779,957099,V,545,479,-1
1788814053.7271,957113,V,539,474,11121
1788814053.7271,957121,V,537,472,-1
1788814053.7271,957129,V,536,471,-1
1788814053.7271,957137,V,537,472,-1
1788814053.7271,957145,V,537,472,-1
1788814053.7271,957153,V,536,471,-1
1788814053.7751,957167,V,536,471,11122
1788814053.7752,957175,V,535,470,-1
1788814053.7752,957183,V,536,471,-1
1788814053.7752,957191,V,537,472,-1
1788814053.7752,957199,V,539,474,-1
1788814053.7752,957207,V,535,470,-1
1788814053.8240,957220,V,536,471,11123
1788814053.8241,957228,V,536,471,-1
1788814053.8241,957236,V,536,471,-1
1788814053.8241,957244,V,535,470,-1
1788814053.8241,957252,V,535,470,-1
1788814053.8241,957260,V,536,471,-1
1788814053.8728,957274,V,536,471,11124
1788814053.8728,957282,V,538,473,-1
1788814053.8728,957290,V,535,470,-1
1788814053.8728,957298,V,535,470,-1
1788814053.8728,957306,V,536,471,-1
1788814053.8728,957314,V,536,471,-1
1788814053.9707,957328,V,536,471,11125
1788814053.9708,957336,V,536,471,-1
1788814053.9708,957344,V,536,471,-1
1788814053.9708,957352,V,536,471,-1
1788814053.9708,957360,V,538,473,-1
1788814053.9708,957368,V,535,470,-1
1788814053.9728,957381,V,536,471,11126
1788814053.9728,957389,V,536,471,-1
1788814053.9728,957397,V,575,505,-1
1788814053.9728,957405,V,575,505,-1
1788814053.9728,957413,V,580,510,-1
1788814053.9728,957421,V,576,506,-1
1788814054.0209,957435,V,576,506,11127
1788814054.0209,957443,V,581,511,-1
1788814054.0209,957451,V,577,507,-1
1788814054.0209,957459,V,576,506,-1
1788814054.0209,957467,V,575,505,-1
1788814054.0209,957475,V,576,506,-1
1788814054.0675,957489,V,576,506,11128
1788814054.0675,957497,V,593,521,-1
1788814054.0675,957505,V,575,505,-1
1788814054.0675,957513,V,575,505,-1
1788814054.0675,957521,V,575,505,-1
1788814054.0675,957529,V,578,508,-1
1788814054.1167,957542,V,578,508,11129
1788814054.1167,957550,V,576,506,-1
1788814054.1167,957558,V,575,505,-1
1788814054.1167,957566,V,575,505,-1
1788814054.1167,957574,V,594,522,-1
1788814054.1167,957582,V,575,505,-1
1788814054.2139,957596,V,575,505,11130
1788814054.2140,957604,V,576,506,-1
1788814054.2140,957612,V,575,505,-1
1788814054.2140,957620,V,576,506,-1
1788814054.2141,957628,V,575,505,-1
1788814054.2141,957636,V,578,508,-1
1788814054.2630,957698,KEYDOWN,,,
1788814054.2641,957652,V,576,506,11131
1788814054.2641,957660,V,575,505,-1
1788814054.2641,957668,V,575,505,-1
1788814054.2641,957676,V,575,505,-1
1788814054.2641,957684,V,579,509,-1
1788814054.2641,957692,V,578,508,-1
1788814054.3118,957706,V,575,505,11132
1788814054.3118,957714,V,575,505,-1
1788814054.3118,957722,V,576,506,-1
1788814054.3118,957730,V,577,507,-1
1788814054.3118,957738,V,575,505,-1
1788814054.3118,957746,V,575,505,-1
1788814054.3600,957760,V,576,506,11133
1788814054.3600,957768,V,576,506,-1
1788814054.3600,957776,V,594,522,-1
1788814054.3600,957784,V,590,519,-1
1788814054.3600,957792,V,575,505,-1
1788814054.3600,957800,V,575,505,-1
1788814054.4094,957814,V,575,505,11134
1788814054.4094,957822,V,575,505,-1
1788814054.4094,957830,V,576,506,-1
1788814054.4094,957838,V,575,505,-1
1788814054.4094,957846,V,575,505,-1
1788814054.4094,957854,V,593,521,-1
1788814054.4578,957867,V,574,504,11135
1788814054.4579,957875,V,575,505,-1
1788814054.4579,957883,V,575,505,-1
1788814054.4579,957891,V,575,505,-1
1788814054.4579,957899,V,576,506,-1
1788814054.4580,957907,V,575,505,-1
1788814054.5067,957921,V,576,506,11136
1788814054.5067,957929,V,575,505,-1
1788814054.5067,957937,V,593,521,-1
1788814054.5067,957945,V,575,505,-1
1788814054.5067,957953,V,575,505,-1
1788814054.5067,957961,V,575,505,-1
1788814054.5552,957975,V,575,505,11137
1788814054.5552,957983,V,576,506,-1
1788814054.5552,957991,V,576,506,-1
1788814054.5552,957999,V,575,505,-1
1788814054.5552,958007,V,574,504,-1
1788814054.5552,958015,V,586,515,-1
1788814054.6038,958028,V,575,505,11138
1788814054.6038,958036,V,576,506,-1
1788814054.6038,958044,V,576,506,-1
1788814054.6038,958052,V,575,505,-1
1788814054.6038,958060,V,576,506,-1
1788814054.6038,958068,V,576,506,-1
1788814054.6526,958082,V,575,505,11139
1788814054.6526,958090,V,575,505,-1
1788814054.6526,958098,V,577,507,-1
1788814054.6526,958106,V,576,506,-1
1788814054.6526,958114,V,576,506,-1
1788814054.6526,958122,V,580,510,-1
1788814054.7505,958135,V,575,505,11140
1788814054.7506,958143,V,576,506,-1
1788814054.7506,958151,V,578,508,-1
1788814054.7506,958159,V,576,506,-1
1788814054.7506,958167,V,576,506,-1
1788814054.7506,958175,V,575,505,-1
1788814054.7994,958189,V,575,505,11141
1788814054.7994,958197,V,575,505,-1
1788814054.7994,958205,V,575,505,-1
1788814054.7994,958213,V,576,506,-1
1788814054.7994,958221,V,578,508,-1
1788814054.7994,958229,V,575,505,-1
1788814054.8481,958243,V,579,509,11142
1788814054.8482,958251,V,575,505,-1
1788814054.8482,958259,V,576,506,-1
1788814054.8482,958267,V,574,504,-1
1788814054.8482,958275,V,575,505,-1
1788814054.8482,958283,V,576,506,-1
1788814054.8969,958297,V,576,506,11143
1788814054.8969,958305,V,577,507,-1
1788814054.8970,958313,V,575,505,-1
1788814054.8970,958321,V,583,512,-1
1788814054.8970,958329,V,574,504,-1
1788814054.8971,958337,V,575,505,-1
1788814054.9458,958350,V,575,505,11144
1788814054.9458,958358,V,575,505,-1
1788814054.9458,958366,V,575,505,-1
1788814054.9458,958374,V,583,512,-1
1788814054.9458,958382,V,575,505,-1
1788814054.9458,958390,V,575,505,-1
1788814054.9939,958404,V,575,505,11145
1788814054.9941,958412,V,577,507,-1
1788814054.9941,958420,V,575,505,-1
1788814054.9941,958428,V,575,505,-1
1788814054.9941,958436,V,575,505,-1
1788814054.9941,958444,V,575,505,-1
1788814055.0445,958457,V,595,523,11146
1788814055.0445,958465,V,575,505,-1
1788814055.0445,958473,V,575,505,-1
1788814055.0445,958481,V,576,506,-1
1788814055.0445,958489,V,577,507,-1
1788814055.0445,958497,V,574,504,-1
1788814055.0916,958511,V,575,505,11147
1788814055.0916,958519,V,575,505,-1
1788814055.0916,958527,V,574,504,-1
1788814055.0916,958535,V,594,522,-1
1788814055.0917,958543,V,575,505,-1
1788814055.0917,958551,V,576,506,-1
1788814055.1402,958565,V,577,507,11148
1788814055.1402,958573,V,575,505,-1
1788814055.1402,958581,V,576,506,-1
1788814055.1402,958589,V,575,505,-1
1788814055.1402,958597,V,575,505,-1
1788814055.1402,958605,V,575,505,-1
1788814055.1890,958618,V,594,522,11149
1788814055.1890,958626,V,575,505,-1
1788814055.1890,958634,V,574,504,-1
1788814055.1890,958642,V,576,506,-1
1788814055.1890,958650,V,575,505,-1
1788814055.1890,958658,V,580,510,-1
1788814055.2866,958672,V,575,505,11150
1788814055.2868,958680,V,577,507,-1
1788814055.2868,958688,V,575,505,-1
1788814055.2868,958696,V,594,522,-1
1788814055.2868,958704,V,574,504,-1
1788814055.2868,958712,V,575,505,-1
1788814055.3358,958726,V,576,506,11151
1788814055.3359,958734,V,574,504,-1
1788814055.3359,958742,V,575,505,-1
1788814055.3359,958750,V,575,505,-1
1788814055.3359,958758,V,581,511,-1
1788814055.3359,958766,V,575,505,-1
1788814055.3837,958779,V,578,508,11152
1788814055.3837,958787,V,574,504,-1
1788814055.3837,958795,V,575,505,-1
1788814055.3837,958803,V,574,504,-1
1788814055.3837,958811,V,575,505,-1
1788814055.3837,958819,V,576,506,-1
1788814055.4327,958833,V,578,508,11153
1788814055.4327,958841,V,576,506,-1
1788814055.4328,958849,V,575,505,-1
1788814055.4328,958857,V,577,507,-1
1788814055.4328,958865,V,575,505,-1
1788814055.4328,958873,V,574,504,-1
1788814055.4823,958887,V,575,505,11154
1788814055.4823,958895,V,575,505,-1
1788814055.4823,958903,V,575,505,-1
1788814055.4823,958911,V,575,505,-1
1788814055.4823,958919,V,575,505,-1
1788814055.4823,958927,V,576,506,-1
1788814055.5311,958940,V,575,505,11155
1788814055.5311,958948,V,575,505,-1
1788814055.5312,958956,V,576,506,-1
1788814055.5312,958964,V,575,505,-1
1788814055.5312,958972,V,575,505,-1
1788814055.5312,958980,V,575,505,-1
1788814055.5797,958994,V,576,506,11156
1788814055.5797,959002,V,577,507,-1
1788814055.5797,959010,V,575,505,-1
1788814055.5797,959018,V,576,506,-1
1788814055.5797,959026,V,576,506,-1
1788814055.5797,959034,V,576,506,-1
1788814055.6773,959048,V,575,505,11157
1788814055.6773,959056,V,577,507,-1
1788814055.6773,959064,V,575,505,-1
1788814055.6773,959072,V,576,506,-1
1788814055.6773,959080,V,578,508,-1
1788814055.6773,959088,V,575,505,-1
1788814055.6788,959101,V,579,509,11158
1788814055.6788,959109,V,575,505,-1
1788814055.6788,959117,V,575,505,-1
1788814055.6788,959125,V,575,505,-1
1788814055.6788,959133,V,580,510,-1
1788814055.6788,959141,V,575,505,-1
1788814055.7265,959155,V,576,506,11159
1788814055.7265,959163,V,576,506,-1
1788814055.7265,959171,V,578,508,-1
1788814055.7265,959179,V,575,505,-1
1788814055.7265,959187,V,575,505,-1
1788814055.7265,959195,V,577,507,-1
1788814055.8232,959209,V,576,506,11160
1788814055.8233,959217,V,594,522,-1
1788814055.8233,959225,V,576,506,-1
1788814055.8233,959233,V,576,506,-1
1788814055.8233,959241,V,576,506,-1
1788814055.8234,959249,V,578,508,-1
1788814055.8717,959262,V,575,505,11161
1788814055.8717,959270,V,575,505,-1
1788814055.8717,959278,V,575,505,-1
1788814055.8718,959286,V,575,505,-1
1788814055.8718,959294,V,606,533,-1
1788814055.8718,959302,V,575,505,-1
1788814055.9205,959316,V,576,506,11162
1788814055.9205,959324,V,576,506,-1
1788814055.9205,959332,V,576,506,-1
1788814055.9206,959340,V,576,506,-1
1788814055.9206,959348,V,575,505,-1
1788814055.9206,959356,V,576,506,-1
1788814055.9691,959370,V,575,505,11163
1788814055.9691,959378,V,595,523,-1
1788814055.9691,959386,V,576,506,-1
1788814055.9691,959394,V,575,505,-1
1788814055.9691,959402,V,576,506,-1
1788814055.9691,959410,V,576,506,-1
1788814056.0178,959423,V,578,508,11164
1788814056.0178,959431,V,575,505,-1
1788814056.0178,959439,V,576,506,-1
1788814056.0178,959447,V,576,506,-1
1788814056.0178,959455,V,585,514,-1
1788814056.0179,959463,V,575,505,-1
1788814056.0669,959477,V,576,506,11165
1788814056.0670,959485,V,575,505,-1
1788814056.0670,959493,V,575,505,-1
1788814056.0670,959501,V,575,505,-1
1788814056.0670,959509,V,577,507,-1
1788814056.0670,959517,V,576,506,-1
1788814056.1157,959531,V,575,505,11166
1788814056.1157,959539,V,577,507,-1
1788814056.1157,959547,V,576,506,-1
1788814056.1157,959555,V,576,506,-1
1788814056.1158,959563,V,576,506,-1
1788814056.1158,959571,V,575,505,-1
1788814056.1658,959584,V,576,506,11167
1788814056.1658,959592,V,578,508,-1
1788814056.1658,959600,V,576,506,-1
1788814056.1658,959608,V,575,505,-1
1788814056.1658,959616,V,575,505,-1
1788814056.1658,959624,V,575,505,-1
1788814056.2128,959638,V,578,508,11168
1788814056.2129,959646,V,575,505,-1
1788814056.2129,959654,V,575,505,-1
1788814056.2129,959662,V,575,505,-1
1788814056.2129,959670,V,576,506,-1
1788814056.2129,959678,V,574,504,-1
1788814056.3108,959692,V,574,504,11169
1788814056.3110,959700,V,575,505,-1
1788814056.3110,959708,V,575,505,-1
1788814056.3110,959716,V,575,505,-1
1788814056.3110,959724,V,574,504,-1
1788814056.3110,959732,V,579,509,-1
1788814056.3595,959746,V,575,505,11170
1788814056.3596,959754,V,574,504,-1
1788814056.3596,959762,V,576,506,-1
1788814056.3596,959770,V,574,504,-1
1788814056.3596,959778,V,575,505,-1
1788814056.3596,959786,V,574,504,-1
1788814056.4079,959799,V,574,504,11171
1788814056.4079,959807,V,576,506,-1
1788814056.4079,959815,V,585,514,-1
1788814056.4079,959823,V,576,506,-1
1788814056.4079,959831,V,575,505,-1
1788814056.4079,959839,V,574,504,-1
1788814056.4564,959853,V,577,507,11172
1788814056.4564,959861,V,575,505,-1
1788814056.4564,959869,V,575,505,-1
1788814056.4564,959877,V,575,505,-1
1788814056.4564,959885,V,575,505,-1
1788814056.4564,959893,V,593,521,-1
1788814056.5051,959907,V,576,506,11173
1788814056.5051,959915,V,576,506,-1
1788814056.5051,959923,V,575,505,-1
1788814056.5051,959931,V,575,505,-1
1788814056.5051,959939,V,575,505,-1
1788814056.5051,959947,V,575,505,-1
1788814056.5542,959960,V,574,504,11174
1788814056.5543,959968,V,575,505,-1
1788814056.5543,959976,V,592,520,-1
1788814056.5543,959984,V,575,505,-1
1788814056.5544,959992,V,574,504,-1
1788814056.5544,960000,V,576,506,-1
1788814056.6030,960014,V,575,505,11175
1788814056.6030,960022,V,576,506,-1
1788814056.6031,960030,V,575,505,-1
1788814056.6031,960038,V,575,505,-1
1788814056.6031,960046,V,575,505,-1
1788814056.6031,960054,V,592,520,-1
1788814056.6516,960068,V,576,506,11176
1788814056.6516,960076,V,578,508,-1
1788814056.6516,960084,V,576,506,-1
1788814056.6517,960092,V,575,505,-1
1788814056.6517,960100,V,576,506,-1
1788814056.6518,960108,V,576,506,-1
1788814056.7005,960121,V,575,505,11177
1788814056.7005,960129,V,576,506,-1
1788814056.7005,960137,V,583,512,-1
1788814056.7005,960145,V,576,506,-1
1788814056.7005,960153,V,575,505,-1
1788814056.7005,960161,V,576,506,-1
1788814056.7493,960175,V,580,510,11178
1788814056.7493,960183,V,576,506,-1
1788814056.7493,960191,V,577,507,-1
1788814056.7493,960199,V,576,506,-1
1788814056.7493,960207,V,575,505,-1
1788814056.7493,960215,V,576,506,-1
1788814056.8466,960229,V,576,506,11179
1788814056.8467,960237,V,575,505,-1
1788814056.8467,960245,V,575,505,-1
1788814056.8467,960253,V,575,505,-1
1788814056.8467,960261,V,576,506,-1
1788814056.8467,960269,V,576,506,-1
1788814056.8957,960283,V,575,505,11180
1788814056.8957,960291,V,575,505,-1
1788814056.8957,960299,V,574,504,-1
1788814056.8957,960307,V,575,505,-1
1788814056.8957,960315,V,575,505,-1
1788814056.8957,960323,V,575,505,-1
1788814056.9442,960336,V,576,506,11181
1788814056.9442,960344,V,575,505,-1
1788814056.9442,960352,V,574,504,-1
1788814056.9442,960360,V,578,508,-1
1788814056.9442,960368,V,575,505,-1
1788814056.9442,960376,V,576,506,-1
1788814056.9929,960390,V,574,504,11182
1788814056.9929,960398,V,575,505,-1
1788814056.9929,960406,V,574,504,-1
1788814056.9929,960414,V,575,505,-1
1788814056.9929,960422,V,574,504,-1
1788814056.9929,960430,V,575,505,-1
1788814057.0450,960443,V,576,506,11183
1788814057.0450,960451,V,575,505,-1
1788814057.0451,960459,V,575,505,-1
1788814057.0451,960467,V,575,505,-1
1788814057.0451,960475,V,575,505,-1
1788814057.0451,960483,V,575,505,-1
1788814057.0900,960497,V,583,512,11184
1788814057.0901,960505,V,575,505,-1
1788814057.0901,960513,V,578,508,-1
1788814057.0901,960521,V,575,505,-1
1788814057.0901,960529,V,575,505,-1
1788814057.0902,960537,V,575,505,-1
1788814057.1395,960551,V,574,504,11185
1788814057.1395,960559,V,574,504,-1
1788814057.1395,960567,V,575,505,-1
1788814057.1395,960575,V,590,519,-1
1788814057.1396,960583,V,575,505,-1
1788814057.1396,960591,V,574,504,-1
1788814057.1879,960604,V,576,506,11186
1788814057.1879,960612,V,579,509,-1
1788814057.1879,960620,V,576,506,-1
1788814057.1879,960628,V,576,506,-1
1788814057.1879,960636,V,575,505,-1
1788814057.1879,960644,V,575,505,-1
1788814057.2364,960658,V,594,522,11187
1788814057.2364,960666,V,575,505,-1
1788814057.2364,960674,V,575,505,-1
1788814057.2364,960682,V,575,505,-1
1788814057.2365,960690,V,575,505,-1
1788814057.2365,960698,V,575,505,-1
1788814057.2853,960712,V,592,520,11188
1788814057.2853,960720,V,575,505,-1
1788814057.2853,960728,V,574,504,-1
1788814057.2853,960736,V,593,521,-1
1788814057.2853,960744,V,576,506,-1
1788814057.2853,960752,V,576,506,-1
1788814057.3853,960765,V,576,506,11189
1788814057.3855,960773,V,575,505,-1
1788814057.3855,960781,V,578,508,-1
1788814057.3855,960789,V,576,506,-1
1788814057.3855,960797,V,574,504,-1
1788814057.3855,960805,V,575,505,-1
1788814057.4319,960819,V,585,514,11190
1788814057.4319,960827,V,575,505,-1
1788814057.4319,960835,V,574,504,-1
1788814057.4319,960843,V,575,505,-1
1788814057.4319,960851,V,575,505,-1
1788814057.4320,960859,V,575,505,-1
1788814057.4805,960873,V,576,506,11191
1788814057.4805,960881,V,575,505,-1
1788814057.4806,960889,V,576,506,-1
1788814057.4806,960897,V,577,507,-1
1788814057.4806,960905,V,575,505,-1
1788814057.4806,960913,V,575,505,-1
1788814057.5292,960926,V,576,506,11192
1788814057.5293,960934,V,575,505,-1
1788814057.5293,960942,V,575,505,-1
1788814057.5293,960950,V,577,507,-1
1788814057.5293,960958,V,575,505,-1
1788814057.5293,960966,V,574,504,-1
1788814057.5779,960980,V,574,504,11193
1788814057.5779,960988,V,575,505,-1
1788814057.5779,960996,V,575,505,-1
1788814057.5780,961004,V,574,504,-1
1788814057.5780,961012,V,574,504,-1
1788814057.5780,961020,V,575,505,-1
1788814057.6268,961033,V,576,506,11194
1788814057.6269,961041,V,575,505,-1
1788814057.6269,961049,V,580,510,-1
1788814057.6269,961057,V,575,505,-1
1788814057.6269,961065,V,575,505,-1
1788814057.6269,961073,V,576,506,-1
1788814057.6754,961087,V,575,505,11195
1788814057.6754,961095,V,575,505,-1
1788814057.6755,961103,V,576,506,-1
1788814057.6755,961111,V,575,505,-1
1788814057.6755,961119,V,576,506,-1
1788814057.6755,961127,V,575,505,-1
1788814057.7241,961141,V,576,506,11196
1788814057.7242,961149,V,577,507,-1
1788814057.7242,961157,V,577,507,-1
1788814057.7242,961165,V,575,505,-1
1788814057.7242,961173,V,576,506,-1
1788814057.7242,961181,V,575,505,-1
1788814057.7729,961195,V,574,504,11197
1788814057.7729,961203,V,577,507,-1
1788814057.7729,961211,V,576,506,-1
1788814057.7729,961219,V,575,505,-1
1788814057.7729,961227,V,574,504,-1
1788814057.7729,961235,V,576,506,-1
1788814057.8217,961248,V,582,512,11198
1788814057.8217,961256,V,591,519,-1
1788814057.8217,961264,V,575,505,-1
1788814057.8217,961272,V,575,505,-1
1788814057.8217,961280,V,575,505,-1
1788814057.8217,961288,V,576,506,-1
1788814057.9679,961302,V,574,504,11199
1788814057.9680,961310,V,574,504,-1
1788814057.9681,961318,V,574,504,-1
1788814057.9681,961326,V,576,506,-1
1788814057.9681,961334,V,594,522,-1
1788814057.9681,961342,V,576,506,-1
1788814057.9689,961356,V,576,506,11200
1788814057.9689,961364,V,576,506,-1
1788814057.9689,961372,V,576,506,-1
1788814057.9689,961380,V,575,505,-1
1788814057.9689,961388,V,576,506,-1
1788814057.9689,961396,V,575,505,-1
1788814058.0170,961409,V,574,504,11201
1788814058.0170,961417,V,592,520,-1
1788814058.0171,961425,V,575,505,-1
1788814058.0171,961433,V,576,506,-1
1788814058.0171,961441,V,575,505,-1
1788814058.0171,961449,V,576,506,-1
1788814058.0672,961463,V,578,508,11202
1788814058.0672,961471,V,575,505,-1
1788814058.0672,961479,V,576,506,-1
1788814058.0672,961487,V,576,506,-1
1788814058.0672,961495,V,593,521,-1
1788814058.0673,961503,V,574,504,-1
1788814058.1142,961517,V,576,506,11203
1788814058.1142,961525,V,575,505,-1
1788814058.1142,961533,V,575,505,-1
1788814058.1142,961541,V,575,505,-1
1788814058.1142,961549,V,576,506,-1
1788814058.1142,961557,V,575,505,-1
1788814058.1628,961570,V,576,506,11204
1788814058.1628,961578,V,581,511,-1
1788814058.1628,961586,V,577,507,-1
1788814058.1628,961594,V,576,506,-1
1788814058.1628,961602,V,576,506,-1
1788814058.1628,961610,V,575,505,-1
1788814058.2125,961624,V,576,506,11205
1788814058.2126,961632,V,577,507,-1
1788814058.2126,961640,V,576,506,-1
1788814058.2126,961648,V,575,505,-1
1788814058.2126,961656,V,575,505,-1
1788814058.2126,961664,V,576,506,-1
1788814058.2614,961678,V,575,505,11206
1788814058.2614,961686,V,588,517,-1
1788814058.2614,961694,V,575,505,-1
1788814058.2614,961702,V,576,506,-1
1788814058.2614,961710,V,577,507,-1
1788814058.2614,961718,V,576,506,-1
1788814058.3103,961731,V,575,505,11207
1788814058.3103,961739,V,575,505,-1
1788814058.3103,961747,V,577,507,-1
1788814058.3103,961755,V,575,505,-1
1788814058.3103,961763,V,576,506,-1
1788814058.3104,961771,V,574,504,-1
1788814058.3589,961785,V,577,507,11208
1788814058.3589,961793,V,576,506,-1
1788814058.3589,961801,V,577,507,-1
1788814058.3589,961809,V,576,506,-1
1788814058.3589,961817,V,574,504,-1
1788814058.3589,961825,V,575,505,-1
1788814058.4554,961839,V,575,505,11209
1788814058.4555,961847,V,576,506,-1
1788814058.4555,961855,V,575,505,-1
1788814058.4555,961863,V,576,506,-1
1788814058.4556,961871,V,575,505,-1
1788814058.4556,961879,V,577,507,-1
1788814058.5053,961892,V,575,505,11210
1788814058.5053,961900,V,575,505,-1
1788814058.5054,961908,V,575,505,-1
1788814058.5054,961916,V,575,505,-1
1788814058.5054,961924,V,575,505,-1
1788814058.5054,961932,V,578,508,-1
1788814058.5527,961946,V,575,505,11211
1788814058.5527,961954,V,576,506,-1
1788814058.5527,961962,V,575,505,-1
1788814058.5527,961970,V,576,506,-1
1788814058.5527,961978,V,575,505,-1
1788814058.5527,961986,V,574,504,-1
1788814058.6027,962000,V,574,504,11212
1788814058.6027,962008,V,575,505,-1
1788814058.6027,962016,V,593,521,-1
1788814058.6027,962024,V,580,510,-1
1788814058.6027,962032,V,575,505,-1
1788814058.6027,962040,V,576,506,-1
1788814058.6513,962053,V,578,508,11213
1788814058.6513,962061,V,576,506,-1
1788814058.6513,962069,V,575,505,-1
1788814058.6513,962077,V,576,506,-1
1788814058.6513,962085,V,576,506,-1
1788814058.6513,962093,V,593,521,-1
1788814058.7000,962107,V,576,506,11214
1788814058.7001,962115,V,576,506,-1
1788814058.7002,962123,V,578,508,-1
1788814058.7002,962131,V,575,505,-1
1788814058.7002,962139,V,575,505,-1
1788814058.7002,962147,V,575,505,-1
1788814058.7482,962161,V,575,505,11215
1788814058.7483,962169,V,575,505,-1
1788814058.7483,962177,V,592,520,-1
1788814058.7483,962185,V,575,505,-1
1788814058.7483,962193,V,576,506,-1
1788814058.7483,962201,V,574,504,-1
1788814058.7976,962214,V,575,505,11216
1788814058.7976,962222,V,582,512,-1
1788814058.7976,962230,V,575,505,-1
1788814058.7976,962238,V,574,504,-1
1788814058.7976,962246,V,574,504,-1
1788814058.7976,962254,V,585,514,-1
1788814058.8481,962268,V,575,505,11217
1788814058.8481,962276,V,575,505,-1
1788814058.8481,962284,V,575,505,-1
1788814058.8481,962292,V,574,504,-1
1788814058.8481,962300,V,576,506,-1
1788814058.8481,962308,V,576,506,-1
1788814058.8938,962322,V,576,506,11218
1788814058.8938,962330,V,575,505,-1
1788814058.8938,962338,V,575,505,-1
1788814058.8938,962346,V,576,506,-1
1788814058.8938,962354,V,576,506,-1
1788814058.8939,962362,V,576,506,-1
1788814058.9925,962375,V,576,506,11219
1788814058.9926,962383,V,575,505,-1
1788814058.9926,962391,V,577,507,-1
1788814058.9926,962399,V,576,506,-1
1788814058.9926,962407,V,575,505,-1
1788814058.9926,962415,V,576,506,-1
1788814059.0406,962429,V,575,505,11220
1788814059.0406,962437,V,575,505,-1
1788814059.0406,962445,V,575,505,-1
1788814059.0406,962453,V,576,506,-1
1788814059.0406,962461,V,577,507,-1
1788814059.0406,962469,V,575,505,-1
1788814059.0909,962483,V,578,508,11221
1788814059.0909,962491,V,575,505,-1
1788814059.0909,962499,V,576,506,-1
1788814059.0909,962507,V,576,506,-1
1788814059.0909,962515,V,576,506,-1
1788814059.0909,962523,V,575,505,-1
1788814059.1379,962536,V,576,506,11222
1788814059.1379,962544,V,575,505,-1
1788814059.1379,962552,V,575,505,-1
1788814059.1379,962560,V,578,508,-1
1788814059.1379,962568,V,576,506,-1
1788814059.1379,962576,V,575,505,-1
1788814059.1878,962590,V,576,506,11223
1788814059.1878,962598,V,576,506,-1
1788814059.1878,962606,V,575,505,-1
1788814059.1878,962614,V,583,512,-1
1788814059.1878,962622,V,577,507,-1
1788814059.1878,962630,V,576,506,-1
1788814059.2353,962644,V,576,506,11224
1788814059.2354,962652,V,577,507,-1
1788814059.2355,962660,V,590,519,-1
1788814059.2355,962668,V,577,507,-1
1788814059.2355,962676,V,576,506,-1
1788814059.2355,962684,V,576,506,-1
1788814059.2845,962697,V,596,524,11225
1788814059.2846,962705,V,576,506,-1
1788814059.2846,962713,V,575,505,-1
1788814059.2846,962721,V,576,506,-1
1788814059.2846,962729,V,577,507,-1
1788814059.2846,962737,V,576,506,-1
1788814059.3331,962751,V,575,505,11226
1788814059.3331,962759,V,576,506,-1
1788814059.3331,962767,V,576,506,-1
1788814059.3331,962775,V,594,522,-1
1788814059.3331,962783,V,575,505,-1
1788814059.3331,962791,V,576,506,-1
1788814059.3816,962805,V,575,505,11227
1788814059.3816,962813,V,576,506,-1
1788814059.3816,962821,V,577,507,-1
1788814059.3816,962829,V,575,505,-1
1788814059.3816,962837,V,575,505,-1
1788814059.3816,962845,V,576,506,-1
1788814059.4307,962859,V,593,521,11228
1788814059.4308,962867,V,575,505,-1
1788814059.4308,962875,V,576,506,-1
1788814059.4308,962883,V,593,521,-1
1788814059.4308,962891,V,594,522,-1
1788814059.4308,962899,V,578,508,-1
1788814059.5281,962912,V,576,506,11229
1788814059.5283,962920,V,576,506,-1
1788814059.5283,962928,V,575,505,-1
1788814059.5283,962936,V,576,506,-1
1788814059.5283,962944,V,575,505,-1
1788814059.5283,962952,V,576,506,-1
1788814059.5771,962966,V,575,505,11230
1788814059.5771,962974,V,576,506,-1
1788814059.5772,962982,V,576,506,-1
1788814059.5772,962990,V,577,507,-1
1788814059.5772,962998,V,580,510,-1
1788814059.5772,963006,V,576,506,-1
1788814059.6255,963020,V,575,505,11231
1788814059.6255,963028,V,575,505,-1
1788814059.6255,963036,V,574,504,-1
1788814059.6255,963044,V,576,506,-1
1788814059.6255,963052,V,574,504,-1
1788814059.6255,963060,V,574,504,-1
1788814059.6743,963073,V,575,505,11232
1788814059.6743,963081,V,575,505,-1
1788814059.6743,963089,V,574,504,-1
1788814059.6743,963097,V,582,512,-1
1788814059.6743,963105,V,575,505,-1
1788814059.6743,963113,V,575,505,-1
1788814059.7231,963127,V,576,506,11233
1788814059.7231,963135,V,576,506,-1
1788814059.7231,963143,V,574,504,-1
1788814059.7231,963151,V,575,505,-1
1788814059.7232,963159,V,576,506,-1
1788814059.7232,963167,V,576,506,-1
1788814059.7713,963181,V,576,506,11234
1788814059.7714,963189,V,575,505,-1
1788814059.7715,963197,V,576,506,-1
1788814059.7715,963205,V,575,505,-1
1788814059.7715,963213,V,575,505,-1
1788814059.7715,963221,V,575,505,-1
1788814059.8209,963234,V,575,505,11235
1788814059.8209,963242,V,574,504,-1
1788814059.8209,963250,V,576,506,-1
1788814059.8209,963258,V,576,506,-1
1788814059.8210,963266,V,577,507,-1
1788814059.8210,963274,V,575,505,-1
1788814059.8692,963288,V,574,504,11236
1788814059.8693,963296,V,574,504,-1
1788814059.8693,963304,V,575,505,-1
1788814059.8693,963312,V,575,505,-1
1788814059.8693,963320,V,576,506,-1
1788814059.8693,963328,V,576,506,-1
1788814059.9179,963342,V,576,506,11237
1788814059.9180,963350,V,575,505,-1
1788814059.9180,963358,V,575,505,-1
1788814059.9180,963366,V,576,506,-1
1788814059.9180,963374,V,576,506,-1
1788814059.9180,963382,V,575,505,-1
1788814059.9666,963395,V,576,506,11238
1788814059.9666,963403,V,575,505,-1
1788814059.9667,963411,V,576,506,-1
1788814059.9667,963419,V,575,505,-1
1788814059.9667,963427,V,576,506,-1
1788814059.9667,963435,V,577,507,-1
1788814060.0671,963449,V,575,505,11239
1788814060.0672,963457,V,575,505,-1
1788814060.0672,963465,V,575,505,-1
1788814060.0672,963473,V,576,506,-1
1788814060.0672,963481,V,576,506,-1
1788814060.0672,963489,V,575,505,-1
1788814060.1131,963502,V,574,504,11240
1788814060.1131,963510,V,576,506,-1
1788814060.1131,963518,V,576,506,-1
1788814060.1131,963526,V,575,505,-1
1788814060.1131,963534,V,577,507,-1
1788814060.1131,963542,V,575,505,-1
1788814060.1619,963556,V,576,506,11241
1788814060.1619,963564,V,574,504,-1
1788814060.1619,963572,V,575,505,-1
1788814060.1619,963580,V,575,505,-1
1788814060.1619,963588,V,575,505,-1
1788814060.1619,963596,V,575,505,-1
1788814060.2115,963610,V,576,506,11242
1788814060.2115,963618,V,575,505,-1
1788814060.2115,963626,V,576,506,-1
1788814060.2115,963634,V,588,517,-1
1788814060.2115,963642,V,576,506,-1
1788814060.2115,963650,V,575,505,-1
1788814060.2605,963663,V,574,504,11243
1788814060.2605,963671,V,576,506,-1
1788814060.2606,963679,V,576,506,-1
1788814060.2606,963687,V,575,505,-1
1788814060.2606,963695,V,576,506,-1
1788814060.2607,963703,V,577,507,-1
1788814060.3090,963717,V,576,506,11244
1788814060.3092,963725,V,577,507,-1
1788814060.3092,963733,V,576,506,-1
1788814060.3092,963741,V,576,506,-1
1788814060.3092,963749,V,575,505,-1
1788814060.3092,963757,V,574,504,-1
1788814060.3571,963771,V,575,505,11245
1788814060.3571,963779,V,576,506,-1
1788814060.3572,963787,V,575,505,-1
1788814060.3572,963795,V,576,506,-1
1788814060.3572,963803,V,575,505,-1
1788814060.3572,963811,V,576,506,-1
1788814060.4056,963824,V,575,505,11246
1788814060.4056,963832,V,575,505,-1
1788814060.4056,963840,V,576,506,-1
1788814060.4056,963848,V,575,505,-1
1788814060.4056,963856,V,574,504,-1
1788814060.4056,963864,V,575,505,-1
1788814060.4543,963878,V,575,505,11247
1788814060.4543,963886,V,575,505,-1
1788814060.4543,963894,V,575,505,-1
1788814060.4543,963902,V,576,506,-1
1788814060.4543,963910,V,576,506,-1
1788814060.4543,963918,V,576,506,-1
1788814060.6014,963932,V,576,506,11248
1788814060.6015,963940,V,575,505,-1
1788814060.6015,963948,V,574,504,-1
1788814060.6015,963956,V,574,504,-1
1788814060.6015,963964,V,576,506,-1
1788814060.6015,963972,V,578,508,-1
1788814060.6025,963985,V,576,506,11249
1788814060.6025,963993,V,576,506,-1
1788814060.6025,964001,V,575,505,-1
1788814060.6025,964009,V,575,505,-1
1788814060.6025,964017,V,575,505,-1
1788814060.6025,964025,V,576,506,-1
1788814060.6490,964039,V,576,506,11250
1788814060.6490,964047,V,577,507,-1
1788814060.6490,964055,V,576,506,-1
1788814060.6490,964063,V,574,504,-1
1788814060.6490,964071,V,577,507,-1
1788814060.6490,964079,V,575,505,-1
1788814060.6989,964093,V,575,505,11251
1788814060.6989,964101,V,576,506,-1
1788814060.6990,964109,V,574,504,-1
1788814060.6990,964117,V,574,504,-1
1788814060.6990,964125,V,576,506,-1
1788814060.6990,964133,V,575,505,-1
1788814060.7478,964146,V,575,505,11252
1788814060.7478,964154,V,575,505,-1
1788814060.7479,964162,V,574,504,-1
1788814060.7479,964170,V,591,519,-1
1788814060.7479,964178,V,576,506,-1
1788814060.7479,964186,V,575,505,-1
1788814060.7966,964200,V,575,505,11253
1788814060.7966,964208,V,576,506,-1
1788814060.7967,964216,V,574,504,-1
1788814060.7967,964224,V,575,505,-1
1788814060.7967,964232,V,576,506,-1
1788814060.7967,964240,V,575,505,-1
1788814060.8444,964253,V,576,506,11254
1788814060.8445,964261,V,575,505,-1
1788814060.8445,964269,V,576,506,-1
1788814060.8445,964277,V,574,504,-1
1788814060.8445,964285,V,575,505,-1
1788814060.8445,964293,V,576,506,-1
1788814060.8933,964307,V,576,506,11255
1788814060.8934,964315,V,575,505,-1
1788814060.8934,964323,V,575,505,-1
1788814060.8934,964331,V,576,506,-1
1788814060.8934,964339,V,576,506,-1
1788814060.8934,964347,V,576,506,-1
1788814060.9419,964361,V,576,506,11256
1788814060.9419,964369,V,576,506,-1
1788814060.9419,964377,V,575,505,-1
1788814060.9419,964385,V,575,505,-1
1788814060.9419,964393,V,574,504,-1
1788814060.9420,964401,V,575,505,-1
1788814060.9902,964414,V,575,505,11257
1788814060.9902,964422,V,576,506,-1
1788814060.9902,964430,V,574,504,-1
1788814060.9902,964438,V,576,506,-1
1788814060.9902,964446,V,576,506,-1
1788814060.9902,964454,V,575,505,-1
1788814061.0392,964468,V,575,505,11258
1788814061.0392,964476,V,576,506,-1
1788814061.0392,964484,V,574,504,-1
1788814061.0392,964492,V,576,506,-1
1788814061.0392,964500,V,577,507,-1
1788814061.0392,964508,V,579,509,-1
1788814061.1387,964522,V,576,506,11259
1788814061.1389,964530,V,576,506,-1
1788814061.1390,964538,V,576,506,-1
1788814061.1390,964546,V,575,505,-1
1788814061.1390,964554,V,575,505,-1
1788814061.1390,964562,V,576,506,-1
1788814061.1859,964575,V,575,505,11260
1788814061.1859,964583,V,574,504,-1
1788814061.1859,964591,V,575,505,-1
1788814061.1859,964599,V,575,505,-1
1788814061.1859,964607,V,578,508,-1
1788814061.1859,964615,V,575,505,-1
1788814061.2343,964629,V,575,505,11261
1788814061.2343,964637,V,575,505,-1
1788814061.2343,964645,V,575,505,-1
1788814061.2343,964653,V,575,505,-1
1788814061.2344,964661,V,576,506,-1
1788814061.2344,964669,V,575,505,-1
1788814061.2830,964682,V,575,505,11262
1788814061.2830,964690,V,575,505,-1
1788814061.2830,964698,V,575,505,-1
1788814061.2830,964706,V,591,519,-1
1788814061.2830,964714,V,575,505,-1
1788814061.2831,964722,V,575,505,-1
1788814061.3319,964736,V,575,505,11263
1788814061.3320,964744,V,575,505,-1
1788814061.3320,964752,V,575,505,-1
1788814061.3320,964760,V,576,506,-1
1788814061.3320,964768,V,576,506,-1
1788814061.3320,964776,V,575,505,-1
1788814061.3808,964790,V,575,505,11264
1788814061.3809,964798,V,575,505,-1
1788814061.3809,964806,V,575,505,-1
1788814061.3809,964814,V,575,505,-1
1788814061.3810,964822,V,576,506,-1
1788814061.3810,964830,V,575,505,-1
1788814061.4293,964843,V,575,505,11265
1788814061.4294,964851,V,576,506,-1
1788814061.4294,964859,V,575,505,-1
1788814061.4294,964867,V,575,505,-1
1788814061.4294,964875,V,575,505,-1
1788814061.4294,964883,V,575,505,-1
1788814061.4780,964897,V,576,506,11266
1788814061.4780,964905,V,577,507,-1
1788814061.4780,964913,V,574,504,-1
1788814061.4780,964921,V,575,505,-1
1788814061.4780,964929,V,575,505,-1
1788814061.4780,964937,V,574,504,-1
1788814061.5271,964950,V,576,506,11267
1788814061.5272,964958,V,575,505,-1
1788814061.5272,964966,V,575,505,-1
1788814061.5272,964974,V,575,505,-1
1788814061.5272,964982,V,576,506,-1
1788814061.5272,964990,V,575,505,-1
1788814061.5757,965004,V,575,505,11268
1788814061.5757,965012,V,575,505,-1
1788814061.5757,965020,V,575,505,-1
1788814061.5757,965028,V,575,505,-1
1788814061.5757,965036,V,575,505,-1
1788814061.5757,965044,V,577,507,-1
1788814061.6734,965058,V,575,505,11269
1788814061.6735,965066,V,576,506,-1
1788814061.6735,965074,V,574,504,-1
1788814061.6735,965082,V,575,505,-1
1788814061.6735,965090,V,573,504,-1
1788814061.6735,965098,V,575,505,-1
1788814061.7231,965111,V,576,506,11270
1788814061.7232,965119,V,574,504,-1
1788814061.7232,965127,V,576,506,-1
1788814061.7232,965135,V,577,507,-1
1788814061.7232,965143,V,577,507,-1
1788814061.7232,965151,V,576,506,-1
1788814061.7706,965165,V,575,505,11271
1788814061.7707,965173,V,575,505,-1
1788814061.7707,965181,V,576,506,-1
1788814061.7707,965189,V,574,504,-1
1788814061.7707,965197,V,574,504,-1
1788814061.7707,965205,V,575,505,-1
1788814061.8194,965219,V,575,505,11272
1788814061.8194,965227,V,575,505,-1
1788814061.8194,965235,V,575,505,-1
1788814061.8194,965243,V,590,519,-1
1788814061.8194,965251,V,575,505,-1
1788814061.8194,965259,V,575,505,-1
1788814061.8679,965272,V,575,505,11273
1788814061.8679,965280,V,576,506,-1
1788814061.8679,965288,V,575,505,-1
1788814061.8679,965296,V,575,505,-1
1788814061.8679,965304,V,576,506,-1
1788814061.8679,965312,V,575,505,-1
1788814061.9170,965326,V,574,504,11274
1788814061.9172,965334,V,575,505,-1
1788814061.9172,965342,V,575,505,-1
1788814061.9172,965350,V,576,506,-1
1788814061.9172,965358,V,575,505,-1
1788814061.9172,965366,V,574,504,-1
1788814061.9659,965379,V,574,504,11275
1788814061.9660,965387,V,574,504,-1
1788814061.9660,965395,V,574,504,-1
1788814061.9660,965403,V,574,504,-1
1788814061.9660,965411,V,574,504,-1
1788814061.9660,965419,V,574,504,-1
1788814062.0141,965433,V,575,505,11276
1788814062.0141,965441,V,575,505,-1
1788814062.0141,965449,V,575,505,-1
1788814062.0141,965457,V,575,505,-1
1788814062.0142,965465,V,576,506,-1
1788814062.0142,965473,V,576,506,-1
1788814062.0645,965487,V,575,505,11277
1788814062.0645,965495,V,576,506,-1
1788814062.0646,965503,V,575,505,-1
1788814062.0646,965511,V,575,505,-1
1788814062.0647,965519,V,575,505,-1
1788814062.0647,965527,V,576,506,-1
1788814062.1117,965540,V,575,505,11278
1788814062.1118,965548,V,574,504,-1
1788814062.1118,965556,V,575,505,-1
1788814062.1118,965564,V,575,505,-1
1788814062.1118,965572,V,576,506,-1
1788814062.1118,965580,V,578,508,-1
1788814062.2097,965594,V,576,506,11279
1788814062.2099,965602,V,576,506,-1
1788814062.2099,965610,V,575,505,-1
1788814062.2099,965618,V,576,506,-1
1788814062.2099,965626,V,576,506,-1
1788814062.2099,965634,V,575,505,-1
1788814062.2587,965648,V,575,505,11280
1788814062.2587,965656,V,576,506,-1
1788814062.2587,965664,V,576,506,-1
1788814062.2587,965672,V,574,504,-1
1788814062.2587,965680,V,577,507,-1
1788814062.2587,965688,V,576,506,-1
1788814062.3067,965701,V,574,504,11281
1788814062.3067,965709,V,575,505,-1
1788814062.3067,965717,V,574,504,-1
1788814062.3067,965725,V,574,504,-1
1788814062.3067,965733,V,574,504,-1
1788814062.3067,965741,V,574,504,-1
1788814062.3554,965755,V,574,504,11282
1788814062.3554,965763,V,575,505,-1
1788814062.3554,965771,V,575,505,-1
1788814062.3554,965779,V,591,519,-1
1788814062.3554,965787,V,575,505,-1
1788814062.3554,965795,V,575,505,-1
1788814062.4052,965809,V,575,505,11283
1788814062.4052,965817,V,575,505,-1
1788814062.4052,965825,V,574,504,-1
1788814062.4052,965833,V,575,505,-1
1788814062.4052,965841,V,575,505,-1
1788814062.4052,965849,V,573,504,-1
1788814062.4539,965862,V,574,504,11284
1788814062.4540,965870,V,575,505,-1
1788814062.4540,965878,V,574,504,-1
1788814062.4540,965886,V,574,504,-1
1788814062.4540,965894,V,574,504,-1
1788814062.4541,965902,V,575,505,-1
1788814062.5021,965916,V,574,504,11285
1788814062.5021,965924,V,575,505,-1
1788814062.5022,965932,V,575,505,-1
1788814062.5022,965940,V,575,505,-1
1788814062.5022,965948,V,575,505,-1
1788814062.5022,965956,V,575,505,-1
1788814062.5516,965969,V,576,506,11286
1788814062.5517,965977,V,574,504,-1
1788814062.5517,965985,V,575,505,-1
1788814062.5517,965993,V,575,505,-1
1788814062.5517,966001,V,575,505,-1
1788814062.5517,966009,V,576,506,-1
1788814062.6483,966023,V,575,505,11287
1788814062.6483,966031,V,575,505,-1
1788814062.6484,966039,V,575,505,-1
1788814062.6484,966047,V,575,505,-1
1788814062.6484,966055,V,574,504,-1
1788814062.6484,966063,V,575,505,-1
1788814062.6496,966077,V,575,505,11288
1788814062.6496,966085,V,575,505,-1
1788814062.6496,966093,V,575,505,-1
1788814062.6496,966101,V,575,505,-1
1788814062.6496,966109,V,575,505,-1
1788814062.6496,966117,V,579,509,-1
1788814062.7455,966130,V,575,505,11289
1788814062.7457,966138,V,575,505,-1
1788814062.7457,966146,V,575,505,-1
1788814062.7457,966154,V,575,505,-1
1788814062.7457,966162,V,575,505,-1
1788814062.7457,966170,V,575,505,-1
1788814062.7947,966184,V,575,505,11290
1788814062.7947,966192,V,574,504,-1
1788814062.7947,966200,V,575,505,-1
1788814062.7947,966208,V,574,504,-1
1788814062.7947,966216,V,576,506,-1
1788814062.7947,966224,V,574,504,-1
1788814062.8431,966238,V,576,506,11291
1788814062.8431,966246,V,576,506,-1
1788814062.8431,966254,V,575,505,-1
1788814062.8431,966262,V,574,504,-1
1788814062.8431,966270,V,576,506,-1
1788814062.8431,966278,V,575,505,-1
1788814062.8916,966291,V,576,506,11292
1788814062.8916,966299,V,575,505,-1
1788814062.8916,966307,V,575,505,-1
1788814062.8916,966315,V,591,519,-1
1788814062.8916,966323,V,575,505,-1
1788814062.8916,966331,V,574,504,-1
1788814062.9405,966345,V,576,506,11293
1788814062.9405,966353,V,575,505,-1
1788814062.9405,966361,V,574,504,-1
1788814062.9405,966369,V,575,505,-1
1788814062.9405,966377,V,575,505,-1
1788814062.9405,966385,V,575,505,-1
1788814062.9891,966399,V,575,505,11294
1788814062.9892,966407,V,576,506,-1
1788814062.9893,966415,V,575,505,-1
1788814062.9893,966423,V,576,506,-1
1788814062.9893,966431,V,575,505,-1
1788814062.9893,966439,V,575,505,-1
1788814063.0393,966452,V,575,505,11295
1788814063.0394,966460,V,576,506,-1
1788814063.0394,966468,V,576,506,-1
1788814063.0394,966476,V,576,506,-1
1788814063.0394,966484,V,574,504,-1
1788814063.0394,966492,V,575,505,-1
1788814063.0902,966506,V,575,505,11296
1788814063.0903,966514,V,576,506,-1
1788814063.0903,966522,V,574,504,-1
1788814063.0903,966530,V,575,505,-1
1788814063.0903,966538,V,575,505,-1
1788814063.0903,966546,V,575,505,-1
1788814063.1355,966559,V,574,504,11297
1788814063.1356,966567,V,576,506,-1
1788814063.1356,966575,V,575,505,-1
1788814063.1356,966583,V,576,506,-1
1788814063.1356,966591,V,575,505,-1
1788814063.1356,966599,V,577,507,-1
1788814063.1839,966613,V,575,505,11298
1788814063.1840,966621,V,575,505,-1
1788814063.1840,966629,V,575,505,-1
1788814063.1840,966637,V,577,507,-1
1788814063.1840,966645,V,574,504,-1
1788814063.1840,966653,V,579,509,-1
1788814063.2819,966667,V,575,505,11299
1788814063.2820,966675,V,575,505,-1
1788814063.2820,966683,V,575,505,-1
1788814063.2820,966691,V,576,506,-1
1788814063.2820,966699,V,575,505,-1
1788814063.2821,966707,V,575,505,-1
1788814063.3308,966720,V,576,506,11300
1788814063.3309,966728,V,575,505,-1
1788814063.3309,966736,V,575,505,-1
1788814063.3309,966744,V,576,506,-1
1788814063.3309,966752,V,578,508,-1
1788814063.3309,966760,V,575,505,-1
1788814063.3792,966774,V,575,505,11301
1788814063.3792,966782,V,575,505,-1
1788814063.3792,966790,V,576,506,-1
1788814063.3792,966798,V,575,505,-1
1788814063.3792,966806,V,575,505,-1
1788814063.3792,966814,V,575,505,-1
1788814063.4278,966828,V,575,505,11302
1788814063.4278,966836,V,575,505,-1
1788814063.4278,966844,V,575,505,-1
1788814063.4278,966852,V,582,512,-1
1788814063.4278,966860,V,575,505,-1
1788814063.4278,966868,V,575,505,-1
1788814063.4774,966881,V,575,505,11303
1788814063.4775,966889,V,576,506,-1
1788814063.4775,966897,V,575,505,-1
1788814063.4775,966905,V,575,505,-1
1788814063.4775,966913,V,575,505,-1
1788814063.4775,966921,V,574,504,-1
1788814063.5254,966935,V,576,506,11304
1788814063.5255,966943,V,576,506,-1
1788814063.5256,966951,V,577,507,-1
1788814063.5256,966959,V,576,506,-1
1788814063.5256,966967,V,575,505,-1
1788814063.5256,966975,V,575,505,-1
1788814063.5749,966989,V,575,505,11305
1788814063.5749,966997,V,575,505,-1
1788814063.5749,967005,V,575,505,-1
1788814063.5749,967013,V,575,505,-1
1788814063.5749,967021,V,575,505,-1
1788814063.5750,967029,V,575,505,-1
1788814063.6232,967042,V,576,506,11306
1788814063.6232,967050,V,575,505,-1
1788814063.6232,967058,V,576,506,-1
1788814063.6232,967066,V,575,505,-1
1788814063.6232,967074,V,575,505,-1
1788814063.6232,967082,V,576,506,-1
1788814063.6717,967096,V,576,506,11307
1788814063.6717,967104,V,575,505,-1
1788814063.6717,967112,V,575,505,-1
1788814063.6717,967120,V,575,505,-1
1788814063.6717,967128,V,575,505,-1
1788814063.6717,967136,V,574,504,-1
1788814063.7206,967149,V,576,506,11308
1788814063.7206,967157,V,575,505,-1
1788814063.7206,967165,V,576,506,-1
1788814063.7206,967173,V,575,505,-1
1788814063.7207,967181,V,575,505,-1
1788814063.7207,967189,V,581,511,-1
1788814063.8182,967203,V,576,506,11309
1788814063.8183,967211,V,575,505,-1
1788814063.8183,967219,V,575,505,-1
1788814063.8184,967227,V,575,505,-1
1788814063.8184,967235,V,576,506,-1
1788814063.8184,967243,V,575,505,-1
1788814063.8671,967257,V,575,505,11310
1788814063.8672,967265,V,575,505,-1
1788814063.8672,967273,V,576,506,-1
1788814063.8672,967281,V,575,505,-1
1788814063.8672,967289,V,580,510,-1
1788814063.8672,967297,V,576,506,-1
1788814063.9165,967310,V,574,504,11311
1788814063.9165,967318,V,575,505,-1
1788814063.9165,967326,V,575,505,-1
1788814063.9165,967334,V,575,505,-1
1788814063.9165,967342,V,576,506,-1
1788814063.9165,967350,V,575,505,-1
1788814063.9652,967364,V,576,506,11312
1788814063.9653,967372,V,575,505,-1
1788814063.9653,967380,V,575,505,-1
1788814063.9653,967388,V,579,509,-1
1788814063.9653,967396,V,576,506,-1
1788814063.9653,967404,V,576,506,-1
1788814064.0139,967418,V,577,507,11313
1788814064.0139,967426,V,576,506,-1
1788814064.0139,967434,V,575,505,-1
1788814064.0139,967442,V,575,505,-1
1788814064.0139,967450,V,576,506,-1
1788814064.0140,967458,V,575,505,-1
1788814064.0620,967471,V,576,506,11314
1788814064.0622,967479,V,575,505,-1
1788814064.0622,967487,V,576,506,-1
1788814064.0622,967495,V,576,506,-1
1788814064.0622,967503,V,576,506,-1
1788814064.0622,967511,V,576,506,-1
1788814064.1114,967525,V,576,506,11315
1788814064.1115,967533,V,576,506,-1
1788814064.1115,967541,V,576,506,-1
1788814064.1115,967549,V,574,504,-1
1788814064.1115,967557,V,576,506,-1
1788814064.1115,967565,V,575,505,-1
1788814064.1595,967579,V,575,505,11316
1788814064.1595,967587,V,576,506,-1
1788814064.1595,967595,V,575,505,-1
1788814064.1595,967603,V,576,506,-1
1788814064.1595,967611,V,575,505,-1
1788814064.1595,967619,V,576,506,-1
1788814064.2081,967632,V,577,507,11317
1788814064.2081,967640,V,575,505,-1
1788814064.2081,967648,V,575,505,-1
1788814064.2081,967656,V,576,506,-1
1788814064.2082,967664,V,575,505,-1
1788814064.2082,967672,V,575,505,-1
1788814064.2577,967686,V,575,505,11318
1788814064.2577,967694,V,576,506,-1
1788814064.2577,967702,V,575,505,-1
1788814064.2577,967710,V,576,506,-1
1788814064.2577,967718,V,576,506,-1
1788814064.2577,967726,V,579,509,-1
1788814064.3545,967739,V,576,506,11319
1788814064.3547,967747,V,577,507,-1
1788814064.3547,967755,V,576,506,-1
1788814064.3547,967763,V,576,506,-1
1788814064.3547,967771,V,575,505,-1
1788814064.3547,967779,V,574,504,-1
1788814064.4031,967793,V,576,506,11320
1788814064.4031,967801,V,576,506,-1
1788814064.4031,967809,V,576,506,-1
1788814064.4031,967817,V,575,505,-1
1788814064.4031,967825,V,580,510,-1
1788814064.4032,967833,V,575,505,-1
1788814064.4519,967847,V,575,505,11321
1788814064.4519,967855,V,575,505,-1
1788814064.4519,967863,V,575,505,-1
1788814064.4519,967871,V,576,506,-1
1788814064.4519,967879,V,575,505,-1
1788814064.4519,967887,V,575,505,-1
1788814064.5006,967900,V,574,504,11322
1788814064.5006,967908,V,574,504,-1
1788814064.5006,967916,V,576,506,-1
1788814064.5006,967924,V,583,512,-1
1788814064.5006,967932,V,576,506,-1
1788814064.5006,967940,V,574,504,-1
1788814064.5498,967954,V,575,505,11323
1788814064.5498,967962,V,576,506,-1
1788814064.5498,967970,V,575,505,-1
1788814064.5499,967978,V,575,505,-1
1788814064.5499,967986,V,575,505,-1
1788814064.5499,967994,V,575,505,-1
1788814064.5986,968008,V,575,505,11324
1788814064.5990,968016,V,575,505,-1
1788814064.5991,968024,V,574,504,-1
1788814064.5991,968032,V,575,505,-1
1788814064.5991,968040,V,575,505,-1
1788814064.5991,968048,V,575,505,-1
1788814064.6472,968061,V,575,505,11325
1788814064.6473,968069,V,575,505,-1
1788814064.6473,968077,V,575,505,-1
1788814064.6473,968085,V,575,505,-1
1788814064.6473,968093,V,576,506,-1
1788814064.6473,968101,V,575,505,-1
1788814064.7472,968115,V,575,505,11326
1788814064.7472,968123,V,575,505,-1
1788814064.7472,968131,V,577,507,-1
1788814064.7472,968139,V,575,505,-1
1788814064.7472,968147,V,574,504,-1
1788814064.7472,968155,V,576,506,-1
1788814064.7474,968169,V,578,508,11327
1788814064.7474,968177,V,574,504,-1
1788814064.7474,968185,V,575,505,-1
1788814064.7475,968193,V,575,505,-1
1788814064.7475,968201,V,575,505,-1
1788814064.7475,968209,V,575,505,-1
1788814064.7935,968222,V,576,506,11328
1788814064.7936,968230,V,574,504,-1
1788814064.7936,968238,V,575,505,-1
1788814064.7936,968246,V,575,505,-1
1788814064.7936,968254,V,575,505,-1
1788814064.7936,968262,V,577,507,-1
1788814064.8911,968276,V,575,505,11329
1788814064.8912,968284,V,575,505,-1
1788814064.8912,968292,V,576,506,-1
1788814064.8912,968300,V,575,505,-1
1788814064.8913,968308,V,575,505,-1
1788814064.8913,968316,V,575,505,-1
1788814064.9399,968330,V,575,505,11330
1788814064.9399,968338,V,576,506,-1
1788814064.9399,968346,V,576,506,-1
1788814064.9399,968354,V,575,505,-1
1788814064.9400,968362,V,586,515,-1
1788814064.9400,968370,V,575,505,-1
1788814064.9879,968383,V,576,506,11331
1788814064.9879,968391,V,575,505,-1
1788814064.9879,968399,V,575,505,-1
1788814064.9879,968407,V,575,505,-1
1788814064.9879,968415,V,575,505,-1
1788814064.9879,968423,V,575,505,-1
1788814065.0368,968437,V,576,506,11332
1788814065.0368,968445,V,575,505,-1
1788814065.0368,968453,V,576,506,-1
1788814065.0368,968461,V,577,507,-1
1788814065.0368,968469,V,575,505,-1
1788814065.0368,968477,V,575,505,-1
1788814065.0874,968490,V,575,505,11333
1788814065.0874,968498,V,575,505,-1
1788814065.0874,968506,V,575,505,-1
1788814065.0874,968514,V,576,506,-1
1788814065.0874,968522,V,574,504,-1
1788814065.0875,968530,V,574,504,-1
1788814065.1344,968544,V,576,506,11334
1788814065.1346,968552,V,574,504,-1
1788814065.1346,968560,V,575,505,-1
1788814065.1346,968568,V,575,505,-1
1788814065.1346,968576,V,575,505,-1
1788814065.1346,968584,V,576,506,-1
1788814065.1844,968598,V,575,505,11335
1788814065.1845,968606,V,575,505,-1
1788814065.1845,968614,V,574,504,-1
1788814065.1845,968622,V,575,505,-1
1788814065.1845,968630,V,574,504,-1
1788814065.1846,968638,V,575,505,-1
1788814065.2320,968651,V,576,506,11336
1788814065.2320,968659,V,575,505,-1
1788814065.2320,968667,V,575,505,-1
1788814065.2320,968675,V,575,505,-1
1788814065.2320,968683,V,574,504,-1
1788814065.2321,968691,V,574,504,-1
1788814065.2808,968705,V,578,508,11337
1788814065.2808,968713,V,574,504,-1
1788814065.2808,968721,V,575,505,-1
1788814065.2808,968729,V,575,505,-1
1788814065.2808,968737,V,576,506,-1
1788814065.2808,968745,V,575,505,-1
1788814065.3292,968759,V,574,504,11338
1788814065.3292,968767,V,575,505,-1
1788814065.3292,968775,V,575,505,-1
1788814065.3292,968783,V,575,505,-1
1788814065.3292,968791,V,574,504,-1
1788814065.3292,968799,V,576,506,-1
1788814065.4269,968812,V,575,505,11339
1788814065.4270,968820,V,576,506,-1
1788814065.4270,968828,V,575,505,-1
1788814065.4270,968836,V,575,505,-1
1788814065.4270,968844,V,576,506,-1
1788814065.4270,968852,V,576,506,-1
1788814065.4760,968866,V,575,505,11340
1788814065.4760,968874,V,576,506,-1
1788814065.4760,968882,V,575,505,-1
1788814065.4760,968890,V,576,506,-1
1788814065.4760,968898,V,586,515,-1
1788814065.4760,968906,V,574,504,-1
1788814065.5241,968920,V,575,505,11341
1788814065.5242,968928,V,576,506,-1
1788814065.5242,968936,V,576,506,-1
1788814065.5242,968944,V,575,505,-1
1788814065.5242,968952,V,576,506,-1
1788814065.5242,968960,V,575,505,-1
1788814065.5731,968973,V,576,506,11342
1788814065.5731,968981,V,576,506,-1
1788814065.5731,968989,V,576,506,-1
1788814065.5731,968997,V,576,506,-1
1788814065.5731,969005,V,575,505,-1
1788814065.5731,969013,V,576,506,-1
1788814065.6214,969027,V,575,505,11343
1788814065.6214,969035,V,575,505,-1
1788814065.6214,969043,V,574,504,-1
1788814065.6214,969051,V,575,505,-1
1788814065.6214,969059,V,576,506,-1
1788814065.6214,969067,V,575,505,-1
1788814065.6704,969081,V,575,505,11344
1788814065.6704,969089,V,576,506,-1
1788814065.6704,969097,V,575,505,-1
1788814065.6704,969105,V,575,505,-1
1788814065.6704,969113,V,575,505,-1
1788814065.6704,969121,V,576,506,-1
1788814065.7194,969134,V,574,504,11345
1788814065.7194,969142,V,575,505,-1
1788814065.7194,969150,V,574,504,-1
1788814065.7194,969158,V,575,505,-1
1788814065.7194,969166,V,574,504,-1
1788814065.7194,969174,V,575,505,-1
1788814065.7681,969188,V,577,507,11346
1788814065.7681,969196,V,576,506,-1
1788814065.7681,969204,V,575,505,-1
1788814065.7681,969212,V,575,505,-1
1788814065.7681,969220,V,576,506,-1
1788814065.7681,969228,V,575,505,-1
1788814065.8182,969242,V,578,508,11347
1788814065.8183,969250,V,576,506,-1
1788814065.8183,969258,V,575,505,-1
1788814065.8183,969266,V,575,505,-1
1788814065.8183,969274,V,576,506,-1
1788814065.8183,969282,V,575,505,-1
1788814065.9144,969295,V,575,505,11348
1788814065.9145,969303,V,575,505,-1
1788814065.9145,969311,V,575,505,-1
1788814065.9146,969319,V,575,505,-1
1788814065.9146,969327,V,576,506,-1
1788814065.9146,969335,V,578,508,-1
1788814065.9645,969349,V,575,505,11349
1788814065.9646,969357,V,575,505,-1
1788814065.9646,969365,V,575,505,-1
1788814065.9646,969373,V,576,506,-1
1788814065.9646,969381,V,576,506,-1
1788814065.9646,969389,V,575,505,-1
1788814066.0129,969403,V,576,506,11350
1788814066.0130,969411,V,575,505,-1
1788814066.0130,969419,V,576,506,-1
1788814066.0130,969427,V,576,506,-1
1788814066.0130,969435,V,577,507,-1
1788814066.0130,969443,V,576,506,-1
1788814066.0616,969457,V,576,506,11351
1788814066.0616,969465,V,575,505,-1
1788814066.0616,969473,V,576,506,-1
1788814066.0616,969481,V,575,505,-1
1788814066.0617,969489,V,576,506,-1
1788814066.0617,969497,V,576,506,-1
1788814066.1113,969510,V,576,506,11352
1788814066.1113,969518,V,576,506,-1
1788814066.1113,969526,V,577,507,-1
1788814066.1114,969534,V,576,506,-1
1788814066.1114,969542,V,575,505,-1
1788814066.1114,969550,V,575,505,-1
1788814066.1594,969564,V,576,506,11353
1788814066.1595,969572,V,576,506,-1
1788814066.1595,969580,V,576,506,-1
1788814066.1595,969588,V,576,506,-1
1788814066.1595,969596,V,576,506,-1
1788814066.1596,969604,V,575,505,-1
1788814066.2086,969617,V,576,506,11354
1788814066.2086,969625,V,575,505,-1
1788814066.2086,969633,V,576,506,-1
1788814066.2087,969641,V,575,505,-1
1788814066.2087,969649,V,577,507,-1
1788814066.2087,969657,V,576,506,-1
1788814066.2554,969671,V,575,505,11355
1788814066.2554,969679,V,580,510,-1
1788814066.2555,969687,V,576,506,-1
1788814066.2555,969695,V,575,505,-1
1788814066.2555,969703,V,575,505,-1
1788814066.2555,969711,V,575,505,-1
1788814066.3046,969725,V,574,504,11356
1788814066.3046,969733,V,575,505,-1
1788814066.3046,969741,V,575,505,-1
1788814066.3046,969749,V,576,506,-1
1788814066.3046,969757,V,575,505,-1
1788814066.3046,969765,V,576,506,-1
1788814066.3531,969778,V,577,507,11357
1788814066.3531,969786,V,575,505,-1
1788814066.3531,969794,V,574,504,-1
1788814066.3531,969802,V,575,505,-1
1788814066.3531,969810,V,575,505,-1
1788814066.3531,969818,V,575,505,-1
1788814066.4507,969832,V,575,505,11358
1788814066.4509,969840,V,576,506,-1
1788814066.4509,969848,V,576,506,-1
1788814066.4509,969856,V,575,505,-1
1788814066.4509,969864,V,575,505,-1
1788814066.4509,969872,V,589,518,-1
1788814066.4998,969886,V,576,506,11359
1788814066.4999,969894,V,576,506,-1
1788814066.4999,969902,V,576,506,-1
1788814066.4999,969910,V,575,505,-1
1788814066.4999,969918,V,575,505,-1
1788814066.4999,969926,V,575,505,-1
1788814066.5970,969939,V,575,505,11360
1788814066.5970,969947,V,574,504,-1
1788814066.5970,969955,V,576,506,-1
1788814066.5970,969963,V,575,505,-1
1788814066.5971,969971,V,575,505,-1
1788814066.5971,969979,V,575,505,-1
1788814066.5981,969993,V,575,505,11361
1788814066.5981,970001,V,575,505,-1
1788814066.5981,970009,V,575,505,-1
1788814066.5982,970017,V,575,505,-1
1788814066.5982,970025,V,574,504,-1
1788814066.5982,970033,V,575,505,-1
1788814066.6457,970047,V,576,506,11362
1788814066.6458,970055,V,575,505,-1
1788814066.6458,970063,V,576,506,-1
1788814066.6458,970071,V,576,506,-1
1788814066.6458,970079,V,575,505,-1
1788814066.6458,970087,V,576,506,-1
1788814066.6944,970100,V,576,506,11363
1788814066.6946,970108,V,575,505,-1
1788814066.6946,970116,V,576,506,-1
1788814066.6946,970124,V,576,506,-1
1788814066.6946,970132,V,575,505,-1
1788814066.6946,970140,V,575,505,-1
1788814066.8408,970154,V,576,506,11364
1788814066.8408,970162,V,575,505,-1
1788814066.8408,970170,V,575,505,-1
1788814066.8408,970178,V,576,506,-1
1788814066.8408,970186,V,575,505,-1
1788814066.8408,970194,V,576,506,-1
1788814066.8420,970207,V,576,506,11365
1788814066.8420,970215,V,579,509,-1
1788814066.8420,970223,V,576,506,-1
1788814066.8420,970231,V,576,506,-1
1788814066.8420,970239,V,574,504,-1
1788814066.8420,970247,V,574,504,-1
1788814066.8423,970261,V,575,505,11366
1788814066.8423,970269,V,576,506,-1
1788814066.8423,970277,V,575,505,-1
1788814066.8423,970285,V,575,505,-1
1788814066.8423,970293,V,576,506,-1
1788814066.8423,970301,V,575,505,-1
1788814066.8899,970315,V,577,507,11367
1788814066.8899,970323,V,575,505,-1
1788814066.8899,970331,V,575,505,-1
1788814066.8901,970339,V,574,504,-1
1788814066.8901,970347,V,576,506,-1
1788814066.8901,970355,V,575,505,-1
1788814066.9872,970368,V,576,506,11368
1788814066.9873,970376,V,576,506,-1
1788814066.9873,970384,V,575,505,-1
1788814066.9873,970392,V,574,504,-1
1788814066.9873,970400,V,576,506,-1
1788814066.9874,970408,V,588,517,-1
1788814067.0360,970422,V,575,505,11369
1788814067.0360,970430,V,575,505,-1
1788814067.0360,970438,V,575,505,-1
1788814067.0360,970446,V,574,504,-1
1788814067.0360,970454,V,575,505,-1
1788814067.0360,970462,V,575,505,-1
1788814067.0843,970476,V,576,506,11370
1788814067.0843,970484,V,575,505,-1
1788814067.0843,970492,V,575,505,-1
1788814067.0843,970500,V,574,504,-1
1788814067.0843,970508,V,573,504,-1
1788814067.0843,970516,V,575,505,-1
1788814067.1821,970529,V,575,505,11371
1788814067.1821,970537,V,575,505,-1
1788814067.1821,970545,V,575,505,-1
1788814067.1821,970553,V,576,506,-1
1788814067.1821,970561,V,573,504,-1
1788814067.1821,970569,V,576,506,-1
1788814067.1831,970583,V,574,504,11372
1788814067.1831,970591,V,576,506,-1
1788814067.1831,970599,V,574,504,-1
1788814067.1831,970607,V,576,506,-1
1788814067.1831,970615,V,576,506,-1
1788814067.1831,970623,V,575,505,-1
1788814067.2306,970637,V,575,505,11373
1788814067.2307,970645,V,575,505,-1
1788814067.2307,970653,V,576,506,-1
1788814067.2307,970661,V,576,506,-1
1788814067.2307,970669,V,574,504,-1
1788814067.2308,970677,V,575,505,-1
1788814067.2797,970690,V,574,504,11374
1788814067.2797,970698,V,574,504,-1
1788814067.2798,970706,V,575,505,-1
1788814067.2798,970714,V,577,507,-1
1788814067.2798,970722,V,576,506,-1
1788814067.2798,970730,V,576,506,-1
1788814067.3283,970744,V,576,506,11375
1788814067.3283,970752,V,579,509,-1
1788814067.3283,970760,V,575,505,-1
1788814067.3283,970768,V,575,505,-1
1788814067.3283,970776,V,576,506,-1
1788814067.3283,970784,V,574,504,-1
1788814067.3770,970798,V,575,505,11376
1788814067.3770,970806,V,575,505,-1
1788814067.3770,970814,V,575,505,-1
1788814067.3770,970822,V,577,507,-1
1788814067.3772,970830,V,576,506,-1
1788814067.3772,970838,V,575,505,-1
1788814067.4262,970851,V,586,515,11377
1788814067.4262,970859,V,574,504,-1
1788814067.4262,970867,V,575,505,-1
1788814067.4262,970875,V,575,505,-1
1788814067.4262,970883,V,575,505,-1
1788814067.4262,970891,V,575,505,-1
1788814067.5720,970905,V,574,504,11378
1788814067.5721,970913,V,576,506,-1
1788814067.5722,970921,V,575,505,-1
1788814067.5722,970929,V,575,505,-1
1788814067.5722,970937,V,575,505,-1
1788814067.5722,970945,V,577,507,-1
1788814067.5731,970959,V,575,505,11379
1788814067.5732,970967,V,576,506,-1
1788814067.5732,970975,V,576,506,-1
1788814067.5732,970983,V,575,505,-1
1788814067.5732,970991,V,575,505,-1
1788814067.5732,970999,V,576,506,-1
1788814067.6210,971012,V,576,506,11380
1788814067.6211,971020,V,575,505,-1
1788814067.6211,971028,V,576,506,-1
1788814067.6211,971036,V,575,505,-1
1788814067.6211,971044,V,576,506,-1
1788814067.6211,971052,V,575,505,-1
1788814067.6697,971066,V,576,506,11381
1788814067.6697,971074,V,576,506,-1
1788814067.6697,971082,V,576,506,-1
1788814067.6697,971090,V,575,505,-1
1788814067.6697,971098,V,575,505,-1
1788814067.6697,971106,V,574,504,-1
1788814067.7183,971120,V,575,505,11382
1788814067.7184,971128,V,574,504,-1
1788814067.7184,971136,V,575,505,-1
1788814067.7184,971144,V,574,504,-1
1788814067.7184,971152,V,575,505,-1
1788814067.7184,971160,V,575,505,-1
1788814067.7670,971173,V,574,504,11383
1788814067.7670,971181,V,575,505,-1
1788814067.7670,971189,V,579,509,-1
1788814067.7670,971197,V,575,505,-1
1788814067.7671,971205,V,575,505,-1
1788814067.7671,971213,V,575,505,-1
1788814067.8157,971227,V,574,504,11384
1788814067.8158,971235,V,574,504,-1
1788814067.8158,971243,V,576,506,-1
1788814067.8158,971251,V,576,506,-1
1788814067.8158,971259,V,575,505,-1
1788814067.8158,971267,V,575,505,-1
1788814067.8648,971281,V,574,504,11385
1788814067.8648,971289,V,577,507,-1
1788814067.8648,971297,V,574,504,-1
1788814067.8648,971305,V,575,505,-1
1788814067.8648,971313,V,575,505,-1
1788814067.8649,971321,V,575,505,-1
1788814067.9132,971334,V,576,506,11386
1788814067.9133,971342,V,576,506,-1
1788814067.9133,971350,V,575,505,-1
1788814067.9133,971358,V,576,506,-1
1788814067.9133,971366,V,576,506,-1
1788814067.9133,971374,V,576,506,-1
1788814067.9621,971388,V,590,519,11387
1788814067.9621,971396,V,575,505,-1
1788814067.9621,971404,V,575,505,-1
1788814067.9621,971412,V,574,504,-1
1788814067.9621,971420,V,575,505,-1
1788814067.9621,971428,V,575,505,-1
1788814068.0595,971442,V,575,505,11388
1788814068.0596,971450,V,574,504,-1
1788814068.0596,971458,V,575,505,-1
1788814068.0596,971466,V,575,505,-1
1788814068.0596,971474,V,574,504,-1
1788814068.0596,971482,V,574,504,-1
1788814068.1100,971495,V,575,505,11389
1788814068.1100,971503,V,575,505,-1
1788814068.1100,971511,V,576,506,-1
1788814068.1100,971519,V,575,505,-1
1788814068.1100,971527,V,577,507,-1
1788814068.1100,971535,V,575,505,-1
1788814068.1570,971549,V,576,506,11390
1788814068.1570,971557,V,577,507,-1
1788814068.1570,971565,V,576,506,-1
1788814068.1570,971573,V,575,505,-1
1788814068.1570,971581,V,575,505,-1
1788814068.1570,971589,V,576,506,-1
1788814068.2056,971603,V,574,504,11391
1788814068.2057,971611,V,576,506,-1
1788814068.2057,971619,V,575,505,-1
1788814068.2057,971627,V,575,505,-1
1788814068.2057,971635,V,577,507,-1
1788814068.2057,971643,V,576,506,-1
1788814068.2544,971656,V,575,505,11392
1788814068.2544,971664,V,576,506,-1
1788814068.2545,971672,V,575,505,-1
1788814068.2545,971680,V,574,504,-1
1788814068.2545,971688,V,575,505,-1
1788814068.2545,971696,V,575,505,-1
1788814068.4007,971710,V,575,505,11393
1788814068.4008,971718,V,575,505,-1
1788814068.4008,971726,V,580,510,-1
1788814068.4009,971734,V,575,505,-1
1788814068.4009,971742,V,575,505,-1
1788814068.4009,971750,V,576,506,-1
1788814068.4019,971763,V,575,505,11394
1788814068.4019,971771,V,576,506,-1
1788814068.4019,971779,V,576,506,-1
1788814068.4019,971787,V,575,505,-1
1788814068.4019,971795,V,575,505,-1
1788814068.4019,971803,V,577,507,-1
1788814068.4040,971817,V,576,506,11395
1788814068.4040,971825,V,580,510,-1
1788814068.4040,971833,V,575,505,-1
1788814068.4040,971841,V,576,506,-1
1788814068.4040,971849,V,575,505,-1
1788814068.4040,971857,V,576,506,-1
1788814068.4508,971871,V,575,505,11396
1788814068.4508,971879,V,575,505,-1
1788814068.4508,971887,V,575,505,-1
1788814068.4508,971895,V,575,505,-1
1788814068.4508,971903,V,575,505,-1
1788814068.4508,971911,V,574,504,-1
1788814068.4982,971925,V,582,512,11397
1788814068.4983,971933,V,574,504,-1
1788814068.4983,971941,V,576,506,-1
1788814068.4983,971949,V,576,506,-1
1788814068.4983,971957,V,576,506,-1
1788814068.4983,971965,V,576,506,-1
1788814068.5963,971978,V,576,506,11398
1788814068.5963,971986,V,576,506,-1
1788814068.5963,971994,V,575,505,-1
1788814068.5963,972002,V,575,505,-1
1788814068.5964,972010,V,575,505,-1
1788814068.5964,972018,V,579,509,-1
1788814068.6444,972032,V,577,507,11399
1788814068.6445,972040,V,576,506,-1
1788814068.6445,972048,V,578,508,-1
1788814068.6445,972056,V,576,506,-1
1788814068.6445,972064,V,576,506,-1
1788814068.6446,972072,V,575,505,-1
1788814068.6937,972085,V,577,507,11400
1788814068.6937,972093,V,576,506,-1
1788814068.6937,972101,V,574,504,-1
1788814068.6937,972109,V,576,506,-1
1788814068.6937,972117,V,575,505,-1
1788814068.6937,972125,V,575,505,-1
1788814068.7429,972139,V,575,505,11401
1788814068.7429,972147,V,576,506,-1
1788814068.7429,972155,V,575,505,-1
1788814068.7430,972163,V,577,507,-1
1788814068.7430,972171,V,576,506,-1
1788814068.7430,972179,V,575,505,-1
1788814068.7916,972193,V,576,506,11402
1788814068.7917,972201,V,575,505,-1
1788814068.7917,972209,V,576,506,-1
1788814068.7917,972217,V,575,505,-1
1788814068.7917,972225,V,575,505,-1
1788814068.7917,972233,V,575,505,-1
1788814068.8403,972246,V,576,506,11403
1788814068.8403,972254,V,576,506,-1
1788814068.8403,972262,V,578,508,-1
1788814068.8403,972270,V,576,506,-1
1788814068.8403,972278,V,575,505,-1
1788814068.8404,972286,V,575,505,-1
1788814068.9371,972300,V,575,505,11404
1788814068.9372,972308,V,576,506,-1
1788814068.9372,972316,V,576,506,-1
1788814068.9372,972324,V,575,505,-1
1788814068.9372,972332,V,575,505,-1
1788814068.9372,972340,V,575,505,-1
1788814068.9383,972354,V,574,504,11405
1788814068.9383,972362,V,585,514,-1
1788814068.9383,972370,V,574,504,-1
1788814068.9383,972378,V,576,506,-1
1788814068.9383,972386,V,574,504,-1
1788814068.9383,972394,V,575,505,-1
1788814068.9861,972407,V,575,505,11406
1788814068.9861,972415,V,576,506,-1
1788814068.9861,972423,V,576,506,-1
1788814068.9861,972431,V,575,505,-1
1788814068.9862,972439,V,575,505,-1
1788814068.9862,972447,V,575,505,-1
1788814069.0348,972461,V,575,505,11407
1788814069.0348,972469,V,576,506,-1
1788814069.0348,972477,V,575,505,-1
1788814069.0348,972485,V,575,505,-1
1788814069.0348,972493,V,576,506,-1
1788814069.0348,972501,V,575,505,-1
1788814069.1351,972515,V,576,506,11408
1788814069.1351,972523,V,575,505,-1
1788814069.1351,972531,V,575,505,-1
1788814069.1351,972539,V,575,505,-1
1788814069.1351,972547,V,575,505,-1
1788814069.1351,972555,V,576,506,-1
1788814069.1838,972568,V,576,506,11409
1788814069.1839,972576,V,575,505,-1
1788814069.1839,972584,V,575,505,-1
1788814069.1839,972592,V,575,505,-1
1788814069.1839,972600,V,574,504,-1
1788814069.1839,972608,V,576,506,-1
1788814069.2301,972622,V,576,506,11410
1788814069.2301,972630,V,575,505,-1
1788814069.2301,972638,V,575,505,-1
1788814069.2301,972646,V,575,505,-1
1788814069.2301,972654,V,575,505,-1
1788814069.2301,972662,V,576,506,-1
1788814069.2791,972676,V,576,506,11411
1788814069.2791,972684,V,575,505,-1
1788814069.2791,972692,V,576,506,-1
1788814069.2791,972700,V,579,509,-1
1788814069.2791,972708,V,576,506,-1
1788814069.2791,972716,V,575,505,-1
1788814069.3277,972729,V,575,505,11412
1788814069.3278,972737,V,575,505,-1
1788814069.3278,972745,V,575,505,-1
1788814069.3278,972753,V,575,505,-1
1788814069.3278,972761,V,575,505,-1
1788814069.3278,972769,V,575,505,-1
1788814069.3757,972783,V,575,505,11413
1788814069.3757,972791,V,575,505,-1
1788814069.3757,972799,V,576,506,-1
1788814069.3758,972807,V,574,504,-1
1788814069.3758,972815,V,575,505,-1
1788814069.3758,972823,V,575,505,-1
1788814069.4246,972836,V,575,505,11414
1788814069.4247,972844,V,574,504,-1
1788814069.4247,972852,V,576,506,-1
1788814069.4247,972860,V,575,505,-1
1788814069.4248,972868,V,575,505,-1
1788814069.4248,972876,V,576,506,-1
1788814069.4739,972890,V,574,504,11415
1788814069.4739,972898,V,591,519,-1
1788814069.4739,972906,V,575,505,-1
1788814069.4739,972914,V,574,504,-1
1788814069.4739,972922,V,575,505,-1
1788814069.4740,972930,V,575,505,-1
1788814069.5218,972944,V,575,505,11416
1788814069.5219,972952,V,575,505,-1
1788814069.5219,972960,V,576,506,-1
1788814069.5219,972968,V,574,504,-1
1788814069.5219,972976,V,574,504,-1
1788814069.5219,972984,V,575,505,-1
1788814069.6198,972997,V,575,505,11417
1788814069.6198,973005,V,575,505,-1
1788814069.6198,973013,V,575,505,-1
1788814069.6198,973021,V,576,506,-1
1788814069.6198,973029,V,575,505,-1
1788814069.6198,973037,V,574,504,-1
1788814069.6683,973051,V,577,507,11418
1788814069.6684,973059,V,575,505,-1
1788814069.6684,973067,V,576,506,-1
1788814069.6684,973075,V,575,505,-1
1788814069.6684,973083,V,576,506,-1
1788814069.6684,973091,V,576,506,-1
1788814069.7174,973105,V,575,505,11419
1788814069.7174,973113,V,575,505,-1
1788814069.7174,973121,V,574,504,-1
1788814069.7175,973129,V,574,504,-1
1788814069.7175,973137,V,575,505,-1
1788814069.7175,973145,V,574,504,-1
1788814069.7661,973158,V,575,505,11420
1788814069.7661,973166,V,575,505,-1
1788814069.7661,973174,V,575,505,-1
1788814069.7661,973182,V,575,505,-1
1788814069.7661,973190,V,575,505,-1
1788814069.7661,973198,V,574,504,-1
1788814069.8143,973212,V,575,505,11421
1788814069.8143,973220,V,575,505,-1
1788814069.8143,973228,V,574,504,-1
1788814069.8143,973236,V,579,509,-1
1788814069.8143,973244,V,574,504,-1
1788814069.8144,973252,V,576,506,-1
1788814069.8633,973266,V,574,504,11422
1788814069.8633,973274,V,574,504,-1
1788814069.8633,973282,V,574,504,-1
1788814069.8633,973290,V,576,506,-1
1788814069.8633,973298,V,575,505,-1
1788814069.8634,973306,V,575,505,-1
1788814069.9129,973319,V,574,504,11423
1788814069.9130,973327,V,574,504,-1
1788814069.9130,973335,V,578,508,-1
1788814069.9130,973343,V,574,504,-1
1788814069.9130,973351,V,575,505,-1
1788814069.9130,973359,V,574,504,-1
1788814069.9608,973373,V,576,506,11424
1788814069.9608,973381,V,575,505,-1
1788814069.9608,973389,V,574,504,-1
1788814069.9608,973397,V,576,506,-1
1788814069.9608,973405,V,575,505,-1
1788814069.9608,973413,V,575,505,-1
1788814070.0098,973427,V,575,505,11425
1788814070.0098,973435,V,576,506,-1
1788814070.0098,973443,V,574,504,-1
1788814070.0098,973451,V,574,504,-1
1788814070.0099,973459,V,575,505,-1
1788814070.0099,973467,V,575,505,-1
1788814070.0584,973481,V,575,505,11426
1788814070.0584,973489,V,575,505,-1
1788814070.0585,973497,V,575,505,-1
1788814070.0585,973505,V,575,505,-1
1788814070.0585,973513,V,574,504,-1
1788814070.0585,973521,V,575,505,-1
1788814070.1084,973534,V,575,505,11427
1788814070.1084,973542,V,575,505,-1
1788814070.1084,973550,V,575,505,-1
1788814070.1084,973558,V,576,506,-1
1788814070.1084,973566,V,576,506,-1
1788814070.1084,973574,V,576,506,-1
1788814070.2045,973588,V,575,505,11428
1788814070.2047,973596,V,575,505,-1
1788814070.2047,973604,V,575,505,-1
1788814070.2047,973612,V,575,505,-1
1788814070.2047,973620,V,575,505,-1
1788814070.2047,973628,V,576,506,-1
1788814070.2536,973642,V,576,506,11429
1788814070.2537,973650,V,575,505,-1
1788814070.2537,973658,V,575,505,-1
1788814070.2537,973666,V,575,505,-1
1788814070.2537,973674,V,577,507,-1
1788814070.2537,973682,V,575,505,-1
1788814070.3019,973695,V,575,505,11430
1788814070.3019,973703,V,575,505,-1
1788814070.3019,973711,V,576,506,-1
1788814070.3019,973719,V,575,505,-1
1788814070.3019,973727,V,574,504,-1
1788814070.3019,973735,V,576,506,-1
1788814070.3507,973749,V,576,506,11431
1788814070.3507,973757,V,576,506,-1
1788814070.3507,973765,V,575,505,-1
1788814070.3507,973773,V,578,508,-1
1788814070.3507,973781,V,576,506,-1
1788814070.3507,973789,V,575,505,-1
1788814070.3990,973802,V,575,505,11432
1788814070.3990,973810,V,575,505,-1
1788814070.3990,973818,V,575,505,-1
1788814070.3990,973826,V,576,506,-1
1788814070.3990,973834,V,575,505,-1
1788814070.3990,973842,V,575,505,-1
1788814070.4482,973856,V,575,505,11433
1788814070.4483,973864,V,576,506,-1
1788814070.4483,973872,V,588,517,-1
1788814070.4483,973880,V,576,506,-1
1788814070.4483,973888,V,574,504,-1
1788814070.4483,973896,V,576,506,-1
1788814070.4969,973910,V,577,507,11434
1788814070.4969,973918,V,575,505,-1
1788814070.4969,973926,V,576,506,-1
1788814070.4969,973934,V,575,505,-1
1788814070.4969,973942,V,576,506,-1
1788814070.4969,973950,V,575,505,-1
1788814070.5465,973963,V,575,505,11435
1788814070.5465,973971,V,575,505,-1
1788814070.5465,973979,V,575,505,-1
1788814070.5465,973987,V,575,505,-1
1788814070.5465,973995,V,574,504,-1
1788814070.5466,974003,V,575,505,-1
1788814070.6430,974017,V,574,504,11436
1788814070.6431,974025,V,575,505,-1
1788814070.6431,974033,V,575,505,-1
1788814070.6431,974041,V,575,505,-1
1788814070.6431,974049,V,576,506,-1
1788814070.6431,974057,V,576,506,-1
1788814070.6444,974071,V,576,506,11437
1788814070.6444,974079,V,575,505,-1
1788814070.6444,974087,V,576,506,-1
1788814070.6444,974095,V,576,506,-1
1788814070.6444,974103,V,574,504,-1
1788814070.6444,974111,V,576,506,-1
1788814070.7418,974124,V,576,506,11438
1788814070.7419,974132,V,575,505,-1
1788814070.7420,974140,V,575,505,-1
1788814070.7420,974148,V,575,505,-1
1788814070.7420,974156,V,575,505,-1
1788814070.7420,974164,V,576,506,-1
1788814070.8396,974178,V,576,506,11439
1788814070.8396,974186,V,575,505,-1
1788814070.8396,974194,V,575,505,-1
1788814070.8396,974202,V,575,505,-1
1788814070.8397,974210,V,579,509,-1
1788814070.8397,974218,V,575,505,-1
1788814070.8408,974232,V,575,505,11440
1788814070.8408,974240,V,575,505,-1
1788814070.8408,974248,V,576,506,-1
1788814070.8408,974256,V,575,505,-1
1788814070.8408,974264,V,576,506,-1
1788814070.8408,974272,V,575,505,-1
1788814070.8882,974285,V,576,506,11441
1788814070.8882,974293,V,576,506,-1
1788814070.8883,974301,V,576,506,-1
1788814070.8883,974309,V,578,508,-1
1788814070.8883,974317,V,575,505,-1
1788814070.8883,974325,V,575,505,-1
1788814070.9369,974339,V,575,505,11442
1788814070.9369,974347,V,575,505,-1
1788814070.9369,974355,V,575,505,-1
1788814070.9369,974363,V,575,505,-1
1788814070.9369,974371,V,575,505,-1
1788814070.9370,974379,V,575,505,-1
1788814071.0334,974393,V,574,504,11443
1788814071.0335,974401,V,576,506,-1
1788814071.0336,974409,V,592,520,-1
1788814071.0336,974417,V,576,506,-1
1788814071.0337,974425,V,575,505,-1
1788814071.0337,974433,V,575,505,-1
1788814071.0352,974446,V,576,506,11444
1788814071.0352,974454,V,575,505,-1
1788814071.0352,974462,V,575,505,-1
1788814071.0352,974470,V,576,506,-1
1788814071.0352,974478,V,575,505,-1
1788814071.0352,974486,V,575,505,-1
1788814071.0824,974500,V,575,505,11445
1788814071.0824,974508,V,583,512,-1
1788814071.0824,974516,V,577,507,-1
1788814071.0824,974524,V,575,505,-1
1788814071.0824,974532,V,574,504,-1
1788814071.0824,974540,V,576,506,-1
1788814071.1326,974553,V,576,506,11446
1788814071.1326,974561,V,576,506,-1
1788814071.1326,974569,V,575,505,-1
1788814071.1326,974577,V,576,506,-1
1788814071.1326,974585,V,576,506,-1
1788814071.1326,974593,V,575,505,-1
1788814071.1793,974607,V,576,506,11447
1788814071.1793,974615,V,575,505,-1
1788814071.1793,974623,V,577,507,-1
1788814071.1793,974631,V,576,506,-1
1788814071.1793,974639,V,576,506,-1
1788814071.1793,974647,V,575,505,-1
1788814071.2771,974661,V,576,506,11448
1788814071.2773,974669,V,574,504,-1
1788814071.2773,974677,V,575,505,-1
1788814071.2773,974685,V,575,505,-1
1788814071.2773,974693,V,575,505,-1
1788814071.2773,974701,V,575,505,-1
1788814071.3268,974714,V,574,504,11449
1788814071.3268,974722,V,575,505,-1
1788814071.3268,974730,V,576,506,-1
1788814071.3268,974738,V,575,505,-1
1788814071.3269,974746,V,580,510,-1
1788814071.3269,974754,V,576,506,-1
1788814071.4730,974768,V,575,505,11450
1788814071.4730,974776,V,576,506,-1
1788814071.4730,974784,V,575,505,-1
1788814071.4730,974792,V,576,506,-1
1788814071.4730,974800,V,576,506,-1
1788814071.4730,974808,V,576,506,-1
1788814071.4744,974822,V,575,505,11451
1788814071.4744,974830,V,575,505,-1
1788814071.4744,974838,V,577,507,-1
1788814071.4744,974846,V,577,507,-1
1788814071.4744,974854,V,575,505,-1
1788814071.4744,974862,V,575,505,-1
1788814071.4747,974875,V,576,506,11452
1788814071.4747,974883,V,577,507,-1
1788814071.4747,974891,V,575,505,-1
1788814071.4747,974899,V,576,506,-1
1788814071.4747,974907,V,576,506,-1
1788814071.4747,974915,V,577,507,-1
1788814071.5210,974929,V,575,505,11453
1788814071.5211,974937,V,576,506,-1
1788814071.5211,974945,V,593,521,-1
1788814071.5212,974953,V,577,507,-1
1788814071.5212,974961,V,576,506,-1
1788814071.5212,974969,V,576,506,-1
1788814071.5713,974983,V,575,505,11454
1788814071.5713,974991,V,575,505,-1
1788814071.5713,974999,V,576,506,-1
1788814071.5713,975007,V,575,505,-1
1788814071.5713,975015,V,576,506,-1
1788814071.5713,975023,V,575,505,-1
1788814071.6672,975037,V,576,506,11455
1788814071.6672,975045,V,575,505,-1
1788814071.6672,975053,V,575,505,-1
1788814071.6672,975061,V,575,505,-1
1788814071.6672,975069,V,575,505,-1
1788814071.6672,975077,V,575,505,-1
1788814071.6684,975090,V,576,506,11456
1788814071.6684,975098,V,576,506,-1
1788814071.6684,975106,V,576,506,-1
1788814071.6684,975114,V,576,506,-1
1788814071.6684,975122,V,575,505,-1
1788814071.6684,975130,V,575,505,-1
1788814071.7158,975144,V,576,506,11457
1788814071.7158,975152,V,576,506,-1
1788814071.7158,975160,V,575,505,-1
1788814071.7158,975168,V,575,505,-1
1788814071.7158,975176,V,575,505,-1
1788814071.7158,975184,V,579,509,-1
1788814071.8137,975198,V,575,505,11458
1788814071.8139,975206,V,576,506,-1
1788814071.8139,975214,V,576,506,-1
1788814071.8139,975222,V,576,506,-1
1788814071.8139,975230,V,576,506,-1
1788814071.8139,975238,V,575,505,-1
1788814071.8625,975251,V,575,505,11459
1788814071.8626,975259,V,576,506,-1
1788814071.8626,975267,V,576,506,-1
1788814071.8626,975275,V,575,505,-1
1788814071.8626,975283,V,577,507,-1
1788814071.8626,975291,V,576,506,-1
1788814071.9106,975305,V,575,505,11460
1788814071.9106,975313,V,577,507,-1
1788814071.9106,975321,V,576,506,-1
1788814071.9106,975329,V,576,506,-1
1788814071.9106,975337,V,575,505,-1
1788814071.9106,975345,V,576,506,-1
1788814071.9596,975359,V,577,507,11461
1788814071.9596,975367,V,576,506,-1
1788814071.9596,975375,V,576,506,-1
1788814071.9596,975383,V,590,519,-1
1788814071.9596,975391,V,575,505,-1
1788814071.9596,975399,V,575,505,-1
1788814072.0087,975412,V,576,506,11462
1788814072.0087,975420,V,575,505,-1
1788814072.0087,975428,V,575,505,-1
1788814072.0087,975436,V,575,505,-1
1788814072.0087,975444,V,576,506,-1
1788814072.0087,975452,V,575,505,-1
1788814072.0571,975466,V,576,506,11463
1788814072.0572,975474,V,576,506,-1
1788814072.0573,975482,V,576,506,-1
1788814072.0573,975490,V,576,506,-1
1788814072.0573,975498,V,576,506,-1
1788814072.0573,975506,V,576,506,-1
1788814072.1567,975520,V,577,507,11464
1788814072.1567,975528,V,576,506,-1
1788814072.1567,975536,V,577,507,-1
1788814072.1567,975544,V,576,506,-1
1788814072.1567,975552,V,576,506,-1
1788814072.1567,975560,V,576,506,-1
1788814072.1571,975573,V,576,506,11465
1788814072.1571,975581,V,576,506,-1
1788814072.1571,975589,V,576,506,-1
1788814072.1571,975597,V,576,506,-1
1788814072.1571,975605,V,576,506,-1
1788814072.1571,975613,V,575,505,-1
1788814072.2030,975627,V,576,506,11466
1788814072.2031,975635,V,576,506,-1
1788814072.2031,975643,V,577,507,-1
1788814072.2031,975651,V,576,506,-1
1788814072.2031,975659,V,576,506,-1
1788814072.2031,975667,V,575,505,-1
1788814072.2521,975680,V,577,507,11467
1788814072.2521,975688,V,577,507,-1
1788814072.2522,975696,V,576,506,-1
1788814072.2522,975704,V,576,506,-1
1788814072.2522,975712,V,576,506,-1
1788814072.2522,975720,V,580,510,-1
1788814072.3499,975734,V,575,505,11468
1788814072.3501,975742,V,576,506,-1
1788814072.3501,975750,V,576,506,-1
1788814072.3501,975758,V,576,506,-1
1788814072.3501,975766,V,576,506,-1
1788814072.3501,975774,V,576,506,-1
1788814072.3988,975788,V,575,505,11469
1788814072.3988,975796,V,576,506,-1
1788814072.3988,975804,V,576,506,-1
1788814072.3988,975812,V,576,506,-1
1788814072.3988,975820,V,577,507,-1
1788814072.3988,975828,V,575,505,-1
1788814072.4471,975841,V,576,506,11470
1788814072.4471,975849,V,575,505,-1
1788814072.4471,975857,V,576,506,-1
1788814072.4471,975865,V,576,506,-1
1788814072.4471,975873,V,576,506,-1
1788814072.4471,975881,V,575,505,-1
1788814072.4975,975895,V,576,506,11471
1788814072.4976,975903,V,576,506,-1
1788814072.4976,975911,V,576,506,-1
1788814072.4976,975919,V,591,519,-1
1788814072.4976,975927,V,575,505,-1
1788814072.4976,975935,V,576,506,-1
1788814072.5444,975948,V,575,505,11472
1788814072.5445,975956,V,577,507,-1
1788814072.5445,975964,V,576,506,-1
1788814072.5445,975972,V,576,506,-1
1788814072.5445,975980,V,576,506,-1
1788814072.5445,975988,V,576,506,-1
1788814072.5933,976002,V,576,506,11473
1788814072.5934,976010,V,577,507,-1
1788814072.5934,976018,V,577,507,-1
1788814072.5934,976026,V,576,506,-1
1788814072.5934,976034,V,576,506,-1
1788814072.5934,976042,V,575,505,-1
1788814072.6912,976055,V,575,505,11474
1788814072.6913,976063,V,576,506,-1
1788814072.6913,976071,V,576,506,-1
1788814072.6913,976079,V,576,506,-1
1788814072.6913,976087,V,576,506,-1
1788814072.6913,976095,V,576,506,-1
1788814072.6923,976109,V,576,506,11475
1788814072.6923,976117,V,576,506,-1
1788814072.6923,976125,V,576,506,-1
1788814072.6924,976133,V,575,505,-1
1788814072.6924,976141,V,576,506,-1
1788814072.6924,976149,V,576,506,-1
1788814072.7396,976163,V,576,506,11476
1788814072.7396,976171,V,575,505,-1
1788814072.7396,976179,V,576,506,-1
1788814072.7396,976187,V,575,505,-1
1788814072.7398,976195,V,575,505,-1
1788814072.7398,976203,V,576,506,-1
1788814072.7889,976216,V,576,506,11477
1788814072.7889,976224,V,576,506,-1
1788814072.7889,976232,V,576,506,-1
1788814072.7889,976240,V,576,506,-1
1788814072.7889,976248,V,575,505,-1
1788814072.7889,976256,V,579,509,-1
1788814072.8859,976270,V,575,505,11478
1788814072.8861,976278,V,575,505,-1
1788814072.8861,976286,V,575,505,-1
1788814072.8861,976294,V,576,506,-1
1788814072.8861,976302,V,577,507,-1
1788814072.8861,976310,V,576,506,-1
1788814072.9350,976324,V,577,507,11479
1788814072.9350,976332,V,576,506,-1
1788814072.9350,976340,V,577,507,-1
1788814072.9350,976348,V,576,506,-1
1788814072.9351,976356,V,577,507,-1
1788814072.9351,976364,V,575,505,-1
1788814072.9834,976377,V,575,505,11480
1788814072.9834,976385,V,575,505,-1
1788814072.9834,976393,V,576,506,-1
1788814072.9834,976401,V,576,506,-1
1788814072.9834,976409,V,574,504,-1
1788814072.9834,976417,V,576,506,-1
1788814073.0321,976431,V,575,505,11481
1788814073.0321,976439,V,576,506,-1
1788814073.0321,976447,V,575,505,-1
1788814073.0321,976455,V,590,519,-1
1788814073.0321,976463,V,576,506,-1
1788814073.0321,976471,V,576,506,-1
1788814073.1297,976485,V,575,505,11482
1788814073.1299,976493,V,575,505,-1
1788814073.1299,976501,V,576,506,-1
1788814073.1299,976509,V,576,506,-1
1788814073.1299,976517,V,576,506,-1
1788814073.1299,976525,V,575,505,-1
1788814073.1313,976538,V,577,507,11483
1788814073.1313,976546,V,575,505,-1
1788814073.1313,976554,V,576,506,-1
1788814073.1313,976562,V,576,506,-1
1788814073.1314,976570,V,576,506,-1
1788814073.1314,976578,V,575,505,-1
1788814073.1798,976592,V,576,506,11484
1788814073.1798,976600,V,576,506,-1
1788814073.1798,976608,V,576,506,-1
1788814073.1798,976616,V,576,506,-1
1788814073.1798,976624,V,577,507,-1
1788814073.1799,976632,V,577,507,-1
1788814073.2271,976646,V,576,506,11485
1788814073.2271,976654,V,577,507,-1
1788814073.2271,976662,V,577,507,-1
1788814073.2271,976670,V,577,507,-1
1788814073.2271,976678,V,576,506,-1
1788814073.2271,976686,V,577,507,-1
1788814073.2758,976699,V,577,507,11486
1788814073.2759,976707,V,575,505,-1
1788814073.2759,976715,V,575,505,-1
1788814073.2759,976723,V,575,505,-1
1788814073.2759,976731,V,576,506,-1
1788814073.2759,976739,V,576,506,-1
1788814073.3246,976753,V,576,506,11487
1788814073.3246,976761,V,576,506,-1
1788814073.3246,976769,V,577,507,-1
1788814073.3246,976777,V,576,506,-1
1788814073.3246,976785,V,576,506,-1
1788814073.3246,976793,V,581,511,-1
1788814073.4227,976807,V,576,506,11488
1788814073.4229,976815,V,576,506,-1
1788814073.4229,976823,V,575,505,-1
1788814073.4229,976831,V,575,505,-1
1788814073.4229,976839,V,575,505,-1
1788814073.4229,976847,V,575,505,-1
1788814073.4720,976860,V,576,506,11489
1788814073.4721,976868,V,576,506,-1
1788814073.4721,976876,V,576,506,-1
1788814073.4721,976884,V,576,506,-1
1788814073.4721,976892,V,580,510,-1
1788814073.4721,976900,V,576,506,-1
1788814073.5206,976914,V,576,506,11490
1788814073.5206,976922,V,576,506,-1
1788814073.5206,976930,V,576,506,-1
1788814073.5206,976938,V,576,506,-1
1788814073.5206,976946,V,575,505,-1
1788814073.5206,976954,V,576,506,-1
1788814073.5692,976968,V,577,507,11491
1788814073.5692,976976,V,576,506,-1
1788814073.5692,976984,V,576,506,-1
1788814073.5692,976992,V,583,512,-1
1788814073.5692,977000,V,575,505,-1
1788814073.5692,977008,V,577,507,-1
1788814073.6171,977021,V,575,505,11492
1788814073.6171,977029,V,577,507,-1
1788814073.6171,977037,V,574,504,-1
1788814073.6171,977045,V,575,505,-1
1788814073.6171,977053,V,576,506,-1
1788814073.6171,977061,V,576,506,-1
1788814073.6659,977075,V,577,507,11493
1788814073.6660,977083,V,576,506,-1
1788814073.6660,977091,V,576,506,-1
1788814073.6661,977099,V,576,506,-1
1788814073.6661,977107,V,577,507,-1
1788814073.6661,977115,V,577,507,-1
1788814073.7156,977129,V,576,506,11494
1788814073.7156,977137,V,576,506,-1
1788814073.7156,977145,V,576,506,-1
1788814073.7156,977153,V,576,506,-1
1788814073.7156,977161,V,576,506,-1
1788814073.7156,977169,V,576,506,-1
1788814073.7634,977182,V,576,506,11495
1788814073.7634,977190,V,576,506,-1
1788814073.7634,977198,V,576,506,-1
1788814073.7634,977206,V,576,506,-1
1788814073.7634,977214,V,575,505,-1
1788814073.7634,977222,V,576,506,-1
1788814073.8130,977236,V,578,508,11496
1788814073.8130,977244,V,575,505,-1
1788814073.8130,977252,V,575,505,-1
1788814073.8131,977260,V,575,505,-1
1788814073.8131,977268,V,576,506,-1
1788814073.8131,977276,V,575,505,-1
1788814073.8617,977289,V,576,506,11497
1788814073.8617,977297,V,576,506,-1
1788814073.8617,977305,V,576,506,-1
1788814073.8617,977313,V,576,506,-1
1788814073.8618,977321,V,576,506,-1
1788814073.8618,977329,V,580,510,-1
1788814073.9592,977343,V,575,505,11498
1788814073.9593,977351,V,576,506,-1
1788814073.9593,977359,V,575,505,-1
1788814073.9593,977367,V,576,506,-1
1788814073.9593,977375,V,576,506,-1
1788814073.9593,977383,V,576,506,-1
1788814074.0073,977397,V,577,507,11499
1788814074.0073,977405,V,576,506,-1
1788814074.0073,977413,V,576,506,-1
1788814074.0073,977421,V,575,505,-1
1788814074.0073,977429,V,580,510,-1
1788814074.0073,977437,V,576,506,-1
1788814074.0569,977450,V,576,506,11500
1788814074.0569,977458,V,576,506,-1
1788814074.0569,977466,V,575,505,-1
1788814074.0569,977474,V,575,505,-1
1788814074.0569,977482,V,576,506,-1
1788814074.0569,977490,V,575,505,-1
1788814074.1047,977504,V,576,506,11501
1788814074.1047,977512,V,575,505,-1
1788814074.1047,977520,V,576,506,-1
1788814074.1047,977528,V,583,512,-1
1788814074.1047,977536,V,576,506,-1
1788814074.1047,977544,V,575,505,-1
1788814074.1533,977558,V,575,505,11502
1788814074.1533,977566,V,576,506,-1
1788814074.1533,977574,V,577,507,-1
1788814074.1533,977582,V,576,506,-1
1788814074.1533,977590,V,577,507,-1
1788814074.1533,977598,V,577,507,-1
1788814074.2020,977611,V,576,506,11503
1788814074.2022,977619,V,577,507,-1
1788814074.2022,977627,V,576,506,-1
1788814074.2022,977635,V,577,507,-1
1788814074.2022,977643,V,576,506,-1
1788814074.2022,977651,V,576,506,-1
1788814074.2514,977665,V,576,506,11504
1788814074.2514,977673,V,576,506,-1
1788814074.2515,977681,V,577,507,-1
1788814074.2515,977689,V,576,506,-1
1788814074.2515,977697,V,577,507,-1
1788814074.2515,977705,V,577,507,-1
1788814074.2996,977718,V,575,505,11505
1788814074.2996,977726,V,575,505,-1
1788814074.2996,977734,V,576,506,-1
1788814074.2996,977742,V,575,505,-1
1788814074.2996,977750,V,576,506,-1
1788814074.2996,977758,V,574,504,-1
1788814074.3483,977772,V,580,510,11506
1788814074.3483,977780,V,576,506,-1
1788814074.3483,977788,V,577,507,-1
1788814074.3483,977796,V,576,506,-1
1788814074.3483,977804,V,576,506,-1
1788814074.3483,977812,V,575,505,-1
1788814074.3972,977826,V,575,505,11507
1788814074.3972,977834,V,576,506,-1
1788814074.3972,977842,V,576,506,-1
1788814074.3972,977850,V,575,505,-1
1788814074.3972,977858,V,576,506,-1
1788814074.3972,977866,V,578,508,-1
1788814074.4946,977880,V,577,507,11508
1788814074.4948,977888,V,576,506,-1
1788814074.4948,977896,V,576,506,-1
1788814074.4948,977904,V,575,505,-1
1788814074.4948,977912,V,574,504,-1
1788814074.4948,977920,V,576,506,-1
1788814074.5932,977934,V,576,506,11509
1788814074.5932,977942,V,575,505,-1
1788814074.5932,977950,V,575,505,-1
1788814074.5932,977958,V,577,507,-1
1788814074.5932,977966,V,584,513,-1
1788814074.5932,977974,V,576,506,-1
1788814074.5954,977987,V,576,506,11510
1788814074.5954,977995,V,575,505,-1
1788814074.5954,978003,V,576,506,-1
1788814074.5955,978011,V,575,505,-1
1788814074.5955,978019,V,575,505,-1
1788814074.5955,978027,V,576,506,-1
1788814074.6418,978041,V,576,506,11511
1788814074.6418,978049,V,575,505,-1
1788814074.6418,978057,V,577,507,-1
1788814074.6418,978065,V,576,506,-1
1788814074.6418,978073,V,576,506,-1
1788814074.6418,978081,V,576,506,-1
1788814074.6897,978095,V,576,506,11512
1788814074.6897,978103,V,575,505,-1
1788814074.6897,978111,V,575,505,-1
1788814074.6897,978119,V,575,505,-1
1788814074.6897,978127,V,575,505,-1
1788814074.6897,978135,V,575,505,-1
1788814074.7393,978148,V,576,506,11513
1788814074.7394,978156,V,576,506,-1
1788814074.7394,978164,V,575,505,-1
1788814074.7394,978172,V,575,505,-1
1788814074.7394,978180,V,576,506,-1
1788814074.7394,978188,V,575,505,-1
1788814074.8363,978202,V,575,505,11514
1788814074.8363,978210,V,579,509,-1
1788814074.8363,978218,V,576,506,-1
1788814074.8363,978226,V,575,505,-1
1788814074.8363,978234,V,576,506,-1
1788814074.8363,978242,V,575,505,-1
1788814074.8374,978256,V,575,505,11515
1788814074.8375,978264,V,575,505,-1
1788814074.8375,978272,V,574,504,-1
1788814074.8375,978280,V,574,504,-1
1788814074.8375,978288,V,576,506,-1
1788814074.8375,978296,V,575,505,-1
1788814074.8848,978309,V,577,507,11516
1788814074.8848,978317,V,575,505,-1
1788814074.8848,978325,V,575,505,-1
1788814074.8848,978333,V,575,505,-1
1788814074.8848,978341,V,575,505,-1
1788814074.8848,978349,V,576,506,-1
1788814074.9822,978363,V,574,504,11517
1788814074.9823,978371,V,575,505,-1
1788814074.9823,978379,V,574,504,-1
1788814074.9823,978387,V,575,505,-1
1788814074.9823,978395,V,575,505,-1
1788814074.9824,978403,V,587,516,-1
1788814075.0314,978417,V,574,504,11518
1788814075.0315,978425,V,575,505,-1
1788814075.0315,978433,V,576,506,-1
1788814075.0315,978441,V,575,505,-1
1788814075.0315,978449,V,576,506,-1
1788814075.0315,978457,V,576,506,-1
1788814075.0796,978470,V,575,505,11519
1788814075.0797,978478,V,576,506,-1
1788814075.0797,978486,V,574,504,-1
1788814075.0797,978494,V,576,506,-1
1788814075.0797,978502,V,576,506,-1
1788814075.0797,978510,V,575,505,-1
1788814075.1284,978524,V,575,505,11520
1788814075.1284,978532,V,575,505,-1
1788814075.1284,978540,V,575,505,-1
1788814075.1284,978548,V,576,506,-1
1788814075.1284,978556,V,575,505,-1
1788814075.1284,978564,V,577,507,-1
1788814075.2259,978578,V,576,506,11521
1788814075.2260,978586,V,575,505,-1
1788814075.2260,978594,V,576,506,-1
1788814075.2260,978602,V,576,506,-1
1788814075.2260,978610,V,575,505,-1
1788814075.2260,978618,V,575,505,-1
1788814075.2276,978631,V,576,506,11522
1788814075.2276,978639,V,576,506,-1
1788814075.2276,978647,V,577,507,-1
1788814075.2276,978655,V,576,506,-1
1788814075.2276,978663,V,576,506,-1
1788814075.2276,978671,V,577,507,-1
1788814075.2751,978685,V,576,506,11523
1788814075.2751,978693,V,577,507,-1
1788814075.2751,978701,V,575,505,-1
1788814075.2751,978709,V,576,506,-1
1788814075.2751,978717,V,575,505,-1
1788814075.2751,978725,V,575,505,-1
1788814075.3236,978739,V,575,505,11524
1788814075.3236,978747,V,580,510,-1
1788814075.3236,978755,V,576,506,-1
1788814075.3236,978763,V,575,505,-1
1788814075.3236,978771,V,575,505,-1
1788814075.3236,978779,V,575,505,-1
1788814075.3721,978792,V,574,504,11525
1788814075.3722,978800,V,574,504,-1
1788814075.3722,978808,V,576,506,-1
1788814075.3722,978816,V,575,505,-1
1788814075.3722,978824,V,576,506,-1
1788814075.3722,978832,V,575,505,-1
1788814075.4209,978846,V,581,511,11526
1788814075.4209,978854,V,575,505,-1
1788814075.4209,978862,V,575,505,-1
1788814075.4209,978870,V,576,506,-1
1788814075.4210,978878,V,576,506,-1
1788814075.4210,978886,V,576,506,-1
1788814075.5180,978900,V,576,506,11527
1788814075.5180,978908,V,575,505,-1
1788814075.5180,978916,V,576,506,-1
1788814075.5180,978924,V,576,506,-1
1788814075.5180,978932,V,576,506,-1
1788814075.5180,978940,V,578,508,-1
1788814075.5672,978954,V,576,506,11528
1788814075.5672,978962,V,576,506,-1
1788814075.5672,978970,V,575,505,-1
1788814075.5672,978978,V,575,505,-1
1788814075.5672,978986,V,576,506,-1
1788814075.5672,978994,V,575,505,-1
1788814075.6157,979007,V,576,506,11529
1788814075.6157,979015,V,575,505,-1
1788814075.6157,979023,V,576,506,-1
1788814075.6157,979031,V,575,505,-1
1788814075.6157,979039,V,575,505,-1
1788814075.6157,979047,V,575,505,-1
1788814075.6643,979061,V,575,505,11530
1788814075.6643,979069,V,575,505,-1
1788814075.6643,979077,V,575,505,-1
1788814075.6643,979085,V,576,506,-1
1788814075.6643,979093,V,575,505,-1
1788814075.6643,979101,V,575,505,-1
1788814075.7136,979114,V,576,506,11531
1788814075.7136,979122,V,576,506,-1
1788814075.7136,979130,V,574,504,-1
1788814075.7137,979138,V,576,506,-1
1788814075.7137,979146,V,576,506,-1
1788814075.7137,979154,V,576,506,-1
1788814075.7624,979168,V,576,506,11532
1788814075.7625,979176,V,581,511,-1
1788814075.7625,979184,V,584,513,-1
1788814075.7626,979192,V,580,510,-1
1788814075.7626,979200,V,580,510,-1
1788814075.7626,979208,V,579,509,-1
1788814075.8109,979222,V,581,511,11533
1788814075.8109,979230,V,581,511,-1
1788814075.8109,979238,V,581,511,-1
1788814075.8109,979246,V,580,510,-1
1788814075.8109,979254,V,575,505,-1
1788814075.8109,979262,V,575,505,-1
1788814075.8597,979275,V,575,505,11534
1788814075.8597,979283,V,576,506,-1
1788814075.8597,979291,V,575,505,-1
1788814075.8597,979299,V,574,504,-1
1788814075.8597,979307,V,575,505,-1
1788814075.8597,979315,V,574,504,-1
1788814075.9084,979329,V,576,506,11535
1788814075.9084,979337,V,576,506,-1
1788814075.9084,979345,V,575,505,-1
1788814075.9084,979353,V,576,506,-1
1788814075.9084,979361,V,575,505,-1
1788814075.9085,979369,V,575,505,-1
1788814075.9571,979383,V,590,519,11536
1788814075.9571,979391,V,576,506,-1
1788814075.9571,979399,V,576,506,-1
1788814075.9571,979407,V,576,506,-1
1788814075.9571,979415,V,575,505,-1
1788814075.9571,979423,V,575,505,-1
1788814076.0551,979436,V,576,506,11537
1788814076.0552,979444,V,575,505,-1
1788814076.0552,979452,V,576,506,-1
1788814076.0553,979460,V,576,506,-1
1788814076.0553,979468,V,575,505,-1
1788814076.0553,979476,V,576,506,-1
1788814076.1036,979490,V,576,506,11538
1788814076.1036,979498,V,576,506,-1
1788814076.1037,979506,V,576,506,-1
1788814076.1037,979514,V,576,506,-1
1788814076.1037,979522,V,576,506,-1
1788814076.1037,979530,V,577,507,-1
1788814076.1539,979544,V,576,506,11539
1788814076.1539,979552,V,577,507,-1
1788814076.1539,979560,V,576,506,-1
1788814076.1540,979568,V,575,505,-1
1788814076.1540,979576,V,576,506,-1
1788814076.1540,979584,V,575,505,-1
1788814076.2028,979597,V,577,507,11540
1788814076.2029,979605,V,577,507,-1
1788814076.2029,979613,V,577,507,-1
1788814076.2029,979621,V,576,506,-1
1788814076.2029,979629,V,577,507,-1
1788814076.2029,979637,V,576,506,-1
1788814076.2500,979651,V,576,506,11541
1788814076.2500,979659,V,575,505,-1
1788814076.2500,979667,V,576,506,-1
1788814076.2500,979675,V,581,511,-1
1788814076.2500,979683,V,581,511,-1
1788814076.2501,979691,V,581,511,-1
1788814076.2996,979704,V,581,511,11542
1788814076.2998,979712,V,581,511,-1
1788814076.2998,979720,V,586,515,-1
1788814076.2998,979728,V,580,510,-1
1788814076.2998,979736,V,581,511,-1
1788814076.2998,979744,V,576,506,-1
1788814076.3476,979758,V,576,506,11543
1788814076.3477,979766,V,575,505,-1
1788814076.3479,979774,V,576,506,-1
1788814076.3479,979782,V,576,506,-1
1788814076.3479,979790,V,576,506,-1
1788814076.3479,979798,V,576,506,-1
1788814076.3958,979812,V,576,506,11544
1788814076.3958,979820,V,579,509,-1
1788814076.3958,979828,V,576,506,-1
1788814076.3958,979836,V,574,504,-1
1788814076.3958,979844,V,575,505,-1
1788814076.3958,979852,V,576,506,-1
1788814076.4447,979866,V,575,505,11545
1788814076.4447,979874,V,576,506,-1
1788814076.4447,979882,V,576,506,-1
1788814076.4448,979890,V,575,505,-1
1788814076.4448,979898,V,576,506,-1
1788814076.4448,979906,V,576,506,-1
1788814076.4935,979919,V,578,508,11546
1788814076.4935,979927,V,575,505,-1
1788814076.4935,979935,V,576,506,-1
1788814076.4936,979943,V,577,507,-1
1788814076.4936,979951,V,577,507,-1
1788814076.4936,979959,V,578,508,-1
1788814076.5912,979973,V,576,506,11547
1788814076.5913,979981,V,576,506,-1
1788814076.5913,979989,V,576,506,-1
1788814076.5913,979997,V,576,506,-1
1788814076.5913,980005,V,577,507,-1
1788814076.5914,980013,V,575,505,-1
1788814076.6416,980027,V,577,507,11548
1788814076.6416,980035,V,577,507,-1
1788814076.6416,980043,V,577,507,-1
1788814076.6416,980051,V,576,506,-1
1788814076.6416,980059,V,576,506,-1
1788814076.6416,980067,V,575,505,-1
1788814076.6884,980080,V,576,506,11549
1788814076.6884,980088,V,576,506,-1
1788814076.6884,980096,V,575,505,-1
1788814076.6884,980104,V,575,505,-1
1788814076.6884,980112,V,575,505,-1
1788814076.6884,980120,V,575,505,-1
1788814076.7374,980134,V,576,506,11550
1788814076.7375,980142,V,575,505,-1
1788814076.7375,980150,V,576,506,-1
1788814076.7375,980158,V,578,508,-1
1788814076.7375,980166,V,575,505,-1
1788814076.7375,980174,V,579,509,-1
1788814076.7860,980188,V,580,510,11551
1788814076.7861,980196,V,581,511,-1
1788814076.7861,980204,V,580,510,-1
1788814076.7861,980212,V,580,510,-1
1788814076.7861,980220,V,580,510,-1
1788814076.7861,980228,V,579,509,-1
1788814076.8347,980241,V,580,510,11552
1788814076.8349,980249,V,575,505,-1
1788814076.8349,980257,V,576,506,-1
1788814076.8349,980265,V,576,506,-1
1788814076.8349,980273,V,575,505,-1
1788814076.8349,980281,V,576,506,-1
1788814076.8839,980295,V,575,505,11553
1788814076.8839,980303,V,577,507,-1
1788814076.8839,980311,V,576,506,-1
1788814076.8839,980319,V,576,506,-1
1788814076.8839,980327,V,575,505,-1
1788814076.8839,980335,V,575,505,-1
1788814076.9322,980349,V,575,505,11554
1788814076.9322,980357,V,590,519,-1
1788814076.9323,980365,V,576,506,-1
1788814076.9323,980373,V,575,505,-1
1788814076.9323,980381,V,576,506,-1
1788814076.9323,980389,V,576,506,-1
1788814076.9810,980402,V,577,507,11555
1788814076.9810,980410,V,575,505,-1
1788814076.9810,980418,V,576,506,-1
1788814076.9810,980426,V,576,506,-1
1788814076.9810,980434,V,575,505,-1
1788814076.9810,980442,V,576,506,-1
1788814077.0293,980456,V,576,506,11556
1788814077.0293,980464,V,575,505,-1
1788814077.0293,980472,V,575,505,-1
1788814077.0293,980480,V,576,506,-1
1788814077.0293,980488,V,576,506,-1
1788814077.0294,980496,V,575,505,-1
1788814077.1273,980510,V,575,505,11557
1788814077.1274,980518,V,575,505,-1
1788814077.1274,980526,V,576,506,-1
1788814077.1274,980534,V,576,506,-1
1788814077.1274,980542,V,576,506,-1
1788814077.1275,980550,V,575,505,-1
1788814077.1764,980563,V,575,505,11558
1788814077.1765,980571,V,577,507,-1
1788814077.1765,980579,V,574,504,-1
1788814077.1765,980587,V,575,505,-1
1788814077.1765,980595,V,575,505,-1
1788814077.1765,980603,V,576,506,-1
1788814077.2265,980617,V,576,506,11559
1788814077.2265,980625,V,575,505,-1
1788814077.2265,980633,V,575,505,-1
1788814077.2265,980641,V,576,506,-1
1788814077.2265,980649,V,577,507,-1
1788814077.2265,980657,V,576,506,-1
1788814077.3223,980671,V,575,505,11560
1788814077.3223,980679,V,576,506,-1
1788814077.3223,980687,V,575,505,-1
1788814077.3223,980695,V,580,510,-1
1788814077.3223,980703,V,575,505,-1
1788814077.3223,980711,V,575,505,-1
1788814077.3232,980724,V,577,507,11561
1788814077.3232,980732,V,576,506,-1
1788814077.3232,980740,V,576,506,-1
1788814077.3233,980748,V,576,506,-1
1788814077.3233,980756,V,576,506,-1
1788814077.3233,980764,V,575,505,-1
1788814077.3711,980778,V,576,506,11562
1788814077.3713,980786,V,575,505,-1
1788814077.3713,980794,V,579,509,-1
1788814077.3713,980802,V,576,506,-1
1788814077.3713,980810,V,576,506,-1
1788814077.3713,980818,V,575,505,-1
1788814077.4200,980832,V,575,505,11563
1788814077.4200,980840,V,577,507,-1
1788814077.4201,980848,V,576,506,-1
1788814077.4201,980856,V,575,505,-1
1788814077.4201,980864,V,576,506,-1
1788814077.4201,980872,V,576,506,-1
1788814077.4685,980886,V,576,506,11564
1788814077.4685,980894,V,578,508,-1
1788814077.4685,980902,V,576,506,-1
1788814077.4685,980910,V,575,505,-1
1788814077.4685,980918,V,576,506,-1
1788814077.4685,980926,V,577,507,-1
1788814077.5171,980939,V,575,505,11565
1788814077.5172,980947,V,577,507,-1
1788814077.5172,980955,V,577,507,-1
1788814077.5172,980963,V,576,506,-1
1788814077.5172,980971,V,576,506,-1
1788814077.5172,980979,V,575,505,-1
1788814077.5661,980993,V,577,507,11566
1788814077.5661,981001,V,575,505,-1
1788814077.5661,981009,V,574,504,-1
1788814077.5661,981017,V,577,507,-1
1788814077.5661,981025,V,575,505,-1
1788814077.5662,981033,V,575,505,-1
1788814077.6636,981047,V,576,506,11567
1788814077.6637,981055,V,576,506,-1
1788814077.6637,981063,V,576,506,-1
1788814077.6638,981071,V,576,506,-1
1788814077.6638,981079,V,577,507,-1
1788814077.6638,981087,V,576,506,-1
1788814077.7125,981100,V,575,505,11568
1788814077.7125,981108,V,577,507,-1
1788814077.7125,981116,V,575,505,-1
1788814077.7125,981124,V,575,505,-1
1788814077.7125,981132,V,580,510,-1
1788814077.7125,981140,V,575,505,-1
1788814077.7613,981154,V,575,505,11569
1788814077.7613,981162,V,576,506,-1
1788814077.7613,981170,V,576,506,-1
1788814077.7613,981178,V,576,506,-1
1788814077.7613,981186,V,576,506,-1
1788814077.7613,981194,V,576,506,-1
1788814077.8100,981208,V,576,506,11570
1788814077.8100,981216,V,576,506,-1
1788814077.8101,981224,V,576,506,-1
1788814077.8101,981232,V,577,507,-1
1788814077.8101,981240,V,576,506,-1
1788814077.8101,981248,V,575,505,-1
1788814077.8586,981261,V,577,507,11571
1788814077.8586,981269,V,576,506,-1
1788814077.8587,981277,V,575,505,-1
1788814077.8587,981285,V,576,506,-1
1788814077.8587,981293,V,577,507,-1
1788814077.8587,981301,V,575,505,-1
1788814077.9069,981315,V,577,507,11572
1788814077.9071,981323,V,576,506,-1
1788814077.9071,981331,V,591,519,-1
1788814077.9071,981339,V,576,506,-1
1788814077.9071,981347,V,577,507,-1
1788814077.9071,981355,V,575,505,-1
1788814077.9565,981369,V,576,506,11573
1788814077.9565,981377,V,576,506,-1
1788814077.9565,981385,V,576,506,-1
1788814077.9565,981393,V,575,505,-1
1788814077.9565,981401,V,577,507,-1
1788814077.9566,981409,V,575,505,-1
1788814078.0049,981422,V,575,505,11574
1788814078.0049,981430,V,575,505,-1
1788814078.0049,981438,V,575,505,-1
1788814078.0049,981446,V,575,505,-1
1788814078.0049,981454,V,576,506,-1
1788814078.0049,981462,V,577,507,-1
1788814078.0534,981476,V,576,506,11575
1788814078.0534,981484,V,574,504,-1
1788814078.0534,981492,V,576,506,-1
1788814078.0534,981500,V,576,506,-1
1788814078.0534,981508,V,576,506,-1
1788814078.0534,981516,V,576,506,-1
1788814078.1022,981530,V,575,505,11576
1788814078.1022,981538,V,577,507,-1
1788814078.1022,981546,V,576,506,-1
1788814078.1023,981554,V,577,507,-1
1788814078.1024,981562,V,576,506,-1
1788814078.1024,981570,V,576,506,-1
1788814078.2014,981583,V,576,506,11577
1788814078.2015,981591,V,575,505,-1
1788814078.2016,981599,V,576,506,-1
1788814078.2016,981607,V,577,507,-1
1788814078.2016,981615,V,576,506,-1
1788814078.2016,981623,V,576,506,-1
1788814078.2488,981637,V,577,507,11578
1788814078.2488,981645,V,575,505,-1
1788814078.2488,981653,V,575,505,-1
1788814078.2488,981661,V,576,506,-1
1788814078.2488,981669,V,581,511,-1
1788814078.2488,981677,V,576,506,-1
1788814078.2976,981690,V,575,505,11579
1788814078.2976,981698,V,577,507,-1
1788814078.2976,981706,V,577,507,-1
1788814078.2977,981714,V,577,507,-1
1788814078.2977,981722,V,576,506,-1
1788814078.2977,981730,V,576,506,-1
1788814078.3461,981744,V,575,505,11580
1788814078.3461,981752,V,576,506,-1
1788814078.3461,981760,V,576,506,-1
1788814078.3461,981768,V,582,512,-1
1788814078.3461,981776,V,577,507,-1
1788814078.3461,981784,V,576,506,-1
1788814078.3946,981798,V,576,506,11581
1788814078.3946,981806,V,576,506,-1
1788814078.3947,981814,V,575,505,-1
1788814078.3947,981822,V,576,506,-1
1788814078.3947,981830,V,575,505,-1
1788814078.3947,981838,V,575,505,-1
1788814078.4435,981852,V,576,506,11582
1788814078.4437,981860,V,577,507,-1
1788814078.4437,981868,V,578,508,-1
1788814078.4437,981876,V,575,505,-1
1788814078.4437,981884,V,575,505,-1
1788814078.4437,981892,V,575,505,-1
1788814078.4919,981905,V,576,506,11583
1788814078.4919,981913,V,576,506,-1
1788814078.4919,981921,V,576,506,-1
1788814078.4919,981929,V,577,507,-1
1788814078.4919,981937,V,575,505,-1
1788814078.4919,981945,V,577,507,-1
1788814078.5408,981959,V,577,507,11584
1788814078.5408,981967,V,576,506,-1
1788814078.5408,981975,V,575,505,-1
1788814078.5408,981983,V,576,506,-1
1788814078.5408,981991,V,575,505,-1
1788814078.5408,981999,V,575,505,-1
1788814078.5895,982013,V,575,505,11585
1788814078.5895,982021,V,575,505,-1
1788814078.5895,982029,V,577,507,-1
1788814078.5895,982037,V,575,505,-1
1788814078.5895,982045,V,576,506,-1
1788814078.5895,982053,V,576,506,-1
1788814078.6386,982066,V,577,507,11586
1788814078.6386,982074,V,577,507,-1
1788814078.6386,982082,V,576,506,-1
1788814078.6386,982090,V,576,506,-1
1788814078.6387,982098,V,576,506,-1
1788814078.6387,982106,V,581,511,-1
1788814078.7370,982120,V,576,506,11587
1788814078.7371,982128,V,577,507,-1
1788814078.7371,982136,V,576,506,-1
1788814078.7371,982144,V,575,505,-1
1788814078.7371,982152,V,576,506,-1
1788814078.7371,982160,V,577,507,-1
1788814078.7849,982174,V,576,506,11588
1788814078.7849,982182,V,576,506,-1
1788814078.7850,982190,V,576,506,-1
1788814078.7850,982198,V,575,505,-1
1788814078.7850,982206,V,577,507,-1
1788814078.7850,982214,V,576,506,-1
1788814078.8345,982227,V,575,505,11589
1788814078.8345,982235,V,576,506,-1
1788814078.8345,982243,V,576,506,-1
1788814078.8345,982251,V,576,506,-1
1788814078.8345,982259,V,576,506,-1
1788814078.8346,982267,V,577,507,-1
1788814078.8822,982281,V,577,507,11590
1788814078.8822,982289,V,576,506,-1
1788814078.8823,982297,V,575,505,-1
1788814078.8823,982305,V,591,519,-1
1788814078.8823,982313,V,577,507,-1
1788814078.8823,982321,V,578,508,-1
1788814078.9319,982335,V,576,506,11591
1788814078.9319,982343,V,576,506,-1
1788814078.9319,982351,V,575,505,-1
1788814078.9319,982359,V,577,507,-1
1788814078.9319,982367,V,575,505,-1
1788814078.9319,982375,V,576,506,-1
1788814078.9797,982388,V,576,506,11592
1788814078.9798,982396,V,576,506,-1
1788814078.9798,982404,V,576,506,-1
1788814078.9798,982412,V,576,506,-1
1788814078.9798,982420,V,576,506,-1
1788814078.9798,982428,V,576,506,-1
1788814079.0289,982442,V,576,506,11593
1788814079.0289,982450,V,576,506,-1
1788814079.0289,982458,V,577,507,-1
1788814079.0289,982466,V,576,506,-1
1788814079.0289,982474,V,576,506,-1
1788814079.0289,982482,V,576,506,-1
1788814079.0781,982496,V,575,505,11594
1788814079.0782,982504,V,575,505,-1
1788814079.0782,982512,V,575,505,-1
1788814079.0782,982520,V,576,506,-1
1788814079.0782,982528,V,581,511,-1
1788814079.0782,982536,V,580,510,-1
1788814079.1285,982549,V,581,511,11595
1788814079.1286,982557,V,580,510,-1
1788814079.1286,982565,V,581,511,-1
1788814079.1286,982573,V,581,511,-1
1788814079.1286,982581,V,581,511,-1
1788814079.1286,982589,V,581,511,-1
1788814079.1760,982603,V,581,511,11596
1788814079.1760,982611,V,575,505,-1
1788814079.1760,982619,V,576,506,-1
1788814079.1760,982627,V,576,506,-1
1788814079.1760,982635,V,576,506,-1
1788814079.1760,982643,V,579,509,-1
1788814079.2723,982657,V,575,505,11597
1788814079.2724,982665,V,576,506,-1
1788814079.2724,982673,V,576,506,-1
1788814079.2724,982681,V,576,506,-1
1788814079.2725,982689,V,576,506,-1
1788814079.2725,982697,V,575,505,-1
1788814079.3214,982710,V,575,505,11598
1788814079.3215,982718,V,576,506,-1
1788814079.3215,982726,V,576,506,-1
1788814079.3215,982734,V,577,507,-1
1788814079.3215,982742,V,579,509,-1
1788814079.3215,982750,V,576,506,-1
1788814079.4189,982764,V,576,506,11599
1788814079.4189,982772,V,576,506,-1
1788814079.4189,982780,V,577,507,-1
1788814079.4189,982788,V,576,506,-1
1788814079.4189,982796,V,576,506,-1
1788814079.4189,982804,V,576,506,-1
1788814079.4202,982818,V,575,505,11600
1788814079.4202,982826,V,576,506,-1
1788814079.4202,982834,V,576,506,-1
1788814079.4202,982842,V,577,507,-1
1788814079.4202,982850,V,575,505,-1
1788814079.4202,982858,V,576,506,-1
1788814079.4680,982871,V,576,506,11601
1788814079.4680,982879,V,576,506,-1
1788814079.4680,982887,V,575,505,-1
1788814079.4680,982895,V,576,506,-1
1788814079.4680,982903,V,577,507,-1
1788814079.4681,982911,V,575,505,-1
1788814079.5158,982925,V,576,506,11602
1788814079.5159,982933,V,576,506,-1
1788814079.5159,982941,V,576,506,-1
1788814079.5160,982949,V,575,505,-1
1788814079.5160,982957,V,576,506,-1
1788814079.5160,982965,V,575,505,-1
1788814079.5650,982978,V,575,505,11603
1788814079.5650,982986,V,575,505,-1
1788814079.5651,982994,V,575,505,-1
1788814079.5651,983002,V,575,505,-1
1788814079.5651,983010,V,575,505,-1
1788814079.5651,983018,V,576,506,-1
1788814079.6146,983032,V,581,511,11604
1788814079.6146,983040,V,581,511,-1
1788814079.6146,983048,V,580,510,-1
1788814079.6146,983056,V,580,510,-1
1788814079.6146,983064,V,580,510,-1
1788814079.6146,983072,V,580,510,-1
1788814079.6632,983086,V,583,512,11605
1788814079.6632,983094,V,581,511,-1
1788814079.6632,983102,V,575,505,-1
1788814079.6632,983110,V,576,506,-1
1788814079.6632,983118,V,575,505,-1
1788814079.6632,983126,V,576,506,-1
1788814079.7116,983139,V,575,505,11606
1788814079.7117,983147,V,576,506,-1
1788814079.7117,983155,V,576,506,-1
1788814079.7117,983163,V,576,506,-1
1788814079.7117,983171,V,575,505,-1
1788814079.7117,983179,V,577,507,-1
1788814079.8087,983193,V,577,507,11607
1788814079.8088,983201,V,577,507,-1
1788814079.8089,983209,V,577,507,-1
1788814079.8089,983217,V,576,506,-1
1788814079.8089,983225,V,576,506,-1
1788814079.8089,983233,V,576,506,-1
1788814079.8578,983247,V,575,505,11608
1788814079.8578,983255,V,575,505,-1
1788814079.8578,983263,V,576,506,-1
1788814079.8578,983271,V,575,505,-1
1788814079.8579,983279,V,588,517,-1
1788814079.8579,983287,V,576,506,-1
1788814079.9059,983301,V,575,505,11609
1788814079.9059,983309,V,577,507,-1
1788814079.9059,983317,V,574,504,-1
1788814079.9059,983325,V,575,505,-1
1788814079.9059,983333,V,575,505,-1
1788814079.9059,983341,V,576,506,-1
1788814079.9549,983354,V,575,505,11610
1788814079.9549,983362,V,577,507,-1
1788814079.9550,983370,V,576,506,-1
1788814079.9550,983378,V,576,506,-1
1788814079.9550,983386,V,575,505,-1
1788814079.9550,983394,V,575,505,-1
1788814080.0044,983408,V,576,506,11611
1788814080.0044,983416,V,576,506,-1
1788814080.0044,983424,V,576,506,-1
1788814080.0045,983432,V,576,506,-1
1788814080.0045,983440,V,576,506,-1
1788814080.0045,983448,V,576,506,-1
1788814080.0524,983461,V,575,505,11612
1788814080.0526,983469,V,576,506,-1
1788814080.0526,983477,V,576,506,-1
1788814080.0526,983485,V,576,506,-1
1788814080.0526,983493,V,575,505,-1
1788814080.0526,983501,V,576,506,-1
1788814080.1024,983515,V,575,505,11613
1788814080.1024,983523,V,575,505,-1
1788814080.1024,983531,V,581,511,-1
1788814080.1024,983539,V,580,510,-1
1788814080.1024,983547,V,580,510,-1
1788814080.1024,983555,V,580,510,-1
1788814080.1508,983569,V,579,509,11614
1788814080.1508,983577,V,580,510,-1
1788814080.1508,983585,V,579,509,-1
1788814080.1508,983593,V,579,509,-1
1788814080.1508,983601,V,576,506,-1
1788814080.1508,983609,V,574,504,-1
1788814080.1994,983622,V,579,509,11615
1788814080.1995,983630,V,575,505,-1
1788814080.1995,983638,V,576,506,-1
1788814080.1995,983646,V,576,506,-1
1788814080.1995,983654,V,575,505,-1
1788814080.1995,983662,V,575,505,-1
1788814080.2490,983676,V,576,506,11616
1788814080.2491,983684,V,575,505,-1
1788814080.2491,983692,V,576,506,-1
1788814080.2491,983700,V,576,506,-1
1788814080.2491,983708,V,575,505,-1
1788814080.2491,983716,V,577,507,-1
1788814080.3448,983730,V,575,505,11617
1788814080.3450,983738,V,576,506,-1
1788814080.3450,983746,V,574,504,-1
1788814080.3450,983754,V,575,505,-1
1788814080.3450,983762,V,575,505,-1
1788814080.3450,983770,V,575,505,-1
1788814080.3939,983784,V,575,505,11618
1788814080.3939,983792,V,575,505,-1
1788814080.3940,983800,V,575,505,-1
1788814080.3940,983808,V,575,505,-1
1788814080.3940,983816,V,582,512,-1
1788814080.3940,983824,V,575,505,-1
1788814080.4422,983837,V,575,505,11619
1788814080.4422,983845,V,574,504,-1
1788814080.4423,983853,V,575,505,-1
1788814080.4423,983861,V,575,505,-1
1788814080.4423,983869,V,575,505,-1
1788814080.4423,983877,V,575,505,-1
1788814080.4917,983891,V,576,506,11620
1788814080.4917,983899,V,575,505,-1
1788814080.4917,983907,V,576,506,-1
1788814080.4917,983915,V,576,506,-1
1788814080.4918,983923,V,576,506,-1
1788814080.4918,983931,V,576,506,-1
1788814080.5397,983944,V,575,505,11621
1788814080.5397,983952,V,576,506,-1
1788814080.5397,983960,V,575,505,-1
1788814080.5397,983968,V,575,505,-1
1788814080.5397,983976,V,576,506,-1
1788814080.5397,983984,V,575,505,-1
1788814080.5883,983998,V,575,505,11622
1788814080.5884,984006,V,575,505,-1
1788814080.5884,984014,V,575,505,-1
1788814080.5884,984022,V,575,505,-1
1788814080.5884,984030,V,576,506,-1
1788814080.5884,984038,V,575,505,-1
1788814080.6380,984051,V,574,504,11623
1788814080.6380,984059,V,575,505,-1
1788814080.6380,984067,V,576,506,-1
1788814080.6380,984075,V,574,504,-1
1788814080.6380,984083,V,575,505,-1
1788814080.6381,984091,V,576,506,-1
1788814080.6871,984105,V,576,506,11624
1788814080.6871,984113,V,575,505,-1
1788814080.6871,984121,V,576,506,-1
1788814080.6871,984129,V,577,507,-1
1788814080.6871,984137,V,575,505,-1
1788814080.6871,984145,V,576,506,-1
1788814080.7357,984159,V,580,510,11625
1788814080.7358,984167,V,575,505,-1
1788814080.7358,984175,V,574,504,-1
1788814080.7358,984183,V,576,506,-1
1788814080.7358,984191,V,576,506,-1
1788814080.7358,984199,V,576,506,-1
1788814080.8324,984212,V,576,506,11626
1788814080.8326,984220,V,576,506,-1
1788814080.8326,984228,V,576,506,-1
1788814080.8326,984236,V,575,505,-1
1788814080.8326,984244,V,575,505,-1
1788814080.8326,984252,V,578,508,-1
1788814080.8824,984266,V,577,507,11627
1788814080.8824,984274,V,577,507,-1
1788814080.8824,984282,V,576,506,-1
1788814080.8824,984290,V,577,507,-1
1788814080.8824,984298,V,575,505,-1
1788814080.8824,984306,V,575,505,-1
1788814080.9304,984320,V,575,505,11628
1788814080.9304,984328,V,575,505,-1
1788814080.9304,984336,V,575,505,-1
1788814080.9305,984344,V,575,505,-1
1788814080.9305,984352,V,583,512,-1
1788814080.9305,984360,V,576,506,-1
1788814080.9786,984373,V,575,505,11629
1788814080.9786,984381,V,576,506,-1
1788814080.9786,984389,V,577,507,-1
1788814080.9786,984397,V,575,505,-1
1788814080.9786,984405,V,576,506,-1
1788814080.9787,984413,V,576,506,-1
1788814081.0282,984427,V,576,506,11630
1788814081.0282,984435,V,576,506,-1
1788814081.0282,984443,V,576,506,-1
1788814081.0282,984451,V,574,504,-1
1788814081.0282,984459,V,577,507,-1
1788814081.0282,984467,V,575,505,-1
1788814081.0759,984481,V,576,506,11631
1788814081.0761,984489,V,576,506,-1
1788814081.0761,984497,V,575,505,-1
1788814081.0761,984505,V,576,506,-1
1788814081.0761,984513,V,575,505,-1
1788814081.0761,984521,V,576,506,-1
1788814081.1252,984534,V,576,506,11632
1788814081.1252,984542,V,575,505,-1
1788814081.1252,984550,V,575,505,-1
1788814081.1252,984558,V,575,505,-1
1788814081.1252,984566,V,576,506,-1
1788814081.1252,984574,V,577,507,-1
1788814081.1744,984588,V,576,506,11633
1788814081.1744,984596,V,578,508,-1
1788814081.1744,984604,V,577,507,-1
1788814081.1744,984612,V,577,507,-1
1788814081.1744,984620,V,575,505,-1
1788814081.1744,984628,V,575,505,-1
1788814081.2229,984642,V,576,506,11634
1788814081.2229,984650,V,575,505,-1
1788814081.2229,984658,V,576,506,-1
1788814081.2229,984666,V,577,507,-1
1788814081.2229,984674,V,576,506,-1
1788814081.2229,984682,V,577,507,-1
1788814081.2718,984695,V,578,508,11635
1788814081.2719,984703,V,576,506,-1
1788814081.2719,984711,V,576,506,-1
1788814081.2719,984719,V,577,507,-1
1788814081.2719,984727,V,577,507,-1
1788814081.2719,984735,V,575,505,-1
1788814081.3695,984749,V,577,507,11636
1788814081.3696,984757,V,576,506,-1
1788814081.3696,984765,V,574,504,-1
1788814081.3696,984773,V,575,505,-1
1788814081.3697,984781,V,575,505,-1
1788814081.3697,984789,V,588,517,-1
1788814081.4186,984803,V,576,506,11637
1788814081.4186,984811,V,576,506,-1
1788814081.4186,984819,V,574,504,-1
1788814081.4186,984827,V,575,505,-1
1788814081.4186,984835,V,577,507,-1
1788814081.4186,984843,V,575,505,-1
1788814081.5151,984856,V,576,506,11638
1788814081.5151,984864,V,576,506,-1
1788814081.5152,984872,V,576,506,-1
1788814081.5152,984880,V,576,506,-1
1788814081.5152,984888,V,575,505,-1
1788814081.5152,984896,V,575,505,-1
1788814081.5164,984910,V,575,505,11639
1788814081.5164,984918,V,576,506,-1
1788814081.5164,984926,V,575,505,-1
1788814081.5164,984934,V,575,505,-1
1788814081.5164,984942,V,576,506,-1
1788814081.5164,984950,V,575,505,-1
1788814081.5648,984964,V,577,507,11640
1788814081.5648,984972,V,576,506,-1
1788814081.5648,984980,V,576,506,-1
1788814081.5648,984988,V,575,505,-1
1788814081.5648,984996,V,575,505,-1
1788814081.5648,985004,V,575,505,-1
1788814081.6612,985017,V,576,506,11641
1788814081.6613,985025,V,575,505,-1
1788814081.6614,985033,V,575,505,-1
1788814081.6614,985041,V,577,507,-1
1788814081.6614,985049,V,576,506,-1
1788814081.6614,985057,V,575,505,-1
1788814081.6624,985071,V,577,507,11642
1788814081.6625,985079,V,576,506,-1
1788814081.6625,985087,V,577,507,-1
1788814081.6625,985095,V,576,506,-1
1788814081.6625,985103,V,576,506,-1
1788814081.6625,985111,V,575,505,-1
1788814081.7112,985125,V,575,505,11643
1788814081.7112,985133,V,579,509,-1
1788814081.7114,985141,V,576,506,-1
1788814081.7114,985149,V,575,505,-1
1788814081.7114,985157,V,575,505,-1
1788814081.7114,985165,V,577,507,-1
1788814081.7596,985178,V,576,506,11644
1788814081.7596,985186,V,575,505,-1
1788814081.7596,985194,V,575,505,-1
1788814081.7596,985202,V,574,504,-1
1788814081.7597,985210,V,575,505,-1
1788814081.7597,985218,V,574,504,-1
1788814081.8073,985232,V,581,511,11645
1788814081.8073,985240,V,576,506,-1
1788814081.8073,985248,V,576,506,-1
1788814081.8073,985256,V,576,506,-1
1788814081.8073,985264,V,576,506,-1
1788814081.8073,985272,V,575,505,-1
1788814081.9052,985286,V,575,505,11646
1788814081.9053,985294,V,575,505,-1
1788814081.9053,985302,V,577,507,-1
1788814081.9053,985310,V,575,505,-1
1788814081.9054,985318,V,575,505,-1
1788814081.9054,985326,V,578,508,-1
1788814081.9540,985340,V,576,506,11647
1788814081.9540,985348,V,575,505,-1
1788814081.9540,985356,V,577,507,-1
1788814081.9540,985364,V,575,505,-1
1788814081.9540,985372,V,576,506,-1
1788814081.9540,985380,V,575,505,-1
1788814082.0025,985393,V,577,507,11648
1788814082.0025,985401,V,575,505,-1
1788814082.0025,985409,V,576,506,-1
1788814082.0025,985417,V,576,506,-1
1788814082.0025,985425,V,575,505,-1
1788814082.0025,985433,V,576,506,-1
1788814082.0534,985447,V,575,505,11649
1788814082.0534,985455,V,576,506,-1
1788814082.0534,985463,V,576,506,-1
1788814082.0534,985471,V,576,506,-1
1788814082.0534,985479,V,576,506,-1
1788814082.0534,985487,V,576,506,-1
1788814082.1018,985501,V,576,506,11650
1788814082.1018,985509,V,576,506,-1
1788814082.1018,985517,V,575,505,-1
1788814082.1018,985525,V,575,505,-1
1788814082.1018,985533,V,575,505,-1
1788814082.1018,985541,V,575,505,-1
1788814082.1505,985554,V,575,505,11651
1788814082.1506,985562,V,576,506,-1
1788814082.1507,985570,V,580,510,-1
1788814082.1507,985578,V,575,505,-1
1788814082.1507,985586,V,576,506,-1
1788814082.1507,985594,V,576,506,-1
1788814082.1977,985608,V,576,506,11652
1788814082.1978,985616,V,576,506,-1
1788814082.1978,985624,V,576,506,-1
1788814082.1978,985632,V,577,507,-1
1788814082.1978,985640,V,577,507,-1
1788814082.1978,985648,V,576,506,-1
1788814082.2479,985662,V,576,506,11653
1788814082.2479,985670,V,577,507,-1
1788814082.2479,985678,V,576,506,-1
1788814082.2479,985686,V,576,506,-1
1788814082.2479,985694,V,576,506,-1
1788814082.2479,985702,V,575,505,-1
1788814082.2949,985715,V,576,506,11654
1788814082.2949,985723,V,575,505,-1
1788814082.2950,985731,V,576,506,-1
1788814082.2950,985739,V,576,506,-1
1788814082.2950,985747,V,575,505,-1
1788814082.2950,985755,V,576,506,-1
1788814082.3437,985769,V,591,519,11655
1788814082.3438,985777,V,577,507,-1
1788814082.3438,985785,V,577,507,-1
1788814082.3438,985793,V,575,505,-1
1788814082.3438,985801,V,577,507,-1
1788814082.3438,985809,V,576,506,-1
1788814082.4422,985822,V,577,507,11656
1788814082.4423,985830,V,576,506,-1
1788814082.4423,985838,V,576,506,-1
1788814082.4423,985846,V,576,506,-1
1788814082.4423,985854,V,575,505,-1
1788814082.4423,985862,V,577,507,-1
1788814082.4902,985876,V,576,506,11657
1788814082.4902,985884,V,580,510,-1
1788814082.4902,985892,V,580,510,-1
1788814082.4902,985900,V,580,510,-1
1788814082.4902,985908,V,580,510,-1
1788814082.4903,985916,V,580,510,-1
1788814082.5387,985930,V,580,510,11658
1788814082.5387,985938,V,580,510,-1
1788814082.5387,985946,V,581,511,-1
1788814082.5388,985954,V,580,510,-1
1788814082.5388,985962,V,577,507,-1
1788814082.5388,985970,V,576,506,-1
1788814082.5873,985983,V,576,506,11659
1788814082.5873,985991,V,576,506,-1
1788814082.5874,985999,V,576,506,-1
1788814082.5874,986007,V,576,506,-1
1788814082.5874,986015,V,576,506,-1
1788814082.5874,986023,V,577,507,-1
1788814082.6850,986037,V,575,505,11660
1788814082.6851,986045,V,575,505,-1
1788814082.6851,986053,V,575,505,-1
1788814082.6851,986061,V,576,506,-1
1788814082.6851,986069,V,576,506,-1
1788814082.6851,986077,V,575,505,-1
1788814082.6860,986091,V,575,505,11661
1788814082.6860,986099,V,575,505,-1
1788814082.6860,986107,V,579,509,-1
1788814082.6861,986115,V,576,506,-1
1788814082.6861,986123,V,576,506,-1
1788814082.6861,986131,V,575,505,-1
1788814082.7355,986144,V,576,506,11662
1788814082.7355,986152,V,576,506,-1
1788814082.7355,986160,V,577,507,-1
1788814082.7355,986168,V,576,506,-1
1788814082.7355,986176,V,576,506,-1
1788814082.7356,986184,V,575,505,-1
1788814082.7825,986198,V,575,505,11663
1788814082.7825,986206,V,578,508,-1
1788814082.7826,986214,V,575,505,-1
1788814082.7826,986222,V,576,506,-1
1788814082.7826,986230,V,575,505,-1
1788814082.7826,986238,V,576,506,-1
1788814082.8312,986252,V,576,506,11664
1788814082.8312,986260,V,576,506,-1
1788814082.8312,986268,V,575,505,-1
1788814082.8312,986276,V,577,507,-1
1788814082.8312,986284,V,575,505,-1
1788814082.8312,986292,V,576,506,-1
1788814082.8799,986305,V,583,512,11665
1788814082.8799,986313,V,576,506,-1
1788814082.8800,986321,V,576,506,-1
1788814082.8800,986329,V,576,506,-1
1788814082.8800,986337,V,575,505,-1
1788814082.8800,986345,V,575,505,-1
1788814082.9778,986359,V,575,505,11666
1788814082.9779,986367,V,576,506,-1
1788814082.9780,986375,V,575,505,-1
1788814082.9780,986383,V,580,510,-1
1788814082.9780,986391,V,580,510,-1
1788814082.9780,986399,V,580,510,-1
1788814083.0753,986413,V,581,511,11667
1788814083.0753,986421,V,580,510,-1
1788814083.0753,986429,V,581,511,-1
1788814083.0753,986437,V,579,509,-1
1788814083.0753,986445,V,580,510,-1
1788814083.0753,986453,V,576,506,-1
1788814083.0764,986466,V,576,506,11668
1788814083.0764,986474,V,574,504,-1
1788814083.0764,986482,V,575,505,-1
1788814083.0764,986490,V,576,506,-1
1788814083.0764,986498,V,576,506,-1
1788814083.0764,986506,V,576,506,-1
1788814083.1235,986520,V,575,505,11669
1788814083.1235,986528,V,576,506,-1
1788814083.1235,986536,V,576,506,-1
1788814083.1235,986544,V,578,508,-1
1788814083.1235,986552,V,576,506,-1
1788814083.1235,986560,V,575,505,-1
1788814083.1722,986574,V,575,505,11670
1788814083.1722,986582,V,576,506,-1
1788814083.1722,986590,V,576,506,-1
1788814083.1722,986598,V,575,505,-1
1788814083.1722,986606,V,575,505,-1
1788814083.1722,986614,V,576,506,-1
1788814083.2210,986627,V,576,506,11671
1788814083.2211,986635,V,576,506,-1
1788814083.2211,986643,V,578,508,-1
1788814083.2212,986651,V,577,507,-1
1788814083.2212,986659,V,575,505,-1
1788814083.2212,986667,V,577,507,-1
1788814083.2719,986681,V,575,505,11672
1788814083.2719,986689,V,577,507,-1
1788814083.2719,986697,V,576,506,-1
1788814083.2719,986705,V,576,506,-1
1788814083.2719,986713,V,576,506,-1
1788814083.2719,986721,V,576,506,-1
1788814083.3183,986735,V,576,506,11673
1788814083.3184,986743,V,591,519,-1
1788814083.3184,986751,V,576,506,-1
1788814083.3184,986759,V,575,505,-1
1788814083.3184,986767,V,575,505,-1
1788814083.3184,986775,V,576,506,-1
1788814083.3674,986788,V,575,505,11674
1788814083.3674,986796,V,575,505,-1
1788814083.3674,986804,V,575,505,-1
1788814083.3674,986812,V,576,506,-1
1788814083.3674,986820,V,576,506,-1
1788814083.3674,986828,V,575,505,-1
1788814083.4160,986842,V,577,507,11675
1788814083.4160,986850,V,576,506,-1
1788814083.4160,986858,V,576,506,-1
1788814083.4161,986866,V,576,506,-1
1788814083.4161,986874,V,576,506,-1
1788814083.4161,986882,V,581,511,-1
1788814083.5135,986895,V,581,511,11676
1788814083.5137,986903,V,581,511,-1
1788814083.5137,986911,V,581,511,-1
1788814083.5137,986919,V,582,512,-1
1788814083.5138,986927,V,580,510,-1
1788814083.5138,986935,V,580,510,-1
1788814083.6124,986949,V,581,511,11677
1788814083.6125,986957,V,575,505,-1
1788814083.6125,986965,V,576,506,-1
1788814083.6125,986973,V,575,505,-1
1788814083.6125,986981,V,575,505,-1
1788814083.6125,986989,V,575,505,-1
1788814083.6128,987003,V,576,506,11678
1788814083.6128,987011,V,575,505,-1
1788814083.6128,987019,V,575,505,-1
1788814083.6128,987027,V,576,506,-1
1788814083.6128,987035,V,575,505,-1
1788814083.6128,987043,V,576,506,-1
1788814083.6598,987057,V,576,506,11679
1788814083.6598,987065,V,577,507,-1
1788814083.6598,987073,V,576,506,-1
1788814083.6599,987081,V,580,510,-1
1788814083.6599,987089,V,575,505,-1
1788814083.6599,987097,V,576,506,-1
1788814083.7085,987110,V,575,505,11680
1788814083.7086,987118,V,576,506,-1
1788814083.7086,987126,V,577,507,-1
1788814083.7086,987134,V,576,506,-1
1788814083.7086,987142,V,575,505,-1
1788814083.7086,987150,V,575,505,-1
1788814083.7572,987164,V,577,507,11681
1788814083.7573,987172,V,576,506,-1
1788814083.7573,987180,V,577,507,-1
1788814083.7573,987188,V,575,505,-1
1788814083.7573,987196,V,576,506,-1
1788814083.7573,987204,V,576,506,-1
1788814083.8064,987218,V,576,506,11682
1788814083.8064,987226,V,576,506,-1
1788814083.8064,987234,V,575,505,-1
1788814083.8064,987242,V,576,506,-1
1788814083.8064,987250,V,576,506,-1
1788814083.8064,987258,V,575,505,-1
1788814083.8550,987271,V,576,506,11683
1788814083.8551,987279,V,591,519,-1
1788814083.8551,987287,V,575,505,-1
1788814083.8551,987295,V,575,505,-1
1788814083.8551,987303,V,575,505,-1
1788814083.8551,987311,V,575,505,-1
1788814083.9033,987325,V,576,506,11684
1788814083.9033,987333,V,574,504,-1
1788814083.9033,987341,V,574,504,-1
1788814083.9033,987349,V,576,506,-1
1788814083.9033,987357,V,575,505,-1
1788814083.9033,987365,V,575,505,-1
1788814083.9533,987378,V,575,505,11685
1788814083.9533,987386,V,575,505,-1
1788814083.9533,987394,V,576,506,-1
1788814083.9533,987402,V,575,505,-1
1788814083.9533,987410,V,575,505,-1
1788814083.9533,987418,V,575,505,-1
1788814084.0498,987432,V,575,505,11686
1788814084.0500,987440,V,575,505,-1
1788814084.0500,987448,V,576,506,-1
1788814084.0500,987456,V,576,506,-1
1788814084.0500,987464,V,575,505,-1
1788814084.0500,987472,V,575,505,-1
1788814084.0988,987485,V,576,506,11687
1788814084.0989,987493,V,575,505,-1
1788814084.0989,987501,V,575,505,-1
1788814084.0989,987509,V,576,506,-1
1788814084.0989,987517,V,577,507,-1
1788814084.0989,987525,V,577,507,-1
1788814084.1474,987539,V,575,505,11688
1788814084.1474,987547,V,576,506,-1
1788814084.1474,987555,V,576,506,-1
1788814084.1474,987563,V,577,507,-1
1788814084.1474,987571,V,575,505,-1
1788814084.1474,987579,V,576,506,-1
1788814084.1959,987593,V,575,505,11689
1788814084.1959,987601,V,575,505,-1
1788814084.1959,987609,V,575,505,-1
1788814084.1960,987617,V,579,509,-1
1788814084.1960,987625,V,576,506,-1
1788814084.1960,987633,V,575,505,-1
1788814084.2448,987646,V,575,505,11690
1788814084.2448,987654,V,574,504,-1
1788814084.2448,987662,V,575,505,-1
1788814084.2448,987670,V,576,506,-1
1788814084.2448,987678,V,576,506,-1
1788814084.2448,987686,V,577,507,-1
1788814084.2937,987700,V,574,504,11691
1788814084.2938,987708,V,575,505,-1
1788814084.2938,987716,V,576,506,-1
1788814084.2938,987724,V,576,506,-1
1788814084.2939,987732,V,575,505,-1
1788814084.2939,987740,V,575,505,-1
1788814084.3427,987754,V,575,505,11692
1788814084.3428,987762,V,576,506,-1
1788814084.3428,987770,V,575,505,-1
1788814084.3428,987778,V,575,505,-1
1788814084.3428,987786,V,575,505,-1
1788814084.3428,987794,V,576,506,-1
1788814084.3911,987807,V,574,504,11693
1788814084.3911,987815,V,591,519,-1
1788814084.3911,987823,V,575,505,-1
1788814084.3912,987831,V,577,507,-1
1788814084.3912,987839,V,575,505,-1
1788814084.3912,987847,V,576,506,-1
1788814084.4399,987861,V,576,506,11694
1788814084.4399,987869,V,576,506,-1
1788814084.4399,987877,V,577,507,-1
1788814084.4399,987885,V,576,506,-1
1788814084.4399,987893,V,577,507,-1
1788814084.4399,987901,V,577,507,-1
1788814084.4882,987915,V,576,506,11695
1788814084.4882,987923,V,576,506,-1
1788814084.4882,987931,V,576,506,-1
1788814084.4883,987939,V,576,506,-1
1788814084.4883,987947,V,576,506,-1
1788814084.4883,987955,V,575,505,-1
1788814084.5871,987968,V,575,505,11696
1788814084.5873,987976,V,575,505,-1
1788814084.5873,987984,V,576,506,-1
1788814084.5873,987992,V,576,506,-1
1788814084.5873,988000,V,576,506,-1
1788814084.5873,988008,V,574,504,-1
1788814084.6351,988022,V,576,506,11697
1788814084.6351,988030,V,577,507,-1
1788814084.6351,988038,V,577,507,-1
1788814084.6351,988046,V,576,506,-1
1788814084.6351,988054,V,575,505,-1
1788814084.6351,988062,V,575,505,-1
1788814084.6845,988075,V,575,505,11698
1788814084.6845,988083,V,575,505,-1
1788814084.6846,988091,V,575,505,-1
1788814084.6846,988099,V,576,506,-1
1788814084.6846,988107,V,575,505,-1
1788814084.6846,988115,V,575,505,-1
1788814084.7324,988129,V,576,506,11699
1788814084.7324,988137,V,574,504,-1
1788814084.7325,988145,V,575,505,-1
1788814084.7325,988153,V,579,509,-1
1788814084.7325,988161,V,575,505,-1
1788814084.7325,988169,V,575,505,-1
1788814084.7827,988183,V,575,505,11700
1788814084.7828,988191,V,576,506,-1
1788814084.7828,988199,V,575,505,-1
1788814084.7828,988207,V,575,505,-1
1788814084.7828,988215,V,576,506,-1
1788814084.7828,988223,V,575,505,-1
1788814084.8305,988236,V,575,505,11701
1788814084.8307,988244,V,575,505,-1
1788814084.8307,988252,V,576,506,-1
1788814084.8307,988260,V,575,505,-1
1788814084.8307,988268,V,575,505,-1
1788814084.8307,988276,V,575,505,-1
1788814084.8799,988290,V,576,506,11702
1788814084.8800,988298,V,576,506,-1
1788814084.8800,988306,V,576,506,-1
1788814084.8800,988314,V,576,506,-1
1788814084.8800,988322,V,576,506,-1
1788814084.8800,988330,V,576,506,-1
1788814084.9274,988344,V,575,505,11703
1788814084.9275,988352,V,591,519,-1
1788814084.9275,988360,V,575,505,-1
1788814084.9275,988368,V,575,505,-1
1788814084.9275,988376,V,576,506,-1
1788814084.9275,988384,V,575,505,-1
1788814084.9771,988397,V,575,505,11704
1788814084.9771,988405,V,576,506,-1
1788814084.9771,988413,V,576,506,-1
1788814084.9771,988421,V,575,505,-1
1788814084.9771,988429,V,574,504,-1
1788814084.9771,988437,V,575,505,-1
1788814085.0259,988451,V,576,506,11705
1788814085.0259,988459,V,576,506,-1
1788814085.0259,988467,V,576,506,-1
1788814085.0259,988475,V,576,506,-1
1788814085.0259,988483,V,576,506,-1
1788814085.0259,988491,V,576,506,-1
1788814085.1233,988505,V,575,505,11706
1788814085.1234,988513,V,575,505,-1
1788814085.1234,988521,V,575,505,-1
1788814085.1234,988529,V,575,505,-1
1788814085.1234,988537,V,574,504,-1
1788814085.1234,988545,V,577,507,-1
1788814085.1712,988558,V,576,506,11707
1788814085.1712,988566,V,575,505,-1
1788814085.1712,988574,V,574,504,-1
1788814085.1712,988582,V,576,506,-1
1788814085.1712,988590,V,575,505,-1
1788814085.1712,988598,V,575,505,-1
1788814085.2202,988612,V,575,505,11708
1788814085.2202,988620,V,575,505,-1
1788814085.2202,988628,V,574,504,-1
1788814085.2202,988636,V,575,505,-1
1788814085.2202,988644,V,575,505,-1
1788814085.2202,988652,V,575,505,-1
1788814085.2701,988665,V,575,505,11709
1788814085.2701,988673,V,575,505,-1
1788814085.2701,988681,V,575,505,-1
1788814085.2701,988689,V,579,509,-1
1788814085.2701,988697,V,575,505,-1
1788814085.2701,988705,V,576,506,-1
1788814085.3173,988719,V,575,505,11710
1788814085.3174,988727,V,576,506,-1
1788814085.3174,988735,V,575,505,-1
1788814085.3174,988743,V,575,505,-1
1788814085.3174,988751,V,576,506,-1
1788814085.3174,988759,V,575,505,-1
1788814085.3662,988773,V,575,505,11711
1788814085.3663,988781,V,576,506,-1
1788814085.3663,988789,V,578,508,-1
1788814085.3663,988797,V,576,506,-1
1788814085.3664,988805,V,575,505,-1
1788814085.3664,988813,V,576,506,-1
1788814085.4150,988827,V,575,505,11712
1788814085.4150,988835,V,577,507,-1
1788814085.4150,988843,V,577,507,-1
1788814085.4150,988851,V,574,504,-1
1788814085.4150,988859,V,575,505,-1
1788814085.4150,988867,V,574,504,-1
1788814085.4636,988880,V,576,506,11713
1788814085.4637,988888,V,577,507,-1
1788814085.4637,988896,V,575,505,-1
1788814085.4637,988904,V,575,505,-1
1788814085.4637,988912,V,575,505,-1
1788814085.4637,988920,V,575,505,-1
1788814085.5123,988934,V,575,505,11714
1788814085.5123,988942,V,576,506,-1
1788814085.5123,988950,V,576,506,-1
1788814085.5123,988958,V,576,506,-1
1788814085.5123,988966,V,576,506,-1
1788814085.5123,988974,V,575,505,-1
1788814085.5611,988988,V,576,506,11715
1788814085.5611,988996,V,575,505,-1
1788814085.5611,989004,V,576,506,-1
1788814085.5611,989012,V,575,505,-1
1788814085.5611,989020,V,575,505,-1
1788814085.5611,989028,V,575,505,-1
1788814085.7565,989041,V,575,505,11716
1788814085.7566,989049,V,575,505,-1
1788814085.7567,989057,V,575,505,-1
1788814085.7567,989065,V,575,505,-1
1788814085.7567,989073,V,575,505,-1
1788814085.7567,989081,V,576,506,-1
1788814085.7576,989095,V,576,506,11717
1788814085.7576,989103,V,576,506,-1
1788814085.7577,989111,V,576,506,-1
1788814085.7577,989119,V,575,505,-1
1788814085.7577,989127,V,578,508,-1
1788814085.7577,989135,V,576,506,-1
1788814085.7580,989148,V,576,506,11718
1788814085.7580,989156,V,575,505,-1
1788814085.7580,989164,V,575,505,-1
1788814085.7580,989172,V,575,505,-1
1788814085.7580,989180,V,576,506,-1
1788814085.7580,989188,V,576,506,-1
1788814085.8054,989202,V,575,505,11719
1788814085.8054,989210,V,575,505,-1
1788814085.8054,989218,V,575,505,-1
1788814085.8054,989226,V,576,506,-1
1788814085.8054,989234,V,575,505,-1
1788814085.8054,989242,V,576,506,-1
1788814085.8536,989256,V,575,505,11720
1788814085.8537,989264,V,575,505,-1
1788814085.8537,989272,V,575,505,-1
1788814085.8537,989280,V,574,504,-1
1788814085.8537,989288,V,575,505,-1
1788814085.8537,989296,V,576,506,-1
1788814085.9025,989309,V,576,506,11721
1788814085.9025,989317,V,575,505,-1
1788814085.9025,989325,V,584,513,-1
1788814085.9025,989333,V,575,505,-1
1788814085.9026,989341,V,576,506,-1
1788814085.9026,989349,V,575,505,-1
1788814085.9513,989363,V,575,505,11722
1788814085.9513,989371,V,575,505,-1
1788814085.9513,989379,V,575,505,-1
1788814085.9513,989387,V,576,506,-1
1788814085.9513,989395,V,575,505,-1
1788814085.9513,989403,V,576,506,-1
1788814085.9995,989417,V,576,506,11723
1788814085.9997,989425,V,576,506,-1
1788814085.9997,989433,V,575,505,-1
1788814085.9997,989441,V,576,506,-1
1788814085.9997,989449,V,576,506,-1
1788814085.9997,989457,V,576,506,-1
1788814086.0489,989470,V,576,506,11724
1788814086.0489,989478,V,575,505,-1
1788814086.0489,989486,V,575,505,-1
1788814086.0489,989494,V,576,506,-1
1788814086.0490,989502,V,576,506,-1
1788814086.0490,989510,V,576,506,-1
1788814086.0973,989524,V,576,506,11725
1788814086.0973,989532,V,575,505,-1
1788814086.0973,989540,V,575,505,-1
1788814086.0973,989548,V,576,506,-1
1788814086.0974,989556,V,575,505,-1
1788814086.0974,989564,V,575,505,-1
1788814086.1948,989578,V,576,506,11726
1788814086.1949,989586,V,575,505,-1
1788814086.1949,989594,V,576,506,-1
1788814086.1949,989602,V,575,505,-1
1788814086.1949,989610,V,576,506,-1
1788814086.1949,989618,V,575,505,-1
1788814086.2434,989631,V,575,505,11727
1788814086.2435,989639,V,576,506,-1
1788814086.2435,989647,V,575,505,-1
1788814086.2436,989655,V,576,506,-1
1788814086.2436,989663,V,579,509,-1
1788814086.2436,989671,V,575,505,-1
1788814086.2957,989685,V,576,506,11728
1788814086.2958,989693,V,576,506,-1
1788814086.2958,989701,V,576,506,-1
1788814086.2958,989709,V,576,506,-1
1788814086.2958,989717,V,575,505,-1
1788814086.2958,989725,V,576,506,-1
1788814086.3411,989739,V,576,506,11729
1788814086.3411,989747,V,576,506,-1
1788814086.3411,989755,V,576,506,-1
1788814086.3411,989763,V,577,507,-1
1788814086.3411,989771,V,576,506,-1
1788814086.3411,989779,V,576,506,-1
1788814086.3907,989792,V,575,505,11730
1788814086.3907,989800,V,576,506,-1
1788814086.3907,989808,V,576,506,-1
1788814086.3907,989816,V,576,506,-1
1788814086.3907,989824,V,575,505,-1
1788814086.3908,989832,V,576,506,-1
1788814086.4385,989846,V,575,505,11731
1788814086.4385,989854,V,575,505,-1
1788814086.4385,989862,V,590,519,-1
1788814086.4385,989870,V,576,506,-1
1788814086.4385,989878,V,576,506,-1
1788814086.4385,989886,V,576,506,-1
1788814086.4882,989900,V,575,505,11732
1788814086.4883,989908,V,576,506,-1
1788814086.4883,989916,V,577,507,-1
1788814086.4883,989924,V,577,507,-1
1788814086.4883,989932,V,575,505,-1
1788814086.4883,989940,V,576,506,-1
1788814086.5374,989953,V,576,506,11733
1788814086.5374,989961,V,576,506,-1
1788814086.5374,989969,V,576,506,-1
1788814086.5374,989977,V,576,506,-1
1788814086.5374,989985,V,575,505,-1
1788814086.5374,989993,V,575,505,-1
1788814086.5854,990007,V,576,506,11734
1788814086.5854,990015,V,575,505,-1
1788814086.5854,990023,V,575,505,-1
1788814086.5854,990031,V,575,505,-1
1788814086.5855,990039,V,574,504,-1
1788814086.5855,990047,V,575,505,-1
1788814086.6347,990060,V,575,505,11735
1788814086.6347,990068,V,576,506,-1
1788814086.6347,990076,V,575,505,-1
1788814086.6347,990084,V,574,504,-1
1788814086.6347,990092,V,575,505,-1
1788814086.6347,990100,V,574,504,-1
1788814086.7310,990114,V,575,505,11736
1788814086.7311,990122,V,576,506,-1
1788814086.7311,990130,V,576,506,-1
1788814086.7311,990138,V,576,506,-1
1788814086.7311,990146,V,576,506,-1
1788814086.7311,990154,V,576,506,-1
1788814086.7802,990168,V,575,505,11737
1788814086.7802,990176,V,575,505,-1
1788814086.7802,990184,V,576,506,-1
1788814086.7802,990192,V,576,506,-1
1788814086.7802,990200,V,580,510,-1
1788814086.7802,990208,V,576,506,-1
1788814086.8290,990221,V,576,506,11738
1788814086.8291,990229,V,576,506,-1
1788814086.8291,990237,V,576,506,-1
1788814086.8291,990245,V,576,506,-1
1788814086.8291,990253,V,575,505,-1
1788814086.8291,990261,V,575,505,-1
1788814086.8779,990275,V,574,504,11739
1788814086.8779,990283,V,576,506,-1
1788814086.8779,990291,V,576,506,-1
1788814086.8780,990299,V,578,508,-1
1788814086.8780,990307,V,576,506,-1
1788814086.8780,990315,V,575,505,-1
1788814086.9263,990329,V,576,506,11740
1788814086.9263,990337,V,575,505,-1
1788814086.9263,990345,V,576,506,-1
1788814086.9263,990353,V,575,505,-1
1788814086.9263,990361,V,577,507,-1
1788814086.9264,990369,V,576,506,-1
1788814086.9751,990382,V,576,506,11741
1788814086.9752,990390,V,576,506,-1
1788814086.9752,990398,V,591,519,-1
1788814086.9752,990406,V,576,506,-1
1788814086.9752,990414,V,576,506,-1
1788814086.9752,990422,V,576,506,-1
1788814087.0240,990436,V,577,507,11742
1788814087.0240,990444,V,575,505,-1
1788814087.0240,990452,V,576,506,-1
1788814087.0240,990460,V,576,506,-1
1788814087.0240,990468,V,576,506,-1
1788814087.0240,990476,V,576,506,-1
1788814087.0723,990489,V,575,505,11743
1788814087.0723,990497,V,576,506,-1
1788814087.0724,990505,V,575,505,-1
1788814087.0724,990513,V,576,506,-1
1788814087.0724,990521,V,575,505,-1
1788814087.0724,990529,V,576,506,-1
1788814087.1212,990543,V,576,506,11744
1788814087.1212,990551,V,575,505,-1
1788814087.1212,990559,V,576,506,-1
1788814087.1212,990567,V,575,505,-1
1788814087.1212,990575,V,575,505,-1
1788814087.1212,990583,V,577,507,-1
1788814087.1702,990596,V,575,505,11745
1788814087.1702,990604,V,577,507,-1
1788814087.1702,990612,V,576,506,-1
1788814087.1702,990620,V,577,507,-1
1788814087.1702,990628,V,576,506,-1
1788814087.1702,990636,V,575,505,-1
1788814087.2688,990650,V,577,507,11746
1788814087.2689,990658,V,577,507,-1
1788814087.2689,990666,V,576,506,-1
1788814087.2689,990674,V,577,507,-1
1788814087.2689,990682,V,575,505,-1
1788814087.2689,990690,V,577,507,-1
1788814087.3159,990704,V,575,505,11747
1788814087.3159,990712,V,576,506,-1
1788814087.3159,990720,V,576,506,-1
1788814087.3159,990728,V,576,506,-1
1788814087.3159,990736,V,579,509,-1
1788814087.3159,990744,V,576,506,-1
1788814087.3647,990757,V,576,506,11748
1788814087.3647,990765,V,574,504,-1
1788814087.3647,990773,V,575,505,-1
1788814087.3647,990781,V,576,506,-1
1788814087.3647,990789,V,577,507,-1
1788814087.3647,990797,V,577,507,-1
1788814087.4140,990811,V,577,507,11749
1788814087.4140,990819,V,577,507,-1
1788814087.4140,990827,V,576,506,-1
1788814087.4140,990835,V,577,507,-1
1788814087.4140,990843,V,576,506,-1
1788814087.4140,990851,V,575,505,-1
1788814087.4624,990865,V,575,505,11750
1788814087.4624,990873,V,577,507,-1
1788814087.4624,990881,V,576,506,-1
1788814087.4624,990889,V,576,506,-1
1788814087.4624,990897,V,575,505,-1
1788814087.4625,990905,V,576,506,-1
1788814087.5109,990919,V,575,505,11751
1788814087.5110,990927,V,575,505,-1
1788814087.5110,990935,V,582,512,-1
1788814087.5110,990943,V,576,506,-1
1788814087.5111,990951,V,577,507,-1
1788814087.5111,990959,V,576,506,-1
1788814087.5602,990972,V,576,506,11752
1788814087.5602,990980,V,575,505,-1
1788814087.5602,990988,V,576,506,-1
1788814087.5602,990996,V,576,506,-1
1788814087.5603,991004,V,576,506,-1
1788814087.5603,991012,V,575,505,-1
1788814087.6089,991026,V,576,506,11753
1788814087.6089,991034,V,575,505,-1
1788814087.6089,991042,V,575,505,-1
1788814087.6089,991050,V,576,506,-1
1788814087.6089,991058,V,576,506,-1
1788814087.6089,991066,V,575,505,-1
1788814087.6573,991080,V,576,506,11754
1788814087.6573,991088,V,576,506,-1
1788814087.6573,991096,V,576,506,-1
1788814087.6574,991104,V,576,506,-1
1788814087.6574,991112,V,576,506,-1
1788814087.6574,991120,V,576,506,-1
1788814087.7061,991133,V,576,506,11755
1788814087.7062,991141,V,577,507,-1
1788814087.7062,991149,V,576,506,-1
1788814087.7062,991157,V,576,506,-1
1788814087.7062,991165,V,576,506,-1
1788814087.7062,991173,V,577,507,-1
1788814087.8036,991187,V,576,506,11756
1788814087.8038,991195,V,575,505,-1
1788814087.8038,991203,V,576,506,-1
1788814087.8038,991211,V,575,505,-1
1788814087.8038,991219,V,576,506,-1
1788814087.8038,991227,V,576,506,-1
1788814087.8527,991240,V,577,507,11757
1788814087.8527,991248,V,576,506,-1
1788814087.8527,991256,V,575,505,-1
1788814087.8527,991264,V,576,506,-1
1788814087.8527,991272,V,579,509,-1
1788814087.8527,991280,V,576,506,-1
1788814087.9012,991294,V,575,505,11758
1788814087.9012,991302,V,576,506,-1
1788814087.9013,991310,V,576,506,-1
1788814087.9013,991318,V,574,504,-1
1788814087.9013,991326,V,576,506,-1
1788814087.9013,991334,V,575,505,-1
1788814087.9499,991348,V,575,505,11759
1788814087.9499,991356,V,576,506,-1
1788814087.9499,991364,V,577,507,-1
1788814087.9499,991372,V,584,513,-1
1788814087.9499,991380,V,577,507,-1
1788814087.9499,991388,V,576,506,-1
1788814087.9986,991402,V,576,506,11760
1788814087.9986,991410,V,577,507,-1
1788814087.9986,991418,V,576,506,-1
1788814087.9986,991426,V,577,507,-1
1788814087.9986,991434,V,576,506,-1
1788814087.9986,991442,V,576,506,-1
1788814088.0473,991455,V,576,506,11761
1788814088.0474,991463,V,576,506,-1
1788814088.0475,991471,V,576,506,-1
1788814088.0475,991479,V,575,505,-1
1788814088.0475,991487,V,576,506,-1
1788814088.0475,991495,V,575,505,-1
1788814088.0962,991509,V,576,506,11762
1788814088.0963,991517,V,576,506,-1
1788814088.0963,991525,V,575,505,-1
1788814088.0963,991533,V,575,505,-1
1788814088.0963,991541,V,576,506,-1
1788814088.0963,991549,V,577,507,-1
1788814088.1449,991562,V,576,506,11763
1788814088.1449,991570,V,576,506,-1
1788814088.1449,991578,V,576,506,-1
1788814088.1449,991586,V,576,506,-1
1788814088.1449,991594,V,576,506,-1
1788814088.1449,991602,V,575,505,-1
1788814088.1945,991616,V,575,505,11764
1788814088.1946,991624,V,575,505,-1
1788814088.1946,991632,V,575,505,-1
1788814088.1946,991640,V,576,506,-1
1788814088.1946,991648,V,576,506,-1
1788814088.1946,991656,V,575,505,-1
1788814088.2432,991670,V,576,506,11765
1788814088.2432,991678,V,576,506,-1
1788814088.2432,991686,V,576,506,-1
1788814088.2432,991694,V,577,507,-1
1788814088.2432,991702,V,576,506,-1
1788814088.2432,991710,V,577,507,-1
1788814088.3401,991723,V,576,506,11766
1788814088.3402,991731,V,576,506,-1
1788814088.3402,991739,V,575,505,-1
1788814088.3402,991747,V,576,506,-1
1788814088.3403,991755,V,577,507,-1
1788814088.3403,991763,V,575,505,-1
1788814088.3888,991777,V,576,506,11767
1788814088.3888,991785,V,575,505,-1
1788814088.3888,991793,V,575,505,-1
1788814088.3888,991801,V,576,506,-1
1788814088.3889,991809,V,579,509,-1
1788814088.3889,991817,V,577,507,-1
1788814088.4395,991830,V,577,507,11768
1788814088.4395,991838,V,577,507,-1
1788814088.4395,991846,V,577,507,-1
1788814088.4395,991854,V,576,506,-1
1788814088.4395,991862,V,577,507,-1
1788814088.4395,991870,V,577,507,-1
1788814088.4860,991884,V,576,506,11769
1788814088.4860,991892,V,576,506,-1
1788814088.4860,991900,V,576,506,-1
1788814088.4860,991908,V,589,518,-1
1788814088.4860,991916,V,576,506,-1
1788814088.4860,991924,V,577,507,-1
1788814088.5349,991938,V,577,507,11770
1788814088.5349,991946,V,577,507,-1
1788814088.5349,991954,V,576,506,-1
1788814088.5349,991962,V,576,506,-1
1788814088.5349,991970,V,576,506,-1
1788814088.5349,991978,V,577,507,-1
1788814088.5837,991991,V,577,507,11771
1788814088.5838,991999,V,576,506,-1
1788814088.5838,992007,V,577,507,-1
1788814088.5838,992015,V,576,506,-1
1788814088.5838,992023,V,577,507,-1
1788814088.5839,992031,V,578,508,-1
1788814088.6327,992045,V,577,507,11772
1788814088.6328,992053,V,578,508,-1
1788814088.6328,992061,V,576,506,-1
1788814088.6328,992069,V,575,505,-1
1788814088.6328,992077,V,576,506,-1
1788814088.6328,992085,V,575,505,-1
1788814088.6815,992099,V,576,506,11773
1788814088.6815,992107,V,577,507,-1
1788814088.6815,992115,V,576,506,-1
1788814088.6815,992123,V,575,505,-1
1788814088.6815,992131,V,575,505,-1
1788814088.6815,992139,V,576,506,-1
1788814088.7296,992152,V,576,506,11774
1788814088.7297,992160,V,577,507,-1
1788814088.7297,992168,V,576,506,-1
1788814088.7297,992176,V,575,505,-1
1788814088.7297,992184,V,575,505,-1
1788814088.7297,992192,V,576,506,-1
1788814088.7787,992206,V,576,506,11775
1788814088.7787,992214,V,576,506,-1
1788814088.7787,992222,V,576,506,-1
1788814088.7787,992230,V,577,507,-1
1788814088.7787,992238,V,577,507,-1
1788814088.7787,992246,V,579,509,-1
1788814088.8763,992260,V,576,506,11776
1788814088.8764,992268,V,576,506,-1
1788814088.8765,992276,V,576,506,-1
1788814088.8765,992284,V,575,505,-1
1788814088.8766,992292,V,576,506,-1
1788814088.8766,992300,V,575,505,-1
1788814088.9252,992313,V,576,506,11777
1788814088.9252,992321,V,576,506,-1
1788814088.9253,992329,V,575,505,-1
1788814088.9253,992337,V,576,506,-1
1788814088.9253,992345,V,577,507,-1
1788814088.9253,992353,V,576,506,-1
1788814088.9738,992367,V,575,505,11778
1788814088.9738,992375,V,575,505,-1
1788814088.9738,992383,V,575,505,-1
1788814088.9739,992391,V,575,505,-1
1788814088.9739,992399,V,576,506,-1
1788814088.9739,992407,V,576,506,-1
1788814089.0222,992421,V,575,505,11779
1788814089.0222,992429,V,576,506,-1
1788814089.0222,992437,V,575,505,-1
1788814089.0222,992445,V,584,513,-1
1788814089.0222,992453,V,576,506,-1
1788814089.0222,992461,V,575,505,-1
1788814089.0719,992475,V,576,506,11780
1788814089.0720,992483,V,576,506,-1
1788814089.0720,992491,V,576,506,-1
1788814089.0720,992499,V,576,506,-1
1788814089.0720,992507,V,576,506,-1
1788814089.0720,992515,V,577,507,-1
1788814089.1208,992528,V,576,506,11781
1788814089.1209,992536,V,576,506,-1
1788814089.1209,992544,V,576,506,-1
1788814089.1209,992552,V,576,506,-1
1788814089.1209,992560,V,575,505,-1
1788814089.1209,992568,V,578,508,-1
1788814089.1729,992582,V,576,506,11782
1788814089.1730,992590,V,576,506,-1
1788814089.1730,992598,V,577,507,-1
1788814089.1730,992606,V,576,506,-1
1788814089.1730,992614,V,575,505,-1
1788814089.1730,992622,V,576,506,-1
1788814089.2184,992635,V,576,506,11783
1788814089.2184,992643,V,576,506,-1
1788814089.2184,992651,V,576,506,-1
1788814089.2184,992659,V,575,505,-1
1788814089.2184,992667,V,575,505,-1
1788814089.2184,992675,V,575,505,-1
1788814089.2663,992689,V,578,508,11784
1788814089.2663,992697,V,576,506,-1
1788814089.2663,992705,V,576,506,-1
1788814089.2663,992713,V,575,505,-1
1788814089.2663,992721,V,575,505,-1
1788814089.2663,992729,V,575,505,-1
1788814089.3147,992743,V,576,506,11785
1788814089.3148,992751,V,576,506,-1
1788814089.3148,992759,V,575,505,-1
1788814089.3148,992767,V,576,506,-1
1788814089.3148,992775,V,575,505,-1
1788814089.3148,992783,V,578,508,-1
1788814089.4127,992796,V,576,506,11786
1788814089.4129,992804,V,575,505,-1
1788814089.4130,992812,V,575,505,-1
1788814089.4130,992820,V,577,507,-1
1788814089.4130,992828,V,575,505,-1
1788814089.4130,992836,V,575,505,-1
1788814089.4614,992850,V,577,507,11787
1788814089.4614,992858,V,577,507,-1
1788814089.4614,992866,V,577,507,-1
1788814089.4614,992874,V,577,507,-1
1788814089.4615,992882,V,588,517,-1
1788814089.4615,992890,V,576,506,-1
1788814089.5101,992904,V,576,506,11788
1788814089.5101,992912,V,576,506,-1
1788814089.5102,992920,V,576,506,-1
1788814089.5102,992928,V,575,505,-1
1788814089.5102,992936,V,575,505,-1
1788814089.5102,992944,V,576,506,-1
1788814089.5586,992957,V,575,505,11789
1788814089.5586,992965,V,576,506,-1
1788814089.5587,992973,V,576,506,-1
1788814089.5587,992981,V,577,507,-1
1788814089.5587,992989,V,575,505,-1
1788814089.5587,992997,V,575,505,-1
1788814089.6072,993011,V,576,506,11790
1788814089.6072,993019,V,575,505,-1
1788814089.6072,993027,V,576,506,-1
1788814089.6072,993035,V,575,505,-1
1788814089.6072,993043,V,575,505,-1
1788814089.6072,993051,V,575,505,-1
1788814089.6561,993065,V,575,505,11791
1788814089.6561,993073,V,575,505,-1
1788814089.6562,993081,V,575,505,-1
1788814089.6562,993089,V,576,506,-1
1788814089.6562,993097,V,576,506,-1
1788814089.6562,993105,V,576,506,-1
1788814089.7059,993118,V,576,506,11792
1788814089.7059,993126,V,576,506,-1
1788814089.7059,993134,V,577,507,-1
1788814089.7059,993142,V,576,506,-1
1788814089.7059,993150,V,576,506,-1
1788814089.7059,993158,V,574,504,-1
1788814089.7545,993172,V,575,505,11793
1788814089.7545,993180,V,576,506,-1
1788814089.7545,993188,V,576,506,-1
1788814089.7545,993196,V,576,506,-1
1788814089.7545,993204,V,575,505,-1
1788814089.7546,993212,V,576,506,-1
1788814089.8033,993226,V,580,510,11794
1788814089.8033,993234,V,575,505,-1
1788814089.8033,993242,V,575,505,-1
1788814089.8033,993250,V,575,505,-1
1788814089.8033,993258,V,575,505,-1
1788814089.8034,993266,V,575,505,-1
1788814089.8999,993279,V,576,506,11795
1788814089.9000,993287,V,576,506,-1
1788814089.9001,993295,V,576,506,-1
1788814089.9001,993303,V,576,506,-1
1788814089.9001,993311,V,575,505,-1
1788814089.9001,993319,V,578,508,-1
1788814089.9499,993333,V,576,506,11796
1788814089.9500,993341,V,576,506,-1
1788814089.9500,993349,V,576,506,-1
1788814089.9500,993357,V,576,506,-1
1788814089.9500,993365,V,576,506,-1
1788814089.9500,993373,V,575,505,-1
1788814089.9975,993387,V,576,506,11797
1788814089.9975,993395,V,575,505,-1
1788814089.9975,993403,V,575,505,-1
1788814089.9975,993411,V,577,507,-1
1788814089.9975,993419,V,591,519,-1
1788814089.9975,993427,V,576,506,-1
1788814090.0463,993440,V,576,506,11798
1788814090.0463,993448,V,577,507,-1
1788814090.0463,993456,V,576,506,-1
1788814090.0463,993464,V,576,506,-1
1788814090.0463,993472,V,577,507,-1
1788814090.0463,993480,V,576,506,-1
1788814090.0958,993494,V,576,506,11799
1788814090.0958,993502,V,577,507,-1
1788814090.0958,993510,V,575,505,-1
1788814090.0958,993518,V,575,505,-1
1788814090.0958,993526,V,576,506,-1
1788814090.0958,993534,V,576,506,-1
1788814090.1445,993547,V,576,506,11800
1788814090.1446,993555,V,576,506,-1
1788814090.1446,993563,V,575,505,-1
1788814090.1446,993571,V,575,505,-1
1788814090.1446,993579,V,576,506,-1
1788814090.1446,993587,V,575,505,-1
1788814090.1933,993601,V,576,506,11801
1788814090.1933,993609,V,576,506,-1
1788814090.1933,993617,V,575,505,-1
1788814090.1934,993625,V,576,506,-1
1788814090.1934,993633,V,576,506,-1
1788814090.1934,993641,V,575,505,-1
1788814090.2421,993655,V,576,506,11802
1788814090.2421,993663,V,575,505,-1
1788814090.2421,993671,V,576,506,-1
1788814090.2421,993679,V,575,505,-1
1788814090.2421,993687,V,576,506,-1
1788814090.2422,993695,V,577,507,-1
1788814090.2916,993708,V,576,506,11803
1788814090.2916,993716,V,576,506,-1
1788814090.2916,993724,V,576,506,-1
1788814090.2916,993732,V,575,505,-1
1788814090.2917,993740,V,576,506,-1
1788814090.2917,993748,V,576,506,-1
1788814090.3396,993762,V,580,510,11804
1788814090.3396,993770,V,576,506,-1
1788814090.3396,993778,V,575,505,-1
1788814090.3396,993786,V,575,505,-1
1788814090.3396,993794,V,576,506,-1
1788814090.3396,993802,V,575,505,-1
1788814090.3874,993815,V,576,506,11805
1788814090.3876,993823,V,576,506,-1
1788814090.3876,993831,V,576,506,-1
1788814090.3876,993839,V,576,506,-1
1788814090.3876,993847,V,576,506,-1
1788814090.3876,993855,V,577,507,-1
1788814090.4860,993869,V,575,505,11806
1788814090.4860,993877,V,575,505,-1
1788814090.4861,993885,V,576,506,-1
1788814090.4861,993893,V,575,505,-1
1788814090.4861,993901,V,577,507,-1
1788814090.4861,993909,V,576,506,-1
1788814090.5353,993923,V,575,505,11807
1788814090.5353,993931,V,576,506,-1
1788814090.5353,993939,V,576,506,-1
1788814090.5353,993947,V,576,506,-1
1788814090.5353,993955,V,588,517,-1
1788814090.5353,993963,V,575,505,-1
1788814090.5832,993976,V,576,506,11808
1788814090.5832,993984,V,576,506,-1
1788814090.5832,993992,V,576,506,-1
1788814090.5832,994000,V,576,506,-1
1788814090.5832,994008,V,576,506,-1
1788814090.5832,994016,V,576,506,-1
1788814090.6318,994030,V,575,505,11809
1788814090.6319,994038,V,576,506,-1
1788814090.6319,994046,V,575,505,-1
1788814090.6319,994054,V,576,506,-1
1788814090.6319,994062,V,575,505,-1
1788814090.6319,994070,V,575,505,-1
1788814090.6805,994084,V,574,504,11810
1788814090.6805,994092,V,576,506,-1
1788814090.6805,994100,V,575,505,-1
1788814090.6805,994108,V,576,506,-1
1788814090.6805,994116,V,577,507,-1
1788814090.6805,994124,V,575,505,-1
1788814090.7295,994137,V,575,505,11811
1788814090.7295,994145,V,575,505,-1
1788814090.7295,994153,V,576,506,-1
1788814090.7295,994161,V,575,505,-1
1788814090.7295,994169,V,575,505,-1
1788814090.7295,994177,V,574,504,-1
1788814090.7774,994191,V,576,506,11812
1788814090.7774,994199,V,575,505,-1
1788814090.7774,994207,V,575,505,-1
1788814090.7774,994215,V,576,506,-1
1788814090.7774,994223,V,576,506,-1
1788814090.7774,994231,V,576,506,-1
1788814090.8262,994244,V,575,505,11813
1788814090.8262,994252,V,576,506,-1
1788814090.8262,994260,V,575,505,-1
1788814090.8262,994268,V,577,507,-1
1788814090.8262,994276,V,575,505,-1
1788814090.8262,994284,V,577,507,-1
1788814090.8748,994298,V,580,510,11814
1788814090.8750,994306,V,575,505,-1
1788814090.8750,994314,V,576,506,-1
1788814090.8750,994322,V,575,505,-1
1788814090.8750,994330,V,577,507,-1
1788814090.8750,994338,V,577,507,-1
1788814090.9728,994352,V,576,506,11815
1788814090.9729,994360,V,575,505,-1
1788814090.9729,994368,V,577,507,-1
1788814090.9729,994376,V,575,505,-1
1788814090.9729,994384,V,576,506,-1
1788814090.9729,994392,V,578,508,-1
1788814091.0212,994406,V,576,506,11816
1788814091.0213,994414,V,577,507,-1
1788814091.0213,994422,V,576,506,-1
1788814091.0213,994430,V,576,506,-1
1788814091.0213,994438,V,575,505,-1
1788814091.0213,994446,V,576,506,-1
1788814091.0699,994459,V,576,506,11817
1788814091.0700,994467,V,577,507,-1
1788814091.0700,994475,V,576,506,-1
1788814091.0700,994483,V,576,506,-1
1788814091.0700,994491,V,577,507,-1
1788814091.0700,994499,V,575,505,-1
1788814091.1193,994513,V,577,507,11818
1788814091.1195,994521,V,577,507,-1
1788814091.1195,994529,V,576,506,-1
1788814091.1195,994537,V,576,506,-1
1788814091.1195,994545,V,576,506,-1
1788814091.1195,994553,V,577,507,-1
1788814091.1687,994567,V,577,507,11819
1788814091.1687,994575,V,576,506,-1
1788814091.1687,994583,V,576,506,-1
1788814091.1687,994591,V,576,506,-1
1788814091.1687,994599,V,576,506,-1
1788814091.1687,994607,V,575,505,-1
1788814091.2162,994620,V,576,506,11820
1788814091.2162,994628,V,576,506,-1
1788814091.2162,994636,V,577,507,-1
1788814091.2162,994644,V,576,506,-1
1788814091.2162,994652,V,575,505,-1
1788814091.2162,994660,V,576,506,-1
1788814091.2648,994674,V,577,507,11821
1788814091.2648,994682,V,576,506,-1
1788814091.2649,994690,V,576,506,-1
1788814091.2649,994698,V,576,506,-1
1788814091.2649,994706,V,575,505,-1
1788814091.2649,994714,V,576,506,-1
1788814091.3154,994728,V,575,505,11822
1788814091.3154,994736,V,580,510,-1
1788814091.3154,994744,V,577,507,-1
1788814091.3155,994752,V,576,506,-1
1788814091.3155,994760,V,576,506,-1
1788814091.3155,994768,V,577,507,-1
1788814091.4113,994781,V,575,505,11823
1788814091.4114,994789,V,576,506,-1
1788814091.4114,994797,V,575,505,-1
1788814091.4114,994805,V,575,505,-1
1788814091.4114,994813,V,576,506,-1
1788814091.4114,994821,V,576,506,-1
1788814091.4124,994835,V,577,507,11824
1788814091.4124,994843,V,576,506,-1
1788814091.4124,994851,V,576,506,-1
1788814091.4124,994859,V,576,506,-1
1788814091.4124,994867,V,576,506,-1
1788814091.4125,994875,V,576,506,-1
1788814091.5100,994889,V,576,506,11825
1788814091.5100,994897,V,576,506,-1
1788814091.5100,994905,V,575,505,-1
1788814091.5100,994913,V,576,506,-1
1788814091.5100,994921,V,576,506,-1
1788814091.5100,994929,V,588,517,-1
1788814091.5575,994942,V,576,506,11826
1788814091.5575,994950,V,576,506,-1
1788814091.5575,994958,V,576,506,-1
1788814091.5575,994966,V,575,505,-1
1788814091.5575,994974,V,576,506,-1
1788814091.5575,994982,V,575,505,-1
1788814091.6062,994996,V,576,506,11827
1788814091.6062,995004,V,576,506,-1
1788814091.6062,995012,V,576,506,-1
1788814091.6062,995020,V,577,507,-1
1788814091.6062,995028,V,577,507,-1
1788814091.6062,995036,V,575,505,-1
1788814091.6550,995050,V,576,506,11828
1788814091.6551,995058,V,575,505,-1
1788814091.6551,995066,V,575,505,-1
1788814091.6551,995074,V,576,506,-1
1788814091.6552,995082,V,576,506,-1
1788814091.6552,995090,V,575,505,-1
1788814091.7056,995103,V,576,506,11829
1788814091.7056,995111,V,576,506,-1
1788814091.7056,995119,V,576,506,-1
1788814091.7057,995127,V,577,507,-1
1788814091.7057,995135,V,575,505,-1
1788814091.7057,995143,V,576,506,-1
1788814091.7526,995157,V,577,507,11830
1788814091.7526,995165,V,575,505,-1
1788814091.7526,995173,V,576,506,-1
1788814091.7526,995181,V,576,506,-1
1788814091.7526,995189,V,577,507,-1
1788814091.7526,995197,V,576,506,-1
1788814091.8013,995210,V,576,506,11831
1788814091.8013,995218,V,576,506,-1
1788814091.8013,995226,V,575,505,-1
1788814091.8013,995234,V,576,506,-1
1788814091.8014,995242,V,577,507,-1
1788814091.8014,995250,V,576,506,-1
1788814091.8500,995264,V,575,505,11832
1788814091.8500,995272,V,580,510,-1
1788814091.8500,995280,V,576,506,-1
1788814091.8500,995288,V,577,507,-1
1788814091.8500,995296,V,576,506,-1
1788814091.8500,995304,V,576,506,-1
1788814091.8986,995318,V,576,506,11833
1788814091.8987,995326,V,575,505,-1
1788814091.8987,995334,V,575,505,-1
1788814091.8987,995342,V,575,505,-1
1788814091.8987,995350,V,575,505,-1
1788814091.8987,995358,V,575,505,-1
1788814091.9967,995371,V,579,509,11834
1788814091.9967,995379,V,575,505,-1
1788814091.9967,995387,V,576,506,-1
1788814091.9967,995395,V,576,506,-1
1788814091.9967,995403,V,575,505,-1
1788814091.9967,995411,V,576,506,-1
1788814092.0459,995425,V,576,506,11835
1788814092.0459,995433,V,575,505,-1
1788814092.0459,995441,V,576,506,-1
1788814092.0459,995449,V,576,506,-1
1788814092.0459,995457,V,575,505,-1
1788814092.0459,995465,V,583,512,-1
1788814092.0937,995479,V,576,506,11836
1788814092.0937,995487,V,576,506,-1
1788814092.0937,995495,V,577,507,-1
1788814092.0937,995503,V,576,506,-1
1788814092.0937,995511,V,575,505,-1
1788814092.0937,995519,V,576,506,-1
1788814092.1428,995533,V,575,505,11837
1788814092.1430,995541,V,576,506,-1
1788814092.1430,995549,V,576,506,-1
1788814092.1430,995557,V,576,506,-1
1788814092.1430,995565,V,576,506,-1
1788814092.1430,995573,V,576,506,-1
1788814092.1915,995586,V,576,506,11838
1788814092.1915,995594,V,576,506,-1
1788814092.1915,995602,V,576,506,-1
1788814092.1916,995610,V,576,506,-1
1788814092.1916,995618,V,576,506,-1
1788814092.1916,995626,V,576,506,-1
1788814092.2403,995640,V,576,506,11839
1788814092.2404,995648,V,577,507,-1
1788814092.2404,995656,V,576,506,-1
1788814092.2404,995664,V,575,505,-1
1788814092.2404,995672,V,577,507,-1
1788814092.2404,995680,V,576,506,-1
1788814092.2886,995694,V,576,506,11840
1788814092.2887,995702,V,576,506,-1
1788814092.2887,995710,V,579,509,-1
1788814092.2887,995718,V,575,505,-1
1788814092.2887,995726,V,576,506,-1
1788814092.2887,995734,V,576,506,-1
1788814092.3376,995747,V,576,506,11841
1788814092.3377,995755,V,576,506,-1
1788814092.3377,995763,V,576,506,-1
1788814092.3377,995771,V,575,505,-1
1788814092.3377,995779,V,576,506,-1
1788814092.3377,995787,V,576,506,-1
1788814092.3862,995801,V,574,504,11842
1788814092.3863,995809,V,577,507,-1
1788814092.3863,995817,V,577,507,-1
1788814092.3863,995825,V,576,506,-1
1788814092.3863,995833,V,576,506,-1
1788814092.3863,995841,V,575,505,-1
1788814092.4353,995854,V,576,506,11843
1788814092.4353,995862,V,576,506,-1
1788814092.4354,995870,V,576,506,-1
1788814092.4354,995878,V,576,506,-1
1788814092.4354,995886,V,576,506,-1
1788814092.4354,995894,V,576,506,-1
1788814092.4837,995908,V,589,518,11844
1788814092.4838,995916,V,576,506,-1
1788814092.4838,995924,V,575,505,-1
1788814092.4838,995932,V,575,505,-1
1788814092.4838,995940,V,575,505,-1
1788814092.4838,995948,V,576,506,-1
1788814092.5816,995962,V,575,505,11845
1788814092.5817,995970,V,576,506,-1
1788814092.5817,995978,V,576,506,-1
1788814092.5817,995986,V,576,506,-1
1788814092.5817,995994,V,575,505,-1
1788814092.5817,996002,V,578,508,-1
1788814092.6298,996015,V,576,506,11846
1788814092.6299,996023,V,576,506,-1
1788814092.6299,996031,V,576,506,-1
1788814092.6300,996039,V,575,505,-1
1788814092.6300,996047,V,577,507,-1
1788814092.6300,996055,V,576,506,-1
1788814092.6790,996069,V,577,507,11847
1788814092.6790,996077,V,575,505,-1
1788814092.6790,996085,V,577,507,-1
1788814092.6790,996093,V,575,505,-1
1788814092.6790,996101,V,575,505,-1
1788814092.6790,996109,V,575,505,-1
1788814092.7275,996123,V,576,506,11848
1788814092.7275,996131,V,576,506,-1
1788814092.7275,996139,V,576,506,-1
1788814092.7275,996147,V,576,506,-1
1788814092.7275,996155,V,576,506,-1
1788814092.7275,996163,V,575,505,-1
1788814092.7763,996176,V,575,505,11849
1788814092.7763,996184,V,576,506,-1
1788814092.7763,996192,V,576,506,-1
1788814092.7763,996200,V,577,507,-1
1788814092.7763,996208,V,575,505,-1
1788814092.7763,996216,V,575,505,-1
1788814092.8250,996230,V,575,505,11850
1788814092.8251,996238,V,576,506,-1
1788814092.8251,996246,V,580,510,-1
1788814092.8251,996254,V,575,505,-1
1788814092.8251,996262,V,575,505,-1
1788814092.8251,996270,V,576,506,-1
1788814092.8739,996284,V,575,505,11851
1788814092.8741,996292,V,576,506,-1
1788814092.8741,996300,V,575,505,-1
1788814092.8741,996308,V,576,506,-1
1788814092.8741,996316,V,576,506,-1
1788814092.8741,996324,V,575,505,-1
1788814092.9226,996337,V,575,505,11852
1788814092.9226,996345,V,577,507,-1
1788814092.9226,996353,V,576,506,-1
1788814092.9226,996361,V,576,506,-1
1788814092.9227,996369,V,575,505,-1
1788814092.9227,996377,V,576,506,-1
1788814092.9713,996391,V,575,505,11853
1788814092.9713,996399,V,576,506,-1
1788814092.9713,996407,V,575,505,-1
1788814092.9713,996415,V,575,505,-1
1788814092.9713,996423,V,575,505,-1
1788814092.9713,996431,V,575,505,-1
1788814093.0200,996444,V,591,519,11854
1788814093.0200,996452,V,575,505,-1
1788814093.0200,996460,V,575,505,-1
1788814093.0200,996468,V,575,505,-1
1788814093.0200,996476,V,575,505,-1
1788814093.0201,996484,V,575,505,-1
1788814093.1178,996498,V,576,506,11855
1788814093.1180,996506,V,574,504,-1
1788814093.1180,996514,V,576,506,-1
1788814093.1180,996522,V,576,506,-1
1788814093.1180,996530,V,575,505,-1
1788814093.1180,996538,V,576,506,-1
1788814093.1668,996552,V,576,506,11856
1788814093.1668,996560,V,577,507,-1
1788814093.1668,996568,V,576,506,-1
1788814093.1669,996576,V,575,505,-1
1788814093.1669,996584,V,576,506,-1
1788814093.1669,996592,V,575,505,-1
1788814093.2150,996605,V,575,505,11857
1788814093.2150,996613,V,575,505,-1
1788814093.2150,996621,V,575,505,-1
1788814093.2150,996629,V,575,505,-1
1788814093.2151,996637,V,575,505,-1
1788814093.2151,996645,V,575,505,-1
1788814093.2637,996659,V,576,506,11858
1788814093.2637,996667,V,574,504,-1
1788814093.2637,996675,V,575,505,-1
1788814093.2637,996683,V,576,506,-1
1788814093.2637,996691,V,575,505,-1
1788814093.2637,996699,V,575,505,-1
1788814093.3140,996712,V,576,506,11859
1788814093.3141,996720,V,575,505,-1
1788814093.3141,996728,V,575,505,-1
1788814093.3141,996736,V,576,506,-1
1788814093.3141,996744,V,575,505,-1
1788814093.3141,996752,V,575,505,-1
1788814093.3612,996766,V,575,505,11860
1788814093.3613,996774,V,575,505,-1
1788814093.3613,996782,V,580,510,-1
1788814093.3613,996790,V,576,506,-1
1788814093.3613,996798,V,576,506,-1
1788814093.3613,996806,V,576,506,-1
1788814093.4104,996820,V,576,506,11861
1788814093.4105,996828,V,576,506,-1
1788814093.4105,996836,V,575,505,-1
1788814093.4105,996844,V,576,506,-1
1788814093.4105,996852,V,576,506,-1
1788814093.4105,996860,V,575,505,-1
1788814093.4589,996873,V,577,507,11862
1788814093.4590,996881,V,577,507,-1
1788814093.4590,996889,V,575,505,-1
1788814093.4590,996897,V,576,506,-1
1788814093.4590,996905,V,575,505,-1
1788814093.4590,996913,V,576,506,-1
1788814093.5072,996927,V,576,506,11863
1788814093.5072,996935,V,576,506,-1
1788814093.5072,996943,V,576,506,-1
1788814093.5072,996951,V,576,506,-1
1788814093.5072,996959,V,576,506,-1
1788814093.5072,996967,V,577,507,-1
1788814093.5562,996981,V,591,519,11864
1788814093.5562,996989,V,576,506,-1
1788814093.5562,996997,V,577,507,-1
1788814093.5562,997005,V,576,506,-1
1788814093.5562,997013,V,575,505,-1
1788814093.5562,997021,V,575,505,-1
1788814093.6538,997034,V,577,507,11865
1788814093.6539,997042,V,576,506,-1
1788814093.6539,997050,V,576,506,-1
1788814093.6539,997058,V,575,505,-1
1788814093.6539,997066,V,575,505,-1
1788814093.6540,997074,V,576,506,-1
1788814093.7027,997088,V,576,506,11866
1788814093.7027,997096,V,576,506,-1
1788814093.7027,997104,V,576,506,-1
1788814093.7027,997112,V,575,505,-1
1788814093.7027,997120,V,576,506,-1
1788814093.7027,997128,V,576,506,-1
1788814093.7514,997141,V,575,505,11867
1788814093.7514,997149,V,576,506,-1
1788814093.7514,997157,V,575,505,-1
1788814093.7514,997165,V,576,506,-1
1788814093.7514,997173,V,576,506,-1
1788814093.7514,997181,V,576,506,-1
1788814093.7997,997195,V,576,506,11868
1788814093.7998,997203,V,576,506,-1
1788814093.7998,997211,V,576,506,-1
1788814093.7998,997219,V,576,506,-1
1788814093.7998,997227,V,575,505,-1
1788814093.7998,997235,V,576,506,-1
1788814093.8487,997249,V,575,505,11869
1788814093.8487,997257,V,576,506,-1
1788814093.8487,997265,V,576,506,-1
1788814093.8487,997273,V,575,505,-1
1788814093.8487,997281,V,576,506,-1
1788814093.8487,997289,V,575,505,-1
1788814093.8973,997302,V,576,506,11870
1788814093.8974,997310,V,575,505,-1
1788814093.8974,997318,V,580,510,-1
1788814093.8974,997326,V,575,505,-1
1788814093.8975,997334,V,576,506,-1
1788814093.8975,997342,V,576,506,-1
1788814093.9466,997356,V,576,506,11871
1788814093.9466,997364,V,575,505,-1
1788814093.9466,997372,V,575,505,-1
1788814093.9466,997380,V,575,505,-1
1788814093.9466,997388,V,576,506,-1
1788814093.9467,997396,V,576,506,-1
1788814094.0935,997409,V,575,505,11872
1788814094.0935,997417,V,577,507,-1
1788814094.0935,997425,V,577,507,-1
1788814094.0935,997433,V,576,506,-1
1788814094.0935,997441,V,576,506,-1
1788814094.0935,997449,V,575,505,-1
1788814094.0952,997463,V,576,506,11873
1788814094.0952,997471,V,575,505,-1
1788814094.0952,997479,V,576,506,-1
1788814094.0952,997487,V,576,506,-1
1788814094.0953,997495,V,576,506,-1
1788814094.0953,997503,V,576,506,-1
1788814094.0956,997517,V,587,516,11874
1788814094.0956,997525,V,576,506,-1
1788814094.0956,997533,V,576,506,-1
1788814094.0956,997541,V,576,506,-1
1788814094.0956,997549,V,576,506,-1
1788814094.0956,997557,V,576,506,-1
1788814094.1902,997570,V,576,506,11875
1788814094.1903,997578,V,576,506,-1
1788814094.1903,997586,V,575,505,-1
1788814094.1903,997594,V,575,505,-1
1788814094.1903,997602,V,575,505,-1
1788814094.1903,997610,V,578,508,-1
1788814094.2391,997624,V,576,506,11876
1788814094.2392,997632,V,575,505,-1
1788814094.2392,997640,V,576,506,-1
1788814094.2392,997648,V,575,505,-1
1788814094.2393,997656,V,575,505,-1
1788814094.2393,997664,V,576,506,-1
1788814094.2875,997678,V,575,505,11877
1788814094.2875,997686,V,575,505,-1
1788814094.2875,997694,V,576,506,-1
1788814094.2875,997702,V,575,505,-1
1788814094.2875,997710,V,577,507,-1
1788814094.2876,997718,V,576,506,-1
1788814094.3381,997731,V,575,505,11878
1788814094.3381,997739,V,576,506,-1
1788814094.3381,997747,V,576,506,-1
1788814094.3381,997755,V,577,507,-1
1788814094.3381,997763,V,576,506,-1
1788814094.3381,997771,V,575,505,-1
1788814094.4338,997785,V,575,505,11879
1788814094.4339,997793,V,576,506,-1
1788814094.4339,997801,V,575,505,-1
1788814094.4339,997809,V,576,506,-1
1788814094.4339,997817,V,575,505,-1
1788814094.4339,997825,V,576,506,-1
1788814094.4348,997838,V,576,506,11880
1788814094.4348,997846,V,576,506,-1
1788814094.4348,997854,V,578,508,-1
1788814094.4348,997862,V,576,506,-1
1788814094.4348,997870,V,576,506,-1
1788814094.4348,997878,V,576,506,-1
1788814094.4827,997892,V,576,506,11881
1788814094.4827,997900,V,575,505,-1
1788814094.4827,997908,V,575,505,-1
1788814094.4827,997916,V,576,506,-1
1788814094.4827,997924,V,576,506,-1
1788814094.4827,997932,V,575,505,-1
1788814094.5314,997945,V,576,506,11882
1788814094.5314,997953,V,578,508,-1
1788814094.5314,997961,V,575,505,-1
1788814094.5314,997969,V,576,506,-1
1788814094.5314,997977,V,576,506,-1
1788814094.5314,997985,V,575,505,-1
1788814094.6292,997999,V,576,506,11883
1788814094.6292,998007,V,576,506,-1
1788814094.6292,998015,V,576,506,-1
1788814094.6292,998023,V,575,505,-1
1788814094.6292,998031,V,577,507,-1
1788814094.6292,998039,V,576,506,-1
1788814094.6302,998053,V,584,513,11884
1788814094.6302,998061,V,575,505,-1
1788814094.6302,998069,V,575,505,-1
1788814094.6302,998077,V,576,506,-1
1788814094.6302,998085,V,576,506,-1
1788814094.6302,998093,V,574,504,-1
1788814094.7755,998106,V,576,506,11885
1788814094.7757,998114,V,575,505,-1
1788814094.7757,998122,V,576,506,-1
1788814094.7757,998130,V,575,505,-1
1788814094.7757,998138,V,575,505,-1
1788814094.7757,998146,V,577,507,-1
1788814094.7764,998160,V,575,505,11886
1788814094.7764,998168,V,576,506,-1
1788814094.7764,998176,V,575,505,-1
1788814094.7764,998184,V,575,505,-1
1788814094.7764,998192,V,575,505,-1
1788814094.7764,998200,V,575,505,-1
1788814094.8242,998214,V,576,506,11887
1788814094.8242,998222,V,576,506,-1
1788814094.8242,998230,V,577,507,-1
1788814094.8242,998238,V,575,505,-1
1788814094.8242,998246,V,575,505,-1
1788814094.8242,998254,V,576,506,-1
1788814094.8725,998267,V,575,505,11888
1788814094.8726,998275,V,575,505,-1
1788814094.8726,998283,V,575,505,-1
1788814094.8726,998291,V,577,507,-1
1788814094.8726,998299,V,575,505,-1
1788814094.8726,998307,V,576,506,-1
1788814094.9211,998321,V,575,505,11889
1788814094.9211,998329,V,575,505,-1
1788814094.9211,998337,V,575,505,-1
1788814094.9211,998345,V,575,505,-1
1788814094.9211,998353,V,576,506,-1
1788814094.9211,998361,V,575,505,-1
1788814094.9699,998375,V,575,505,11890
1788814094.9700,998383,V,577,507,-1
1788814094.9700,998391,V,581,511,-1
1788814094.9700,998399,V,575,505,-1
1788814094.9700,998407,V,576,506,-1
1788814094.9700,998415,V,575,505,-1
1788814095.0192,998428,V,575,505,11891
1788814095.0193,998436,V,576,506,-1
1788814095.0193,998444,V,577,507,-1
1788814095.0193,998452,V,576,506,-1
1788814095.0193,998460,V,575,505,-1
1788814095.0193,998468,V,576,506,-1
1788814095.0717,998482,V,576,506,11892
1788814095.0717,998490,V,578,508,-1
1788814095.0717,998498,V,577,507,-1
1788814095.0718,998506,V,575,505,-1
1788814095.0718,998514,V,576,506,-1
1788814095.0718,998522,V,576,506,-1
1788814095.1174,998536,V,576,506,11893
1788814095.1174,998544,V,575,505,-1
1788814095.1174,998552,V,576,506,-1
1788814095.1174,998560,V,576,506,-1
1788814095.1174,998568,V,575,505,-1
1788814095.1174,998576,V,575,505,-1
1788814095.1648,998590,V,583,512,11894
1788814095.1648,998598,V,576,506,-1
1788814095.1648,998606,V,575,505,-1
1788814095.1648,998614,V,574,504,-1
1788814095.1648,998622,V,576,506,-1
1788814095.1648,998630,V,575,505,-1
1788814095.2628,998643,V,575,505,11895
1788814095.2629,998651,V,575,505,-1
1788814095.2629,998659,V,575,505,-1
1788814095.2629,998667,V,575,505,-1
1788814095.2629,998675,V,575,505,-1
1788814095.2629,998683,V,575,505,-1
1788814095.3121,998697,V,576,506,11896
1788814095.3122,998705,V,576,506,-1
1788814095.3122,998713,V,575,505,-1
1788814095.3122,998721,V,576,506,-1
1788814095.3122,998729,V,575,505,-1
1788814095.3122,998737,V,576,506,-1
1788814095.3600,998750,V,575,505,11897
1788814095.3600,998758,V,576,506,-1
1788814095.3600,998766,V,575,505,-1
1788814095.3601,998774,V,575,505,-1
1788814095.3601,998782,V,576,506,-1
1788814095.3601,998790,V,575,505,-1
1788814095.4089,998804,V,575,505,11898
1788814095.4089,998812,V,575,505,-1
1788814095.4089,998820,V,576,506,-1
1788814095.4089,998828,V,576,506,-1
1788814095.4089,998836,V,575,505,-1
1788814095.4089,998844,V,576,506,-1
1788814095.4578,998858,V,576,506,11899
1788814095.4578,998866,V,576,506,-1
1788814095.4578,998874,V,576,506,-1
1788814095.4578,998882,V,576,506,-1
1788814095.4578,998890,V,576,506,-1
1788814095.4579,998898,V,575,505,-1
1788814095.5062,998911,V,576,506,11900
1788814095.5063,998919,V,576,506,-1
1788814095.5063,998927,V,580,510,-1
1788814095.5063,998935,V,576,506,-1
1788814095.5063,998943,V,577,507,-1
1788814095.5063,998951,V,576,506,-1
1788814095.5550,998965,V,576,506,11901
1788814095.5551,998973,V,576,506,-1
1788814095.5551,998981,V,576,506,-1
1788814095.5551,998989,V,575,505,-1
1788814095.5551,998997,V,576,506,-1
1788814095.5551,999005,V,578,508,-1
1788814095.6032,999018,V,576,506,11902
1788814095.6032,999026,V,579,509,-1
1788814095.6032,999034,V,577,507,-1
1788814095.6032,999042,V,576,506,-1
1788814095.6032,999050,V,576,506,-1
1788814095.6032,999058,V,577,507,-1
1788814095.6523,999072,V,575,505,11903
1788814095.6523,999080,V,576,506,-1
1788814095.6523,999088,V,575,505,-1
1788814095.6523,999096,V,576,506,-1
1788814095.6523,999104,V,577,507,-1
1788814095.6523,999112,V,575,505,-1
1788814095.7014,999126,V,577,507,11904
1788814095.7014,999134,V,575,505,-1
1788814095.7014,999142,V,576,506,-1
1788814095.7014,999150,V,576,506,-1
1788814095.7014,999158,V,575,505,-1
1788814095.7014,999166,V,575,505,-1
1788814095.7991,999180,V,576,506,11905
1788814095.7993,999188,V,577,507,-1
1788814095.7993,999196,V,575,505,-1
1788814095.7993,999204,V,575,505,-1
1788814095.7993,999212,V,576,506,-1
1788814095.7993,999220,V,575,505,-1
1788814095.8482,999233,V,575,505,11906
1788814095.8482,999241,V,575,505,-1
1788814095.8482,999249,V,575,505,-1
1788814095.8482,999257,V,576,506,-1
1788814095.8482,999265,V,576,506,-1
1788814095.8482,999273,V,577,507,-1
1788814095.8961,999287,V,575,505,11907
1788814095.8961,999295,V,576,506,-1
1788814095.8962,999303,V,577,507,-1
1788814095.8962,999311,V,576,506,-1
1788814095.8962,999319,V,576,506,-1
1788814095.8962,999327,V,576,506,-1
1788814095.9450,999341,V,576,506,11908
1788814095.9451,999349,V,576,506,-1
1788814095.9451,999357,V,576,506,-1
1788814095.9451,999365,V,579,509,-1
1788814095.9451,999373,V,576,506,-1
1788814095.9451,999381,V,575,505,-1
1788814095.9937,999394,V,575,505,11909
1788814095.9937,999402,V,576,506,-1
1788814095.9937,999410,V,576,506,-1
1788814095.9937,999418,V,575,505,-1
1788814095.9937,999426,V,575,505,-1
1788814095.9937,999434,V,576,506,-1
1788814096.0424,999448,V,575,505,11910
1788814096.0425,999456,V,576,506,-1
1788814096.0425,999464,V,577,507,-1
1788814096.0425,999472,V,574,504,-1
1788814096.0425,999480,V,576,506,-1
1788814096.0425,999488,V,575,505,-1
1788814096.0915,999501,V,576,506,11911
1788814096.0915,999509,V,575,505,-1
1788814096.0915,999517,V,576,506,-1
1788814096.0915,999525,V,575,505,-1
1788814096.0915,999533,V,576,506,-1
1788814096.0915,999541,V,576,506,-1
1788814096.1891,999555,V,575,505,11912
1788814096.1891,999563,V,592,520,-1
1788814096.1891,999571,V,575,505,-1
1788814096.1891,999579,V,575,505,-1
1788814096.1891,999587,V,576,506,-1
1788814096.1892,999595,V,575,505,-1
1788814096.1902,999609,V,575,505,11913
1788814096.1902,999617,V,576,506,-1
1788814096.1902,999625,V,575,505,-1
1788814096.1902,999633,V,576,506,-1
1788814096.1903,999641,V,576,506,-1
1788814096.1903,999649,V,576,506,-1
1788814096.2393,999663,V,578,508,11914
1788814096.2394,999671,V,576,506,-1
1788814096.2394,999679,V,575,505,-1
1788814096.2394,999687,V,576,506,-1
1788814096.2394,999695,V,576,506,-1
1788814096.2394,999703,V,576,506,-1
1788814096.3368,999716,V,575,505,11915
1788814096.3369,999724,V,576,506,-1
1788814096.3369,999732,V,576,506,-1
1788814096.3369,999740,V,575,505,-1
1788814096.3369,999748,V,575,505,-1
1788814096.3369,999756,V,576,506,-1
1788814096.3838,999770,V,576,506,11916
1788814096.3838,999778,V,575,505,-1
1788814096.3839,999786,V,576,506,-1
1788814096.3839,999794,V,575,505,-1
1788814096.3839,999802,V,576,506,-1
1788814096.3839,999810,V,577,507,-1
1788814096.4326,999823,V,576,506,11917
1788814096.4326,999831,V,576,506,-1
1788814096.4326,999839,V,576,506,-1
1788814096.4326,999847,V,576,506,-1
1788814096.4326,999855,V,576,506,-1
1788814096.4326,999863,V,577,507,-1
1788814096.4814,999877,V,576,506,11918
1788814096.4814,999885,V,576,506,-1
1788814096.4815,999893,V,576,506,-1
1788814096.4815,999901,V,580,510,-1
1788814096.4815,999909,V,577,507,-1
1788814096.4815,999917,V,575,505,-1
1788814096.5298,999931,V,576,506,11919
1788814096.5298,999939,V,575,505,-1
1788814096.5298,999947,V,575,505,-1
1788814096.5298,999955,V,575,505,-1
1788814096.5298,999963,V,576,506,-1
1788814096.5298,999971,V,575,505,-1
1788814096.5786,999984,V,575,505,11920
1788814096.5787,999992,V,575,505,-1
1788814096.5787,1000000,V,577,507,-1
1788814096.5787,1000008,V,576,506,-1
1788814096.5787,1000016,V,575,505,-1
1788814096.5788,1000024,V,576,506,-1
1788814096.6279,1000038,V,577,507,11921
1788814096.6279,1000046,V,577,507,-1
1788814096.6279,1000054,V,577,507,-1
1788814096.6279,1000062,V,575,505,-1
1788814096.6279,1000070,V,577,507,-1
1788814096.6280,1000078,V,576,506,-1
1788814096.6763,1000092,V,576,506,11922
1788814096.6763,1000100,V,582,512,-1
1788814096.6763,1000108,V,576,506,-1
1788814096.6763,1000116,V,576,506,-1
1788814096.6763,1000124,V,577,507,-1
1788814096.6763,1000132,V,575,505,-1
1788814096.7250,1000145,V,576,506,11923
1788814096.7250,1000153,V,576,506,-1
1788814096.7251,1000161,V,575,505,-1
1788814096.7251,1000169,V,575,505,-1
1788814096.7251,1000177,V,575,505,-1
1788814096.7251,1000185,V,575,505,-1
1788814096.7747,1000199,V,575,505,11924
1788814096.7747,1000207,V,576,506,-1
1788814096.7747,1000215,V,576,506,-1
1788814096.7747,1000223,V,576,506,-1
1788814096.7747,1000231,V,575,505,-1
1788814096.7747,1000239,V,576,506,-1
1788814096.8722,1000253,V,575,505,11925
1788814096.8724,1000261,V,577,507,-1
1788814096.8724,1000269,V,576,506,-1
1788814096.8724,1000277,V,576,506,-1
1788814096.8724,1000285,V,576,506,-1
1788814096.8724,1000293,V,576,506,-1
1788814096.9211,1000306,V,576,506,11926
1788814096.9212,1000314,V,575,505,-1
1788814096.9212,1000322,V,576,506,-1
1788814096.9212,1000330,V,575,505,-1
1788814096.9212,1000338,V,577,507,-1
1788814096.9212,1000346,V,576,506,-1
1788814096.9697,1000360,V,577,507,11927
1788814096.9697,1000368,V,576,506,-1
1788814096.9697,1000376,V,574,504,-1
1788814096.9697,1000384,V,575,505,-1
1788814096.9698,1000392,V,575,505,-1
1788814096.9698,1000400,V,575,505,-1
1788814097.0172,1000414,V,576,506,11928
1788814097.0172,1000422,V,576,506,-1
1788814097.0172,1000430,V,576,506,-1
1788814097.0172,1000438,V,578,508,-1
1788814097.0172,1000446,V,575,505,-1
1788814097.0172,1000454,V,576,506,-1
1788814097.0682,1000467,V,576,506,11929
1788814097.0683,1000475,V,576,506,-1
1788814097.0683,1000483,V,575,505,-1
1788814097.0683,1000491,V,576,506,-1
1788814097.0683,1000499,V,576,506,-1
1788814097.0683,1000507,V,576,506,-1
1788814097.1161,1000521,V,576,506,11930
1788814097.1162,1000529,V,576,506,-1
1788814097.1163,1000537,V,584,513,-1
1788814097.1163,1000545,V,577,507,-1
1788814097.1163,1000553,V,577,507,-1
1788814097.1163,1000561,V,576,506,-1
1788814097.1637,1000575,V,577,507,11931
1788814097.1638,1000583,V,576,506,-1
1788814097.1638,1000591,V,576,506,-1
1788814097.1638,1000599,V,575,505,-1
1788814097.1638,1000607,V,575,505,-1
1788814097.1638,1000615,V,575,505,-1
1788814097.2125,1000628,V,575,505,11932
1788814097.2125,1000636,V,576,506,-1
1788814097.2125,1000644,V,575,505,-1
1788814097.2125,1000652,V,575,505,-1
1788814097.2125,1000660,V,575,505,-1
1788814097.2125,1000668,V,575,505,-1
1788814097.2612,1000682,V,577,507,11933
1788814097.2612,1000690,V,575,505,-1
1788814097.2612,1000698,V,576,506,-1
1788814097.2612,1000706,V,575,505,-1
1788814097.2612,1000714,V,576,506,-1
1788814097.2612,1000722,V,576,506,-1
1788814097.3100,1000736,V,575,505,11934
1788814097.3100,1000744,V,575,505,-1
1788814097.3100,1000752,V,575,505,-1
1788814097.3100,1000760,V,576,506,-1
1788814097.3100,1000768,V,576,506,-1
1788814097.3101,1000776,V,575,505,-1
1788814097.4077,1000789,V,576,506,11935
1788814097.4079,1000797,V,575,505,-1
1788814097.4079,1000805,V,575,505,-1
1788814097.4079,1000813,V,576,506,-1
1788814097.4079,1000821,V,575,505,-1
1788814097.4079,1000829,V,576,506,-1
1788814097.4564,1000843,V,576,506,11936
1788814097.4565,1000851,V,575,505,-1
1788814097.4565,1000859,V,576,506,-1
1788814097.4565,1000867,V,576,506,-1
1788814097.4565,1000875,V,579,509,-1
1788814097.4565,1000883,V,576,506,-1
1788814097.5050,1000896,V,576,506,11937
1788814097.5050,1000904,V,576,506,-1
1788814097.5050,1000912,V,575,505,-1
1788814097.5050,1000920,V,576,506,-1
1788814097.5050,1000928,V,577,507,-1
1788814097.5050,1000936,V,576,506,-1
1788814097.5538,1000950,V,576,506,11938
1788814097.5538,1000958,V,575,505,-1
1788814097.5538,1000966,V,577,507,-1
1788814097.5538,1000974,V,578,508,-1
1788814097.5538,1000982,V,576,506,-1
1788814097.5539,1000990,V,577,507,-1
1788814097.6026,1001004,V,576,506,11939
1788814097.6026,1001012,V,575,505,-1
1788814097.6026,1001020,V,577,507,-1
1788814097.6026,1001028,V,575,505,-1
1788814097.6026,1001036,V,576,506,-1
1788814097.6026,1001044,V,576,506,-1
1788814097.6518,1001057,V,576,506,11940
1788814097.6520,1001065,V,577,507,-1
1788814097.6520,1001073,V,591,519,-1
1788814097.6520,1001081,V,575,505,-1
1788814097.6520,1001089,V,575,505,-1
1788814097.6520,1001097,V,576,506,-1
1788814097.7002,1001111,V,575,505,11941
1788814097.7002,1001119,V,575,505,-1
1788814097.7002,1001127,V,576,506,-1
1788814097.7002,1001135,V,576,506,-1
1788814097.7002,1001143,V,577,507,-1
1788814097.7002,1001151,V,575,505,-1
1788814097.7491,1001165,V,575,505,11942
1788814097.7491,1001173,V,576,506,-1
1788814097.7491,1001181,V,575,505,-1
1788814097.7491,1001189,V,575,505,-1
1788814097.7491,1001197,V,575,505,-1
1788814097.7491,1001205,V,576,506,-1
1788814097.7976,1001218,V,576,506,11943
1788814097.7977,1001226,V,575,505,-1
1788814097.7980,1001234,V,576,506,-1
1788814097.7980,1001242,V,576,506,-1
1788814097.7980,1001250,V,576,506,-1
1788814097.7980,1001258,V,576,506,-1
1788814097.8466,1001272,V,576,506,11944
1788814097.8466,1001280,V,576,506,-1
1788814097.8466,1001288,V,575,505,-1
1788814097.8466,1001296,V,576,506,-1
1788814097.8466,1001304,V,575,505,-1
1788814097.8466,1001312,V,575,505,-1
1788814097.9439,1001326,V,575,505,11945
1788814097.9440,1001334,V,575,505,-1
1788814097.9440,1001342,V,576,506,-1
1788814097.9440,1001350,V,575,505,-1
1788814097.9440,1001358,V,577,507,-1
1788814097.9440,1001366,V,576,506,-1
1788814097.9927,1001379,V,575,505,11946
1788814097.9927,1001387,V,576,506,-1
1788814097.9927,1001395,V,576,506,-1
1788814097.9927,1001403,V,576,506,-1
1788814097.9927,1001411,V,580,510,-1
1788814097.9927,1001419,V,577,507,-1
1788814098.0416,1001433,V,577,507,11947
1788814098.0417,1001441,V,576,506,-1
1788814098.0417,1001449,V,575,505,-1
1788814098.0417,1001457,V,576,506,-1
1788814098.0417,1001465,V,576,506,-1
1788814098.0417,1001473,V,576,506,-1
1788814098.0899,1001487,V,576,506,11948
1788814098.0900,1001495,V,576,506,-1
1788814098.0900,1001503,V,576,506,-1
1788814098.0900,1001511,V,577,507,-1
1788814098.0900,1001519,V,575,505,-1
1788814098.0900,1001527,V,576,506,-1
1788814098.1387,1001541,V,575,505,11949
1788814098.1387,1001549,V,575,505,-1
1788814098.1387,1001557,V,576,506,-1
1788814098.1387,1001565,V,575,505,-1
1788814098.1387,1001573,V,575,505,-1
1788814098.1387,1001581,V,576,506,-1
1788814098.1874,1001594,V,576,506,11950
1788814098.1875,1001602,V,577,507,-1
1788814098.1875,1001610,V,578,508,-1
1788814098.1875,1001618,V,576,506,-1
1788814098.1875,1001626,V,575,505,-1
1788814098.1875,1001634,V,576,506,-1
1788814098.2855,1001648,V,574,504,11951
1788814098.2855,1001656,V,574,504,-1
1788814098.2855,1001664,V,575,505,-1
1788814098.2855,1001672,V,576,506,-1
1788814098.2855,1001680,V,575,505,-1
1788814098.2855,1001688,V,576,506,-1
1788814098.2863,1001702,V,577,507,11952
1788814098.2863,1001710,V,576,506,-1
1788814098.2863,1001718,V,575,505,-1
1788814098.2864,1001726,V,576,506,-1
1788814098.2864,1001734,V,575,505,-1
1788814098.2864,1001742,V,574,504,-1
1788814098.3337,1001755,V,575,505,11953
1788814098.3337,1001763,V,576,506,-1
1788814098.3337,1001771,V,575,505,-1
1788814098.3337,1001779,V,576,506,-1
1788814098.3337,1001787,V,575,505,-1
1788814098.3338,1001795,V,576,506,-1
1788814098.3844,1001809,V,575,505,11954
1788814098.3844,1001817,V,577,507,-1
1788814098.3844,1001825,V,576,506,-1
1788814098.3844,1001833,V,575,505,-1
1788814098.3844,1001841,V,576,506,-1
1788814098.3844,1001849,V,580,510,-1
1788814098.4809,1001863,V,576,506,11955
1788814098.4811,1001871,V,577,507,-1
1788814098.4811,1001879,V,576,506,-1
1788814098.4811,1001887,V,577,507,-1
1788814098.4811,1001895,V,576,506,-1
1788814098.4811,1001903,V,574,504,-1
1788814098.5298,1001916,V,575,505,11956
1788814098.5298,1001924,V,576,506,-1
1788814098.5298,1001932,V,575,505,-1
1788814098.5298,1001940,V,575,505,-1
1788814098.5298,1001948,V,577,507,-1
1788814098.5298,1001956,V,576,506,-1
1788814098.5784,1001970,V,575,505,11957
1788814098.5785,1001978,V,576,506,-1
1788814098.5785,1001986,V,576,506,-1
1788814098.5785,1001994,V,577,507,-1
1788814098.5785,1002002,V,575,505,-1
1788814098.5785,1002010,V,576,506,-1
1788814098.6259,1002024,V,575,505,11958
1788814098.6259,1002032,V,576,506,-1
1788814098.6259,1002040,V,575,505,-1
1788814098.6259,1002048,V,590,519,-1
1788814098.6259,1002056,V,576,506,-1
1788814098.6259,1002064,V,576,506,-1
1788814098.6758,1002077,V,575,505,11959
1788814098.6758,1002085,V,575,505,-1
1788814098.6758,1002093,V,576,506,-1
1788814098.6758,1002101,V,577,507,-1
1788814098.6758,1002109,V,576,506,-1
1788814098.6758,1002117,V,576,506,-1
1788814098.7245,1002131,V,576,506,11960
1788814098.7247,1002139,V,576,506,-1
1788814098.7247,1002147,V,576,506,-1
1788814098.7247,1002155,V,577,507,-1
1788814098.7247,1002163,V,576,506,-1
1788814098.7247,1002171,V,576,506,-1
1788814098.7730,1002185,V,576,506,11961
1788814098.7730,1002193,V,576,506,-1
1788814098.7731,1002201,V,576,506,-1
1788814098.7731,1002209,V,576,506,-1
1788814098.7731,1002217,V,576,506,-1
1788814098.7731,1002225,V,575,505,-1
1788814098.8213,1002238,V,577,507,11962
1788814098.8213,1002246,V,576,506,-1
1788814098.8213,1002254,V,576,506,-1
1788814098.8213,1002262,V,576,506,-1
1788814098.8213,1002270,V,577,507,-1
1788814098.8213,1002278,V,576,506,-1
1788814098.8701,1002292,V,576,506,11963
1788814098.8701,1002300,V,576,506,-1
1788814098.8701,1002308,V,576,506,-1
1788814098.8701,1002316,V,575,505,-1
1788814098.8702,1002324,V,575,505,-1
1788814098.8702,1002332,V,577,507,-1
1788814099.0164,1002345,V,575,505,11964
1788814099.0166,1002353,V,575,505,-1
1788814099.0166,1002361,V,576,506,-1
1788814099.0166,1002369,V,577,507,-1
1788814099.0166,1002377,V,575,505,-1
1788814099.0166,1002385,V,580,510,-1
1788814099.0175,1002399,V,576,506,11965
1788814099.0176,1002407,V,576,506,-1
1788814099.0176,1002415,V,576,506,-1
1788814099.0176,1002423,V,576,506,-1
1788814099.0176,1002431,V,575,505,-1
1788814099.0176,1002439,V,576,506,-1
1788814099.0653,1002453,V,577,507,11966
1788814099.0653,1002461,V,576,506,-1
1788814099.0653,1002469,V,576,506,-1
1788814099.0653,1002477,V,576,506,-1
1788814099.0653,1002485,V,582,512,-1
1788814099.0653,1002493,V,575,505,-1
1788814099.1147,1002506,V,576,506,11967
1788814099.1147,1002514,V,577,507,-1
1788814099.1147,1002522,V,576,506,-1
1788814099.1147,1002530,V,577,507,-1
1788814099.1147,1002538,V,575,505,-1
1788814099.1147,1002546,V,575,505,-1
1788814099.1626,1002560,V,575,505,11968
1788814099.1626,1002568,V,576,506,-1
1788814099.1626,1002576,V,575,505,-1
1788814099.1626,1002584,V,582,512,-1
1788814099.1626,1002592,V,576,506,-1
1788814099.1626,1002600,V,576,506,-1
1788814099.2118,1002614,V,575,505,11969
1788814099.2118,1002622,V,577,507,-1
1788814099.2118,1002630,V,576,506,-1
1788814099.2118,1002638,V,576,506,-1
1788814099.2118,1002646,V,576,506,-1
1788814099.2118,1002654,V,575,505,-1
1788814099.2607,1002668,V,575,505,11970
1788814099.2608,1002676,V,575,505,-1
1788814099.2608,1002684,V,576,506,-1
1788814099.2608,1002692,V,576,506,-1
1788814099.2609,1002700,V,575,505,-1
1788814099.2609,1002708,V,578,508,-1
1788814099.3091,1002721,V,576,506,11971
1788814099.3092,1002729,V,576,506,-1
1788814099.3092,1002737,V,576,506,-1
1788814099.3092,1002745,V,576,506,-1
1788814099.3092,1002753,V,576,506,-1
1788814099.3092,1002761,V,576,506,-1
1788814099.3585,1002775,V,576,506,11972
1788814099.3585,1002783,V,576,506,-1
1788814099.3585,1002791,V,576,506,-1
1788814099.3585,1002799,V,576,506,-1
1788814099.3585,1002807,V,577,507,-1
1788814099.3585,1002815,V,576,506,-1
1788814099.4063,1002829,V,581,511,11973
1788814099.4063,1002837,V,576,506,-1
1788814099.4063,1002845,V,576,506,-1
1788814099.4063,1002853,V,577,507,-1
1788814099.4063,1002861,V,576,506,-1
1788814099.4063,1002869,V,576,506,-1
1788814099.4550,1002882,V,576,506,11974
1788814099.4551,1002890,V,576,506,-1
1788814099.4551,1002898,V,577,507,-1
1788814099.4551,1002906,V,577,507,-1
1788814099.4551,1002914,V,577,507,-1
1788814099.4551,1002922,V,577,507,-1
1788814099.5534,1002936,V,577,507,11975
1788814099.5535,1002944,V,578,508,-1
1788814099.5535,1002952,V,576,506,-1
1788814099.5535,1002960,V,576,506,-1
1788814099.5535,1002968,V,576,506,-1
1788814099.5535,1002976,V,577,507,-1
1788814099.6504,1002990,V,576,506,11976
1788814099.6504,1002998,V,576,506,-1
1788814099.6504,1003006,V,576,506,-1
1788814099.6504,1003014,V,576,506,-1
1788814099.6507,1003022,V,587,516,-1
1788814099.6507,1003030,V,576,506,-1
1788814099.6514,1003043,V,576,506,11977
1788814099.6514,1003051,V,576,506,-1
1788814099.6514,1003059,V,576,506,-1
1788814099.6514,1003067,V,575,505,-1
1788814099.6514,1003075,V,575,505,-1
1788814099.6514,1003083,V,576,506,-1
1788814099.6996,1003097,V,577,507,11978
1788814099.6996,1003105,V,576,506,-1
1788814099.6996,1003113,V,576,506,-1
1788814099.6996,1003121,V,590,519,-1
1788814099.6996,1003129,V,577,507,-1
1788814099.6996,1003137,V,576,506,-1
1788814099.7482,1003150,V,576,506,11979
1788814099.7482,1003158,V,576,506,-1
1788814099.7482,1003166,V,577,507,-1
1788814099.7482,1003174,V,576,506,-1
1788814099.7483,1003182,V,576,506,-1
1788814099.7483,1003190,V,576,506,-1
1788814099.7970,1003204,V,577,507,11980
1788814099.7972,1003212,V,576,506,-1
1788814099.7972,1003220,V,577,507,-1
1788814099.7972,1003228,V,576,506,-1
1788814099.7972,1003236,V,576,506,-1
1788814099.7972,1003244,V,576,506,-1
1788814099.8454,1003258,V,577,507,11981
1788814099.8454,1003266,V,577,507,-1
1788814099.8454,1003274,V,577,507,-1
1788814099.8454,1003282,V,577,507,-1
1788814099.8454,1003290,V,576,506,-1
1788814099.8454,1003298,V,577,507,-1
1788814099.8946,1003311,V,576,506,11982
1788814099.8946,1003319,V,575,505,-1
1788814099.8946,1003327,V,576,506,-1
1788814099.8946,1003335,V,577,507,-1
1788814099.8946,1003343,V,575,505,-1
1788814099.8946,1003351,V,576,506,-1
1788814099.9913,1003365,V,581,511,11983
1788814099.9913,1003373,V,576,506,-1
1788814099.9913,1003381,V,577,507,-1
1788814099.9913,1003389,V,577,507,-1
1788814099.9913,1003397,V,576,506,-1
1788814099.9913,1003405,V,577,507,-1
1788814099.9925,1003419,V,576,506,11984
1788814099.9925,1003427,V,577,507,-1
1788814099.9925,1003435,V,576,506,-1
1788814099.9925,1003443,V,576,506,-1
1788814099.9925,1003451,V,576,506,-1
1788814099.9925,1003459,V,577,507,-1
1788814100.0896,1003473,V,575,505,11985
1788814100.0898,1003481,V,576,506,-1
1788814100.0898,1003489,V,577,507,-1
1788814100.0898,1003497,V,576,506,-1
1788814100.0898,1003505,V,576,506,-1
1788814100.0898,1003513,V,577,507,-1
1788814100.1387,1003526,V,575,505,11986
1788814100.1388,1003534,V,575,505,-1
1788814100.1388,1003542,V,576,506,-1
1788814100.1388,1003550,V,576,506,-1
1788814100.1388,1003558,V,584,513,-1
1788814100.1388,1003566,V,576,506,-1
1788814100.1863,1003580,V,576,506,11987
1788814100.1863,1003588,V,576,506,-1
1788814100.1863,1003596,V,576,506,-1
1788814100.1863,1003604,V,576,506,-1
1788814100.1863,1003612,V,577,507,-1
1788814100.1863,1003620,V,576,506,-1
1788814100.2360,1003633,V,575,505,11988
1788814100.2361,1003641,V,576,506,-1
1788814100.2361,1003649,V,576,506,-1
1788814100.2361,1003657,V,577,507,-1
1788814100.2361,1003665,V,577,507,-1
1788814100.2361,1003673,V,577,507,-1
1788814100.2848,1003687,V,577,507,11989
1788814100.2848,1003695,V,576,506,-1
1788814100.2848,1003703,V,576,506,-1
1788814100.2848,1003711,V,576,506,-1
1788814100.2848,1003719,V,575,505,-1
1788814100.2848,1003727,V,576,506,-1
1788814100.3324,1003741,V,575,505,11990
1788814100.3326,1003749,V,576,506,-1
1788814100.3326,1003757,V,576,506,-1
1788814100.3326,1003765,V,576,506,-1
1788814100.3326,1003773,V,576,506,-1
1788814100.3326,1003781,V,576,506,-1
1788814100.3832,1003794,V,575,505,11991
1788814100.3832,1003802,V,576,506,-1
1788814100.3832,1003810,V,575,505,-1
1788814100.3832,1003818,V,576,506,-1
1788814100.3832,1003826,V,576,506,-1
1788814100.3833,1003834,V,576,506,-1
1788814100.4306,1003848,V,576,506,11992
1788814100.4306,1003856,V,576,506,-1
1788814100.4307,1003864,V,575,505,-1
1788814100.4307,1003872,V,575,505,-1
1788814100.4307,1003880,V,576,506,-1
1788814100.4307,1003888,V,576,506,-1
1788814100.4788,1003901,V,580,510,11993
1788814100.4788,1003909,V,575,505,-1
1788814100.4788,1003917,V,576,506,-1
1788814100.4788,1003925,V,575,505,-1
1788814100.4788,1003933,V,575,505,-1
1788814100.4788,1003941,V,576,506,-1
1788814100.5763,1003955,V,575,505,11994
1788814100.5763,1003963,V,576,506,-1
1788814100.5763,1003971,V,575,505,-1
1788814100.5763,1003979,V,576,506,-1
1788814100.5764,1003987,V,577,507,-1
1788814100.5764,1003995,V,578,508,-1
1788814100.6250,1004009,V,576,506,11995
1788814100.6250,1004017,V,576,506,-1
1788814100.6250,1004025,V,575,505,-1
1788814100.6250,1004033,V,575,505,-1
1788814100.6250,1004041,V,577,507,-1
1788814100.6250,1004049,V,577,507,-1
1788814100.6736,1004063,V,575,505,11996
1788814100.6736,1004071,V,576,506,-1
1788814100.6737,1004079,V,576,506,-1
1788814100.6737,1004087,V,575,505,-1
1788814100.6737,1004095,V,578,508,-1
1788814100.6737,1004103,V,575,505,-1
1788814100.7224,1004116,V,576,506,11997
1788814100.7224,1004124,V,576,506,-1
1788814100.7224,1004132,V,576,506,-1
1788814100.7224,1004140,V,576,506,-1
1788814100.7224,1004148,V,576,506,-1
1788814100.7224,1004156,V,576,506,-1
1788814100.7715,1004170,V,576,506,11998
1788814100.7715,1004178,V,575,505,-1
1788814100.7715,1004186,V,576,506,-1
1788814100.7715,1004194,V,576,506,-1
1788814100.7715,1004202,V,575,505,-1
1788814100.7715,1004210,V,576,506,-1
1788814100.8200,1004224,V,575,505,11999
1788814100.8202,1004232,V,575,505,-1
1788814100.8202,1004240,V,576,506,-1
1788814100.8202,1004248,V,576,506,-1
1788814100.8202,1004256,V,575,505,-1
1788814100.8202,1004264,V,576,506,-1
1788814100.8693,1004277,V,576,506,12000
1788814100.8693,1004285,V,575,505,-1
1788814100.8693,1004293,V,575,505,-1
1788814100.8693,1004301,V,576,506,-1
1788814100.8693,1004309,V,575,505,-1
1788814100.8693,1004317,V,575,505,-1
1788814100.9176,1004331,V,576,506,12001
1788814100.9176,1004339,V,580,510,-1
1788814100.9176,1004347,V,576,506,-1
1788814100.9176,1004355,V,576,506,-1
1788814100.9176,1004363,V,575,505,-1
1788814100.9176,1004371,V,575,505,-1
1788814100.9691,1004385,V,576,506,12002
1788814100.9691,1004393,V,575,505,-1
1788814100.9691,1004401,V,576,506,-1
1788814100.9691,1004409,V,576,506,-1
1788814100.9691,1004417,V,575,505,-1
1788814100.9691,1004425,V,575,505,-1
1788814101.0150,1004438,V,577,507,12003
1788814101.0150,1004446,V,576,506,-1
1788814101.0150,1004454,V,575,505,-1
1788814101.0150,1004462,V,577,507,-1
1788814101.0150,1004470,V,576,506,-1
1788814101.0150,1004478,V,576,506,-1
1788814101.1623,1004492,V,576,506,12004
1788814101.1624,1004500,V,576,506,-1
1788814101.1624,1004508,V,576,506,-1
1788814101.1624,1004516,V,575,505,-1
1788814101.1625,1004524,V,576,506,-1
1788814101.1625,1004532,V,588,517,-1
1788814101.1637,1004545,V,576,506,12005
1788814101.1637,1004553,V,576,506,-1
1788814101.1637,1004561,V,576,506,-1
1788814101.1637,1004569,V,577,507,-1
1788814101.1637,1004577,V,576,506,-1
1788814101.1637,1004585,V,575,505,-1
1788814101.2103,1004599,V,575,505,12006
1788814101.2103,1004607,V,575,505,-1
1788814101.2103,1004615,V,575,505,-1
1788814101.2104,1004623,V,575,505,-1
1788814101.2104,1004631,V,583,512,-1
1788814101.2104,1004639,V,574,504,-1
1788814101.2597,1004653,V,576,506,12007
1788814101.2597,1004661,V,576,506,-1
1788814101.2597,1004669,V,576,506,-1
1788814101.2597,1004677,V,575,505,-1
1788814101.2597,1004685,V,574,504,-1
1788814101.2597,1004693,V,575,505,-1
1788814101.3080,1004707,V,576,506,12008
1788814101.3080,1004715,V,575,505,-1
1788814101.3081,1004723,V,575,505,-1
1788814101.3081,1004731,V,575,505,-1
1788814101.3081,1004739,V,576,506,-1
1788814101.3081,1004747,V,574,504,-1
1788814101.3572,1004760,V,575,505,12009
1788814101.3572,1004768,V,576,506,-1
1788814101.3572,1004776,V,576,506,-1
1788814101.3572,1004784,V,575,505,-1
1788814101.3572,1004792,V,576,506,-1
1788814101.3572,1004800,V,575,505,-1
1788814101.4068,1004814,V,575,505,12010
1788814101.4070,1004822,V,576,506,-1
1788814101.4070,1004830,V,576,506,-1
1788814101.4070,1004838,V,575,505,-1
1788814101.4070,1004846,V,576,506,-1
1788814101.4070,1004854,V,576,506,-1
1788814101.4552,1004868,V,577,507,12011
1788814101.4552,1004876,V,579,509,-1
1788814101.4553,1004884,V,575,505,-1
1788814101.4553,1004892,V,575,505,-1
1788814101.4553,1004900,V,576,506,-1
1788814101.4553,1004908,V,575,505,-1
1788814101.5037,1004921,V,576,506,12012
1788814101.5037,1004929,V,575,505,-1
1788814101.5037,1004937,V,576,506,-1
1788814101.5037,1004945,V,576,506,-1
1788814101.5037,1004953,V,576,506,-1
1788814101.5037,1004961,V,576,506,-1
1788814101.5514,1004975,V,583,512,12013
1788814101.5514,1004983,V,576,506,-1
1788814101.5514,1004991,V,575,505,-1
1788814101.5514,1004999,V,576,506,-1
1788814101.5514,1005007,V,576,506,-1
1788814101.5514,1005015,V,575,505,-1
1788814101.6497,1005029,V,575,505,12014
1788814101.6498,1005037,V,576,506,-1
1788814101.6498,1005045,V,576,506,-1
1788814101.6498,1005053,V,575,505,-1
1788814101.6498,1005061,V,575,505,-1
1788814101.6498,1005069,V,577,507,-1
1788814101.6980,1005082,V,575,505,12015
1788814101.6980,1005090,V,576,506,-1
1788814101.6980,1005098,V,576,506,-1
1788814101.6980,1005106,V,575,505,-1
1788814101.6981,1005114,V,577,507,-1
1788814101.6981,1005122,V,575,505,-1
1788814101.7472,1005136,V,576,506,12016
1788814101.7473,1005144,V,575,505,-1
1788814101.7473,1005152,V,575,505,-1
1788814101.7473,1005160,V,575,505,-1
1788814101.7473,1005168,V,576,506,-1
1788814101.7473,1005176,V,575,505,-1
1788814101.7960,1005190,V,576,506,12017
1788814101.7960,1005198,V,575,505,-1
1788814101.7960,1005206,V,575,505,-1
1788814101.7960,1005214,V,575,505,-1
1788814101.7960,1005222,V,574,504,-1
1788814101.7960,1005230,V,576,506,-1
1788814101.8446,1005243,V,576,506,12018
1788814101.8447,1005251,V,575,505,-1
1788814101.8447,1005259,V,576,506,-1
1788814101.8447,1005267,V,575,505,-1
1788814101.8447,1005275,V,575,505,-1
1788814101.8447,1005283,V,575,505,-1
1788814101.8930,1005297,V,576,506,12019
1788814101.8931,1005305,V,576,506,-1
1788814101.8931,1005313,V,580,510,-1
1788814101.8931,1005321,V,575,505,-1
1788814101.8931,1005329,V,576,506,-1
1788814101.8931,1005337,V,576,506,-1
1788814101.9416,1005351,V,575,505,12020
1788814101.9416,1005359,V,576,506,-1
1788814101.9416,1005367,V,575,505,-1
1788814101.9416,1005375,V,576,506,-1
1788814101.9416,1005383,V,574,504,-1
1788814101.9417,1005391,V,575,505,-1
1788814102.0389,1005404,V,576,506,12021
1788814102.0390,1005412,V,577,507,-1
1788814102.0390,1005420,V,576,506,-1
1788814102.0390,1005428,V,577,507,-1
1788814102.0390,1005436,V,576,506,-1
1788814102.0390,1005444,V,576,506,-1
1788814102.0402,1005458,V,575,505,12022
1788814102.0402,1005466,V,576,506,-1
1788814102.0402,1005474,V,575,505,-1
1788814102.0402,1005482,V,576,506,-1
1788814102.0402,1005490,V,575,505,-1
1788814102.0402,1005498,V,575,505,-1
1788814102.0875,1005512,V,593,521,12023
1788814102.0875,1005520,V,575,505,-1
1788814102.0875,1005528,V,575,505,-1
1788814102.0875,1005536,V,576,506,-1
1788814102.0875,1005544,V,574,504,-1
1788814102.0875,1005552,V,575,505,-1
1788814102.1856,1005565,V,574,504,12024
1788814102.1858,1005573,V,574,504,-1
1788814102.1858,1005581,V,574,504,-1
1788814102.1858,1005589,V,575,505,-1
1788814102.1858,1005597,V,575,505,-1
1788814102.1858,1005605,V,575,505,-1
1788814102.2341,1005619,V,577,507,12025
1788814102.2341,1005627,V,575,505,-1
1788814102.2341,1005635,V,575,505,-1
1788814102.2341,1005643,V,576,506,-1
1788814102.2341,1005651,V,576,506,-1
1788814102.2341,1005659,V,575,505,-1
1788814102.2836,1005672,V,575,505,12026
1788814102.2837,1005680,V,575,505,-1
1788814102.2837,1005688,V,576,506,-1
1788814102.2837,1005696,V,576,506,-1
1788814102.2837,1005704,V,575,505,-1
1788814102.2837,1005712,V,575,505,-1
1788814102.3314,1005726,V,576,506,12027
1788814102.3314,1005734,V,576,506,-1
1788814102.3314,1005742,V,576,506,-1
1788814102.3314,1005750,V,576,506,-1
1788814102.3314,1005758,V,576,506,-1
1788814102.3314,1005766,V,576,506,-1
1788814102.3800,1005780,V,576,506,12028
1788814102.3800,1005788,V,576,506,-1
1788814102.3801,1005796,V,576,506,-1
1788814102.3801,1005804,V,576,506,-1
1788814102.3801,1005812,V,576,506,-1
1788814102.3801,1005820,V,576,506,-1
1788814102.4288,1005833,V,577,507,12029
1788814102.4289,1005841,V,577,507,-1
1788814102.4289,1005849,V,579,509,-1
1788814102.4289,1005857,V,576,506,-1
1788814102.4289,1005865,V,575,505,-1
1788814102.4289,1005873,V,576,506,-1
1788814102.4781,1005887,V,576,506,12030
1788814102.4781,1005895,V,576,506,-1
1788814102.4781,1005903,V,575,505,-1
1788814102.4781,1005911,V,575,505,-1
1788814102.4781,1005919,V,576,506,-1
1788814102.4781,1005927,V,575,505,-1
1788814102.5260,1005940,V,575,505,12031
1788814102.5261,1005948,V,577,507,-1
1788814102.5261,1005956,V,575,505,-1
1788814102.5261,1005964,V,575,505,-1
1788814102.5261,1005972,V,576,506,-1
1788814102.5261,1005980,V,575,505,-1
1788814102.5751,1005994,V,575,505,12032
1788814102.5751,1006002,V,575,505,-1
1788814102.5751,1006010,V,575,505,-1
1788814102.5752,1006018,V,574,504,-1
1788814102.5752,1006026,V,575,505,-1
1788814102.5752,1006034,V,575,505,-1
1788814102.6237,1006048,V,591,519,12033
1788814102.6237,1006056,V,575,505,-1
1788814102.6237,1006064,V,575,505,-1
1788814102.6237,1006072,V,575,505,-1
1788814102.6237,1006080,V,575,505,-1
1788814102.6237,1006088,V,575,505,-1
1788814102.7355,1006101,V,575,505,12034
1788814102.7357,1006109,V,575,505,-1
1788814102.7357,1006117,V,575,505,-1
1788814102.7357,1006125,V,575,505,-1
1788814102.7357,1006133,V,576,506,-1
1788814102.7357,1006141,V,577,507,-1
1788814102.7713,1006155,V,575,505,12035
1788814102.7713,1006163,V,575,505,-1
1788814102.7713,1006171,V,576,506,-1
1788814102.7713,1006179,V,575,505,-1
1788814102.7713,1006187,V,575,505,-1
1788814102.7713,1006195,V,575,505,-1
1788814102.8203,1006209,V,575,505,12036
1788814102.8203,1006217,V,574,504,-1
1788814102.8204,1006225,V,575,505,-1
1788814102.8204,1006233,V,575,505,-1
1788814102.8204,1006241,V,575,505,-1
1788814102.8204,1006249,V,575,505,-1
1788814102.8678,1006262,V,576,506,12037
1788814102.8678,1006270,V,575,505,-1
1788814102.8678,1006278,V,575,505,-1
1788814102.8678,1006286,V,575,505,-1
1788814102.8678,1006294,V,576,506,-1
1788814102.8678,1006302,V,574,504,-1
1788814102.9164,1006316,V,576,506,12038
1788814102.9165,1006324,V,574,504,-1
1788814102.9165,1006332,V,575,505,-1
1788814102.9165,1006340,V,575,505,-1
1788814102.9165,1006348,V,575,505,-1
1788814102.9165,1006356,V,576,506,-1
1788814102.9650,1006369,V,575,505,12039
1788814102.9651,1006377,V,575,505,-1
1788814102.9651,1006385,V,579,509,-1
1788814102.9651,1006393,V,576,506,-1
1788814102.9652,1006401,V,576,506,-1
1788814102.9652,1006409,V,576,506,-1
1788814103.0630,1006423,V,575,505,12040
1788814103.0630,1006431,V,575,505,-1
1788814103.0630,1006439,V,576,506,-1
1788814103.0630,1006447,V,575,505,-1
1788814103.0630,1006455,V,575,505,-1
1788814103.0630,1006463,V,575,505,-1
1788814103.0644,1006477,V,575,505,12041
1788814103.0644,1006485,V,576,506,-1
1788814103.0644,1006493,V,575,505,-1
1788814103.0644,1006501,V,575,505,-1
1788814103.0644,1006509,V,576,506,-1
1788814103.0644,1006517,V,575,505,-1
1788814103.1124,1006530,V,575,505,12042
1788814103.1124,1006538,V,575,505,-1
1788814103.1124,1006546,V,576,506,-1
1788814103.1124,1006554,V,576,506,-1
1788814103.1124,1006562,V,576,506,-1
1788814103.1124,1006570,V,576,506,-1
1788814103.1614,1006584,V,590,519,12043
1788814103.1615,1006592,V,575,505,-1
1788814103.1616,1006600,V,575,505,-1
1788814103.1616,1006608,V,576,506,-1
1788814103.1616,1006616,V,575,505,-1
1788814103.1616,1006624,V,575,505,-1
1788814103.2578,1006638,V,574,504,12044
1788814103.2579,1006646,V,576,506,-1
1788814103.2579,1006654,V,575,505,-1
1788814103.2579,1006662,V,576,506,-1
1788814103.2579,1006670,V,576,506,-1
1788814103.2579,1006678,V,578,508,-1
1788814103.3068,1006691,V,576,506,12045
1788814103.3068,1006699,V,575,505,-1
1788814103.3068,1006707,V,575,505,-1
1788814103.3068,1006715,V,576,506,-1
1788814103.3068,1006723,V,575,505,-1
1788814103.3068,1006731,V,575,505,-1
1788814103.3548,1006745,V,576,506,12046
1788814103.3549,1006753,V,575,505,-1
1788814103.3549,1006761,V,575,505,-1
1788814103.3549,1006769,V,575,505,-1
1788814103.3549,1006777,V,576,506,-1
1788814103.3549,1006785,V,575,505,-1
1788814103.4057,1006798,V,575,505,12047
1788814103.4058,1006806,V,575,505,-1
1788814103.4058,1006814,V,576,506,-1
1788814103.4058,1006822,V,574,504,-1
1788814103.4058,1006830,V,576,506,-1
1788814103.4058,1006838,V,575,505,-1
1788814103.4524,1006852,V,576,506,12048
1788814103.4524,1006860,V,575,505,-1
1788814103.4524,1006868,V,574,504,-1
1788814103.4524,1006876,V,575,505,-1
1788814103.4524,1006884,V,576,506,-1
1788814103.4524,1006892,V,575,505,-1
1788814103.5012,1006906,V,576,506,12049
1788814103.5013,1006914,V,576,506,-1
1788814103.5014,1006922,V,580,510,-1
1788814103.5014,1006930,V,576,506,-1
1788814103.5014,1006938,V,576,506,-1
1788814103.5014,1006946,V,575,505,-1
1788814103.5503,1006959,V,575,505,12050
1788814103.5503,1006967,V,575,505,-1
1788814103.5503,1006975,V,576,506,-1
1788814103.5503,1006983,V,576,506,-1
1788814103.5503,1006991,V,576,506,-1
1788814103.5504,1006999,V,576,506,-1
1788814103.5988,1007013,V,575,505,12051
1788814103.5989,1007021,V,576,506,-1
1788814103.5989,1007029,V,575,505,-1
1788814103.5989,1007037,V,576,506,-1
1788814103.5989,1007045,V,575,505,-1
1788814103.5989,1007053,V,575,505,-1
1788814103.6476,1007067,V,575,505,12052
1788814103.6476,1007075,V,575,505,-1
1788814103.6476,1007083,V,575,505,-1
1788814103.6476,1007091,V,576,506,-1
1788814103.6476,1007099,V,575,505,-1
1788814103.6476,1007107,V,574,504,-1
1788814103.6962,1007120,V,592,520,12053
1788814103.6962,1007128,V,576,506,-1
1788814103.6962,1007136,V,574,504,-1
1788814103.6963,1007144,V,575,505,-1
1788814103.6963,1007152,V,575,505,-1
1788814103.6963,1007160,V,575,505,-1
1788814103.7938,1007174,V,576,506,12054
1788814103.7939,1007182,V,574,504,-1
1788814103.7939,1007190,V,575,505,-1
1788814103.7939,1007198,V,575,505,-1
1788814103.7939,1007206,V,575,505,-1
1788814103.7940,1007214,V,577,507,-1
1788814103.8438,1007227,V,574,504,12055
1788814103.8438,1007235,V,575,505,-1
1788814103.8438,1007243,V,574,504,-1
1788814103.8438,1007251,V,575,505,-1
1788814103.8438,1007259,V,576,506,-1
1788814103.8438,1007267,V,575,505,-1
1788814103.8913,1007281,V,576,506,12056
1788814103.8913,1007289,V,575,505,-1
1788814103.8913,1007297,V,576,506,-1
1788814103.8914,1007305,V,575,505,-1
1788814103.8914,1007313,V,575,505,-1
1788814103.8914,1007321,V,574,504,-1
1788814103.9401,1007335,V,575,505,12057
1788814103.9401,1007343,V,576,506,-1
1788814103.9401,1007351,V,576,506,-1
1788814103.9401,1007359,V,575,505,-1
1788814103.9401,1007367,V,575,505,-1
1788814103.9401,1007375,V,574,504,-1
1788814103.9884,1007389,V,575,505,12058
1788814103.9884,1007397,V,576,506,-1
1788814103.9884,1007405,V,575,505,-1
1788814103.9884,1007413,V,575,505,-1
1788814103.9884,1007421,V,576,506,-1
1788814103.9885,1007429,V,575,505,-1
1788814104.0375,1007442,V,575,505,12059
1788814104.0376,1007450,V,575,505,-1
1788814104.0377,1007458,V,579,509,-1
1788814104.0377,1007466,V,575,505,-1
1788814104.0377,1007474,V,576,506,-1
1788814104.0377,1007482,V,575,505,-1
1788814104.0867,1007496,V,575,505,12060
1788814104.0867,1007504,V,578,508,-1
1788814104.0867,1007512,V,576,506,-1
1788814104.0867,1007520,V,575,505,-1
1788814104.0867,1007528,V,576,506,-1
1788814104.0867,1007536,V,574,504,-1
1788814104.1350,1007550,V,574,504,12061
1788814104.1350,1007558,V,581,511,-1
1788814104.1350,1007566,V,576,506,-1
1788814104.1350,1007574,V,575,505,-1
1788814104.1351,1007582,V,575,505,-1
1788814104.1351,1007590,V,575,505,-1
1788814104.1837,1007604,V,576,506,12062
1788814104.1837,1007612,V,575,505,-1
1788814104.1837,1007620,V,576,506,-1
1788814104.1837,1007628,V,575,505,-1
1788814104.1837,1007636,V,575,505,-1
1788814104.1837,1007644,V,575,505,-1
1788814104.2327,1007657,V,575,505,12063
1788814104.2328,1007665,V,574,504,-1
1788814104.2328,1007673,V,575,505,-1
1788814104.2328,1007681,V,575,505,-1
1788814104.2328,1007689,V,574,504,-1
1788814104.2328,1007697,V,575,505,-1
1788814104.3300,1007711,V,576,506,12064
1788814104.3302,1007719,V,576,506,-1
1788814104.3302,1007727,V,576,506,-1
1788814104.3302,1007735,V,576,506,-1
1788814104.3302,1007743,V,575,505,-1
1788814104.3302,1007751,V,575,505,-1
1788814104.3790,1007764,V,575,505,12065
1788814104.3790,1007772,V,575,505,-1
1788814104.3791,1007780,V,575,505,-1
1788814104.3791,1007788,V,576,506,-1
1788814104.3791,1007796,V,575,505,-1
1788814104.3791,1007804,V,574,504,-1
1788814104.4293,1007818,V,575,505,12066
1788814104.4293,1007826,V,576,506,-1
1788814104.4293,1007834,V,575,505,-1
1788814104.4293,1007842,V,575,505,-1
1788814104.4293,1007850,V,576,506,-1
1788814104.4294,1007858,V,574,504,-1
1788814104.4762,1007872,V,576,506,12067
1788814104.4762,1007880,V,576,506,-1
1788814104.4762,1007888,V,576,506,-1
1788814104.4762,1007896,V,579,509,-1
1788814104.4762,1007904,V,576,506,-1
1788814104.4762,1007912,V,576,506,-1
1788814104.5250,1007925,V,575,505,12068
1788814104.5251,1007933,V,575,505,-1
1788814104.5251,1007941,V,576,506,-1
1788814104.5251,1007949,V,575,505,-1
1788814104.5251,1007957,V,576,506,-1
1788814104.5251,1007965,V,575,505,-1
1788814104.5734,1007979,V,576,506,12069
1788814104.5735,1007987,V,576,506,-1
1788814104.5735,1007995,V,577,507,-1
1788814104.5735,1008003,V,575,505,-1
1788814104.5735,1008011,V,575,505,-1
1788814104.5735,1008019,V,580,510,-1
1788814104.6227,1008033,V,577,507,12070
1788814104.6227,1008041,V,577,507,-1
1788814104.6227,1008049,V,576,506,-1
1788814104.6227,1008057,V,576,506,-1
1788814104.6227,1008065,V,575,505,-1
1788814104.6227,1008073,V,574,504,-1
1788814104.6714,1008086,V,575,505,12071
1788814104.6714,1008094,V,592,520,-1
1788814104.6714,1008102,V,575,505,-1
1788814104.6714,1008110,V,575,505,-1
1788814104.6714,1008118,V,576,506,-1
1788814104.6714,1008126,V,574,504,-1
1788814104.7200,1008140,V,575,505,12072
1788814104.7200,1008148,V,574,504,-1
1788814104.7200,1008156,V,576,506,-1
1788814104.7200,1008164,V,576,506,-1
1788814104.7201,1008172,V,576,506,-1
1788814104.7201,1008180,V,575,505,-1
1788814104.7698,1008194,V,576,506,12073
1788814104.7698,1008202,V,575,505,-1
1788814104.7698,1008210,V,576,506,-1
1788814104.7698,1008218,V,576,506,-1
1788814104.7698,1008226,V,576,506,-1
1788814104.7698,1008234,V,576,506,-1
1788814104.8670,1008247,V,575,505,12074
1788814104.8671,1008255,V,575,505,-1
1788814104.8671,1008263,V,574,504,-1
1788814104.8671,1008271,V,576,506,-1
1788814104.8671,1008279,V,576,506,-1
1788814104.8671,1008287,V,576,506,-1
1788814104.9163,1008301,V,576,506,12075
1788814104.9163,1008309,V,576,506,-1
1788814104.9163,1008317,V,575,505,-1
1788814104.9163,1008325,V,576,506,-1
1788814104.9164,1008333,V,576,506,-1
1788814104.9164,1008341,V,577,507,-1
1788814104.9647,1008355,V,576,506,12076
1788814104.9647,1008363,V,577,507,-1
1788814104.9647,1008371,V,576,506,-1
1788814104.9647,1008379,V,575,505,-1
1788814104.9649,1008387,V,576,506,-1
1788814104.9649,1008395,V,576,506,-1
1788814105.0134,1008408,V,576,506,12077
1788814105.0134,1008416,V,576,506,-1
1788814105.0134,1008424,V,575,505,-1
1788814105.0134,1008432,V,579,509,-1
1788814105.0135,1008440,V,575,505,-1
1788814105.0135,1008448,V,576,506,-1
1788814105.0612,1008462,V,575,505,12078
1788814105.0612,1008470,V,577,507,-1
1788814105.0612,1008478,V,576,506,-1
1788814105.0612,1008486,V,576,506,-1
1788814105.0612,1008494,V,576,506,-1
1788814105.0613,1008502,V,576,506,-1
1788814105.1099,1008515,V,575,505,12079
1788814105.1101,1008523,V,575,505,-1
1788814105.1101,1008531,V,578,508,-1
1788814105.1101,1008539,V,576,506,-1
1788814105.1101,1008547,V,575,505,-1
1788814105.1101,1008555,V,576,506,-1
1788814105.1615,1008569,V,576,506,12080
1788814105.1616,1008577,V,576,506,-1
1788814105.1616,1008585,V,575,505,-1
1788814105.1616,1008593,V,575,505,-1
1788814105.1616,1008601,V,575,505,-1
1788814105.1616,1008609,V,575,505,-1
1788814105.2096,1008623,V,575,505,12081
1788814105.2097,1008631,V,591,519,-1
1788814105.2097,1008639,V,575,505,-1
1788814105.2097,1008647,V,576,506,-1
1788814105.2097,1008655,V,575,505,-1
1788814105.2097,1008663,V,575,505,-1
1788814105.2571,1008676,V,575,505,12082
1788814105.2572,1008684,V,575,505,-1
1788814105.2572,1008692,V,575,505,-1
1788814105.2572,1008700,V,576,506,-1
1788814105.2572,1008708,V,575,505,-1
1788814105.2572,1008716,V,575,505,-1
1788814105.3050,1008730,V,576,506,12083
1788814105.3051,1008738,V,577,507,-1
1788814105.3051,1008746,V,575,505,-1
1788814105.3051,1008754,V,575,505,-1
1788814105.3051,1008762,V,574,504,-1
1788814105.3051,1008770,V,574,504,-1
1788814105.4040,1008783,V,575,505,12084
1788814105.4041,1008791,V,576,506,-1
1788814105.4042,1008799,V,575,505,-1
1788814105.4042,1008807,V,575,505,-1
1788814105.4042,1008815,V,575,505,-1
1788814105.4042,1008823,V,576,506,-1
1788814105.4518,1008837,V,574,504,12085
1788814105.4518,1008845,V,575,505,-1
1788814105.4518,1008853,V,575,505,-1
1788814105.4518,1008861,V,575,505,-1
1788814105.4519,1008869,V,575,505,-1
1788814105.4519,1008877,V,576,506,-1
1788814105.5000,1008891,V,575,505,12086
1788814105.5000,1008899,V,575,505,-1
1788814105.5000,1008907,V,575,505,-1
1788814105.5000,1008915,V,575,505,-1
1788814105.5000,1008923,V,574,504,-1
1788814105.5000,1008931,V,576,506,-1
1788814105.5495,1008944,V,575,505,12087
1788814105.5495,1008952,V,575,505,-1
1788814105.5495,1008960,V,575,505,-1
1788814105.5495,1008968,V,579,509,-1
1788814105.5495,1008976,V,576,506,-1
1788814105.5495,1008984,V,575,505,-1
1788814105.5972,1008998,V,575,505,12088
1788814105.5972,1009006,V,576,506,-1
1788814105.5972,1009014,V,574,504,-1
1788814105.5972,1009022,V,574,504,-1
1788814105.5972,1009030,V,575,505,-1
1788814105.5972,1009038,V,575,505,-1
1788814105.6460,1009052,V,576,506,12089
1788814105.6461,1009060,V,576,506,-1
1788814105.6461,1009068,V,576,506,-1
1788814105.6461,1009076,V,575,505,-1
1788814105.6461,1009084,V,576,506,-1
1788814105.6461,1009092,V,575,505,-1
1788814105.6950,1009105,V,575,505,12090
1788814105.6950,1009113,V,575,505,-1
1788814105.6950,1009121,V,576,506,-1
1788814105.6950,1009129,V,575,505,-1
1788814105.6950,1009137,V,575,505,-1
1788814105.6950,1009145,V,576,506,-1
1788814105.7442,1009159,V,575,505,12091
1788814105.7442,1009167,V,590,519,-1
1788814105.7442,1009175,V,575,505,-1
1788814105.7442,1009183,V,576,506,-1
1788814105.7442,1009191,V,575,505,-1
1788814105.7442,1009199,V,574,504,-1
1788814105.7934,1009213,V,575,505,12092
1788814105.7934,1009221,V,576,506,-1
1788814105.7934,1009229,V,575,505,-1
1788814105.7934,1009237,V,576,506,-1
1788814105.7934,1009245,V,576,506,-1
1788814105.7934,1009253,V,575,505,-1
1788814105.8413,1009266,V,576,506,12093
1788814105.8413,1009274,V,576,506,-1
1788814105.8413,1009282,V,576,506,-1
1788814105.8413,1009290,V,575,505,-1
1788814105.8413,1009298,V,576,506,-1
1788814105.8413,1009306,V,575,505,-1
1788814105.9389,1009320,V,576,506,12094
1788814105.9390,1009328,V,576,506,-1
1788814105.9390,1009336,V,576,506,-1
1788814105.9390,1009344,V,575,505,-1
1788814105.9391,1009352,V,575,505,-1
1788814105.9391,1009360,V,575,505,-1
1788814105.9879,1009374,V,575,505,12095
1788814105.9880,1009382,V,576,506,-1
1788814105.9880,1009390,V,576,506,-1
1788814105.9880,1009398,V,576,506,-1
1788814105.9880,1009406,V,576,506,-1
1788814105.9880,1009414,V,576,506,-1
1788814106.1341,1009427,V,576,506,12096
1788814106.1341,1009435,V,575,505,-1
1788814106.1341,1009443,V,575,505,-1
1788814106.1341,1009451,V,575,505,-1
1788814106.1341,1009459,V,575,505,-1
1788814106.1341,1009467,V,576,506,-1
1788814106.1352,1009481,V,576,506,12097
1788814106.1353,1009489,V,575,505,-1
1788814106.1353,1009497,V,576,506,-1
1788814106.1353,1009505,V,580,510,-1
1788814106.1353,1009513,V,576,506,-1
1788814106.1353,1009521,V,576,506,-1
1788814106.1356,1009534,V,575,505,12098
1788814106.1356,1009542,V,575,505,-1
1788814106.1356,1009550,V,575,505,-1
1788814106.1356,1009558,V,576,506,-1
1788814106.1356,1009566,V,575,505,-1
1788814106.1356,1009574,V,576,506,-1
1788814106.1825,1009588,V,574,504,12099
1788814106.1826,1009596,V,575,505,-1
1788814106.1827,1009604,V,580,510,-1
1788814106.1827,1009612,V,576,506,-1
1788814106.1827,1009620,V,575,505,-1
1788814106.1827,1009628,V,576,506,-1
1788814106.2317,1009642,V,575,505,12100
1788814106.2318,1009650,V,575,505,-1
1788814106.2318,1009658,V,575,505,-1
1788814106.2318,1009666,V,576,506,-1
1788814106.2318,1009674,V,575,505,-1
1788814106.2318,1009682,V,576,506,-1
1788814106.2798,1009695,V,576,506,12101
1788814106.2798,1009703,V,582,512,-1
1788814106.2799,1009711,V,574,504,-1
1788814106.2799,1009719,V,575,505,-1
1788814106.2799,1009727,V,576,506,-1
1788814106.2799,1009735,V,575,505,-1
1788814106.3288,1009749,V,576,506,12102
1788814106.3288,1009757,V,576,506,-1
1788814106.3288,1009765,V,575,505,-1
1788814106.3288,1009773,V,576,506,-1
1788814106.3288,1009781,V,575,505,-1
1788814106.3288,1009789,V,575,505,-1
1788814106.3776,1009803,V,575,505,12103
1788814106.3776,1009811,V,574,504,-1
1788814106.3776,1009819,V,575,505,-1
1788814106.3776,1009827,V,575,505,-1
1788814106.3777,1009835,V,575,505,-1
1788814106.3777,1009843,V,575,505,-1
1788814106.4751,1009856,V,575,505,12104
1788814106.4753,1009864,V,575,505,-1
1788814106.4753,1009872,V,575,505,-1
1788814106.4753,1009880,V,575,505,-1
1788814106.4753,1009888,V,575,505,-1
1788814106.4753,1009896,V,577,507,-1
1788814106.5243,1009910,V,576,506,12105
1788814106.5243,1009918,V,575,505,-1
1788814106.5244,1009926,V,575,505,-1
1788814106.5244,1009934,V,576,506,-1
1788814106.5244,1009942,V,575,505,-1
1788814106.5244,1009950,V,575,505,-1
1788814106.5725,1009964,V,576,506,12106
1788814106.5725,1009972,V,576,506,-1
1788814106.5725,1009980,V,574,504,-1
1788814106.5725,1009988,V,575,505,-1
1788814106.5725,1009996,V,575,505,-1
1788814106.5725,1010004,V,575,505,-1
1788814106.6214,1010017,V,575,505,12107
1788814106.6214,1010025,V,575,505,-1
1788814106.6215,1010033,V,575,505,-1
1788814106.6215,1010041,V,578,508,-1
1788814106.6215,1010049,V,575,505,-1
1788814106.6215,1010057,V,576,506,-1
1788814106.6697,1010071,V,575,505,12108
1788814106.6697,1010079,V,576,506,-1
1788814106.6697,1010087,V,575,505,-1
1788814106.6697,1010095,V,576,506,-1
1788814106.6697,1010103,V,576,506,-1
1788814106.6698,1010111,V,574,504,-1
1788814106.7188,1010125,V,576,506,12109
1788814106.7189,1010133,V,575,505,-1
1788814106.7189,1010141,V,584,513,-1
1788814106.7190,1010149,V,575,505,-1
1788814106.7190,1010157,V,575,505,-1
1788814106.7190,1010165,V,575,505,-1
1788814106.7678,1010178,V,575,505,12110
1788814106.7678,1010186,V,576,506,-1
1788814106.7678,1010194,V,576,506,-1
1788814106.7679,1010202,V,576,506,-1
1788814106.7679,1010210,V,575,505,-1
1788814106.7679,1010218,V,575,505,-1
1788814106.8166,1010232,V,575,505,12111
1788814106.8167,1010240,V,576,506,-1
1788814106.8167,1010248,V,576,506,-1
1788814106.8167,1010256,V,577,507,-1
1788814106.8167,1010264,V,575,505,-1
1788814106.8167,1010272,V,576,506,-1
1788814106.8649,1010286,V,576,506,12112
1788814106.8649,1010294,V,574,504,-1
1788814106.8649,1010302,V,576,506,-1
1788814106.8649,1010310,V,575,505,-1
1788814106.8649,1010318,V,576,506,-1
1788814106.8649,1010326,V,575,505,-1
1788814106.9137,1010339,V,575,505,12113
1788814106.9137,1010347,V,576,506,-1
1788814106.9137,1010355,V,575,505,-1
1788814106.9137,1010363,V,575,505,-1
1788814106.9138,1010371,V,576,506,-1
1788814106.9138,1010379,V,575,505,-1
1788814107.0123,1010393,V,575,505,12114
1788814107.0124,1010401,V,575,505,-1
1788814107.0125,1010409,V,575,505,-1
1788814107.0125,1010417,V,576,506,-1
1788814107.0125,1010425,V,576,506,-1
1788814107.0125,1010433,V,575,505,-1
1788814107.0614,1010447,V,576,506,12115
1788814107.0614,1010455,V,575,505,-1
1788814107.0614,1010463,V,575,505,-1
1788814107.0614,1010471,V,576,506,-1
1788814107.0614,1010479,V,578,508,-1
1788814107.0614,1010487,V,576,506,-1
1788814107.1601,1010500,V,575,505,12116
1788814107.1602,1010508,V,575,505,-1
1788814107.1602,1010516,V,576,506,-1
1788814107.1602,1010524,V,576,506,-1
1788814107.1602,1010532,V,575,505,-1
1788814107.1602,1010540,V,576,506,-1
1788814107.1605,1010554,V,575,505,12117
1788814107.1605,1010562,V,576,506,-1
1788814107.1605,1010570,V,575,505,-1
1788814107.1605,1010578,V,577,507,-1
1788814107.1605,1010586,V,576,506,-1
1788814107.1605,1010594,V,576,506,-1
1788814107.2081,1010608,V,576,506,12118
1788814107.2081,1010616,V,574,504,-1
1788814107.2081,1010624,V,575,505,-1
1788814107.2081,1010632,V,575,505,-1
1788814107.2081,1010640,V,576,506,-1
1788814107.2081,1010648,V,575,505,-1
1788814107.2547,1010661,V,576,506,12119
1788814107.2548,1010669,V,576,506,-1
1788814107.2548,1010677,V,591,519,-1
1788814107.2548,1010685,V,577,507,-1
1788814107.2548,1010693,V,575,505,-1
1788814107.2548,1010701,V,576,506,-1
1788814107.3040,1010715,V,576,506,12120
1788814107.3040,1010723,V,575,505,-1
1788814107.3040,1010731,V,576,506,-1
1788814107.3041,1010739,V,574,504,-1
1788814107.3041,1010747,V,575,505,-1
1788814107.3041,1010755,V,576,506,-1
1788814107.3525,1010768,V,575,505,12121
1788814107.3525,1010776,V,576,506,-1
1788814107.3525,1010784,V,576,506,-1
1788814107.3525,1010792,V,575,505,-1
1788814107.3525,1010800,V,577,507,-1
1788814107.3525,1010808,V,575,505,-1
1788814107.4012,1010822,V,575,505,12122
1788814107.4012,1010830,V,575,505,-1
1788814107.4012,1010838,V,575,505,-1
1788814107.4012,1010846,V,576,506,-1
1788814107.4012,1010854,V,577,507,-1
1788814107.4013,1010862,V,576,506,-1
1788814107.4517,1010876,V,576,506,12123
1788814107.4517,1010884,V,576,506,-1
1788814107.4517,1010892,V,577,507,-1
1788814107.4517,1010900,V,576,506,-1
1788814107.4517,1010908,V,577,507,-1
1788814107.4517,1010916,V,576,506,-1
1788814107.5485,1010929,V,576,506,12124
1788814107.5486,1010937,V,577,507,-1
1788814107.5487,1010945,V,576,506,-1
1788814107.5487,1010953,V,576,506,-1
1788814107.5487,1010961,V,576,506,-1
1788814107.5487,1010969,V,575,505,-1
1788814107.5963,1010983,V,576,506,12125
1788814107.5963,1010991,V,576,506,-1
1788814107.5963,1010999,V,575,505,-1
1788814107.5963,1011007,V,576,506,-1
1788814107.5963,1011015,V,579,509,-1
1788814107.5963,1011023,V,576,506,-1
1788814107.6450,1011037,V,575,505,12126
1788814107.6450,1011045,V,576,506,-1
1788814107.6450,1011053,V,576,506,-1
1788814107.6450,1011061,V,577,507,-1
1788814107.6450,1011069,V,575,505,-1
1788814107.6450,1011077,V,575,505,-1
1788814107.6938,1011090,V,575,505,12127
1788814107.6938,1011098,V,576,506,-1
1788814107.6938,1011106,V,576,506,-1
1788814107.6938,1011114,V,577,507,-1
1788814107.6938,1011122,V,576,506,-1
1788814107.6938,1011130,V,575,505,-1
1788814107.7424,1011144,V,576,506,12128
1788814107.7424,1011152,V,577,507,-1
1788814107.7425,1011160,V,576,506,-1
1788814107.7425,1011168,V,575,505,-1
1788814107.7425,1011176,V,575,505,-1
1788814107.7425,1011184,V,575,505,-1
1788814107.7913,1011198,V,575,505,12129
1788814107.7914,1011206,V,576,506,-1
1788814107.7914,1011214,V,583,512,-1
1788814107.7914,1011222,V,576,506,-1
1788814107.7914,1011230,V,575,505,-1
1788814107.7915,1011238,V,576,506,-1
1788814107.8402,1011251,V,575,505,12130
1788814107.8403,1011259,V,575,505,-1
1788814107.8403,1011267,V,576,506,-1
1788814107.8403,1011275,V,576,506,-1
1788814107.8403,1011283,V,576,506,-1
1788814107.8403,1011291,V,576,506,-1
1788814107.8889,1011305,V,576,506,12131
1788814107.8889,1011313,V,576,506,-1
1788814107.8890,1011321,V,577,507,-1
1788814107.8890,1011329,V,576,506,-1
1788814107.8890,1011337,V,576,506,-1
1788814107.8890,1011345,V,576,506,-1
1788814107.9374,1011359,V,576,506,12132
1788814107.9374,1011367,V,576,506,-1
1788814107.9375,1011375,V,576,506,-1
1788814107.9375,1011383,V,576,506,-1
1788814107.9375,1011391,V,575,505,-1
1788814107.9375,1011399,V,576,506,-1
1788814107.9863,1011412,V,576,506,12133
1788814107.9863,1011420,V,576,506,-1
1788814107.9864,1011428,V,576,506,-1
1788814107.9864,1011436,V,576,506,-1
1788814107.9864,1011444,V,577,507,-1
1788814107.9864,1011452,V,576,506,-1
1788814108.0839,1011466,V,576,506,12134
1788814108.0841,1011474,V,576,506,-1
1788814108.0841,1011482,V,576,506,-1
1788814108.0841,1011490,V,576,506,-1
1788814108.0841,1011498,V,575,505,-1
1788814108.0841,1011506,V,576,506,-1
1788814108.1331,1011520,V,576,506,12135
1788814108.1331,1011528,V,575,505,-1
1788814108.1331,1011536,V,576,506,-1
1788814108.1331,1011544,V,576,506,-1
1788814108.1331,1011552,V,580,510,-1
1788814108.1331,1011560,V,576,506,-1
1788814108.1815,1011573,V,576,506,12136
1788814108.1815,1011581,V,575,505,-1
1788814108.1815,1011589,V,576,506,-1
1788814108.1815,1011597,V,576,506,-1
1788814108.1815,1011605,V,576,506,-1
1788814108.1816,1011613,V,576,506,-1
1788814108.2304,1011627,V,576,506,12137
1788814108.2305,1011635,V,575,505,-1
1788814108.2305,1011643,V,576,506,-1
1788814108.2305,1011651,V,582,512,-1
1788814108.2305,1011659,V,576,506,-1
1788814108.2305,1011667,V,576,506,-1
1788814108.2790,1011681,V,576,506,12138
1788814108.2790,1011689,V,576,506,-1
1788814108.2790,1011697,V,575,505,-1
1788814108.2790,1011705,V,575,505,-1
1788814108.2790,1011713,V,575,505,-1
1788814108.2790,1011721,V,575,505,-1
1788814108.3278,1011734,V,575,505,12139
1788814108.3279,1011742,V,575,505,-1
1788814108.3279,1011750,V,578,508,-1
1788814108.3279,1011758,V,575,505,-1
1788814108.3279,1011766,V,576,506,-1
1788814108.3279,1011774,V,575,505,-1
1788814108.3767,1011788,V,575,505,12140
1788814108.3767,1011796,V,575,505,-1
1788814108.3767,1011804,V,575,505,-1
1788814108.3768,1011812,V,574,504,-1
1788814108.3768,1011820,V,576,506,-1
1788814108.3768,1011828,V,575,505,-1
1788814108.4252,1011841,V,576,506,12141
1788814108.4253,1011849,V,576,506,-1
1788814108.4253,1011857,V,576,506,-1
1788814108.4253,1011865,V,575,505,-1
1788814108.4253,1011873,V,575,505,-1
1788814108.4253,1011881,V,576,506,-1
1788814108.4736,1011895,V,576,506,12142
1788814108.4736,1011903,V,575,505,-1
1788814108.4736,1011911,V,576,506,-1
1788814108.4736,1011919,V,575,505,-1
1788814108.4736,1011927,V,575,505,-1
1788814108.4736,1011935,V,575,505,-1
1788814108.5227,1011949,V,576,506,12143
1788814108.5228,1011957,V,576,506,-1
1788814108.5229,1011965,V,576,506,-1
1788814108.5229,1011973,V,577,507,-1
1788814108.5229,1011981,V,576,506,-1
1788814108.5229,1011989,V,577,507,-1
1788814108.6698,1012002,V,576,506,12144
1788814108.6700,1012010,V,575,505,-1
1788814108.6700,1012018,V,575,505,-1
1788814108.6700,1012026,V,575,505,-1
1788814108.6700,1012034,V,575,505,-1
1788814108.6700,1012042,V,576,506,-1
1788814108.6710,1012056,V,576,506,12145
1788814108.6710,1012064,V,575,505,-1
1788814108.6710,1012072,V,576,506,-1
1788814108.6710,1012080,V,575,505,-1
1788814108.6710,1012088,V,577,507,-1
1788814108.6711,1012096,V,576,506,-1
1788814108.7180,1012110,V,576,506,12146
1788814108.7181,1012118,V,576,506,-1
1788814108.7181,1012126,V,575,505,-1
1788814108.7181,1012134,V,575,505,-1
1788814108.7181,1012142,V,576,506,-1
1788814108.7181,1012150,V,575,505,-1
1788814108.7665,1012163,V,575,505,12147
1788814108.7665,1012171,V,575,505,-1
1788814108.7665,1012179,V,576,506,-1
1788814108.7665,1012187,V,587,516,-1
1788814108.7665,1012195,V,576,506,-1
1788814108.7665,1012203,V,575,505,-1
1788814108.8153,1012217,V,576,506,12148
1788814108.8153,1012225,V,576,506,-1
1788814108.8153,1012233,V,576,506,-1
1788814108.8153,1012241,V,575,505,-1
1788814108.8153,1012249,V,576,506,-1
1788814108.8153,1012257,V,576,506,-1
1788814108.8638,1012270,V,575,505,12149
1788814108.8638,1012278,V,576,506,-1
1788814108.8638,1012286,V,577,507,-1
1788814108.8638,1012294,V,576,506,-1
1788814108.8638,1012302,V,575,505,-1
1788814108.8638,1012310,V,575,505,-1
1788814108.9124,1012324,V,575,505,12150
1788814108.9126,1012332,V,574,504,-1
1788814108.9126,1012340,V,576,506,-1
1788814108.9126,1012348,V,575,505,-1
1788814108.9126,1012356,V,575,505,-1
1788814108.9126,1012364,V,575,505,-1
1788814108.9616,1012378,V,576,506,12151
1788814108.9616,1012386,V,577,507,-1
1788814108.9616,1012394,V,576,506,-1
1788814108.9616,1012402,V,576,506,-1
1788814108.9616,1012410,V,576,506,-1
1788814108.9616,1012418,V,575,505,-1
1788814109.0101,1012431,V,577,507,12152
1788814109.0101,1012439,V,576,506,-1
1788814109.0101,1012447,V,575,505,-1
1788814109.0101,1012455,V,576,506,-1
1788814109.0101,1012463,V,576,506,-1
1788814109.0101,1012471,V,575,505,-1
1788814109.0589,1012485,V,576,506,12153
1788814109.0590,1012493,V,576,506,-1
1788814109.0590,1012501,V,576,506,-1
1788814109.0590,1012509,V,575,505,-1
1788814109.0590,1012517,V,576,506,-1
1788814109.0590,1012525,V,578,508,-1
1788814109.1564,1012539,V,576,506,12154
1788814109.1565,1012547,V,576,506,-1
1788814109.1566,1012555,V,575,505,-1
1788814109.1566,1012563,V,576,506,-1
1788814109.1566,1012571,V,575,505,-1
1788814109.1566,1012579,V,576,506,-1
1788814109.2053,1012592,V,576,506,12155
1788814109.2053,1012600,V,577,507,-1
1788814109.2053,1012608,V,576,506,-1
1788814109.2053,1012616,V,576,506,-1
1788814109.2053,1012624,V,578,508,-1
1788814109.2053,1012632,V,576,506,-1
1788814109.2539,1012646,V,576,506,12156
1788814109.2539,1012654,V,577,507,-1
1788814109.2539,1012662,V,575,505,-1
1788814109.2539,1012670,V,576,506,-1
1788814109.2539,1012678,V,575,505,-1
1788814109.2539,1012686,V,575,505,-1
1788814109.3025,1012699,V,576,506,12157
1788814109.3025,1012707,V,575,505,-1
1788814109.3025,1012715,V,575,505,-1
1788814109.3026,1012723,V,585,514,-1
1788814109.3026,1012731,V,576,506,-1
1788814109.3026,1012739,V,575,505,-1
1788814109.3510,1012753,V,576,506,12158
1788814109.3510,1012761,V,576,506,-1
1788814109.3510,1012769,V,575,505,-1
1788814109.3510,1012777,V,575,505,-1
1788814109.3510,1012785,V,576,506,-1
1788814109.3510,1012793,V,575,505,-1
1788814109.4001,1012807,V,576,506,12159
1788814109.4002,1012815,V,576,506,-1
1788814109.4002,1012823,V,577,507,-1
1788814109.4002,1012831,V,576,506,-1
1788814109.4002,1012839,V,576,506,-1
1788814109.4002,1012847,V,576,506,-1
1788814109.4506,1012860,V,576,506,12160
1788814109.4507,1012868,V,576,506,-1
1788814109.4507,1012876,V,576,506,-1
1788814109.4507,1012884,V,575,505,-1
1788814109.4507,1012892,V,576,506,-1
1788814109.4507,1012900,V,575,505,-1
1788814109.4976,1012914,V,575,505,12161
1788814109.4976,1012922,V,576,506,-1
1788814109.4976,1012930,V,576,506,-1
1788814109.4976,1012938,V,576,506,-1
1788814109.4976,1012946,V,576,506,-1
1788814109.4976,1012954,V,576,506,-1
1788814109.5462,1012968,V,575,505,12162
1788814109.5462,1012976,V,576,506,-1
1788814109.5463,1012984,V,576,506,-1
1788814109.5463,1012992,V,576,506,-1
1788814109.5463,1013000,V,576,506,-1
1788814109.5463,1013008,V,576,506,-1
1788814109.5951,1013021,V,576,506,12163
1788814109.5951,1013029,V,575,505,-1
1788814109.5951,1013037,V,577,507,-1
1788814109.5951,1013045,V,577,507,-1
1788814109.5951,1013053,V,576,506,-1
1788814109.5951,1013061,V,577,507,-1
1788814109.7414,1013075,V,575,505,12164
1788814109.7415,1013083,V,576,506,-1
1788814109.7415,1013091,V,575,505,-1
1788814109.7415,1013099,V,576,506,-1
1788814109.7415,1013107,V,575,505,-1
1788814109.7416,1013115,V,576,506,-1
1788814109.7435,1013128,V,576,506,12165
1788814109.7435,1013136,V,577,507,-1
1788814109.7435,1013144,V,577,507,-1
1788814109.7435,1013152,V,577,507,-1
1788814109.7435,1013160,V,578,508,-1
1788814109.7435,1013168,V,576,506,-1
1788814109.9374,1013182,V,576,506,12166
1788814109.9374,1013190,V,576,506,-1
1788814109.9375,1013198,V,576,506,-1
1788814109.9375,1013206,V,577,507,-1
1788814109.9375,1013214,V,576,506,-1
1788814109.9375,1013222,V,576,506,-1
1788814109.9385,1013236,V,574,504,12167
1788814109.9385,1013244,V,576,506,-1
1788814109.9385,1013252,V,576,506,-1
1788814109.9385,1013260,V,588,517,-1
1788814109.9385,1013268,V,576,506,-1
1788814109.9385,1013276,V,576,506,-1
1788814109.9388,1013289,V,576,506,12168
1788814109.9388,1013297,V,574,504,-1
1788814109.9388,1013305,V,574,504,-1
1788814109.9388,1013313,V,576,506,-1
1788814109.9388,1013321,V,575,505,-1
1788814109.9389,1013329,V,576,506,-1
1788814109.9850,1013343,V,576,506,12169
1788814109.9851,1013351,V,577,507,-1
1788814109.9851,1013359,V,576,506,-1
1788814109.9851,1013367,V,575,505,-1
1788814109.9851,1013375,V,576,506,-1
1788814109.9851,1013383,V,576,506,-1
1788814109.9863,1013396,V,575,505,12170
1788814109.9863,1013404,V,576,506,-1
1788814109.9863,1013412,V,576,506,-1
1788814109.9863,1013420,V,575,505,-1
1788814109.9863,1013428,V,576,506,-1
1788814109.9863,1013436,V,576,506,-1
1788814110.0343,1013450,V,576,506,12171
1788814110.0343,1013458,V,577,507,-1
1788814110.0343,1013466,V,576,506,-1
1788814110.0343,1013474,V,574,504,-1
1788814110.0343,1013482,V,575,505,-1
1788814110.0343,1013490,V,575,505,-1
1788814110.0827,1013504,V,577,507,12172
1788814110.0827,1013512,V,576,506,-1
1788814110.0827,1013520,V,576,506,-1
1788814110.0827,1013528,V,576,506,-1
1788814110.0827,1013536,V,576,506,-1
1788814110.0827,1013544,V,576,506,-1
1788814110.1317,1013557,V,575,505,12173
1788814110.1317,1013565,V,576,506,-1
1788814110.1317,1013573,V,576,506,-1
1788814110.1317,1013581,V,576,506,-1
1788814110.1317,1013589,V,575,505,-1
1788814110.1317,1013597,V,576,506,-1
1788814110.2296,1013611,V,575,505,12174
1788814110.2297,1013619,V,575,505,-1
1788814110.2297,1013627,V,575,505,-1
1788814110.2297,1013635,V,576,506,-1
1788814110.2297,1013643,V,576,506,-1
1788814110.2297,1013651,V,575,505,-1
1788814110.2780,1013664,V,576,506,12175
1788814110.2780,1013672,V,576,506,-1
1788814110.2780,1013680,V,575,505,-1
1788814110.2780,1013688,V,575,505,-1
1788814110.2780,1013696,V,580,510,-1
1788814110.2780,1013704,V,575,505,-1
1788814110.3262,1013718,V,576,506,12176
1788814110.3262,1013726,V,576,506,-1
1788814110.3262,1013734,V,575,505,-1
1788814110.3262,1013742,V,576,506,-1
1788814110.3262,1013750,V,575,505,-1
1788814110.3262,1013758,V,576,506,-1
1788814110.3758,1013772,V,575,505,12177
1788814110.3758,1013780,V,575,505,-1
1788814110.3758,1013788,V,575,505,-1
1788814110.3758,1013796,V,581,511,-1
1788814110.3758,1013804,V,576,506,-1
1788814110.3758,1013812,V,575,505,-1
1788814110.4240,1013826,V,575,505,12178
1788814110.4241,1013834,V,576,506,-1
1788814110.4241,1013842,V,576,506,-1
1788814110.4241,1013850,V,575,505,-1
1788814110.4241,1013858,V,577,507,-1
1788814110.4241,1013866,V,575,505,-1
1788814110.4746,1013879,V,575,505,12179
1788814110.4747,1013887,V,575,505,-1
1788814110.4748,1013895,V,576,506,-1
1788814110.4748,1013903,V,575,505,-1
1788814110.4748,1013911,V,576,506,-1
1788814110.4748,1013919,V,575,505,-1
1788814110.5212,1013933,V,575,505,12180
1788814110.5212,1013941,V,576,506,-1
1788814110.5212,1013949,V,575,505,-1
1788814110.5212,1013957,V,576,506,-1
1788814110.5212,1013965,V,575,505,-1
1788814110.5212,1013973,V,574,504,-1
1788814110.5714,1013987,V,576,506,12181
1788814110.5714,1013995,V,576,506,-1
1788814110.5714,1014003,V,576,506,-1
1788814110.5714,1014011,V,574,504,-1
1788814110.5714,1014019,V,575,505,-1
1788814110.5714,1014027,V,576,506,-1
1788814110.6186,1014040,V,575,505,12182
1788814110.6186,1014048,V,576,506,-1
1788814110.6186,1014056,V,577,507,-1
1788814110.6186,1014064,V,575,505,-1
1788814110.6186,1014072,V,576,506,-1
1788814110.6186,1014080,V,576,506,-1
1788814110.6674,1014094,V,576,506,12183
1788814110.6674,1014102,V,576,506,-1
1788814110.6674,1014110,V,576,506,-1
1788814110.6674,1014118,V,577,507,-1
1788814110.6674,1014126,V,576,506,-1
1788814110.6674,1014134,V,580,510,-1
1788814110.7653,1014147,V,575,505,12184
1788814110.7654,1014155,V,576,506,-1
1788814110.7654,1014163,V,576,506,-1
1788814110.7654,1014171,V,575,505,-1
1788814110.7655,1014179,V,576,506,-1
1788814110.7655,1014187,V,576,506,-1
1788814110.8141,1014201,V,576,506,12185
1788814110.8141,1014209,V,576,506,-1
1788814110.8141,1014217,V,576,506,-1
1788814110.8141,1014225,V,577,507,-1
1788814110.8141,1014233,V,578,508,-1
1788814110.8141,1014241,V,575,505,-1
1788814110.8625,1014255,V,576,506,12186
1788814110.8625,1014263,V,576,506,-1
1788814110.8625,1014271,V,577,507,-1
1788814110.8625,1014279,V,576,506,-1
1788814110.8625,1014287,V,576,506,-1
1788814110.8625,1014295,V,576,506,-1
1788814110.9122,1014308,V,575,505,12187
1788814110.9122,1014316,V,576,506,-1
1788814110.9122,1014324,V,576,506,-1
1788814110.9122,1014332,V,591,519,-1
1788814110.9122,1014340,V,575,505,-1
1788814110.9123,1014348,V,576,506,-1
1788814110.9600,1014362,V,577,507,12188
1788814110.9600,1014370,V,576,506,-1
1788814110.9600,1014378,V,576,506,-1
1788814110.9600,1014386,V,576,506,-1
1788814110.9600,1014394,V,577,507,-1
1788814110.9600,1014402,V,575,505,-1
1788814111.0087,1014416,V,575,505,12189
1788814111.0088,1014424,V,576,506,-1
1788814111.0089,1014432,V,576,506,-1
1788814111.0089,1014440,V,577,507,-1
1788814111.0089,1014448,V,577,507,-1
1788814111.0089,1014456,V,575,505,-1
1788814111.0589,1014469,V,575,505,12190
1788814111.0590,1014477,V,576,506,-1
1788814111.0590,1014485,V,575,505,-1
1788814111.0590,1014493,V,575,505,-1
1788814111.0590,1014501,V,576,506,-1
1788814111.0590,1014509,V,576,506,-1
1788814111.1072,1014523,V,576,506,12191
1788814111.1072,1014531,V,576,506,-1
1788814111.1072,1014539,V,575,505,-1
1788814111.1072,1014547,V,576,506,-1
1788814111.1072,1014555,V,575,505,-1
1788814111.1072,1014563,V,575,505,-1
1788814111.1556,1014577,V,577,507,12192
1788814111.1556,1014585,V,576,506,-1
1788814111.1556,1014593,V,576,506,-1
1788814111.1556,1014601,V,575,505,-1
1788814111.1556,1014609,V,576,506,-1
1788814111.1556,1014617,V,576,506,-1
1788814111.2068,1014630,V,575,505,12193
1788814111.2068,1014638,V,576,506,-1
1788814111.2068,1014646,V,577,507,-1
1788814111.2068,1014654,V,575,505,-1
1788814111.2068,1014662,V,577,507,-1
1788814111.2068,1014670,V,581,511,-1
1788814111.3022,1014684,V,576,506,12194
1788814111.3023,1014692,V,576,506,-1
1788814111.3023,1014700,V,575,505,-1
1788814111.3023,1014708,V,576,506,-1
1788814111.3023,1014716,V,576,506,-1
1788814111.3023,1014724,V,577,507,-1
1788814111.3499,1014738,V,577,507,12195
1788814111.3499,1014746,V,576,506,-1
1788814111.3499,1014754,V,576,506,-1
1788814111.3499,1014762,V,576,506,-1
1788814111.3499,1014770,V,581,511,-1
1788814111.3499,1014778,V,576,506,-1
1788814111.4477,1014791,V,576,506,12196
1788814111.4478,1014799,V,576,506,-1
1788814111.4478,1014807,V,576,506,-1
1788814111.4478,1014815,V,575,505,-1
1788814111.4478,1014823,V,576,506,-1
1788814111.4478,1014831,V,576,506,-1
1788814111.4494,1014845,V,576,506,12197
1788814111.4494,1014853,V,576,506,-1
1788814111.4494,1014861,V,575,505,-1
1788814111.4494,1014869,V,587,516,-1
1788814111.4494,1014877,V,575,505,-1
1788814111.4495,1014885,V,576,506,-1
1788814111.4959,1014899,V,576,506,12198
1788814111.4959,1014907,V,576,506,-1
1788814111.4959,1014915,V,575,505,-1
1788814111.4959,1014923,V,575,505,-1
1788814111.4959,1014931,V,576,506,-1
1788814111.4959,1014939,V,576,506,-1
1788814111.5449,1014952,V,576,506,12199
1788814111.5450,1014960,V,576,506,-1
1788814111.5450,1014968,V,576,506,-1
1788814111.5451,1014976,V,576,506,-1
1788814111.5451,1014984,V,574,504,-1
1788814111.5451,1014992,V,576,506,-1
1788814111.5946,1015006,V,576,506,12200
1788814111.5946,1015014,V,576,506,-1
1788814111.5946,1015022,V,576,506,-1
1788814111.5946,1015030,V,575,505,-1
1788814111.5946,1015038,V,576,506,-1
1788814111.5946,1015046,V,576,506,-1
1788814111.6440,1015059,V,576,506,12201
1788814111.6441,1015067,V,577,507,-1
1788814111.6441,1015075,V,576,506,-1
1788814111.6441,1015083,V,574,504,-1
1788814111.6441,1015091,V,576,506,-1
1788814111.6441,1015099,V,575,505,-1
1788814111.6927,1015113,V,576,506,12202
1788814111.6927,1015121,V,576,506,-1
1788814111.6927,1015129,V,576,506,-1
1788814111.6928,1015137,V,575,505,-1
1788814111.6928,1015145,V,576,506,-1
1788814111.6928,1015153,V,577,507,-1
1788814111.7891,1015167,V,575,505,12203
1788814111.7892,1015175,V,575,505,-1
1788814111.7893,1015183,V,576,506,-1
1788814111.7893,1015191,V,576,506,-1
1788814111.7893,1015199,V,576,506,-1
1788814111.7893,1015207,V,580,510,-1
1788814111.8381,1015220,V,574,504,12204
1788814111.8381,1015228,V,576,506,-1
1788814111.8381,1015236,V,576,506,-1
1788814111.8381,1015244,V,576,506,-1
1788814111.8381,1015252,V,576,506,-1
1788814111.8381,1015260,V,576,506,-1
1788814111.8864,1015274,V,576,506,12205
1788814111.8865,1015282,V,575,505,-1
1788814111.8865,1015290,V,576,506,-1
1788814111.8865,1015298,V,576,506,-1
1788814111.8865,1015306,V,578,508,-1
1788814111.8865,1015314,V,576,506,-1
1788814111.9368,1015327,V,575,505,12206
1788814111.9368,1015335,V,575,505,-1
1788814111.9368,1015343,V,575,505,-1
1788814111.9368,1015351,V,575,505,-1
1788814111.9368,1015359,V,575,505,-1
1788814111.9368,1015367,V,576,506,-1
1788814111.9852,1015381,V,575,505,12207
1788814111.9853,1015389,V,577,507,-1
1788814111.9853,1015397,V,576,506,-1
1788814111.9853,1015405,V,591,519,-1
1788814111.9853,1015413,V,575,505,-1
1788814111.9853,1015421,V,575,505,-1
1788814112.0333,1015435,V,577,507,12208
1788814112.0334,1015443,V,576,506,-1
1788814112.0334,1015451,V,575,505,-1
1788814112.0334,1015459,V,576,506,-1
1788814112.0334,1015467,V,576,506,-1
1788814112.0334,1015475,V,576,506,-1
1788814112.0813,1015488,V,577,507,12209
1788814112.0814,1015496,V,576,506,-1
1788814112.0814,1015504,V,576,506,-1
1788814112.0814,1015512,V,576,506,-1
1788814112.0814,1015520,V,577,507,-1
1788814112.0814,1015528,V,575,505,-1
1788814112.1315,1015542,V,576,506,12210
1788814112.1315,1015550,V,577,507,-1
1788814112.1315,1015558,V,575,505,-1
1788814112.1315,1015566,V,576,506,-1
1788814112.1315,1015574,V,576,506,-1
1788814112.1315,1015582,V,576,506,-1
1788814112.1807,1015596,V,576,506,12211
1788814112.1807,1015604,V,576,506,-1
1788814112.1807,1015612,V,576,506,-1
1788814112.1807,1015620,V,576,506,-1
1788814112.1807,1015628,V,577,507,-1
1788814112.1808,1015636,V,577,507,-1
1788814112.2290,1015649,V,576,506,12212
1788814112.2290,1015657,V,575,505,-1
1788814112.2290,1015665,V,576,506,-1
1788814112.2290,1015673,V,576,506,-1
1788814112.2290,1015681,V,577,507,-1
1788814112.2291,1015689,V,575,505,-1
1788814112.2777,1015703,V,576,506,12213
1788814112.2779,1015711,V,576,506,-1
1788814112.2779,1015719,V,576,506,-1
1788814112.2779,1015727,V,576,506,-1
1788814112.2780,1015735,V,576,506,-1
1788814112.2780,1015743,V,580,510,-1
1788814112.3748,1015757,V,576,506,12214
1788814112.3749,1015765,V,576,506,-1
1788814112.3749,1015773,V,575,505,-1
1788814112.3749,1015781,V,576,506,-1
1788814112.3749,1015789,V,576,506,-1
1788814112.3749,1015797,V,576,506,-1
1788814112.4233,1015810,V,577,507,12215
1788814112.4233,1015818,V,575,505,-1
1788814112.4233,1015826,V,576,506,-1
1788814112.4233,1015834,V,576,506,-1
1788814112.4233,1015842,V,580,510,-1
1788814112.4233,1015850,V,576,506,-1
1788814112.4719,1015864,V,576,506,12216
1788814112.4720,1015872,V,576,506,-1
1788814112.4720,1015880,V,575,505,-1
1788814112.4720,1015888,V,575,505,-1
1788814112.4720,1015896,V,578,508,-1
1788814112.4720,1015904,V,577,507,-1
1788814112.5206,1015917,V,575,505,12217
1788814112.5208,1015925,V,575,505,-1
1788814112.5208,1015933,V,576,506,-1
1788814112.5208,1015941,V,583,512,-1
1788814112.5208,1015949,V,576,506,-1
1788814112.5208,1015957,V,576,506,-1
1788814112.5692,1015971,V,575,505,12218
1788814112.5692,1015979,V,575,505,-1
1788814112.5693,1015987,V,575,505,-1
1788814112.5693,1015995,V,575,505,-1
1788814112.5693,1016003,V,575,505,-1
1788814112.5693,1016011,V,576,506,-1
1788814112.6672,1016025,V,578,508,12219
1788814112.6673,1016033,V,577,507,-1
1788814112.6673,1016041,V,577,507,-1
1788814112.6673,1016049,V,577,507,-1
1788814112.6673,1016057,V,575,505,-1
1788814112.6673,1016065,V,575,505,-1
1788814112.6683,1016079,V,576,506,12220
1788814112.6683,1016087,V,576,506,-1
1788814112.6683,1016095,V,575,505,-1
1788814112.6683,1016103,V,576,506,-1
1788814112.6683,1016111,V,576,506,-1
1788814112.6683,1016119,V,576,506,-1
1788814112.7160,1016132,V,576,506,12221
1788814112.7160,1016140,V,576,506,-1
1788814112.7160,1016148,V,575,505,-1
1788814112.7160,1016156,V,576,506,-1
1788814112.7160,1016164,V,576,506,-1
1788814112.7160,1016172,V,577,507,-1
1788814112.7640,1016186,V,578,508,12222
1788814112.7641,1016194,V,575,505,-1
1788814112.7641,1016202,V,575,505,-1
1788814112.7641,1016210,V,576,506,-1
1788814112.7641,1016218,V,576,506,-1
1788814112.7642,1016226,V,576,506,-1
1788814112.8130,1016239,V,576,506,12223
1788814112.8130,1016247,V,576,506,-1
1788814112.8130,1016255,V,576,506,-1
1788814112.8130,1016263,V,575,505,-1
1788814112.8131,1016271,V,575,505,-1
1788814112.8131,1016279,V,578,508,-1
1788814112.9103,1016293,V,576,506,12224
1788814112.9103,1016301,V,576,506,-1
1788814112.9104,1016309,V,576,506,-1
1788814112.9104,1016317,V,576,506,-1
1788814112.9104,1016325,V,575,505,-1
1788814112.9104,1016333,V,576,506,-1
1788814112.9590,1016347,V,575,505,12225
1788814112.9591,1016355,V,576,506,-1
1788814112.9591,1016363,V,576,506,-1
1788814112.9591,1016371,V,577,507,-1
1788814112.9591,1016379,V,588,517,-1
1788814112.9591,1016387,V,576,506,-1
1788814113.0075,1016401,V,577,507,12226
1788814113.0077,1016409,V,576,506,-1
1788814113.0077,1016417,V,575,505,-1
1788814113.0077,1016425,V,576,506,-1
1788814113.0077,1016433,V,575,505,-1
1788814113.0077,1016441,V,575,505,-1
1788814113.0569,1016454,V,576,506,12227
1788814113.0569,1016462,V,576,506,-1
1788814113.0569,1016470,V,576,506,-1
1788814113.0569,1016478,V,575,505,-1
1788814113.0569,1016486,V,575,505,-1
1788814113.0569,1016494,V,576,506,-1
1788814113.1052,1016508,V,576,506,12228
1788814113.1052,1016516,V,576,506,-1
1788814113.1052,1016524,V,575,505,-1
1788814113.1053,1016532,V,577,507,-1
1788814113.1053,1016540,V,576,506,-1
1788814113.1053,1016548,V,576,506,-1
1788814113.1540,1016562,V,577,507,12229
1788814113.1540,1016570,V,576,506,-1
1788814113.1540,1016578,V,576,506,-1
1788814113.1540,1016586,V,576,506,-1
1788814113.1540,1016594,V,576,506,-1
1788814113.1540,1016602,V,576,506,-1
1788814113.2026,1016615,V,575,505,12230
1788814113.2026,1016623,V,576,506,-1
1788814113.2026,1016631,V,575,505,-1
1788814113.2026,1016639,V,575,505,-1
1788814113.2026,1016647,V,575,505,-1
1788814113.2026,1016655,V,575,505,-1
1788814113.2515,1016669,V,575,505,12231
1788814113.2517,1016677,V,576,506,-1
1788814113.2517,1016685,V,575,505,-1
1788814113.2517,1016693,V,576,506,-1
1788814113.2517,1016701,V,577,507,-1
1788814113.2517,1016709,V,577,507,-1
1788814113.3005,1016722,V,579,509,12232
1788814113.3005,1016730,V,577,507,-1
1788814113.3005,1016738,V,576,506,-1
1788814113.3006,1016746,V,576,506,-1
1788814113.3006,1016754,V,577,507,-1
1788814113.3006,1016762,V,575,505,-1
1788814113.3979,1016776,V,576,506,12233
1788814113.3979,1016784,V,575,505,-1
1788814113.3979,1016792,V,576,506,-1
1788814113.3979,1016800,V,577,507,-1
1788814113.3979,1016808,V,576,506,-1
1788814113.3979,1016816,V,577,507,-1
1788814113.4464,1016830,V,575,505,12234
1788814113.4464,1016838,V,576,506,-1
1788814113.4464,1016846,V,576,506,-1
1788814113.4464,1016854,V,576,506,-1
1788814113.4464,1016862,V,576,506,-1
1788814113.4464,1016870,V,575,505,-1
1788814113.4970,1016884,V,575,505,12235
1788814113.4972,1016892,V,576,506,-1
1788814113.4972,1016900,V,576,506,-1
1788814113.4972,1016908,V,575,505,-1
1788814113.4972,1016916,V,582,512,-1
1788814113.4972,1016924,V,575,505,-1
1788814113.5931,1016937,V,576,506,12236
1788814113.5931,1016945,V,575,505,-1
1788814113.5931,1016953,V,576,506,-1
1788814113.5931,1016961,V,576,506,-1
1788814113.5931,1016969,V,576,506,-1
1788814113.5931,1016977,V,576,506,-1
1788814113.5947,1016991,V,576,506,12237
1788814113.5947,1016999,V,576,506,-1
1788814113.5947,1017007,V,576,506,-1
1788814113.5947,1017015,V,577,507,-1
1788814113.5947,1017023,V,575,505,-1
1788814113.5947,1017031,V,575,505,-1
1788814113.6412,1017044,V,576,506,12238
1788814113.6412,1017052,V,576,506,-1
1788814113.6412,1017060,V,574,504,-1
1788814113.6412,1017068,V,576,506,-1
1788814113.6412,1017076,V,575,505,-1
1788814113.6412,1017084,V,575,505,-1
1788814113.6901,1017098,V,575,505,12239
1788814113.6902,1017106,V,576,506,-1
1788814113.6902,1017114,V,575,505,-1
1788814113.6902,1017122,V,576,506,-1
1788814113.6902,1017130,V,577,507,-1
1788814113.6902,1017138,V,576,506,-1
1788814113.7389,1017152,V,576,506,12240
1788814113.7390,1017160,V,576,506,-1
1788814113.7390,1017168,V,574,504,-1
1788814113.7391,1017176,V,576,506,-1
1788814113.7391,1017184,V,576,506,-1
1788814113.7391,1017192,V,575,505,-1
1788814113.8369,1017205,V,576,506,12241
1788814113.8370,1017213,V,575,505,-1
1788814113.8370,1017221,V,575,505,-1
1788814113.8370,1017229,V,575,505,-1
1788814113.8370,1017237,V,576,506,-1
1788814113.8370,1017245,V,575,505,-1
1788814113.8385,1017259,V,576,506,12242
1788814113.8385,1017267,V,575,505,-1
1788814113.8385,1017275,V,576,506,-1
1788814113.8385,1017283,V,576,506,-1
1788814113.8385,1017291,V,575,505,-1
1788814113.8385,1017299,V,576,506,-1
1788814113.9339,1017313,V,576,506,12243
1788814113.9339,1017321,V,575,505,-1
1788814113.9340,1017329,V,575,505,-1
1788814113.9340,1017337,V,575,505,-1
1788814113.9341,1017345,V,575,505,-1
1788814113.9341,1017353,V,583,512,-1
1788814113.9825,1017366,V,575,505,12244
1788814113.9826,1017374,V,575,505,-1
1788814113.9826,1017382,V,576,506,-1
1788814113.9826,1017390,V,576,506,-1
1788814113.9826,1017398,V,576,506,-1
1788814113.9827,1017406,V,576,506,-1
1788814114.0326,1017420,V,575,505,12245
1788814114.0326,1017428,V,575,505,-1
1788814114.0326,1017436,V,577,507,-1
1788814114.0326,1017444,V,577,507,-1
1788814114.0327,1017452,V,576,506,-1
1788814114.0327,1017460,V,576,506,-1
1788814114.0801,1017474,V,575,505,12246
1788814114.0801,1017482,V,575,505,-1
1788814114.0801,1017490,V,575,505,-1
1788814114.0801,1017498,V,577,507,-1
1788814114.0801,1017506,V,576,506,-1
1788814114.0801,1017514,V,575,505,-1
1788814114.1289,1017527,V,576,506,12247
1788814114.1289,1017535,V,576,506,-1
1788814114.1289,1017543,V,576,506,-1
1788814114.1289,1017551,V,576,506,-1
1788814114.1289,1017559,V,577,507,-1
1788814114.1289,1017567,V,576,506,-1
1788814114.1781,1017581,V,576,506,12248
1788814114.1781,1017589,V,576,506,-1
1788814114.1781,1017597,V,575,505,-1
1788814114.1781,1017605,V,575,505,-1
1788814114.1781,1017613,V,576,506,-1
1788814114.1781,1017621,V,576,506,-1
1788814114.2263,1017635,V,576,506,12249
1788814114.2264,1017643,V,575,505,-1
1788814114.2264,1017651,V,575,505,-1
1788814114.2264,1017659,V,575,505,-1
1788814114.2265,1017667,V,577,507,-1
1788814114.2265,1017675,V,575,505,-1
1788814114.2754,1017688,V,575,505,12250
1788814114.2755,1017696,V,580,510,-1
1788814114.2755,1017704,V,576,506,-1
1788814114.2755,1017712,V,576,506,-1
1788814114.2755,1017720,V,576,506,-1
1788814114.2755,1017728,V,575,505,-1
1788814114.3729,1017742,V,576,506,12251
1788814114.3730,1017750,V,576,506,-1
1788814114.3730,1017758,V,575,505,-1
1788814114.3730,1017766,V,576,506,-1
1788814114.3730,1017774,V,576,506,-1
1788814114.3730,1017782,V,576,506,-1
1788814114.3741,1017795,V,579,509,12252
1788814114.3741,1017803,V,577,507,-1
1788814114.3741,1017811,V,576,506,-1
1788814114.3741,1017819,V,575,505,-1
1788814114.3741,1017827,V,575,505,-1
1788814114.3741,1017835,V,575,505,-1
1788814114.4698,1017849,V,575,505,12253
1788814114.4699,1017857,V,575,505,-1
1788814114.4699,1017865,V,574,504,-1
1788814114.4699,1017873,V,574,504,-1
1788814114.4699,1017881,V,576,506,-1
1788814114.4699,1017889,V,590,519,-1
1788814114.5192,1017903,V,575,505,12254
1788814114.5192,1017911,V,576,506,-1
1788814114.5192,1017919,V,577,507,-1
1788814114.5192,1017927,V,576,506,-1
1788814114.5192,1017935,V,576,506,-1
1788814114.5192,1017943,V,576,506,-1
1788814114.5677,1017957,V,576,506,12255
1788814114.5678,1017965,V,576,506,-1
1788814114.5678,1017973,V,576,506,-1
1788814114.5678,1017981,V,575,505,-1
1788814114.5678,1017989,V,577,507,-1
1788814114.5678,1017997,V,577,507,-1
1788814114.6164,1018010,V,575,505,12256
1788814114.6164,1018018,V,576,506,-1
1788814114.6164,1018026,V,576,506,-1
1788814114.6164,1018034,V,576,506,-1
1788814114.6164,1018042,V,576,506,-1
1788814114.6164,1018050,V,576,506,-1
1788814114.6650,1018064,V,577,507,12257
1788814114.6650,1018072,V,575,505,-1
1788814114.6650,1018080,V,576,506,-1
1788814114.6650,1018088,V,575,505,-1
1788814114.6650,1018096,V,577,507,-1
1788814114.6651,1018104,V,575,505,-1
1788814114.7147,1018117,V,575,505,12258
1788814114.7149,1018125,V,576,506,-1
1788814114.7149,1018133,V,577,507,-1
1788814114.7149,1018141,V,576,506,-1
1788814114.7149,1018149,V,575,505,-1
1788814114.7149,1018157,V,576,506,-1
1788814114.7626,1018171,V,576,506,12259
1788814114.7626,1018179,V,576,506,-1
1788814114.7626,1018187,V,576,506,-1
1788814114.7626,1018195,V,575,505,-1
1788814114.7626,1018203,V,576,506,-1
1788814114.7627,1018211,V,576,506,-1
1788814114.8123,1018225,V,576,506,12260
1788814114.8124,1018233,V,580,510,-1
1788814114.8124,1018241,V,575,505,-1
1788814114.8124,1018249,V,575,505,-1
1788814114.8124,1018257,V,576,506,-1
1788814114.8124,1018265,V,575,505,-1
1788814114.8602,1018278,V,575,505,12261
1788814114.8602,1018286,V,575,505,-1
1788814114.8603,1018294,V,576,506,-1
1788814114.8603,1018302,V,576,506,-1
1788814114.8603,1018310,V,576,506,-1
1788814114.8603,1018318,V,576,506,-1
1788814114.9089,1018332,V,581,511,12262
1788814114.9089,1018340,V,576,506,-1
1788814114.9089,1018348,V,576,506,-1
1788814114.9089,1018356,V,575,505,-1
1788814114.9089,1018364,V,575,505,-1
1788814114.9089,1018372,V,576,506,-1
1788814115.0064,1018386,V,576,506,12263
1788814115.0066,1018394,V,575,505,-1
1788814115.0066,1018402,V,575,505,-1
1788814115.0066,1018410,V,575,505,-1
1788814115.0066,1018418,V,575,505,-1
1788814115.0066,1018426,V,578,508,-1
1788814115.0555,1018440,V,576,506,12264
1788814115.0555,1018448,V,577,507,-1
1788814115.0556,1018456,V,576,506,-1
1788814115.0556,1018464,V,575,505,-1
1788814115.0556,1018472,V,575,505,-1
1788814115.0556,1018480,V,576,506,-1
1788814115.1047,1018493,V,577,507,12265
1788814115.1048,1018501,V,576,506,-1
1788814115.1048,1018509,V,576,506,-1
1788814115.1048,1018517,V,576,506,-1
1788814115.1048,1018525,V,577,507,-1
1788814115.1048,1018533,V,576,506,-1
1788814115.1526,1018547,V,577,507,12266
1788814115.1526,1018555,V,576,506,-1
1788814115.1526,1018563,V,576,506,-1
1788814115.1526,1018571,V,576,506,-1
1788814115.1526,1018579,V,575,505,-1
1788814115.1526,1018587,V,576,506,-1
1788814115.2013,1018601,V,576,506,12267
1788814115.2013,1018609,V,577,507,-1
1788814115.2013,1018617,V,576,506,-1
1788814115.2013,1018625,V,576,506,-1
1788814115.2013,1018633,V,576,506,-1
1788814115.2013,1018641,V,574,504,-1
1788814115.2512,1018654,V,576,506,12268
1788814115.2513,1018662,V,576,506,-1
1788814115.2514,1018670,V,580,510,-1
1788814115.2514,1018678,V,576,506,-1
1788814115.2514,1018686,V,577,507,-1
1788814115.2514,1018694,V,576,506,-1
1788814115.3002,1018708,V,576,506,12269
1788814115.3002,1018716,V,576,506,-1
1788814115.3002,1018724,V,576,506,-1
1788814115.3002,1018732,V,577,507,-1
1788814115.3002,1018740,V,575,505,-1
1788814115.3002,1018748,V,576,506,-1
1788814115.3491,1018761,V,575,505,12270
1788814115.3491,1018769,V,577,507,-1
1788814115.3491,1018777,V,575,505,-1
1788814115.3491,1018785,V,576,506,-1
1788814115.3491,1018793,V,575,505,-1
1788814115.3491,1018801,V,575,505,-1
1788814115.3972,1018815,V,575,505,12271
1788814115.3972,1018823,V,576,506,-1
1788814115.3972,1018831,V,576,506,-1
1788814115.3972,1018839,V,576,506,-1
1788814115.3972,1018847,V,575,505,-1
1788814115.3972,1018855,V,575,505,-1
1788814115.4459,1018869,V,582,512,12272
1788814115.4460,1018877,V,576,506,-1
1788814115.4460,1018885,V,576,506,-1
1788814115.4460,1018893,V,576,506,-1
1788814115.4460,1018901,V,576,506,-1
1788814115.4460,1018909,V,576,506,-1
1788814115.5424,1018923,V,575,505,12273
1788814115.5425,1018931,V,576,506,-1
1788814115.5425,1018939,V,577,507,-1
1788814115.5425,1018947,V,576,506,-1
1788814115.5425,1018955,V,576,506,-1
1788814115.5425,1018963,V,576,506,-1
1788814115.5913,1018976,V,576,506,12274
1788814115.5913,1018984,V,575,505,-1
1788814115.5913,1018992,V,577,507,-1
1788814115.5913,1019000,V,577,507,-1
1788814115.5913,1019008,V,577,507,-1
1788814115.5913,1019016,V,577,507,-1
1788814115.6400,1019030,V,576,506,12275
1788814115.6400,1019038,V,576,506,-1
1788814115.6400,1019046,V,576,506,-1
1788814115.6400,1019054,V,577,507,-1
1788814115.6400,1019062,V,575,505,-1
1788814115.6400,1019070,V,576,506,-1
1788814115.6883,1019083,V,577,507,12276
1788814115.6883,1019091,V,576,506,-1
1788814115.6883,1019099,V,576,506,-1
1788814115.6883,1019107,V,575,505,-1
1788814115.6884,1019115,V,576,506,-1
1788814115.6884,1019123,V,576,506,-1
1788814115.7376,1019137,V,576,506,12277
1788814115.7377,1019145,V,576,506,-1
1788814115.7377,1019153,V,576,506,-1
1788814115.7377,1019161,V,576,506,-1
1788814115.7377,1019169,V,576,506,-1
1788814115.7377,1019177,V,576,506,-1
1788814115.7864,1019191,V,575,505,12278
1788814115.7865,1019199,V,577,507,-1
1788814115.7865,1019207,V,581,511,-1
1788814115.7865,1019215,V,577,507,-1
1788814115.7865,1019223,V,576,506,-1
1788814115.7865,1019231,V,575,505,-1
1788814115.8354,1019244,V,576,506,12279
1788814115.8355,1019252,V,576,506,-1
1788814115.8355,1019260,V,576,506,-1
1788814115.8355,1019268,V,576,506,-1
1788814115.8355,1019276,V,576,506,-1
1788814115.8355,1019284,V,577,507,-1
1788814115.8839,1019298,V,576,506,12280
1788814115.8839,1019306,V,579,509,-1
1788814115.8839,1019314,V,575,505,-1
1788814115.8839,1019322,V,576,506,-1
1788814115.8839,1019330,V,575,505,-1
1788814115.8839,1019338,V,576,506,-1
1788814115.9327,1019351,V,576,506,12281
1788814115.9327,1019359,V,575,505,-1
1788814115.9327,1019367,V,576,506,-1
1788814115.9327,1019375,V,576,506,-1
1788814115.9327,1019383,V,576,506,-1
1788814115.9327,1019391,V,577,507,-1
1788814115.9819,1019405,V,584,513,12282
1788814115.9820,1019413,V,576,506,-1
1788814115.9820,1019421,V,577,507,-1
1788814115.9820,1019429,V,577,507,-1
1788814115.9820,1019437,V,576,506,-1
1788814115.9820,1019445,V,576,506,-1
1788814116.0790,1019459,V,576,506,12283
1788814116.0792,1019467,V,576,506,-1
1788814116.0792,1019475,V,576,506,-1
1788814116.0792,1019483,V,577,507,-1
1788814116.0792,1019491,V,576,506,-1
1788814116.0792,1019499,V,576,506,-1
1788814116.1280,1019513,V,576,506,12284
1788814116.1280,1019521,V,576,506,-1
1788814116.1280,1019529,V,575,505,-1
1788814116.1280,1019537,V,576,506,-1
1788814116.1280,1019545,V,576,506,-1
1788814116.1280,1019553,V,576,506,-1
1788814116.1765,1019566,V,576,506,12285
1788814116.1765,1019574,V,577,507,-1
1788814116.1765,1019582,V,575,505,-1
1788814116.1765,1019590,V,576,506,-1
1788814116.1766,1019598,V,576,506,-1
1788814116.1766,1019606,V,576,506,-1
1788814116.2253,1019620,V,576,506,12286
1788814116.2253,1019628,V,576,506,-1
1788814116.2253,1019636,V,576,506,-1
1788814116.2253,1019644,V,578,508,-1
1788814116.2253,1019652,V,576,506,-1
1788814116.2253,1019660,V,577,507,-1
1788814116.2754,1019673,V,576,506,12287
1788814116.2754,1019681,V,576,506,-1
1788814116.2754,1019689,V,577,507,-1
1788814116.2755,1019697,V,577,507,-1
1788814116.2755,1019705,V,576,506,-1
1788814116.2755,1019713,V,577,507,-1
1788814116.3225,1019727,V,576,506,12288
1788814116.3226,1019735,V,576,506,-1
1788814116.3226,1019743,V,579,509,-1
1788814116.3227,1019751,V,577,507,-1
1788814116.3227,1019759,V,576,506,-1
1788814116.3227,1019767,V,576,506,-1
1788814116.3715,1019781,V,576,506,12289
1788814116.3715,1019789,V,576,506,-1
1788814116.3715,1019797,V,575,505,-1
1788814116.3715,1019805,V,576,506,-1
1788814116.3715,1019813,V,576,506,-1
1788814116.3715,1019821,V,576,506,-1
1788814116.4202,1019834,V,576,506,12290
1788814116.4203,1019842,V,584,513,-1
1788814116.4203,1019850,V,576,506,-1
1788814116.4203,1019858,V,575,505,-1
1788814116.4203,1019866,V,575,505,-1
1788814116.4203,1019874,V,576,506,-1
1788814116.4691,1019888,V,577,507,12291
1788814116.4691,1019896,V,576,506,-1
1788814116.4691,1019904,V,576,506,-1
1788814116.4692,1019912,V,575,505,-1
1788814116.4692,1019920,V,575,505,-1
1788814116.4692,1019928,V,577,507,-1
1788814116.5192,1019942,V,577,507,12292
1788814116.5192,1019950,V,576,506,-1
1788814116.5192,1019958,V,576,506,-1
1788814116.5192,1019966,V,575,505,-1
1788814116.5193,1019974,V,575,505,-1
1788814116.5193,1019982,V,576,506,-1
1788814116.6164,1019995,V,577,507,12293
1788814116.6165,1020003,V,576,506,-1
1788814116.6165,1020011,V,576,506,-1
1788814116.6165,1020019,V,575,505,-1
1788814116.6165,1020027,V,576,506,-1
1788814116.6165,1020035,V,575,505,-1
1788814116.6641,1020049,V,576,506,12294
1788814116.6641,1020057,V,575,505,-1
1788814116.6641,1020065,V,576,506,-1
1788814116.6641,1020073,V,575,505,-1
1788814116.6641,1020081,V,576,506,-1
1788814116.6641,1020089,V,576,506,-1
1788814116.7127,1020103,V,575,505,12295
1788814116.7127,1020111,V,576,506,-1
1788814116.7127,1020119,V,576,506,-1
1788814116.7127,1020127,V,576,506,-1
1788814116.7127,1020135,V,576,506,-1
1788814116.7127,1020143,V,577,507,-1
1788814116.7614,1020156,V,575,505,12296
1788814116.7614,1020164,V,576,506,-1
1788814116.7614,1020172,V,576,506,-1
1788814116.7614,1020180,V,578,508,-1
1788814116.7614,1020188,V,576,506,-1
1788814116.7614,1020196,V,575,505,-1
1788814116.8100,1020210,V,576,506,12297
1788814116.8100,1020218,V,575,505,-1
1788814116.8100,1020226,V,576,506,-1
1788814116.8100,1020234,V,576,506,-1
1788814116.8100,1020242,V,576,506,-1
1788814116.8100,1020250,V,575,505,-1
1788814116.8584,1020264,V,576,506,12298
1788814116.8585,1020272,V,576,506,-1
1788814116.8585,1020280,V,578,508,-1
1788814116.8585,1020288,V,576,506,-1
1788814116.8585,1020296,V,576,506,-1
1788814116.8585,1020304,V,576,506,-1
1788814116.9077,1020317,V,577,507,12299
1788814116.9077,1020325,V,575,505,-1
1788814116.9077,1020333,V,575,505,-1
1788814116.9077,1020341,V,576,506,-1
1788814116.9077,1020349,V,575,505,-1
1788814116.9077,1020357,V,576,506,-1
1788814116.9563,1020371,V,576,506,12300
1788814116.9564,1020379,V,591,519,-1
1788814116.9564,1020387,V,577,507,-1
1788814116.9564,1020395,V,576,506,-1
1788814116.9564,1020403,V,576,506,-1
1788814116.9564,1020411,V,574,504,-1
1788814117.0053,1020425,V,576,506,12301
1788814117.0053,1020433,V,574,504,-1
1788814117.0053,1020441,V,575,505,-1
1788814117.0053,1020449,V,576,506,-1
1788814117.0053,1020457,V,575,505,-1
1788814117.0053,1020465,V,576,506,-1
1788814117.0540,1020478,V,576,506,12302
1788814117.0540,1020486,V,577,507,-1
1788814117.0540,1020494,V,576,506,-1
1788814117.0540,1020502,V,577,507,-1
1788814117.0540,1020510,V,577,507,-1
1788814117.0540,1020518,V,578,508,-1
1788814117.1513,1020532,V,577,507,12303
1788814117.1514,1020540,V,576,506,-1
1788814117.1514,1020548,V,576,506,-1
1788814117.1514,1020556,V,576,506,-1
1788814117.1515,1020564,V,575,505,-1
1788814117.1515,1020572,V,577,507,-1
1788814117.2004,1020586,V,577,507,12304
1788814117.2005,1020594,V,577,507,-1
1788814117.2005,1020602,V,577,507,-1
1788814117.2005,1020610,V,577,507,-1
1788814117.2005,1020618,V,576,506,-1
1788814117.2005,1020626,V,575,505,-1
1788814117.2490,1020639,V,576,506,12305
1788814117.2490,1020647,V,576,506,-1
1788814117.2491,1020655,V,575,505,-1
1788814117.2491,1020663,V,577,507,-1
1788814117.2491,1020671,V,576,506,-1
1788814117.2491,1020679,V,575,505,-1
1788814117.2976,1020693,V,576,506,12306
1788814117.2977,1020701,V,576,506,-1
1788814117.2977,1020709,V,577,507,-1
1788814117.2977,1020717,V,580,510,-1
1788814117.2977,1020725,V,576,506,-1
1788814117.2977,1020733,V,576,506,-1
1788814117.3464,1020746,V,576,506,12307
1788814117.3465,1020754,V,576,506,-1
1788814117.3465,1020762,V,577,507,-1
1788814117.3465,1020770,V,577,507,-1
1788814117.3465,1020778,V,575,505,-1
1788814117.3465,1020786,V,576,506,-1
1788814117.3950,1020800,V,577,507,12308
1788814117.3951,1020808,V,576,506,-1
1788814117.3951,1020816,V,579,509,-1
1788814117.3951,1020824,V,576,506,-1
1788814117.3951,1020832,V,577,507,-1
1788814117.3951,1020840,V,576,506,-1
1788814117.4444,1020854,V,576,506,12309
1788814117.4444,1020862,V,575,505,-1
1788814117.4444,1020870,V,576,506,-1
1788814117.4444,1020878,V,577,507,-1
1788814117.4444,1020886,V,576,506,-1
1788814117.4444,1020894,V,576,506,-1
1788814117.4924,1020908,V,576,506,12310
1788814117.4924,1020916,V,577,507,-1
1788814117.4924,1020924,V,576,506,-1
1788814117.4924,1020932,V,576,506,-1
1788814117.4924,1020940,V,576,506,-1
1788814117.4924,1020948,V,576,506,-1
1788814117.5426,1020961,V,577,507,12311
1788814117.5427,1020969,V,577,507,-1
1788814117.5427,1020977,V,576,506,-1
1788814117.5427,1020985,V,575,505,-1
1788814117.5427,1020993,V,577,507,-1
1788814117.5427,1021001,V,575,505,-1
1788814117.5898,1021015,V,576,506,12312
1788814117.5899,1021023,V,576,506,-1
1788814117.5899,1021031,V,575,505,-1
1788814117.5899,1021039,V,576,506,-1
1788814117.5899,1021047,V,576,506,-1
1788814117.5899,1021055,V,576,506,-1
1788814117.6879,1021069,V,576,506,12313
1788814117.6880,1021077,V,576,506,-1
1788814117.6880,1021085,V,575,505,-1
1788814117.6880,1021093,V,575,505,-1
1788814117.6880,1021101,V,576,506,-1
1788814117.6881,1021109,V,576,506,-1
1788814117.7368,1021122,V,576,506,12314
1788814117.7368,1021130,V,575,505,-1
1788814117.7368,1021138,V,574,504,-1
1788814117.7368,1021146,V,576,506,-1
1788814117.7368,1021154,V,577,507,-1
1788814117.7368,1021162,V,575,505,-1
1788814117.7849,1021176,V,576,506,12315
1788814117.7849,1021184,V,576,506,-1
1788814117.7849,1021192,V,576,506,-1
1788814117.7849,1021200,V,576,506,-1
1788814117.7850,1021208,V,577,507,-1
1788814117.7850,1021216,V,576,506,-1
1788814117.8339,1021229,V,575,505,12316
1788814117.8339,1021237,V,575,505,-1
1788814117.8339,1021245,V,576,506,-1
1788814117.8339,1021253,V,579,509,-1
1788814117.8339,1021261,V,576,506,-1
1788814117.8339,1021269,V,577,507,-1
1788814117.8826,1021283,V,576,506,12317
1788814117.8826,1021291,V,577,507,-1
1788814117.8826,1021299,V,577,507,-1
1788814117.8826,1021307,V,576,506,-1
1788814117.8826,1021315,V,575,505,-1
1788814117.8826,1021323,V,575,505,-1
1788814117.9312,1021337,V,575,505,12318
1788814117.9313,1021345,V,575,505,-1
1788814117.9313,1021353,V,586,515,-1
1788814117.9313,1021361,V,576,506,-1
1788814117.9313,1021369,V,576,506,-1
1788814117.9313,1021377,V,575,505,-1
1788814117.9801,1021390,V,575,505,12319
1788814117.9802,1021398,V,576,506,-1
1788814117.9802,1021406,V,575,505,-1
1788814117.9802,1021414,V,577,507,-1
1788814117.9802,1021422,V,577,507,-1
1788814117.9802,1021430,V,575,505,-1
1788814118.0290,1021444,V,576,506,12320
1788814118.0290,1021452,V,575,505,-1
1788814118.0290,1021460,V,575,505,-1
1788814118.0290,1021468,V,575,505,-1
1788814118.0290,1021476,V,575,505,-1
1788814118.0291,1021484,V,576,506,-1
1788814118.0774,1021498,V,576,506,12321
1788814118.0774,1021506,V,576,506,-1
1788814118.0774,1021514,V,576,506,-1
1788814118.0774,1021522,V,575,505,-1
1788814118.0774,1021530,V,575,505,-1
1788814118.0774,1021538,V,575,505,-1
1788814118.1267,1021551,V,575,505,12322
1788814118.1267,1021559,V,575,505,-1
1788814118.1268,1021567,V,575,505,-1
1788814118.1268,1021575,V,576,506,-1
1788814118.1268,1021583,V,576,506,-1
1788814118.1268,1021591,V,576,506,-1
1788814118.2239,1021605,V,575,505,12323
1788814118.2240,1021613,V,575,505,-1
1788814118.2240,1021621,V,576,506,-1
1788814118.2240,1021629,V,576,506,-1
1788814118.2240,1021637,V,576,506,-1
1788814118.2240,1021645,V,575,505,-1
1788814118.3222,1021659,V,576,506,12324
1788814118.3222,1021667,V,575,505,-1
1788814118.3223,1021675,V,576,506,-1
1788814118.3223,1021683,V,575,505,-1
1788814118.3223,1021691,V,581,511,-1
1788814118.3223,1021699,V,576,506,-1
1788814118.3233,1021712,V,575,505,12325
1788814118.3233,1021720,V,575,505,-1
1788814118.3233,1021728,V,575,505,-1
1788814118.3233,1021736,V,576,506,-1
1788814118.3233,1021744,V,576,506,-1
1788814118.3233,1021752,V,575,505,-1
1788814118.3700,1021766,V,576,506,12326
1788814118.3700,1021774,V,575,505,-1
1788814118.3700,1021782,V,576,506,-1
1788814118.3700,1021790,V,577,507,-1
1788814118.3700,1021798,V,575,505,-1
1788814118.3700,1021806,V,575,505,-1
1788814118.4189,1021820,V,576,506,12327
1788814118.4189,1021828,V,575,505,-1
1788814118.4189,1021836,V,575,505,-1
1788814118.4189,1021844,V,576,506,-1
1788814118.4189,1021852,V,576,506,-1
1788814118.4189,1021860,V,576,506,-1
1788814118.4676,1021873,V,576,506,12328
1788814118.4676,1021881,V,575,505,-1
1788814118.4676,1021889,V,590,519,-1
1788814118.4676,1021897,V,574,504,-1
1788814118.4676,1021905,V,575,505,-1
1788814118.4676,1021913,V,576,506,-1
1788814118.5163,1021927,V,575,505,12329
1788814118.5163,1021935,V,575,505,-1
1788814118.5163,1021943,V,576,506,-1
1788814118.5163,1021951,V,575,505,-1
1788814118.5163,1021959,V,575,505,-1
1788814118.5163,1021967,V,574,504,-1
1788814118.5672,1021981,V,575,505,12330
1788814118.5672,1021989,V,574,504,-1
1788814118.5672,1021997,V,575,505,-1
1788814118.5672,1022005,V,575,505,-1
1788814118.5672,1022013,V,576,506,-1
1788814118.5672,1022021,V,574,504,-1
1788814118.6139,1022034,V,575,505,12331
1788814118.6139,1022042,V,576,506,-1
1788814118.6139,1022050,V,575,505,-1
1788814118.6139,1022058,V,575,505,-1
1788814118.6139,1022066,V,576,506,-1
1788814118.6139,1022074,V,576,506,-1
1788814118.6625,1022088,V,576,506,12332
1788814118.6625,1022096,V,576,506,-1
1788814118.6625,1022104,V,575,505,-1
1788814118.6625,1022112,V,576,506,-1
1788814118.6625,1022120,V,575,505,-1
1788814118.6625,1022128,V,575,505,-1
1788814118.7604,1022142,V,576,506,12333
1788814118.7606,1022150,V,576,506,-1
1788814118.7606,1022158,V,575,505,-1
1788814118.7606,1022166,V,576,506,-1
1788814118.7606,1022174,V,576,506,-1
1788814118.7606,1022182,V,575,505,-1
1788814118.8090,1022195,V,576,506,12334
1788814118.8090,1022203,V,576,506,-1
1788814118.8090,1022211,V,576,506,-1
1788814118.8090,1022219,V,577,507,-1
1788814118.8091,1022227,V,580,510,-1
1788814118.8091,1022235,V,576,506,-1
1788814118.8575,1022249,V,575,505,12335
1788814118.8575,1022257,V,576,506,-1
1788814118.8575,1022265,V,576,506,-1
1788814118.8575,1022273,V,574,504,-1
1788814118.8575,1022281,V,576,506,-1
1788814118.8575,1022289,V,575,505,-1
1788814118.9064,1022302,V,575,505,12336
1788814118.9064,1022310,V,574,504,-1
1788814118.9064,1022318,V,575,505,-1
1788814118.9064,1022326,V,578,508,-1
1788814118.9065,1022334,V,575,505,-1
1788814118.9065,1022342,V,575,505,-1
1788814118.9551,1022356,V,574,504,12337
1788814118.9552,1022364,V,575,505,-1
1788814118.9552,1022372,V,575,505,-1
1788814118.9552,1022380,V,576,506,-1
1788814118.9552,1022388,V,576,506,-1
1788814118.9552,1022396,V,576,506,-1
1788814119.0526,1022410,V,575,505,12338
1788814119.0526,1022418,V,576,506,-1
1788814119.0527,1022426,V,577,507,-1
1788814119.0527,1022434,V,576,506,-1
1788814119.0527,1022442,V,577,507,-1
1788814119.0527,1022450,V,576,506,-1
1788814119.0539,1022464,V,576,506,12339
1788814119.0539,1022472,V,576,506,-1
1788814119.0539,1022480,V,575,505,-1
1788814119.0539,1022488,V,576,506,-1
1788814119.0539,1022496,V,575,505,-1
1788814119.0539,1022504,V,576,506,-1
1788814119.1014,1022517,V,575,505,12340
1788814119.1014,1022525,V,577,507,-1
1788814119.1014,1022533,V,576,506,-1
1788814119.1014,1022541,V,575,505,-1
1788814119.1014,1022549,V,576,506,-1
1788814119.1014,1022557,V,576,506,-1
1788814119.1508,1022571,V,576,506,12341
1788814119.1508,1022579,V,576,506,-1
1788814119.1508,1022587,V,577,507,-1
1788814119.1508,1022595,V,575,505,-1
1788814119.1509,1022603,V,575,505,-1
1788814119.1509,1022611,V,576,506,-1
1788814119.1994,1022625,V,576,506,12342
1788814119.1994,1022633,V,576,506,-1
1788814119.1994,1022641,V,576,506,-1
1788814119.1994,1022649,V,575,505,-1
1788814119.1994,1022657,V,575,505,-1
1788814119.1994,1022665,V,578,508,-1
1788814119.2977,1022678,V,576,506,12343
1788814119.2978,1022686,V,576,506,-1
1788814119.2979,1022694,V,576,506,-1
1788814119.2979,1022702,V,576,506,-1
1788814119.2979,1022710,V,576,506,-1
1788814119.2979,1022718,V,576,506,-1
1788814119.3456,1022732,V,576,506,12344
1788814119.3456,1022740,V,574,504,-1
1788814119.3456,1022748,V,576,506,-1
1788814119.3456,1022756,V,575,505,-1
1788814119.3456,1022764,V,578,508,-1
1788814119.3456,1022772,V,575,505,-1
1788814119.3941,1022785,V,575,505,12345
1788814119.3941,1022793,V,576,506,-1
1788814119.3941,1022801,V,576,506,-1
1788814119.3941,1022809,V,576,506,-1
1788814119.3941,1022817,V,576,506,-1
1788814119.3941,1022825,V,576,506,-1
1788814119.4426,1022839,V,576,506,12346
1788814119.4426,1022847,V,575,505,-1
1788814119.4426,1022855,V,576,506,-1
1788814119.4426,1022863,V,589,518,-1
1788814119.4426,1022871,V,575,505,-1
1788814119.4426,1022879,V,575,505,-1
1788814119.4913,1022893,V,576,506,12347
1788814119.4913,1022901,V,575,505,-1
1788814119.4913,1022909,V,576,506,-1
1788814119.4913,1022917,V,576,506,-1
1788814119.4913,1022925,V,577,507,-1
1788814119.4913,1022933,V,576,506,-1
1788814119.5401,1022946,V,576,506,12348
1788814119.5402,1022954,V,577,507,-1
1788814119.5402,1022962,V,577,507,-1
1788814119.5403,1022970,V,577,507,-1
1788814119.5403,1022978,V,575,505,-1
1788814119.5403,1022986,V,576,506,-1
1788814119.5887,1023000,V,575,505,12349
1788814119.5887,1023008,V,576,506,-1
1788814119.5887,1023016,V,576,506,-1
1788814119.5887,1023024,V,576,506,-1
1788814119.5887,1023032,V,576,506,-1
1788814119.5887,1023040,V,576,506,-1
1788814119.6386,1023054,V,575,505,12350
1788814119.6386,1023062,V,575,505,-1
1788814119.6386,1023070,V,577,507,-1
1788814119.6386,1023078,V,575,505,-1
1788814119.6387,1023086,V,576,506,-1
1788814119.6387,1023094,V,576,506,-1
1788814119.6873,1023107,V,576,506,12351
1788814119.6873,1023115,V,575,505,-1
1788814119.6873,1023123,V,575,505,-1
1788814119.6873,1023131,V,575,505,-1
1788814119.6874,1023139,V,577,507,-1
1788814119.6874,1023147,V,576,506,-1
1788814119.7350,1023161,V,576,506,12352
1788814119.7350,1023169,V,576,506,-1
1788814119.7350,1023177,V,576,506,-1
1788814119.7350,1023185,V,576,506,-1
1788814119.7351,1023193,V,576,506,-1
1788814119.7351,1023201,V,579,509,-1
1788814119.8331,1023215,V,576,506,12353
1788814119.8332,1023223,V,575,505,-1
1788814119.8332,1023231,V,576,506,-1
1788814119.8332,1023239,V,575,505,-1
1788814119.8332,1023247,V,577,507,-1
1788814119.8333,1023255,V,576,506,-1
1788814119.8816,1023268,V,577,507,12354
1788814119.8816,1023276,V,576,506,-1
1788814119.8816,1023284,V,576,506,-1
1788814119.8816,1023292,V,576,506,-1
1788814119.8816,1023300,V,577,507,-1
1788814119.8816,1023308,V,575,505,-1
1788814119.9303,1023322,V,576,506,12355
1788814119.9303,1023330,V,575,505,-1
1788814119.9303,1023338,V,576,506,-1
1788814119.9303,1023346,V,574,504,-1
1788814119.9303,1023354,V,575,505,-1
1788814119.9303,1023362,V,575,505,-1
1788814119.9790,1023376,V,576,506,12356
1788814119.9790,1023384,V,576,506,-1
1788814119.9790,1023392,V,577,507,-1
1788814119.9790,1023400,V,592,520,-1
1788814119.9790,1023408,V,576,506,-1
1788814119.9790,1023416,V,575,505,-1
1788814120.0276,1023429,V,575,505,12357
1788814120.0276,1023437,V,576,506,-1
1788814120.0276,1023445,V,575,505,-1
1788814120.0276,1023453,V,575,505,-1
1788814120.0276,1023461,V,575,505,-1
1788814120.0276,1023469,V,575,505,-1
1788814120.0765,1023483,V,576,506,12358
1788814120.0766,1023491,V,575,505,-1
1788814120.0766,1023499,V,575,505,-1
1788814120.0766,1023507,V,576,506,-1
1788814120.0766,1023515,V,575,505,-1
1788814120.0766,1023523,V,577,507,-1
1788814120.1255,1023536,V,575,505,12359
1788814120.1256,1023544,V,575,505,-1
1788814120.1256,1023552,V,575,505,-1
1788814120.1256,1023560,V,576,506,-1
1788814120.1256,1023568,V,575,505,-1
1788814120.1256,1023576,V,575,505,-1
1788814120.1736,1023590,V,576,506,12360
1788814120.1736,1023598,V,575,505,-1
1788814120.1736,1023606,V,576,506,-1
1788814120.1736,1023614,V,576,506,-1
1788814120.1736,1023622,V,575,505,-1
1788814120.1737,1023630,V,574,504,-1
1788814120.2227,1023644,V,576,506,12361
1788814120.2227,1023652,V,575,505,-1
1788814120.2227,1023660,V,576,506,-1
1788814120.2227,1023668,V,575,505,-1
1788814120.2227,1023676,V,576,506,-1
1788814120.2227,1023684,V,576,506,-1
1788814120.3202,1023697,V,575,505,12362
1788814120.3204,1023705,V,576,506,-1
1788814120.3204,1023713,V,576,506,-1
1788814120.3204,1023721,V,576,506,-1
1788814120.3204,1023729,V,576,506,-1
1788814120.3204,1023737,V,580,510,-1
1788814120.4666,1023751,V,577,507,12363
1788814120.4666,1023759,V,576,506,-1
1788814120.4666,1023767,V,577,507,-1
1788814120.4666,1023775,V,576,506,-1
1788814120.4666,1023783,V,577,507,-1
1788814120.4667,1023791,V,576,506,-1
1788814120.4684,1023805,V,575,505,12364
1788814120.4684,1023813,V,577,507,-1
1788814120.4684,1023821,V,577,507,-1
1788814120.4684,1023829,V,576,506,-1
1788814120.4684,1023837,V,578,508,-1
1788814120.4684,1023845,V,577,507,-1
1788814120.4687,1023858,V,575,505,12365
1788814120.4687,1023866,V,576,506,-1
1788814120.4687,1023874,V,577,507,-1
1788814120.4687,1023882,V,576,506,-1
1788814120.4688,1023890,V,576,506,-1
1788814120.4688,1023898,V,576,506,-1
1788814120.5159,1023912,V,576,506,12366
1788814120.5159,1023920,V,577,507,-1
1788814120.5159,1023928,V,575,505,-1
1788814120.5159,1023936,V,593,521,-1
1788814120.5159,1023944,V,575,505,-1
1788814120.5159,1023952,V,576,506,-1
1788814120.5665,1023966,V,577,507,12367
1788814120.5665,1023974,V,576,506,-1
1788814120.5666,1023982,V,576,506,-1
1788814120.5666,1023990,V,575,505,-1
1788814120.5666,1023998,V,577,507,-1
1788814120.5666,1024006,V,576,506,-1
1788814120.6134,1024020,V,577,507,12368
1788814120.6134,1024028,V,578,508,-1
1788814120.6134,1024036,V,578,508,-1
1788814120.6134,1024044,V,578,508,-1
1788814120.6134,1024052,V,577,507,-1
1788814120.6134,1024060,V,576,506,-1
1788814120.6621,1024073,V,576,506,12369
1788814120.6621,1024081,V,575,505,-1
1788814120.6621,1024089,V,576,506,-1
1788814120.6621,1024097,V,575,505,-1
1788814120.6621,1024105,V,576,506,-1
1788814120.6621,1024113,V,574,504,-1
1788814120.7111,1024127,V,576,506,12370
1788814120.7111,1024135,V,575,505,-1
1788814120.7112,1024143,V,578,508,-1
1788814120.7112,1024151,V,577,507,-1
1788814120.7112,1024159,V,577,507,-1
1788814120.7112,1024167,V,576,506,-1
1788814120.7595,1024181,V,580,510,12371
1788814120.7595,1024189,V,576,506,-1
1788814120.7595,1024197,V,576,506,-1
1788814120.7595,1024205,V,576,506,-1
1788814120.7595,1024213,V,575,505,-1
1788814120.7595,1024221,V,576,506,-1
1788814120.8565,1024234,V,576,506,12372
1788814120.8567,1024242,V,576,506,-1
1788814120.8567,1024250,V,576,506,-1
1788814120.8567,1024258,V,576,506,-1
1788814120.8567,1024266,V,576,506,-1
1788814120.8567,1024274,V,577,507,-1
1788814120.9543,1024288,V,575,505,12373
1788814120.9543,1024296,V,575,505,-1
1788814120.9543,1024304,V,576,506,-1
1788814120.9543,1024312,V,576,506,-1
1788814120.9543,1024320,V,574,504,-1
1788814120.9543,1024328,V,576,506,-1
1788814120.9553,1024342,V,575,505,12374
1788814120.9553,1024350,V,575,505,-1
1788814120.9553,1024358,V,576,506,-1
1788814120.9553,1024366,V,575,505,-1
1788814120.9553,1024374,V,576,506,-1
1788814120.9553,1024382,V,575,505,-1
1788814121.0026,1024396,V,575,505,12375
1788814121.0026,1024404,V,575,505,-1
1788814121.0026,1024412,V,575,505,-1
1788814121.0026,1024420,V,577,507,-1
1788814121.0026,1024428,V,575,505,-1
1788814121.0026,1024436,V,575,505,-1
1788814121.0515,1024449,V,575,505,12376
1788814121.0515,1024457,V,576,506,-1
1788814121.0515,1024465,V,576,506,-1
1788814121.0515,1024473,V,576,506,-1
1788814121.0517,1024481,V,575,505,-1
1788814121.0517,1024489,V,576,506,-1
1788814121.1001,1024503,V,574,504,12377
1788814121.1002,1024511,V,576,506,-1
1788814121.1003,1024519,V,575,505,-1
1788814121.1003,1024527,V,577,507,-1
1788814121.1003,1024535,V,575,505,-1
1788814121.1003,1024543,V,576,506,-1
1788814121.1492,1024557,V,575,505,12378
1788814121.1492,1024565,V,577,507,-1
1788814121.1492,1024573,V,576,506,-1
1788814121.1492,1024581,V,576,506,-1
1788814121.1492,1024589,V,576,506,-1
1788814121.1492,1024597,V,577,507,-1
1788814121.1977,1024610,V,575,505,12379
1788814121.1977,1024618,V,581,511,-1
1788814121.1977,1024626,V,576,506,-1
1788814121.1977,1024634,V,577,507,-1
1788814121.1977,1024642,V,575,505,-1
1788814121.1977,1024650,V,576,506,-1
1788814121.2464,1024664,V,576,506,12380
1788814121.2464,1024672,V,575,505,-1
1788814121.2464,1024680,V,577,507,-1
1788814121.2464,1024688,V,577,507,-1
1788814121.2464,1024696,V,576,506,-1
1788814121.2464,1024704,V,575,505,-1
1788814121.2952,1024718,V,580,510,12381
1788814121.2952,1024726,V,575,505,-1
1788814121.2952,1024734,V,577,507,-1
1788814121.2952,1024742,V,576,506,-1
1788814121.2952,1024750,V,575,505,-1
1788814121.2952,1024758,V,577,507,-1
1788814121.3923,1024772,V,575,505,12382
1788814121.3924,1024780,V,576,506,-1
1788814121.3924,1024788,V,576,506,-1
1788814121.3924,1024796,V,576,506,-1
1788814121.3924,1024804,V,575,505,-1
1788814121.3924,1024812,V,579,509,-1
1788814121.4414,1024826,V,576,506,12383
1788814121.4415,1024834,V,576,506,-1
1788814121.4415,1024842,V,576,506,-1
1788814121.4415,1024850,V,577,507,-1
1788814121.4415,1024858,V,576,506,-1
1788814121.4415,1024866,V,576,506,-1
1788814121.4900,1024879,V,576,506,12384
1788814121.4901,1024887,V,577,507,-1
1788814121.4901,1024895,V,577,507,-1
1788814121.4901,1024903,V,577,507,-1
1788814121.4901,1024911,V,576,506,-1
1788814121.4901,1024919,V,576,506,-1
1788814121.5389,1024933,V,576,506,12385
1788814121.5389,1024941,V,575,505,-1
1788814121.5389,1024949,V,577,507,-1
1788814121.5390,1024957,V,577,507,-1
1788814121.5390,1024965,V,576,506,-1
1788814121.5390,1024973,V,576,506,-1
1788814121.5877,1024987,V,576,506,12386
1788814121.5877,1024995,V,576,506,-1
1788814121.5877,1025003,V,575,505,-1
1788814121.5878,1025011,V,575,505,-1
1788814121.5878,1025019,V,576,506,-1
1788814121.5878,1025027,V,575,505,-1
1788814121.6859,1025040,V,577,507,12387
1788814121.6860,1025048,V,576,506,-1
1788814121.6860,1025056,V,580,510,-1
1788814121.6860,1025064,V,574,504,-1
1788814121.6860,1025072,V,576,506,-1
1788814121.6861,1025080,V,576,506,-1
1788814121.6869,1025094,V,575,505,12388
1788814121.6869,1025102,V,575,505,-1
1788814121.6869,1025110,V,576,506,-1
1788814121.6869,1025118,V,575,505,-1
1788814121.6869,1025126,V,575,505,-1
1788814121.6869,1025134,V,576,506,-1
1788814121.7352,1025148,V,575,505,12389
1788814121.7352,1025156,V,580,510,-1
1788814121.7352,1025164,V,576,506,-1
1788814121.7352,1025172,V,576,506,-1
1788814121.7353,1025180,V,577,507,-1
1788814121.7353,1025188,V,576,506,-1
1788814121.7838,1025202,V,575,505,12390
1788814121.7838,1025210,V,575,505,-1
1788814121.7838,1025218,V,576,506,-1
1788814121.7839,1025226,V,575,505,-1
1788814121.7839,1025234,V,576,506,-1
1788814121.7839,1025242,V,576,506,-1
1788814121.8314,1025255,V,576,506,12391
1788814121.8314,1025263,V,575,505,-1
1788814121.8314,1025271,V,575,505,-1
1788814121.8314,1025279,V,576,506,-1
1788814121.8314,1025287,V,576,506,-1
1788814121.8314,1025295,V,576,506,-1
1788814121.9299,1025309,V,576,506,12392
1788814121.9300,1025317,V,576,506,-1
1788814121.9300,1025325,V,575,505,-1
1788814121.9300,1025333,V,575,505,-1
1788814121.9300,1025341,V,576,506,-1
1788814121.9300,1025349,V,576,506,-1
1788814121.9777,1025363,V,575,505,12393
1788814121.9777,1025371,V,576,506,-1
1788814121.9778,1025379,V,576,506,-1
1788814121.9778,1025387,V,576,506,-1
1788814121.9778,1025395,V,576,506,-1
1788814121.9778,1025403,V,577,507,-1
1788814122.0264,1025416,V,577,507,12394
1788814122.0264,1025424,V,576,506,-1
1788814122.0264,1025432,V,576,506,-1
1788814122.0264,1025440,V,577,507,-1
1788814122.0264,1025448,V,575,505,-1
1788814122.0264,1025456,V,576,506,-1
1788814122.1239,1025470,V,575,505,12395
1788814122.1239,1025478,V,577,507,-1
1788814122.1239,1025486,V,577,507,-1
1788814122.1239,1025494,V,579,509,-1
1788814122.1239,1025502,V,575,505,-1
1788814122.1239,1025510,V,574,504,-1
1788814122.1252,1025524,V,575,505,12396
1788814122.1252,1025532,V,575,505,-1
1788814122.1252,1025540,V,575,505,-1
1788814122.1252,1025548,V,575,505,-1
1788814122.1252,1025556,V,575,505,-1
1788814122.1252,1025564,V,575,505,-1
1788814122.1724,1025577,V,575,505,12397
1788814122.1726,1025585,V,575,505,-1
1788814122.1726,1025593,V,577,507,-1
1788814122.1726,1025601,V,577,507,-1
1788814122.1726,1025609,V,576,506,-1
1788814122.1726,1025617,V,575,505,-1
1788814122.2217,1025631,V,576,506,12398
1788814122.2217,1025639,V,575,505,-1
1788814122.2217,1025647,V,576,506,-1
1788814122.2217,1025655,V,575,505,-1
1788814122.2218,1025663,V,575,505,-1
1788814122.2218,1025671,V,575,505,-1
1788814122.2700,1025685,V,575,505,12399
1788814122.2700,1025693,V,590,519,-1
1788814122.2700,1025701,V,576,506,-1
1788814122.2700,1025709,V,575,505,-1
1788814122.2700,1025717,V,575,505,-1
1788814122.2700,1025725,V,575,505,-1
1788814122.3190,1025738,V,576,506,12400
1788814122.3190,1025746,V,574,504,-1
1788814122.3190,1025754,V,576,506,-1
1788814122.3190,1025762,V,575,505,-1
1788814122.3190,1025770,V,575,505,-1
1788814122.3190,1025778,V,576,506,-1
1788814122.4164,1025792,V,575,505,12401
1788814122.4165,1025800,V,577,507,-1
1788814122.4165,1025808,V,575,505,-1
1788814122.4165,1025816,V,575,505,-1
1788814122.4166,1025824,V,576,506,-1
1788814122.4166,1025832,V,576,506,-1
1788814122.4665,1025846,V,576,506,12402
1788814122.4665,1025854,V,577,507,-1
1788814122.4665,1025862,V,575,505,-1
1788814122.4665,1025870,V,575,505,-1
1788814122.4665,1025878,V,575,505,-1
1788814122.4665,1025886,V,576,506,-1
1788814122.5140,1025899,V,576,506,12403
1788814122.5140,1025907,V,576,506,-1
1788814122.5140,1025915,V,576,506,-1
1788814122.5141,1025923,V,576,506,-1
1788814122.5141,1025931,V,577,507,-1
1788814122.5141,1025939,V,577,507,-1
1788814122.5651,1025953,V,575,505,12404
1788814122.5651,1025961,V,576,506,-1
1788814122.5651,1025969,V,577,507,-1
1788814122.5651,1025977,V,576,506,-1
1788814122.5652,1025985,V,576,506,-1
1788814122.5652,1025993,V,577,507,-1
1788814122.6143,1026007,V,577,507,12405
1788814122.6143,1026015,V,577,507,-1
1788814122.6143,1026023,V,577,507,-1
1788814122.6143,1026031,V,579,509,-1
1788814122.6144,1026039,V,576,506,-1
1788814122.6144,1026047,V,577,507,-1
1788814122.6600,1026060,V,576,506,12406
1788814122.6601,1026068,V,576,506,-1
1788814122.6601,1026076,V,575,505,-1
1788814122.6602,1026084,V,576,506,-1
1788814122.6602,1026092,V,576,506,-1
1788814122.6602,1026100,V,575,505,-1
1788814122.7094,1026114,V,576,506,12407
1788814122.7094,1026122,V,576,506,-1
1788814122.7094,1026130,V,585,514,-1
1788814122.7094,1026138,V,575,505,-1
1788814122.7094,1026146,V,576,506,-1
1788814122.7094,1026154,V,575,505,-1
1788814122.7576,1026168,V,576,506,12408
1788814122.7576,1026176,V,576,506,-1
1788814122.7576,1026184,V,575,505,-1
1788814122.7576,1026192,V,575,505,-1
1788814122.7576,1026200,V,576,506,-1
1788814122.7577,1026208,V,576,506,-1
1788814122.8064,1026221,V,576,506,12409
1788814122.8064,1026229,V,576,506,-1
1788814122.8064,1026237,V,576,506,-1
1788814122.8064,1026245,V,576,506,-1
1788814122.8064,1026253,V,576,506,-1
1788814122.8064,1026261,V,575,505,-1
1788814122.8552,1026275,V,578,508,12410
1788814122.8552,1026283,V,577,507,-1
1788814122.8552,1026291,V,577,507,-1
1788814122.8552,1026299,V,576,506,-1
1788814122.8552,1026307,V,576,506,-1
1788814122.8552,1026315,V,575,505,-1
1788814122.9038,1026329,V,577,507,12411
1788814122.9039,1026337,V,576,506,-1
1788814122.9039,1026345,V,577,507,-1
1788814122.9039,1026353,V,575,505,-1
1788814122.9039,1026361,V,576,506,-1
1788814122.9039,1026369,V,577,507,-1
1788814123.0019,1026382,V,576,506,12412
1788814123.0019,1026390,V,575,505,-1
1788814123.0019,1026398,V,576,506,-1
1788814123.0019,1026406,V,575,505,-1
1788814123.0019,1026414,V,575,505,-1
1788814123.0019,1026422,V,576,506,-1
1788814123.0503,1026436,V,575,505,12413
1788814123.0503,1026444,V,576,506,-1
1788814123.0503,1026452,V,577,507,-1
1788814123.0503,1026460,V,576,506,-1
1788814123.0503,1026468,V,580,510,-1
1788814123.0503,1026476,V,576,506,-1
1788814123.0990,1026490,V,577,507,12414
1788814123.0991,1026498,V,574,504,-1
1788814123.0991,1026506,V,575,505,-1
1788814123.0991,1026514,V,575,505,-1
1788814123.0991,1026522,V,575,505,-1
1788814123.0991,1026530,V,575,505,-1
1788814123.1479,1026543,V,576,506,12415
1788814123.1481,1026551,V,576,506,-1
1788814123.1481,1026559,V,576,506,-1
1788814123.1481,1026567,V,579,509,-1
1788814123.1481,1026575,V,575,505,-1
1788814123.1481,1026583,V,576,506,-1
1788814123.1963,1026597,V,575,505,12416
1788814123.1963,1026605,V,575,505,-1
1788814123.1963,1026613,V,575,505,-1
1788814123.1963,1026621,V,576,506,-1
1788814123.1963,1026629,V,575,505,-1
1788814123.1964,1026637,V,576,506,-1
1788814123.2453,1026651,V,575,505,12417
1788814123.2453,1026659,V,576,506,-1
1788814123.2453,1026667,V,583,512,-1
1788814123.2453,1026675,V,576,506,-1
1788814123.2453,1026683,V,577,507,-1
1788814123.2453,1026691,V,576,506,-1
1788814123.2939,1026705,V,576,506,12418
1788814123.2939,1026713,V,575,505,-1
1788814123.2939,1026721,V,576,506,-1
1788814123.2939,1026729,V,575,505,-1
1788814123.2940,1026737,V,575,505,-1
1788814123.2940,1026745,V,575,505,-1
1788814123.3427,1026758,V,576,506,12419
1788814123.3427,1026766,V,576,506,-1
1788814123.3427,1026774,V,575,505,-1
1788814123.3427,1026782,V,574,504,-1
1788814123.3427,1026790,V,576,506,-1
1788814123.3428,1026798,V,575,505,-1
1788814123.3914,1026812,V,574,504,12420
1788814123.3916,1026820,V,576,506,-1
1788814123.3916,1026828,V,575,505,-1
1788814123.3916,1026836,V,576,506,-1
1788814123.3916,1026844,V,575,505,-1
1788814123.3916,1026852,V,575,505,-1
1788814123.4407,1026866,V,577,507,12421
1788814123.4407,1026874,V,575,505,-1
1788814123.4407,1026882,V,575,505,-1
1788814123.4407,1026890,V,575,505,-1
1788814123.4407,1026898,V,576,506,-1
1788814123.4407,1026906,V,578,508,-1
1788814123.5378,1026919,V,575,505,12422
1788814123.5378,1026927,V,574,504,-1
1788814123.5378,1026935,V,575,505,-1
1788814123.5378,1026943,V,574,504,-1
1788814123.5378,1026951,V,575,505,-1
1788814123.5379,1026959,V,576,506,-1
1788814123.5881,1026973,V,576,506,12423
1788814123.5881,1026981,V,575,505,-1
1788814123.5882,1026989,V,575,505,-1
1788814123.5882,1026997,V,575,505,-1
1788814123.5882,1027005,V,577,507,-1
1788814123.5882,1027013,V,575,505,-1
1788814123.6352,1027027,V,575,505,12424
1788814123.6353,1027035,V,576,506,-1
1788814123.6353,1027043,V,576,506,-1
1788814123.6353,1027051,V,575,505,-1
1788814123.6354,1027059,V,576,506,-1
1788814123.6354,1027067,V,576,506,-1
1788814123.6844,1027080,V,574,504,12425
1788814123.6844,1027088,V,576,506,-1
1788814123.6844,1027096,V,576,506,-1
1788814123.6844,1027104,V,591,519,-1
1788814123.6844,1027112,V,576,506,-1
1788814123.6844,1027120,V,576,506,-1
1788814123.7352,1027134,V,576,506,12426
1788814123.7352,1027142,V,576,506,-1
1788814123.7352,1027150,V,575,505,-1
1788814123.7352,1027158,V,575,505,-1
1788814123.7352,1027166,V,574,504,-1
1788814123.7352,1027174,V,576,506,-1
1788814123.7825,1027188,V,576,506,12427
1788814123.7826,1027196,V,574,504,-1
1788814123.7826,1027204,V,575,505,-1
1788814123.7826,1027212,V,576,506,-1
1788814123.7826,1027220,V,576,506,-1
1788814123.7826,1027228,V,575,505,-1
1788814123.8322,1027241,V,576,506,12428
1788814123.8323,1027249,V,575,505,-1
1788814123.8323,1027257,V,576,506,-1
1788814123.8323,1027265,V,575,505,-1
1788814123.8323,1027273,V,575,505,-1
1788814123.8323,1027281,V,576,506,-1
1788814123.8788,1027295,V,576,506,12429
1788814123.8789,1027303,V,574,504,-1
1788814123.8789,1027311,V,575,505,-1
1788814123.8789,1027319,V,576,506,-1
1788814123.8789,1027327,V,576,506,-1
1788814123.8789,1027335,V,575,505,-1
1788814123.9281,1027349,V,577,507,12430
1788814123.9281,1027357,V,576,506,-1
1788814123.9281,1027365,V,575,505,-1
1788814123.9281,1027373,V,576,506,-1
1788814123.9281,1027381,V,575,505,-1
1788814123.9281,1027389,V,576,506,-1
1788814123.9764,1027402,V,574,504,12431
1788814123.9764,1027410,V,575,505,-1
1788814123.9764,1027418,V,575,505,-1
1788814123.9764,1027426,V,577,507,-1
1788814123.9765,1027434,V,576,506,-1
1788814123.9765,1027442,V,579,509,-1
1788814124.0738,1027456,V,576,506,12432
1788814124.0738,1027464,V,576,506,-1
1788814124.0738,1027472,V,576,506,-1
1788814124.0738,1027480,V,576,506,-1
1788814124.0738,1027488,V,575,505,-1
1788814124.0738,1027496,V,575,505,-1
1788814124.1227,1027510,V,575,505,12433
1788814124.1228,1027518,V,575,505,-1
1788814124.1228,1027526,V,576,506,-1
1788814124.1228,1027534,V,577,507,-1
1788814124.1228,1027542,V,584,513,-1
1788814124.1228,1027550,V,575,505,-1
1788814124.1719,1027563,V,575,505,12434
1788814124.1719,1027571,V,575,505,-1
1788814124.1719,1027579,V,575,505,-1
1788814124.1719,1027587,V,575,505,-1
1788814124.1719,1027595,V,576,506,-1
1788814124.1719,1027603,V,576,506,-1
1788814124.2205,1027617,V,576,506,12435
1788814124.2205,1027625,V,576,506,-1
1788814124.2206,1027633,V,576,506,-1
1788814124.2206,1027641,V,578,508,-1
1788814124.2206,1027649,V,575,505,-1
1788814124.2206,1027657,V,575,505,-1
1788814124.2691,1027671,V,575,505,12436
1788814124.2691,1027679,V,575,505,-1
1788814124.2691,1027687,V,575,505,-1
1788814124.2691,1027695,V,575,505,-1
1788814124.2691,1027703,V,576,506,-1
1788814124.2691,1027711,V,577,507,-1
1788814124.3179,1027724,V,575,505,12437
1788814124.3179,1027732,V,574,504,-1
1788814124.3179,1027740,V,575,505,-1
1788814124.3179,1027748,V,575,505,-1
1788814124.3179,1027756,V,576,506,-1
1788814124.3179,1027764,V,575,505,-1
1788814124.3662,1027778,V,576,506,12438
1788814124.3664,1027786,V,576,506,-1
1788814124.3664,1027794,V,575,505,-1
1788814124.3664,1027802,V,575,505,-1
1788814124.3664,1027810,V,575,505,-1
1788814124.3664,1027818,V,576,506,-1
1788814124.4155,1027832,V,576,506,12439
1788814124.4155,1027840,V,574,504,-1
1788814124.4155,1027848,V,575,505,-1
1788814124.4155,1027856,V,576,506,-1
1788814124.4155,1027864,V,576,506,-1
1788814124.4155,1027872,V,575,505,-1
1788814124.5128,1027885,V,579,509,12440
1788814124.5128,1027893,V,576,506,-1
1788814124.5129,1027901,V,574,504,-1
1788814124.5129,1027909,V,576,506,-1
1788814124.5129,1027917,V,576,506,-1
1788814124.5129,1027925,V,575,505,-1
1788814124.5141,1027939,V,575,505,12441
1788814124.5141,1027947,V,575,505,-1
1788814124.5142,1027955,V,575,505,-1
1788814124.5142,1027963,V,575,505,-1
1788814124.5142,1027971,V,576,506,-1
1788814124.5142,1027979,V,576,506,-1
1788814124.6120,1027993,V,575,505,12442
1788814124.6122,1028001,V,576,506,-1
1788814124.6122,1028009,V,576,506,-1
1788814124.6122,1028017,V,575,505,-1
1788814124.6122,1028025,V,575,505,-1
1788814124.6122,1028033,V,576,506,-1
1788814124.6591,1028046,V,577,507,12443
1788814124.6591,1028054,V,577,507,-1
1788814124.6593,1028062,V,575,505,-1
1788814124.6593,1028070,V,577,507,-1
1788814124.6593,1028078,V,588,517,-1
1788814124.6593,1028086,V,574,504,-1
1788814124.7081,1028100,V,576,506,12444
1788814124.7081,1028108,V,576,506,-1
1788814124.7081,1028116,V,577,507,-1
1788814124.7081,1028124,V,576,506,-1
1788814124.7081,1028132,V,577,507,-1
1788814124.7081,1028140,V,576,506,-1
1788814124.7568,1028154,V,577,507,12445
1788814124.7568,1028162,V,577,507,-1
1788814124.7568,1028170,V,575,505,-1
1788814124.7568,1028178,V,576,506,-1
1788814124.7568,1028186,V,575,505,-1
1788814124.7568,1028194,V,576,506,-1
1788814124.8056,1028207,V,576,506,12446
1788814124.8056,1028215,V,575,505,-1
1788814124.8056,1028223,V,576,506,-1
1788814124.8056,1028231,V,576,506,-1
1788814124.8056,1028239,V,576,506,-1
1788814124.8056,1028247,V,576,506,-1
1788814124.8539,1028261,V,575,505,12447
1788814124.8541,1028269,V,575,505,-1
1788814124.8541,1028277,V,576,506,-1
1788814124.8541,1028285,V,576,506,-1
1788814124.8541,1028293,V,575,505,-1
1788814124.8541,1028301,V,576,506,-1
1788814124.9038,1028315,V,576,506,12448
1788814124.9039,1028323,V,577,507,-1
1788814124.9039,1028331,V,577,507,-1
1788814124.9039,1028339,V,576,506,-1
1788814124.9039,1028347,V,575,505,-1
1788814124.9039,1028355,V,576,506,-1
1788814124.9523,1028368,V,576,506,12449
1788814124.9524,1028376,V,576,506,-1
1788814124.9524,1028384,V,576,506,-1
1788814124.9524,1028392,V,575,505,-1
1788814124.9524,1028400,V,575,505,-1
1788814124.9524,1028408,V,576,506,-1
1788814125.0001,1028422,V,578,508,12450
1788814125.0001,1028430,V,576,506,-1
1788814125.0001,1028438,V,576,506,-1
1788814125.0001,1028446,V,575,505,-1
1788814125.0002,1028454,V,576,506,-1
1788814125.0002,1028462,V,577,507,-1
1788814125.0978,1028476,V,576,506,12451
1788814125.0980,1028484,V,575,505,-1
1788814125.0980,1028492,V,576,506,-1
1788814125.0980,1028500,V,577,507,-1
1788814125.0980,1028508,V,576,506,-1
1788814125.0980,1028516,V,584,513,-1
1788814125.1467,1028530,V,577,507,12452
1788814125.1467,1028538,V,577,507,-1
1788814125.1467,1028546,V,575,505,-1
1788814125.1467,1028554,V,577,507,-1
1788814125.1467,1028562,V,576,506,-1
1788814125.1467,1028570,V,577,507,-1
1788814125.1954,1028583,V,576,506,12453
1788814125.1954,1028591,V,576,506,-1
1788814125.1954,1028599,V,575,505,-1
1788814125.1954,1028607,V,575,505,-1
1788814125.1954,1028615,V,577,507,-1
1788814125.1954,1028623,V,575,505,-1
1788814125.2441,1028637,V,576,506,12454
1788814125.2441,1028645,V,575,505,-1
1788814125.2441,1028653,V,575,505,-1
1788814125.2441,1028661,V,576,506,-1
1788814125.2441,1028669,V,575,505,-1
1788814125.2441,1028677,V,575,505,-1
1788814125.2925,1028691,V,576,506,12455
1788814125.2925,1028699,V,576,506,-1
1788814125.2925,1028707,V,576,506,-1
1788814125.2925,1028715,V,575,505,-1
1788814125.2925,1028723,V,576,506,-1
1788814125.2926,1028731,V,576,506,-1
1788814125.3415,1028744,V,575,505,12456
1788814125.3416,1028752,V,575,505,-1
1788814125.3417,1028760,V,576,506,-1
1788814125.3417,1028768,V,577,507,-1
1788814125.3417,1028776,V,575,505,-1
1788814125.3417,1028784,V,575,505,-1
1788814125.3907,1028798,V,576,506,12457
1788814125.3908,1028806,V,576,506,-1
1788814125.3908,1028814,V,576,506,-1
1788814125.3908,1028822,V,576,506,-1
1788814125.3908,1028830,V,576,506,-1
1788814125.3908,1028838,V,574,504,-1
1788814125.4878,1028852,V,576,506,12458
1788814125.4878,1028860,V,579,509,-1
1788814125.4879,1028868,V,576,506,-1
1788814125.4879,1028876,V,576,506,-1
1788814125.4879,1028884,V,576,506,-1
1788814125.4879,1028892,V,576,506,-1
1788814125.4891,1028905,V,576,506,12459
1788814125.4892,1028913,V,575,505,-1
1788814125.4892,1028921,V,576,506,-1
1788814125.4892,1028929,V,575,505,-1
1788814125.4892,1028937,V,576,506,-1
1788814125.4894,1028945,V,576,506,-1
1788814125.5364,1028959,V,578,508,12460
1788814125.5364,1028967,V,576,506,-1
1788814125.5364,1028975,V,576,506,-1
1788814125.5364,1028983,V,576,506,-1
1788814125.5364,1028991,V,576,506,-1
1788814125.5364,1028999,V,575,505,-1
1788814125.6353,1029013,V,575,505,12461
1788814125.6354,1029021,V,575,505,-1
1788814125.6354,1029029,V,575,505,-1
1788814125.6354,1029037,V,575,505,-1
1788814125.6354,1029045,V,575,505,-1
1788814125.6354,1029053,V,577,507,-1
1788814125.6827,1029067,V,576,506,12462
1788814125.6827,1029075,V,574,504,-1
1788814125.6827,1029083,V,574,504,-1
1788814125.6827,1029091,V,575,505,-1
1788814125.6827,1029099,V,574,504,-1
1788814125.6827,1029107,V,575,505,-1
1788814125.7316,1029120,V,575,505,12463
1788814125.7316,1029128,V,575,505,-1
1788814125.7316,1029136,V,574,504,-1
1788814125.7316,1029144,V,576,506,-1
1788814125.7316,1029152,V,576,506,-1
1788814125.7316,1029160,V,576,506,-1
1788814125.7803,1029174,V,577,507,12464
1788814125.7803,1029182,V,576,506,-1
1788814125.7803,1029190,V,576,506,-1
1788814125.7803,1029198,V,575,505,-1
1788814125.7804,1029206,V,576,506,-1
1788814125.7804,1029214,V,576,506,-1
1788814125.8291,1029228,V,575,505,12465
1788814125.8292,1029236,V,576,506,-1
1788814125.8292,1029244,V,575,505,-1
1788814125.8292,1029252,V,574,504,-1
1788814125.8292,1029260,V,576,506,-1
1788814125.8292,1029268,V,574,504,-1
1788814125.8782,1029281,V,575,505,12466
1788814125.8783,1029289,V,574,504,-1
1788814125.8784,1029297,V,580,510,-1
1788814125.8784,1029305,V,575,505,-1
1788814125.8784,1029313,V,574,504,-1
1788814125.8784,1029321,V,575,505,-1
1788814125.9276,1029335,V,576,506,12467
1788814125.9276,1029343,V,575,505,-1
1788814125.9276,1029351,V,575,505,-1
1788814125.9276,1029359,V,575,505,-1
1788814125.9276,1029367,V,575,505,-1
1788814125.9276,1029375,V,575,505,-1
1788814125.9762,1029389,V,575,505,12468
1788814125.9762,1029397,V,579,509,-1
1788814125.9762,1029405,V,575,505,-1
1788814125.9762,1029413,V,575,505,-1
1788814125.9762,1029421,V,576,506,-1
1788814125.9762,1029429,V,576,506,-1
1788814126.0240,1029443,V,575,505,12469
1788814126.0240,1029451,V,575,505,-1
1788814126.0240,1029459,V,576,506,-1
1788814126.0240,1029467,V,576,506,-1
1788814126.0240,1029475,V,575,505,-1
1788814126.0240,1029483,V,574,504,-1
1788814126.0727,1029496,V,576,506,12470
1788814126.0728,1029504,V,575,505,-1
1788814126.0728,1029512,V,576,506,-1
1788814126.0728,1029520,V,575,505,-1
1788814126.0728,1029528,V,575,505,-1
1788814126.0728,1029536,V,575,505,-1
1788814126.1716,1029550,V,575,505,12471
1788814126.1717,1029558,V,575,505,-1
1788814126.1718,1029566,V,575,505,-1
1788814126.1718,1029574,V,574,504,-1
1788814126.1718,1029582,V,575,505,-1
1788814126.1718,1029590,V,575,505,-1
1788814126.2193,1029604,V,575,505,12472
1788814126.2193,1029612,V,576,506,-1
1788814126.2193,1029620,V,577,507,-1
1788814126.2193,1029628,V,576,506,-1
1788814126.2193,1029636,V,576,506,-1
1788814126.2193,1029644,V,575,505,-1
1788814126.2687,1029657,V,575,505,12473
1788814126.2687,1029665,V,576,506,-1
1788814126.2687,1029673,V,575,505,-1
1788814126.2687,1029681,V,576,506,-1
1788814126.2687,1029689,V,576,506,-1
1788814126.2687,1029697,V,575,505,-1
1788814126.3174,1029711,V,575,505,12474
1788814126.3174,1029719,V,575,505,-1
1788814126.3174,1029727,V,576,506,-1
1788814126.3174,1029735,V,578,508,-1
1788814126.3174,1029743,V,576,506,-1
1788814126.3174,1029751,V,576,506,-1
1788814126.3661,1029764,V,575,505,12475
1788814126.3661,1029772,V,576,506,-1
1788814126.3661,1029780,V,575,505,-1
1788814126.3661,1029788,V,575,505,-1
1788814126.3661,1029796,V,576,506,-1
1788814126.3661,1029804,V,576,506,-1
1788814126.4149,1029818,V,576,506,12476
1788814126.4150,1029826,V,574,504,-1
1788814126.4151,1029834,V,577,507,-1
1788814126.4151,1029842,V,575,505,-1
1788814126.4152,1029850,V,575,505,-1
1788814126.4152,1029858,V,576,506,-1
1788814126.4645,1029872,V,576,506,12477
1788814126.4646,1029880,V,575,505,-1
1788814126.4646,1029888,V,574,504,-1
1788814126.4646,1029896,V,576,506,-1
1788814126.4646,1029904,V,575,505,-1
1788814126.4646,1029912,V,575,505,-1
1788814126.5135,1029925,V,576,506,12478
1788814126.5135,1029933,V,590,519,-1
1788814126.5135,1029941,V,576,506,-1
1788814126.5135,1029949,V,576,506,-1
1788814126.5135,1029957,V,576,506,-1
1788814126.5135,1029965,V,574,504,-1
1788814126.6091,1029979,V,576,506,12479
1788814126.6091,1029987,V,575,505,-1
1788814126.6091,1029995,V,576,506,-1
1788814126.6091,1030003,V,575,505,-1
1788814126.6091,1030011,V,576,506,-1
1788814126.6091,1030019,V,575,505,-1
1788814126.6103,1030033,V,576,506,12480
1788814126.6103,1030041,V,575,505,-1
1788814126.6103,1030049,V,576,506,-1
1788814126.6103,1030057,V,576,506,-1
1788814126.6103,1030065,V,575,505,-1
1788814126.6103,1030073,V,576,506,-1
1788814126.7066,1030086,V,576,506,12481
1788814126.7068,1030094,V,575,505,-1
1788814126.7068,1030102,V,575,505,-1
1788814126.7068,1030110,V,574,504,-1
1788814126.7068,1030118,V,576,506,-1
1788814126.7068,1030126,V,576,506,-1
1788814126.7553,1030140,V,577,507,12482
1788814126.7553,1030148,V,577,507,-1
1788814126.7553,1030156,V,577,507,-1
1788814126.7553,1030164,V,576,506,-1
1788814126.7553,1030172,V,576,506,-1
1788814126.7553,1030180,V,575,505,-1
1788814126.8039,1030194,V,575,505,12483
1788814126.8039,1030202,V,575,505,-1
1788814126.8039,1030210,V,575,505,-1
1788814126.8039,1030218,V,576,506,-1
1788814126.8039,1030226,V,576,506,-1
1788814126.8039,1030234,V,576,506,-1
1788814126.8525,1030247,V,576,506,12484
1788814126.8525,1030255,V,576,506,-1
1788814126.8525,1030263,V,575,505,-1
1788814126.8525,1030271,V,578,508,-1
1788814126.8525,1030279,V,575,505,-1
1788814126.8525,1030287,V,575,505,-1
1788814126.9012,1030301,V,575,505,12485
1788814126.9012,1030309,V,575,505,-1
1788814126.9012,1030317,V,576,506,-1
1788814126.9012,1030325,V,574,504,-1
1788814126.9012,1030333,V,575,505,-1
1788814126.9013,1030341,V,574,504,-1
1788814126.9503,1030355,V,576,506,12486
1788814126.9505,1030363,V,576,506,-1
1788814126.9505,1030371,V,578,508,-1
1788814126.9505,1030379,V,576,506,-1
1788814126.9505,1030387,V,576,506,-1
1788814126.9505,1030395,V,576,506,-1
1788814126.9992,1030409,V,577,507,12487
1788814126.9992,1030417,V,577,507,-1
1788814126.9992,1030425,V,576,506,-1
1788814126.9992,1030433,V,576,506,-1
1788814126.9992,1030441,V,576,506,-1
1788814126.9992,1030449,V,576,506,-1
1788814127.0477,1030462,V,576,506,12488
1788814127.0477,1030470,V,578,508,-1
1788814127.0477,1030478,V,577,507,-1
1788814127.0477,1030486,V,576,506,-1
1788814127.0477,1030494,V,576,506,-1
1788814127.0477,1030502,V,575,505,-1
1788814127.0965,1030516,V,576,506,12489
1788814127.0965,1030524,V,576,506,-1
1788814127.0965,1030532,V,575,505,-1
1788814127.0965,1030540,V,575,505,-1
1788814127.0965,1030548,V,575,505,-1
1788814127.0965,1030556,V,575,505,-1
1788814127.1452,1030570,V,574,504,12490
1788814127.1452,1030578,V,576,506,-1
1788814127.1452,1030586,V,575,505,-1
1788814127.1452,1030594,V,575,505,-1
1788814127.1452,1030602,V,574,504,-1
1788814127.1452,1030610,V,576,506,-1
1788814127.2428,1030623,V,574,504,12491
1788814127.2430,1030631,V,575,505,-1
1788814127.2430,1030639,V,574,504,-1
1788814127.2430,1030647,V,575,505,-1
1788814127.2430,1030655,V,576,506,-1
1788814127.2430,1030663,V,577,507,-1
1788814127.2936,1030677,V,575,505,12492
1788814127.2936,1030685,V,575,505,-1
1788814127.2936,1030693,V,575,505,-1
1788814127.2937,1030701,V,575,505,-1
1788814127.2937,1030709,V,580,510,-1
1788814127.2937,1030717,V,577,507,-1
1788814127.3427,1030731,V,576,506,12493
1788814127.3428,1030739,V,576,506,-1
1788814127.3428,1030747,V,575,505,-1
1788814127.3428,1030755,V,576,506,-1
1788814127.3428,1030763,V,575,505,-1
1788814127.3428,1030771,V,575,505,-1
1788814127.3890,1030784,V,576,506,12494
1788814127.3890,1030792,V,576,506,-1
1788814127.3890,1030800,V,575,505,-1
1788814127.3890,1030808,V,578,508,-1
1788814127.3890,1030816,V,576,506,-1
1788814127.3890,1030824,V,575,505,-1
1788814127.4377,1030838,V,575,505,12495
1788814127.4378,1030846,V,575,505,-1
1788814127.4378,1030854,V,576,506,-1
1788814127.4378,1030862,V,576,506,-1
1788814127.4378,1030870,V,575,505,-1
1788814127.4378,1030878,V,574,504,-1
1788814127.4864,1030892,V,574,504,12496
1788814127.4866,1030900,V,576,506,-1
1788814127.4866,1030908,V,582,512,-1
1788814127.4866,1030916,V,575,505,-1
1788814127.4866,1030924,V,575,505,-1
1788814127.4866,1030932,V,576,506,-1
1788814127.5356,1030946,V,576,506,12497
1788814127.5356,1030954,V,575,505,-1
1788814127.5356,1030962,V,575,505,-1
1788814127.5356,1030970,V,575,505,-1
1788814127.5356,1030978,V,575,505,-1
1788814127.5356,1030986,V,575,505,-1
1788814127.5841,1030999,V,576,506,12498
1788814127.5841,1031007,V,576,506,-1
1788814127.5841,1031015,V,575,505,-1
1788814127.5841,1031023,V,575,505,-1
1788814127.5841,1031031,V,576,506,-1
1788814127.5841,1031039,V,575,505,-1
1788814127.6328,1031053,V,576,506,12499
1788814127.6329,1031061,V,575,505,-1
1788814127.6329,1031069,V,576,506,-1
1788814127.6329,1031077,V,575,505,-1
1788814127.6329,1031085,V,575,505,-1
1788814127.6329,1031093,V,576,506,-1
1788814127.6816,1031107,V,577,507,12500
1788814127.6816,1031115,V,576,506,-1
1788814127.6816,1031123,V,576,506,-1
1788814127.6816,1031131,V,576,506,-1
1788814127.6816,1031139,V,576,506,-1
1788814127.6816,1031147,V,579,509,-1
1788814127.7813,1031160,V,575,505,12501
1788814127.7814,1031168,V,575,505,-1
1788814127.7814,1031176,V,576,506,-1
1788814127.7814,1031184,V,575,505,-1
1788814127.7815,1031192,V,576,506,-1
1788814127.7815,1031200,V,575,505,-1
1788814127.8281,1031214,V,575,505,12502
1788814127.8282,1031222,V,576,506,-1
1788814127.8282,1031230,V,576,506,-1
1788814127.8282,1031238,V,575,505,-1
1788814127.8282,1031246,V,576,506,-1
1788814127.8282,1031254,V,575,505,-1
1788814127.8765,1031268,V,575,505,12503
1788814127.8765,1031276,V,575,505,-1
1788814127.8765,1031284,V,576,506,-1
1788814127.8765,1031292,V,575,505,-1
1788814127.8765,1031300,V,576,506,-1
1788814127.8765,1031308,V,575,505,-1
1788814127.9254,1031321,V,576,506,12504
1788814127.9254,1031329,V,575,505,-1
1788814127.9254,1031337,V,576,506,-1
1788814127.9254,1031345,V,589,518,-1
1788814127.9254,1031353,V,576,506,-1
1788814127.9254,1031361,V,575,505,-1
1788814127.9741,1031375,V,575,505,12505
1788814127.9741,1031383,V,576,506,-1
1788814127.9741,1031391,V,576,506,-1
1788814127.9741,1031399,V,575,505,-1
1788814127.9741,1031407,V,576,506,-1
1788814127.9741,1031415,V,576,506,-1
1788814128.0229,1031429,V,576,506,12506
1788814128.0230,1031437,V,576,506,-1
1788814128.0230,1031445,V,576,506,-1
1788814128.0231,1031453,V,576,506,-1
1788814128.0231,1031461,V,575,505,-1
1788814128.0231,1031469,V,576,506,-1
1788814128.0718,1031482,V,575,505,12507
1788814128.0719,1031490,V,576,506,-1
1788814128.0719,1031498,V,577,507,-1
1788814128.0719,1031506,V,576,506,-1
1788814128.0719,1031514,V,575,505,-1
1788814128.0719,1031522,V,576,506,-1
1788814128.1203,1031536,V,576,506,12508
1788814128.1204,1031544,V,575,505,-1
1788814128.1204,1031552,V,576,506,-1
1788814128.1204,1031560,V,576,506,-1
1788814128.1204,1031568,V,576,506,-1
1788814128.1204,1031576,V,576,506,-1
1788814128.1689,1031589,V,576,506,12509
1788814128.1689,1031597,V,575,505,-1
1788814128.1690,1031605,V,575,505,-1
1788814128.1690,1031613,V,576,506,-1
1788814128.1690,1031621,V,575,505,-1
1788814128.1690,1031629,V,576,506,-1
1788814128.2664,1031643,V,577,507,12510
1788814128.2665,1031651,V,576,506,-1
1788814128.2665,1031659,V,576,506,-1
1788814128.2665,1031667,V,575,505,-1
1788814128.2665,1031675,V,575,505,-1
1788814128.2665,1031683,V,578,508,-1
1788814128.3154,1031697,V,575,505,12511
1788814128.3154,1031705,V,576,506,-1
1788814128.3155,1031713,V,575,505,-1
1788814128.3155,1031721,V,578,508,-1
1788814128.3155,1031729,V,575,505,-1
1788814128.3155,1031737,V,575,505,-1
1788814128.3645,1031750,V,575,505,12512
1788814128.3645,1031758,V,576,506,-1
1788814128.3645,1031766,V,576,506,-1
1788814128.3645,1031774,V,576,506,-1
1788814128.3645,1031782,V,578,508,-1
1788814128.3645,1031790,V,578,508,-1
1788814128.4129,1031804,V,576,506,12513
1788814128.4130,1031812,V,576,506,-1
1788814128.4130,1031820,V,575,505,-1
1788814128.4130,1031828,V,575,505,-1
1788814128.4130,1031836,V,577,507,-1
1788814128.4130,1031844,V,576,506,-1
1788814128.4620,1031858,V,576,506,12514
1788814128.4620,1031866,V,576,506,-1
1788814128.4620,1031874,V,576,506,-1
1788814128.4620,1031882,V,591,519,-1
1788814128.4620,1031890,V,576,506,-1
1788814128.4620,1031898,V,576,506,-1
1788814128.5107,1031911,V,577,507,12515
1788814128.5108,1031919,V,575,505,-1
1788814128.5108,1031927,V,576,506,-1
1788814128.5108,1031935,V,577,507,-1
1788814128.5108,1031943,V,576,506,-1
1788814128.5108,1031951,V,576,506,-1
1788814128.5593,1031965,V,576,506,12516
1788814128.5593,1031973,V,576,506,-1
1788814128.5593,1031981,V,576,506,-1
1788814128.5593,1031989,V,576,506,-1
1788814128.5593,1031997,V,576,506,-1
1788814128.5593,1032005,V,577,507,-1
1788814128.6078,1032019,V,576,506,12517
1788814128.6078,1032027,V,578,508,-1
1788814128.6078,1032035,V,577,507,-1
1788814128.6078,1032043,V,576,506,-1
1788814128.6078,1032051,V,577,507,-1
1788814128.6078,1032059,V,576,506,-1
1788814128.7059,1032072,V,576,506,12518
1788814128.7060,1032080,V,576,506,-1
1788814128.7060,1032088,V,576,506,-1
1788814128.7060,1032096,V,576,506,-1
1788814128.7060,1032104,V,577,507,-1
1788814128.7060,1032112,V,576,506,-1
1788814128.7078,1032126,V,576,506,12519
1788814128.7078,1032134,V,576,506,-1
1788814128.7078,1032142,V,576,506,-1
1788814128.7078,1032150,V,576,506,-1
1788814128.7078,1032158,V,575,505,-1
1788814128.7079,1032166,V,576,506,-1
1788814128.7538,1032180,V,578,508,12520
1788814128.7539,1032188,V,576,506,-1
1788814128.7539,1032196,V,576,506,-1
1788814128.7539,1032204,V,576,506,-1
1788814128.7539,1032212,V,577,507,-1
1788814128.7539,1032220,V,580,510,-1
1788814128.8521,1032233,V,576,506,12521
1788814128.8522,1032241,V,577,507,-1
1788814128.8522,1032249,V,576,506,-1
1788814128.8522,1032257,V,576,506,-1
1788814128.8522,1032265,V,576,506,-1
1788814128.8522,1032273,V,576,506,-1
1788814128.9021,1032287,V,576,506,12522
1788814128.9021,1032295,V,575,505,-1
1788814128.9021,1032303,V,576,506,-1
1788814128.9021,1032311,V,576,506,-1
1788814128.9021,1032319,V,579,509,-1
1788814128.9021,1032327,V,576,506,-1
1788814128.9506,1032341,V,574,504,12523
1788814128.9506,1032349,V,575,505,-1
1788814128.9506,1032357,V,575,505,-1
1788814128.9506,1032365,V,576,506,-1
1788814128.9506,1032373,V,576,506,-1
1788814128.9506,1032381,V,574,504,-1
1788814128.9977,1032394,V,575,505,12524
1788814128.9978,1032402,V,575,505,-1
1788814128.9978,1032410,V,575,505,-1
1788814128.9978,1032418,V,583,512,-1
1788814128.9978,1032426,V,575,505,-1
1788814128.9978,1032434,V,575,505,-1
1788814129.0468,1032448,V,576,506,12525
1788814129.0468,1032456,V,576,506,-1
1788814129.0468,1032464,V,575,505,-1
1788814129.0468,1032472,V,577,507,-1
1788814129.0469,1032480,V,576,506,-1
1788814129.0469,1032488,V,575,505,-1
1788814129.0954,1032502,V,576,506,12526
1788814129.0955,1032510,V,577,507,-1
1788814129.0955,1032518,V,575,505,-1
1788814129.0955,1032526,V,576,506,-1
1788814129.0955,1032534,V,576,506,-1
1788814129.0955,1032542,V,575,505,-1
1788814129.1440,1032555,V,576,506,12527
1788814129.1441,1032563,V,577,507,-1
1788814129.1441,1032571,V,575,505,-1
1788814129.1441,1032579,V,575,505,-1
1788814129.1441,1032587,V,577,507,-1
1788814129.1441,1032595,V,575,505,-1
1788814129.1945,1032609,V,576,506,12528
1788814129.1945,1032617,V,576,506,-1
1788814129.1945,1032625,V,575,505,-1
1788814129.1945,1032633,V,576,506,-1
1788814129.1945,1032641,V,576,506,-1
1788814129.1945,1032649,V,576,506,-1
1788814129.2434,1032663,V,580,510,12529
1788814129.2435,1032671,V,576,506,-1
1788814129.2435,1032679,V,576,506,-1
1788814129.2435,1032687,V,575,505,-1
1788814129.2435,1032695,V,576,506,-1
1788814129.2435,1032703,V,576,506,-1
1788814129.2907,1032716,V,576,506,12530
1788814129.2908,1032724,V,575,505,-1
1788814129.2908,1032732,V,576,506,-1
1788814129.2908,1032740,V,576,506,-1
1788814129.2908,1032748,V,577,507,-1
1788814129.2908,1032756,V,577,507,-1
1788814129.3880,1032770,V,576,506,12531
1788814129.3880,1032778,V,576,506,-1
1788814129.3880,1032786,V,576,506,-1
1788814129.3880,1032794,V,577,507,-1
1788814129.3880,1032802,V,577,507,-1
1788814129.3880,1032810,V,575,505,-1
1788814129.4365,1032824,V,575,505,12532
1788814129.4365,1032832,V,575,505,-1
1788814129.4365,1032840,V,576,506,-1
1788814129.4365,1032848,V,575,505,-1
1788814129.4365,1032856,V,588,517,-1
1788814129.4365,1032864,V,575,505,-1
1788814129.4872,1032877,V,576,506,12533
1788814129.4873,1032885,V,576,506,-1
1788814129.4874,1032893,V,578,508,-1
1788814129.4874,1032901,V,577,507,-1
1788814129.4874,1032909,V,576,506,-1
1788814129.4874,1032917,V,576,506,-1
1788814129.5380,1032931,V,576,506,12534
1788814129.5380,1032939,V,576,506,-1
1788814129.5380,1032947,V,575,505,-1
1788814129.5380,1032955,V,576,506,-1
1788814129.5381,1032963,V,576,506,-1
1788814129.5381,1032971,V,575,505,-1
1788814129.5839,1032985,V,576,506,12535
1788814129.5839,1032993,V,576,506,-1
1788814129.5840,1033001,V,576,506,-1
1788814129.5840,1033009,V,576,506,-1
1788814129.5840,1033017,V,576,506,-1
1788814129.5840,1033025,V,576,506,-1
1788814129.6324,1033038,V,575,505,12536
1788814129.6324,1033046,V,576,506,-1
1788814129.6324,1033054,V,576,506,-1
1788814129.6324,1033062,V,576,506,-1
1788814129.6324,1033070,V,576,506,-1
1788814129.6324,1033078,V,575,505,-1
1788814129.6802,1033092,V,576,506,12537
1788814129.6802,1033100,V,576,506,-1
1788814129.6802,1033108,V,576,506,-1
1788814129.6802,1033116,V,575,505,-1
1788814129.6802,1033124,V,576,506,-1
1788814129.6803,1033132,V,576,506,-1
1788814129.7308,1033145,V,577,507,12538
1788814129.7309,1033153,V,577,507,-1
1788814129.7309,1033161,V,576,506,-1
1788814129.7309,1033169,V,576,506,-1
1788814129.7309,1033177,V,577,507,-1
1788814129.7310,1033185,V,575,505,-1
1788814129.7800,1033199,V,580,510,12539
1788814129.7800,1033207,V,576,506,-1
1788814129.7800,1033215,V,576,506,-1
1788814129.7800,1033223,V,576,506,-1
1788814129.7800,1033231,V,577,507,-1
1788814129.7800,1033239,V,575,505,-1
1788814129.8755,1033253,V,574,504,12540
1788814129.8755,1033261,V,576,506,-1
1788814129.8755,1033269,V,576,506,-1
1788814129.8755,1033277,V,576,506,-1
1788814129.8756,1033285,V,577,507,-1
1788814129.8756,1033293,V,578,508,-1
1788814129.9241,1033307,V,575,505,12541
1788814129.9242,1033315,V,575,505,-1
1788814129.9242,1033323,V,576,506,-1
1788814129.9242,1033331,V,575,505,-1
1788814129.9242,1033339,V,575,505,-1
1788814129.9242,1033347,V,575,505,-1
1788814129.9727,1033360,V,576,506,12542
1788814129.9728,1033368,V,576,506,-1
1788814129.9728,1033376,V,575,505,-1
1788814129.9728,1033384,V,577,507,-1
1788814129.9728,1033392,V,577,507,-1
1788814129.9728,1033400,V,576,506,-1
1788814130.0219,1033414,V,576,506,12543
1788814130.0219,1033422,V,576,506,-1
1788814130.0221,1033430,V,576,506,-1
1788814130.0221,1033438,V,576,506,-1
1788814130.0221,1033446,V,576,506,-1
1788814130.0222,1033454,V,576,506,-1
1788814130.0711,1033468,V,577,507,12544
1788814130.0711,1033476,V,576,506,-1
1788814130.0711,1033484,V,576,506,-1
1788814130.0711,1033492,V,576,506,-1
1788814130.0711,1033500,V,576,506,-1
1788814130.0711,1033508,V,576,506,-1
1788814130.1191,1033521,V,577,507,12545
1788814130.1192,1033529,V,577,507,-1
1788814130.1192,1033537,V,576,506,-1
1788814130.1192,1033545,V,576,506,-1
1788814130.1192,1033553,V,575,505,-1
1788814130.1192,1033561,V,576,506,-1
1788814130.1678,1033575,V,575,505,12546
1788814130.1678,1033583,V,576,506,-1
1788814130.1678,1033591,V,575,505,-1
1788814130.1678,1033599,V,576,506,-1
1788814130.1678,1033607,V,576,506,-1
1788814130.1679,1033615,V,575,505,-1
1788814130.2173,1033629,V,577,507,12547
1788814130.2174,1033637,V,579,509,-1
1788814130.2174,1033645,V,576,506,-1
1788814130.2174,1033653,V,575,505,-1
1788814130.2174,1033661,V,575,505,-1
1788814130.2174,1033669,V,576,506,-1
1788814130.2655,1033682,V,576,506,12548
1788814130.2655,1033690,V,575,505,-1
1788814130.2655,1033698,V,575,505,-1
1788814130.2655,1033706,V,575,505,-1
1788814130.2655,1033714,V,575,505,-1
1788814130.2655,1033722,V,576,506,-1
1788814130.3182,1033736,V,577,507,12549
1788814130.3182,1033744,V,575,505,-1
1788814130.3182,1033752,V,575,505,-1
1788814130.3182,1033760,V,575,505,-1
1788814130.3182,1033768,V,576,506,-1
1788814130.3182,1033776,V,576,506,-1
1788814130.4118,1033790,V,576,506,12550
1788814130.4118,1033798,V,575,505,-1
1788814130.4118,1033806,V,574,504,-1
1788814130.4118,1033814,V,576,506,-1
1788814130.4118,1033822,V,575,505,-1
1788814130.4118,1033830,V,589,518,-1
1788814130.4611,1033843,V,575,505,12551
1788814130.4612,1033851,V,576,506,-1
1788814130.4612,1033859,V,576,506,-1
1788814130.4612,1033867,V,577,507,-1
1788814130.4612,1033875,V,576,506,-1
1788814130.4612,1033883,V,576,506,-1
1788814130.5098,1033897,V,576,506,12552
1788814130.5099,1033905,V,576,506,-1
1788814130.5099,1033913,V,576,506,-1
1788814130.5099,1033921,V,576,506,-1
1788814130.5099,1033929,V,574,504,-1
1788814130.5099,1033937,V,576,506,-1
1788814130.5584,1033951,V,575,505,12553
1788814130.5584,1033959,V,575,505,-1
1788814130.5584,1033967,V,575,505,-1
1788814130.5584,1033975,V,576,506,-1
1788814130.5584,1033983,V,576,506,-1
1788814130.5584,1033991,V,576,506,-1
1788814130.6071,1034004,V,575,505,12554
1788814130.6071,1034012,V,576,506,-1
1788814130.6071,1034020,V,576,506,-1
1788814130.6071,1034028,V,576,506,-1
1788814130.6071,1034036,V,575,505,-1
1788814130.6071,1034044,V,575,505,-1
1788814130.6581,1034058,V,576,506,12555
1788814130.6581,1034066,V,575,505,-1
1788814130.6581,1034074,V,576,506,-1
1788814130.6581,1034082,V,576,506,-1
1788814130.6581,1034090,V,577,507,-1
1788814130.6581,1034098,V,575,505,-1
1788814130.7045,1034112,V,576,506,12556
1788814130.7046,1034120,V,575,505,-1
1788814130.7046,1034128,V,575,505,-1
1788814130.7046,1034136,V,576,506,-1
1788814130.7046,1034144,V,575,505,-1
1788814130.7046,1034152,V,575,505,-1
1788814130.8020,1034165,V,576,506,12557
1788814130.8021,1034173,V,580,510,-1
1788814130.8021,1034181,V,576,506,-1
1788814130.8021,1034189,V,575,505,-1
1788814130.8021,1034197,V,575,505,-1
1788814130.8021,1034205,V,575,505,-1
1788814130.8028,1034219,V,576,506,12558
1788814130.8028,1034227,V,576,506,-1
1788814130.8028,1034235,V,576,506,-1
1788814130.8028,1034243,V,577,507,-1
1788814130.8028,1034251,V,577,507,-1
1788814130.8028,1034259,V,576,506,-1
1788814130.8522,1034273,V,585,514,12559
1788814130.8522,1034281,V,576,506,-1
1788814130.8522,1034289,V,574,504,-1
1788814130.8522,1034297,V,576,506,-1
1788814130.8522,1034305,V,575,505,-1
1788814130.8522,1034313,V,575,505,-1
1788814130.9492,1034326,V,576,506,12560
1788814130.9494,1034334,V,576,506,-1
1788814130.9494,1034342,V,576,506,-1
1788814130.9494,1034350,V,576,506,-1
1788814130.9494,1034358,V,576,506,-1
1788814130.9494,1034366,V,578,508,-1
1788814130.9978,1034380,V,577,507,12561
1788814130.9978,1034388,V,575,505,-1
1788814130.9978,1034396,V,576,506,-1
1788814130.9978,1034404,V,576,506,-1
1788814130.9978,1034412,V,576,506,-1
1788814130.9978,1034420,V,576,506,-1
1788814131.0462,1034434,V,577,507,12562
1788814131.0462,1034442,V,577,507,-1
1788814131.0462,1034450,V,576,506,-1
1788814131.0462,1034458,V,576,506,-1
1788814131.0462,1034466,V,574,504,-1
1788814131.0462,1034474,V,576,506,-1
1788814131.0950,1034487,V,577,507,12563
1788814131.0951,1034495,V,576,506,-1
1788814131.0951,1034503,V,576,506,-1
1788814131.0951,1034511,V,576,506,-1
1788814131.0951,1034519,V,576,506,-1
1788814131.0951,1034527,V,576,506,-1
1788814131.1428,1034541,V,576,506,12564
1788814131.1428,1034549,V,576,506,-1
1788814131.1428,1034557,V,575,505,-1
1788814131.1428,1034565,V,576,506,-1
1788814131.1428,1034573,V,576,506,-1
1788814131.1428,1034581,V,575,505,-1
1788814131.1928,1034595,V,575,505,12565
1788814131.1929,1034603,V,575,505,-1
1788814131.1929,1034611,V,581,511,-1
1788814131.1929,1034619,V,577,507,-1
1788814131.1929,1034627,V,577,507,-1
1788814131.1929,1034635,V,575,505,-1
1788814131.2417,1034648,V,576,506,12566
1788814131.2418,1034656,V,576,506,-1
1788814131.2418,1034664,V,576,506,-1
1788814131.2418,1034672,V,575,505,-1
1788814131.2418,1034680,V,576,506,-1
1788814131.2418,1034688,V,575,505,-1
1788814131.2890,1034702,V,575,505,12567
1788814131.2890,1034710,V,578,508,-1
1788814131.2890,1034718,V,577,507,-1
1788814131.2891,1034726,V,576,506,-1
1788814131.2891,1034734,V,576,506,-1
1788814131.2891,1034742,V,576,506,-1
1788814131.3378,1034756,V,575,505,12568
1788814131.3378,1034764,V,577,507,-1
1788814131.3378,1034772,V,577,507,-1
1788814131.3378,1034780,V,576,506,-1
1788814131.3378,1034788,V,576,506,-1
1788814131.3378,1034796,V,576,506,-1
1788814131.3883,1034810,V,583,512,12569
1788814131.3883,1034818,V,576,506,-1
1788814131.3883,1034826,V,576,506,-1
1788814131.3883,1034834,V,576,506,-1
1788814131.3883,1034842,V,577,507,-1
1788814131.3883,1034850,V,577,507,-1
1788814131.4840,1034863,V,576,506,12570
1788814131.4841,1034871,V,576,506,-1
1788814131.4841,1034879,V,575,505,-1
1788814131.4841,1034887,V,576,506,-1
1788814131.4841,1034895,V,577,507,-1
1788814131.4842,1034903,V,576,506,-1
1788814131.5330,1034917,V,576,506,12571
1788814131.5331,1034925,V,577,507,-1
1788814131.5331,1034933,V,577,507,-1
1788814131.5331,1034941,V,575,505,-1
1788814131.5331,1034949,V,576,506,-1
1788814131.5331,1034957,V,576,506,-1
1788814131.5818,1034970,V,576,506,12572
1788814131.5818,1034978,V,576,506,-1
1788814131.5818,1034986,V,576,506,-1
1788814131.5818,1034994,V,577,507,-1
1788814131.5818,1035002,V,576,506,-1
1788814131.5818,1035010,V,575,505,-1
1788814131.6309,1035024,V,576,506,12573
1788814131.6309,1035032,V,576,506,-1
1788814131.6309,1035040,V,575,505,-1
1788814131.6310,1035048,V,575,505,-1
1788814131.6310,1035056,V,576,506,-1
1788814131.6310,1035064,V,576,506,-1
1788814131.6797,1035078,V,576,506,12574
1788814131.6797,1035086,V,576,506,-1
1788814131.6797,1035094,V,576,506,-1
1788814131.6797,1035102,V,575,505,-1
1788814131.6797,1035110,V,575,505,-1
1788814131.6797,1035118,V,576,506,-1
1788814131.7286,1035131,V,576,506,12575
1788814131.7287,1035139,V,575,505,-1
1788814131.7287,1035147,V,579,509,-1
1788814131.7287,1035155,V,575,505,-1
1788814131.7287,1035163,V,577,507,-1
1788814131.7287,1035171,V,577,507,-1
1788814131.7777,1035185,V,576,506,12576
1788814131.7778,1035193,V,576,506,-1
1788814131.7778,1035201,V,577,507,-1
1788814131.7778,1035209,V,576,506,-1
1788814131.7779,1035217,V,576,506,-1
1788814131.7779,1035225,V,576,506,-1
1788814131.8254,1035239,V,575,505,12577
1788814131.8254,1035247,V,580,510,-1
1788814131.8254,1035255,V,575,505,-1
1788814131.8254,1035263,V,576,506,-1
1788814131.8254,1035271,V,575,505,-1
1788814131.8254,1035279,V,575,505,-1
1788814131.8748,1035292,V,576,506,12578
1788814131.8748,1035300,V,575,505,-1
1788814131.8748,1035308,V,577,507,-1
1788814131.8748,1035316,V,576,506,-1
1788814131.8748,1035324,V,577,507,-1
1788814131.8749,1035332,V,576,506,-1
1788814131.9237,1035346,V,576,506,12579
1788814131.9238,1035354,V,576,506,-1
1788814131.9238,1035362,V,575,505,-1
1788814131.9238,1035370,V,576,506,-1
1788814131.9238,1035378,V,575,505,-1
1788814131.9238,1035386,V,575,505,-1
1788814132.0239,1035400,V,576,506,12580
1788814132.0240,1035408,V,576,506,-1
1788814132.0240,1035416,V,576,506,-1
1788814132.0240,1035424,V,575,505,-1
1788814132.0240,1035432,V,575,505,-1
1788814132.0240,1035440,V,575,505,-1
1788814132.0702,1035453,V,576,506,12581
1788814132.0702,1035461,V,576,506,-1
1788814132.0702,1035469,V,576,506,-1
1788814132.0702,1035477,V,576,506,-1
1788814132.0702,1035485,V,575,505,-1
1788814132.0702,1035493,V,576,506,-1
1788814132.1181,1035507,V,576,506,12582
1788814132.1181,1035515,V,575,505,-1
1788814132.1181,1035523,V,576,506,-1
1788814132.1181,1035531,V,576,506,-1
1788814132.1181,1035539,V,576,506,-1
1788814132.1181,1035547,V,576,506,-1
1788814132.1665,1035561,V,575,505,12583
1788814132.1665,1035569,V,574,504,-1
1788814132.1665,1035577,V,575,505,-1
1788814132.1666,1035585,V,579,509,-1
1788814132.1666,1035593,V,575,505,-1
1788814132.1666,1035601,V,575,505,-1
1788814132.2172,1035614,V,575,505,12584
1788814132.2172,1035622,V,576,506,-1
1788814132.2172,1035630,V,576,506,-1
1788814132.2172,1035638,V,576,506,-1
1788814132.2172,1035646,V,576,506,-1
1788814132.2172,1035654,V,576,506,-1
1788814132.2672,1035668,V,575,505,12585
1788814132.2673,1035676,V,576,506,-1
1788814132.2673,1035684,V,578,508,-1
1788814132.2673,1035692,V,576,506,-1
1788814132.2673,1035700,V,575,505,-1
1788814132.2673,1035708,V,576,506,-1
1788814132.3139,1035722,V,575,505,12586
1788814132.3139,1035730,V,576,506,-1
1788814132.3140,1035738,V,577,507,-1
1788814132.3140,1035746,V,576,506,-1
1788814132.3140,1035754,V,576,506,-1
1788814132.3140,1035762,V,576,506,-1
1788814132.3614,1035775,V,575,505,12587
1788814132.3614,1035783,V,583,512,-1
1788814132.3614,1035791,V,575,505,-1
1788814132.3614,1035799,V,576,506,-1
1788814132.3614,1035807,V,576,506,-1
1788814132.3614,1035815,V,575,505,-1
1788814132.4105,1035829,V,576,506,12588
1788814132.4105,1035837,V,575,505,-1
1788814132.4105,1035845,V,575,505,-1
1788814132.4105,1035853,V,576,506,-1
1788814132.4106,1035861,V,576,506,-1
1788814132.4106,1035869,V,576,506,-1
1788814132.4590,1035883,V,576,506,12589
1788814132.4590,1035891,V,575,505,-1
1788814132.4590,1035899,V,576,506,-1
1788814132.4591,1035907,V,576,506,-1
1788814132.4591,1035915,V,576,506,-1
1788814132.4591,1035923,V,576,506,-1
1788814132.5691,1035937,V,575,505,12590
1788814132.5692,1035945,V,575,505,-1
1788814132.5693,1035953,V,576,506,-1
1788814132.5693,1035961,V,576,506,-1
1788814132.5693,1035969,V,575,505,-1
1788814132.5693,1035977,V,575,505,-1
1788814132.6074,1035990,V,575,505,12591
1788814132.6075,1035998,V,575,505,-1
1788814132.6075,1036006,V,575,505,-1
1788814132.6075,1036014,V,575,505,-1
1788814132.6075,1036022,V,576,506,-1
1788814132.6075,1036030,V,575,505,-1
1788814132.6564,1036044,V,574,504,12592
1788814132.6565,1036052,V,577,507,-1
1788814132.6565,1036060,V,575,505,-1
1788814132.6565,1036068,V,576,506,-1
1788814132.6565,1036076,V,575,505,-1
1788814132.6565,1036084,V,575,505,-1
1788814132.7044,1036097,V,576,506,12593
1788814132.7044,1036105,V,576,506,-1
1788814132.7044,1036113,V,576,506,-1
1788814132.7044,1036121,V,578,508,-1
1788814132.7044,1036129,V,576,506,-1
1788814132.7044,1036137,V,576,506,-1
1788814132.7521,1036151,V,575,505,12594
1788814132.7521,1036159,V,575,505,-1
1788814132.7521,1036167,V,575,505,-1
1788814132.7521,1036175,V,577,507,-1
1788814132.7521,1036183,V,575,505,-1
1788814132.7521,1036191,V,575,505,-1
1788814132.8011,1036205,V,575,505,12595
1788814132.8012,1036213,V,575,505,-1
1788814132.8013,1036221,V,587,516,-1
1788814132.8013,1036229,V,576,506,-1
1788814132.8013,1036237,V,574,504,-1
1788814132.8013,1036245,V,576,506,-1
1788814132.8982,1036259,V,575,505,12596
1788814132.8982,1036267,V,575,505,-1
1788814132.8983,1036275,V,576,506,-1
1788814132.8983,1036283,V,574,504,-1
1788814132.8983,1036291,V,576,506,-1
1788814132.8983,1036299,V,575,505,-1
1788814132.8992,1036312,V,576,506,12597
1788814132.8992,1036320,V,576,506,-1
1788814132.8992,1036328,V,576,506,-1
1788814132.8993,1036336,V,575,505,-1
1788814132.8993,1036344,V,575,505,-1
1788814132.8993,1036352,V,575,505,-1
1788814132.9474,1036366,V,576,506,12598
1788814132.9474,1036374,V,575,505,-1
1788814132.9474,1036382,V,575,505,-1
1788814132.9474,1036390,V,575,505,-1
1788814132.9474,1036398,V,575,505,-1
1788814132.9474,1036406,V,576,506,-1
1788814132.9952,1036419,V,575,505,12599
1788814132.9953,1036427,V,577,507,-1
1788814132.9953,1036435,V,576,506,-1
1788814132.9953,1036443,V,576,506,-1
1788814132.9953,1036451,V,576,506,-1
1788814132.9953,1036459,V,575,505,-1
1788814133.0941,1036473,V,574,504,12600
1788814133.0942,1036481,V,574,504,-1
1788814133.0943,1036489,V,575,505,-1
1788814133.0943,1036497,V,575,505,-1
1788814133.0943,1036505,V,575,505,-1
1788814133.0943,1036513,V,575,505,-1
1788814133.1426,1036527,V,575,505,12601
1788814133.1426,1036535,V,576,506,-1
1788814133.1426,1036543,V,575,505,-1
1788814133.1426,1036551,V,576,506,-1
1788814133.1427,1036559,V,581,511,-1
1788814133.1427,1036567,V,577,507,-1
1788814133.1902,1036581,V,576,506,12602
1788814133.1902,1036589,V,577,507,-1
1788814133.1902,1036597,V,575,505,-1
1788814133.1902,1036605,V,573,504,-1
1788814133.1902,1036613,V,573,504,-1
1788814133.1902,1036621,V,575,505,-1
1788814133.2392,1036634,V,575,505,12603
1788814133.2392,1036642,V,575,505,-1
1788814133.2392,1036650,V,575,505,-1
1788814133.2392,1036658,V,578,508,-1
1788814133.2392,1036666,V,575,505,-1
1788814133.2392,1036674,V,574,504,-1
1788814133.2885,1036688,V,575,505,12604
1788814133.2885,1036696,V,576,506,-1
1788814133.2885,1036704,V,576,506,-1
1788814133.2886,1036712,V,574,504,-1
1788814133.2886,1036720,V,574,504,-1
1788814133.2886,1036728,V,575,505,-1
1788814133.3386,1036742,V,576,506,12605
1788814133.3388,1036750,V,575,505,-1
1788814133.3388,1036758,V,576,506,-1
1788814133.3388,1036766,V,574,504,-1
1788814133.3388,1036774,V,575,505,-1
1788814133.3388,1036782,V,575,505,-1
1788814133.3855,1036796,V,575,505,12606
1788814133.3855,1036804,V,575,505,-1
1788814133.3855,1036812,V,575,505,-1
1788814133.3855,1036820,V,577,507,-1
1788814133.3855,1036828,V,575,505,-1
1788814133.3855,1036836,V,575,505,-1
1788814133.4342,1036849,V,575,505,12607
1788814133.4342,1036857,V,575,505,-1
1788814133.4342,1036865,V,576,506,-1
1788814133.4342,1036873,V,575,505,-1
1788814133.4342,1036881,V,575,505,-1
1788814133.4342,1036889,V,575,505,-1
1788814133.4827,1036903,V,577,507,12608
1788814133.4827,1036911,V,576,506,-1
1788814133.4827,1036919,V,575,505,-1
1788814133.4827,1036927,V,575,505,-1
1788814133.4827,1036935,V,575,505,-1
1788814133.4827,1036943,V,576,506,-1
1788814133.5318,1036956,V,576,506,12609
1788814133.5318,1036964,V,576,506,-1
1788814133.5318,1036972,V,575,505,-1
1788814133.5319,1036980,V,575,505,-1
1788814133.5319,1036988,V,575,505,-1
1788814133.5319,1036996,V,577,507,-1
1788814133.6293,1037010,V,575,505,12610
1788814133.6295,1037018,V,576,506,-1
1788814133.6295,1037026,V,575,505,-1
1788814133.6295,1037034,V,576,506,-1
1788814133.6295,1037042,V,575,505,-1
1788814133.6295,1037050,V,575,505,-1
1788814133.6780,1037064,V,575,505,12611
1788814133.6780,1037072,V,575,505,-1
1788814133.6780,1037080,V,574,504,-1
1788814133.6781,1037088,V,575,505,-1
1788814133.6781,1037096,V,578,508,-1
1788814133.6781,1037104,V,576,506,-1
1788814133.7264,1037117,V,576,506,12612
1788814133.7264,1037125,V,576,506,-1
1788814133.7265,1037133,V,575,505,-1
1788814133.7265,1037141,V,576,506,-1
1788814133.7265,1037149,V,574,504,-1
1788814133.7265,1037157,V,575,505,-1
1788814133.7756,1037171,V,576,506,12613
1788814133.7756,1037179,V,576,506,-1
1788814133.7756,1037187,V,575,505,-1
1788814133.7756,1037195,V,591,519,-1
1788814133.7756,1037203,V,576,506,-1
1788814133.7756,1037211,V,574,504,-1
1788814133.8243,1037225,V,575,505,12614
1788814133.8243,1037233,V,576,506,-1
1788814133.8244,1037241,V,575,505,-1
1788814133.8244,1037249,V,577,507,-1
1788814133.8244,1037257,V,577,507,-1
1788814133.8244,1037265,V,575,505,-1
1788814133.8730,1037278,V,576,506,12615
1788814133.8731,1037286,V,576,506,-1
1788814133.8731,1037294,V,576,506,-1
1788814133.8731,1037302,V,575,505,-1
1788814133.8731,1037310,V,575,505,-1
1788814133.8731,1037318,V,575,505,-1
1788814133.9219,1037332,V,576,506,12616
1788814133.9219,1037340,V,575,505,-1
1788814133.9219,1037348,V,575,505,-1
1788814133.9219,1037356,V,575,505,-1
1788814133.9219,1037364,V,575,505,-1
1788814133.9220,1037372,V,575,505,-1
1788814133.9704,1037386,V,575,505,12617
1788814133.9704,1037394,V,575,505,-1
1788814133.9704,1037402,V,576,506,-1
1788814133.9704,1037410,V,575,505,-1
1788814133.9704,1037418,V,577,507,-1
1788814133.9704,1037426,V,577,507,-1
1788814134.0192,1037439,V,576,506,12618
1788814134.0192,1037447,V,577,507,-1
1788814134.0192,1037455,V,575,505,-1
1788814134.0192,1037463,V,577,507,-1
1788814134.0192,1037471,V,575,505,-1
1788814134.0192,1037479,V,576,506,-1
1788814134.0678,1037493,V,577,507,12619
1788814134.0678,1037501,V,576,506,-1
1788814134.0678,1037509,V,575,505,-1
1788814134.0678,1037517,V,574,504,-1
1788814134.0678,1037525,V,576,506,-1
1788814134.0678,1037533,V,580,510,-1
1788814134.1655,1037547,V,576,506,12620
1788814134.1656,1037555,V,576,506,-1
1788814134.1656,1037563,V,576,506,-1
1788814134.1656,1037571,V,577,507,-1
1788814134.1656,1037579,V,577,507,-1
1788814134.1656,1037587,V,576,506,-1
1788814134.2141,1037600,V,575,505,12621
1788814134.2141,1037608,V,576,506,-1
1788814134.2141,1037616,V,575,505,-1
1788814134.2141,1037624,V,576,506,-1
1788814134.2141,1037632,V,582,512,-1
1788814134.2141,1037640,V,576,506,-1
1788814134.2630,1037654,V,576,506,12622
1788814134.2630,1037662,V,575,505,-1
1788814134.2630,1037670,V,577,507,-1
1788814134.2630,1037678,V,577,507,-1
1788814134.2631,1037686,V,575,505,-1
1788814134.2631,1037694,V,575,505,-1
1788814134.3116,1037708,V,577,507,12623
1788814134.3116,1037716,V,575,505,-1
1788814134.3116,1037724,V,576,506,-1
1788814134.3116,1037732,V,579,509,-1
1788814134.3117,1037740,V,577,507,-1
1788814134.3117,1037748,V,576,506,-1
1788814134.3605,1037762,V,575,505,12624
1788814134.3605,1037770,V,576,506,-1
1788814134.3605,1037778,V,576,506,-1
1788814134.3605,1037786,V,576,506,-1
1788814134.3605,1037794,V,576,506,-1
1788814134.3605,1037802,V,575,505,-1
1788814134.4093,1037815,V,576,506,12625
1788814134.4095,1037823,V,576,506,-1
1788814134.4095,1037831,V,576,506,-1
1788814134.4095,1037839,V,576,506,-1
1788814134.4095,1037847,V,576,506,-1
1788814134.4095,1037855,V,575,505,-1
1788814134.4581,1037869,V,576,506,12626
1788814134.4581,1037877,V,577,507,-1
1788814134.4581,1037885,V,575,505,-1
1788814134.4581,1037893,V,575,505,-1
1788814134.4581,1037901,V,576,506,-1
1788814134.4581,1037909,V,577,507,-1
1788814134.5065,1037922,V,576,506,12627
1788814134.5065,1037930,V,577,507,-1
1788814134.5065,1037938,V,577,507,-1
1788814134.5065,1037946,V,576,506,-1
1788814134.5065,1037954,V,576,506,-1
1788814134.5065,1037962,V,575,505,-1
1788814134.5553,1037976,V,580,510,12628
1788814134.5553,1037984,V,577,507,-1
1788814134.5553,1037992,V,576,506,-1
1788814134.5553,1038000,V,577,507,-1
1788814134.5553,1038008,V,576,506,-1
1788814134.5553,1038016,V,576,506,-1
1788814134.6040,1038030,V,576,506,12629
1788814134.6040,1038038,V,577,507,-1
1788814134.6040,1038046,V,576,506,-1
1788814134.6040,1038054,V,576,506,-1
1788814134.6041,1038062,V,576,506,-1
1788814134.6041,1038070,V,578,508,-1
1788814134.7014,1038084,V,576,506,12630
1788814134.7016,1038092,V,575,505,-1
1788814134.7016,1038100,V,575,505,-1
1788814134.7016,1038108,V,577,507,-1
1788814134.7016,1038116,V,576,506,-1
1788814134.7016,1038124,V,576,506,-1
1788814134.7515,1038137,V,576,506,12631
1788814134.7516,1038145,V,577,507,-1
1788814134.7516,1038153,V,575,505,-1
1788814134.7516,1038161,V,575,505,-1
1788814134.7516,1038169,V,584,513,-1
1788814134.7516,1038177,V,576,506,-1
1788814134.8001,1038191,V,576,506,12632
1788814134.8001,1038199,V,577,507,-1
1788814134.8001,1038207,V,576,506,-1
1788814134.8001,1038215,V,576,506,-1
1788814134.8001,1038223,V,576,506,-1
1788814134.8001,1038231,V,577,507,-1
1788814134.8517,1038245,V,577,507,12633
1788814134.8517,1038253,V,576,506,-1
1788814134.8517,1038261,V,578,508,-1
1788814134.8517,1038269,V,576,506,-1
1788814134.8517,1038277,V,575,505,-1
1788814134.8517,1038285,V,576,506,-1
1788814134.8968,1038298,V,576,506,12634
1788814134.8969,1038306,V,576,506,-1
1788814134.8969,1038314,V,576,506,-1
1788814134.8969,1038322,V,575,505,-1
1788814134.8969,1038330,V,576,506,-1
1788814134.8969,1038338,V,575,505,-1
1788814134.9942,1038352,V,576,506,12635
1788814134.9944,1038360,V,575,505,-1
1788814134.9944,1038368,V,576,506,-1
1788814134.9944,1038376,V,576,506,-1
1788814134.9944,1038384,V,575,505,-1
1788814134.9944,1038392,V,575,505,-1
1788814134.9954,1038406,V,576,506,12636
1788814134.9954,1038414,V,576,506,-1
1788814134.9954,1038422,V,576,506,-1
1788814134.9954,1038430,V,576,506,-1
1788814134.9954,1038438,V,576,506,-1
1788814134.9954,1038446,V,576,506,-1
1788814135.0431,1038459,V,576,506,12637
1788814135.0431,1038467,V,576,506,-1
1788814135.0431,1038475,V,576,506,-1
1788814135.0431,1038483,V,576,506,-1
1788814135.0431,1038491,V,576,506,-1
1788814135.0431,1038499,V,575,505,-1
1788814135.0917,1038513,V,579,509,12638
1788814135.0917,1038521,V,577,507,-1
1788814135.0917,1038529,V,576,506,-1
1788814135.0917,1038537,V,576,506,-1
1788814135.0917,1038545,V,576,506,-1
1788814135.0917,1038553,V,576,506,-1
1788814135.1894,1038566,V,577,507,12639
1788814135.1895,1038574,V,576,506,-1
1788814135.1895,1038582,V,576,506,-1
1788814135.1895,1038590,V,577,507,-1
1788814135.1895,1038598,V,576,506,-1
1788814135.1895,1038606,V,581,511,-1
1788814135.2378,1038620,V,576,506,12640
1788814135.2379,1038628,V,576,506,-1
1788814135.2379,1038636,V,577,507,-1
1788814135.2379,1038644,V,575,505,-1
1788814135.2380,1038652,V,577,507,-1
1788814135.2380,1038660,V,577,507,-1
1788814135.2868,1038674,V,576,506,12641
1788814135.2868,1038682,V,576,506,-1
1788814135.2868,1038690,V,577,507,-1
1788814135.2869,1038698,V,576,506,-1
1788814135.2869,1038706,V,576,506,-1
1788814135.2869,1038714,V,577,507,-1
1788814135.3354,1038728,V,577,507,12642
1788814135.3355,1038736,V,576,506,-1
1788814135.3355,1038744,V,576,506,-1
1788814135.3355,1038752,V,576,506,-1
1788814135.3355,1038760,V,576,506,-1
1788814135.3355,1038768,V,575,505,-1
1788814135.3841,1038781,V,576,506,12643
1788814135.3841,1038789,V,576,506,-1
1788814135.3843,1038797,V,577,507,-1
1788814135.3843,1038805,V,576,506,-1
1788814135.3843,1038813,V,575,505,-1
1788814135.3843,1038821,V,576,506,-1
1788814135.4328,1038835,V,576,506,12644
1788814135.4328,1038843,V,576,506,-1
1788814135.4328,1038851,V,576,506,-1
1788814135.4328,1038859,V,577,507,-1
1788814135.4328,1038867,V,576,506,-1
1788814135.4328,1038875,V,576,506,-1
1788814135.4814,1038889,V,575,505,12645
1788814135.4815,1038897,V,575,505,-1
1788814135.4815,1038905,V,576,506,-1
1788814135.4815,1038913,V,575,505,-1
1788814135.4815,1038921,V,576,506,-1
1788814135.4815,1038929,V,576,506,-1
1788814135.5301,1038942,V,575,505,12646
1788814135.5301,1038950,V,580,510,-1
1788814135.5301,1038958,V,575,505,-1
1788814135.5301,1038966,V,576,506,-1
1788814135.5301,1038974,V,576,506,-1
1788814135.5301,1038982,V,576,506,-1
1788814135.5798,1038996,V,576,506,12647
1788814135.5798,1039004,V,577,507,-1
1788814135.5798,1039012,V,576,506,-1
1788814135.5798,1039020,V,577,507,-1
1788814135.5798,1039028,V,576,506,-1
1788814135.5798,1039036,V,576,506,-1
1788814135.6276,1039050,V,580,510,12648
1788814135.6276,1039058,V,576,506,-1
1788814135.6276,1039066,V,576,506,-1
1788814135.6276,1039074,V,576,506,-1
1788814135.6276,1039082,V,577,507,-1
1788814135.6276,1039090,V,576,506,-1
1788814135.7264,1039104,V,577,507,12649
1788814135.7266,1039112,V,576,506,-1
1788814135.7266,1039120,V,576,506,-1
1788814135.7266,1039128,V,576,506,-1
1788814135.7266,1039136,V,576,506,-1
1788814135.7266,1039144,V,578,508,-1
1788814135.7753,1039157,V,576,506,12650
1788814135.7753,1039165,V,577,507,-1
1788814135.7753,1039173,V,576,506,-1
1788814135.7753,1039181,V,576,506,-1
1788814135.7753,1039189,V,576,506,-1
1788814135.7753,1039197,V,575,505,-1
1788814135.8723,1039211,V,575,505,12651
1788814135.8723,1039219,V,575,505,-1
1788814135.8724,1039227,V,575,505,-1
1788814135.8724,1039235,V,577,507,-1
1788814135.8724,1039243,V,576,506,-1
1788814135.8724,1039251,V,575,505,-1
1788814135.8734,1039265,V,575,505,12652
1788814135.8734,1039273,V,575,505,-1
1788814135.8734,1039281,V,576,506,-1
1788814135.8734,1039289,V,576,506,-1
1788814135.8734,1039297,V,577,507,-1
1788814135.8734,1039305,V,576,506,-1
1788814135.9202,1039318,V,575,505,12653
1788814135.9202,1039326,V,575,505,-1
1788814135.9203,1039334,V,577,507,-1
1788814135.9203,1039342,V,575,505,-1
1788814135.9203,1039350,V,576,506,-1
1788814135.9203,1039358,V,576,506,-1
1788814135.9698,1039372,V,578,508,12654
1788814135.9699,1039380,V,575,505,-1
1788814135.9700,1039388,V,580,510,-1
1788814135.9700,1039396,V,576,506,-1
1788814135.9700,1039404,V,575,505,-1
1788814135.9700,1039412,V,576,506,-1
1788814136.0181,1039426,V,575,505,12655
1788814136.0182,1039434,V,577,507,-1
1788814136.0182,1039442,V,575,505,-1
1788814136.0182,1039450,V,576,506,-1
1788814136.0182,1039458,V,575,505,-1
1788814136.0182,1039466,V,575,505,-1
1788814136.0675,1039479,V,575,505,12656
1788814136.0675,1039487,V,578,508,-1
1788814136.0675,1039495,V,577,507,-1
1788814136.0675,1039503,V,576,506,-1
1788814136.0675,1039511,V,575,505,-1
1788814136.0675,1039519,V,576,506,-1
1788814136.1153,1039533,V,575,505,12657
1788814136.1154,1039541,V,575,505,-1
1788814136.1154,1039549,V,576,506,-1
1788814136.1154,1039557,V,576,506,-1
1788814136.1154,1039565,V,575,505,-1
1788814136.1154,1039573,V,576,506,-1
1788814136.1658,1039587,V,578,508,12658
1788814136.1658,1039595,V,575,505,-1
1788814136.1658,1039603,V,577,507,-1
1788814136.1658,1039611,V,576,506,-1
1788814136.1658,1039619,V,575,505,-1
1788814136.1658,1039627,V,576,506,-1
1788814136.2617,1039641,V,575,505,12659
1788814136.2618,1039649,V,575,505,-1
1788814136.2618,1039657,V,576,506,-1
1788814136.2618,1039665,V,575,505,-1
1788814136.2618,1039673,V,575,505,-1
1788814136.2618,1039681,V,575,505,-1
1788814136.3105,1039694,V,576,506,12660
1788814136.3105,1039702,V,575,505,-1
1788814136.3106,1039710,V,575,505,-1
1788814136.3106,1039718,V,575,505,-1
1788814136.3106,1039726,V,575,505,-1
1788814136.3106,1039734,V,575,505,-1
1788814136.3599,1039748,V,576,506,12661
1788814136.3599,1039756,V,575,505,-1
1788814136.3599,1039764,V,575,505,-1
1788814136.3599,1039772,V,576,506,-1
1788814136.3599,1039780,V,575,505,-1
1788814136.3599,1039788,V,576,506,-1
1788814136.4113,1039802,V,577,507,12662
1788814136.4113,1039810,V,574,504,-1
1788814136.4113,1039818,V,576,506,-1
1788814136.4113,1039826,V,580,510,-1
1788814136.4113,1039834,V,575,505,-1
1788814136.4113,1039842,V,575,505,-1
1788814136.4572,1039855,V,577,507,12663
1788814136.4572,1039863,V,576,506,-1
1788814136.4572,1039871,V,576,506,-1
1788814136.4572,1039879,V,576,506,-1
1788814136.4572,1039887,V,576,506,-1
1788814136.4572,1039895,V,576,506,-1
1788814136.5052,1039909,V,575,505,12664
1788814136.5053,1039917,V,575,505,-1
1788814136.5054,1039925,V,577,507,-1
1788814136.5054,1039933,V,575,505,-1
1788814136.5054,1039941,V,575,505,-1
1788814136.5054,1039949,V,576,506,-1
1788814136.5542,1039963,V,575,505,12665
1788814136.5543,1039971,V,576,506,-1
1788814136.5543,1039979,V,575,505,-1
1788814136.5543,1039987,V,576,506,-1
1788814136.5543,1039995,V,576,506,-1
1788814136.5543,1040003,V,575,505,-1
1788814136.6538,1040016,V,576,506,12666
1788814136.6538,1040024,V,583,512,-1
1788814136.6538,1040032,V,577,507,-1
1788814136.6539,1040040,V,577,507,-1
1788814136.6539,1040048,V,578,508,-1
1788814136.6539,1040056,V,576,506,-1
1788814136.6542,1040070,V,576,506,12667
1788814136.6543,1040078,V,576,506,-1
1788814136.6543,1040086,V,576,506,-1
1788814136.6543,1040094,V,576,506,-1
1788814136.6543,1040102,V,576,506,-1
1788814136.6543,1040110,V,576,506,-1
1788814136.7507,1040124,V,576,506,12668
1788814136.7508,1040132,V,575,505,-1
1788814136.7508,1040140,V,575,505,-1
1788814136.7508,1040148,V,575,505,-1
1788814136.7508,1040156,V,576,506,-1
1788814136.7508,1040164,V,576,506,-1
1788814136.7989,1040178,V,575,505,12669
1788814136.7990,1040186,V,576,506,-1
1788814136.7990,1040194,V,575,505,-1
1788814136.7990,1040202,V,576,506,-1
1788814136.7990,1040210,V,575,505,-1
1788814136.7990,1040218,V,576,506,-1
1788814136.8485,1040231,V,577,507,12670
1788814136.8485,1040239,V,575,505,-1
1788814136.8485,1040247,V,576,506,-1
1788814136.8485,1040255,V,575,505,-1
1788814136.8485,1040263,V,577,507,-1
1788814136.8485,1040271,V,576,506,-1
1788814136.9447,1040285,V,576,506,12671
1788814136.9448,1040293,V,575,505,-1
1788814136.9448,1040301,V,576,506,-1
1788814136.9448,1040309,V,575,505,-1
1788814136.9448,1040317,V,575,505,-1
1788814136.9448,1040325,V,575,505,-1
1788814136.9455,1040339,V,577,507,12672
1788814136.9455,1040347,V,576,506,-1
1788814136.9456,1040355,V,575,505,-1
1788814136.9456,1040363,V,578,508,-1
1788814136.9456,1040371,V,575,505,-1
1788814136.9456,1040379,V,575,505,-1
1788814136.9929,1040392,V,576,506,12673
1788814136.9930,1040400,V,575,505,-1
1788814136.9930,1040408,V,576,506,-1
1788814136.9930,1040416,V,575,505,-1
1788814136.9930,1040424,V,575,505,-1
1788814136.9930,1040432,V,576,506,-1
1788814137.0905,1040446,V,575,505,12674
1788814137.0905,1040454,V,575,505,-1
1788814137.0905,1040462,V,590,519,-1
1788814137.0905,1040470,V,575,505,-1
1788814137.0905,1040478,V,576,506,-1
1788814137.0905,1040486,V,576,506,-1
1788814137.0917,1040500,V,577,507,12675
1788814137.0917,1040508,V,576,506,-1
1788814137.0918,1040516,V,576,506,-1
1788814137.0918,1040524,V,576,506,-1
1788814137.0918,1040532,V,575,505,-1
1788814137.0918,1040540,V,575,505,-1
1788814137.1391,1040553,V,576,506,12676
1788814137.1392,1040561,V,583,512,-1
1788814137.1392,1040569,V,576,506,-1
1788814137.1392,1040577,V,575,505,-1
1788814137.1393,1040585,V,576,506,-1
1788814137.1393,1040593,V,576,506,-1
1788814137.1878,1040607,V,576,506,12677
1788814137.1878,1040615,V,577,507,-1
1788814137.1878,1040623,V,577,507,-1
1788814137.1878,1040631,V,576,506,-1
1788814137.1878,1040639,V,575,505,-1
1788814137.1878,1040647,V,575,505,-1
1788814137.2851,1040661,V,576,506,12678
1788814137.2853,1040669,V,575,505,-1
1788814137.2853,1040677,V,576,506,-1
1788814137.2853,1040685,V,576,506,-1
1788814137.2853,1040693,V,575,505,-1
1788814137.2853,1040701,V,575,505,-1
1788814137.3341,1040714,V,575,505,12679
1788814137.3342,1040722,V,576,506,-1
1788814137.3342,1040730,V,576,506,-1
1788814137.3342,1040738,V,575,505,-1
1788814137.3342,1040746,V,575,505,-1
1788814137.3342,1040754,V,576,506,-1
1788814137.3826,1040768,V,576,506,12680
1788814137.3827,1040776,V,576,506,-1
1788814137.3827,1040784,V,575,505,-1
1788814137.3827,1040792,V,576,506,-1
1788814137.3827,1040800,V,580,510,-1
1788814137.3827,1040808,V,575,505,-1
1788814137.4320,1040822,V,576,506,12681
1788814137.4321,1040830,V,574,504,-1
1788814137.4321,1040838,V,576,506,-1
1788814137.4321,1040846,V,576,506,-1
1788814137.4321,1040854,V,576,506,-1
1788814137.4321,1040862,V,575,505,-1
1788814137.4805,1040875,V,575,505,12682
1788814137.4805,1040883,V,576,506,-1
1788814137.4805,1040891,V,576,506,-1
1788814137.4805,1040899,V,582,512,-1
1788814137.4805,1040907,V,575,505,-1
1788814137.4805,1040915,V,575,505,-1
1788814137.5294,1040929,V,576,506,12683
1788814137.5295,1040937,V,575,505,-1
1788814137.5295,1040945,V,575,505,-1
1788814137.5295,1040953,V,575,505,-1
1788814137.5295,1040961,V,574,504,-1
1788814137.5295,1040969,V,575,505,-1
1788814137.5781,1040983,V,574,504,12684
1788814137.5781,1040991,V,575,505,-1
1788814137.5781,1040999,V,576,506,-1
1788814137.5781,1041007,V,575,505,-1
1788814137.5782,1041015,V,574,504,-1
1788814137.5782,1041023,V,575,505,-1
1788814137.6265,1041036,V,575,505,12685
1788814137.6266,1041044,V,574,504,-1
1788814137.6266,1041052,V,575,505,-1
1788814137.6266,1041060,V,575,505,-1
1788814137.6266,1041068,V,576,506,-1
1788814137.6266,1041076,V,576,506,-1
1788814137.6757,1041090,V,576,506,12686
1788814137.6757,1041098,V,575,505,-1
1788814137.6757,1041106,V,576,506,-1
1788814137.6757,1041114,V,575,505,-1
1788814137.6757,1041122,V,575,505,-1
1788814137.6758,1041130,V,575,505,-1
1788814137.7246,1041144,V,576,506,12687
1788814137.7246,1041152,V,575,505,-1
1788814137.7246,1041160,V,574,504,-1
1788814137.7246,1041168,V,575,505,-1
1788814137.7247,1041176,V,576,506,-1
1788814137.7247,1041184,V,576,506,-1
1788814137.7729,1041197,V,575,505,12688
1788814137.7730,1041205,V,576,506,-1
1788814137.7730,1041213,V,576,506,-1
1788814137.7730,1041221,V,576,506,-1
1788814137.7730,1041229,V,576,506,-1
1788814137.7730,1041237,V,580,510,-1
1788814137.8705,1041251,V,575,505,12689
1788814137.8706,1041259,V,575,505,-1
1788814137.8706,1041267,V,575,505,-1
1788814137.8706,1041275,V,577,507,-1
1788814137.8706,1041283,V,576,506,-1
1788814137.8706,1041291,V,576,506,-1
1788814137.9192,1041305,V,575,505,12690
1788814137.9192,1041313,V,577,507,-1
1788814137.9193,1041321,V,576,506,-1
1788814137.9193,1041329,V,576,506,-1
1788814137.9193,1041337,V,577,507,-1
1788814137.9193,1041345,V,576,506,-1
1788814137.9677,1041358,V,576,506,12691
1788814137.9677,1041366,V,576,506,-1
1788814137.9677,1041374,V,575,505,-1
1788814137.9677,1041382,V,577,507,-1
1788814137.9677,1041390,V,576,506,-1
1788814137.9677,1041398,V,575,505,-1
1788814138.0166,1041412,V,575,505,12692
1788814138.0167,1041420,V,575,505,-1
1788814138.0167,1041428,V,576,506,-1
1788814138.0167,1041436,V,590,519,-1
1788814138.0168,1041444,V,575,505,-1
1788814138.0168,1041452,V,576,506,-1
1788814138.0667,1041466,V,576,506,12693
1788814138.0667,1041474,V,576,506,-1
1788814138.0667,1041482,V,575,505,-1
1788814138.0667,1041490,V,575,505,-1
1788814138.0667,1041498,V,575,505,-1
1788814138.0667,1041506,V,575,505,-1
1788814138.1141,1041519,V,575,505,12694
1788814138.1141,1041527,V,575,505,-1
1788814138.1141,1041535,V,575,505,-1
1788814138.1141,1041543,V,575,505,-1
1788814138.1141,1041551,V,576,506,-1
1788814138.1141,1041559,V,576,506,-1
1788814138.1635,1041573,V,575,505,12695
1788814138.1636,1041581,V,575,505,-1
1788814138.1636,1041589,V,576,506,-1
1788814138.1636,1041597,V,575,505,-1
1788814138.1636,1041605,V,575,505,-1
1788814138.1636,1041613,V,575,505,-1
1788814138.2116,1041627,V,575,505,12696
1788814138.2116,1041635,V,575,505,-1
1788814138.2116,1041643,V,575,505,-1
1788814138.2116,1041651,V,576,506,-1
1788814138.2116,1041659,V,577,507,-1
1788814138.2116,1041667,V,574,504,-1
1788814138.3095,1041680,V,576,506,12697
1788814138.3096,1041688,V,575,505,-1
1788814138.3096,1041696,V,575,505,-1
1788814138.3096,1041704,V,575,505,-1
1788814138.3096,1041712,V,575,505,-1
1788814138.3097,1041720,V,575,505,-1
1788814138.3106,1041734,V,575,505,12698
1788814138.3106,1041742,V,575,505,-1
1788814138.3106,1041750,V,574,504,-1
1788814138.3106,1041758,V,574,504,-1
1788814138.3106,1041766,V,575,505,-1
1788814138.3106,1041774,V,578,508,-1
1788814138.4066,1041788,V,576,506,12699
1788814138.4066,1041796,V,575,505,-1
1788814138.4066,1041804,V,575,505,-1
1788814138.4066,1041812,V,576,506,-1
1788814138.4066,1041820,V,575,505,-1
1788814138.4067,1041828,V,576,506,-1
1788814138.4553,1041841,V,575,505,12700
1788814138.4553,1041849,V,576,506,-1
1788814138.4553,1041857,V,576,506,-1
1788814138.4553,1041865,V,576,506,-1
1788814138.4553,1041873,V,580,510,-1
1788814138.4553,1041881,V,575,505,-1
1788814138.5040,1041895,V,575,505,12701
1788814138.5040,1041903,V,576,506,-1
1788814138.5040,1041911,V,575,505,-1
1788814138.5040,1041919,V,576,506,-1
1788814138.5040,1041927,V,575,505,-1
1788814138.5040,1041935,V,575,505,-1
1788814138.5527,1041949,V,576,506,12702
1788814138.5528,1041957,V,576,506,-1
1788814138.5528,1041965,V,576,506,-1
1788814138.5528,1041973,V,578,508,-1
1788814138.5528,1041981,V,575,505,-1
1788814138.5528,1041989,V,576,506,-1
1788814138.6027,1042002,V,575,505,12703
1788814138.6027,1042010,V,575,505,-1
1788814138.6027,1042018,V,576,506,-1
1788814138.6027,1042026,V,575,505,-1
1788814138.6027,1042034,V,576,506,-1
1788814138.6027,1042042,V,575,505,-1
1788814138.6524,1042056,V,576,506,12704
1788814138.6524,1042064,V,576,506,-1
1788814138.6524,1042072,V,576,506,-1
1788814138.6524,1042080,V,575,505,-1
1788814138.6524,1042088,V,575,505,-1
1788814138.6524,1042096,V,577,507,-1
1788814138.6991,1042110,V,575,505,12705
1788814138.6991,1042118,V,575,505,-1
1788814138.6991,1042126,V,576,506,-1
1788814138.6991,1042134,V,576,506,-1
1788814138.6991,1042142,V,577,507,-1
1788814138.6991,1042150,V,576,506,-1
1788814138.7484,1042164,V,576,506,12706
1788814138.7485,1042172,V,575,505,-1
1788814138.7485,1042180,V,575,505,-1
1788814138.7485,1042188,V,575,505,-1
1788814138.7485,1042196,V,575,505,-1
1788814138.7485,1042204,V,576,506,-1
1788814138.7966,1042217,V,579,509,12707
1788814138.7967,1042225,V,575,505,-1
1788814138.7967,1042233,V,575,505,-1
1788814138.7967,1042241,V,575,505,-1
1788814138.7967,1042249,V,575,505,-1
1788814138.7967,1042257,V,575,505,-1
1788814138.8457,1042271,V,576,506,12708
1788814138.8458,1042279,V,576,506,-1
1788814138.8458,1042287,V,576,506,-1
1788814138.8458,1042295,V,576,506,-1
1788814138.8458,1042303,V,575,505,-1
1788814138.8458,1042311,V,577,507,-1
1788814138.9429,1042325,V,575,505,12709
1788814138.9429,1042333,V,576,506,-1
1788814138.9430,1042341,V,574,504,-1
1788814138.9430,1042349,V,575,505,-1
1788814138.9430,1042357,V,576,506,-1
1788814138.9430,1042365,V,576,506,-1
1788814138.9916,1042379,V,577,507,12710
1788814138.9916,1042387,V,575,505,-1
1788814138.9916,1042395,V,575,505,-1
1788814138.9916,1042403,V,576,506,-1
1788814138.9916,1042411,V,578,508,-1
1788814138.9916,1042419,V,575,505,-1
1788814139.0404,1042432,V,576,506,12711
1788814139.0405,1042440,V,576,506,-1
1788814139.0405,1042448,V,575,505,-1
1788814139.0405,1042456,V,575,505,-1
1788814139.0405,1042464,V,575,505,-1
1788814139.0406,1042472,V,575,505,-1
1788814139.0895,1042486,V,576,506,12712
1788814139.0896,1042494,V,575,505,-1
1788814139.0896,1042502,V,575,505,-1
1788814139.0896,1042510,V,575,505,-1
1788814139.0896,1042518,V,575,505,-1
1788814139.0896,1042526,V,576,506,-1
1788814139.1881,1042540,V,576,506,12713
1788814139.1881,1042548,V,575,505,-1
1788814139.1882,1042556,V,575,505,-1
1788814139.1882,1042564,V,575,505,-1
1788814139.1882,1042572,V,575,505,-1
1788814139.1882,1042580,V,575,505,-1
1788814139.1886,1042593,V,574,504,12714
1788814139.1886,1042601,V,576,506,-1
1788814139.1886,1042609,V,574,504,-1
1788814139.1886,1042617,V,576,506,-1
1788814139.1887,1042625,V,576,506,-1
1788814139.1887,1042633,V,575,505,-1
1788814139.2355,1042647,V,577,507,12715
1788814139.2355,1042655,V,580,510,-1
1788814139.2355,1042663,V,576,506,-1
1788814139.2356,1042671,V,576,506,-1
1788814139.2356,1042679,V,576,506,-1
1788814139.2356,1042687,V,576,506,-1
1788814139.2840,1042701,V,576,506,12716
1788814139.2841,1042709,V,577,507,-1
1788814139.2841,1042717,V,575,505,-1
1788814139.2841,1042725,V,576,506,-1
1788814139.2841,1042733,V,576,506,-1
1788814139.2841,1042741,V,576,506,-1
1788814139.3334,1042754,V,578,508,12717
1788814139.3334,1042762,V,576,506,-1
1788814139.3334,1042770,V,576,506,-1
1788814139.3334,1042778,V,575,505,-1
1788814139.3334,1042786,V,575,505,-1
1788814139.3334,1042794,V,575,505,-1
1788814139.4306,1042808,V,575,505,12718
1788814139.4306,1042816,V,577,507,-1
1788814139.4306,1042824,V,576,506,-1
1788814139.4306,1042832,V,575,505,-1
1788814139.4306,1042840,V,575,505,-1
1788814139.4306,1042848,V,578,508,-1
1788814139.4792,1042862,V,576,506,12719
1788814139.4792,1042870,V,575,505,-1
1788814139.4792,1042878,V,576,506,-1
1788814139.4792,1042886,V,576,506,-1
1788814139.4792,1042894,V,575,505,-1
1788814139.4792,1042902,V,577,507,-1
1788814139.5279,1042916,V,576,506,12720
1788814139.5281,1042924,V,577,507,-1
1788814139.5281,1042932,V,574,504,-1
1788814139.5281,1042940,V,577,507,-1
1788814139.5281,1042948,V,575,505,-1
1788814139.5281,1042956,V,575,505,-1
1788814139.5770,1042970,V,574,504,12721
1788814139.5770,1042978,V,576,506,-1
1788814139.5770,1042986,V,576,506,-1
1788814139.5770,1042994,V,575,505,-1
1788814139.5770,1043002,V,575,505,-1
1788814139.5771,1043010,V,576,506,-1
1788814139.6254,1043023,V,576,506,12722
1788814139.6254,1043031,V,575,505,-1
1788814139.6254,1043039,V,575,505,-1
1788814139.6254,1043047,V,575,505,-1
1788814139.6254,1043055,V,574,504,-1
1788814139.6254,1043063,V,576,506,-1
1788814139.6758,1043077,V,575,505,12723
1788814139.6759,1043085,V,576,506,-1
1788814139.6759,1043093,V,579,509,-1
1788814139.6759,1043101,V,576,506,-1
1788814139.6759,1043109,V,576,506,-1
1788814139.6759,1043117,V,575,505,-1
1788814139.7228,1043131,V,575,505,12724
1788814139.7228,1043139,V,575,505,-1
1788814139.7228,1043147,V,576,506,-1
1788814139.7228,1043155,V,575,505,-1
1788814139.7229,1043163,V,574,504,-1
1788814139.7229,1043171,V,575,505,-1
1788814139.7724,1043184,V,576,506,12725
1788814139.7726,1043192,V,579,509,-1
1788814139.7726,1043200,V,575,505,-1
1788814139.7727,1043208,V,576,506,-1
1788814139.7727,1043216,V,576,506,-1
1788814139.7727,1043224,V,576,506,-1
1788814139.8208,1043238,V,576,506,12726
1788814139.8209,1043246,V,576,506,-1
1788814139.8209,1043254,V,576,506,-1
1788814139.8209,1043262,V,576,506,-1
1788814139.8209,1043270,V,575,505,-1
1788814139.8209,1043278,V,576,506,-1
1788814139.8692,1043292,V,578,508,12727
1788814139.8692,1043300,V,576,506,-1
1788814139.8692,1043308,V,576,506,-1
1788814139.8693,1043316,V,576,506,-1
1788814139.8693,1043324,V,577,507,-1
1788814139.8693,1043332,V,576,506,-1
1788814139.9667,1043345,V,577,507,12728
1788814139.9667,1043353,V,576,506,-1
1788814139.9667,1043361,V,575,505,-1
1788814139.9667,1043369,V,577,507,-1
1788814139.9668,1043377,V,576,506,-1
1788814139.9668,1043385,V,576,506,-1
1788814140.0158,1043399,V,576,506,12729
1788814140.0160,1043407,V,576,506,-1
1788814140.0160,1043415,V,576,506,-1
1788814140.0160,1043423,V,575,505,-1
1788814140.0160,1043431,V,576,506,-1
1788814140.0160,1043439,V,576,506,-1
1788814140.0647,1043453,V,575,505,12730
1788814140.0647,1043461,V,576,506,-1
1788814140.0647,1043469,V,576,506,-1
1788814140.0647,1043477,V,575,505,-1
1788814140.0648,1043485,V,577,507,-1
1788814140.0648,1043493,V,576,506,-1
1788814140.1138,1043506,V,576,506,12731
1788814140.1138,1043514,V,576,506,-1
1788814140.1138,1043522,V,574,504,-1
1788814140.1138,1043530,V,575,505,-1
1788814140.1138,1043538,V,575,505,-1
1788814140.1138,1043546,V,575,505,-1
1788814140.1627,1043560,V,574,504,12732
1788814140.1628,1043568,V,575,505,-1
1788814140.1628,1043576,V,575,505,-1
1788814140.1628,1043584,V,574,504,-1
1788814140.1628,1043592,V,576,506,-1
1788814140.1628,1043600,V,576,506,-1
1788814140.2107,1043613,V,576,506,12733
1788814140.2107,1043621,V,576,506,-1
1788814140.2107,1043629,V,578,508,-1
1788814140.2107,1043637,V,576,506,-1
1788814140.2108,1043645,V,576,506,-1
1788814140.2108,1043653,V,576,506,-1
1788814140.2594,1043667,V,576,506,12734
1788814140.2596,1043675,V,575,505,-1
1788814140.2596,1043683,V,576,506,-1
1788814140.2596,1043691,V,575,505,-1
1788814140.2596,1043699,V,576,506,-1
1788814140.2596,1043707,V,576,506,-1
1788814140.3100,1043721,V,576,506,12735
1788814140.3101,1043729,V,587,516,-1
1788814140.3101,1043737,V,576,506,-1
1788814140.3101,1043745,V,577,507,-1
1788814140.3101,1043753,V,577,507,-1
1788814140.3101,1043761,V,577,507,-1
1788814140.3570,1043774,V,576,506,12736
1788814140.3570,1043782,V,576,506,-1
1788814140.3570,1043790,V,575,505,-1
1788814140.3570,1043798,V,575,505,-1
1788814140.3570,1043806,V,576,506,-1
1788814140.3570,1043814,V,576,506,-1
1788814140.4054,1043828,V,576,506,12737
1788814140.4054,1043836,V,577,507,-1
1788814140.4054,1043844,V,576,506,-1
1788814140.4054,1043852,V,577,507,-1
1788814140.4054,1043860,V,576,506,-1
1788814140.4054,1043868,V,577,507,-1
1788814140.5030,1043882,V,576,506,12738
1788814140.5030,1043890,V,577,507,-1
1788814140.5030,1043898,V,576,506,-1
1788814140.5030,1043906,V,576,506,-1
1788814140.5031,1043914,V,576,506,-1
1788814140.5031,1043922,V,577,507,-1
1788814140.5523,1043935,V,577,507,12739
1788814140.5523,1043943,V,576,506,-1
1788814140.5523,1043951,V,575,505,-1
1788814140.5523,1043959,V,576,506,-1
1788814140.5523,1043967,V,577,507,-1
1788814140.5523,1043975,V,576,506,-1
1788814140.6012,1043989,V,577,507,12740
1788814140.6012,1043997,V,575,505,-1
1788814140.6012,1044005,V,575,505,-1
1788814140.6012,1044013,V,576,506,-1
1788814140.6012,1044021,V,577,507,-1
1788814140.6012,1044029,V,576,506,-1
1788814140.6497,1044043,V,576,506,12741
1788814140.6497,1044051,V,577,507,-1
1788814140.6497,1044059,V,577,507,-1
1788814140.6497,1044067,V,580,510,-1
1788814140.6497,1044075,V,578,508,-1
1788814140.6497,1044083,V,576,506,-1
1788814140.6985,1044097,V,576,506,12742
1788814140.6985,1044105,V,576,506,-1
1788814140.6985,1044113,V,576,506,-1
1788814140.6985,1044121,V,577,507,-1
1788814140.6985,1044129,V,576,506,-1
1788814140.6985,1044137,V,576,506,-1
1788814140.7469,1044150,V,575,505,12743
1788814140.7470,1044158,V,575,505,-1
1788814140.7471,1044166,V,580,510,-1
1788814140.7471,1044174,V,576,506,-1
1788814140.7471,1044182,V,576,506,-1
1788814140.7471,1044190,V,576,506,-1
1788814140.7955,1044204,V,577,507,12744
1788814140.7955,1044212,V,575,505,-1
1788814140.7955,1044220,V,576,506,-1
1788814140.7955,1044228,V,576,506,-1
1788814140.7955,1044236,V,577,507,-1
1788814140.7955,1044244,V,576,506,-1
1788814140.8457,1044258,V,577,507,12745
1788814140.8457,1044266,V,578,508,-1
1788814140.8457,1044274,V,575,505,-1
1788814140.8457,1044282,V,576,506,-1
1788814140.8457,1044290,V,575,505,-1
1788814140.8457,1044298,V,575,505,-1
1788814140.8928,1044312,V,577,507,12746
1788814140.8928,1044320,V,575,505,-1
1788814140.8928,1044328,V,576,506,-1
1788814140.8928,1044336,V,576,506,-1
1788814140.8928,1044344,V,575,505,-1
1788814140.8928,1044352,V,576,506,-1
1788814140.9437,1044365,V,575,505,12747
1788814140.9437,1044373,V,577,507,-1
1788814140.9437,1044381,V,576,506,-1
1788814140.9437,1044389,V,576,506,-1
1788814140.9437,1044397,V,575,505,-1
1788814140.9437,1044405,V,576,506,-1
1788814141.0401,1044419,V,576,506,12748
1788814141.0402,1044427,V,575,505,-1
1788814141.0402,1044435,V,575,505,-1
1788814141.0403,1044443,V,575,505,-1
1788814141.0403,1044451,V,577,507,-1
1788814141.0403,1044459,V,576,506,-1
1788814141.0889,1044473,V,575,505,12749
1788814141.0890,1044481,V,575,505,-1
1788814141.0890,1044489,V,575,505,-1
1788814141.0890,1044497,V,576,506,-1
1788814141.0890,1044505,V,580,510,-1
1788814141.0890,1044513,V,575,505,-1
1788814141.1367,1044526,V,575,505,12750
1788814141.1367,1044534,V,575,505,-1
1788814141.1367,1044542,V,576,506,-1
1788814141.1367,1044550,V,576,506,-1
1788814141.1367,1044558,V,575,505,-1
1788814141.1367,1044566,V,576,506,-1
1788814141.1853,1044580,V,575,505,12751
1788814141.1853,1044588,V,576,506,-1
1788814141.1853,1044596,V,575,505,-1
1788814141.1853,1044604,V,577,507,-1
1788814141.1853,1044612,V,575,505,-1
1788814141.1853,1044620,V,575,505,-1
1788814141.2833,1044634,V,576,506,12752
1788814141.2834,1044642,V,577,507,-1
1788814141.2834,1044650,V,575,505,-1
1788814141.2834,1044658,V,576,506,-1
1788814141.2835,1044666,V,574,504,-1
1788814141.2835,1044674,V,575,505,-1
1788814141.2853,1044687,V,575,505,12753
1788814141.2853,1044695,V,575,505,-1
1788814141.2853,1044703,V,581,511,-1
1788814141.2853,1044711,V,576,506,-1
1788814141.2853,1044719,V,576,506,-1
1788814141.2853,1044727,V,575,505,-1
1788814141.3316,1044741,V,576,506,12754
1788814141.3316,1044749,V,576,506,-1
1788814141.3316,1044757,V,575,505,-1
1788814141.3316,1044765,V,575,505,-1
1788814141.3316,1044773,V,576,506,-1
1788814141.3316,1044781,V,575,505,-1
1788814141.3804,1044795,V,575,505,12755
1788814141.3804,1044803,V,576,506,-1
1788814141.3804,1044811,V,576,506,-1
1788814141.3804,1044819,V,576,506,-1
1788814141.3804,1044827,V,577,507,-1
1788814141.3804,1044835,V,576,506,-1
1788814141.4289,1044848,V,575,505,12756
1788814141.4290,1044856,V,575,505,-1
1788814141.4290,1044864,V,575,505,-1
1788814141.4290,1044872,V,575,505,-1
1788814141.4290,1044880,V,575,505,-1
1788814141.4290,1044888,V,575,505,-1
1788814141.4778,1044902,V,576,506,12757
1788814141.4778,1044910,V,575,505,-1
1788814141.4778,1044918,V,576,506,-1
1788814141.4778,1044926,V,575,505,-1
1788814141.4778,1044934,V,576,506,-1
1788814141.4778,1044942,V,575,505,-1
1788814141.5756,1044956,V,576,506,12758
1788814141.5757,1044964,V,577,507,-1
1788814141.5757,1044972,V,576,506,-1
1788814141.5757,1044980,V,576,506,-1
1788814141.5757,1044988,V,575,505,-1
1788814141.5758,1044996,V,576,506,-1
1788814141.6246,1045009,V,576,506,12759
1788814141.6246,1045017,V,575,505,-1
1788814141.6246,1045025,V,575,505,-1
1788814141.6246,1045033,V,576,506,-1
1788814141.6247,1045041,V,579,509,-1
1788814141.6247,1045049,V,575,505,-1
1788814141.6748,1045063,V,574,504,12760
1788814141.6749,1045071,V,576,506,-1
1788814141.6749,1045079,V,576,506,-1
1788814141.6749,1045087,V,575,505,-1
1788814141.6749,1045095,V,576,506,-1
1788814141.6749,1045103,V,575,505,-1
1788814141.7215,1045117,V,576,506,12761
1788814141.7215,1045125,V,575,505,-1
1788814141.7215,1045133,V,576,506,-1
1788814141.7215,1045141,V,588,517,-1
1788814141.7216,1045149,V,575,505,-1
1788814141.7216,1045157,V,576,506,-1
1788814141.7707,1045170,V,574,504,12762
1788814141.7708,1045178,V,575,505,-1
1788814141.7708,1045186,V,576,506,-1
1788814141.7708,1045194,V,577,507,-1
1788814141.7708,1045202,V,576,506,-1
1788814141.7708,1045210,V,577,507,-1
1788814141.8190,1045224,V,576,506,12763
1788814141.8191,1045232,V,576,506,-1
1788814141.8191,1045240,V,578,508,-1
1788814141.8191,1045248,V,576,506,-1
1788814141.8191,1045256,V,577,507,-1
1788814141.8191,1045264,V,576,506,-1
1788814141.8679,1045278,V,577,507,12764
1788814141.8679,1045286,V,575,505,-1
1788814141.8679,1045294,V,575,505,-1
1788814141.8679,1045302,V,576,506,-1
1788814141.8679,1045310,V,576,506,-1
1788814141.8679,1045318,V,576,506,-1
1788814141.9166,1045331,V,577,507,12765
1788814141.9166,1045339,V,577,507,-1
1788814141.9166,1045347,V,577,507,-1
1788814141.9166,1045355,V,576,506,-1
1788814141.9166,1045363,V,577,507,-1
1788814141.9166,1045371,V,576,506,-1
1788814141.9654,1045385,V,575,505,12766
1788814141.9654,1045393,V,575,505,-1
1788814141.9654,1045401,V,576,506,-1
1788814141.9654,1045409,V,577,507,-1
1788814141.9654,1045417,V,576,506,-1
1788814141.9654,1045425,V,575,505,-1
1788814142.0143,1045439,V,576,506,12767
1788814142.0144,1045447,V,576,506,-1
1788814142.0144,1045455,V,577,507,-1
1788814142.0144,1045463,V,576,506,-1
1788814142.0144,1045471,V,575,505,-1
1788814142.0144,1045479,V,580,510,-1
1788814142.1125,1045492,V,575,505,12768
1788814142.1126,1045500,V,575,505,-1
1788814142.1127,1045508,V,575,505,-1
1788814142.1127,1045516,V,575,505,-1
1788814142.1127,1045524,V,575,505,-1
1788814142.1127,1045532,V,576,506,-1
1788814142.1614,1045546,V,576,506,12769
1788814142.1614,1045554,V,576,506,-1
1788814142.1614,1045562,V,576,506,-1
1788814142.1614,1045570,V,576,506,-1
1788814142.1614,1045578,V,580,510,-1
1788814142.1614,1045586,V,575,505,-1
1788814142.2100,1045600,V,576,506,12770
1788814142.2100,1045608,V,576,506,-1
1788814142.2100,1045616,V,576,506,-1
1788814142.2100,1045624,V,575,505,-1
1788814142.2100,1045632,V,575,505,-1
1788814142.2100,1045640,V,576,506,-1
1788814142.2587,1045653,V,576,506,12771
1788814142.2587,1045661,V,575,505,-1
1788814142.2587,1045669,V,575,505,-1
1788814142.2587,1045677,V,582,512,-1
1788814142.2587,1045685,V,577,507,-1
1788814142.2587,1045693,V,575,505,-1
1788814142.3066,1045707,V,576,506,12772
1788814142.3067,1045715,V,576,506,-1
1788814142.3067,1045723,V,576,506,-1
1788814142.3067,1045731,V,576,506,-1
1788814142.3067,1045739,V,575,505,-1
1788814142.3067,1045747,V,575,505,-1
1788814142.3563,1045761,V,576,506,12773
1788814142.3565,1045769,V,576,506,-1
1788814142.3565,1045777,V,575,505,-1
1788814142.3565,1045785,V,575,505,-1
1788814142.3565,1045793,V,576,506,-1
1788814142.3565,1045801,V,577,507,-1
1788814142.4045,1045814,V,575,505,12774
1788814142.4045,1045822,V,576,506,-1
1788814142.4045,1045830,V,576,506,-1
1788814142.4045,1045838,V,576,506,-1
1788814142.4046,1045846,V,576,506,-1
1788814142.4046,1045854,V,576,506,-1
1788814142.4530,1045868,V,576,506,12775
1788814142.4530,1045876,V,577,507,-1
1788814142.4530,1045884,V,575,505,-1
1788814142.4530,1045892,V,576,506,-1
1788814142.4530,1045900,V,575,505,-1
1788814142.4530,1045908,V,575,505,-1
1788814142.5025,1045922,V,580,510,12776
1788814142.5025,1045930,V,576,506,-1
1788814142.5025,1045938,V,575,505,-1
1788814142.5026,1045946,V,577,507,-1
1788814142.5027,1045954,V,576,506,-1
1788814142.5027,1045962,V,575,505,-1
1788814142.5511,1045975,V,576,506,12777
1788814142.5512,1045983,V,576,506,-1
1788814142.5512,1045991,V,576,506,-1
1788814142.5512,1045999,V,576,506,-1
1788814142.5512,1046007,V,575,505,-1
1788814142.5512,1046015,V,578,508,-1
1788814142.6498,1046029,V,576,506,12778
1788814142.6500,1046037,V,576,506,-1
1788814142.6500,1046045,V,577,507,-1
1788814142.6500,1046053,V,576,506,-1
1788814142.6500,1046061,V,576,506,-1
1788814142.6500,1046069,V,576,506,-1
1788814142.7119,1046083,V,576,506,12779
1788814142.7120,1046091,V,576,506,-1
1788814142.7120,1046099,V,576,506,-1
1788814142.7120,1046107,V,575,505,-1
1788814142.7120,1046115,V,585,514,-1
1788814142.7120,1046123,V,576,506,-1
1788814142.7469,1046137,V,576,506,12780
1788814142.7470,1046145,V,575,505,-1
1788814142.7470,1046153,V,577,507,-1
1788814142.7470,1046161,V,575,505,-1
1788814142.7470,1046169,V,575,505,-1
1788814142.7470,1046177,V,576,506,-1
1788814142.7959,1046190,V,575,505,12781
1788814142.7959,1046198,V,575,505,-1
1788814142.7959,1046206,V,576,506,-1
1788814142.7959,1046214,V,575,505,-1
1788814142.7959,1046222,V,576,506,-1
1788814142.7959,1046230,V,576,506,-1
1788814142.8427,1046244,V,576,506,12782
1788814142.8427,1046252,V,575,505,-1
1788814142.8427,1046260,V,576,506,-1
1788814142.8427,1046268,V,576,506,-1
1788814142.8428,1046276,V,576,506,-1
1788814142.8428,1046284,V,576,506,-1
1788814142.8925,1046298,V,576,506,12783
1788814142.8926,1046306,V,575,505,-1
1788814142.8927,1046314,V,577,507,-1
1788814142.8927,1046322,V,576,506,-1
1788814142.8927,1046330,V,576,506,-1
1788814142.8927,1046338,V,576,506,-1
1788814142.9406,1046351,V,576,506,12784
1788814142.9406,1046359,V,577,507,-1
1788814142.9407,1046367,V,575,505,-1
1788814142.9407,1046375,V,576,506,-1
1788814142.9407,1046383,V,577,507,-1
1788814142.9407,1046391,V,575,505,-1
1788814142.9892,1046405,V,576,506,12785
1788814142.9892,1046413,V,576,506,-1
1788814142.9892,1046421,V,576,506,-1
1788814142.9892,1046429,V,575,505,-1
1788814142.9892,1046437,V,576,506,-1
1788814142.9893,1046445,V,575,505,-1
1788814143.0402,1046459,V,578,508,12786
1788814143.0402,1046467,V,576,506,-1
1788814143.0402,1046475,V,575,505,-1
1788814143.0402,1046483,V,576,506,-1
1788814143.0402,1046491,V,576,506,-1
1788814143.0402,1046499,V,575,505,-1
1788814143.1363,1046512,V,575,505,12787
1788814143.1364,1046520,V,577,507,-1
1788814143.1364,1046528,V,575,505,-1
1788814143.1364,1046536,V,576,506,-1
1788814143.1364,1046544,V,576,506,-1
1788814143.1364,1046552,V,581,511,-1
1788814143.1853,1046566,V,577,507,12788
1788814143.1854,1046574,V,576,506,-1
1788814143.1854,1046582,V,576,506,-1
1788814143.1854,1046590,V,576,506,-1
1788814143.1854,1046598,V,576,506,-1
1788814143.1854,1046606,V,577,507,-1
1788814143.2338,1046620,V,575,505,12789
1788814143.2338,1046628,V,576,506,-1
1788814143.2338,1046636,V,577,507,-1
1788814143.2338,1046644,V,577,507,-1
1788814143.2338,1046652,V,577,507,-1
1788814143.2338,1046660,V,576,506,-1
1788814143.2816,1046673,V,576,506,12790
1788814143.2816,1046681,V,576,506,-1
1788814143.2816,1046689,V,576,506,-1
1788814143.2816,1046697,V,576,506,-1
1788814143.2816,1046705,V,576,506,-1
1788814143.2816,1046713,V,575,505,-1
1788814143.3793,1046727,V,576,506,12791
1788814143.3795,1046735,V,576,506,-1
1788814143.3795,1046743,V,577,507,-1
1788814143.3795,1046751,V,576,506,-1
1788814143.3795,1046759,V,575,505,-1
1788814143.3796,1046767,V,576,506,-1
1788814143.3805,1046781,V,576,506,12792
1788814143.3805,1046789,V,575,505,-1
1788814143.3805,1046797,V,576,506,-1
1788814143.3805,1046805,V,577,507,-1
1788814143.3805,1046813,V,575,505,-1
1788814143.3805,1046821,V,576,506,-1
1788814143.4282,1046834,V,576,506,12793
1788814143.4283,1046842,V,576,506,-1
1788814143.4283,1046850,V,576,506,-1
1788814143.4283,1046858,V,576,506,-1
1788814143.4283,1046866,V,576,506,-1
1788814143.4283,1046874,V,576,506,-1
1788814143.4766,1046888,V,576,506,12794
1788814143.4766,1046896,V,580,510,-1
1788814143.4767,1046904,V,576,506,-1
1788814143.4767,1046912,V,575,505,-1
1788814143.4767,1046920,V,576,506,-1
1788814143.4767,1046928,V,576,506,-1
1788814143.5254,1046941,V,575,505,12795
1788814143.5254,1046949,V,576,506,-1
1788814143.5254,1046957,V,576,506,-1
1788814143.5254,1046965,V,575,505,-1
1788814143.5254,1046973,V,574,504,-1
1788814143.5254,1046981,V,576,506,-1
1788814143.5741,1046995,V,577,507,12796
1788814143.5742,1047003,V,577,507,-1
1788814143.5742,1047011,V,576,506,-1
1788814143.5742,1047019,V,577,507,-1
1788814143.5742,1047027,V,576,506,-1
1788814143.5742,1047035,V,577,507,-1
1788814143.6725,1047049,V,576,506,12797
1788814143.6727,1047057,V,575,505,-1
1788814143.6727,1047065,V,575,505,-1
1788814143.6727,1047073,V,575,505,-1
1788814143.6727,1047081,V,575,505,-1
1788814143.6727,1047089,V,589,518,-1
1788814143.7206,1047102,V,577,507,12798
1788814143.7206,1047110,V,577,507,-1
1788814143.7206,1047118,V,576,506,-1
1788814143.7207,1047126,V,575,505,-1
1788814143.7207,1047134,V,576,506,-1
1788814143.7207,1047142,V,576,506,-1
1788814143.7694,1047156,V,576,506,12799
1788814143.7694,1047164,V,576,506,-1
1788814143.7694,1047172,V,576,506,-1
1788814143.7694,1047180,V,576,506,-1
1788814143.7694,1047188,V,576,506,-1
1788814143.7694,1047196,V,575,505,-1
1788814143.8180,1047210,V,575,505,12800
1788814143.8180,1047218,V,576,506,-1
1788814143.8180,1047226,V,576,506,-1
1788814143.8180,1047234,V,576,506,-1
1788814143.8181,1047242,V,576,506,-1
1788814143.8181,1047250,V,576,506,-1
1788814143.8669,1047263,V,574,504,12801
1788814143.8669,1047271,V,576,506,-1
1788814143.8669,1047279,V,576,506,-1
1788814143.8669,1047287,V,576,506,-1
1788814143.8669,1047295,V,577,507,-1
1788814143.8669,1047303,V,576,506,-1
1788814143.9155,1047317,V,576,506,12802
1788814143.9156,1047325,V,577,507,-1
1788814143.9156,1047333,V,576,506,-1
1788814143.9156,1047341,V,576,506,-1
1788814143.9156,1047349,V,576,506,-1
1788814143.9156,1047357,V,576,506,-1
1788814143.9646,1047371,V,577,507,12803
1788814143.9646,1047379,V,576,506,-1
1788814143.9646,1047387,V,576,506,-1
1788814143.9646,1047395,V,576,506,-1
1788814143.9646,1047403,V,577,507,-1
1788814143.9647,1047411,V,577,507,-1
1788814144.0129,1047424,V,576,506,12804
1788814144.0129,1047432,V,580,510,-1
1788814144.0129,1047440,V,577,507,-1
1788814144.0130,1047448,V,578,508,-1
1788814144.0130,1047456,V,578,508,-1
1788814144.0130,1047464,V,576,506,-1
1788814144.0616,1047478,V,577,507,12805
1788814144.0617,1047486,V,576,506,-1
1788814144.0617,1047494,V,576,506,-1
1788814144.0617,1047502,V,576,506,-1
1788814144.0617,1047510,V,576,506,-1
1788814144.0617,1047518,V,577,507,-1
1788814144.1106,1047532,V,584,513,12806
1788814144.1106,1047540,V,576,506,-1
1788814144.1106,1047548,V,575,505,-1
1788814144.1106,1047556,V,576,506,-1
1788814144.1106,1047564,V,577,507,-1
1788814144.1106,1047572,V,577,507,-1
1788814144.2083,1047585,V,576,506,12807
1788814144.2085,1047593,V,576,506,-1
1788814144.2085,1047601,V,577,507,-1
1788814144.2085,1047609,V,577,507,-1
1788814144.2085,1047617,V,576,506,-1
1788814144.2085,1047625,V,576,506,-1
1788814144.2568,1047639,V,577,507,12808
1788814144.2568,1047647,V,575,505,-1
1788814144.2568,1047655,V,576,506,-1
1788814144.2568,1047663,V,575,505,-1
1788814144.2568,1047671,V,577,507,-1
1788814144.2568,1047679,V,576,506,-1
1788814144.3058,1047693,V,575,505,12809
1788814144.3058,1047701,V,575,505,-1
1788814144.3058,1047709,V,575,505,-1
1788814144.3058,1047717,V,575,505,-1
1788814144.3058,1047725,V,576,506,-1
1788814144.3058,1047733,V,576,506,-1
1788814144.3541,1047747,V,576,506,12810
1788814144.3542,1047755,V,575,505,-1
1788814144.3542,1047763,V,576,506,-1
1788814144.3542,1047771,V,576,506,-1
1788814144.3542,1047779,V,576,506,-1
1788814144.3542,1047787,V,575,505,-1
1788814144.4028,1047800,V,576,506,12811
1788814144.4028,1047808,V,575,505,-1
1788814144.4028,1047816,V,575,505,-1
1788814144.4028,1047824,V,576,506,-1
1788814144.4028,1047832,V,576,506,-1
1788814144.4028,1047840,V,577,507,-1
1788814144.4517,1047854,V,575,505,12812
1788814144.4518,1047862,V,576,506,-1
1788814144.4518,1047870,V,579,509,-1
1788814144.4518,1047878,V,575,505,-1
1788814144.4518,1047886,V,577,507,-1
1788814144.4519,1047894,V,576,506,-1
1788814144.5006,1047907,V,576,506,12813
1788814144.5007,1047915,V,577,507,-1
1788814144.5007,1047923,V,577,507,-1
1788814144.5007,1047931,V,576,506,-1
1788814144.5007,1047939,V,576,506,-1
1788814144.5007,1047947,V,576,506,-1
1788814144.5490,1047961,V,577,507,12814
1788814144.5490,1047969,V,577,507,-1
1788814144.5490,1047977,V,577,507,-1
1788814144.5490,1047985,V,576,506,-1
1788814144.5490,1047993,V,577,507,-1
1788814144.5490,1048001,V,577,507,-1
1788814144.5978,1048015,V,577,507,12815
1788814144.5978,1048023,V,575,505,-1
1788814144.5978,1048031,V,578,508,-1
1788814144.5979,1048039,V,577,507,-1
1788814144.5979,1048047,V,577,507,-1
1788814144.5979,1048055,V,576,506,-1
1788814144.6465,1048068,V,593,521,12816
1788814144.6465,1048076,V,577,507,-1
1788814144.6465,1048084,V,577,507,-1
1788814144.6465,1048092,V,575,505,-1
1788814144.6465,1048100,V,576,506,-1
1788814144.6465,1048108,V,576,506,-1
1788814144.7459,1048122,V,576,506,12817
1788814144.7460,1048130,V,576,506,-1
1788814144.7461,1048138,V,578,508,-1
1788814144.7461,1048146,V,575,505,-1
1788814144.7461,1048154,V,576,506,-1
1788814144.7461,1048162,V,577,507,-1
1788814144.7946,1048176,V,577,507,12818
1788814144.7947,1048184,V,577,507,-1
1788814144.7947,1048192,V,577,507,-1
1788814144.7947,1048200,V,576,506,-1
1788814144.7947,1048208,V,576,506,-1
1788814144.7947,1048216,V,575,505,-1
1788814144.8417,1048229,V,576,506,12819
1788814144.8418,1048237,V,575,505,-1
1788814144.8418,1048245,V,576,506,-1
1788814144.8418,1048253,V,576,506,-1
1788814144.8418,1048261,V,577,507,-1
1788814144.8418,1048269,V,576,506,-1
1788814144.8904,1048283,V,576,506,12820
1788814144.8904,1048291,V,576,506,-1
1788814144.8904,1048299,V,576,506,-1
1788814144.8904,1048307,V,576,506,-1
1788814144.8904,1048315,V,576,506,-1
1788814144.8904,1048323,V,575,505,-1
1788814144.9391,1048337,V,577,507,12821
1788814144.9391,1048345,V,576,506,-1
1788814144.9391,1048353,V,576,506,-1
1788814144.9391,1048361,V,576,506,-1
1788814144.9391,1048369,V,576,506,-1
1788814144.9391,1048377,V,575,505,-1
1788814144.9878,1048390,V,576,506,12822
1788814144.9879,1048398,V,575,505,-1
1788814144.9879,1048406,V,581,511,-1
1788814144.9879,1048414,V,575,505,-1
1788814144.9879,1048422,V,577,507,-1
1788814144.9879,1048430,V,577,507,-1
1788814145.0371,1048444,V,577,507,12823
1788814145.0371,1048452,V,577,507,-1
1788814145.0372,1048460,V,576,506,-1
1788814145.0372,1048468,V,576,506,-1
1788814145.0372,1048476,V,576,506,-1
1788814145.0372,1048484,V,576,506,-1
1788814145.0855,1048497,V,577,507,12824
1788814145.0855,1048505,V,578,508,-1
1788814145.0855,1048513,V,576,506,-1
1788814145.0855,1048521,V,576,506,-1
1788814145.0855,1048529,V,576,506,-1
1788814145.0855,1048537,V,577,507,-1
1788814145.1341,1048551,V,576,506,12825
1788814145.1341,1048559,V,576,506,-1
1788814145.1341,1048567,V,575,505,-1
1788814145.1341,1048575,V,577,507,-1
1788814145.1341,1048583,V,576,506,-1
1788814145.1341,1048591,V,576,506,-1
1788814145.1828,1048605,V,583,512,12826
1788814145.1828,1048613,V,576,506,-1
1788814145.1828,1048621,V,577,507,-1
1788814145.1828,1048629,V,576,506,-1
1788814145.1828,1048637,V,576,506,-1
1788814145.1828,1048645,V,576,506,-1
1788814145.2812,1048659,V,577,507,12827
1788814145.2813,1048667,V,577,507,-1
1788814145.2813,1048675,V,576,506,-1
1788814145.2813,1048683,V,577,507,-1
1788814145.2814,1048691,V,577,507,-1
1788814145.2814,1048699,V,576,506,-1
1788814145.3303,1048712,V,576,506,12828
1788814145.3303,1048720,V,577,507,-1
1788814145.3303,1048728,V,577,507,-1
1788814145.3303,1048736,V,576,506,-1
1788814145.3303,1048744,V,577,507,-1
1788814145.3303,1048752,V,577,507,-1
1788814145.3777,1048766,V,577,507,12829
1788814145.3777,1048774,V,576,506,-1
1788814145.3777,1048782,V,576,506,-1
1788814145.3777,1048790,V,577,507,-1
1788814145.3777,1048798,V,577,507,-1
1788814145.3777,1048806,V,577,507,-1
1788814145.4754,1048819,V,577,507,12830
1788814145.4755,1048827,V,578,508,-1
1788814145.4755,1048835,V,576,506,-1
1788814145.4755,1048843,V,577,507,-1
1788814145.4755,1048851,V,577,507,-1
1788814145.4755,1048859,V,576,506,-1
1788814145.4765,1048873,V,576,506,12831
1788814145.4766,1048881,V,576,506,-1
1788814145.4766,1048889,V,576,506,-1
1788814145.4766,1048897,V,576,506,-1
1788814145.4766,1048905,V,577,507,-1
1788814145.4766,1048913,V,576,506,-1
1788814145.5241,1048927,V,576,506,12832
1788814145.5242,1048935,V,578,508,-1
1788814145.5242,1048943,V,579,509,-1
1788814145.5242,1048951,V,576,506,-1
1788814145.5242,1048959,V,576,506,-1
1788814145.5242,1048967,V,576,506,-1
1788814145.5729,1048980,V,577,507,12833
1788814145.5729,1048988,V,576,506,-1
1788814145.5729,1048996,V,577,507,-1
1788814145.5729,1049004,V,577,507,-1
1788814145.5729,1049012,V,577,507,-1
1788814145.5729,1049020,V,577,507,-1
1788814145.6216,1049034,V,576,506,12834
1788814145.6216,1049042,V,582,512,-1
1788814145.6216,1049050,V,576,506,-1
1788814145.6216,1049058,V,576,506,-1
1788814145.6216,1049066,V,576,506,-1
1788814145.6216,1049074,V,577,507,-1
1788814145.6698,1049088,V,576,506,12835
1788814145.6698,1049096,V,576,506,-1
1788814145.6698,1049104,V,577,507,-1
1788814145.6698,1049112,V,577,507,-1
1788814145.6698,1049120,V,577,507,-1
1788814145.6698,1049128,V,577,507,-1
1788814145.7188,1049141,V,579,509,12836
1788814145.7188,1049149,V,576,506,-1
1788814145.7189,1049157,V,577,507,-1
1788814145.7189,1049165,V,576,506,-1
1788814145.7189,1049173,V,576,506,-1
1788814145.7189,1049181,V,576,506,-1
1788814145.8169,1049195,V,576,506,12837
1788814145.8171,1049203,V,576,506,-1
1788814145.8171,1049211,V,576,506,-1
1788814145.8171,1049219,V,576,506,-1
1788814145.8171,1049227,V,576,506,-1
1788814145.8172,1049235,V,577,507,-1
1788814145.8666,1049249,V,575,505,12838
1788814145.8667,1049257,V,575,505,-1
1788814145.8667,1049265,V,575,505,-1
1788814145.8667,1049273,V,576,506,-1
1788814145.8667,1049281,V,576,506,-1
1788814145.8667,1049289,V,576,506,-1
1788814145.9151,1049302,V,576,506,12839
1788814145.9152,1049310,V,576,506,-1
1788814145.9152,1049318,V,576,506,-1
1788814145.9152,1049326,V,576,506,-1
1788814145.9152,1049334,V,576,506,-1
1788814145.9152,1049342,V,575,505,-1
1788814145.9629,1049356,V,575,505,12840
1788814145.9630,1049364,V,576,506,-1
1788814145.9630,1049372,V,576,506,-1
1788814145.9630,1049380,V,577,507,-1
1788814145.9630,1049388,V,576,506,-1
1788814145.9630,1049396,V,576,506,-1
1788814146.0116,1049409,V,575,505,12841
1788814146.0116,1049417,V,576,506,-1
1788814146.0116,1049425,V,576,506,-1
1788814146.0116,1049433,V,576,506,-1
1788814146.0116,1049441,V,577,507,-1
1788814146.0116,1049449,V,576,506,-1
1788814146.0603,1049463,V,577,507,12842
1788814146.0605,1049471,V,576,506,-1
1788814146.0605,1049479,V,580,510,-1
1788814146.0605,1049487,V,576,506,-1
1788814146.0605,1049495,V,577,507,-1
1788814146.0605,1049503,V,576,506,-1
1788814146.1095,1049517,V,576,506,12843
1788814146.1095,1049525,V,577,507,-1
1788814146.1097,1049533,V,575,505,-1
1788814146.1097,1049541,V,576,506,-1
1788814146.1097,1049549,V,577,507,-1
1788814146.1097,1049557,V,576,506,-1
1788814146.1594,1049570,V,576,506,12844
1788814146.1594,1049578,V,586,515,-1
1788814146.1594,1049586,V,575,505,-1
1788814146.1594,1049594,V,576,506,-1
1788814146.1594,1049602,V,576,506,-1
1788814146.1594,1049610,V,576,506,-1
1788814146.2066,1049624,V,576,506,12845
1788814146.2066,1049632,V,577,507,-1
1788814146.2067,1049640,V,575,505,-1
1788814146.2067,1049648,V,577,507,-1
1788814146.2067,1049656,V,577,507,-1
1788814146.2067,1049664,V,576,506,-1
1788814146.2550,1049678,V,576,506,12846
1788814146.2550,1049686,V,576,506,-1
1788814146.2550,1049694,V,576,506,-1
1788814146.2550,1049702,V,576,506,-1
1788814146.2550,1049710,V,575,505,-1
1788814146.2550,1049718,V,576,506,-1
1788814146.3528,1049731,V,577,507,12847
1788814146.3529,1049739,V,577,507,-1
1788814146.3529,1049747,V,576,506,-1
1788814146.3529,1049755,V,576,506,-1
1788814146.3529,1049763,V,576,506,-1
1788814146.3529,1049771,V,576,506,-1
1788814146.4020,1049785,V,576,506,12848
1788814146.4020,1049793,V,576,506,-1
1788814146.4021,1049801,V,576,506,-1
1788814146.4021,1049809,V,577,507,-1
1788814146.4021,1049817,V,577,507,-1
1788814146.4021,1049825,V,576,506,-1
1788814146.4505,1049839,V,577,507,12849
1788814146.4505,1049847,V,576,506,-1
1788814146.4505,1049855,V,576,506,-1
1788814146.4505,1049863,V,577,507,-1
1788814146.4505,1049871,V,577,507,-1
1788814146.4505,1049879,V,577,507,-1
1788814146.4991,1049892,V,576,506,12850
1788814146.4991,1049900,V,576,506,-1
1788814146.4991,1049908,V,574,504,-1
1788814146.4991,1049916,V,580,510,-1
1788814146.4991,1049924,V,576,506,-1
1788814146.4991,1049932,V,576,506,-1
1788814146.5477,1049946,V,577,507,12851
1788814146.5477,1049954,V,576,506,-1
1788814146.5477,1049962,V,576,506,-1
1788814146.5477,1049970,V,575,505,-1
1788814146.5477,1049978,V,576,506,-1
1788814146.5477,1049986,V,576,506,-1
1788814146.5966,1050000,V,576,506,12852
1788814146.5967,1050008,V,576,506,-1
1788814146.5967,1050016,V,578,508,-1
1788814146.5967,1050024,V,576,506,-1
1788814146.5967,1050032,V,576,506,-1
1788814146.5967,1050040,V,576,506,-1
1788814146.6458,1050053,V,576,506,12853
1788814146.6458,1050061,V,576,506,-1
1788814146.6458,1050069,V,576,506,-1
1788814146.6458,1050077,V,576,506,-1
1788814146.6458,1050085,V,576,506,-1
1788814146.6458,1050093,V,576,506,-1
1788814146.6979,1050107,V,576,506,12854
1788814146.6979,1050115,V,592,520,-1
1788814146.6979,1050123,V,576,506,-1
1788814146.6979,1050131,V,576,506,-1
1788814146.6979,1050139,V,577,507,-1
1788814146.6979,1050147,V,576,506,-1
1788814146.7438,1050160,V,575,505,12855
1788814146.7438,1050168,V,576,506,-1
1788814146.7438,1050176,V,576,506,-1
1788814146.7438,1050184,V,575,505,-1
1788814146.7438,1050192,V,576,506,-1
1788814146.7438,1050200,V,576,506,-1
1788814146.7925,1050214,V,577,507,12856
1788814146.7925,1050222,V,576,506,-1
1788814146.7925,1050230,V,576,506,-1
1788814146.7925,1050238,V,577,507,-1
1788814146.7925,1050246,V,576,506,-1
1788814146.7925,1050254,V,576,506,-1
1788814146.8901,1050268,V,576,506,12857
1788814146.8902,1050276,V,576,506,-1
1788814146.8902,1050284,V,575,505,-1
1788814146.8902,1050292,V,575,505,-1
1788814146.8902,1050300,V,576,506,-1
1788814146.8902,1050308,V,576,506,-1
1788814146.9381,1050321,V,576,506,12858
1788814146.9381,1050329,V,576,506,-1
1788814146.9381,1050337,V,576,506,-1
1788814146.9381,1050345,V,575,505,-1
1788814146.9381,1050353,V,576,506,-1
1788814146.9381,1050361,V,576,506,-1
1788814146.9867,1050375,V,577,507,12859
1788814146.9867,1050383,V,577,507,-1
1788814146.9867,1050391,V,576,506,-1
1788814146.9867,1050399,V,576,506,-1
1788814146.9867,1050407,V,575,505,-1
1788814146.9868,1050415,V,577,507,-1
1788814147.0354,1050428,V,576,506,12860
1788814147.0355,1050436,V,576,506,-1
1788814147.0355,1050444,V,576,506,-1
1788814147.0355,1050452,V,579,509,-1
1788814147.0355,1050460,V,576,506,-1
1788814147.0355,1050468,V,576,506,-1
1788814147.0841,1050482,V,576,506,12861
1788814147.0841,1050490,V,576,506,-1
1788814147.0841,1050498,V,577,507,-1
1788814147.0841,1050506,V,577,507,-1
1788814147.0841,1050514,V,575,505,-1
1788814147.0841,1050522,V,576,506,-1
1788814147.1333,1050536,V,575,505,12862
1788814147.1334,1050544,V,576,506,-1
1788814147.1334,1050552,V,577,507,-1
1788814147.1334,1050560,V,575,505,-1
1788814147.1334,1050568,V,576,506,-1
1788814147.1334,1050576,V,575,505,-1
1788814147.1816,1050589,V,576,506,12863
1788814147.1817,1050597,V,576,506,-1
1788814147.1817,1050605,V,577,507,-1
1788814147.1817,1050613,V,576,506,-1
1788814147.1817,1050621,V,575,505,-1
1788814147.1817,1050629,V,576,506,-1
1788814147.2306,1050643,V,576,506,12864
1788814147.2306,1050651,V,591,519,-1
1788814147.2306,1050659,V,576,506,-1
1788814147.2306,1050667,V,575,505,-1
1788814147.2306,1050675,V,576,506,-1
1788814147.2307,1050683,V,576,506,-1
1788814147.2792,1050697,V,575,505,12865
1788814147.2792,1050705,V,576,506,-1
1788814147.2792,1050713,V,577,507,-1
1788814147.2792,1050721,V,576,506,-1
1788814147.2792,1050729,V,577,507,-1
1788814147.2792,1050737,V,576,506,-1
1788814147.3279,1050751,V,576,506,12866
1788814147.3279,1050759,V,576,506,-1
1788814147.3279,1050767,V,575,505,-1
1788814147.3279,1050775,V,576,506,-1
1788814147.3279,1050783,V,576,506,-1
1788814147.3279,1050791,V,576,506,-1
1788814147.4255,1050804,V,576,506,12867
1788814147.4256,1050812,V,576,506,-1
1788814147.4256,1050820,V,576,506,-1
1788814147.4257,1050828,V,577,507,-1
1788814147.4257,1050836,V,576,506,-1
1788814147.4257,1050844,V,577,507,-1
1788814147.4742,1050858,V,577,507,12868
1788814147.4742,1050866,V,577,507,-1
1788814147.4742,1050874,V,577,507,-1
1788814147.4742,1050882,V,577,507,-1
1788814147.4743,1050890,V,576,506,-1
1788814147.4743,1050898,V,576,506,-1
1788814147.5717,1050911,V,576,506,12869
1788814147.5718,1050919,V,576,506,-1
1788814147.5718,1050927,V,576,506,-1
1788814147.5718,1050935,V,577,507,-1
1788814147.5718,1050943,V,576,506,-1
1788814147.5718,1050951,V,575,505,-1
1788814147.5728,1050965,V,575,505,12870
1788814147.5728,1050973,V,576,506,-1
1788814147.5728,1050981,V,576,506,-1
1788814147.5728,1050989,V,580,510,-1
1788814147.5728,1050997,V,576,506,-1
1788814147.5728,1051005,V,576,506,-1
1788814147.6203,1051019,V,575,505,12871
1788814147.6203,1051027,V,576,506,-1
1788814147.6203,1051035,V,577,507,-1
1788814147.6203,1051043,V,576,506,-1
1788814147.6203,1051051,V,576,506,-1
1788814147.6203,1051059,V,575,505,-1
1788814147.6692,1051072,V,575,505,12872
1788814147.6693,1051080,V,576,506,-1
1788814147.6693,1051088,V,577,507,-1
1788814147.6693,1051096,V,576,506,-1
1788814147.6693,1051104,V,575,505,-1
1788814147.6693,1051112,V,575,505,-1
1788814147.7199,1051126,V,576,506,12873
1788814147.7199,1051134,V,576,506,-1
1788814147.7199,1051142,V,576,506,-1
1788814147.7199,1051150,V,576,506,-1
1788814147.7200,1051158,V,576,506,-1
1788814147.7200,1051166,V,576,506,-1
1788814147.7675,1051180,V,576,506,12874
1788814147.7676,1051188,V,583,512,-1
1788814147.7676,1051196,V,576,506,-1
1788814147.7676,1051204,V,576,506,-1
1788814147.7676,1051212,V,577,507,-1
1788814147.7676,1051220,V,576,506,-1
1788814147.8155,1051233,V,577,507,12875
1788814147.8155,1051241,V,577,507,-1
1788814147.8155,1051249,V,576,506,-1
1788814147.8155,1051257,V,576,506,-1
1788814147.8155,1051265,V,577,507,-1
1788814147.8156,1051273,V,577,507,-1
1788814147.8642,1051287,V,575,505,12876
1788814147.8643,1051295,V,576,506,-1
1788814147.8643,1051303,V,576,506,-1
1788814147.8643,1051311,V,577,507,-1
1788814147.8644,1051319,V,576,506,-1
1788814147.8644,1051327,V,575,505,-1
1788814147.9618,1051341,V,577,507,12877
1788814147.9619,1051349,V,576,506,-1
1788814147.9619,1051357,V,576,506,-1
1788814147.9619,1051365,V,576,506,-1
1788814147.9619,1051373,V,576,506,-1
1788814147.9619,1051381,V,576,506,-1
1788814148.0107,1051394,V,576,506,12878
1788814148.0108,1051402,V,576,506,-1
1788814148.0108,1051410,V,576,506,-1
1788814148.0108,1051418,V,577,507,-1
1788814148.0108,1051426,V,577,507,-1
1788814148.0108,1051434,V,576,506,-1
1788814148.0589,1051448,V,576,506,12879
1788814148.0589,1051456,V,577,507,-1
1788814148.0589,1051464,V,576,506,-1
1788814148.0589,1051472,V,576,506,-1
1788814148.0589,1051480,V,576,506,-1
1788814148.0589,1051488,V,576,506,-1
1788814148.1079,1051502,V,576,506,12880
1788814148.1079,1051510,V,576,506,-1
1788814148.1079,1051518,V,575,505,-1
1788814148.1079,1051526,V,577,507,-1
1788814148.1079,1051534,V,576,506,-1
1788814148.1079,1051542,V,576,506,-1
1788814148.1575,1051555,V,577,507,12881
1788814148.1575,1051563,V,576,506,-1
1788814148.1575,1051571,V,576,506,-1
1788814148.1575,1051579,V,576,506,-1
1788814148.1575,1051587,V,575,505,-1
1788814148.1575,1051595,V,575,505,-1
1788814148.2054,1051609,V,576,506,12882
1788814148.2055,1051617,V,576,506,-1
1788814148.2055,1051625,V,584,513,-1
1788814148.2055,1051633,V,575,505,-1
1788814148.2055,1051641,V,576,506,-1
1788814148.2055,1051649,V,576,506,-1
1788814148.2554,1051663,V,577,507,12883
1788814148.2555,1051671,V,577,507,-1
1788814148.2555,1051679,V,576,506,-1
1788814148.2555,1051687,V,576,506,-1
1788814148.2555,1051695,V,575,505,-1
1788814148.2555,1051703,V,576,506,-1
1788814148.3039,1051716,V,576,506,12884
1788814148.3039,1051724,V,577,507,-1
1788814148.3039,1051732,V,576,506,-1
1788814148.3039,1051740,V,575,505,-1
1788814148.3039,1051748,V,576,506,-1
1788814148.3039,1051756,V,576,506,-1
1788814148.3526,1051770,V,576,506,12885
1788814148.3526,1051778,V,575,505,-1
1788814148.3526,1051786,V,576,506,-1
1788814148.3526,1051794,V,577,507,-1
1788814148.3526,1051802,V,577,507,-1
1788814148.3526,1051810,V,577,507,-1
1788814148.4013,1051823,V,576,506,12886
1788814148.4013,1051831,V,577,507,-1
1788814148.4013,1051839,V,575,505,-1
1788814148.4014,1051847,V,575,505,-1
1788814148.4014,1051855,V,576,506,-1
1788814148.4014,1051863,V,576,506,-1
1788814148.4980,1051877,V,576,506,12887
1788814148.4982,1051885,V,576,506,-1
1788814148.4982,1051893,V,575,505,-1
1788814148.4982,1051901,V,575,505,-1
1788814148.4982,1051909,V,575,505,-1
1788814148.4982,1051917,V,576,506,-1
1788814148.5480,1051931,V,576,506,12888
1788814148.5480,1051939,V,575,505,-1
1788814148.5480,1051947,V,576,506,-1
1788814148.5480,1051955,V,575,505,-1
1788814148.5480,1051963,V,578,508,-1
1788814148.5480,1051971,V,576,506,-1
1788814148.5954,1051984,V,576,506,12889
1788814148.5954,1051992,V,576,506,-1
1788814148.5954,1052000,V,576,506,-1
1788814148.5954,1052008,V,576,506,-1
1788814148.5955,1052016,V,576,506,-1
1788814148.5955,1052024,V,577,507,-1
1788814148.6449,1052038,V,576,506,12890
1788814148.6449,1052046,V,576,506,-1
1788814148.6449,1052054,V,577,507,-1
1788814148.6449,1052062,V,579,509,-1
1788814148.6449,1052070,V,575,505,-1
1788814148.6450,1052078,V,577,507,-1
1788814148.6925,1052092,V,576,506,12891
1788814148.6925,1052100,V,576,506,-1
1788814148.6925,1052108,V,574,504,-1
1788814148.6925,1052116,V,576,506,-1
1788814148.6925,1052124,V,575,505,-1
1788814148.6925,1052132,V,576,506,-1
1788814148.7428,1052145,V,576,506,12892
1788814148.7429,1052153,V,577,507,-1
1788814148.7429,1052161,V,591,519,-1
1788814148.7429,1052169,V,576,506,-1
1788814148.7429,1052177,V,575,505,-1
1788814148.7429,1052185,V,576,506,-1
1788814148.7905,1052199,V,575,505,12893
1788814148.7905,1052207,V,576,506,-1
1788814148.7905,1052215,V,576,506,-1
1788814148.7905,1052223,V,576,506,-1
1788814148.7905,1052231,V,576,506,-1
1788814148.7905,1052239,V,575,505,-1
1788814148.8392,1052253,V,577,507,12894
1788814148.8392,1052261,V,576,506,-1
1788814148.8392,1052269,V,576,506,-1
1788814148.8392,1052277,V,575,505,-1
1788814148.8392,1052285,V,576,506,-1
1788814148.8392,1052293,V,576,506,-1
1788814148.9372,1052306,V,576,506,12895
1788814148.9372,1052314,V,577,507,-1
1788814148.9372,1052322,V,575,505,-1
1788814148.9372,1052330,V,576,506,-1
1788814148.9372,1052338,V,576,506,-1
1788814148.9372,1052346,V,577,507,-1
1788814148.9386,1052360,V,576,506,12896
1788814148.9387,1052368,V,576,506,-1
1788814148.9387,1052376,V,576,506,-1
1788814148.9387,1052384,V,576,506,-1
1788814148.9387,1052392,V,575,505,-1
1788814148.9387,1052400,V,574,504,-1
1788814149.0354,1052414,V,575,505,12897
1788814149.0356,1052422,V,577,507,-1
1788814149.0356,1052430,V,576,506,-1
1788814149.0356,1052438,V,576,506,-1
1788814149.0356,1052446,V,575,505,-1
1788814149.0356,1052454,V,576,506,-1
1788814149.0832,1052467,V,576,506,12898
1788814149.0833,1052475,V,577,507,-1
1788814149.0833,1052483,V,576,506,-1
1788814149.0833,1052491,V,576,506,-1
1788814149.0833,1052499,V,581,511,-1
1788814149.0833,1052507,V,576,506,-1
1788814149.1319,1052521,V,576,506,12899
1788814149.1320,1052529,V,576,506,-1
1788814149.1320,1052537,V,577,507,-1
1788814149.1320,1052545,V,576,506,-1
1788814149.1320,1052553,V,576,506,-1
1788814149.1320,1052561,V,576,506,-1
1788814149.1817,1052575,V,576,506,12900
1788814149.1817,1052583,V,576,506,-1
1788814149.1817,1052591,V,577,507,-1
1788814149.1817,1052599,V,577,507,-1
1788814149.1817,1052607,V,576,506,-1
1788814149.1817,1052615,V,577,507,-1
1788814149.2292,1052628,V,575,505,12901
1788814149.2292,1052636,V,576,506,-1
1788814149.2292,1052644,V,576,506,-1
1788814149.2292,1052652,V,577,507,-1
1788814149.2293,1052660,V,576,506,-1
1788814149.2293,1052668,V,577,507,-1
1788814149.2775,1052682,V,575,505,12902
1788814149.2776,1052690,V,576,506,-1
1788814149.2777,1052698,V,591,519,-1
1788814149.2777,1052706,V,577,507,-1
1788814149.2777,1052714,V,576,506,-1
1788814149.2777,1052722,V,577,507,-1
1788814149.3273,1052735,V,577,507,12903
1788814149.3273,1052743,V,576,506,-1
1788814149.3273,1052751,V,576,506,-1
1788814149.3273,1052759,V,577,507,-1
1788814149.3273,1052767,V,577,507,-1
1788814149.3273,1052775,V,577,507,-1
1788814149.3756,1052789,V,577,507,12904
1788814149.3756,1052797,V,576,506,-1
1788814149.3756,1052805,V,576,506,-1
1788814149.3757,1052813,V,576,506,-1
1788814149.3757,1052821,V,576,506,-1
1788814149.3757,1052829,V,576,506,-1
1788814149.4241,1052843,V,576,506,12905
1788814149.4241,1052851,V,575,505,-1
1788814149.4241,1052859,V,576,506,-1
1788814149.4241,1052867,V,577,507,-1
1788814149.4241,1052875,V,576,506,-1
1788814149.4241,1052883,V,576,506,-1
1788814149.4728,1052897,V,577,507,12906
1788814149.4728,1052905,V,577,507,-1
1788814149.4728,1052913,V,576,506,-1
1788814149.4728,1052921,V,575,505,-1
1788814149.4728,1052929,V,576,506,-1
1788814149.4728,1052937,V,576,506,-1
1788814149.5700,1052950,V,576,506,12907
1788814149.5701,1052958,V,576,506,-1
1788814149.5701,1052966,V,576,506,-1
1788814149.5701,1052974,V,576,506,-1
1788814149.5701,1052982,V,576,506,-1
1788814149.5701,1052990,V,577,507,-1
1788814149.6682,1053004,V,577,507,12908
1788814149.6682,1053012,V,576,506,-1
1788814149.6682,1053020,V,577,507,-1
1788814149.6682,1053028,V,577,507,-1
1788814149.6683,1053036,V,581,511,-1
1788814149.6683,1053044,V,575,505,-1
1788814149.6693,1053057,V,576,506,12909
1788814149.6693,1053065,V,575,505,-1
1788814149.6693,1053073,V,577,507,-1
1788814149.6693,1053081,V,577,507,-1
1788814149.6693,1053089,V,576,506,-1
1788814149.6694,1053097,V,577,507,-1
1788814149.7166,1053111,V,576,506,12910
1788814149.7166,1053119,V,576,506,-1
1788814149.7166,1053127,V,576,506,-1
1788814149.7166,1053135,V,581,511,-1
1788814149.7166,1053143,V,575,505,-1
1788814149.7166,1053151,V,576,506,-1
1788814149.7673,1053165,V,576,506,12911
1788814149.7673,1053173,V,576,506,-1
1788814149.7674,1053181,V,576,506,-1
1788814149.7674,1053189,V,575,505,-1
1788814149.7674,1053197,V,576,506,-1
1788814149.7674,1053205,V,576,506,-1
1788814149.8143,1053219,V,576,506,12912
1788814149.8145,1053227,V,577,507,-1
1788814149.8145,1053235,V,576,506,-1
1788814149.8145,1053243,V,575,505,-1
1788814149.8145,1053251,V,575,505,-1
1788814149.8145,1053259,V,575,505,-1
1788814149.8631,1053272,V,577,507,12913
1788814149.8631,1053280,V,576,506,-1
1788814149.8631,1053288,V,575,505,-1
1788814149.8631,1053296,V,576,506,-1
1788814149.8631,1053304,V,576,506,-1
1788814149.8631,1053312,V,576,506,-1
1788814149.9117,1053326,V,576,506,12914
1788814149.9118,1053334,V,576,506,-1
1788814149.9118,1053342,V,576,506,-1
1788814149.9118,1053350,V,577,507,-1
1788814149.9118,1053358,V,576,506,-1
1788814149.9118,1053366,V,576,506,-1
1788814149.9605,1053380,V,575,505,12915
1788814149.9606,1053388,V,576,506,-1
1788814149.9606,1053396,V,576,506,-1
1788814149.9606,1053404,V,576,506,-1
1788814149.9606,1053412,V,575,505,-1
1788814149.9606,1053420,V,576,506,-1
1788814150.0093,1053433,V,577,507,12916
1788814150.0093,1053441,V,576,506,-1
1788814150.0093,1053449,V,576,506,-1
1788814150.0093,1053457,V,576,506,-1
1788814150.0093,1053465,V,575,505,-1
1788814150.0093,1053473,V,579,509,-1
1788814150.1066,1053487,V,576,506,12917
1788814150.1067,1053495,V,577,507,-1
1788814150.1067,1053503,V,577,507,-1
1788814150.1067,1053511,V,577,507,-1
1788814150.1067,1053519,V,575,505,-1
1788814150.1067,1053527,V,575,505,-1
1788814150.1551,1053540,V,576,506,12918
1788814150.1551,1053548,V,576,506,-1
1788814150.1551,1053556,V,576,506,-1
1788814150.1551,1053564,V,576,506,-1
1788814150.1552,1053572,V,578,508,-1
1788814150.1552,1053580,V,576,506,-1
1788814150.2040,1053594,V,577,507,12919
1788814150.2040,1053602,V,575,505,-1
1788814150.2040,1053610,V,576,506,-1
1788814150.2040,1053618,V,576,506,-1
1788814150.2040,1053626,V,576,506,-1
1788814150.2040,1053634,V,575,505,-1
1788814150.2536,1053648,V,576,506,12920
1788814150.2537,1053656,V,576,506,-1
1788814150.2537,1053664,V,578,508,-1
1788814150.2537,1053672,V,591,519,-1
1788814150.2537,1053680,V,576,506,-1
1788814150.2537,1053688,V,576,506,-1
1788814150.3017,1053701,V,576,506,12921
1788814150.3017,1053709,V,576,506,-1
1788814150.3018,1053717,V,575,505,-1
1788814150.3018,1053725,V,576,506,-1
1788814150.3018,1053733,V,575,505,-1
1788814150.3018,1053741,V,575,505,-1
1788814150.3513,1053755,V,575,505,12922
1788814150.3514,1053763,V,575,505,-1
1788814150.3514,1053771,V,574,504,-1
1788814150.3514,1053779,V,575,505,-1
1788814150.3514,1053787,V,576,506,-1
1788814150.3515,1053795,V,575,505,-1
1788814150.4005,1053809,V,576,506,12923
1788814150.4005,1053817,V,576,506,-1
1788814150.4005,1053825,V,577,507,-1
1788814150.4005,1053833,V,576,506,-1
1788814150.4006,1053841,V,577,507,-1
1788814150.4006,1053849,V,576,506,-1
1788814150.4481,1053862,V,576,506,12924
1788814150.4481,1053870,V,574,504,-1
1788814150.4482,1053878,V,576,506,-1
1788814150.4482,1053886,V,576,506,-1
1788814150.4482,1053894,V,576,506,-1
1788814150.4482,1053902,V,575,505,-1
1788814150.4965,1053916,V,575,505,12925
1788814150.4965,1053924,V,575,505,-1
1788814150.4965,1053932,V,575,505,-1
1788814150.4965,1053940,V,576,506,-1
1788814150.4965,1053948,V,575,505,-1
1788814150.4965,1053956,V,577,507,-1
1788814150.5452,1053970,V,576,506,12926
1788814150.5452,1053978,V,576,506,-1
1788814150.5452,1053986,V,578,508,-1
1788814150.5452,1053994,V,576,506,-1
1788814150.5452,1054002,V,576,506,-1
1788814150.5452,1054010,V,580,510,-1
1788814150.6438,1054023,V,576,506,12927
1788814150.6439,1054031,V,576,506,-1
1788814150.6439,1054039,V,575,505,-1
1788814150.6439,1054047,V,576,506,-1
1788814150.6439,1054055,V,576,506,-1
1788814150.6439,1054063,V,576,506,-1
1788814150.6916,1054077,V,576,506,12928
1788814150.6916,1054085,V,576,506,-1
1788814150.6916,1054093,V,576,506,-1
1788814150.6916,1054101,V,575,505,-1
1788814150.6916,1054109,V,578,508,-1
1788814150.6916,1054117,V,577,507,-1
1788814150.7406,1054131,V,576,506,12929
1788814150.7406,1054139,V,575,505,-1
1788814150.7406,1054147,V,576,506,-1
1788814150.7406,1054155,V,575,505,-1
1788814150.7407,1054163,V,576,506,-1
1788814150.7407,1054171,V,576,506,-1
1788814150.7894,1054184,V,576,506,12930
1788814150.7895,1054192,V,576,506,-1
1788814150.7895,1054200,V,576,506,-1
1788814150.7895,1054208,V,589,518,-1
1788814150.7895,1054216,V,576,506,-1
1788814150.7895,1054224,V,575,505,-1
1788814150.8383,1054238,V,576,506,12931
1788814150.8384,1054246,V,576,506,-1
1788814150.8384,1054254,V,576,506,-1
1788814150.8384,1054262,V,577,507,-1
1788814150.8384,1054270,V,576,506,-1
1788814150.8384,1054278,V,576,506,-1
1788814150.8871,1054291,V,576,506,12932
1788814150.8873,1054299,V,575,505,-1
1788814150.8873,1054307,V,576,506,-1
1788814150.8873,1054315,V,576,506,-1
1788814150.8873,1054323,V,576,506,-1
1788814150.8873,1054331,V,576,506,-1
1788814150.9359,1054345,V,575,505,12933
1788814150.9359,1054353,V,575,505,-1
1788814150.9359,1054361,V,575,505,-1
1788814150.9359,1054369,V,575,505,-1
1788814150.9360,1054377,V,575,505,-1
1788814150.9360,1054385,V,576,506,-1
1788814150.9843,1054399,V,575,505,12934
1788814150.9844,1054407,V,575,505,-1
1788814150.9844,1054415,V,576,506,-1
1788814150.9844,1054423,V,575,505,-1
1788814150.9844,1054431,V,576,506,-1
1788814150.9844,1054439,V,576,506,-1
1788814151.0328,1054452,V,575,505,12935
1788814151.0329,1054460,V,575,505,-1
1788814151.0329,1054468,V,576,506,-1
1788814151.0329,1054476,V,576,506,-1
1788814151.0329,1054484,V,575,505,-1
1788814151.0329,1054492,V,575,505,-1
1788814151.1315,1054506,V,575,505,12936
1788814151.1316,1054514,V,576,506,-1
1788814151.1316,1054522,V,576,506,-1
1788814151.1316,1054530,V,575,505,-1
1788814151.1316,1054538,V,576,506,-1
1788814151.1316,1054546,V,581,511,-1
1788814151.1794,1054560,V,576,506,12937
1788814151.1794,1054568,V,576,506,-1
1788814151.1794,1054576,V,576,506,-1
1788814151.1794,1054584,V,576,506,-1
1788814151.1794,1054592,V,576,506,-1
1788814151.1794,1054600,V,577,507,-1
1788814151.2281,1054613,V,576,506,12938
1788814151.2282,1054621,V,575,505,-1
1788814151.2282,1054629,V,575,505,-1
1788814151.2282,1054637,V,577,507,-1
1788814151.2282,1054645,V,580,510,-1
1788814151.2282,1054653,V,576,506,-1
1788814151.2777,1054667,V,576,506,12939
1788814151.2777,1054675,V,575,505,-1
1788814151.2777,1054683,V,575,505,-1
1788814151.2777,1054691,V,574,504,-1
1788814151.2777,1054699,V,576,506,-1
1788814151.2777,1054707,V,575,505,-1
1788814151.3256,1054721,V,576,506,12940
1788814151.3256,1054729,V,575,505,-1
1788814151.3256,1054737,V,575,505,-1
1788814151.3256,1054745,V,576,506,-1
1788814151.3256,1054753,V,576,506,-1
1788814151.3256,1054761,V,576,506,-1
1788814151.3739,1054775,V,575,505,12941
1788814151.3740,1054783,V,576,506,-1
1788814151.3740,1054791,V,576,506,-1
1788814151.3740,1054799,V,576,506,-1
1788814151.3740,1054807,V,576,506,-1
1788814151.3741,1054815,V,576,506,-1
1788814151.4242,1054828,V,576,506,12942
1788814151.4243,1054836,V,576,506,-1
1788814151.4243,1054844,V,577,507,-1
1788814151.4243,1054852,V,576,506,-1
1788814151.4243,1054860,V,576,506,-1
1788814151.4243,1054868,V,576,506,-1
1788814151.5204,1054882,V,575,505,12943
1788814151.5204,1054890,V,575,505,-1
1788814151.5205,1054898,V,576,506,-1
1788814151.5205,1054906,V,575,505,-1
1788814151.5205,1054914,V,575,505,-1
1788814151.5205,1054922,V,576,506,-1
1788814151.5217,1054936,V,575,505,12944
1788814151.5217,1054944,V,576,506,-1
1788814151.5217,1054952,V,577,507,-1
1788814151.5217,1054960,V,575,505,-1
1788814151.5218,1054968,V,576,506,-1
1788814151.5218,1054976,V,577,507,-1
1788814151.5695,1054989,V,580,510,12945
1788814151.5695,1054997,V,576,506,-1
1788814151.5695,1055005,V,577,507,-1
1788814151.5695,1055013,V,575,505,-1
1788814151.5695,1055021,V,576,506,-1
1788814151.5695,1055029,V,576,506,-1
1788814151.6181,1055043,V,575,505,12946
1788814151.6183,1055051,V,576,506,-1
1788814151.6183,1055059,V,577,507,-1
1788814151.6183,1055067,V,575,505,-1
1788814151.6183,1055075,V,576,506,-1
1788814151.6183,1055083,V,578,508,-1
1788814151.7659,1055097,V,575,505,12947
1788814151.7659,1055105,V,577,507,-1
1788814151.7659,1055113,V,576,506,-1
1788814151.7659,1055121,V,575,505,-1
1788814151.7659,1055129,V,576,506,-1
1788814151.7659,1055137,V,576,506,-1
1788814151.7662,1055151,V,576,506,12948
1788814151.7663,1055159,V,575,505,-1
1788814151.7663,1055167,V,575,505,-1
1788814151.7663,1055175,V,575,505,-1
1788814151.7663,1055183,V,578,508,-1
1788814151.7663,1055191,V,576,506,-1
1788814151.8130,1055204,V,575,505,12949
1788814151.8130,1055212,V,575,505,-1
1788814151.8130,1055220,V,576,506,-1
1788814151.8131,1055228,V,576,506,-1
1788814151.8131,1055236,V,576,506,-1
1788814151.8131,1055244,V,577,507,-1
1788814151.8616,1055258,V,577,507,12950
1788814151.8618,1055266,V,575,505,-1
1788814151.8618,1055274,V,576,506,-1
1788814151.8618,1055282,V,574,504,-1
1788814151.8618,1055290,V,575,505,-1
1788814151.8618,1055298,V,576,506,-1
1788814151.9109,1055312,V,576,506,12951
1788814151.9109,1055320,V,576,506,-1
1788814151.9110,1055328,V,575,505,-1
1788814151.9110,1055336,V,577,507,-1
1788814151.9110,1055344,V,576,506,-1
1788814151.9110,1055352,V,576,506,-1
1788814151.9590,1055365,V,576,506,12952
1788814151.9590,1055373,V,576,506,-1
1788814151.9590,1055381,V,577,507,-1
1788814151.9590,1055389,V,577,507,-1
1788814151.9590,1055397,V,577,507,-1
1788814151.9590,1055405,V,577,507,-1
1788814152.0078,1055419,V,576,506,12953
1788814152.0079,1055427,V,581,511,-1
1788814152.0079,1055435,V,575,505,-1
1788814152.0079,1055443,V,576,506,-1
1788814152.0079,1055451,V,576,506,-1
1788814152.0079,1055459,V,577,507,-1
1788814152.0574,1055473,V,576,506,12954
1788814152.0574,1055481,V,576,506,-1
1788814152.0574,1055489,V,576,506,-1
1788814152.0574,1055497,V,575,505,-1
1788814152.0575,1055505,V,574,504,-1
1788814152.0575,1055513,V,576,506,-1
1788814152.1061,1055526,V,578,508,12955
1788814152.1062,1055534,V,577,507,-1
1788814152.1062,1055542,V,576,506,-1
1788814152.1062,1055550,V,577,507,-1
1788814152.1062,1055558,V,576,506,-1
1788814152.1063,1055566,V,577,507,-1
1788814152.2031,1055580,V,576,506,12956
1788814152.2031,1055588,V,576,506,-1
1788814152.2031,1055596,V,575,505,-1
1788814152.2031,1055604,V,576,506,-1
1788814152.2031,1055612,V,578,508,-1
1788814152.2031,1055620,V,590,519,-1
1788814152.2521,1055634,V,577,507,12957
1788814152.2522,1055642,V,576,506,-1
1788814152.2522,1055650,V,577,507,-1
1788814152.2522,1055658,V,576,506,-1
1788814152.2522,1055666,V,576,506,-1
1788814152.2522,1055674,V,576,506,-1
1788814152.3004,1055687,V,576,506,12958
1788814152.3004,1055695,V,575,505,-1
1788814152.3005,1055703,V,575,505,-1
1788814152.3005,1055711,V,576,506,-1
1788814152.3005,1055719,V,576,506,-1
1788814152.3005,1055727,V,576,506,-1
1788814152.3501,1055741,V,575,505,12959
1788814152.3502,1055749,V,576,506,-1
1788814152.3503,1055757,V,575,505,-1
1788814152.3503,1055765,V,575,505,-1
1788814152.3503,1055773,V,576,506,-1
1788814152.3503,1055781,V,577,507,-1
1788814152.3983,1055795,V,575,505,12960
1788814152.3983,1055803,V,575,505,-1
1788814152.3983,1055811,V,576,506,-1
1788814152.3983,1055819,V,575,505,-1
1788814152.3983,1055827,V,576,506,-1
1788814152.3983,1055835,V,576,506,-1
1788814152.4478,1055848,V,576,506,12961
1788814152.4478,1055856,V,575,505,-1
1788814152.4478,1055864,V,577,507,-1
1788814152.4478,1055872,V,577,507,-1
1788814152.4478,1055880,V,576,506,-1
1788814152.4478,1055888,V,577,507,-1
1788814152.4962,1055902,V,577,507,12962
1788814152.4963,1055910,V,576,506,-1
1788814152.4963,1055918,V,576,506,-1
1788814152.4963,1055926,V,575,505,-1
1788814152.4963,1055934,V,575,505,-1
1788814152.4963,1055942,V,577,507,-1
1788814152.5442,1055956,V,576,506,12963
1788814152.5442,1055964,V,579,509,-1
1788814152.5442,1055972,V,575,505,-1
1788814152.5442,1055980,V,575,505,-1
1788814152.5442,1055988,V,574,504,-1
1788814152.5442,1055996,V,576,506,-1
1788814152.5927,1056009,V,575,505,12964
1788814152.5928,1056017,V,576,506,-1
1788814152.5928,1056025,V,577,507,-1
1788814152.5928,1056033,V,576,506,-1
1788814152.5928,1056041,V,577,507,-1
1788814152.5929,1056049,V,576,506,-1
1788814152.6428,1056063,V,587,516,12965
1788814152.6428,1056071,V,577,507,-1
1788814152.6428,1056079,V,576,506,-1
1788814152.6428,1056087,V,576,506,-1
1788814152.6428,1056095,V,577,507,-1
1788814152.6428,1056103,V,576,506,-1
1788814152.7402,1056117,V,576,506,12966
1788814152.7402,1056125,V,577,507,-1
1788814152.7402,1056133,V,576,506,-1
1788814152.7402,1056141,V,576,506,-1
1788814152.7402,1056149,V,576,506,-1
1788814152.7403,1056157,V,577,507,-1
1788814152.7897,1056170,V,575,505,12967
1788814152.7897,1056178,V,576,506,-1
1788814152.7897,1056186,V,576,506,-1
1788814152.7897,1056194,V,576,506,-1
1788814152.7897,1056202,V,576,506,-1
1788814152.7897,1056210,V,576,506,-1
1788814152.8375,1056224,V,576,506,12968
1788814152.8376,1056232,V,576,506,-1
1788814152.8376,1056240,V,576,506,-1
1788814152.8376,1056248,V,576,506,-1
1788814152.8377,1056256,V,576,506,-1
1788814152.8377,1056264,V,576,506,-1
1788814152.8854,1056278,V,576,506,12969
1788814152.8855,1056286,V,576,506,-1
1788814152.8855,1056294,V,576,506,-1
1788814152.8855,1056302,V,575,505,-1
1788814152.8855,1056310,V,576,506,-1
1788814152.8855,1056318,V,575,505,-1
1788814152.9342,1056331,V,576,506,12970
1788814152.9342,1056339,V,576,506,-1
1788814152.9342,1056347,V,575,505,-1
1788814152.9342,1056355,V,574,504,-1
1788814152.9342,1056363,V,576,506,-1
1788814152.9342,1056371,V,575,505,-1
1788814152.9838,1056385,V,576,506,12971
1788814152.9838,1056393,V,575,505,-1
1788814152.9839,1056401,V,580,510,-1
1788814152.9839,1056409,V,577,507,-1
1788814152.9839,1056417,V,575,505,-1
1788814152.9839,1056425,V,576,506,-1
1788814153.0325,1056439,V,576,506,12972
1788814153.0325,1056447,V,576,506,-1
1788814153.0326,1056455,V,576,506,-1
1788814153.0326,1056463,V,577,507,-1
1788814153.0326,1056471,V,576,506,-1
1788814153.0326,1056479,V,575,505,-1
1788814153.0811,1056492,V,575,505,12973
1788814153.0812,1056500,V,576,506,-1
1788814153.0812,1056508,V,576,506,-1
1788814153.0812,1056516,V,576,506,-1
1788814153.0812,1056524,V,575,505,-1
1788814153.0812,1056532,V,576,506,-1
1788814153.1789,1056546,V,576,506,12974
1788814153.1789,1056554,V,576,506,-1
1788814153.1789,1056562,V,576,506,-1
1788814153.1789,1056570,V,576,506,-1
1788814153.1789,1056578,V,577,507,-1
1788814153.1789,1056586,V,576,506,-1
1788814153.1798,1056600,V,591,519,12975
1788814153.1799,1056608,V,576,506,-1
1788814153.1799,1056616,V,575,505,-1
1788814153.1799,1056624,V,577,507,-1
1788814153.1799,1056632,V,577,507,-1
1788814153.1799,1056640,V,575,505,-1
1788814153.2755,1056653,V,575,505,12976
1788814153.2755,1056661,V,576,506,-1
1788814153.2755,1056669,V,576,506,-1
1788814153.2755,1056677,V,577,507,-1
1788814153.2757,1056685,V,576,506,-1
1788814153.2757,1056693,V,575,505,-1
1788814153.3243,1056707,V,576,506,12977
1788814153.3244,1056715,V,577,507,-1
1788814153.3244,1056723,V,576,506,-1
1788814153.3244,1056731,V,576,506,-1
1788814153.3244,1056739,V,576,506,-1
1788814153.3244,1056747,V,576,506,-1
1788814153.4226,1056761,V,575,505,12978
1788814153.4226,1056769,V,576,506,-1
1788814153.4226,1056777,V,576,506,-1
1788814153.4226,1056785,V,576,506,-1
1788814153.4226,1056793,V,576,506,-1
1788814153.4226,1056801,V,576,506,-1
1788814153.4237,1056814,V,575,505,12979
1788814153.4237,1056822,V,576,506,-1
1788814153.4237,1056830,V,575,505,-1
1788814153.4237,1056838,V,577,507,-1
1788814153.4237,1056846,V,576,506,-1
1788814153.4238,1056854,V,576,506,-1
1788814153.4702,1056868,V,576,506,12980
1788814153.4702,1056876,V,576,506,-1
1788814153.4702,1056884,V,576,506,-1
1788814153.4702,1056892,V,575,505,-1
1788814153.4702,1056900,V,576,506,-1
1788814153.4702,1056908,V,577,507,-1
1788814153.5200,1056921,V,575,505,12981
1788814153.5200,1056929,V,575,505,-1
1788814153.5200,1056937,V,580,510,-1
1788814153.5200,1056945,V,576,506,-1
1788814153.5201,1056953,V,576,506,-1
1788814153.5201,1056961,V,576,506,-1
1788814153.5678,1056975,V,577,507,12982
1788814153.5679,1056983,V,575,505,-1
1788814153.5679,1056991,V,575,505,-1
1788814153.5679,1056999,V,575,505,-1
1788814153.5679,1057007,V,576,506,-1
1788814153.5680,1057015,V,576,506,-1
1788814153.6171,1057029,V,576,506,12983
1788814153.6171,1057037,V,577,507,-1
1788814153.6171,1057045,V,576,506,-1
1788814153.6172,1057053,V,575,505,-1
1788814153.6172,1057061,V,575,505,-1
1788814153.6172,1057069,V,575,505,-1
1788814153.6667,1057082,V,575,505,12984
1788814153.6667,1057090,V,575,505,-1
1788814153.6667,1057098,V,576,506,-1
1788814153.6667,1057106,V,576,506,-1
1788814153.6667,1057114,V,576,506,-1
1788814153.6668,1057122,V,574,504,-1
1788814153.7150,1057136,V,591,519,12985
1788814153.7150,1057144,V,576,506,-1
1788814153.7151,1057152,V,576,506,-1
1788814153.7151,1057160,V,577,507,-1
1788814153.7151,1057168,V,576,506,-1
1788814153.7151,1057176,V,575,505,-1
1788814153.8613,1057189,V,575,505,12986
1788814153.8614,1057197,V,576,506,-1
1788814153.8614,1057205,V,577,507,-1
1788814153.8614,1057213,V,576,506,-1
1788814153.8614,1057221,V,577,507,-1
1788814153.8614,1057229,V,575,505,-1
1788814153.8629,1057243,V,575,505,12987
1788814153.8629,1057251,V,576,506,-1
1788814153.8629,1057259,V,576,506,-1
1788814153.8629,1057267,V,576,506,-1
1788814153.8629,1057275,V,576,506,-1
1788814153.8629,1057283,V,577,507,-1
1788814153.9105,1057297,V,576,506,12988
1788814153.9106,1057305,V,576,506,-1
1788814153.9106,1057313,V,575,505,-1
1788814153.9106,1057321,V,576,506,-1
1788814153.9106,1057329,V,576,506,-1
1788814153.9106,1057337,V,575,505,-1
1788814153.9579,1057350,V,576,506,12989
1788814153.9579,1057358,V,576,506,-1
1788814153.9579,1057366,V,575,505,-1
1788814153.9580,1057374,V,576,506,-1
1788814153.9580,1057382,V,575,505,-1
1788814153.9580,1057390,V,575,505,-1
1788814154.0066,1057404,V,575,505,12990
1788814154.0066,1057412,V,576,506,-1
1788814154.0066,1057420,V,575,505,-1
1788814154.0066,1057428,V,576,506,-1
1788814154.0067,1057436,V,575,505,-1
1788814154.0067,1057444,V,576,506,-1
1788814154.0551,1057458,V,575,505,12991
1788814154.0551,1057466,V,576,506,-1
1788814154.0552,1057474,V,580,510,-1
1788814154.0552,1057482,V,576,506,-1
1788814154.0552,1057490,V,575,505,-1
1788814154.0552,1057498,V,576,506,-1
1788814154.1051,1057511,V,574,504,12992
1788814154.1052,1057519,V,576,506,-1
1788814154.1052,1057527,V,576,506,-1
1788814154.1053,1057535,V,575,505,-1
1788814154.1053,1057543,V,575,505,-1
1788814154.1053,1057551,V,575,505,-1
1788814154.1533,1057565,V,576,506,12993
1788814154.1533,1057573,V,577,507,-1
1788814154.1534,1057581,V,576,506,-1
1788814154.1534,1057589,V,576,506,-1
1788814154.1534,1057597,V,576,506,-1
1788814154.1534,1057605,V,576,506,-1
1788814154.2017,1057619,V,576,506,12994
1788814154.2017,1057627,V,576,506,-1
1788814154.2017,1057635,V,574,504,-1
1788814154.2017,1057643,V,576,506,-1
1788814154.2017,1057651,V,575,505,-1
1788814154.2017,1057659,V,576,506,-1
1788814154.2504,1057672,V,590,519,12995
1788814154.2505,1057680,V,575,505,-1
1788814154.2505,1057688,V,576,506,-1
1788814154.2505,1057696,V,576,506,-1
1788814154.2505,1057704,V,576,506,-1
1788814154.2505,1057712,V,576,506,-1
1788814154.3482,1057726,V,575,505,12996
1788814154.3484,1057734,V,575,505,-1
1788814154.3484,1057742,V,575,505,-1
1788814154.3484,1057750,V,576,506,-1
1788814154.3484,1057758,V,576,506,-1
1788814154.3484,1057766,V,577,507,-1
1788814154.3969,1057779,V,576,506,12997
1788814154.3969,1057787,V,576,506,-1
1788814154.3969,1057795,V,576,506,-1
1788814154.3969,1057803,V,577,507,-1
1788814154.3969,1057811,V,576,506,-1
1788814154.3969,1057819,V,575,505,-1
1788814154.4455,1057833,V,577,507,12998
1788814154.4455,1057841,V,575,505,-1
1788814154.4455,1057849,V,576,506,-1
1788814154.4455,1057857,V,577,507,-1
1788814154.4455,1057865,V,576,506,-1
1788814154.4456,1057873,V,576,506,-1
1788814154.4942,1057886,V,576,506,12999
1788814154.4943,1057894,V,576,506,-1
1788814154.4943,1057902,V,576,506,-1
1788814154.4943,1057910,V,576,506,-1
1788814154.4943,1057918,V,576,506,-1
1788814154.4943,1057926,V,577,507,-1
1788814154.5432,1057940,V,576,506,13000
1788814154.5433,1057948,V,576,506,-1
1788814154.5433,1057956,V,577,507,-1
1788814154.5433,1057964,V,577,507,-1
1788814154.5433,1057972,V,576,506,-1
1788814154.5433,1057980,V,576,506,-1
1788814154.5924,1057994,V,576,506,13001
1788814154.5926,1058002,V,576,506,-1
1788814154.5926,1058010,V,580,510,-1
1788814154.5926,1058018,V,577,507,-1
1788814154.5926,1058026,V,578,508,-1
1788814154.5926,1058034,V,576,506,-1
1788814154.6410,1058047,V,577,507,13002
1788814154.6411,1058055,V,576,506,-1
1788814154.6411,1058063,V,575,505,-1
1788814154.6411,1058071,V,576,506,-1
1788814154.6411,1058079,V,576,506,-1
1788814154.6411,1058087,V,576,506,-1
1788814154.6905,1058101,V,576,506,13003
1788814154.6906,1058109,V,577,507,-1
1788814154.6906,1058117,V,577,507,-1
1788814154.6906,1058125,V,576,506,-1
1788814154.6906,1058133,V,576,506,-1
1788814154.6906,1058141,V,577,507,-1
1788814154.7891,1058155,V,577,507,13004
1788814154.7891,1058163,V,576,506,-1
1788814154.7891,1058171,V,577,507,-1
1788814154.7891,1058179,V,577,507,-1
1788814154.7891,1058187,V,577,507,-1
1788814154.7891,1058195,V,576,506,-1
1788814154.7894,1058208,V,592,520,13005
1788814154.7894,1058216,V,577,507,-1
1788814154.7894,1058224,V,577,507,-1
1788814154.7894,1058232,V,577,507,-1
1788814154.7894,1058240,V,575,505,-1
1788814154.7894,1058248,V,577,507,-1
1788814154.8844,1058262,V,576,506,13006
1788814154.8845,1058270,V,577,507,-1
1788814154.8845,1058278,V,577,507,-1
1788814154.8845,1058286,V,576,506,-1
1788814154.8846,1058294,V,577,507,-1
1788814154.8846,1058302,V,578,508,-1
1788814154.9335,1058316,V,577,507,13007
1788814154.9336,1058324,V,576,506,-1
1788814154.9336,1058332,V,576,506,-1
1788814154.9336,1058340,V,576,506,-1
1788814154.9336,1058348,V,577,507,-1
1788814154.9336,1058356,V,577,507,-1
1788814154.9814,1058369,V,576,506,13008
1788814154.9815,1058377,V,576,506,-1
1788814154.9815,1058385,V,576,506,-1
1788814154.9815,1058393,V,576,506,-1
1788814154.9815,1058401,V,577,507,-1
1788814154.9815,1058409,V,577,507,-1
1788814155.0306,1058423,V,576,506,13009
1788814155.0307,1058431,V,576,506,-1
1788814155.0307,1058439,V,577,507,-1
1788814155.0307,1058447,V,576,506,-1
1788814155.0307,1058455,V,576,506,-1
1788814155.0307,1058463,V,575,505,-1
1788814155.0791,1058476,V,577,507,13010
1788814155.0792,1058484,V,576,506,-1
1788814155.0792,1058492,V,576,506,-1
1788814155.0792,1058500,V,576,506,-1
1788814155.0792,1058508,V,576,506,-1
1788814155.0792,1058516,V,575,505,-1
1788814155.1279,1058530,V,577,507,13011
1788814155.1280,1058538,V,576,506,-1
1788814155.1280,1058546,V,581,511,-1
1788814155.1280,1058554,V,578,508,-1
1788814155.1280,1058562,V,578,508,-1
1788814155.1280,1058570,V,576,506,-1
1788814155.1770,1058584,V,576,506,13012
1788814155.1770,1058592,V,576,506,-1
1788814155.1771,1058600,V,577,507,-1
1788814155.1771,1058608,V,577,507,-1
1788814155.1771,1058616,V,577,507,-1
1788814155.1771,1058624,V,577,507,-1
1788814155.2256,1058637,V,576,506,13013
1788814155.2256,1058645,V,578,508,-1
1788814155.2256,1058653,V,577,507,-1
1788814155.2256,1058661,V,576,506,-1
1788814155.2256,1058669,V,577,507,-1
1788814155.2256,1058677,V,576,506,-1
1788814155.2739,1058691,V,576,506,13014
1788814155.2739,1058699,V,576,506,-1
1788814155.2739,1058707,V,576,506,-1
1788814155.2739,1058715,V,577,507,-1
1788814155.2739,1058723,V,576,506,-1
1788814155.2739,1058731,V,576,506,-1
1788814155.3239,1058745,V,592,520,13015
1788814155.3239,1058753,V,576,506,-1
1788814155.3239,1058761,V,576,506,-1
1788814155.3239,1058769,V,577,507,-1
1788814155.3239,1058777,V,577,507,-1
1788814155.3239,1058785,V,577,507,-1
1788814155.4206,1058798,V,577,507,13016
1788814155.4207,1058806,V,576,506,-1
1788814155.4207,1058814,V,576,506,-1
1788814155.4208,1058822,V,576,506,-1
1788814155.4208,1058830,V,577,507,-1
1788814155.4208,1058838,V,577,507,-1
1788814155.4696,1058852,V,577,507,13017
1788814155.4696,1058860,V,576,506,-1
1788814155.4696,1058868,V,576,506,-1
1788814155.4696,1058876,V,578,508,-1
1788814155.4696,1058884,V,576,506,-1
1788814155.4696,1058892,V,576,506,-1
1788814155.5181,1058905,V,576,506,13018
1788814155.5182,1058913,V,575,505,-1
1788814155.5182,1058921,V,577,507,-1
1788814155.5182,1058929,V,575,505,-1
1788814155.5182,1058937,V,575,505,-1
1788814155.5182,1058945,V,576,506,-1
1788814155.5664,1058959,V,576,506,13019
1788814155.5664,1058967,V,576,506,-1
1788814155.5664,1058975,V,576,506,-1
1788814155.5664,1058983,V,577,507,-1
1788814155.5664,1058991,V,576,506,-1
1788814155.5664,1058999,V,576,506,-1
1788814155.6152,1059013,V,576,506,13020
1788814155.6152,1059021,V,577,507,-1
1788814155.6152,1059029,V,577,507,-1
1788814155.6152,1059037,V,577,507,-1
1788814155.6152,1059045,V,577,507,-1
1788814155.6152,1059053,V,577,507,-1
1788814155.6640,1059066,V,577,507,13021
1788814155.6640,1059074,V,576,506,-1
1788814155.6640,1059082,V,580,510,-1
1788814155.6640,1059090,V,576,506,-1
1788814155.6640,1059098,V,576,506,-1
1788814155.6640,1059106,V,576,506,-1
1788814155.7129,1059120,V,577,507,13022
1788814155.7129,1059128,V,576,506,-1
1788814155.7129,1059136,V,575,505,-1
1788814155.7129,1059144,V,577,507,-1
1788814155.7129,1059152,V,576,506,-1
1788814155.7129,1059160,V,575,505,-1
1788814155.7618,1059173,V,577,507,13023
1788814155.7618,1059181,V,578,508,-1
1788814155.7618,1059189,V,576,506,-1
1788814155.7618,1059197,V,577,507,-1
1788814155.7618,1059205,V,576,506,-1
1788814155.7618,1059213,V,577,507,-1
1788814155.8122,1059227,V,577,507,13024
1788814155.8122,1059235,V,576,506,-1
1788814155.8122,1059243,V,577,507,-1
1788814155.8122,1059251,V,577,507,-1
1788814155.8122,1059259,V,575,505,-1
1788814155.8122,1059267,V,576,506,-1
1788814155.8597,1059281,V,591,519,13025
1788814155.8597,1059289,V,576,506,-1
1788814155.8597,1059297,V,576,506,-1
1788814155.8598,1059305,V,577,507,-1
1788814155.8598,1059313,V,575,505,-1
1788814155.8598,1059321,V,576,506,-1
1788814155.9567,1059335,V,577,507,13026
1788814155.9569,1059343,V,576,506,-1
1788814155.9569,1059351,V,575,505,-1
1788814155.9569,1059359,V,577,507,-1
1788814155.9569,1059367,V,577,507,-1
1788814155.9569,1059375,V,577,507,-1
1788814156.0055,1059388,V,576,506,13027
1788814156.0056,1059396,V,577,507,-1
1788814156.0056,1059404,V,577,507,-1
1788814156.0056,1059412,V,576,506,-1
1788814156.0056,1059420,V,577,507,-1
1788814156.0056,1059428,V,576,506,-1
1788814156.1033,1059442,V,577,507,13028
1788814156.1034,1059450,V,576,506,-1
1788814156.1034,1059458,V,577,507,-1
1788814156.1034,1059466,V,577,507,-1
1788814156.1034,1059474,V,577,507,-1
1788814156.1034,1059482,V,576,506,-1
1788814156.1043,1059495,V,576,506,13029
1788814156.1043,1059503,V,576,506,-1
1788814156.1043,1059511,V,576,506,-1
1788814156.1043,1059519,V,576,506,-1
1788814156.1043,1059527,V,576,506,-1
1788814156.1043,1059535,V,577,507,-1
1788814156.1535,1059549,V,576,506,13030
1788814156.1535,1059557,V,577,507,-1
1788814156.1535,1059565,V,577,507,-1
1788814156.1536,1059573,V,576,506,-1
1788814156.1536,1059581,V,576,506,-1
1788814156.1536,1059589,V,577,507,-1
1788814156.2045,1059603,V,576,506,13031
1788814156.2046,1059611,V,576,506,-1
1788814156.2046,1059619,V,580,510,-1
1788814156.2047,1059627,V,576,506,-1
1788814156.2047,1059635,V,576,506,-1
1788814156.2047,1059643,V,575,505,-1
1788814156.2506,1059656,V,576,506,13032
1788814156.2506,1059664,V,576,506,-1
1788814156.2506,1059672,V,577,507,-1
1788814156.2506,1059680,V,575,505,-1
1788814156.2506,1059688,V,578,508,-1
1788814156.2507,1059696,V,578,508,-1
1788814156.3478,1059710,V,576,506,13033
1788814156.3478,1059718,V,580,510,-1
1788814156.3478,1059726,V,576,506,-1
1788814156.3478,1059734,V,577,507,-1
1788814156.3478,1059742,V,576,506,-1
1788814156.3478,1059750,V,576,506,-1
1788814156.3492,1059764,V,576,506,13034
1788814156.3492,1059772,V,576,506,-1
1788814156.3492,1059780,V,575,505,-1
1788814156.3493,1059788,V,576,506,-1
1788814156.3493,1059796,V,576,506,-1
1788814156.3493,1059804,V,575,505,-1
1788814156.3955,1059818,V,591,519,13035
1788814156.3955,1059826,V,576,506,-1
1788814156.3955,1059834,V,576,506,-1
1788814156.3955,1059842,V,576,506,-1
1788814156.3956,1059850,V,576,506,-1
1788814156.3956,1059858,V,575,505,-1
1788814156.4927,1059871,V,575,505,13036
1788814156.4928,1059879,V,576,506,-1
1788814156.4928,1059887,V,576,506,-1
1788814156.4928,1059895,V,576,506,-1
1788814156.4928,1059903,V,576,506,-1
1788814156.4928,1059911,V,575,505,-1
1788814156.5430,1059925,V,575,505,13037
1788814156.5430,1059933,V,576,506,-1
1788814156.5430,1059941,V,577,507,-1
1788814156.5430,1059949,V,576,506,-1
1788814156.5430,1059957,V,576,506,-1
1788814156.5430,1059965,V,576,506,-1
1788814156.5904,1059979,V,577,507,13038
1788814156.5904,1059987,V,576,506,-1
1788814156.5904,1059995,V,575,505,-1
1788814156.5904,1060003,V,576,506,-1
1788814156.5904,1060011,V,576,506,-1
1788814156.5904,1060019,V,577,507,-1
1788814156.6394,1060032,V,577,507,13039
1788814156.6394,1060040,V,577,507,-1
1788814156.6394,1060048,V,576,506,-1
1788814156.6394,1060056,V,578,508,-1
1788814156.6394,1060064,V,577,507,-1
1788814156.6394,1060072,V,575,505,-1
1788814156.6880,1060086,V,576,506,13040
1788814156.6880,1060094,V,575,505,-1
1788814156.6880,1060102,V,577,507,-1
1788814156.6880,1060110,V,577,507,-1
1788814156.6880,1060118,V,576,506,-1
1788814156.6880,1060126,V,576,506,-1
1788814156.7368,1060139,V,577,507,13041
1788814156.7369,1060147,V,577,507,-1
1788814156.7369,1060155,V,578,508,-1
1788814156.7369,1060163,V,576,506,-1
1788814156.7369,1060171,V,577,507,-1
1788814156.7369,1060179,V,577,507,-1
1788814156.7856,1060193,V,576,506,13042
1788814156.7856,1060201,V,577,507,-1
1788814156.7856,1060209,V,577,507,-1
1788814156.7856,1060217,V,577,507,-1
1788814156.7856,1060225,V,576,506,-1
1788814156.7856,1060233,V,576,506,-1
1788814156.8344,1060247,V,577,507,13043
1788814156.8344,1060255,V,590,519,-1
1788814156.8346,1060263,V,576,506,-1
1788814156.8346,1060271,V,575,505,-1
1788814156.8346,1060279,V,576,506,-1
1788814156.8346,1060287,V,576,506,-1
1788814156.8839,1060300,V,577,507,13044
1788814156.8839,1060308,V,576,506,-1
1788814156.8839,1060316,V,576,506,-1
1788814156.8839,1060324,V,576,506,-1
1788814156.8839,1060332,V,576,506,-1
1788814156.8839,1060340,V,576,506,-1
1788814156.9326,1060354,V,578,508,13045
1788814156.9327,1060362,V,576,506,-1
1788814156.9327,1060370,V,577,507,-1
1788814156.9327,1060378,V,576,506,-1
1788814156.9327,1060386,V,576,506,-1
1788814156.9327,1060394,V,576,506,-1
1788814157.0301,1060408,V,577,507,13046
1788814157.0303,1060416,V,576,506,-1
1788814157.0303,1060424,V,576,506,-1
1788814157.0303,1060432,V,576,506,-1
1788814157.0303,1060440,V,577,507,-1
1788814157.0303,1060448,V,575,505,-1
1788814157.0789,1060461,V,576,506,13047
1788814157.0790,1060469,V,576,506,-1
1788814157.0790,1060477,V,576,506,-1
1788814157.0790,1060485,V,577,507,-1
1788814157.0790,1060493,V,576,506,-1
1788814157.0790,1060501,V,577,507,-1
1788814157.1268,1060515,V,576,506,13048
1788814157.1269,1060523,V,575,505,-1
1788814157.1269,1060531,V,577,507,-1
1788814157.1269,1060539,V,576,506,-1
1788814157.1269,1060547,V,576,506,-1
1788814157.1269,1060555,V,577,507,-1
1788814157.1763,1060568,V,575,505,13049
1788814157.1764,1060576,V,576,506,-1
1788814157.1764,1060584,V,576,506,-1
1788814157.1764,1060592,V,579,509,-1
1788814157.1764,1060600,V,576,506,-1
1788814157.1764,1060608,V,576,506,-1
1788814157.2251,1060622,V,577,507,13050
1788814157.2251,1060630,V,576,506,-1
1788814157.2251,1060638,V,576,506,-1
1788814157.2251,1060646,V,576,506,-1
1788814157.2251,1060654,V,576,506,-1
1788814157.2251,1060662,V,576,506,-1
1788814157.2738,1060676,V,578,508,13051
1788814157.2740,1060684,V,575,505,-1
1788814157.2740,1060692,V,577,507,-1
1788814157.2740,1060700,V,576,506,-1
1788814157.2740,1060708,V,575,505,-1
1788814157.2740,1060716,V,575,505,-1
1788814157.3228,1060729,V,576,506,13052
1788814157.3228,1060737,V,576,506,-1
1788814157.3228,1060745,V,577,507,-1
1788814157.3228,1060753,V,577,507,-1
1788814157.3228,1060761,V,576,506,-1
1788814157.3228,1060769,V,577,507,-1
1788814157.3713,1060783,V,575,505,13053
1788814157.3714,1060791,V,592,520,-1
1788814157.3714,1060799,V,576,506,-1
1788814157.3714,1060807,V,576,506,-1
1788814157.3714,1060815,V,576,506,-1
1788814157.3714,1060823,V,576,506,-1
1788814157.4201,1060837,V,575,505,13054
1788814157.4201,1060845,V,576,506,-1
1788814157.4201,1060853,V,577,507,-1
1788814157.4201,1060861,V,576,506,-1
1788814157.4201,1060869,V,576,506,-1
1788814157.4201,1060877,V,576,506,-1
1788814157.4690,1060890,V,576,506,13055
1788814157.4691,1060898,V,576,506,-1
1788814157.4691,1060906,V,575,505,-1
1788814157.4691,1060914,V,576,506,-1
1788814157.4691,1060922,V,575,505,-1
1788814157.4691,1060930,V,575,505,-1
1788814157.5659,1060944,V,575,505,13056
1788814157.5661,1060952,V,577,507,-1
1788814157.5661,1060960,V,576,506,-1
1788814157.5661,1060968,V,577,507,-1
1788814157.5661,1060976,V,577,507,-1
1788814157.5661,1060984,V,575,505,-1
1788814157.6148,1060998,V,576,506,13057
1788814157.6148,1061006,V,576,506,-1
1788814157.6148,1061014,V,576,506,-1
1788814157.6148,1061022,V,576,506,-1
1788814157.6148,1061030,V,577,507,-1
1788814157.6149,1061038,V,575,505,-1
1788814157.6628,1061051,V,577,507,13058
1788814157.6629,1061059,V,577,507,-1
1788814157.6629,1061067,V,576,506,-1
1788814157.6629,1061075,V,576,506,-1
1788814157.6629,1061083,V,577,507,-1
1788814157.6629,1061091,V,576,506,-1
1788814157.7116,1061105,V,576,506,13059
1788814157.7117,1061113,V,577,507,-1
1788814157.7117,1061121,V,577,507,-1
1788814157.7117,1061129,V,579,509,-1
1788814157.7117,1061137,V,577,507,-1
1788814157.7117,1061145,V,576,506,-1
1788814157.7605,1061158,V,577,507,13060
1788814157.7605,1061166,V,576,506,-1
1788814157.7605,1061174,V,577,507,-1
1788814157.7605,1061182,V,576,506,-1
1788814157.7605,1061190,V,576,506,-1
1788814157.7605,1061198,V,576,506,-1
1788814157.8109,1061212,V,576,506,13061
1788814157.8110,1061220,V,576,506,-1
1788814157.8110,1061228,V,578,508,-1
1788814157.8110,1061236,V,576,506,-1
1788814157.8110,1061244,V,576,506,-1
1788814157.8110,1061252,V,576,506,-1
1788814157.8579,1061266,V,576,506,13062
1788814157.8579,1061274,V,577,507,-1
1788814157.8579,1061282,V,576,506,-1
1788814157.8579,1061290,V,577,507,-1
1788814157.8579,1061298,V,576,506,-1
1788814157.8579,1061306,V,576,506,-1
1788814157.9066,1061319,V,576,506,13063
1788814157.9066,1061327,V,592,520,-1
1788814157.9066,1061335,V,577,507,-1
1788814157.9066,1061343,V,577,507,-1
1788814157.9066,1061351,V,576,506,-1
1788814157.9066,1061359,V,576,506,-1
1788814157.9552,1061373,V,576,506,13064
1788814157.9552,1061381,V,576,506,-1
1788814157.9552,1061389,V,577,507,-1
1788814157.9552,1061397,V,577,507,-1
1788814157.9552,1061405,V,576,506,-1
1788814157.9552,1061413,V,576,506,-1
1788814158.0045,1061427,V,576,506,13065
1788814158.0046,1061435,V,577,507,-1
1788814158.0046,1061443,V,577,507,-1
1788814158.0046,1061451,V,577,507,-1
1788814158.0046,1061459,V,577,507,-1
1788814158.0046,1061467,V,576,506,-1
1788814158.1022,1061480,V,576,506,13066
1788814158.1024,1061488,V,576,506,-1
1788814158.1024,1061496,V,577,507,-1
1788814158.1024,1061504,V,577,507,-1
1788814158.1024,1061512,V,577,507,-1
1788814158.1024,1061520,V,577,507,-1
1788814158.1509,1061534,V,577,507,13067
1788814158.1510,1061542,V,577,507,-1
1788814158.1510,1061550,V,577,507,-1
1788814158.1510,1061558,V,576,506,-1
1788814158.1510,1061566,V,577,507,-1
1788814158.1510,1061574,V,577,507,-1
1788814158.1994,1061588,V,576,506,13068
1788814158.1994,1061596,V,575,505,-1
1788814158.1994,1061604,V,576,506,-1
1788814158.1994,1061612,V,575,505,-1
1788814158.1994,1061620,V,575,505,-1
1788814158.1994,1061628,V,575,505,-1
1788814158.2496,1061641,V,576,506,13069
1788814158.2497,1061649,V,576,506,-1
1788814158.2497,1061657,V,576,506,-1
1788814158.2497,1061665,V,579,509,-1
1788814158.2497,1061673,V,576,506,-1
1788814158.2497,1061681,V,576,506,-1
1788814158.2965,1061695,V,577,507,13070
1788814158.2965,1061703,V,576,506,-1
1788814158.2965,1061711,V,576,506,-1
1788814158.2965,1061719,V,577,507,-1
1788814158.2965,1061727,V,576,506,-1
1788814158.2965,1061735,V,577,507,-1
1788814158.3455,1061748,V,575,505,13071
1788814158.3456,1061756,V,575,505,-1
1788814158.3456,1061764,V,579,509,-1
1788814158.3456,1061772,V,576,506,-1
1788814158.3456,1061780,V,577,507,-1
1788814158.3456,1061788,V,576,506,-1
1788814158.3946,1061802,V,577,507,13072
1788814158.3946,1061810,V,577,507,-1
1788814158.3946,1061818,V,577,507,-1
1788814158.3946,1061826,V,577,507,-1
1788814158.3946,1061834,V,577,507,-1
1788814158.3946,1061842,V,577,507,-1
1788814158.4431,1061856,V,575,505,13073
1788814158.4431,1061864,V,585,514,-1
1788814158.4432,1061872,V,576,506,-1
1788814158.4432,1061880,V,577,507,-1
1788814158.4432,1061888,V,577,507,-1
1788814158.4432,1061896,V,576,506,-1
1788814158.4918,1061910,V,576,506,13074
1788814158.4918,1061918,V,577,507,-1
1788814158.4918,1061926,V,576,506,-1
1788814158.4918,1061934,V,576,506,-1
1788814158.4918,1061942,V,576,506,-1
1788814158.4918,1061950,V,576,506,-1
1788814158.5406,1061963,V,576,506,13075
1788814158.5406,1061971,V,576,506,-1
1788814158.5407,1061979,V,575,505,-1
1788814158.5407,1061987,V,577,507,-1
1788814158.5407,1061995,V,575,505,-1
1788814158.5407,1062003,V,576,506,-1
1788814158.6382,1062017,V,576,506,13076
1788814158.6383,1062025,V,575,505,-1
1788814158.6384,1062033,V,574,504,-1
1788814158.6384,1062041,V,575,505,-1
1788814158.6385,1062049,V,576,506,-1
1788814158.6385,1062057,V,576,506,-1
1788814158.6871,1062071,V,576,506,13077
1788814158.6871,1062079,V,576,506,-1
1788814158.6871,1062087,V,576,506,-1
1788814158.6871,1062095,V,576,506,-1
1788814158.6871,1062103,V,576,506,-1
1788814158.6872,1062111,V,575,505,-1
1788814158.7357,1062124,V,576,506,13078
1788814158.7357,1062132,V,577,507,-1
1788814158.7357,1062140,V,576,506,-1
1788814158.7357,1062148,V,576,506,-1
1788814158.7357,1062156,V,576,506,-1
1788814158.7358,1062164,V,576,506,-1
1788814158.8364,1062178,V,576,506,13079
1788814158.8365,1062186,V,577,507,-1
1788814158.8365,1062194,V,576,506,-1
1788814158.8365,1062202,V,581,511,-1
1788814158.8365,1062210,V,576,506,-1
1788814158.8365,1062218,V,575,505,-1
1788814158.8368,1062231,V,576,506,13080
1788814158.8368,1062239,V,577,507,-1
1788814158.8368,1062247,V,577,507,-1
1788814158.8368,1062255,V,577,507,-1
1788814158.8368,1062263,V,576,506,-1
1788814158.8368,1062271,V,577,507,-1
1788814158.8822,1062285,V,577,507,13081
1788814158.8823,1062293,V,576,506,-1
1788814158.8823,1062301,V,583,512,-1
1788814158.8823,1062309,V,576,506,-1
1788814158.8823,1062317,V,577,507,-1
1788814158.8824,1062325,V,577,507,-1
1788814158.9315,1062339,V,576,506,13082
1788814158.9316,1062347,V,576,506,-1
1788814158.9316,1062355,V,577,507,-1
1788814158.9316,1062363,V,577,507,-1
1788814158.9316,1062371,V,576,506,-1
1788814158.9316,1062379,V,577,507,-1
1788814158.9801,1062392,V,576,506,13083
1788814158.9801,1062400,V,578,508,-1
1788814158.9801,1062408,V,576,506,-1
1788814158.9802,1062416,V,577,507,-1
1788814158.9802,1062424,V,576,506,-1
1788814158.9802,1062432,V,576,506,-1
1788814159.0288,1062446,V,577,507,13084
1788814159.0288,1062454,V,577,507,-1
1788814159.0288,1062462,V,575,505,-1
1788814159.0289,1062470,V,576,506,-1
1788814159.0289,1062478,V,575,505,-1
1788814159.0289,1062486,V,576,506,-1
1788814159.0764,1062500,V,577,507,13085
1788814159.0765,1062508,V,576,506,-1
1788814159.0765,1062516,V,576,506,-1
1788814159.0765,1062524,V,577,507,-1
1788814159.0765,1062532,V,577,507,-1
1788814159.0765,1062540,V,575,505,-1
1788814159.1761,1062553,V,576,506,13086
1788814159.1762,1062561,V,577,507,-1
1788814159.1762,1062569,V,577,507,-1
1788814159.1763,1062577,V,577,507,-1
1788814159.1763,1062585,V,577,507,-1
1788814159.1763,1062593,V,576,506,-1
1788814159.2234,1062607,V,578,508,13087
1788814159.2234,1062615,V,576,506,-1
1788814159.2234,1062623,V,576,506,-1
1788814159.2235,1062631,V,577,507,-1
1788814159.2235,1062639,V,579,509,-1
1788814159.2235,1062647,V,576,506,-1
1788814159.2719,1062661,V,575,505,13088
1788814159.2719,1062669,V,576,506,-1
1788814159.2719,1062677,V,576,506,-1
1788814159.2719,1062685,V,576,506,-1
1788814159.2719,1062693,V,575,505,-1
1788814159.2719,1062701,V,577,507,-1
1788814159.3206,1062714,V,576,506,13089
1788814159.3207,1062722,V,575,505,-1
1788814159.3207,1062730,V,576,506,-1
1788814159.3207,1062738,V,577,507,-1
1788814159.3207,1062746,V,575,505,-1
1788814159.3207,1062754,V,577,507,-1
1788814159.3693,1062768,V,576,506,13090
1788814159.3693,1062776,V,575,505,-1
1788814159.3693,1062784,V,577,507,-1
1788814159.3693,1062792,V,576,506,-1
1788814159.3693,1062800,V,576,506,-1
1788814159.3693,1062808,V,577,507,-1
1788814159.4185,1062822,V,577,507,13091
1788814159.4186,1062830,V,577,507,-1
1788814159.4187,1062838,V,590,519,-1
1788814159.4187,1062846,V,576,506,-1
1788814159.4187,1062854,V,577,507,-1
1788814159.4187,1062862,V,577,507,-1
1788814159.4670,1062875,V,576,506,13092
1788814159.4670,1062883,V,576,506,-1
1788814159.4670,1062891,V,576,506,-1
1788814159.4670,1062899,V,576,506,-1
1788814159.4670,1062907,V,576,506,-1
1788814159.4670,1062915,V,575,505,-1
1788814159.5156,1062929,V,575,505,13093
1788814159.5156,1062937,V,576,506,-1
1788814159.5156,1062945,V,577,507,-1
1788814159.5156,1062953,V,576,506,-1
1788814159.5156,1062961,V,576,506,-1
1788814159.5156,1062969,V,576,506,-1
1788814159.5644,1062983,V,575,505,13094
1788814159.5644,1062991,V,576,506,-1
1788814159.5644,1062999,V,576,506,-1
1788814159.5644,1063007,V,576,506,-1
1788814159.5644,1063015,V,575,505,-1
1788814159.5644,1063023,V,576,506,-1
1788814159.6130,1063036,V,577,507,13095
1788814159.6131,1063044,V,576,506,-1
1788814159.6131,1063052,V,576,506,-1
1788814159.6131,1063060,V,576,506,-1
1788814159.6131,1063068,V,577,507,-1
1788814159.6131,1063076,V,577,507,-1
1788814159.7108,1063090,V,576,506,13096
1788814159.7109,1063098,V,576,506,-1
1788814159.7109,1063106,V,575,505,-1
1788814159.7109,1063114,V,577,507,-1
1788814159.7109,1063122,V,576,506,-1
1788814159.7109,1063130,V,576,506,-1
1788814159.7595,1063144,V,576,506,13097
1788814159.7595,1063152,V,576,506,-1
1788814159.7595,1063160,V,576,506,-1
1788814159.7595,1063168,V,576,506,-1
1788814159.7595,1063176,V,581,511,-1
1788814159.7595,1063184,V,576,506,-1
1788814159.8586,1063197,V,576,506,13098
1788814159.8587,1063205,V,576,506,-1
1788814159.8587,1063213,V,576,506,-1
1788814159.8587,1063221,V,577,507,-1
1788814159.8587,1063229,V,575,505,-1
1788814159.8587,1063237,V,575,505,-1
1788814159.8590,1063251,V,576,506,13099
1788814159.8590,1063259,V,575,505,-1
1788814159.8590,1063267,V,576,506,-1
1788814159.8591,1063275,V,578,508,-1
1788814159.8591,1063283,V,576,506,-1
1788814159.8591,1063291,V,576,506,-1
1788814159.9057,1063304,V,576,506,13100
1788814159.9057,1063312,V,575,505,-1
1788814159.9057,1063320,V,575,505,-1
1788814159.9057,1063328,V,575,505,-1
1788814159.9057,1063336,V,577,507,-1
1788814159.9057,1063344,V,577,507,-1
1788814159.9544,1063358,V,576,506,13101
1788814159.9546,1063366,V,576,506,-1
1788814159.9546,1063374,V,582,512,-1
1788814159.9546,1063382,V,576,506,-1
1788814159.9546,1063390,V,575,505,-1
1788814159.9546,1063398,V,576,506,-1
1788814160.0033,1063412,V,576,506,13102
1788814160.0033,1063420,V,576,506,-1
1788814160.0033,1063428,V,577,507,-1
1788814160.0033,1063436,V,575,505,-1
1788814160.0033,1063444,V,577,507,-1
1788814160.0034,1063452,V,576,506,-1
1788814160.1007,1063466,V,576,506,13103
1788814160.1007,1063474,V,576,506,-1
1788814160.1007,1063482,V,577,507,-1
1788814160.1008,1063490,V,576,506,-1
1788814160.1008,1063498,V,576,506,-1
1788814160.1008,1063506,V,577,507,-1
1788814160.1019,1063519,V,575,505,13104
1788814160.1019,1063527,V,575,505,-1
1788814160.1019,1063535,V,576,506,-1
1788814160.1019,1063543,V,577,507,-1
1788814160.1019,1063551,V,576,506,-1
1788814160.1019,1063559,V,577,507,-1
1788814160.1494,1063573,V,577,507,13105
1788814160.1495,1063581,V,576,506,-1
1788814160.1495,1063589,V,574,504,-1
1788814160.1495,1063597,V,577,507,-1
1788814160.1495,1063605,V,576,506,-1
1788814160.1495,1063613,V,578,508,-1
1788814160.2468,1063627,V,576,506,13106
1788814160.2469,1063635,V,576,506,-1
1788814160.2470,1063643,V,576,506,-1
1788814160.2470,1063651,V,576,506,-1
1788814160.2470,1063659,V,576,506,-1
1788814160.2470,1063667,V,576,506,-1
1788814160.2959,1063680,V,576,506,13107
1788814160.2959,1063688,V,576,506,-1
1788814160.2959,1063696,V,575,505,-1
1788814160.2959,1063704,V,576,506,-1
1788814160.2959,1063712,V,579,509,-1
1788814160.2959,1063720,V,577,507,-1
1788814160.3445,1063734,V,578,508,13108
1788814160.3445,1063742,V,577,507,-1
1788814160.3445,1063750,V,575,505,-1
1788814160.3446,1063758,V,576,506,-1
1788814160.3446,1063766,V,577,507,-1
1788814160.3446,1063774,V,576,506,-1
1788814160.3927,1063787,V,576,506,13109
1788814160.3928,1063795,V,577,507,-1
1788814160.3928,1063803,V,576,506,-1
1788814160.3928,1063811,V,587,516,-1
1788814160.3928,1063819,V,576,506,-1
1788814160.3928,1063827,V,575,505,-1
1788814160.4427,1063841,V,577,507,13110
1788814160.4428,1063849,V,575,505,-1
1788814160.4428,1063857,V,576,506,-1
1788814160.4428,1063865,V,575,505,-1
1788814160.4428,1063873,V,576,506,-1
1788814160.4428,1063881,V,576,506,-1
1788814160.4914,1063895,V,575,505,13111
1788814160.4915,1063903,V,576,506,-1
1788814160.4915,1063911,V,578,508,-1
1788814160.4915,1063919,V,576,506,-1
1788814160.4915,1063927,V,576,506,-1
1788814160.4915,1063935,V,576,506,-1
1788814160.5397,1063949,V,575,505,13112
1788814160.5397,1063957,V,575,505,-1
1788814160.5397,1063965,V,576,506,-1
1788814160.5397,1063973,V,576,506,-1
1788814160.5397,1063981,V,576,506,-1
1788814160.5397,1063989,V,577,507,-1
1788814160.5881,1064002,V,576,506,13113
1788814160.5881,1064010,V,575,505,-1
1788814160.5881,1064018,V,576,506,-1
1788814160.5881,1064026,V,577,507,-1
1788814160.5881,1064034,V,577,507,-1
1788814160.5881,1064042,V,578,508,-1
1788814160.6367,1064056,V,578,508,13114
1788814160.6367,1064064,V,576,506,-1
1788814160.6367,1064072,V,575,505,-1
1788814160.6367,1064080,V,575,505,-1
1788814160.6367,1064088,V,576,506,-1
1788814160.6367,1064096,V,577,507,-1
1788814160.6851,1064110,V,576,506,13115
1788814160.6851,1064118,V,575,505,-1
1788814160.6851,1064126,V,576,506,-1
1788814160.6851,1064134,V,576,506,-1
1788814160.6851,1064142,V,577,507,-1
1788814160.6851,1064150,V,581,511,-1
1788814160.7834,1064163,V,576,506,13116
1788814160.7836,1064171,V,577,507,-1
1788814160.7836,1064179,V,577,507,-1
1788814160.7836,1064187,V,576,506,-1
1788814160.7836,1064195,V,576,506,-1
1788814160.7836,1064203,V,576,506,-1
1788814160.8328,1064217,V,575,505,13117
1788814160.8329,1064225,V,577,507,-1
1788814160.8329,1064233,V,576,506,-1
1788814160.8329,1064241,V,576,506,-1
1788814160.8329,1064249,V,577,507,-1
1788814160.8329,1064257,V,576,506,-1
1788814160.8823,1064271,V,576,506,13118
1788814160.8823,1064279,V,576,506,-1
1788814160.8823,1064287,V,575,505,-1
1788814160.8823,1064295,V,575,505,-1
1788814160.8823,1064303,V,576,506,-1
1788814160.8824,1064311,V,576,506,-1
1788814160.9294,1064324,V,575,505,13119
1788814160.9294,1064332,V,575,505,-1
1788814160.9295,1064340,V,575,505,-1
1788814160.9295,1064348,V,584,513,-1
1788814160.9295,1064356,V,575,505,-1
1788814160.9295,1064364,V,576,506,-1
1788814160.9777,1064378,V,577,507,13120
1788814160.9777,1064386,V,576,506,-1
1788814160.9778,1064394,V,576,506,-1
1788814160.9778,1064402,V,577,507,-1
1788814160.9778,1064410,V,576,506,-1
1788814160.9778,1064418,V,576,506,-1
1788814161.0266,1064432,V,576,506,13121
1788814161.0267,1064440,V,576,506,-1
1788814161.0267,1064448,V,576,506,-1
1788814161.0267,1064456,V,576,506,-1
1788814161.0268,1064464,V,576,506,-1
1788814161.0268,1064472,V,576,506,-1
1788814161.0769,1064485,V,576,506,13122
1788814161.0769,1064493,V,576,506,-1
1788814161.0769,1064501,V,576,506,-1
1788814161.0769,1064509,V,576,506,-1
1788814161.0769,1064517,V,575,505,-1
1788814161.0769,1064525,V,574,504,-1
1788814161.1253,1064539,V,575,505,13123
1788814161.1253,1064547,V,576,506,-1
1788814161.1253,1064555,V,576,506,-1
1788814161.1253,1064563,V,575,505,-1
1788814161.1253,1064571,V,576,506,-1
1788814161.1254,1064579,V,576,506,-1
1788814161.1729,1064593,V,579,509,13124
1788814161.1729,1064601,V,577,507,-1
1788814161.1729,1064609,V,576,506,-1
1788814161.1730,1064617,V,576,506,-1
1788814161.1730,1064625,V,576,506,-1
1788814161.1730,1064633,V,577,507,-1
1788814161.2219,1064646,V,576,506,13125
1788814161.2219,1064654,V,576,506,-1
1788814161.2219,1064662,V,575,505,-1
1788814161.2219,1064670,V,575,505,-1
1788814161.2219,1064678,V,576,506,-1
1788814161.2219,1064686,V,578,508,-1
1788814161.3193,1064700,V,575,505,13126
1788814161.3194,1064708,V,576,506,-1
1788814161.3194,1064716,V,576,506,-1
1788814161.3194,1064724,V,575,505,-1
1788814161.3194,1064732,V,576,506,-1
1788814161.3194,1064740,V,576,506,-1
1788814161.3681,1064754,V,575,505,13127
1788814161.3682,1064762,V,576,506,-1
1788814161.3682,1064770,V,575,505,-1
1788814161.3682,1064778,V,576,506,-1
1788814161.3682,1064786,V,588,517,-1
1788814161.3682,1064794,V,575,505,-1
1788814161.4168,1064807,V,575,505,13128
1788814161.4168,1064815,V,576,506,-1
1788814161.4168,1064823,V,576,506,-1
1788814161.4168,1064831,V,576,506,-1
1788814161.4168,1064839,V,576,506,-1
1788814161.4168,1064847,V,576,506,-1
1788814161.4657,1064861,V,575,505,13129
1788814161.4657,1064869,V,576,506,-1
1788814161.4657,1064877,V,576,506,-1
1788814161.4657,1064885,V,575,505,-1
1788814161.4657,1064893,V,575,505,-1
1788814161.4657,1064901,V,575,505,-1
1788814161.5156,1064915,V,575,505,13130
1788814161.5156,1064923,V,576,506,-1
1788814161.5156,1064931,V,575,505,-1
1788814161.5156,1064939,V,576,506,-1
1788814161.5156,1064947,V,576,506,-1
1788814161.5156,1064955,V,576,506,-1
1788814161.5640,1064968,V,576,506,13131
1788814161.5641,1064976,V,576,506,-1
1788814161.5642,1064984,V,575,505,-1
1788814161.5642,1064992,V,576,506,-1
1788814161.5642,1065000,V,576,506,-1
1788814161.5642,1065008,V,577,507,-1
1788814161.6131,1065022,V,576,506,13132
1788814161.6131,1065030,V,575,505,-1
1788814161.6131,1065038,V,575,505,-1
1788814161.6131,1065046,V,575,505,-1
1788814161.6131,1065054,V,575,505,-1
1788814161.6131,1065062,V,577,507,-1
1788814161.6608,1065076,V,575,505,13133
1788814161.6608,1065084,V,576,506,-1
1788814161.6608,1065092,V,576,506,-1
1788814161.6608,1065100,V,575,505,-1
1788814161.6608,1065108,V,576,506,-1
1788814161.6608,1065116,V,575,505,-1
1788814161.7094,1065129,V,578,508,13134
1788814161.7094,1065137,V,576,506,-1
1788814161.7094,1065145,V,576,506,-1
1788814161.7094,1065153,V,577,507,-1
1788814161.7094,1065161,V,576,506,-1
1788814161.7094,1065169,V,576,506,-1
1788814161.8070,1065183,V,576,506,13135
1788814161.8072,1065191,V,575,505,-1
1788814161.8072,1065199,V,576,506,-1
1788814161.8072,1065207,V,576,506,-1
1788814161.8072,1065215,V,576,506,-1
1788814161.8072,1065223,V,577,507,-1
1788814161.8558,1065237,V,576,506,13136
1788814161.8558,1065245,V,576,506,-1
1788814161.8558,1065253,V,576,506,-1
1788814161.8559,1065261,V,576,506,-1
1788814161.8559,1065269,V,576,506,-1
1788814161.8559,1065277,V,577,507,-1
1788814161.9054,1065290,V,576,506,13137
1788814161.9055,1065298,V,575,505,-1
1788814161.9055,1065306,V,576,506,-1
1788814161.9055,1065314,V,576,506,-1
1788814161.9055,1065322,V,583,512,-1
1788814161.9055,1065330,V,576,506,-1
1788814161.9540,1065344,V,577,507,13138
1788814161.9540,1065352,V,576,506,-1
1788814161.9540,1065360,V,574,504,-1
1788814161.9540,1065368,V,577,507,-1
1788814161.9540,1065376,V,576,506,-1
1788814161.9541,1065384,V,575,505,-1
1788814162.0026,1065398,V,576,506,13139
1788814162.0027,1065406,V,575,505,-1
1788814162.0027,1065414,V,575,505,-1
1788814162.0027,1065422,V,577,507,-1
1788814162.0027,1065430,V,576,506,-1
1788814162.0027,1065438,V,575,505,-1
1788814162.0505,1065451,V,576,506,13140
1788814162.0507,1065459,V,575,505,-1
1788814162.0507,1065467,V,577,507,-1
1788814162.0507,1065475,V,576,506,-1
1788814162.0507,1065483,V,576,506,-1
1788814162.0507,1065491,V,576,506,-1
1788814162.1006,1065505,V,575,505,13141
1788814162.1007,1065513,V,575,505,-1
1788814162.1007,1065521,V,574,504,-1
1788814162.1007,1065529,V,574,504,-1
1788814162.1007,1065537,V,575,505,-1
1788814162.1007,1065545,V,575,505,-1
1788814162.1971,1065559,V,576,506,13142
1788814162.1972,1065567,V,579,509,-1
1788814162.1972,1065575,V,576,506,-1
1788814162.1972,1065583,V,574,504,-1
1788814162.1972,1065591,V,576,506,-1
1788814162.1972,1065599,V,577,507,-1
1788814162.1988,1065613,V,575,505,13143
1788814162.1988,1065621,V,574,504,-1
1788814162.1989,1065629,V,576,506,-1
1788814162.1989,1065637,V,576,506,-1
1788814162.1989,1065645,V,576,506,-1
1788814162.1989,1065653,V,575,505,-1
1788814162.2456,1065666,V,579,509,13144
1788814162.2456,1065674,V,576,506,-1
1788814162.2456,1065682,V,576,506,-1
1788814162.2456,1065690,V,575,505,-1
1788814162.2456,1065698,V,577,507,-1
1788814162.2456,1065706,V,575,505,-1
1788814162.3431,1065720,V,575,505,13145
1788814162.3432,1065728,V,575,505,-1
1788814162.3432,1065736,V,577,507,-1
1788814162.3432,1065744,V,576,506,-1
1788814162.3432,1065752,V,576,506,-1
1788814162.3432,1065760,V,588,517,-1
1788814162.3919,1065774,V,576,506,13146
1788814162.3920,1065782,V,576,506,-1
1788814162.3920,1065790,V,576,506,-1
1788814162.3920,1065798,V,575,505,-1
1788814162.3920,1065806,V,576,506,-1
1788814162.3920,1065814,V,576,506,-1
1788814162.4415,1065827,V,576,506,13147
1788814162.4415,1065835,V,575,505,-1
1788814162.4415,1065843,V,577,507,-1
1788814162.4415,1065851,V,575,505,-1
1788814162.4415,1065859,V,576,506,-1
1788814162.4415,1065867,V,575,505,-1
1788814162.4901,1065881,V,576,506,13148
1788814162.4901,1065889,V,576,506,-1
1788814162.4901,1065897,V,576,506,-1
1788814162.4901,1065905,V,576,506,-1
1788814162.4901,1065913,V,576,506,-1
1788814162.4902,1065921,V,577,507,-1
1788814162.5390,1065934,V,575,505,13149
1788814162.5390,1065942,V,576,506,-1
1788814162.5390,1065950,V,576,506,-1
1788814162.5390,1065958,V,576,506,-1
1788814162.5390,1065966,V,576,506,-1
1788814162.5390,1065974,V,576,506,-1
1788814162.5876,1065988,V,576,506,13150
1788814162.5878,1065996,V,576,506,-1
1788814162.5878,1066004,V,576,506,-1
1788814162.5878,1066012,V,576,506,-1
1788814162.5878,1066020,V,575,505,-1
1788814162.5878,1066028,V,576,506,-1
1788814162.6368,1066042,V,576,506,13151
1788814162.6369,1066050,V,577,507,-1
1788814162.6369,1066058,V,577,507,-1
1788814162.6369,1066066,V,577,507,-1
1788814162.6369,1066074,V,577,507,-1
1788814162.6369,1066082,V,577,507,-1
1788814162.6845,1066095,V,577,507,13152
1788814162.6845,1066103,V,579,509,-1
1788814162.6845,1066111,V,577,507,-1
1788814162.6845,1066119,V,576,506,-1
1788814162.6845,1066127,V,576,506,-1
1788814162.6845,1066135,V,575,505,-1
1788814162.7333,1066149,V,577,507,13153
1788814162.7333,1066157,V,575,505,-1
1788814162.7333,1066165,V,575,505,-1
1788814162.7333,1066173,V,576,506,-1
1788814162.7333,1066181,V,576,506,-1
1788814162.7333,1066189,V,576,506,-1
1788814162.7814,1066202,V,578,508,13154
1788814162.7815,1066210,V,577,507,-1
1788814162.7815,1066218,V,577,507,-1
1788814162.7815,1066226,V,576,506,-1
1788814162.7815,1066234,V,576,506,-1
1788814162.7815,1066242,V,576,506,-1
1788814162.8808,1066256,V,576,506,13155
1788814162.8810,1066264,V,576,506,-1
1788814162.8810,1066272,V,577,507,-1
1788814162.8810,1066280,V,575,505,-1
1788814162.8810,1066288,V,577,507,-1
1788814162.8810,1066296,V,578,508,-1
1788814162.9294,1066310,V,576,506,13156
1788814162.9295,1066318,V,575,505,-1
1788814162.9295,1066326,V,576,506,-1
1788814162.9295,1066334,V,576,506,-1
1788814162.9295,1066342,V,576,506,-1
1788814162.9295,1066350,V,577,507,-1
1788814162.9778,1066364,V,576,506,13157
1788814162.9779,1066372,V,575,505,-1
1788814162.9779,1066380,V,577,507,-1
1788814162.9779,1066388,V,576,506,-1
1788814162.9779,1066396,V,576,506,-1
1788814162.9779,1066404,V,576,506,-1
1788814163.0265,1066418,V,576,506,13158
1788814163.0265,1066426,V,577,507,-1
1788814163.0265,1066434,V,575,505,-1
1788814163.0265,1066442,V,577,507,-1
1788814163.0265,1066450,V,576,506,-1
1788814163.0265,1066458,V,576,506,-1
1788814163.0748,1066471,V,576,506,13159
1788814163.0749,1066479,V,576,506,-1
1788814163.0749,1066487,V,576,506,-1
1788814163.0749,1066495,V,577,507,-1
1788814163.0749,1066503,V,575,505,-1
1788814163.0749,1066511,V,576,506,-1
1788814163.1239,1066525,V,576,506,13160
1788814163.1240,1066533,V,576,506,-1
1788814163.1240,1066541,V,579,509,-1
1788814163.1240,1066549,V,575,505,-1
1788814163.1240,1066557,V,577,507,-1
1788814163.1241,1066565,V,576,506,-1
1788814163.1731,1066578,V,576,506,13161
1788814163.1732,1066586,V,575,505,-1
1788814163.1732,1066594,V,576,506,-1
1788814163.1732,1066602,V,577,507,-1
1788814163.1732,1066610,V,577,507,-1
1788814163.1732,1066618,V,575,505,-1
1788814163.2215,1066632,V,575,505,13162
1788814163.2215,1066640,V,577,507,-1
1788814163.2215,1066648,V,576,506,-1
1788814163.2215,1066656,V,575,505,-1
1788814163.2215,1066664,V,576,506,-1
1788814163.2215,1066672,V,576,506,-1
1788814163.2693,1066686,V,576,506,13163
1788814163.2693,1066694,V,576,506,-1
1788814163.2693,1066702,V,575,505,-1
1788814163.2693,1066710,V,576,506,-1
1788814163.2693,1066718,V,576,506,-1
1788814163.2693,1066726,V,576,506,-1
1788814163.3191,1066739,V,591,519,13164
1788814163.3191,1066747,V,576,506,-1
1788814163.3191,1066755,V,576,506,-1
1788814163.3191,1066763,V,576,506,-1
1788814163.3191,1066771,V,576,506,-1
1788814163.3191,1066779,V,575,505,-1
1788814163.4155,1066793,V,577,507,13165
1788814163.4156,1066801,V,577,507,-1
1788814163.4156,1066809,V,577,507,-1
1788814163.4157,1066817,V,576,506,-1
1788814163.4157,1066825,V,577,507,-1
1788814163.4157,1066833,V,576,506,-1
1788814163.4657,1066847,V,576,506,13166
1788814163.4657,1066855,V,576,506,-1
1788814163.4657,1066863,V,577,507,-1
1788814163.4657,1066871,V,576,506,-1
1788814163.4657,1066879,V,576,506,-1
1788814163.4657,1066887,V,576,506,-1
1788814163.5141,1066900,V,576,506,13167
1788814163.5141,1066908,V,576,506,-1
1788814163.5141,1066916,V,576,506,-1
1788814163.5141,1066924,V,576,506,-1
1788814163.5141,1066932,V,575,505,-1
1788814163.5141,1066940,V,578,508,-1
1788814163.5627,1066954,V,576,506,13168
1788814163.5628,1066962,V,575,505,-1
1788814163.5628,1066970,V,577,507,-1
1788814163.5628,1066978,V,577,507,-1
1788814163.5628,1066986,V,576,506,-1
1788814163.5628,1066994,V,576,506,-1
1788814163.6114,1067008,V,577,507,13169
1788814163.6114,1067016,V,577,507,-1
1788814163.6114,1067024,V,577,507,-1
1788814163.6114,1067032,V,575,505,-1
1788814163.6114,1067040,V,576,506,-1
1788814163.6114,1067048,V,575,505,-1
1788814163.6598,1067061,V,577,507,13170
1788814163.6600,1067069,V,576,506,-1
1788814163.6600,1067077,V,580,510,-1
1788814163.6600,1067085,V,576,506,-1
1788814163.6600,1067093,V,576,506,-1
1788814163.6600,1067101,V,577,507,-1
1788814163.7085,1067115,V,575,505,13171
1788814163.7085,1067123,V,576,506,-1
1788814163.7086,1067131,V,576,506,-1
1788814163.7086,1067139,V,574,504,-1
1788814163.7086,1067147,V,576,506,-1
1788814163.7086,1067155,V,576,506,-1
1788814163.7578,1067169,V,576,506,13172
1788814163.7578,1067177,V,579,509,-1
1788814163.7578,1067185,V,575,505,-1
1788814163.7579,1067193,V,575,505,-1
1788814163.7579,1067201,V,576,506,-1
1788814163.7579,1067209,V,577,507,-1
1788814163.8055,1067223,V,576,506,13173
1788814163.8056,1067231,V,577,507,-1
1788814163.8056,1067239,V,575,505,-1
1788814163.8056,1067247,V,575,505,-1
1788814163.8056,1067255,V,576,506,-1
1788814163.8056,1067263,V,576,506,-1
1788814163.8552,1067276,V,577,507,13174
1788814163.8552,1067284,V,576,506,-1
1788814163.8552,1067292,V,576,506,-1
1788814163.8552,1067300,V,575,505,-1
1788814163.8552,1067308,V,577,507,-1
1788814163.8553,1067316,V,575,505,-1
1788814163.9520,1067330,V,575,505,13175
1788814163.9521,1067338,V,577,507,-1
1788814163.9521,1067346,V,576,506,-1
1788814163.9521,1067354,V,576,506,-1
1788814163.9521,1067362,V,576,506,-1
1788814163.9522,1067370,V,575,505,-1
1788814164.0020,1067384,V,576,506,13176
1788814164.0020,1067392,V,576,506,-1
1788814164.0021,1067400,V,576,506,-1
1788814164.0021,1067408,V,577,507,-1
1788814164.0022,1067416,V,577,507,-1
1788814164.0022,1067424,V,576,506,-1
1788814164.0503,1067437,V,576,506,13177
1788814164.0504,1067445,V,576,506,-1
1788814164.0504,1067453,V,576,506,-1
1788814164.0504,1067461,V,576,506,-1
1788814164.0504,1067469,V,577,507,-1
1788814164.0504,1067477,V,575,505,-1
1788814164.0981,1067491,V,575,505,13178
1788814164.0981,1067499,V,576,506,-1
1788814164.0981,1067507,V,575,505,-1
1788814164.0981,1067515,V,578,508,-1
1788814164.0981,1067523,V,576,506,-1
1788814164.0981,1067531,V,577,507,-1
1788814164.1467,1067544,V,576,506,13179
1788814164.1468,1067552,V,576,506,-1
1788814164.1468,1067560,V,575,505,-1
1788814164.1468,1067568,V,576,506,-1
1788814164.1468,1067576,V,576,506,-1
1788814164.1468,1067584,V,575,505,-1
1788814164.1955,1067598,V,576,506,13180
1788814164.1956,1067606,V,576,506,-1
1788814164.1956,1067614,V,578,508,-1
1788814164.1956,1067622,V,577,507,-1
1788814164.1956,1067630,V,576,506,-1
1788814164.1956,1067638,V,576,506,-1
1788814164.2447,1067652,V,577,507,13181
1788814164.2447,1067660,V,576,506,-1
1788814164.2447,1067668,V,576,506,-1
1788814164.2447,1067676,V,578,508,-1
1788814164.2447,1067684,V,577,507,-1
1788814164.2447,1067692,V,577,507,-1
1788814164.2928,1067705,V,575,505,13182
1788814164.2928,1067713,V,588,517,-1
1788814164.2929,1067721,V,576,506,-1
1788814164.2929,1067729,V,577,507,-1
1788814164.2929,1067737,V,575,505,-1
1788814164.2929,1067745,V,576,506,-1
1788814164.3418,1067759,V,577,507,13183
1788814164.3418,1067767,V,576,506,-1
1788814164.3418,1067775,V,575,505,-1
1788814164.3418,1067783,V,576,506,-1
1788814164.3418,1067791,V,576,506,-1
1788814164.3418,1067799,V,576,506,-1
1788814164.3905,1067813,V,577,507,13184
1788814164.3905,1067821,V,577,507,-1
1788814164.3905,1067829,V,577,507,-1
1788814164.3905,1067837,V,576,506,-1
1788814164.3905,1067845,V,578,508,-1
1788814164.3905,1067853,V,576,506,-1
1788814164.4883,1067866,V,577,507,13185
1788814164.4884,1067874,V,576,506,-1
1788814164.4884,1067882,V,575,505,-1
1788814164.4884,1067890,V,576,506,-1
1788814164.4884,1067898,V,576,506,-1
1788814164.4884,1067906,V,576,506,-1
1788814164.5373,1067920,V,576,506,13186
1788814164.5373,1067928,V,576,506,-1
1788814164.5374,1067936,V,577,507,-1
1788814164.5374,1067944,V,576,506,-1
1788814164.5374,1067952,V,576,506,-1
1788814164.5374,1067960,V,576,506,-1
1788814164.5855,1067973,V,576,506,13187
1788814164.5855,1067981,V,577,507,-1
1788814164.5855,1067989,V,576,506,-1
1788814164.5855,1067997,V,576,506,-1
1788814164.5855,1068005,V,577,507,-1
1788814164.5855,1068013,V,575,505,-1
1788814164.6343,1068027,V,576,506,13188
1788814164.6343,1068035,V,576,506,-1
1788814164.6343,1068043,V,576,506,-1
1788814164.6343,1068051,V,579,509,-1
1788814164.6343,1068059,V,576,506,-1
1788814164.6343,1068067,V,576,506,-1
1788814164.6829,1068081,V,576,506,13189
1788814164.6829,1068089,V,576,506,-1
1788814164.6829,1068097,V,576,506,-1
1788814164.6829,1068105,V,575,505,-1
1788814164.6829,1068113,V,576,506,-1
1788814164.6829,1068121,V,577,507,-1
1788814164.7319,1068134,V,576,506,13190
1788814164.7320,1068142,V,577,507,-1
1788814164.7320,1068150,V,579,509,-1
1788814164.7320,1068158,V,577,507,-1
1788814164.7320,1068166,V,578,508,-1
1788814164.7321,1068174,V,577,507,-1
1788814164.7809,1068188,V,576,506,13191
1788814164.7809,1068196,V,576,506,-1
1788814164.7810,1068204,V,576,506,-1
1788814164.7810,1068212,V,576,506,-1
1788814164.7810,1068220,V,576,506,-1
1788814164.7810,1068228,V,576,506,-1
1788814164.8297,1068242,V,576,506,13192
1788814164.8297,1068250,V,592,520,-1
1788814164.8297,1068258,V,578,508,-1
1788814164.8297,1068266,V,576,506,-1
1788814164.8297,1068274,V,578,508,-1
1788814164.8297,1068282,V,577,507,-1
1788814164.8780,1068295,V,576,506,13193
1788814164.8780,1068303,V,576,506,-1
1788814164.8780,1068311,V,577,507,-1
1788814164.8780,1068319,V,575,505,-1
1788814164.8780,1068327,V,577,507,-1
1788814164.8780,1068335,V,576,506,-1
1788814164.9269,1068349,V,577,507,13194
1788814164.9270,1068357,V,576,506,-1
1788814164.9270,1068365,V,576,506,-1
1788814164.9270,1068373,V,576,506,-1
1788814164.9270,1068381,V,576,506,-1
1788814164.9270,1068389,V,576,506,-1
1788814165.0245,1068402,V,577,507,13195
1788814165.0246,1068410,V,576,506,-1
1788814165.0246,1068418,V,576,506,-1
1788814165.0246,1068426,V,575,505,-1
1788814165.0246,1068434,V,576,506,-1
1788814165.0246,1068442,V,577,507,-1
1788814165.0734,1068456,V,576,506,13196
1788814165.0735,1068464,V,576,506,-1
1788814165.0735,1068472,V,576,506,-1
1788814165.0735,1068480,V,576,506,-1
1788814165.0735,1068488,V,576,506,-1
1788814165.0735,1068496,V,576,506,-1
1788814165.1222,1068510,V,577,507,13197
1788814165.1222,1068518,V,575,505,-1
1788814165.1222,1068526,V,576,506,-1
1788814165.1222,1068534,V,575,505,-1
1788814165.1222,1068542,V,576,506,-1
1788814165.1222,1068550,V,576,506,-1
1788814165.1704,1068563,V,576,506,13198
1788814165.1704,1068571,V,576,506,-1
1788814165.1704,1068579,V,576,506,-1
1788814165.1704,1068587,V,580,510,-1
1788814165.1704,1068595,V,576,506,-1
1788814165.1704,1068603,V,577,507,-1
1788814165.2192,1068617,V,576,506,13199
1788814165.2193,1068625,V,576,506,-1
1788814165.2193,1068633,V,576,506,-1
1788814165.2193,1068641,V,576,506,-1
1788814165.2193,1068649,V,576,506,-1
1788814165.2193,1068657,V,577,507,-1
1788814165.2683,1068670,V,576,506,13200
1788814165.2684,1068678,V,576,506,-1
1788814165.2684,1068686,V,578,508,-1
1788814165.2684,1068694,V,576,506,-1
1788814165.2684,1068702,V,577,507,-1
1788814165.2684,1068710,V,576,506,-1
1788814165.3172,1068724,V,576,506,13201
1788814165.3173,1068732,V,576,506,-1
1788814165.3173,1068740,V,577,507,-1
1788814165.3173,1068748,V,576,506,-1
1788814165.3173,1068756,V,576,506,-1
1788814165.3173,1068764,V,576,506,-1
1788814165.3659,1068778,V,576,506,13202
1788814165.3659,1068786,V,587,516,-1
1788814165.3659,1068794,V,577,507,-1
1788814165.3659,1068802,V,577,507,-1
1788814165.3659,1068810,V,577,507,-1
1788814165.3659,1068818,V,576,506,-1
1788814165.4143,1068831,V,577,507,13203
1788814165.4143,1068839,V,577,507,-1
1788814165.4143,1068847,V,577,507,-1
1788814165.4143,1068855,V,577,507,-1
1788814165.4143,1068863,V,577,507,-1
1788814165.4143,1068871,V,577,507,-1
1788814165.4628,1068885,V,577,507,13204
1788814165.4628,1068893,V,576,506,-1
1788814165.4628,1068901,V,577,507,-1
1788814165.4628,1068909,V,576,506,-1
1788814165.4628,1068917,V,576,506,-1
1788814165.4628,1068925,V,577,507,-1
1788814165.5604,1068939,V,576,506,13205
1788814165.5604,1068947,V,576,506,-1
1788814165.5604,1068955,V,577,507,-1
1788814165.5604,1068963,V,576,506,-1
1788814165.5604,1068971,V,577,507,-1
1788814165.5604,1068979,V,577,507,-1
1788814165.6094,1068992,V,576,506,13206
1788814165.6094,1069000,V,576,506,-1
1788814165.6094,1069008,V,577,507,-1
1788814165.6094,1069016,V,576,506,-1
1788814165.6094,1069024,V,576,506,-1
1788814165.6094,1069032,V,576,506,-1
1788814165.6578,1069046,V,575,505,13207
1788814165.6578,1069054,V,576,506,-1
1788814165.6578,1069062,V,575,505,-1
1788814165.6578,1069070,V,576,506,-1
1788814165.6578,1069078,V,576,506,-1
1788814165.6578,1069086,V,576,506,-1
1788814165.7066,1069099,V,577,507,13208
1788814165.7066,1069107,V,576,506,-1
1788814165.7066,1069115,V,577,507,-1
1788814165.7066,1069123,V,578,508,-1
1788814165.7066,1069131,V,576,506,-1
1788814165.7066,1069139,V,576,506,-1
1788814165.7573,1069153,V,576,506,13209
1788814165.7573,1069161,V,576,506,-1
1788814165.7573,1069169,V,576,506,-1
1788814165.7573,1069177,V,577,507,-1
1788814165.7573,1069185,V,576,506,-1
1788814165.7573,1069193,V,577,507,-1
1788814165.8052,1069207,V,577,507,13210
1788814165.8054,1069215,V,577,507,-1
1788814165.8054,1069223,V,578,508,-1
1788814165.8054,1069231,V,577,507,-1
1788814165.8054,1069239,V,575,505,-1
1788814165.8054,1069247,V,576,506,-1
1788814165.8545,1069260,V,577,507,13211
1788814165.8545,1069268,V,576,506,-1
1788814165.8545,1069276,V,576,506,-1
1788814165.8545,1069284,V,576,506,-1
1788814165.8545,1069292,V,576,506,-1
1788814165.8545,1069300,V,577,507,-1
1788814165.9034,1069314,V,576,506,13212
1788814165.9034,1069322,V,591,519,-1
1788814165.9034,1069330,V,576,506,-1
1788814165.9034,1069338,V,577,507,-1
1788814165.9034,1069346,V,577,507,-1
1788814165.9034,1069354,V,576,506,-1
1788814165.9515,1069368,V,576,506,13213
1788814165.9516,1069376,V,576,506,-1
1788814165.9516,1069384,V,576,506,-1
1788814165.9516,1069392,V,576,506,-1
1788814165.9516,1069400,V,577,507,-1
1788814165.9516,1069408,V,576,506,-1
1788814165.9994,1069421,V,578,508,13214
1788814165.9994,1069429,V,576,506,-1
1788814165.9994,1069437,V,578,508,-1
1788814165.9994,1069445,V,576,506,-1
1788814165.9994,1069453,V,576,506,-1
1788814165.9994,1069461,V,577,507,-1
1788814166.0967,1069475,V,576,506,13215
1788814166.0969,1069483,V,576,506,-1
1788814166.0969,1069491,V,576,506,-1
1788814166.0969,1069499,V,576,506,-1
1788814166.0969,1069507,V,576,506,-1
1788814166.0969,1069515,V,577,507,-1
1788814166.1470,1069528,V,577,507,13216
1788814166.1470,1069536,V,576,506,-1
1788814166.1470,1069544,V,577,507,-1
1788814166.1470,1069552,V,576,506,-1
1788814166.1470,1069560,V,577,507,-1
1788814166.1470,1069568,V,576,506,-1
1788814166.1944,1069582,V,576,506,13217
1788814166.1944,1069590,V,577,507,-1
1788814166.1944,1069598,V,577,507,-1
1788814166.1944,1069606,V,576,506,-1
1788814166.1945,1069614,V,576,506,-1
1788814166.1945,1069622,V,575,505,-1
1788814166.2432,1069636,V,576,506,13218
1788814166.2432,1069644,V,576,506,-1
1788814166.2432,1069652,V,577,507,-1
1788814166.2432,1069660,V,577,507,-1
1788814166.2432,1069668,V,576,506,-1
1788814166.2433,1069676,V,577,507,-1
1788814166.2919,1069689,V,577,507,13219
1788814166.2919,1069697,V,576,506,-1
1788814166.2920,1069705,V,575,505,-1
1788814166.2920,1069713,V,577,507,-1
1788814166.2920,1069721,V,577,507,-1
1788814166.2920,1069729,V,576,506,-1
1788814166.3408,1069743,V,576,506,13220
1788814166.3409,1069751,V,577,507,-1
1788814166.3409,1069759,V,578,508,-1
1788814166.3409,1069767,V,576,506,-1
1788814166.3410,1069775,V,576,506,-1
1788814166.3410,1069783,V,576,506,-1
1788814166.3904,1069797,V,575,505,13221
1788814166.3905,1069805,V,576,506,-1
1788814166.3905,1069813,V,576,506,-1
1788814166.3905,1069821,V,575,505,-1
1788814166.3905,1069829,V,576,506,-1
1788814166.3905,1069837,V,576,506,-1
1788814166.4380,1069850,V,576,506,13222
1788814166.4381,1069858,V,588,517,-1
1788814166.4381,1069866,V,575,505,-1
1788814166.4381,1069874,V,575,505,-1
1788814166.4381,1069882,V,576,506,-1
1788814166.4381,1069890,V,576,506,-1
1788814166.4868,1069904,V,575,505,13223
1788814166.4868,1069912,V,576,506,-1
1788814166.4868,1069920,V,576,506,-1
1788814166.4868,1069928,V,575,505,-1
1788814166.4868,1069936,V,576,506,-1
1788814166.4868,1069944,V,577,507,-1
1788814166.5356,1069957,V,577,507,13224
1788814166.5356,1069965,V,577,507,-1
1788814166.5356,1069973,V,576,506,-1
1788814166.5356,1069981,V,576,506,-1
1788814166.5356,1069989,V,575,505,-1
1788814166.5357,1069997,V,577,507,-1
1788814166.6332,1070011,V,576,506,13225
1788814166.6333,1070019,V,575,505,-1
1788814166.6333,1070027,V,576,506,-1
1788814166.6334,1070035,V,576,506,-1
1788814166.6334,1070043,V,576,506,-1
1788814166.6334,1070051,V,576,506,-1
1788814166.6820,1070065,V,576,506,13226
1788814166.6820,1070073,V,576,506,-1
1788814166.6820,1070081,V,576,506,-1
1788814166.6820,1070089,V,576,506,-1
1788814166.6820,1070097,V,574,504,-1
1788814166.6820,1070105,V,576,506,-1
1788814166.7316,1070118,V,575,505,13227
1788814166.7316,1070126,V,577,507,-1
1788814166.7316,1070134,V,577,507,-1
1788814166.7316,1070142,V,576,506,-1
1788814166.7316,1070150,V,577,507,-1
1788814166.7316,1070158,V,576,506,-1
1788814166.7809,1070172,V,576,506,13228
1788814166.7810,1070180,V,575,505,-1
1788814166.7810,1070188,V,575,505,-1
1788814166.7810,1070196,V,580,510,-1
1788814166.7810,1070204,V,577,507,-1
1788814166.7810,1070212,V,576,506,-1
1788814166.8292,1070226,V,577,507,13229
1788814166.8292,1070234,V,577,507,-1
1788814166.8292,1070242,V,575,505,-1
1788814166.8292,1070250,V,576,506,-1
1788814166.8292,1070258,V,577,507,-1
1788814166.8292,1070266,V,576,506,-1
1788814166.8779,1070279,V,576,506,13230
1788814166.8780,1070287,V,576,506,-1
1788814166.8780,1070295,V,578,508,-1
1788814166.8781,1070303,V,576,506,-1
1788814166.8781,1070311,V,576,506,-1
1788814166.8781,1070319,V,576,506,-1
1788814166.9277,1070333,V,578,508,13231
1788814166.9277,1070341,V,576,506,-1
1788814166.9277,1070349,V,577,507,-1
1788814166.9277,1070357,V,576,506,-1
1788814166.9277,1070365,V,576,506,-1
1788814166.9277,1070373,V,577,507,-1
1788814166.9753,1070387,V,577,507,13232
1788814166.9754,1070395,V,591,519,-1
1788814166.9754,1070403,V,576,506,-1
1788814166.9754,1070411,V,577,507,-1
1788814166.9754,1070419,V,576,506,-1
1788814166.9754,1070427,V,577,507,-1
1788814167.0240,1070440,V,576,506,13233
1788814167.0241,1070448,V,576,506,-1
1788814167.0241,1070456,V,577,507,-1
1788814167.0241,1070464,V,578,508,-1
1788814167.0241,1070472,V,578,508,-1
1788814167.0241,1070480,V,577,507,-1
1788814167.0718,1070494,V,577,507,13234
1788814167.0718,1070502,V,578,508,-1
1788814167.0718,1070510,V,577,507,-1
1788814167.0718,1070518,V,577,507,-1
1788814167.0718,1070526,V,578,508,-1
1788814167.0718,1070534,V,576,506,-1
1788814167.1704,1070547,V,577,507,13235
1788814167.1705,1070555,V,575,505,-1
1788814167.1705,1070563,V,577,507,-1
1788814167.1705,1070571,V,576,506,-1
1788814167.1705,1070579,V,577,507,-1
1788814167.1705,1070587,V,578,508,-1
1788814167.2196,1070601,V,578,508,13236
1788814167.2196,1070609,V,576,506,-1
1788814167.2196,1070617,V,577,507,-1
1788814167.2196,1070625,V,576,506,-1
1788814167.2196,1070633,V,576,506,-1
1788814167.2196,1070641,V,576,506,-1
1788814167.2675,1070655,V,577,507,13237
1788814167.2675,1070663,V,576,506,-1
1788814167.2675,1070671,V,576,506,-1
1788814167.2675,1070679,V,578,508,-1
1788814167.2675,1070687,V,577,507,-1
1788814167.2675,1070695,V,577,507,-1
1788814167.3165,1070708,V,578,508,13238
1788814167.3165,1070716,V,577,507,-1
1788814167.3166,1070724,V,576,506,-1
1788814167.3166,1070732,V,580,510,-1
1788814167.3166,1070740,V,577,507,-1
1788814167.3166,1070748,V,576,506,-1
1788814167.3644,1070762,V,576,506,13239
1788814167.3644,1070770,V,576,506,-1
1788814167.3644,1070778,V,577,507,-1
1788814167.3644,1070786,V,576,506,-1
1788814167.3644,1070794,V,577,507,-1
1788814167.3644,1070802,V,576,506,-1
1788814167.4133,1070815,V,577,507,13240
1788814167.4135,1070823,V,576,506,-1
1788814167.4135,1070831,V,578,508,-1
1788814167.4135,1070839,V,576,506,-1
1788814167.4135,1070847,V,576,506,-1
1788814167.4135,1070855,V,575,505,-1
1788814167.4622,1070869,V,576,506,13241
1788814167.4622,1070877,V,576,506,-1
1788814167.4623,1070885,V,576,506,-1
1788814167.4623,1070893,V,576,506,-1
1788814167.4623,1070901,V,575,505,-1
1788814167.4623,1070909,V,576,506,-1
1788814167.5116,1070923,V,576,506,13242
1788814167.5116,1070931,V,591,519,-1
1788814167.5116,1070939,V,577,507,-1
1788814167.5116,1070947,V,576,506,-1
1788814167.5116,1070955,V,576,506,-1
1788814167.5116,1070963,V,576,506,-1
1788814167.5599,1070976,V,577,507,13243
1788814167.5599,1070984,V,575,505,-1
1788814167.5601,1070992,V,577,507,-1
1788814167.5601,1071000,V,575,505,-1
1788814167.5601,1071008,V,576,506,-1
1788814167.5601,1071016,V,577,507,-1
1788814167.6081,1071030,V,577,507,13244
1788814167.6081,1071038,V,577,507,-1
1788814167.6081,1071046,V,577,507,-1
1788814167.6081,1071054,V,575,505,-1
1788814167.6081,1071062,V,576,506,-1
1788814167.6081,1071070,V,577,507,-1
1788814167.7056,1071084,V,576,506,13245
1788814167.7058,1071092,V,576,506,-1
1788814167.7058,1071100,V,576,506,-1
1788814167.7058,1071108,V,576,506,-1
1788814167.7058,1071116,V,577,507,-1
1788814167.7058,1071124,V,577,507,-1
1788814167.7547,1071137,V,577,507,13246
1788814167.7547,1071145,V,576,506,-1
1788814167.7548,1071153,V,576,506,-1
1788814167.7548,1071161,V,577,507,-1
1788814167.7548,1071169,V,577,507,-1
1788814167.7548,1071177,V,575,505,-1
1788814167.8033,1071191,V,576,506,13247
1788814167.8033,1071199,V,576,506,-1
1788814167.8033,1071207,V,577,507,-1
1788814167.8034,1071215,V,577,507,-1
1788814167.8034,1071223,V,578,508,-1
1788814167.8034,1071231,V,577,507,-1
1788814167.8521,1071245,V,576,506,13248
1788814167.8521,1071253,V,576,506,-1
1788814167.8522,1071261,V,576,506,-1
1788814167.8522,1071269,V,579,509,-1
1788814167.8522,1071277,V,576,506,-1
1788814167.8522,1071285,V,577,507,-1
1788814167.9008,1071298,V,577,507,13249
1788814167.9008,1071306,V,576,506,-1
1788814167.9009,1071314,V,577,507,-1
1788814167.9009,1071322,V,576,506,-1
1788814167.9009,1071330,V,576,506,-1
1788814167.9009,1071338,V,575,505,-1
1788814167.9510,1071352,V,576,506,13250
1788814167.9512,1071360,V,576,506,-1
1788814167.9512,1071368,V,581,511,-1
1788814167.9512,1071376,V,576,506,-1
1788814167.9512,1071384,V,576,506,-1
1788814167.9512,1071392,V,576,506,-1
1788814167.9982,1071406,V,577,507,13251
1788814167.9982,1071414,V,576,506,-1
1788814167.9982,1071422,V,576,506,-1
1788814167.9982,1071430,V,576,506,-1
1788814167.9982,1071438,V,575,505,-1
1788814167.9982,1071446,V,577,507,-1
1788814168.0468,1071460,V,577,507,13252
1788814168.0468,1071468,V,578,508,-1
1788814168.0468,1071476,V,576,506,-1
1788814168.0468,1071484,V,576,506,-1
1788814168.0468,1071492,V,576,506,-1
1788814168.0469,1071500,V,576,506,-1
1788814168.0955,1071513,V,575,505,13253
1788814168.0955,1071521,V,576,506,-1
1788814168.0955,1071529,V,577,507,-1
1788814168.0955,1071537,V,575,505,-1
1788814168.0955,1071545,V,576,506,-1
1788814168.0955,1071553,V,576,506,-1
1788814168.1442,1071567,V,576,506,13254
1788814168.1442,1071575,V,576,506,-1
1788814168.1442,1071583,V,577,507,-1
1788814168.1442,1071591,V,576,506,-1
1788814168.1442,1071599,V,577,507,-1
1788814168.1442,1071607,V,576,506,-1
1788814168.2420,1071620,V,576,506,13255
1788814168.2421,1071628,V,577,507,-1
1788814168.2421,1071636,V,576,506,-1
1788814168.2421,1071644,V,576,506,-1
1788814168.2421,1071652,V,577,507,-1
1788814168.2422,1071660,V,577,507,-1
1788814168.2910,1071674,V,576,506,13256
1788814168.2910,1071682,V,576,506,-1
1788814168.2911,1071690,V,576,506,-1
1788814168.2911,1071698,V,576,506,-1
1788814168.2911,1071706,V,577,507,-1
1788814168.2911,1071714,V,575,505,-1
1788814168.3394,1071727,V,575,505,13257
1788814168.3395,1071735,V,576,506,-1
1788814168.3395,1071743,V,577,507,-1
1788814168.3395,1071751,V,576,506,-1
1788814168.3395,1071759,V,577,507,-1
1788814168.3395,1071767,V,576,506,-1
1788814168.3882,1071781,V,576,506,13258
1788814168.3882,1071789,V,577,507,-1
1788814168.3882,1071797,V,575,505,-1
1788814168.3882,1071805,V,581,511,-1
1788814168.3883,1071813,V,576,506,-1
1788814168.3883,1071821,V,576,506,-1
1788814168.4370,1071835,V,576,506,13259
1788814168.4370,1071843,V,576,506,-1
1788814168.4370,1071851,V,576,506,-1
1788814168.4371,1071859,V,576,506,-1
1788814168.4371,1071867,V,575,505,-1
1788814168.4371,1071875,V,576,506,-1
1788814168.4853,1071888,V,576,506,13260
1788814168.4854,1071896,V,576,506,-1
1788814168.4855,1071904,V,582,512,-1
1788814168.4855,1071912,V,576,506,-1
1788814168.4855,1071920,V,576,506,-1
1788814168.4855,1071928,V,576,506,-1
1788814168.5347,1071942,V,575,505,13261
1788814168.5347,1071950,V,576,506,-1
1788814168.5348,1071958,V,576,506,-1
1788814168.5348,1071966,V,575,505,-1
1788814168.5348,1071974,V,576,506,-1
1788814168.5348,1071982,V,577,507,-1
1788814168.5831,1071996,V,576,506,13262
1788814168.5832,1072004,V,579,509,-1
1788814168.5832,1072012,V,577,507,-1
1788814168.5832,1072020,V,577,507,-1
1788814168.5832,1072028,V,577,507,-1
1788814168.5832,1072036,V,578,508,-1
1788814168.6318,1072050,V,577,507,13263
1788814168.6318,1072058,V,576,506,-1
1788814168.6318,1072066,V,576,506,-1
1788814168.6318,1072074,V,576,506,-1
1788814168.6318,1072082,V,576,506,-1
1788814168.6318,1072090,V,576,506,-1
1788814168.6806,1072103,V,576,506,13264
1788814168.6806,1072111,V,576,506,-1
1788814168.6806,1072119,V,577,507,-1
1788814168.6806,1072127,V,575,505,-1
1788814168.6806,1072135,V,577,507,-1
1788814168.6806,1072143,V,577,507,-1
1788814168.7779,1072157,V,575,505,13265
1788814168.7780,1072165,V,576,506,-1
1788814168.7780,1072173,V,577,507,-1
1788814168.7780,1072181,V,576,506,-1
1788814168.7780,1072189,V,575,505,-1
1788814168.7780,1072197,V,575,505,-1
1788814168.8273,1072210,V,576,506,13266
1788814168.8273,1072218,V,577,507,-1
1788814168.8273,1072226,V,575,505,-1
1788814168.8273,1072234,V,576,506,-1
1788814168.8273,1072242,V,578,508,-1
1788814168.8273,1072250,V,575,505,-1
1788814168.8761,1072264,V,575,505,13267
1788814168.8761,1072272,V,575,505,-1
1788814168.8761,1072280,V,576,506,-1
1788814168.8761,1072288,V,575,505,-1
1788814168.8762,1072296,V,576,506,-1
1788814168.8762,1072304,V,577,507,-1
1788814168.9253,1072318,V,577,507,13268
1788814168.9253,1072326,V,575,505,-1
1788814168.9253,1072334,V,576,506,-1
1788814168.9253,1072342,V,577,507,-1
1788814168.9253,1072350,V,576,506,-1
1788814168.9254,1072358,V,575,505,-1
1788814168.9759,1072371,V,575,505,13269
1788814168.9759,1072379,V,577,507,-1
1788814168.9759,1072387,V,577,507,-1
1788814168.9759,1072395,V,576,506,-1
1788814168.9759,1072403,V,576,506,-1
1788814168.9759,1072411,V,577,507,-1
1788814169.0220,1072425,V,575,505,13270
1788814169.0221,1072433,V,576,506,-1
1788814169.0221,1072441,V,592,520,-1
1788814169.0221,1072449,V,576,506,-1
1788814169.0221,1072457,V,577,507,-1
1788814169.0221,1072465,V,575,505,-1
1788814169.0708,1072479,V,576,506,13271
1788814169.0708,1072487,V,576,506,-1
1788814169.0708,1072495,V,576,506,-1
1788814169.0708,1072503,V,576,506,-1
1788814169.0708,1072511,V,576,506,-1
1788814169.0709,1072519,V,576,506,-1
1788814169.1202,1072532,V,576,506,13272
1788814169.1202,1072540,V,576,506,-1
1788814169.1202,1072548,V,576,506,-1
1788814169.1202,1072556,V,576,506,-1
1788814169.1202,1072564,V,576,506,-1
1788814169.1202,1072572,V,575,505,-1
1788814169.1715,1072586,V,575,505,13273
1788814169.1716,1072594,V,576,506,-1
1788814169.1716,1072602,V,576,506,-1
1788814169.1716,1072610,V,576,506,-1
1788814169.1716,1072618,V,577,507,-1
1788814169.1716,1072626,V,577,507,-1
1788814169.2167,1072640,V,577,507,13274
1788814169.2167,1072648,V,576,506,-1
1788814169.2168,1072656,V,575,505,-1
1788814169.2168,1072664,V,576,506,-1
1788814169.2168,1072672,V,577,507,-1
1788814169.2168,1072680,V,575,505,-1
1788814169.3145,1072693,V,575,505,13275
1788814169.3146,1072701,V,576,506,-1
1788814169.3146,1072709,V,576,506,-1
1788814169.3146,1072717,V,575,505,-1
1788814169.3146,1072725,V,576,506,-1
1788814169.3146,1072733,V,576,506,-1
1788814169.3633,1072747,V,576,506,13276
1788814169.3634,1072755,V,576,506,-1
1788814169.3634,1072763,V,576,506,-1
1788814169.3634,1072771,V,576,506,-1
1788814169.3635,1072779,V,580,510,-1
1788814169.3635,1072787,V,576,506,-1
1788814169.4120,1072800,V,576,506,13277
1788814169.4120,1072808,V,576,506,-1
1788814169.4120,1072816,V,576,506,-1
1788814169.4120,1072824,V,576,506,-1
1788814169.4120,1072832,V,576,506,-1
1788814169.4120,1072840,V,577,507,-1
1788814169.4606,1072854,V,576,506,13278
1788814169.4606,1072862,V,577,507,-1
1788814169.4607,1072870,V,576,506,-1
1788814169.4607,1072878,V,576,506,-1
1788814169.4607,1072886,V,576,506,-1
1788814169.4607,1072894,V,576,506,-1
1788814169.5094,1072908,V,576,506,13279
1788814169.5094,1072916,V,576,506,-1
1788814169.5094,1072924,V,576,506,-1
1788814169.5094,1072932,V,575,505,-1
1788814169.5094,1072940,V,576,506,-1
1788814169.5094,1072948,V,576,506,-1
1788814169.5581,1072961,V,576,506,13280
1788814169.5583,1072969,V,575,505,-1
1788814169.5583,1072977,V,591,519,-1
1788814169.5583,1072985,V,575,505,-1
1788814169.5583,1072993,V,576,506,-1
1788814169.5583,1073001,V,576,506,-1
1788814169.6081,1073015,V,577,507,13281
1788814169.6082,1073023,V,574,504,-1
1788814169.6082,1073031,V,576,506,-1
1788814169.6082,1073039,V,576,506,-1
1788814169.6082,1073047,V,576,506,-1
1788814169.6082,1073055,V,576,506,-1
1788814169.6554,1073069,V,576,506,13282
1788814169.6554,1073077,V,577,507,-1
1788814169.6554,1073085,V,577,507,-1
1788814169.6554,1073093,V,575,505,-1
1788814169.6554,1073101,V,576,506,-1
1788814169.6554,1073109,V,575,505,-1
1788814169.7044,1073122,V,576,506,13283
1788814169.7044,1073130,V,575,505,-1
1788814169.7044,1073138,V,575,505,-1
1788814169.7044,1073146,V,576,506,-1
1788814169.7044,1073154,V,574,504,-1
1788814169.7044,1073162,V,576,506,-1
1788814169.7535,1073176,V,576,506,13284
1788814169.7535,1073184,V,576,506,-1
1788814169.7535,1073192,V,576,506,-1
1788814169.7535,1073200,V,575,505,-1
1788814169.7535,1073208,V,575,505,-1
1788814169.7535,1073216,V,575,505,-1
1788814169.8510,1073229,V,575,505,13285
1788814169.8511,1073237,V,576,506,-1
1788814169.8511,1073245,V,576,506,-1
1788814169.8511,1073253,V,575,505,-1
1788814169.8511,1073261,V,574,504,-1
1788814169.8511,1073269,V,576,506,-1
1788814169.8998,1073283,V,576,506,13286
1788814169.8999,1073291,V,575,505,-1
1788814169.8999,1073299,V,575,505,-1
1788814169.8999,1073307,V,576,506,-1
1788814169.8999,1073315,V,580,510,-1
1788814169.8999,1073323,V,574,504,-1
1788814169.9481,1073337,V,577,507,13287
1788814169.9481,1073345,V,577,507,-1
1788814169.9481,1073353,V,576,506,-1
1788814169.9481,1073361,V,576,506,-1
1788814169.9482,1073369,V,576,506,-1
1788814169.9482,1073377,V,575,505,-1
1788814169.9990,1073390,V,576,506,13288
1788814169.9990,1073398,V,576,506,-1
1788814169.9990,1073406,V,575,505,-1
1788814169.9990,1073414,V,578,508,-1
1788814169.9990,1073422,V,576,506,-1
1788814169.9990,1073430,V,576,506,-1
1788814170.0455,1073444,V,576,506,13289
1788814170.0455,1073452,V,576,506,-1
1788814170.0456,1073460,V,575,505,-1
1788814170.0456,1073468,V,576,506,-1
1788814170.0456,1073476,V,576,506,-1
1788814170.0456,1073484,V,576,506,-1
1788814170.0947,1073498,V,576,506,13290
1788814170.0949,1073506,V,576,506,-1
1788814170.0949,1073514,V,590,519,-1
1788814170.0949,1073522,V,576,506,-1
1788814170.0949,1073530,V,576,506,-1
1788814170.0949,1073538,V,576,506,-1
1788814170.1436,1073551,V,576,506,13291
1788814170.1436,1073559,V,575,505,-1
1788814170.1436,1073567,V,577,507,-1
1788814170.1436,1073575,V,575,505,-1
1788814170.1437,1073583,V,576,506,-1
1788814170.1437,1073591,V,576,506,-1
1788814170.1920,1073605,V,576,506,13292
1788814170.1920,1073613,V,575,505,-1
1788814170.1920,1073621,V,574,504,-1
1788814170.1920,1073629,V,576,506,-1
1788814170.1920,1073637,V,576,506,-1
1788814170.1920,1073645,V,576,506,-1
1788814170.2408,1073659,V,576,506,13293
1788814170.2408,1073667,V,575,505,-1
1788814170.2408,1073675,V,575,505,-1
1788814170.2408,1073683,V,575,505,-1
1788814170.2408,1073691,V,576,506,-1
1788814170.2408,1073699,V,575,505,-1
1788814170.2894,1073712,V,576,506,13294
1788814170.2894,1073720,V,577,507,-1
1788814170.2894,1073728,V,575,505,-1
1788814170.2894,1073736,V,575,505,-1
1788814170.2894,1073744,V,576,506,-1
1788814170.2894,1073752,V,576,506,-1
1788814170.3873,1073766,V,575,505,13295
1788814170.3874,1073774,V,576,506,-1
1788814170.3874,1073782,V,575,505,-1
1788814170.3875,1073790,V,577,507,-1
1788814170.3875,1073798,V,576,506,-1
1788814170.3875,1073806,V,575,505,-1
1788814170.4361,1073819,V,576,506,13296
1788814170.4361,1073827,V,577,507,-1
1788814170.4361,1073835,V,575,505,-1
1788814170.4362,1073843,V,576,506,-1
1788814170.4362,1073851,V,580,510,-1
1788814170.4362,1073859,V,576,506,-1
1788814170.4846,1073873,V,576,506,13297
1788814170.4846,1073881,V,576,506,-1
1788814170.4846,1073889,V,576,506,-1
1788814170.4846,1073897,V,575,505,-1
1788814170.4846,1073905,V,575,505,-1
1788814170.4846,1073913,V,575,505,-1
1788814170.5337,1073927,V,576,506,13298
1788814170.5337,1073935,V,576,506,-1
1788814170.5337,1073943,V,576,506,-1
1788814170.5337,1073951,V,578,508,-1
1788814170.5337,1073959,V,577,507,-1
1788814170.5337,1073967,V,576,506,-1
1788814170.5817,1073981,V,576,506,13299
1788814170.5817,1073989,V,575,505,-1
1788814170.5817,1073997,V,576,506,-1
1788814170.5817,1074005,V,576,506,-1
1788814170.5817,1074013,V,576,506,-1
1788814170.5817,1074021,V,575,505,-1
1788814170.6305,1074034,V,575,505,13300
1788814170.6305,1074042,V,576,506,-1
1788814170.6305,1074050,V,584,513,-1
1788814170.6305,1074058,V,576,506,-1
1788814170.6305,1074066,V,575,505,-1
1788814170.6305,1074074,V,574,504,-1
1788814170.6793,1074088,V,575,505,13301
1788814170.6793,1074096,V,576,506,-1
1788814170.6793,1074104,V,576,506,-1
1788814170.6793,1074112,V,576,506,-1
1788814170.6794,1074120,V,575,505,-1
1788814170.6794,1074128,V,576,506,-1
1788814170.7772,1074142,V,577,507,13302
1788814170.7772,1074150,V,576,506,-1
1788814170.7772,1074158,V,575,505,-1
1788814170.7772,1074166,V,576,506,-1
1788814170.7772,1074174,V,575,505,-1
1788814170.7772,1074182,V,576,506,-1
1788814170.7782,1074195,V,576,506,13303
1788814170.7782,1074203,V,575,505,-1
1788814170.7782,1074211,V,576,506,-1
1788814170.7782,1074219,V,576,506,-1
1788814170.7782,1074227,V,576,506,-1
1788814170.7782,1074235,V,576,506,-1
1788814170.8260,1074249,V,575,505,13304
1788814170.8260,1074257,V,576,506,-1
1788814170.8260,1074265,V,577,507,-1
1788814170.8260,1074273,V,576,506,-1
1788814170.8260,1074281,V,576,506,-1
1788814170.8260,1074289,V,576,506,-1
1788814170.9230,1074302,V,577,507,13305
1788814170.9232,1074310,V,577,507,-1
1788814170.9232,1074318,V,577,507,-1
1788814170.9232,1074326,V,576,506,-1
1788814170.9232,1074334,V,576,506,-1
1788814170.9232,1074342,V,576,506,-1
1788814170.9720,1074356,V,575,505,13306
1788814170.9720,1074364,V,574,504,-1
1788814170.9720,1074372,V,576,506,-1
1788814170.9720,1074380,V,576,506,-1
1788814170.9720,1074388,V,579,509,-1
1788814170.9720,1074396,V,575,505,-1
1788814171.0236,1074410,V,576,506,13307
1788814171.0236,1074418,V,576,506,-1
1788814171.0236,1074426,V,575,505,-1
1788814171.0236,1074434,V,576,506,-1
1788814171.0236,1074442,V,576,506,-1
1788814171.0236,1074450,V,576,506,-1
1788814171.0703,1074463,V,576,506,13308
1788814171.0703,1074471,V,576,506,-1
1788814171.0703,1074479,V,576,506,-1
1788814171.0703,1074487,V,583,512,-1
1788814171.0703,1074495,V,576,506,-1
1788814171.0703,1074503,V,576,506,-1
1788814171.1669,1074517,V,575,505,13309
1788814171.1671,1074525,V,575,505,-1
1788814171.1671,1074533,V,576,506,-1
1788814171.1671,1074541,V,575,505,-1
1788814171.1671,1074549,V,575,505,-1
1788814171.1671,1074557,V,575,505,-1
1788814171.1679,1074571,V,575,505,13310
1788814171.1679,1074579,V,574,504,-1
1788814171.1679,1074587,V,575,505,-1
1788814171.1679,1074595,V,576,506,-1
1788814171.1680,1074603,V,576,506,-1
1788814171.1680,1074611,V,577,507,-1
1788814171.2161,1074624,V,576,506,13311
1788814171.2161,1074632,V,578,508,-1
1788814171.2161,1074640,V,577,507,-1
1788814171.2161,1074648,V,576,506,-1
1788814171.2161,1074656,V,575,505,-1
1788814171.2161,1074664,V,576,506,-1
1788814171.2645,1074678,V,576,506,13312
1788814171.2645,1074686,V,576,506,-1
1788814171.2645,1074694,V,576,506,-1
1788814171.2645,1074702,V,576,506,-1
1788814171.2645,1074710,V,577,507,-1
1788814171.2645,1074718,V,575,505,-1
1788814171.3132,1074732,V,575,505,13313
1788814171.3133,1074740,V,575,505,-1
1788814171.3133,1074748,V,576,506,-1
1788814171.3133,1074756,V,576,506,-1
1788814171.3133,1074764,V,576,506,-1
1788814171.3133,1074772,V,575,505,-1
1788814171.3619,1074785,V,575,505,13314
1788814171.3620,1074793,V,576,506,-1
1788814171.3620,1074801,V,576,506,-1
1788814171.3620,1074809,V,576,506,-1
1788814171.3620,1074817,V,576,506,-1
1788814171.3620,1074825,V,578,508,-1
1788814171.4594,1074839,V,576,506,13315
1788814171.4595,1074847,V,575,505,-1
1788814171.4595,1074855,V,576,506,-1
1788814171.4595,1074863,V,575,505,-1
1788814171.4595,1074871,V,576,506,-1
1788814171.4595,1074879,V,575,505,-1
1788814171.5082,1074892,V,574,504,13316
1788814171.5082,1074900,V,575,505,-1
1788814171.5082,1074908,V,575,505,-1
1788814171.5082,1074916,V,577,507,-1
1788814171.5082,1074924,V,578,508,-1
1788814171.5082,1074932,V,576,506,-1
1788814171.5568,1074946,V,575,505,13317
1788814171.5569,1074954,V,575,505,-1
1788814171.5569,1074962,V,575,505,-1
1788814171.5569,1074970,V,576,506,-1
1788814171.5569,1074978,V,576,506,-1
1788814171.5569,1074986,V,576,506,-1
1788814171.6055,1075000,V,576,506,13318
1788814171.6055,1075008,V,576,506,-1
1788814171.6055,1075016,V,576,506,-1
1788814171.6055,1075024,V,586,515,-1
1788814171.6055,1075032,V,577,507,-1
1788814171.6055,1075040,V,577,507,-1
1788814171.6545,1075053,V,575,505,13319
1788814171.6545,1075061,V,576,506,-1
1788814171.6545,1075069,V,576,506,-1
1788814171.6546,1075077,V,576,506,-1
1788814171.6546,1075085,V,577,507,-1
1788814171.6546,1075093,V,575,505,-1
1788814171.7031,1075107,V,576,506,13320
1788814171.7033,1075115,V,577,507,-1
1788814171.7033,1075123,V,576,506,-1
1788814171.7033,1075131,V,575,505,-1
1788814171.7033,1075139,V,575,505,-1
1788814171.7033,1075147,V,576,506,-1
1788814171.7524,1075161,V,575,505,13321
1788814171.7524,1075169,V,575,505,-1
1788814171.7525,1075177,V,575,505,-1
1788814171.7525,1075185,V,575,505,-1
1788814171.7525,1075193,V,575,505,-1
1788814171.7525,1075201,V,576,506,-1
1788814171.8008,1075214,V,577,507,13322
1788814171.8008,1075222,V,576,506,-1
1788814171.8008,1075230,V,575,505,-1
1788814171.8008,1075238,V,576,506,-1
1788814171.8008,1075246,V,575,505,-1
1788814171.8009,1075254,V,575,505,-1
1788814171.8985,1075268,V,576,506,13323
1788814171.8985,1075276,V,576,506,-1
1788814171.8985,1075284,V,576,506,-1
1788814171.8985,1075292,V,575,505,-1
1788814171.8985,1075300,V,575,505,-1
1788814171.8986,1075308,V,576,506,-1
1788814171.8997,1075322,V,575,505,13324
1788814171.8997,1075330,V,575,505,-1
1788814171.8997,1075338,V,575,505,-1
1788814171.8997,1075346,V,576,506,-1
1788814171.8997,1075354,V,574,504,-1
1788814171.8997,1075362,V,579,509,-1
1788814171.9958,1075375,V,575,505,13325
1788814171.9959,1075383,V,575,505,-1
1788814171.9960,1075391,V,575,505,-1
1788814171.9960,1075399,V,576,506,-1
1788814171.9960,1075407,V,575,505,-1
1788814171.9960,1075415,V,575,505,-1
1788814172.0491,1075429,V,576,506,13326
1788814172.0491,1075437,V,575,505,-1
1788814172.0491,1075445,V,574,504,-1
1788814172.0491,1075453,V,574,504,-1
1788814172.0491,1075461,V,576,506,-1
1788814172.0491,1075469,V,576,506,-1
1788814172.0939,1075483,V,576,506,13327
1788814172.0940,1075491,V,575,505,-1
1788814172.0940,1075499,V,576,506,-1
1788814172.0940,1075507,V,576,506,-1
1788814172.0940,1075515,V,576,506,-1
1788814172.0940,1075523,V,576,506,-1
1788814172.1432,1075536,V,575,505,13328
1788814172.1433,1075544,V,576,506,-1
1788814172.1433,1075552,V,574,504,-1
1788814172.1433,1075560,V,591,519,-1
1788814172.1433,1075568,V,576,506,-1
1788814172.1433,1075576,V,574,504,-1
1788814172.1911,1075590,V,574,504,13329
1788814172.1911,1075598,V,575,505,-1
1788814172.1911,1075606,V,576,506,-1
1788814172.1911,1075614,V,576,506,-1
1788814172.1911,1075622,V,575,505,-1
1788814172.1911,1075630,V,575,505,-1
1788814172.2408,1075643,V,575,505,13330
1788814172.2410,1075651,V,575,505,-1
1788814172.2410,1075659,V,576,506,-1
1788814172.2410,1075667,V,576,506,-1
1788814172.2410,1075675,V,575,505,-1
1788814172.2410,1075683,V,575,505,-1
1788814172.2883,1075697,V,575,505,13331
1788814172.2883,1075705,V,577,507,-1
1788814172.2883,1075713,V,575,505,-1
1788814172.2883,1075721,V,576,506,-1
1788814172.2883,1075729,V,576,506,-1
1788814172.2884,1075737,V,574,504,-1
1788814172.3373,1075751,V,575,505,13332
1788814172.3373,1075759,V,576,506,-1
1788814172.3373,1075767,V,575,505,-1
1788814172.3373,1075775,V,575,505,-1
1788814172.3373,1075783,V,576,506,-1
1788814172.3373,1075791,V,575,505,-1
1788814172.3864,1075804,V,575,505,13333
1788814172.3864,1075812,V,575,505,-1
1788814172.3864,1075820,V,575,505,-1
1788814172.3864,1075828,V,576,506,-1
1788814172.3864,1075836,V,576,506,-1
1788814172.3864,1075844,V,575,505,-1
1788814172.4354,1075858,V,575,505,13334
1788814172.4355,1075866,V,576,506,-1
1788814172.4355,1075874,V,576,506,-1
1788814172.4355,1075882,V,575,505,-1
1788814172.4355,1075890,V,576,506,-1
1788814172.4355,1075898,V,579,509,-1
1788814172.5329,1075912,V,576,506,13335
1788814172.5330,1075920,V,575,505,-1
1788814172.5330,1075928,V,576,506,-1
1788814172.5330,1075936,V,576,506,-1
1788814172.5330,1075944,V,576,506,-1
1788814172.5330,1075952,V,576,506,-1
1788814172.5809,1075965,V,576,506,13336
1788814172.5810,1075973,V,577,507,-1
1788814172.5810,1075981,V,576,506,-1
1788814172.5810,1075989,V,576,506,-1
1788814172.5810,1075997,V,577,507,-1
1788814172.5810,1076005,V,576,506,-1
1788814172.6303,1076019,V,576,506,13337
1788814172.6303,1076027,V,576,506,-1
1788814172.6304,1076035,V,577,507,-1
1788814172.6304,1076043,V,576,506,-1
1788814172.6304,1076051,V,575,505,-1
1788814172.6304,1076059,V,576,506,-1
1788814172.6790,1076072,V,576,506,13338
1788814172.6790,1076080,V,576,506,-1
1788814172.6790,1076088,V,576,506,-1
1788814172.6790,1076096,V,592,520,-1
1788814172.6790,1076104,V,575,505,-1
1788814172.6790,1076112,V,575,505,-1
1788814172.7272,1076126,V,576,506,13339
1788814172.7272,1076134,V,575,505,-1
1788814172.7273,1076142,V,575,505,-1
1788814172.7273,1076150,V,576,506,-1
1788814172.7273,1076158,V,576,506,-1
1788814172.7273,1076166,V,576,506,-1
1788814172.7769,1076180,V,575,505,13340
1788814172.7770,1076188,V,575,505,-1
1788814172.7770,1076196,V,575,505,-1
1788814172.7770,1076204,V,576,506,-1
1788814172.7770,1076212,V,576,506,-1
1788814172.7770,1076220,V,576,506,-1
1788814172.8247,1076233,V,574,504,13341
1788814172.8248,1076241,V,575,505,-1
1788814172.8248,1076249,V,575,505,-1
1788814172.8248,1076257,V,575,505,-1
1788814172.8248,1076265,V,575,505,-1
1788814172.8248,1076273,V,575,505,-1
1788814172.9226,1076287,V,575,505,13342
1788814172.9227,1076295,V,576,506,-1
1788814172.9227,1076303,V,575,505,-1
1788814172.9227,1076311,V,575,505,-1
1788814172.9227,1076319,V,574,504,-1
1788814172.9227,1076327,V,576,506,-1
1788814172.9240,1076341,V,575,505,13343
1788814172.9240,1076349,V,576,506,-1
1788814172.9241,1076357,V,576,506,-1
1788814172.9241,1076365,V,575,505,-1
1788814172.9241,1076373,V,576,506,-1
1788814172.9241,1076381,V,576,506,-1
1788814172.9705,1076394,V,576,506,13344
1788814172.9705,1076402,V,576,506,-1
1788814172.9705,1076410,V,576,506,-1
1788814172.9705,1076418,V,575,505,-1
1788814172.9705,1076426,V,575,505,-1
1788814172.9705,1076434,V,580,510,-1
1788814173.0682,1076448,V,575,505,13345
1788814173.0683,1076456,V,577,507,-1
1788814173.0683,1076464,V,576,506,-1
1788814173.0684,1076472,V,576,506,-1
1788814173.0684,1076480,V,577,507,-1
1788814173.0684,1076488,V,577,507,-1
1788814173.1178,1076501,V,576,506,13346
1788814173.1178,1076509,V,576,506,-1
1788814173.1178,1076517,V,575,505,-1
1788814173.1178,1076525,V,575,505,-1
1788814173.1178,1076533,V,576,506,-1
1788814173.1178,1076541,V,575,505,-1
1788814173.1665,1076555,V,576,506,13347
1788814173.1665,1076563,V,576,506,-1
1788814173.1665,1076571,V,577,507,-1
1788814173.1665,1076579,V,575,505,-1
1788814173.1665,1076587,V,575,505,-1
1788814173.1665,1076595,V,575,505,-1
1788814173.2143,1076609,V,576,506,13348
1788814173.2143,1076617,V,574,504,-1
1788814173.2144,1076625,V,575,505,-1
1788814173.2144,1076633,V,583,512,-1
1788814173.2144,1076641,V,576,506,-1
1788814173.2144,1076649,V,576,506,-1
1788814173.2631,1076663,V,577,507,13349
1788814173.2631,1076671,V,577,507,-1
1788814173.2631,1076679,V,577,507,-1
1788814173.2631,1076687,V,577,507,-1
1788814173.2631,1076695,V,576,506,-1
1788814173.2631,1076703,V,576,506,-1
1788814173.3130,1076716,V,574,504,13350
1788814173.3131,1076724,V,575,505,-1
1788814173.3131,1076732,V,574,504,-1
1788814173.3131,1076740,V,575,505,-1
1788814173.3131,1076748,V,575,505,-1
1788814173.3132,1076756,V,575,505,-1
1788814173.3611,1076770,V,576,506,13351
1788814173.3611,1076778,V,575,505,-1
1788814173.3611,1076786,V,576,506,-1
1788814173.3612,1076794,V,576,506,-1
1788814173.3612,1076802,V,575,505,-1
1788814173.3612,1076810,V,576,506,-1
1788814173.4099,1076824,V,576,506,13352
1788814173.4099,1076832,V,576,506,-1
1788814173.4100,1076840,V,575,505,-1
1788814173.4100,1076848,V,576,506,-1
1788814173.4100,1076856,V,576,506,-1
1788814173.4100,1076864,V,575,505,-1
1788814173.4592,1076877,V,579,509,13353
1788814173.4592,1076885,V,575,505,-1
1788814173.4592,1076893,V,576,506,-1
1788814173.4592,1076901,V,576,506,-1
1788814173.4592,1076909,V,575,505,-1
1788814173.4592,1076917,V,575,505,-1
1788814173.5079,1076931,V,575,505,13354
1788814173.5079,1076939,V,575,505,-1
1788814173.5079,1076947,V,575,505,-1
1788814173.5079,1076955,V,577,507,-1
1788814173.5079,1076963,V,575,505,-1
1788814173.5079,1076971,V,580,510,-1
1788814173.6046,1076984,V,575,505,13355
1788814173.6048,1076992,V,575,505,-1
1788814173.6048,1077000,V,577,507,-1
1788814173.6048,1077008,V,575,505,-1
1788814173.6048,1077016,V,576,506,-1
1788814173.6048,1077024,V,575,505,-1
1788814173.6544,1077038,V,576,506,13356
1788814173.6545,1077046,V,575,505,-1
1788814173.6545,1077054,V,576,506,-1
1788814173.6545,1077062,V,576,506,-1
1788814173.6545,1077070,V,585,514,-1
1788814173.6545,1077078,V,576,506,-1
1788814173.7030,1077092,V,576,506,13357
1788814173.7030,1077100,V,574,504,-1
1788814173.7030,1077108,V,577,507,-1
1788814173.7030,1077116,V,576,506,-1
1788814173.7030,1077124,V,576,506,-1
1788814173.7030,1077132,V,577,507,-1
1788814173.7507,1077145,V,576,506,13358
1788814173.7508,1077153,V,576,506,-1
1788814173.7508,1077161,V,577,507,-1
1788814173.7508,1077169,V,577,507,-1
1788814173.7508,1077177,V,576,506,-1
1788814173.7508,1077185,V,576,506,-1
1788814173.7995,1077199,V,576,506,13359
1788814173.7995,1077207,V,576,506,-1
1788814173.7995,1077215,V,577,507,-1
1788814173.7995,1077223,V,575,505,-1
1788814173.7995,1077231,V,575,505,-1
1788814173.7995,1077239,V,575,505,-1
1788814173.8506,1077253,V,574,504,13360
1788814173.8508,1077261,V,575,505,-1
1788814173.8508,1077269,V,576,506,-1
1788814173.8508,1077277,V,576,506,-1
1788814173.8508,1077285,V,575,505,-1
1788814173.8508,1077293,V,576,506,-1
1788814173.9462,1077306,V,575,505,13361
1788814173.9462,1077314,V,576,506,-1
1788814173.9463,1077322,V,576,506,-1
1788814173.9463,1077330,V,575,505,-1
1788814173.9463,1077338,V,575,505,-1
1788814173.9463,1077346,V,575,505,-1
1788814173.9473,1077360,V,576,506,13362
1788814173.9473,1077368,V,575,505,-1
1788814173.9473,1077376,V,576,506,-1
1788814173.9473,1077384,V,575,505,-1
1788814173.9473,1077392,V,576,506,-1
1788814173.9473,1077400,V,576,506,-1
1788814173.9946,1077414,V,579,509,13363
1788814173.9946,1077422,V,575,505,-1
1788814173.9946,1077430,V,574,504,-1
1788814173.9946,1077438,V,575,505,-1
1788814173.9946,1077446,V,575,505,-1
1788814173.9946,1077454,V,575,505,-1
1788814174.0469,1077467,V,575,505,13364
1788814174.0469,1077475,V,576,506,-1
1788814174.0469,1077483,V,575,505,-1
1788814174.0469,1077491,V,574,504,-1
1788814174.0469,1077499,V,574,504,-1
1788814174.0469,1077507,V,575,505,-1
1788814174.1409,1077521,V,574,504,13365
1788814174.1411,1077529,V,576,506,-1
1788814174.1411,1077537,V,576,506,-1
1788814174.1411,1077545,V,574,504,-1
1788814174.1411,1077553,V,575,505,-1
1788814174.1411,1077561,V,576,506,-1
1788814174.1902,1077575,V,575,505,13366
1788814174.1902,1077583,V,575,505,-1
1788814174.1903,1077591,V,575,505,-1
1788814174.1903,1077599,V,575,505,-1
1788814174.1903,1077607,V,588,517,-1
1788814174.1903,1077615,V,575,505,-1
1788814174.2392,1077628,V,576,506,13367
1788814174.2392,1077636,V,575,505,-1
1788814174.2392,1077644,V,574,504,-1
1788814174.2392,1077652,V,575,505,-1
1788814174.2392,1077660,V,575,505,-1
1788814174.2393,1077668,V,576,506,-1
1788814174.2871,1077682,V,575,505,13368
1788814174.2871,1077690,V,575,505,-1
1788814174.2871,1077698,V,577,507,-1
1788814174.2871,1077706,V,576,506,-1
1788814174.2871,1077714,V,575,505,-1
1788814174.2871,1077722,V,576,506,-1
1788814174.3357,1077736,V,576,506,13369
1788814174.3357,1077744,V,576,506,-1
1788814174.3357,1077752,V,576,506,-1
1788814174.3357,1077760,V,576,506,-1
1788814174.3358,1077768,V,576,506,-1
1788814174.3358,1077776,V,576,506,-1
1788814174.3845,1077789,V,576,506,13370
1788814174.3847,1077797,V,576,506,-1
1788814174.3847,1077805,V,576,506,-1
1788814174.3847,1077813,V,576,506,-1
1788814174.3847,1077821,V,577,507,-1
1788814174.3847,1077829,V,576,506,-1
1788814174.4338,1077843,V,576,506,13371
1788814174.4338,1077851,V,576,506,-1
1788814174.4338,1077859,V,575,505,-1
1788814174.4338,1077867,V,576,506,-1
1788814174.4338,1077875,V,575,505,-1
1788814174.4339,1077883,V,576,506,-1
1788814174.4818,1077896,V,576,506,13372
1788814174.4818,1077904,V,575,505,-1
1788814174.4819,1077912,V,576,506,-1
1788814174.4819,1077920,V,576,506,-1
1788814174.4819,1077928,V,576,506,-1
1788814174.4819,1077936,V,576,506,-1
1788814174.5308,1077950,V,580,510,13373
1788814174.5309,1077958,V,576,506,-1
1788814174.5309,1077966,V,576,506,-1
1788814174.5309,1077974,V,575,505,-1
1788814174.5309,1077982,V,575,505,-1
1788814174.5309,1077990,V,576,506,-1
1788814174.5796,1078004,V,576,506,13374
1788814174.5797,1078012,V,576,506,-1
1788814174.5797,1078020,V,575,505,-1
1788814174.5797,1078028,V,575,505,-1
1788814174.5797,1078036,V,576,506,-1
1788814174.5797,1078044,V,578,508,-1
1788814174.6773,1078058,V,575,505,13375
1788814174.6774,1078066,V,575,505,-1
1788814174.6774,1078074,V,576,506,-1
1788814174.6774,1078082,V,575,505,-1
1788814174.6774,1078090,V,576,506,-1
1788814174.6774,1078098,V,575,505,-1
1788814174.7277,1078111,V,576,506,13376
1788814174.7278,1078119,V,575,505,-1
1788814174.7278,1078127,V,576,506,-1
1788814174.7278,1078135,V,575,505,-1
1788814174.7279,1078143,V,583,512,-1
1788814174.7279,1078151,V,575,505,-1
1788814174.7743,1078165,V,576,506,13377
1788814174.7743,1078173,V,576,506,-1
1788814174.7743,1078181,V,576,506,-1
1788814174.7743,1078189,V,576,506,-1
1788814174.7744,1078197,V,575,505,-1
1788814174.7744,1078205,V,575,505,-1
1788814174.8235,1078218,V,576,506,13378
1788814174.8235,1078226,V,575,505,-1
1788814174.8235,1078234,V,575,505,-1
1788814174.8235,1078242,V,575,505,-1
1788814174.8235,1078250,V,575,505,-1
1788814174.8235,1078258,V,575,505,-1
1788814174.8723,1078272,V,577,507,13379
1788814174.8723,1078280,V,577,507,-1
1788814174.8724,1078288,V,576,506,-1
1788814174.8724,1078296,V,576,506,-1
1788814174.8724,1078304,V,575,505,-1
1788814174.8724,1078312,V,575,505,-1
1788814174.9211,1078326,V,575,505,13380
1788814174.9212,1078334,V,574,504,-1
1788814174.9212,1078342,V,576,506,-1
1788814174.9213,1078350,V,575,505,-1
1788814174.9213,1078358,V,576,506,-1
1788814174.9213,1078366,V,575,505,-1
1788814174.9699,1078380,V,576,506,13381
1788814174.9700,1078388,V,579,509,-1
1788814174.9700,1078396,V,576,506,-1
1788814174.9700,1078404,V,576,506,-1
1788814174.9700,1078412,V,577,507,-1
1788814174.9700,1078420,V,576,506,-1
1788814175.0186,1078433,V,575,505,13382
1788814175.0186,1078441,V,575,505,-1
1788814175.0186,1078449,V,576,506,-1
1788814175.0186,1078457,V,575,505,-1
1788814175.0186,1078465,V,576,506,-1
1788814175.0186,1078473,V,575,505,-1
1788814175.0668,1078487,V,577,507,13383
1788814175.0668,1078495,V,576,506,-1
1788814175.0668,1078503,V,576,506,-1
1788814175.0668,1078511,V,575,505,-1
1788814175.0668,1078519,V,575,505,-1
1788814175.0668,1078527,V,575,505,-1
1788814175.1646,1078540,V,575,505,13384
1788814175.1647,1078548,V,575,505,-1
1788814175.1647,1078556,V,576,506,-1
1788814175.1647,1078564,V,575,505,-1
1788814175.1647,1078572,V,576,506,-1
1788814175.1647,1078580,V,582,512,-1
1788814175.2137,1078594,V,575,505,13385
1788814175.2138,1078602,V,576,506,-1
1788814175.2138,1078610,V,576,506,-1
1788814175.2138,1078618,V,576,506,-1
1788814175.2138,1078626,V,575,505,-1
1788814175.2138,1078634,V,575,505,-1
1788814175.2622,1078648,V,576,506,13386
1788814175.2622,1078656,V,575,505,-1
1788814175.2622,1078664,V,575,505,-1
1788814175.2622,1078672,V,575,505,-1
1788814175.2622,1078680,V,578,508,-1
1788814175.2622,1078688,V,576,506,-1
1788814175.3111,1078701,V,575,505,13387
1788814175.3111,1078709,V,576,506,-1
1788814175.3111,1078717,V,576,506,-1
1788814175.3112,1078725,V,576,506,-1
1788814175.3112,1078733,V,577,507,-1
1788814175.3112,1078741,V,576,506,-1
1788814175.3593,1078755,V,576,506,13388
1788814175.3594,1078763,V,575,505,-1
1788814175.3594,1078771,V,576,506,-1
1788814175.3594,1078779,V,576,506,-1
1788814175.3594,1078787,V,576,506,-1
1788814175.3594,1078795,V,576,506,-1
1788814175.4086,1078809,V,576,506,13389
1788814175.4088,1078817,V,575,505,-1
1788814175.4088,1078825,V,576,506,-1
1788814175.4088,1078833,V,575,505,-1
1788814175.4088,1078841,V,576,506,-1
1788814175.4088,1078849,V,576,506,-1
1788814175.4574,1078862,V,576,506,13390
1788814175.4575,1078870,V,576,506,-1
1788814175.4575,1078878,V,576,506,-1
1788814175.4575,1078886,V,575,505,-1
1788814175.4575,1078894,V,576,506,-1
1788814175.4575,1078902,V,576,506,-1
1788814175.5057,1078916,V,575,505,13391
1788814175.5058,1078924,V,579,509,-1
1788814175.5058,1078932,V,575,505,-1
1788814175.5058,1078940,V,576,506,-1
1788814175.5058,1078948,V,576,506,-1
1788814175.5058,1078956,V,575,505,-1
1788814175.5544,1078970,V,576,506,13392
1788814175.5544,1078978,V,576,506,-1
1788814175.5544,1078986,V,576,506,-1
1788814175.5544,1078994,V,574,504,-1
1788814175.5545,1079002,V,576,506,-1
1788814175.5545,1079010,V,575,505,-1
1788814175.6033,1079023,V,577,507,13393
1788814175.6033,1079031,V,577,507,-1
1788814175.6033,1079039,V,576,506,-1
1788814175.6033,1079047,V,577,507,-1
1788814175.6033,1079055,V,576,506,-1
1788814175.6033,1079063,V,576,506,-1
1788814175.7007,1079077,V,575,505,13394
1788814175.7007,1079085,V,575,505,-1
1788814175.7007,1079093,V,575,505,-1
1788814175.7007,1079101,V,576,506,-1
1788814175.7007,1079109,V,576,506,-1
1788814175.7007,1079117,V,588,517,-1
1788814175.7500,1079130,V,576,506,13395
1788814175.7500,1079138,V,576,506,-1
1788814175.7500,1079146,V,576,506,-1
1788814175.7501,1079154,V,575,505,-1
1788814175.7501,1079162,V,575,505,-1
1788814175.7501,1079170,V,575,505,-1
1788814175.7984,1079184,V,575,505,13396
1788814175.7984,1079192,V,575,505,-1
1788814175.7984,1079200,V,575,505,-1
1788814175.7985,1079208,V,576,506,-1
1788814175.7985,1079216,V,578,508,-1
1788814175.7985,1079224,V,576,506,-1
1788814175.8961,1079238,V,576,506,13397
1788814175.8962,1079246,V,576,506,-1
1788814175.8962,1079254,V,575,505,-1
1788814175.8962,1079262,V,576,506,-1
1788814175.8962,1079270,V,577,507,-1
1788814175.8962,1079278,V,576,506,-1
1788814175.8971,1079291,V,575,505,13398
1788814175.8972,1079299,V,576,506,-1
1788814175.8972,1079307,V,576,506,-1
1788814175.8972,1079315,V,576,506,-1
1788814175.8972,1079323,V,576,506,-1
1788814175.8972,1079331,V,576,506,-1
1788814175.9450,1079345,V,577,507,13399
1788814175.9452,1079353,V,576,506,-1
1788814175.9452,1079361,V,576,506,-1
1788814175.9452,1079369,V,576,506,-1
1788814175.9452,1079377,V,576,506,-1
1788814175.9452,1079385,V,576,506,-1
1788814175.9934,1079399,V,575,505,13400
1788814175.9935,1079407,V,576,506,-1
1788814175.9935,1079415,V,575,505,-1
1788814175.9935,1079423,V,576,506,-1
1788814175.9935,1079431,V,575,505,-1
1788814175.9935,1079439,V,577,507,-1
1788814176.0444,1079452,V,576,506,13401
1788814176.0444,1079460,V,581,511,-1
1788814176.0444,1079468,V,577,507,-1
1788814176.0444,1079476,V,576,506,-1
1788814176.0444,1079484,V,576,506,-1
1788814176.0444,1079492,V,576,506,-1
1788814176.0913,1079506,V,576,506,13402
1788814176.0914,1079514,V,576,506,-1
1788814176.0914,1079522,V,576,506,-1
1788814176.0914,1079530,V,577,507,-1
1788814176.0914,1079538,V,576,506,-1
1788814176.0914,1079546,V,576,506,-1
1788814176.1397,1079559,V,578,508,13403
1788814176.1397,1079567,V,576,506,-1
1788814176.1397,1079575,V,575,505,-1
1788814176.1397,1079583,V,575,505,-1
1788814176.1397,1079591,V,576,506,-1
1788814176.1397,1079599,V,576,506,-1
1788814176.2374,1079613,V,576,506,13404
1788814176.2375,1079621,V,576,506,-1
1788814176.2375,1079629,V,576,506,-1
1788814176.2376,1079637,V,576,506,-1
1788814176.2376,1079645,V,576,506,-1
1788814176.2376,1079653,V,585,514,-1
1788814176.2859,1079667,V,575,505,13405
1788814176.2860,1079675,V,575,505,-1
1788814176.2860,1079683,V,575,505,-1
1788814176.2860,1079691,V,576,506,-1
1788814176.2860,1079699,V,575,505,-1
1788814176.2860,1079707,V,576,506,-1
1788814176.3346,1079720,V,576,506,13406
1788814176.3347,1079728,V,575,505,-1
1788814176.3347,1079736,V,576,506,-1
1788814176.3347,1079744,V,576,506,-1
1788814176.3347,1079752,V,578,508,-1
1788814176.3347,1079760,V,576,506,-1
1788814176.3834,1079774,V,576,506,13407
1788814176.3834,1079782,V,576,506,-1
1788814176.3835,1079790,V,577,507,-1
1788814176.3835,1079798,V,575,505,-1
1788814176.3835,1079806,V,576,506,-1
1788814176.3835,1079814,V,576,506,-1
1788814176.4321,1079828,V,576,506,13408
1788814176.4321,1079836,V,576,506,-1
1788814176.4321,1079844,V,575,505,-1
1788814176.4321,1079852,V,575,505,-1
1788814176.4321,1079860,V,576,506,-1
1788814176.4321,1079868,V,576,506,-1
1788814176.4808,1079881,V,576,506,13409
1788814176.4809,1079889,V,576,506,-1
1788814176.4809,1079897,V,575,505,-1
1788814176.4809,1079905,V,576,506,-1
1788814176.4809,1079913,V,576,506,-1
1788814176.4809,1079921,V,575,505,-1
1788814176.5301,1079935,V,576,506,13410
1788814176.5301,1079943,V,576,506,-1
1788814176.5301,1079951,V,576,506,-1
1788814176.5302,1079959,V,575,505,-1
1788814176.5302,1079967,V,576,506,-1
1788814176.5302,1079975,V,576,506,-1
1788814176.5795,1079988,V,577,507,13411
1788814176.5795,1079996,V,579,509,-1
1788814176.5795,1080004,V,575,505,-1
1788814176.5795,1080012,V,577,507,-1
1788814176.5795,1080020,V,577,507,-1
1788814176.5795,1080028,V,577,507,-1
1788814176.6271,1080042,V,578,508,13412
1788814176.6271,1080050,V,577,507,-1
1788814176.6271,1080058,V,576,506,-1
1788814176.6271,1080066,V,576,506,-1
1788814176.6271,1080074,V,576,506,-1
1788814176.6271,1080082,V,577,507,-1
1788814176.6757,1080096,V,577,507,13413
1788814176.6758,1080104,V,577,507,-1
1788814176.6758,1080112,V,576,506,-1
1788814176.6758,1080120,V,576,506,-1
1788814176.6758,1080128,V,576,506,-1
1788814176.6758,1080136,V,576,506,-1
1788814176.7744,1080149,V,575,505,13414
1788814176.7745,1080157,V,575,505,-1
1788814176.7745,1080165,V,576,506,-1
1788814176.7745,1080173,V,576,506,-1
1788814176.7745,1080181,V,575,505,-1
1788814176.7746,1080189,V,587,516,-1
1788814176.8233,1080203,V,576,506,13415
1788814176.8233,1080211,V,576,506,-1
1788814176.8233,1080219,V,576,506,-1
1788814176.8233,1080227,V,575,505,-1
1788814176.8233,1080235,V,575,505,-1
1788814176.8233,1080243,V,577,507,-1
1788814176.8715,1080257,V,576,506,13416
1788814176.8715,1080265,V,576,506,-1
1788814176.8715,1080273,V,575,505,-1
1788814176.8715,1080281,V,576,506,-1
1788814176.8715,1080289,V,578,508,-1
1788814176.8715,1080297,V,575,505,-1
1788814176.9195,1080310,V,576,506,13417
1788814176.9196,1080318,V,576,506,-1
1788814176.9196,1080326,V,576,506,-1
1788814176.9196,1080334,V,576,506,-1
1788814176.9196,1080342,V,577,507,-1
1788814176.9196,1080350,V,576,506,-1
1788814176.9684,1080364,V,576,506,13418
1788814176.9684,1080372,V,575,505,-1
1788814176.9684,1080380,V,576,506,-1
1788814176.9684,1080388,V,577,507,-1
1788814176.9684,1080396,V,576,506,-1
1788814176.9684,1080404,V,576,506,-1
1788814177.0171,1080417,V,577,507,13419
1788814177.0172,1080425,V,576,506,-1
1788814177.0172,1080433,V,575,505,-1
1788814177.0172,1080441,V,576,506,-1
1788814177.0172,1080449,V,576,506,-1
1788814177.0172,1080457,V,576,506,-1
1788814177.0681,1080471,V,577,507,13420
1788814177.0681,1080479,V,576,506,-1
1788814177.0681,1080487,V,575,505,-1
1788814177.0681,1080495,V,577,507,-1
1788814177.0681,1080503,V,576,506,-1
1788814177.0681,1080511,V,576,506,-1
1788814177.1155,1080525,V,576,506,13421
1788814177.1156,1080533,V,580,510,-1
1788814177.1156,1080541,V,576,506,-1
1788814177.1156,1080549,V,576,506,-1
1788814177.1156,1080557,V,575,505,-1
1788814177.1156,1080565,V,576,506,-1
1788814177.1639,1080578,V,575,505,13422
1788814177.1639,1080586,V,576,506,-1
1788814177.1639,1080594,V,577,507,-1
1788814177.1640,1080602,V,577,507,-1
1788814177.1640,1080610,V,577,507,-1
1788814177.1640,1080618,V,575,505,-1
1788814177.2130,1080632,V,577,507,13423
1788814177.2130,1080640,V,575,505,-1
1788814177.2131,1080648,V,578,508,-1
1788814177.2131,1080656,V,577,507,-1
1788814177.2131,1080664,V,576,506,-1
1788814177.2131,1080672,V,576,506,-1
1788814177.3096,1080686,V,575,505,13424
1788814177.3098,1080694,V,576,506,-1
1788814177.3098,1080702,V,575,505,-1
1788814177.3098,1080710,V,575,505,-1
1788814177.3098,1080718,V,576,506,-1
1788814177.3098,1080726,V,589,518,-1
1788814177.3597,1080739,V,577,507,13425
1788814177.3598,1080747,V,576,506,-1
1788814177.3598,1080755,V,576,506,-1
1788814177.3598,1080763,V,577,507,-1
1788814177.3598,1080771,V,576,506,-1
1788814177.3598,1080779,V,576,506,-1
1788814177.4075,1080793,V,577,507,13426
1788814177.4076,1080801,V,576,506,-1
1788814177.4076,1080809,V,576,506,-1
1788814177.4076,1080817,V,575,505,-1
1788814177.4076,1080825,V,575,505,-1
1788814177.4076,1080833,V,575,505,-1
1788814177.4558,1080847,V,575,505,13427
1788814177.4558,1080855,V,576,506,-1
1788814177.4558,1080863,V,576,506,-1
1788814177.4558,1080871,V,576,506,-1
1788814177.4558,1080879,V,576,506,-1
1788814177.4558,1080887,V,575,505,-1
1788814177.5057,1080900,V,575,505,13428
1788814177.5057,1080908,V,576,506,-1
1788814177.5057,1080916,V,575,505,-1
1788814177.5057,1080924,V,575,505,-1
1788814177.5057,1080932,V,575,505,-1
1788814177.5058,1080940,V,576,506,-1
1788814177.5535,1080954,V,575,505,13429
1788814177.5537,1080962,V,575,505,-1
1788814177.5537,1080970,V,576,506,-1
1788814177.5537,1080978,V,575,505,-1
1788814177.5537,1080986,V,576,506,-1
1788814177.5537,1080994,V,577,507,-1
1788814177.6026,1081008,V,575,505,13430
1788814177.6026,1081016,V,576,506,-1
1788814177.6026,1081024,V,576,506,-1
1788814177.6026,1081032,V,575,505,-1
1788814177.6026,1081040,V,576,506,-1
1788814177.6026,1081048,V,575,505,-1
1788814177.6510,1081061,V,576,506,13431
1788814177.6510,1081069,V,580,510,-1
1788814177.6510,1081077,V,576,506,-1
1788814177.6510,1081085,V,577,507,-1
1788814177.6510,1081093,V,577,507,-1
1788814177.6510,1081101,V,576,506,-1
1788814177.6997,1081115,V,575,505,13432
1788814177.6997,1081123,V,576,506,-1
1788814177.6997,1081131,V,576,506,-1
1788814177.6997,1081139,V,576,506,-1
1788814177.6997,1081147,V,577,507,-1
1788814177.6997,1081155,V,576,506,-1
1788814177.7481,1081169,V,581,511,13433
1788814177.7481,1081177,V,576,506,-1
1788814177.7481,1081185,V,576,506,-1
1788814177.7481,1081193,V,575,505,-1
1788814177.7481,1081201,V,576,506,-1
1788814177.7481,1081209,V,574,504,-1
1788814177.8462,1081222,V,576,506,13434
1788814177.8463,1081230,V,574,504,-1
1788814177.8463,1081238,V,574,504,-1
1788814177.8464,1081246,V,576,506,-1
1788814177.8464,1081254,V,575,505,-1
1788814177.8464,1081262,V,578,508,-1
1788814177.8947,1081276,V,576,506,13435
1788814177.8947,1081284,V,575,505,-1
1788814177.8947,1081292,V,575,505,-1
1788814177.8947,1081300,V,576,506,-1
1788814177.8947,1081308,V,575,505,-1
1788814177.8947,1081316,V,576,506,-1
1788814177.9922,1081330,V,576,506,13436
1788814177.9922,1081338,V,575,505,-1
1788814177.9923,1081346,V,576,506,-1
1788814177.9923,1081354,V,576,506,-1
1788814177.9923,1081362,V,577,507,-1
1788814177.9923,1081370,V,577,507,-1
1788814177.9934,1081384,V,576,506,13437
1788814177.9935,1081392,V,575,505,-1
1788814177.9935,1081400,V,576,506,-1
1788814177.9935,1081408,V,576,506,-1
1788814177.9935,1081416,V,577,507,-1
1788814177.9935,1081424,V,577,507,-1
1788814178.0411,1081437,V,577,507,13438
1788814178.0411,1081445,V,576,506,-1
1788814178.0411,1081453,V,576,506,-1
1788814178.0411,1081461,V,576,506,-1
1788814178.0411,1081469,V,576,506,-1
1788814178.0412,1081477,V,576,506,-1
1788814178.0896,1081491,V,576,506,13439
1788814178.0897,1081499,V,577,507,-1
1788814178.0897,1081507,V,581,511,-1
1788814178.0897,1081515,V,576,506,-1
1788814178.0898,1081523,V,576,506,-1
1788814178.0898,1081531,V,576,506,-1
1788814178.1386,1081545,V,577,507,13440
1788814178.1386,1081553,V,577,507,-1
1788814178.1386,1081561,V,576,506,-1
1788814178.1386,1081569,V,576,506,-1
1788814178.1386,1081577,V,575,505,-1
1788814178.1386,1081585,V,575,505,-1
1788814178.1871,1081598,V,575,505,13441
1788814178.1872,1081606,V,579,509,-1
1788814178.1872,1081614,V,577,507,-1
1788814178.1872,1081622,V,575,505,-1
1788814178.1872,1081630,V,576,506,-1
1788814178.1872,1081638,V,576,506,-1
1788814178.2358,1081652,V,575,505,13442
1788814178.2358,1081660,V,575,505,-1
1788814178.2358,1081668,V,576,506,-1
1788814178.2358,1081676,V,575,505,-1
1788814178.2358,1081684,V,576,506,-1
1788814178.2359,1081692,V,576,506,-1
1788814178.2844,1081706,V,578,508,13443
1788814178.2845,1081714,V,576,506,-1
1788814178.2845,1081722,V,576,506,-1
1788814178.2845,1081730,V,576,506,-1
1788814178.2846,1081738,V,577,507,-1
1788814178.2846,1081746,V,576,506,-1
1788814178.3819,1081759,V,576,506,13444
1788814178.3820,1081767,V,575,505,-1
1788814178.3820,1081775,V,576,506,-1
1788814178.3820,1081783,V,576,506,-1
1788814178.3820,1081791,V,576,506,-1
1788814178.3820,1081799,V,576,506,-1
1788814178.4313,1081813,V,577,507,13445
1788814178.4314,1081821,V,576,506,-1
1788814178.4314,1081829,V,577,507,-1
1788814178.4314,1081837,V,576,506,-1
1788814178.4314,1081845,V,576,506,-1
1788814178.4314,1081853,V,577,507,-1
1788814178.4797,1081867,V,576,506,13446
1788814178.4797,1081875,V,576,506,-1
1788814178.4797,1081883,V,576,506,-1
1788814178.4797,1081891,V,576,506,-1
1788814178.4797,1081899,V,576,506,-1
1788814178.4798,1081907,V,576,506,-1
1788814178.5284,1081920,V,576,506,13447
1788814178.5284,1081928,V,577,507,-1
1788814178.5284,1081936,V,576,506,-1
1788814178.5284,1081944,V,576,506,-1
1788814178.5284,1081952,V,576,506,-1
1788814178.5284,1081960,V,577,507,-1
1788814178.5771,1081974,V,577,507,13448
1788814178.5771,1081982,V,576,506,-1
1788814178.5771,1081990,V,576,506,-1
1788814178.5772,1081998,V,576,506,-1
1788814178.5772,1082006,V,575,505,-1
1788814178.5772,1082014,V,576,506,-1
1788814178.6261,1082027,V,576,506,13449
1788814178.6262,1082035,V,576,506,-1
1788814178.6262,1082043,V,580,510,-1
1788814178.6262,1082051,V,575,505,-1
1788814178.6262,1082059,V,576,506,-1
1788814178.6263,1082067,V,575,505,-1
1788814178.6747,1082081,V,576,506,13450
1788814178.6747,1082089,V,576,506,-1
1788814178.6747,1082097,V,575,505,-1
1788814178.6747,1082105,V,575,505,-1
1788814178.6747,1082113,V,576,506,-1
1788814178.6747,1082121,V,577,507,-1
1788814178.7237,1082134,V,577,507,13451
1788814178.7237,1082142,V,580,510,-1
1788814178.7237,1082150,V,576,506,-1
1788814178.7237,1082158,V,576,506,-1
1788814178.7237,1082166,V,576,506,-1
1788814178.7237,1082174,V,576,506,-1
1788814178.7721,1082188,V,576,506,13452
1788814178.7721,1082196,V,577,507,-1
1788814178.7721,1082204,V,577,507,-1
1788814178.7721,1082212,V,576,506,-1
1788814178.7722,1082220,V,577,507,-1
1788814178.7722,1082228,V,577,507,-1
1788814178.8209,1082242,V,578,508,13453
1788814178.8209,1082250,V,577,507,-1
1788814178.8209,1082258,V,576,506,-1
1788814178.8209,1082266,V,575,505,-1
1788814178.8209,1082274,V,576,506,-1
1788814178.8209,1082282,V,577,507,-1
1788814178.9674,1082296,V,576,506,13454
1788814178.9675,1082304,V,577,507,-1
1788814178.9676,1082312,V,576,506,-1
1788814178.9676,1082320,V,576,506,-1
1788814178.9676,1082328,V,577,507,-1
1788814178.9676,1082336,V,576,506,-1
1788814178.9682,1082349,V,576,506,13455
1788814178.9682,1082357,V,576,506,-1
1788814178.9682,1082365,V,576,506,-1
1788814178.9682,1082373,V,576,506,-1
1788814178.9682,1082381,V,576,506,-1
1788814178.9682,1082389,V,577,507,-1
1788814179.0162,1082403,V,576,506,13456
1788814179.0163,1082411,V,576,506,-1
1788814179.0163,1082419,V,576,506,-1
1788814179.0163,1082427,V,577,507,-1
1788814179.0163,1082435,V,575,505,-1
1788814179.0163,1082443,V,576,506,-1
1788814179.0665,1082457,V,575,505,13457
1788814179.0665,1082465,V,576,506,-1
1788814179.0665,1082473,V,577,507,-1
1788814179.0665,1082481,V,578,508,-1
1788814179.0666,1082489,V,576,506,-1
1788814179.0666,1082497,V,577,507,-1
1788814179.1134,1082510,V,577,507,13458
1788814179.1134,1082518,V,578,508,-1
1788814179.1134,1082526,V,575,505,-1
1788814179.1134,1082534,V,576,506,-1
1788814179.1134,1082542,V,575,505,-1
1788814179.1134,1082550,V,577,507,-1
1788814179.1621,1082564,V,576,506,13459
1788814179.1621,1082572,V,577,507,-1
1788814179.1621,1082580,V,578,508,-1
1788814179.1621,1082588,V,576,506,-1
1788814179.1621,1082596,V,576,506,-1
1788814179.1621,1082604,V,576,506,-1
1788814179.2118,1082618,V,576,506,13460
1788814179.2119,1082626,V,576,506,-1
1788814179.2119,1082634,V,576,506,-1
1788814179.2119,1082642,V,577,507,-1
1788814179.2119,1082650,V,576,506,-1
1788814179.2119,1082658,V,576,506,-1
1788814179.2606,1082671,V,576,506,13461
1788814179.2607,1082679,V,591,519,-1
1788814179.2607,1082687,V,576,506,-1
1788814179.2607,1082695,V,576,506,-1
1788814179.2607,1082703,V,576,506,-1
1788814179.2607,1082711,V,577,507,-1
1788814179.3094,1082725,V,576,506,13462
1788814179.3094,1082733,V,577,507,-1
1788814179.3094,1082741,V,577,507,-1
1788814179.3094,1082749,V,576,506,-1
1788814179.3094,1082757,V,576,506,-1
1788814179.3094,1082765,V,577,507,-1
1788814179.3581,1082778,V,577,507,13463
1788814179.3581,1082786,V,575,505,-1
1788814179.3581,1082794,V,576,506,-1
1788814179.3581,1082802,V,575,505,-1
1788814179.3581,1082810,V,576,506,-1
1788814179.3581,1082818,V,576,506,-1
1788814179.4546,1082832,V,576,506,13464
1788814179.4547,1082840,V,577,507,-1
1788814179.4547,1082848,V,576,506,-1
1788814179.4547,1082856,V,577,507,-1
1788814179.4547,1082864,V,577,507,-1
1788814179.4547,1082872,V,576,506,-1
1788814179.5035,1082886,V,575,505,13465
1788814179.5035,1082894,V,575,505,-1
1788814179.5035,1082902,V,576,506,-1
1788814179.5035,1082910,V,577,507,-1
1788814179.5035,1082918,V,576,506,-1
1788814179.5035,1082926,V,576,506,-1
1788814179.6012,1082940,V,576,506,13466
1788814179.6013,1082948,V,577,507,-1
1788814179.6013,1082956,V,575,505,-1
1788814179.6013,1082964,V,577,507,-1
1788814179.6013,1082972,V,576,506,-1
1788814179.6013,1082980,V,577,507,-1
1788814179.6024,1082993,V,576,506,13467
1788814179.6024,1083001,V,575,505,-1
1788814179.6024,1083009,V,577,507,-1
1788814179.6024,1083017,V,581,511,-1
1788814179.6024,1083025,V,576,506,-1
1788814179.6024,1083033,V,576,506,-1
1788814179.6496,1083047,V,577,507,13468
1788814179.6496,1083055,V,576,506,-1
1788814179.6496,1083063,V,576,506,-1
1788814179.6496,1083071,V,576,506,-1
1788814179.6496,1083079,V,576,506,-1
1788814179.6496,1083087,V,577,507,-1
1788814179.6984,1083100,V,575,505,13469
1788814179.6985,1083108,V,577,507,-1
1788814179.6985,1083116,V,580,510,-1
1788814179.6986,1083124,V,576,506,-1
1788814179.6986,1083132,V,576,506,-1
1788814179.6986,1083140,V,576,506,-1
1788814179.7474,1083154,V,575,505,13470
1788814179.7474,1083162,V,577,507,-1
1788814179.7474,1083170,V,575,505,-1
1788814179.7474,1083178,V,575,505,-1
1788814179.7474,1083186,V,575,505,-1
1788814179.7474,1083194,V,576,506,-1
1788814179.7959,1083208,V,576,506,13471
1788814179.7960,1083216,V,579,509,-1
1788814179.7960,1083224,V,576,506,-1
1788814179.7960,1083232,V,576,506,-1
1788814179.7960,1083240,V,575,505,-1
1788814179.7960,1083248,V,576,506,-1
1788814179.8448,1083262,V,576,506,13472
1788814179.8448,1083270,V,576,506,-1
1788814179.8448,1083278,V,576,506,-1
1788814179.8448,1083286,V,576,506,-1
1788814179.8448,1083294,V,577,507,-1
1788814179.8448,1083302,V,576,506,-1
1788814179.8939,1083315,V,576,506,13473
1788814179.8939,1083323,V,575,505,-1
1788814179.8939,1083331,V,576,506,-1
1788814179.8940,1083339,V,577,507,-1
1788814179.8940,1083347,V,577,507,-1
1788814179.8940,1083355,V,577,507,-1
1788814179.9919,1083369,V,576,506,13474
1788814179.9920,1083377,V,576,506,-1
1788814179.9920,1083385,V,575,505,-1
1788814179.9921,1083393,V,576,506,-1
1788814179.9921,1083401,V,576,506,-1
1788814179.9921,1083409,V,576,506,-1
1788814180.0911,1083423,V,576,506,13475
1788814180.0911,1083431,V,577,507,-1
1788814180.0911,1083439,V,576,506,-1
1788814180.0911,1083447,V,578,508,-1
1788814180.0911,1083455,V,578,508,-1
1788814180.0911,1083463,V,576,506,-1
1788814180.0915,1083476,V,576,506,13476
1788814180.0915,1083484,V,576,506,-1
1788814180.0915,1083492,V,576,506,-1
1788814180.0915,1083500,V,576,506,-1
1788814180.0916,1083508,V,577,507,-1
1788814180.0917,1083516,V,577,507,-1
1788814180.1372,1083530,V,576,506,13477
1788814180.1372,1083538,V,576,506,-1
1788814180.1372,1083546,V,576,506,-1
1788814180.1372,1083554,V,579,509,-1
1788814180.1373,1083562,V,576,506,-1
1788814180.1373,1083570,V,576,506,-1
1788814180.1861,1083583,V,577,507,13478
1788814180.1862,1083591,V,576,506,-1
1788814180.1862,1083599,V,578,508,-1
1788814180.1862,1083607,V,578,508,-1
1788814180.1862,1083615,V,576,506,-1
1788814180.1862,1083623,V,577,507,-1
1788814180.2345,1083637,V,576,506,13479
1788814180.2347,1083645,V,576,506,-1
1788814180.2347,1083653,V,583,512,-1
1788814180.2347,1083661,V,577,507,-1
1788814180.2347,1083669,V,576,506,-1
1788814180.2347,1083677,V,576,506,-1
1788814180.2838,1083691,V,576,506,13480
1788814180.2838,1083699,V,576,506,-1
1788814180.2838,1083707,V,576,506,-1
1788814180.2839,1083715,V,576,506,-1
1788814180.2839,1083723,V,576,506,-1
1788814180.2839,1083731,V,576,506,-1
1788814180.3324,1083744,V,575,505,13481
1788814180.3324,1083752,V,578,508,-1
1788814180.3324,1083760,V,575,505,-1
1788814180.3324,1083768,V,576,506,-1
1788814180.3324,1083776,V,576,506,-1
1788814180.3324,1083784,V,576,506,-1
1788814180.3809,1083798,V,577,507,13482
1788814180.3809,1083806,V,576,506,-1
1788814180.3809,1083814,V,576,506,-1
1788814180.3809,1083822,V,576,506,-1
1788814180.3809,1083830,V,577,507,-1
1788814180.3809,1083838,V,576,506,-1
1788814180.4784,1083851,V,576,506,13483
1788814180.4785,1083859,V,576,506,-1
1788814180.4785,1083867,V,577,507,-1
1788814180.4785,1083875,V,575,505,-1
1788814180.4785,1083883,V,576,506,-1
1788814180.4785,1083891,V,577,507,-1
1788814180.5273,1083905,V,576,506,13484
1788814180.5273,1083913,V,576,506,-1
1788814180.5273,1083921,V,576,506,-1
1788814180.5273,1083929,V,576,506,-1
1788814180.5273,1083937,V,576,506,-1
1788814180.5273,1083945,V,576,506,-1
1788814180.5760,1083959,V,577,507,13485
1788814180.5760,1083967,V,576,506,-1
1788814180.5760,1083975,V,577,507,-1
1788814180.5760,1083983,V,576,506,-1
1788814180.5760,1083991,V,575,505,-1
1788814180.5760,1083999,V,576,506,-1
1788814180.6243,1084012,V,576,506,13486
1788814180.6243,1084020,V,576,506,-1
1788814180.6243,1084028,V,575,505,-1
1788814180.6243,1084036,V,577,507,-1
1788814180.6243,1084044,V,576,506,-1
1788814180.6243,1084052,V,576,506,-1
1788814180.6732,1084066,V,576,506,13487
1788814180.6732,1084074,V,576,506,-1
1788814180.6732,1084082,V,576,506,-1
1788814180.6732,1084090,V,580,510,-1
1788814180.6732,1084098,V,576,506,-1
1788814180.6732,1084106,V,577,507,-1
1788814180.7223,1084119,V,575,505,13488
1788814180.7225,1084127,V,576,506,-1
1788814180.7225,1084135,V,576,506,-1
1788814180.7225,1084143,V,576,506,-1
1788814180.7225,1084151,V,575,505,-1
1788814180.7225,1084159,V,576,506,-1
1788814180.7709,1084173,V,576,506,13489
1788814180.7709,1084181,V,575,505,-1
1788814180.7709,1084189,V,578,508,-1
1788814180.7709,1084197,V,577,507,-1
1788814180.7709,1084205,V,576,506,-1
1788814180.7709,1084213,V,576,506,-1
1788814180.8198,1084226,V,575,505,13490
1788814180.8198,1084234,V,575,505,-1
1788814180.8198,1084242,V,576,506,-1
1788814180.8198,1084250,V,576,506,-1
1788814180.8198,1084258,V,577,507,-1
1788814180.8199,1084266,V,576,506,-1
1788814180.8682,1084280,V,576,506,13491
1788814180.8683,1084288,V,583,512,-1
1788814180.8683,1084296,V,577,507,-1
1788814180.8683,1084304,V,577,507,-1
1788814180.8683,1084312,V,576,506,-1
1788814180.8683,1084320,V,575,505,-1
1788814180.9174,1084334,V,577,507,13492
1788814180.9175,1084342,V,577,507,-1
1788814180.9175,1084350,V,577,507,-1
1788814180.9175,1084358,V,576,506,-1
1788814180.9175,1084366,V,575,505,-1
1788814180.9175,1084374,V,575,505,-1
1788814180.9660,1084388,V,577,507,13493
1788814180.9661,1084396,V,576,506,-1
1788814180.9661,1084404,V,576,506,-1
1788814180.9661,1084412,V,576,506,-1
1788814180.9661,1084420,V,576,506,-1
1788814180.9661,1084428,V,576,506,-1
1788814181.0636,1084441,V,577,507,13494
1788814181.0636,1084449,V,577,507,-1
1788814181.0636,1084457,V,576,506,-1
1788814181.0636,1084465,V,577,507,-1
1788814181.0636,1084473,V,577,507,-1
1788814181.0637,1084481,V,577,507,-1
1788814181.1135,1084495,V,577,507,13495
1788814181.1135,1084503,V,576,506,-1
1788814181.1135,1084511,V,577,507,-1
1788814181.1135,1084519,V,577,507,-1
1788814181.1135,1084527,V,577,507,-1
1788814181.1136,1084535,V,575,505,-1
1788814181.1609,1084549,V,577,507,13496
1788814181.1610,1084557,V,577,507,-1
1788814181.1610,1084565,V,576,506,-1
1788814181.1610,1084573,V,576,506,-1
1788814181.1610,1084581,V,576,506,-1
1788814181.1610,1084589,V,577,507,-1
1788814181.2585,1084602,V,577,507,13497
1788814181.2586,1084610,V,576,506,-1
1788814181.2586,1084618,V,577,507,-1
1788814181.2586,1084626,V,579,509,-1
1788814181.2586,1084634,V,576,506,-1
1788814181.2586,1084642,V,576,506,-1
1788814181.2596,1084656,V,575,505,13498
1788814181.2596,1084664,V,575,505,-1
1788814181.2596,1084672,V,577,507,-1
1788814181.2596,1084680,V,576,506,-1
1788814181.2596,1084688,V,576,506,-1
1788814181.2596,1084696,V,576,506,-1
1788814181.3071,1084709,V,574,504,13499
1788814181.3071,1084717,V,575,505,-1
1788814181.3071,1084725,V,587,516,-1
1788814181.3071,1084733,V,575,505,-1
1788814181.3071,1084741,V,576,506,-1
1788814181.3071,1084749,V,576,506,-1
1788814181.3554,1084763,V,576,506,13500
1788814181.3554,1084771,V,577,507,-1
1788814181.3554,1084779,V,576,506,-1
1788814181.3554,1084787,V,576,506,-1
1788814181.3554,1084795,V,576,506,-1
1788814181.3554,1084803,V,575,505,-1
1788814181.4048,1084817,V,576,506,13501
1788814181.4048,1084825,V,576,506,-1
1788814181.4048,1084833,V,575,505,-1
1788814181.4048,1084841,V,576,506,-1
1788814181.4048,1084849,V,575,505,-1
1788814181.4048,1084857,V,577,507,-1
1788814181.4543,1084870,V,576,506,13502
1788814181.4543,1084878,V,577,507,-1
1788814181.4543,1084886,V,577,507,-1
1788814181.4543,1084894,V,576,506,-1
1788814181.4543,1084902,V,577,507,-1
1788814181.4544,1084910,V,576,506,-1
1788814181.5021,1084924,V,575,505,13503
1788814181.5023,1084932,V,576,506,-1
1788814181.5023,1084940,V,575,505,-1
1788814181.5023,1084948,V,577,507,-1
1788814181.5023,1084956,V,577,507,-1
1788814181.5023,1084964,V,576,506,-1
1788814181.6001,1084978,V,576,506,13504
1788814181.6001,1084986,V,576,506,-1
1788814181.6002,1084994,V,576,506,-1
1788814181.6002,1085002,V,576,506,-1
1788814181.6002,1085010,V,575,505,-1
1788814181.6002,1085018,V,576,506,-1
1788814181.6486,1085031,V,575,505,13505
1788814181.6486,1085039,V,577,507,-1
1788814181.6486,1085047,V,576,506,-1
1788814181.6486,1085055,V,576,506,-1
1788814181.6486,1085063,V,578,508,-1
1788814181.6486,1085071,V,576,506,-1
1788814181.6971,1085085,V,577,507,13506
1788814181.6971,1085093,V,577,507,-1
1788814181.6972,1085101,V,576,506,-1
1788814181.6972,1085109,V,576,506,-1
1788814181.6972,1085117,V,576,506,-1
1788814181.6972,1085125,V,576,506,-1
1788814181.7457,1085139,V,576,506,13507
1788814181.7458,1085147,V,575,505,-1
1788814181.7458,1085155,V,576,506,-1
1788814181.7458,1085163,V,578,508,-1
1788814181.7458,1085171,V,575,505,-1
1788814181.7459,1085179,V,576,506,-1
1788814181.7948,1085192,V,576,506,13508
1788814181.7948,1085200,V,577,507,-1
1788814181.7948,1085208,V,577,507,-1
1788814181.7948,1085216,V,577,507,-1
1788814181.7948,1085224,V,576,506,-1
1788814181.7948,1085232,V,577,507,-1
1788814181.8443,1085246,V,576,506,13509
1788814181.8443,1085254,V,575,505,-1
1788814181.8444,1085262,V,589,518,-1
1788814181.8444,1085270,V,577,507,-1
1788814181.8444,1085278,V,576,506,-1
1788814181.8444,1085286,V,576,506,-1
1788814181.8921,1085299,V,575,505,13510
1788814181.8921,1085307,V,576,506,-1
1788814181.8921,1085315,V,576,506,-1
1788814181.8921,1085323,V,576,506,-1
1788814181.8921,1085331,V,576,506,-1
1788814181.8921,1085339,V,576,506,-1
1788814181.9410,1085353,V,576,506,13511
1788814181.9410,1085361,V,576,506,-1
1788814181.9410,1085369,V,577,507,-1
1788814181.9410,1085377,V,576,506,-1
1788814181.9410,1085385,V,576,506,-1
1788814181.9410,1085393,V,577,507,-1
1788814181.9892,1085407,V,576,506,13512
1788814181.9893,1085415,V,574,504,-1
1788814181.9893,1085423,V,576,506,-1
1788814181.9893,1085431,V,574,504,-1
1788814181.9893,1085439,V,576,506,-1
1788814181.9893,1085447,V,576,506,-1
1788814182.0388,1085460,V,574,504,13513
1788814182.0388,1085468,V,576,506,-1
1788814182.0388,1085476,V,575,505,-1
1788814182.0388,1085484,V,575,505,-1
1788814182.0388,1085492,V,577,507,-1
1788814182.0388,1085500,V,577,507,-1
1788814182.1849,1085514,V,577,507,13514
1788814182.1850,1085522,V,576,506,-1
1788814182.1850,1085530,V,576,506,-1
1788814182.1850,1085538,V,576,506,-1
1788814182.1850,1085546,V,576,506,-1
1788814182.1850,1085554,V,576,506,-1
1788814182.1860,1085568,V,577,507,13515
1788814182.1860,1085576,V,576,506,-1
1788814182.1861,1085584,V,577,507,-1
1788814182.1861,1085592,V,576,506,-1
1788814182.1861,1085600,V,579,509,-1
1788814182.1861,1085608,V,576,506,-1
1788814182.2342,1085621,V,576,506,13516
1788814182.2344,1085629,V,576,506,-1
1788814182.2344,1085637,V,576,506,-1
1788814182.2344,1085645,V,575,505,-1
1788814182.2344,1085653,V,576,506,-1
1788814182.2344,1085661,V,576,506,-1
1788814182.2822,1085675,V,575,505,13517
1788814182.2822,1085683,V,577,507,-1
1788814182.2822,1085691,V,576,506,-1
1788814182.2823,1085699,V,578,508,-1
1788814182.2823,1085707,V,576,506,-1
1788814182.2823,1085715,V,576,506,-1
1788814182.3319,1085728,V,576,506,13518
1788814182.3320,1085736,V,576,506,-1
1788814182.3320,1085744,V,575,505,-1
1788814182.3320,1085752,V,575,505,-1
1788814182.3320,1085760,V,576,506,-1
1788814182.3320,1085768,V,576,506,-1
1788814182.3805,1085782,V,577,507,13519
1788814182.3806,1085790,V,576,506,-1
1788814182.3806,1085798,V,588,517,-1
1788814182.3806,1085806,V,576,506,-1
1788814182.3806,1085814,V,575,505,-1
1788814182.3806,1085822,V,575,505,-1
1788814182.4293,1085836,V,575,505,13520
1788814182.4293,1085844,V,576,506,-1
1788814182.4293,1085852,V,577,507,-1
1788814182.4293,1085860,V,576,506,-1
1788814182.4293,1085868,V,576,506,-1
1788814182.4293,1085876,V,576,506,-1
1788814182.5265,1085889,V,576,506,13521
1788814182.5267,1085897,V,577,507,-1
1788814182.5267,1085905,V,578,508,-1
1788814182.5267,1085913,V,577,507,-1
1788814182.5267,1085921,V,577,507,-1
1788814182.5267,1085929,V,577,507,-1
1788814182.5281,1085943,V,577,507,13522
1788814182.5281,1085951,V,577,507,-1
1788814182.5281,1085959,V,577,507,-1
1788814182.5281,1085967,V,577,507,-1
1788814182.5281,1085975,V,577,507,-1
1788814182.5281,1085983,V,576,506,-1
1788814182.5756,1085997,V,575,505,13523
1788814182.5756,1086005,V,576,506,-1
1788814182.5756,1086013,V,576,506,-1
1788814182.5756,1086021,V,576,506,-1
1788814182.5756,1086029,V,577,507,-1
1788814182.5756,1086037,V,576,506,-1
1788814182.6727,1086050,V,576,506,13524
1788814182.6728,1086058,V,576,506,-1
1788814182.6728,1086066,V,576,506,-1
1788814182.6728,1086074,V,576,506,-1
1788814182.6728,1086082,V,576,506,-1
1788814182.6728,1086090,V,577,507,-1
1788814182.7208,1086104,V,576,506,13525
1788814182.7208,1086112,V,576,506,-1
1788814182.7208,1086120,V,577,507,-1
1788814182.7209,1086128,V,577,507,-1
1788814182.7209,1086136,V,580,510,-1
1788814182.7209,1086144,V,576,506,-1
1788814182.7697,1086157,V,576,506,13526
1788814182.7698,1086165,V,576,506,-1
1788814182.7698,1086173,V,576,506,-1
1788814182.7698,1086181,V,576,506,-1
1788814182.7698,1086189,V,577,507,-1
1788814182.7698,1086197,V,576,506,-1
1788814182.8187,1086211,V,576,506,13527
1788814182.8187,1086219,V,577,507,-1
1788814182.8187,1086227,V,577,507,-1
1788814182.8188,1086235,V,578,508,-1
1788814182.8188,1086243,V,577,507,-1
1788814182.8188,1086251,V,576,506,-1
1788814182.8670,1086265,V,576,506,13528
1788814182.8671,1086273,V,577,507,-1
1788814182.8671,1086281,V,576,506,-1
1788814182.8671,1086289,V,576,506,-1
1788814182.8671,1086297,V,576,506,-1
1788814182.8671,1086305,V,577,507,-1
1788814182.9163,1086318,V,577,507,13529
1788814182.9163,1086326,V,576,506,-1
1788814182.9163,1086334,V,591,519,-1
1788814182.9163,1086342,V,577,507,-1
1788814182.9163,1086350,V,576,506,-1
1788814182.9163,1086358,V,576,506,-1
1788814182.9649,1086372,V,575,505,13530
1788814182.9649,1086380,V,577,507,-1
1788814182.9649,1086388,V,576,506,-1
1788814182.9649,1086396,V,576,506,-1
1788814182.9649,1086404,V,575,505,-1
1788814182.9649,1086412,V,575,505,-1
1788814183.0135,1086426,V,576,506,13531
1788814183.0136,1086434,V,577,507,-1
1788814183.0136,1086442,V,577,507,-1
1788814183.0136,1086450,V,576,506,-1
1788814183.0137,1086458,V,575,505,-1
1788814183.0137,1086466,V,576,506,-1
1788814183.0625,1086479,V,577,507,13532
1788814183.0626,1086487,V,577,507,-1
1788814183.0626,1086495,V,576,506,-1
1788814183.0626,1086503,V,576,506,-1
1788814183.0626,1086511,V,576,506,-1
1788814183.0626,1086519,V,577,507,-1
1788814183.1147,1086533,V,576,506,13533
1788814183.1147,1086541,V,577,507,-1
1788814183.1147,1086549,V,576,506,-1
1788814183.1148,1086557,V,578,508,-1
1788814183.1148,1086565,V,578,508,-1
1788814183.1148,1086573,V,576,506,-1
1788814183.2087,1086587,V,576,506,13534
1788814183.2088,1086595,V,576,506,-1
1788814183.2088,1086603,V,576,506,-1
1788814183.2088,1086611,V,575,505,-1
1788814183.2088,1086619,V,576,506,-1
1788814183.2088,1086627,V,576,506,-1
1788814183.2582,1086640,V,576,506,13535
1788814183.2583,1086648,V,576,506,-1
1788814183.2583,1086656,V,577,507,-1
1788814183.2583,1086664,V,577,507,-1
1788814183.2583,1086672,V,580,510,-1
1788814183.2583,1086680,V,575,505,-1
1788814183.3064,1086694,V,576,506,13536
1788814183.3065,1086702,V,577,507,-1
1788814183.3065,1086710,V,576,506,-1
1788814183.3065,1086718,V,577,507,-1
1788814183.3065,1086726,V,577,507,-1
1788814183.3065,1086734,V,577,507,-1
1788814183.3547,1086748,V,577,507,13537
1788814183.3548,1086756,V,577,507,-1
1788814183.3548,1086764,V,577,507,-1
1788814183.3548,1086772,V,580,510,-1
1788814183.3548,1086780,V,576,506,-1
1788814183.3548,1086788,V,577,507,-1
1788814183.4034,1086801,V,576,506,13538
1788814183.4034,1086809,V,576,506,-1
1788814183.4034,1086817,V,577,507,-1
1788814183.4034,1086825,V,577,507,-1
1788814183.4034,1086833,V,577,507,-1
1788814183.4034,1086841,V,576,506,-1
1788814183.4525,1086855,V,576,506,13539
1788814183.4525,1086863,V,575,505,-1
1788814183.4525,1086871,V,578,508,-1
1788814183.4526,1086879,V,576,506,-1
1788814183.4526,1086887,V,576,506,-1
1788814183.4526,1086895,V,576,506,-1
1788814183.5009,1086909,V,576,506,13540
1788814183.5010,1086917,V,576,506,-1
1788814183.5010,1086925,V,577,507,-1
1788814183.5010,1086933,V,577,507,-1
1788814183.5010,1086941,V,577,507,-1
1788814183.5010,1086949,V,576,506,-1
1788814183.5500,1086962,V,576,506,13541
1788814183.5500,1086970,V,576,506,-1
1788814183.5500,1086978,V,576,506,-1
1788814183.5500,1086986,V,576,506,-1
1788814183.5500,1086994,V,576,506,-1
1788814183.5500,1087002,V,576,506,-1
1788814183.5986,1087016,V,576,506,13542
1788814183.5987,1087024,V,576,506,-1
1788814183.5987,1087032,V,577,507,-1
1788814183.5987,1087040,V,576,506,-1
1788814183.5987,1087048,V,575,505,-1
1788814183.5987,1087056,V,576,506,-1
1788814183.6480,1087070,V,576,506,13543
1788814183.6480,1087078,V,576,506,-1
1788814183.6482,1087086,V,575,505,-1
1788814183.6482,1087094,V,576,506,-1
1788814183.6482,1087102,V,578,508,-1
1788814183.6482,1087110,V,579,509,-1
1788814183.7448,1087123,V,576,506,13544
1788814183.7449,1087131,V,576,506,-1
1788814183.7449,1087139,V,576,506,-1
1788814183.7449,1087147,V,576,506,-1
1788814183.7449,1087155,V,576,506,-1
1788814183.7450,1087163,V,577,507,-1
1788814183.7945,1087177,V,577,507,13545
1788814183.7945,1087185,V,575,505,-1
1788814183.7945,1087193,V,575,505,-1
1788814183.7945,1087201,V,576,506,-1
1788814183.7946,1087209,V,577,507,-1
1788814183.7946,1087217,V,576,506,-1
1788814183.8423,1087231,V,576,506,13546
1788814183.8423,1087239,V,576,506,-1
1788814183.8423,1087247,V,577,507,-1
1788814183.8423,1087255,V,576,506,-1
1788814183.8423,1087263,V,576,506,-1
1788814183.8423,1087271,V,576,506,-1
1788814183.8909,1087284,V,576,506,13547
1788814183.8909,1087292,V,576,506,-1
1788814183.8909,1087300,V,577,507,-1
1788814183.8909,1087308,V,590,519,-1
1788814183.8909,1087316,V,575,505,-1
1788814183.8910,1087324,V,576,506,-1
1788814183.9405,1087338,V,576,506,13548
1788814183.9406,1087346,V,576,506,-1
1788814183.9406,1087354,V,577,507,-1
1788814183.9406,1087362,V,577,507,-1
1788814183.9406,1087370,V,576,506,-1
1788814183.9406,1087378,V,577,507,-1
1788814184.0379,1087392,V,577,507,13549
1788814184.0380,1087400,V,576,506,-1
1788814184.0380,1087408,V,577,507,-1
1788814184.0380,1087416,V,575,505,-1
1788814184.0380,1087424,V,578,508,-1
1788814184.0380,1087432,V,576,506,-1
1788814184.0393,1087445,V,577,507,13550
1788814184.0393,1087453,V,577,507,-1
1788814184.0393,1087461,V,576,506,-1
1788814184.0393,1087469,V,575,505,-1
1788814184.0393,1087477,V,576,506,-1
1788814184.0393,1087485,V,576,506,-1
1788814184.0860,1087499,V,576,506,13551
1788814184.0860,1087507,V,576,506,-1
1788814184.0861,1087515,V,575,505,-1
1788814184.0861,1087523,V,576,506,-1
1788814184.0861,1087531,V,576,506,-1
1788814184.0861,1087539,V,577,507,-1
1788814184.1356,1087552,V,576,506,13552
1788814184.1357,1087560,V,577,507,-1
1788814184.1357,1087568,V,576,506,-1
1788814184.1357,1087576,V,576,506,-1
1788814184.1357,1087584,V,576,506,-1
1788814184.1357,1087592,V,576,506,-1
1788814184.1843,1087606,V,576,506,13553
1788814184.1843,1087614,V,576,506,-1
1788814184.1843,1087622,V,576,506,-1
1788814184.1844,1087630,V,576,506,-1
1788814184.1844,1087638,V,576,506,-1
1788814184.1844,1087646,V,579,509,-1
1788814184.2811,1087660,V,576,506,13554
1788814184.2813,1087668,V,576,506,-1
1788814184.2813,1087676,V,575,505,-1
1788814184.2813,1087684,V,575,505,-1
1788814184.2813,1087692,V,577,507,-1
1788814184.2813,1087700,V,577,507,-1
1788814184.3309,1087713,V,576,506,13555
1788814184.3309,1087721,V,576,506,-1
1788814184.3309,1087729,V,576,506,-1
1788814184.3309,1087737,V,575,505,-1
1788814184.3309,1087745,V,577,507,-1
1788814184.3309,1087753,V,577,507,-1
1788814184.3783,1087767,V,576,506,13556
1788814184.3783,1087775,V,576,506,-1
1788814184.3784,1087783,V,576,506,-1
1788814184.3784,1087791,V,576,506,-1
1788814184.3784,1087799,V,576,506,-1
1788814184.3784,1087807,V,577,507,-1
1788814184.4272,1087821,V,576,506,13557
1788814184.4272,1087829,V,576,506,-1
1788814184.4272,1087837,V,576,506,-1
1788814184.4272,1087845,V,590,519,-1
1788814184.4272,1087853,V,577,507,-1
1788814184.4273,1087861,V,576,506,-1
1788814184.4759,1087874,V,577,507,13558
1788814184.4760,1087882,V,575,505,-1
1788814184.4760,1087890,V,576,506,-1
1788814184.4760,1087898,V,576,506,-1
1788814184.4760,1087906,V,577,507,-1
1788814184.4760,1087914,V,577,507,-1
1788814184.5247,1087928,V,576,506,13559
1788814184.5249,1087936,V,577,507,-1
1788814184.5249,1087944,V,577,507,-1
1788814184.5249,1087952,V,575,505,-1
1788814184.5249,1087960,V,575,505,-1
1788814184.5249,1087968,V,575,505,-1
1788814184.5739,1087982,V,575,505,13560
1788814184.5739,1087990,V,577,507,-1
1788814184.5739,1087998,V,577,507,-1
1788814184.5739,1088006,V,577,507,-1
1788814184.5739,1088014,V,576,506,-1
1788814184.5740,1088022,V,577,507,-1
1788814184.6228,1088035,V,578,508,13561
1788814184.6228,1088043,V,577,507,-1
1788814184.6228,1088051,V,578,508,-1
1788814184.6228,1088059,V,576,506,-1
1788814184.6228,1088067,V,577,507,-1
1788814184.6228,1088075,V,576,506,-1
1788814184.6711,1088089,V,578,508,13562
1788814184.6712,1088097,V,577,507,-1
1788814184.6712,1088105,V,577,507,-1
1788814184.6712,1088113,V,575,505,-1
1788814184.6712,1088121,V,576,506,-1
1788814184.6712,1088129,V,576,506,-1
1788814184.7200,1088143,V,576,506,13563
1788814184.7200,1088151,V,576,506,-1
1788814184.7200,1088159,V,576,506,-1
1788814184.7200,1088167,V,576,506,-1
1788814184.7200,1088175,V,576,506,-1
1788814184.7200,1088183,V,579,509,-1
1788814184.8177,1088196,V,578,508,13564
1788814184.8180,1088204,V,577,507,-1
1788814184.8180,1088212,V,575,505,-1
1788814184.8180,1088220,V,576,506,-1
1788814184.8180,1088228,V,576,506,-1
1788814184.8180,1088236,V,576,506,-1
1788814184.8664,1088250,V,576,506,13565
1788814184.8664,1088258,V,575,505,-1
1788814184.8664,1088266,V,577,507,-1
1788814184.8664,1088274,V,576,506,-1
1788814184.8664,1088282,V,585,514,-1
1788814184.8664,1088290,V,577,507,-1
1788814184.9146,1088304,V,575,505,13566
1788814184.9147,1088312,V,576,506,-1
1788814184.9147,1088320,V,575,505,-1
1788814184.9147,1088328,V,576,506,-1
1788814184.9147,1088336,V,576,506,-1
1788814184.9147,1088344,V,576,506,-1
1788814184.9632,1088358,V,575,505,13567
1788814184.9632,1088366,V,576,506,-1
1788814184.9632,1088374,V,576,506,-1
1788814184.9632,1088382,V,575,505,-1
1788814184.9632,1088390,V,575,505,-1
1788814184.9632,1088398,V,576,506,-1
1788814185.0121,1088411,V,575,505,13568
1788814185.0121,1088419,V,577,507,-1
1788814185.0122,1088427,V,577,507,-1
1788814185.0122,1088435,V,577,507,-1
1788814185.0122,1088443,V,575,505,-1
1788814185.0122,1088451,V,576,506,-1
1788814185.0609,1088465,V,574,504,13569
1788814185.0611,1088473,V,575,505,-1
1788814185.0611,1088481,V,576,506,-1
1788814185.0611,1088489,V,576,506,-1
1788814185.0611,1088497,V,576,506,-1
1788814185.0611,1088505,V,576,506,-1
1788814185.1114,1088519,V,576,506,13570
1788814185.1114,1088527,V,576,506,-1
1788814185.1114,1088535,V,575,505,-1
1788814185.1114,1088543,V,577,507,-1
1788814185.1114,1088551,V,576,506,-1
1788814185.1114,1088559,V,576,506,-1
1788814185.1585,1088572,V,576,506,13571
1788814185.1585,1088580,V,576,506,-1
1788814185.1585,1088588,V,576,506,-1
1788814185.1585,1088596,V,576,506,-1
1788814185.1585,1088604,V,576,506,-1
1788814185.1585,1088612,V,577,507,-1
1788814185.2071,1088626,V,580,510,13572
1788814185.2071,1088634,V,575,505,-1
1788814185.2071,1088642,V,576,506,-1
1788814185.2071,1088650,V,576,506,-1
1788814185.2071,1088658,V,576,506,-1
1788814185.2071,1088666,V,576,506,-1
1788814185.3049,1088680,V,576,506,13573
1788814185.3050,1088688,V,576,506,-1
1788814185.3050,1088696,V,576,506,-1
1788814185.3051,1088704,V,576,506,-1
1788814185.3051,1088712,V,576,506,-1
1788814185.3051,1088720,V,577,507,-1
1788814185.3539,1088734,V,575,505,13574
1788814185.3540,1088742,V,576,506,-1
1788814185.3540,1088750,V,575,505,-1
1788814185.3540,1088758,V,577,507,-1
1788814185.3540,1088766,V,576,506,-1
1788814185.3540,1088774,V,576,506,-1
1788814185.4023,1088787,V,576,506,13575
1788814185.4023,1088795,V,576,506,-1
1788814185.4023,1088803,V,576,506,-1
1788814185.4023,1088811,V,576,506,-1
1788814185.4023,1088819,V,582,512,-1
1788814185.4023,1088827,V,576,506,-1
1788814185.4510,1088841,V,576,506,13576
1788814185.4510,1088849,V,576,506,-1
1788814185.4510,1088857,V,577,507,-1
1788814185.4510,1088865,V,575,505,-1
1788814185.4511,1088873,V,576,506,-1
1788814185.4511,1088881,V,577,507,-1
1788814185.4997,1088894,V,576,506,13577
1788814185.4997,1088902,V,577,507,-1
1788814185.4997,1088910,V,576,506,-1
1788814185.4997,1088918,V,575,505,-1
1788814185.4997,1088926,V,577,507,-1
1788814185.4998,1088934,V,576,506,-1
1788814185.5481,1088948,V,576,506,13578
1788814185.5482,1088956,V,576,506,-1
1788814185.5482,1088964,V,576,506,-1
1788814185.5482,1088972,V,577,507,-1
1788814185.5482,1088980,V,576,506,-1
1788814185.5482,1088988,V,576,506,-1
1788814185.5969,1089002,V,577,507,13579
1788814185.5970,1089010,V,577,507,-1
1788814185.5970,1089018,V,576,506,-1
1788814185.5970,1089026,V,576,506,-1
1788814185.5970,1089034,V,576,506,-1
1788814185.5970,1089042,V,576,506,-1
1788814185.6457,1089055,V,575,505,13580
1788814185.6457,1089063,V,579,509,-1
1788814185.6457,1089071,V,576,506,-1
1788814185.6457,1089079,V,575,505,-1
1788814185.6457,1089087,V,577,507,-1
1788814185.6457,1089095,V,577,507,-1
1788814185.6944,1089109,V,577,507,13581
1788814185.6944,1089117,V,576,506,-1
1788814185.6944,1089125,V,576,506,-1
1788814185.6944,1089133,V,576,506,-1
1788814185.6944,1089141,V,577,507,-1
1788814185.6944,1089149,V,575,505,-1
1788814185.7498,1089162,V,578,508,13582
1788814185.7499,1089170,V,576,506,-1
1788814185.7499,1089178,V,576,506,-1
1788814185.7500,1089186,V,576,506,-1
1788814185.7500,1089194,V,576,506,-1
1788814185.7500,1089202,V,576,506,-1
