host_epoch_s,device_ms,kind,raw_adc,millivolts,seq
1788563711.3279,3227801,V,508,446,43403
1788563711.3279,3227809,V,509,447,-1
1788563711.3279,3227817,V,498,438,-1
1788563711.3280,3227825,V,506,445,-1
1788563711.3280,3227833,V,542,476,-1
1788563711.3280,3227841,V,500,439,-1
1788563711.3771,3227854,V,498,438,43404
1788563711.3771,3227862,V,524,461,-1
1788563711.3771,3227870,V,492,432,-1
1788563711.3771,3227878,V,515,453,-1
1788563711.3771,3227886,V,505,444,-1
1788563711.3771,3227894,V,489,430,-1
1788563711.4238,3227908,V,536,471,43405
1788563711.4239,3227916,V,517,454,-1
1788563711.4239,3227924,V,515,453,-1
1788563711.4239,3227932,V,497,437,-1
1788563711.4239,3227940,V,510,448,-1
1788563711.4239,3227948,V,496,436,-1
1788563711.5215,3227962,V,523,460,43406
1788563711.5216,3227970,V,531,467,-1
1788563711.5216,3227978,V,486,427,-1
1788563711.5216,3227986,V,506,445,-1
1788563711.5216,3227994,V,534,469,-1
1788563711.5216,3228002,V,527,463,-1
1788563711.5711,3228016,V,519,456,43407
1788563711.5712,3228024,V,512,450,-1
1788563711.5712,3228032,V,498,438,-1
1788563711.5712,3228040,V,518,455,-1
1788563711.5712,3228048,V,518,455,-1
1788563711.5712,3228056,V,505,444,-1
1788563711.6224,3228069,V,499,439,43408
1788563711.6224,3228077,V,524,461,-1
1788563711.6224,3228085,V,507,446,-1
1788563711.6224,3228093,V,497,437,-1
1788563711.6224,3228101,V,507,446,-1
1788563711.6224,3228109,V,515,453,-1
1788563711.6696,3228123,V,472,415,43409
1788563711.6696,3228131,V,538,473,-1
1788563711.6696,3228139,V,521,458,-1
1788563711.6697,3228147,V,480,422,-1
1788563711.6697,3228155,V,494,434,-1
1788563711.6697,3228163,V,525,461,-1
1788563711.7164,3228177,V,510,448,43410
1788563711.7164,3228185,V,512,450,-1
1788563711.7165,3228193,V,506,445,-1
1788563711.7165,3228201,V,513,451,-1
1788563711.7165,3228209,V,522,459,-1
1788563711.7165,3228217,V,506,445,-1
1788563711.8139,3228231,V,524,461,43411
1788563711.8140,3228239,V,510,448,-1
1788563711.8141,3228247,V,506,445,-1
1788563711.8141,3228255,V,519,456,-1
1788563711.8141,3228263,V,519,456,-1
1788563711.8141,3228271,V,496,436,-1
1788563711.8152,3228284,V,502,441,43412
1788563711.8153,3228292,V,516,454,-1
1788563711.8154,3228300,V,522,459,-1
1788563711.8154,3228308,V,507,446,-1
1788563711.8154,3228316,V,509,447,-1
1788563711.8154,3228324,V,498,438,-1
1788563711.8626,3228338,V,518,455,43413
1788563711.8627,3228346,V,567,498,-1
1788563711.8627,3228354,V,529,465,-1
1788563711.8627,3228362,V,518,455,-1
1788563711.8627,3228370,V,520,457,-1
1788563711.8627,3228378,V,516,454,-1
1788563711.9133,3228392,V,503,442,43414
1788563711.9133,3228400,V,492,432,-1
1788563711.9134,3228408,V,513,451,-1
1788563711.9134,3228416,V,544,478,-1
1788563711.9134,3228424,V,488,429,-1
1788563711.9134,3228432,V,506,445,-1
1788563711.9609,3228446,V,516,454,43415
1788563711.9609,3228454,V,499,439,-1
1788563711.9609,3228462,V,499,439,-1
1788563711.9609,3228470,V,494,434,-1
1788563711.9609,3228478,V,501,440,-1
1788563711.9610,3228486,V,495,435,-1
1788563712.0578,3228499,V,492,432,43416
1788563712.0581,3228507,V,497,437,-1
1788563712.0581,3228515,V,518,455,-1
1788563712.0581,3228523,V,524,461,-1
1788563712.0581,3228531,V,505,444,-1
1788563712.0581,3228539,V,509,447,-1
1788563712.1064,3228599,KEYUP,,,
1788563712.1078,3228553,V,487,428,43417
1788563712.1078,3228561,V,506,445,-1
1788563712.1078,3228569,V,518,455,-1
1788563712.1079,3228577,V,519,456,-1
1788563712.1079,3228585,V,533,468,-1
1788563712.1079,3228593,V,502,441,-1
1788563712.1552,3228607,V,493,433,43418
1788563712.1553,3228615,V,530,466,-1
1788563712.1553,3228623,V,460,404,-1
1788563712.1553,3228631,V,492,432,-1
1788563712.1553,3228639,V,515,453,-1
1788563712.1553,3228647,V,532,468,-1
1788563712.2043,3228688,KEYDOWN,,,
1788563712.2052,3228661,V,518,455,43419
1788563712.2052,3228669,V,522,459,-1
1788563712.2052,3228677,V,529,465,-1
1788563712.2052,3228685,V,513,451,-1
1788563712.2052,3228693,V,530,466,-1
1788563712.2052,3228701,V,491,432,-1
1788563712.2552,3228715,V,514,452,43420
1788563712.2552,3228723,V,519,456,-1
1788563712.2552,3228731,V,524,461,-1
1788563712.2552,3228739,V,500,439,-1
1788563712.2552,3228747,V,528,464,-1
1788563712.2552,3228755,V,504,443,-1
1788563712.3018,3228769,V,524,461,43421
1788563712.3019,3228777,V,515,453,-1
1788563712.3019,3228785,V,554,487,-1
1788563712.3019,3228793,V,531,467,-1
1788563712.3019,3228801,V,531,467,-1
1788563712.3019,3228809,V,530,466,-1
1788563712.3500,3228823,V,534,469,43422
1788563712.3500,3228831,V,522,459,-1
1788563712.3500,3228839,V,528,464,-1
1788563712.3500,3228847,V,519,456,-1
1788563712.3500,3228855,V,521,458,-1
1788563712.3500,3228863,V,525,461,-1
1788563712.3990,3228876,V,520,457,43423
1788563712.3990,3228884,V,505,444,-1
1788563712.3990,3228892,V,504,443,-1
1788563712.3990,3228900,V,530,466,-1
1788563712.3990,3228908,V,497,437,-1
1788563712.3990,3228916,V,519,456,-1
1788563712.4474,3228930,V,510,448,43424
1788563712.4474,3228938,V,516,454,-1
1788563712.4474,3228946,V,516,454,-1
1788563712.4474,3228954,V,509,447,-1
1788563712.4474,3228962,V,517,454,-1
1788563712.4474,3228970,V,526,462,-1
1788563712.4968,3228984,V,508,446,43425
1788563712.4968,3228992,V,521,458,-1
1788563712.4968,3229000,V,499,439,-1
1788563712.4968,3229008,V,491,432,-1
1788563712.4968,3229016,V,512,450,-1
1788563712.4968,3229024,V,516,454,-1
1788563712.5942,3229037,V,516,454,43426
1788563712.5944,3229045,V,496,436,-1
1788563712.5944,3229053,V,498,438,-1
1788563712.5944,3229061,V,501,440,-1
1788563712.5944,3229069,V,498,438,-1
1788563712.5944,3229077,V,519,456,-1
1788563712.6431,3229091,V,535,470,43427
1788563712.6431,3229099,V,501,440,-1
1788563712.6431,3229107,V,494,434,-1
1788563712.6431,3229115,V,531,467,-1
1788563712.6431,3229123,V,548,482,-1
1788563712.6431,3229131,V,503,442,-1
1788563712.6921,3229145,V,524,461,43428
1788563712.6921,3229153,V,516,454,-1
1788563712.6922,3229161,V,488,429,-1
1788563712.6922,3229169,V,497,437,-1
1788563712.6922,3229177,V,501,440,-1
1788563712.6922,3229185,V,505,444,-1
1788563712.7405,3229199,V,516,454,43429
1788563712.7406,3229207,V,526,462,-1
1788563712.7406,3229215,V,544,478,-1
1788563712.7406,3229223,V,514,452,-1
1788563712.7406,3229231,V,494,434,-1
1788563712.7406,3229239,V,500,439,-1
1788563712.7894,3229252,V,517,454,43430
1788563712.7894,3229260,V,518,455,-1
1788563712.7894,3229268,V,503,442,-1
1788563712.7894,3229276,V,514,452,-1
1788563712.7894,3229284,V,524,461,-1
1788563712.7894,3229292,V,519,456,-1
1788563712.8398,3229306,V,530,466,43431
1788563712.8400,3229314,V,504,443,-1
1788563712.8400,3229322,V,511,449,-1
1788563712.8400,3229330,V,535,470,-1
1788563712.8400,3229338,V,507,446,-1
1788563712.8400,3229346,V,507,446,-1
1788563712.8886,3229360,V,527,463,43432
1788563712.8887,3229368,V,509,447,-1
1788563712.8887,3229376,V,500,439,-1
1788563712.8887,3229384,V,511,449,-1
1788563712.8887,3229392,V,524,461,-1
1788563712.8887,3229400,V,493,433,-1
1788563712.9355,3229414,V,517,454,43433
1788563712.9355,3229422,V,524,461,-1
1788563712.9355,3229430,V,552,485,-1
1788563712.9355,3229438,V,489,430,-1
1788563712.9355,3229446,V,518,455,-1
1788563712.9355,3229454,V,502,441,-1
1788563712.9841,3229467,V,521,458,43434
1788563712.9841,3229475,V,500,439,-1
1788563712.9841,3229483,V,493,433,-1
1788563712.9842,3229491,V,520,457,-1
1788563712.9842,3229499,V,508,446,-1
1788563712.9842,3229507,V,512,450,-1
1788563713.0819,3229521,V,490,431,43435
1788563713.0820,3229529,V,495,435,-1
1788563713.0820,3229537,V,524,461,-1
1788563713.0821,3229545,V,507,446,-1
1788563713.0821,3229553,V,506,445,-1
1788563713.0821,3229561,V,572,503,-1
1788563713.1322,3229575,V,508,446,43436
1788563713.1323,3229583,V,513,451,-1
1788563713.1325,3229591,V,502,441,-1
1788563713.1325,3229599,V,491,432,-1
1788563713.1325,3229607,V,515,453,-1
1788563713.1325,3229615,V,516,454,-1
1788563713.1811,3229629,V,479,421,43437
1788563713.1811,3229637,V,520,457,-1
1788563713.1812,3229645,V,512,450,-1
1788563713.1812,3229653,V,516,454,-1
1788563713.1812,3229661,V,493,433,-1
1788563713.1812,3229669,V,504,443,-1
1788563713.2291,3229682,V,505,444,43438
1788563713.2291,3229690,V,511,449,-1
1788563713.2291,3229698,V,503,442,-1
1788563713.2291,3229706,V,518,455,-1
1788563713.2291,3229714,V,496,436,-1
1788563713.2291,3229722,V,502,441,-1
1788563713.2765,3229736,V,510,448,43439
1788563713.2765,3229744,V,508,446,-1
1788563713.2765,3229752,V,493,433,-1
1788563713.2765,3229760,V,515,453,-1
1788563713.2765,3229768,V,509,447,-1
1788563713.2765,3229776,V,499,439,-1
1788563713.3744,3229790,V,485,426,43440
1788563713.3746,3229798,V,467,410,-1
1788563713.3746,3229806,V,511,449,-1
1788563713.3746,3229814,V,523,460,-1
1788563713.3746,3229822,V,513,451,-1
1788563713.3746,3229830,V,500,439,-1
1788563713.3754,3229843,V,492,432,43441
1788563713.3754,3229851,V,511,449,-1
1788563713.3754,3229859,V,518,455,-1
1788563713.3754,3229867,V,527,463,-1
1788563713.3754,3229875,V,510,448,-1
1788563713.3755,3229883,V,510,448,-1
1788563713.4257,3229897,V,518,455,43442
1788563713.4259,3229905,V,517,454,-1
1788563713.4259,3229913,V,488,429,-1
1788563713.4259,3229921,V,492,432,-1
1788563713.4259,3229929,V,516,454,-1
1788563713.4259,3229937,V,489,430,-1
1788563713.4735,3229951,V,502,441,43443
1788563713.4736,3229959,V,515,453,-1
1788563713.4736,3229967,V,533,468,-1
1788563713.4736,3229975,V,526,462,-1
1788563713.4736,3229983,V,514,452,-1
1788563713.4736,3229991,V,556,489,-1
1788563713.5214,3230005,V,544,478,43444
1788563713.5214,3230013,V,496,436,-1
1788563713.5214,3230021,V,489,430,-1
1788563713.5215,3230029,V,499,439,-1
1788563713.5215,3230037,V,527,463,-1
1788563713.5215,3230045,V,523,460,-1
1788563713.6181,3230058,V,518,455,43445
1788563713.6183,3230066,V,486,427,-1
1788563713.6183,3230074,V,519,456,-1
1788563713.6183,3230082,V,496,436,-1
1788563713.6183,3230090,V,498,438,-1
1788563713.6183,3230098,V,500,439,-1
1788563713.6670,3230112,V,520,457,43446
1788563713.6670,3230120,V,493,433,-1
1788563713.6670,3230128,V,518,455,-1
1788563713.6670,3230136,V,515,453,-1
1788563713.6670,3230144,V,523,460,-1
1788563713.6670,3230152,V,504,443,-1
1788563713.7160,3230166,V,520,457,43447
1788563713.7160,3230174,V,516,454,-1
1788563713.7160,3230182,V,497,437,-1
1788563713.7160,3230190,V,490,431,-1
1788563713.7160,3230198,V,509,447,-1
1788563713.7161,3230206,V,510,448,-1
1788563713.7661,3230219,V,508,446,43448
1788563713.7661,3230227,V,514,452,-1
1788563713.7661,3230235,V,491,432,-1
1788563713.7661,3230243,V,527,463,-1
1788563713.7661,3230251,V,502,441,-1
1788563713.7661,3230259,V,512,450,-1
1788563713.8131,3230273,V,501,440,43449
1788563713.8131,3230281,V,519,456,-1
1788563713.8131,3230289,V,493,433,-1
1788563713.8132,3230297,V,490,431,-1
1788563713.8132,3230305,V,502,441,-1
1788563713.8132,3230313,V,531,467,-1
1788563713.9109,3230327,V,502,441,43450
1788563713.9110,3230335,V,516,454,-1
1788563713.9111,3230343,V,513,451,-1
1788563713.9111,3230351,V,493,433,-1
1788563713.9111,3230359,V,477,419,-1
1788563713.9111,3230367,V,511,449,-1
1788563713.9128,3230426,KEYUP,,,
1788563713.9132,3230381,V,513,451,43451
1788563713.9133,3230389,V,498,438,-1
1788563713.9133,3230397,V,491,432,-1
1788563713.9133,3230405,V,519,456,-1
1788563713.9133,3230413,V,532,468,-1
1788563713.9133,3230421,V,502,441,-1
1788563713.9603,3230435,V,503,442,43452
1788563713.9604,3230443,V,579,509,-1
1788563713.9604,3230451,V,497,437,-1
1788563713.9604,3230459,V,508,446,-1
1788563713.9604,3230467,V,523,460,-1
1788563713.9604,3230475,V,514,452,-1
1788563714.0081,3230525,KEYDOWN,,,
1788563714.0106,3230488,V,525,461,43453
1788563714.0106,3230496,V,527,463,-1
1788563714.0106,3230504,V,501,440,-1
1788563714.0106,3230512,V,499,439,-1
1788563714.0106,3230520,V,519,456,-1
1788563714.0106,3230528,V,534,469,-1
1788563714.0593,3230542,V,506,445,43454
1788563714.0594,3230550,V,522,459,-1
1788563714.0594,3230558,V,515,453,-1
1788563714.0594,3230566,V,518,455,-1
1788563714.0594,3230574,V,502,441,-1
1788563714.0594,3230582,V,488,429,-1
1788563714.2044,3230596,V,535,470,43455
1788563714.2051,3230604,V,530,466,-1
1788563714.2051,3230612,V,517,454,-1
1788563714.2051,3230620,V,526,462,-1
1788563714.2051,3230628,V,522,459,-1
1788563714.2051,3230636,V,510,448,-1
1788563714.2061,3230650,V,532,468,43456
1788563714.2061,3230658,V,536,471,-1
1788563714.2061,3230666,V,538,473,-1
1788563714.2061,3230674,V,505,444,-1
1788563714.2061,3230682,V,546,480,-1
1788563714.2061,3230690,V,518,455,-1
1788563714.2516,3230704,V,513,451,43457
1788563714.2516,3230712,V,511,449,-1
1788563714.2517,3230720,V,549,483,-1
1788563714.2517,3230728,V,514,452,-1
1788563714.2517,3230736,V,540,475,-1
1788563714.2517,3230744,V,488,429,-1
1788563714.3021,3230757,V,518,455,43458
1788563714.3021,3230765,V,512,450,-1
1788563714.3022,3230773,V,517,454,-1
1788563714.3022,3230781,V,530,466,-1
1788563714.3022,3230789,V,524,461,-1
1788563714.3022,3230797,V,514,452,-1
1788563714.3977,3230811,V,527,463,43459
1788563714.3977,3230819,V,510,448,-1
1788563714.3977,3230827,V,518,455,-1
1788563714.3977,3230835,V,535,470,-1
1788563714.3977,3230843,V,514,452,-1
1788563714.3977,3230851,V,523,460,-1
1788563714.3990,3230865,V,512,450,43460
1788563714.3990,3230873,V,482,424,-1
1788563714.3990,3230881,V,521,458,-1
1788563714.3990,3230889,V,509,447,-1
1788563714.3990,3230897,V,508,446,-1
1788563714.3991,3230905,V,516,454,-1
1788563714.4464,3230919,V,492,432,43461
1788563714.4465,3230927,V,517,454,-1
1788563714.4465,3230935,V,501,440,-1
1788563714.4465,3230943,V,543,477,-1
1788563714.4465,3230951,V,532,468,-1
1788563714.4465,3230959,V,511,449,-1
1788563714.4952,3230972,V,504,443,43462
1788563714.4953,3230980,V,491,432,-1
1788563714.4953,3230988,V,508,446,-1
1788563714.4953,3230996,V,511,449,-1
1788563714.4953,3231004,V,514,452,-1
1788563714.4953,3231012,V,481,423,-1
1788563714.5439,3231026,V,504,443,43463
1788563714.5439,3231034,V,508,446,-1
1788563714.5439,3231042,V,553,486,-1
1788563714.5439,3231050,V,506,445,-1
1788563714.5439,3231058,V,507,446,-1
1788563714.5439,3231066,V,531,467,-1
1788563714.5949,3231080,V,552,485,43464
1788563714.5949,3231088,V,518,455,-1
1788563714.5949,3231096,V,519,456,-1
1788563714.5950,3231104,V,514,452,-1
1788563714.5950,3231112,V,528,464,-1
1788563714.5950,3231120,V,523,460,-1
1788563714.6902,3231134,V,533,468,43465
1788563714.6903,3231142,V,514,452,-1
1788563714.6903,3231150,V,514,452,-1
1788563714.6903,3231158,V,486,427,-1
1788563714.6904,3231166,V,508,446,-1
1788563714.6904,3231174,V,506,445,-1
1788563714.7400,3231187,V,534,469,43466
1788563714.7400,3231195,V,515,453,-1
1788563714.7400,3231203,V,528,464,-1
1788563714.7400,3231211,V,503,442,-1
1788563714.7400,3231219,V,547,481,-1
1788563714.7400,3231227,V,499,439,-1
1788563714.7883,3231241,V,501,440,43467
1788563714.7883,3231249,V,523,460,-1
1788563714.7883,3231257,V,512,450,-1
1788563714.7883,3231265,V,504,443,-1
1788563714.7883,3231273,V,503,442,-1
1788563714.7883,3231281,V,511,449,-1
1788563714.8374,3231295,V,528,464,43468
1788563714.8375,3231303,V,519,456,-1
1788563714.8375,3231311,V,524,461,-1
1788563714.8375,3231319,V,498,438,-1
1788563714.8375,3231327,V,531,467,-1
1788563714.8375,3231335,V,530,466,-1
1788563714.8853,3231348,V,509,447,43469
1788563714.8853,3231356,V,548,482,-1
1788563714.8853,3231364,V,510,448,-1
1788563714.8853,3231372,V,533,468,-1
1788563714.8855,3231380,V,516,454,-1
1788563714.8855,3231388,V,507,446,-1
1788563714.9350,3231402,V,517,454,43470
1788563714.9351,3231410,V,531,467,-1
1788563714.9352,3231418,V,530,466,-1
1788563714.9352,3231426,V,509,447,-1
1788563714.9352,3231434,V,530,466,-1
1788563714.9352,3231442,V,507,446,-1
1788563714.9853,3231456,V,516,454,43471
1788563714.9853,3231464,V,504,443,-1
1788563714.9854,3231472,V,520,457,-1
1788563714.9854,3231480,V,541,475,-1
1788563714.9854,3231488,V,528,464,-1
1788563714.9854,3231496,V,496,436,-1
1788563715.0314,3231510,V,525,461,43472
1788563715.0314,3231518,V,540,475,-1
1788563715.0315,3231526,V,511,449,-1
1788563715.0315,3231534,V,535,470,-1
1788563715.0315,3231542,V,490,431,-1
1788563715.0315,3231550,V,529,465,-1
1788563715.0801,3231563,V,528,464,43473
1788563715.0801,3231571,V,528,464,-1
1788563715.0801,3231579,V,516,454,-1
1788563715.0801,3231587,V,508,446,-1
1788563715.0801,3231595,V,505,444,-1
1788563715.0801,3231603,V,503,442,-1
1788563715.1787,3231617,V,492,432,43474
1788563715.1788,3231625,V,534,469,-1
1788563715.1788,3231633,V,532,468,-1
1788563715.1788,3231641,V,501,440,-1
1788563715.1788,3231649,V,505,444,-1
1788563715.1788,3231657,V,529,465,-1
1788563715.2290,3231671,V,504,443,43475
1788563715.2290,3231679,V,540,475,-1
1788563715.2290,3231687,V,522,459,-1
1788563715.2290,3231695,V,515,453,-1
1788563715.2290,3231703,V,512,450,-1
1788563715.2290,3231711,V,499,439,-1
1788563715.2790,3231725,V,526,462,43476
1788563715.2790,3231733,V,528,464,-1
1788563715.2790,3231741,V,527,463,-1
1788563715.2790,3231749,V,499,439,-1
1788563715.2790,3231757,V,501,440,-1
1788563715.2791,3231765,V,508,446,-1
1788563715.3248,3231779,V,513,451,43477
1788563715.3248,3231787,V,508,446,-1
1788563715.3248,3231795,V,497,437,-1
1788563715.3248,3231803,V,520,457,-1
1788563715.3248,3231811,V,540,475,-1
1788563715.3248,3231819,V,505,444,-1
1788563715.3735,3231832,V,504,443,43478
1788563715.3736,3231840,V,538,473,-1
1788563715.3736,3231848,V,518,455,-1
1788563715.3736,3231856,V,532,468,-1
1788563715.3736,3231864,V,502,441,-1
1788563715.3736,3231872,V,523,460,-1
1788563715.4214,3231886,V,492,432,43479
1788563715.4215,3231894,V,490,431,-1
1788563715.4215,3231902,V,551,484,-1
1788563715.4215,3231910,V,514,452,-1
1788563715.4215,3231918,V,518,455,-1
1788563715.4215,3231926,V,500,439,-1
1788563715.4702,3231940,V,533,468,43480
1788563715.4702,3231948,V,520,457,-1
1788563715.4702,3231956,V,512,450,-1
1788563715.4702,3231964,V,526,462,-1
1788563715.4702,3231972,V,510,448,-1
1788563715.4702,3231980,V,502,441,-1
1788563715.5205,3231993,V,531,467,43481
1788563715.5206,3232001,V,519,456,-1
1788563715.5206,3232009,V,509,447,-1
1788563715.5206,3232017,V,499,439,-1
1788563715.5206,3232025,V,513,451,-1
1788563715.5206,3232033,V,519,456,-1
1788563715.5697,3232047,V,501,440,43482
1788563715.5697,3232055,V,510,448,-1
1788563715.5697,3232063,V,528,464,-1
1788563715.5697,3232071,V,493,433,-1
1788563715.5698,3232079,V,512,450,-1
1788563715.5698,3232087,V,487,428,-1
1788563715.6167,3232101,V,563,495,43483
1788563715.6168,3232109,V,526,462,-1
1788563715.6168,3232117,V,526,462,-1
1788563715.6168,3232125,V,501,440,-1
1788563715.6168,3232133,V,515,453,-1
1788563715.6168,3232141,V,529,465,-1
1788563715.7143,3232155,V,538,473,43484
1788563715.7144,3232163,V,504,443,-1
1788563715.7144,3232171,V,540,475,-1
1788563715.7144,3232179,V,510,448,-1
1788563715.7145,3232187,V,529,465,-1
1788563715.7145,3232195,V,514,452,-1
1788563715.7632,3232208,V,509,447,43485
1788563715.7632,3232216,V,548,482,-1
1788563715.7632,3232224,V,492,432,-1
1788563715.7632,3232232,V,535,470,-1
1788563715.7632,3232240,V,521,458,-1
1788563715.7632,3232248,V,524,461,-1
1788563715.8132,3232262,V,536,471,43486
1788563715.8132,3232270,V,529,465,-1
1788563715.8132,3232278,V,492,432,-1
1788563715.8132,3232286,V,492,432,-1
1788563715.8132,3232294,V,490,431,-1
1788563715.8132,3232302,V,532,468,-1
1788563715.8605,3232316,V,503,442,43487
1788563715.8605,3232324,V,507,446,-1
1788563715.8605,3232332,V,535,470,-1
1788563715.8605,3232340,V,528,464,-1
1788563715.8605,3232348,V,499,439,-1
1788563715.8605,3232356,V,510,448,-1
1788563715.9093,3232369,V,507,446,43488
1788563715.9093,3232377,V,491,432,-1
1788563715.9093,3232385,V,500,439,-1
1788563715.9093,3232393,V,504,443,-1
1788563715.9093,3232401,V,510,448,-1
1788563715.9093,3232409,V,507,446,-1
1788563716.0063,3232423,V,534,469,43489
1788563716.0063,3232431,V,512,450,-1
1788563716.0063,3232439,V,531,467,-1
1788563716.0064,3232447,V,515,453,-1
1788563716.0064,3232455,V,522,459,-1
1788563716.0064,3232463,V,518,455,-1
1788563716.0075,3232477,V,517,454,43490
1788563716.0075,3232485,V,517,454,-1
1788563716.0075,3232493,V,527,463,-1
1788563716.0075,3232501,V,543,477,-1
1788563716.0075,3232509,V,535,470,-1
1788563716.0075,3232517,V,549,483,-1
1788563716.0551,3232531,V,527,463,43491
1788563716.0551,3232539,V,588,517,-1
1788563716.0551,3232547,V,514,452,-1
1788563716.0551,3232555,V,544,478,-1
1788563716.0551,3232563,V,519,456,-1
1788563716.0551,3232571,V,521,458,-1
1788563716.1060,3232585,V,518,455,43492
1788563716.1060,3232593,V,500,439,-1
1788563716.1060,3232601,V,534,469,-1
1788563716.1060,3232609,V,497,437,-1
1788563716.1060,3232617,V,493,433,-1
1788563716.1060,3232625,V,510,448,-1
1788563716.2018,3232638,V,533,468,43493
1788563716.2018,3232646,V,516,454,-1
1788563716.2018,3232654,V,527,463,-1
1788563716.2018,3232662,V,529,465,-1
1788563716.2018,3232670,V,501,440,-1
1788563716.2018,3232678,V,530,466,-1
1788563716.2524,3232692,V,520,457,43494
1788563716.2526,3232700,V,532,468,-1
1788563716.2526,3232708,V,502,441,-1
1788563716.2526,3232716,V,517,454,-1
1788563716.2526,3232724,V,501,440,-1
1788563716.2526,3232732,V,496,436,-1
1788563716.2994,3232746,V,519,456,43495
1788563716.2994,3232754,V,541,475,-1
1788563716.2994,3232762,V,512,450,-1
1788563716.2994,3232770,V,487,428,-1
1788563716.2994,3232778,V,527,463,-1
1788563716.2994,3232786,V,521,458,-1
1788563716.3482,3232799,V,496,436,43496
1788563716.3482,3232807,V,526,462,-1
1788563716.3482,3232815,V,523,460,-1
1788563716.3482,3232823,V,504,443,-1
1788563716.3482,3232831,V,496,436,-1
1788563716.3483,3232839,V,506,445,-1
1788563716.3986,3232853,V,505,444,43497
1788563716.3986,3232861,V,504,443,-1
1788563716.3986,3232869,V,492,432,-1
1788563716.3986,3232877,V,523,460,-1
1788563716.3986,3232885,V,522,459,-1
1788563716.3986,3232893,V,539,474,-1
1788563716.4461,3232907,V,525,461,43498
1788563716.4461,3232915,V,508,446,-1
1788563716.4461,3232923,V,532,468,-1
1788563716.4462,3232931,V,506,445,-1
1788563716.4462,3232939,V,535,470,-1
1788563716.4462,3232947,V,508,446,-1
1788563716.4941,3232961,V,536,471,43499
1788563716.4942,3232969,V,528,464,-1
1788563716.4942,3232977,V,529,465,-1
1788563716.4942,3232985,V,496,436,-1
1788563716.4942,3232993,V,516,454,-1
1788563716.4943,3233001,V,515,453,-1
1788563716.5433,3233015,V,522,459,43500
1788563716.5433,3233023,V,530,466,-1
1788563716.5433,3233031,V,490,431,-1
1788563716.5433,3233039,V,523,460,-1
1788563716.5433,3233047,V,508,446,-1
1788563716.5433,3233055,V,499,439,-1
1788563716.5925,3233068,V,517,454,43501
1788563716.5925,3233076,V,529,465,-1
1788563716.5925,3233084,V,528,464,-1
1788563716.5925,3233092,V,526,462,-1
1788563716.5926,3233100,V,530,466,-1
1788563716.5926,3233108,V,528,464,-1
1788563716.6404,3233122,V,487,428,43502
1788563716.6404,3233130,V,528,464,-1
1788563716.6404,3233138,V,530,466,-1
1788563716.6405,3233146,V,494,434,-1
1788563716.6405,3233154,V,518,455,-1
1788563716.6405,3233162,V,511,449,-1
1788563716.6901,3233176,V,535,470,43503
1788563716.6901,3233184,V,513,451,-1
1788563716.6901,3233192,V,494,434,-1
1788563716.6901,3233200,V,529,465,-1
1788563716.6901,3233208,V,507,446,-1
1788563716.6901,3233216,V,518,455,-1
1788563716.7904,3233229,V,507,446,43504
1788563716.7905,3233237,V,528,464,-1
1788563716.7905,3233245,V,529,465,-1
1788563716.7905,3233253,V,523,460,-1
1788563716.7905,3233261,V,520,457,-1
1788563716.7905,3233269,V,521,458,-1
1788563716.8357,3233283,V,514,452,43505
1788563716.8357,3233291,V,507,446,-1
1788563716.8357,3233299,V,521,458,-1
1788563716.8357,3233307,V,546,480,-1
1788563716.8357,3233315,V,525,461,-1
1788563716.8357,3233323,V,520,457,-1
1788563716.8851,3233337,V,496,436,43506
1788563716.8852,3233345,V,516,454,-1
1788563716.8852,3233353,V,492,432,-1
1788563716.8852,3233361,V,513,451,-1
1788563716.8852,3233369,V,522,459,-1
1788563716.8852,3233377,V,503,442,-1
1788563716.9328,3233391,V,497,437,43507
1788563716.9328,3233399,V,507,446,-1
1788563716.9328,3233407,V,486,427,-1
1788563716.9328,3233415,V,501,440,-1
1788563716.9329,3233423,V,528,464,-1
1788563716.9329,3233431,V,517,454,-1
1788563716.9816,3233444,V,486,427,43508
1788563716.9816,3233452,V,510,448,-1
1788563716.9816,3233460,V,506,445,-1
1788563716.9816,3233468,V,508,446,-1
1788563716.9816,3233476,V,520,457,-1
1788563716.9816,3233484,V,530,466,-1
1788563717.0327,3233498,V,515,453,43509
1788563717.0328,3233506,V,535,470,-1
1788563717.0328,3233514,V,518,455,-1
1788563717.0328,3233522,V,495,435,-1
1788563717.0328,3233530,V,517,454,-1
1788563717.0329,3233538,V,517,454,-1
1788563717.0815,3233552,V,504,443,43510
1788563717.0815,3233560,V,510,448,-1
1788563717.0815,3233568,V,495,435,-1
1788563717.0815,3233576,V,491,432,-1
1788563717.0815,3233584,V,518,455,-1
1788563717.0815,3233592,V,507,446,-1
1788563717.1280,3233606,V,541,475,43511
1788563717.1280,3233614,V,532,468,-1
1788563717.1281,3233622,V,497,437,-1
1788563717.1281,3233630,V,512,450,-1
1788563717.1281,3233638,V,501,440,-1
1788563717.1281,3233646,V,527,463,-1
1788563717.1767,3233659,V,524,461,43512
1788563717.1767,3233667,V,507,446,-1
1788563717.1767,3233675,V,513,451,-1
1788563717.1767,3233683,V,531,467,-1
1788563717.1767,3233691,V,512,450,-1
1788563717.1767,3233699,V,528,464,-1
1788563717.2743,3233713,V,508,446,43513
1788563717.2745,3233721,V,513,451,-1
1788563717.2746,3233729,V,518,455,-1
1788563717.2746,3233737,V,499,439,-1
1788563717.2746,3233745,V,507,446,-1
1788563717.2746,3233753,V,511,449,-1
1788563717.3253,3233767,V,512,450,43514
1788563717.3254,3233775,V,525,461,-1
1788563717.3254,3233783,V,490,431,-1
1788563717.3254,3233791,V,517,454,-1
1788563717.3254,3233799,V,496,436,-1
1788563717.3254,3233807,V,522,459,-1
1788563717.3737,3233821,V,490,431,43515
1788563717.3737,3233829,V,500,439,-1
1788563717.3737,3233837,V,510,448,-1
1788563717.3737,3233845,V,506,445,-1
1788563717.3738,3233853,V,512,450,-1
1788563717.3738,3233861,V,485,426,-1
1788563717.4202,3233875,V,531,467,43516
1788563717.4202,3233883,V,501,440,-1
1788563717.4202,3233891,V,522,459,-1
1788563717.4202,3233899,V,524,461,-1
1788563717.4202,3233907,V,534,469,-1
1788563717.4202,3233915,V,504,443,-1
1788563717.4689,3233928,V,500,439,43517
1788563717.4689,3233936,V,520,457,-1
1788563717.4689,3233944,V,519,456,-1
1788563717.4689,3233952,V,541,475,-1
1788563717.4689,3233960,V,493,433,-1
1788563717.4689,3233968,V,516,454,-1
1788563717.5178,3233982,V,505,444,43518
1788563717.5179,3233990,V,492,432,-1
1788563717.5179,3233998,V,530,466,-1
1788563717.5179,3234006,V,517,454,-1
1788563717.5179,3234014,V,508,446,-1
1788563717.5179,3234022,V,512,450,-1
1788563717.5666,3234036,V,523,460,43519
1788563717.5666,3234044,V,531,467,-1
1788563717.5666,3234052,V,496,436,-1
1788563717.5666,3234060,V,496,436,-1
1788563717.5666,3234068,V,512,450,-1
1788563717.5666,3234076,V,511,449,-1
1788563717.6178,3234090,V,554,487,43520
1788563717.6180,3234098,V,536,471,-1
1788563717.6180,3234106,V,516,454,-1
1788563717.6180,3234114,V,526,462,-1
1788563717.6180,3234122,V,502,441,-1
1788563717.6180,3234130,V,501,440,-1
1788563717.6661,3234143,V,501,440,43521
1788563717.6661,3234151,V,485,426,-1
1788563717.6661,3234159,V,497,437,-1
1788563717.6661,3234167,V,491,432,-1
1788563717.6661,3234175,V,505,444,-1
1788563717.6662,3234183,V,527,463,-1
1788563717.7127,3234197,V,551,484,43522
1788563717.7128,3234205,V,511,449,-1
1788563717.7128,3234213,V,504,443,-1
1788563717.7128,3234221,V,533,468,-1
1788563717.7128,3234229,V,530,466,-1
1788563717.7128,3234237,V,522,459,-1
1788563717.8104,3234251,V,512,450,43523
1788563717.8105,3234259,V,513,451,-1
1788563717.8105,3234267,V,513,451,-1
1788563717.8105,3234275,V,509,447,-1
1788563717.8105,3234283,V,520,457,-1
1788563717.8105,3234291,V,537,472,-1
1788563717.8588,3234304,V,497,437,43524
1788563717.8589,3234312,V,501,440,-1
1788563717.8589,3234320,V,536,471,-1
1788563717.8589,3234328,V,514,452,-1
1788563717.8589,3234336,V,515,453,-1
1788563717.8589,3234344,V,497,437,-1
1788563717.9094,3234358,V,494,434,43525
1788563717.9094,3234366,V,495,435,-1
1788563717.9094,3234374,V,495,435,-1
1788563717.9094,3234382,V,519,456,-1
1788563717.9094,3234390,V,526,462,-1
1788563717.9095,3234398,V,505,444,-1
1788563717.9574,3234412,V,507,446,43526
1788563717.9574,3234420,V,521,458,-1
1788563717.9574,3234428,V,547,481,-1
1788563717.9574,3234436,V,513,451,-1
1788563717.9574,3234444,V,520,457,-1
1788563717.9574,3234452,V,521,458,-1
1788563718.0050,3234466,V,533,468,43527
1788563718.0050,3234474,V,512,450,-1
1788563718.0050,3234482,V,538,473,-1
1788563718.0050,3234490,V,517,454,-1
1788563718.0050,3234498,V,509,447,-1
1788563718.0050,3234506,V,548,482,-1
1788563718.1030,3234519,V,517,454,43528
1788563718.1031,3234527,V,520,457,-1
1788563718.1031,3234535,V,524,461,-1
1788563718.1031,3234543,V,504,443,-1
1788563718.1031,3234551,V,505,444,-1
1788563718.1031,3234559,V,513,451,-1
1788563718.1047,3234573,V,531,467,43529
1788563718.1047,3234581,V,515,453,-1
1788563718.1047,3234589,V,501,440,-1
1788563718.1047,3234597,V,505,444,-1
1788563718.1047,3234605,V,498,438,-1
1788563718.1047,3234613,V,513,451,-1
1788563718.1538,3234627,V,521,458,43530
1788563718.1538,3234635,V,561,493,-1
1788563718.1538,3234643,V,532,468,-1
1788563718.1538,3234651,V,491,432,-1
1788563718.1538,3234659,V,504,443,-1
1788563718.1538,3234667,V,513,451,-1
1788563718.2019,3234681,V,508,446,43531
1788563718.2019,3234689,V,489,430,-1
1788563718.2019,3234697,V,479,421,-1
1788563718.2019,3234705,V,509,447,-1
1788563718.2019,3234713,V,524,461,-1
1788563718.2019,3234721,V,524,461,-1
1788563718.2509,3234734,V,504,443,43532
1788563718.2510,3234742,V,491,432,-1
1788563718.2510,3234750,V,526,462,-1
1788563718.2510,3234758,V,532,468,-1
1788563718.2510,3234766,V,519,456,-1
1788563718.2510,3234774,V,534,469,-1
1788563718.3466,3234788,V,503,442,43533
1788563718.3467,3234796,V,514,452,-1
1788563718.3467,3234804,V,535,470,-1
1788563718.3467,3234812,V,525,461,-1
1788563718.3467,3234820,V,523,460,-1
1788563718.3467,3234828,V,519,456,-1
1788563718.3953,3234842,V,534,469,43534
1788563718.3953,3234850,V,514,452,-1
1788563718.3953,3234858,V,499,439,-1
1788563718.3953,3234866,V,479,421,-1
1788563718.3954,3234874,V,489,430,-1
1788563718.3954,3234882,V,515,453,-1
1788563718.4456,3234896,V,510,448,43535
1788563718.4456,3234904,V,518,455,-1
1788563718.4456,3234912,V,532,468,-1
1788563718.4456,3234920,V,520,457,-1
1788563718.4456,3234928,V,496,436,-1
1788563718.4456,3234936,V,514,452,-1
1788563718.4945,3234949,V,493,433,43536
1788563718.4945,3234957,V,528,464,-1
1788563718.4946,3234965,V,522,459,-1
1788563718.4946,3234973,V,529,465,-1
1788563718.4946,3234981,V,519,456,-1
1788563718.4946,3234989,V,510,448,-1
1788563718.5424,3235003,V,512,450,43537
1788563718.5424,3235011,V,524,461,-1
1788563718.5424,3235019,V,518,455,-1
1788563718.5424,3235027,V,510,448,-1
1788563718.5424,3235035,V,521,458,-1
1788563718.5424,3235043,V,510,448,-1
1788563718.5902,3235057,V,513,451,43538
1788563718.5903,3235065,V,493,433,-1
1788563718.5903,3235073,V,549,483,-1
1788563718.5903,3235081,V,503,442,-1
1788563718.5903,3235089,V,498,438,-1
1788563718.5903,3235097,V,523,460,-1
1788563718.6878,3235110,V,523,460,43539
1788563718.6878,3235118,V,522,459,-1
1788563718.6878,3235126,V,519,456,-1
1788563718.6878,3235134,V,500,439,-1
1788563718.6879,3235142,V,515,453,-1
1788563718.6879,3235150,V,505,444,-1
1788563718.6889,3235164,V,509,447,43540
1788563718.6889,3235172,V,526,462,-1
1788563718.6889,3235180,V,489,430,-1
1788563718.6889,3235188,V,506,445,-1
1788563718.6889,3235196,V,533,468,-1
1788563718.6889,3235204,V,506,445,-1
1788563718.7381,3235218,V,520,457,43541
1788563718.7381,3235226,V,541,475,-1
1788563718.7381,3235234,V,535,470,-1
1788563718.7382,3235242,V,520,457,-1
1788563718.7382,3235250,V,509,447,-1
1788563718.7382,3235258,V,521,458,-1
1788563718.7883,3235272,V,537,472,43542
1788563718.7883,3235280,V,496,436,-1
1788563718.7883,3235288,V,536,471,-1
1788563718.7883,3235296,V,519,456,-1
1788563718.7883,3235304,V,545,479,-1
1788563718.7883,3235312,V,542,476,-1
1788563718.8831,3235325,V,531,467,43543
1788563718.8833,3235333,V,522,459,-1
1788563718.8833,3235341,V,522,459,-1
1788563718.8833,3235349,V,516,454,-1
1788563718.8833,3235357,V,520,457,-1
1788563718.8833,3235365,V,517,454,-1
1788563718.9319,3235379,V,513,451,43544
1788563718.9319,3235387,V,515,453,-1
1788563718.9319,3235395,V,507,446,-1
1788563718.9319,3235403,V,509,447,-1
1788563718.9319,3235411,V,523,460,-1
1788563718.9319,3235419,V,504,443,-1
1788563718.9806,3235433,V,507,446,43545
1788563718.9807,3235441,V,516,454,-1
1788563718.9807,3235449,V,498,438,-1
1788563718.9807,3235457,V,497,437,-1
1788563718.9807,3235465,V,494,434,-1
1788563718.9807,3235473,V,519,456,-1
1788563719.0795,3235486,V,528,464,43546
1788563719.0795,3235494,V,485,426,-1
1788563719.0795,3235502,V,508,446,-1
1788563719.0795,3235510,V,564,496,-1
1788563719.0795,3235518,V,508,446,-1
1788563719.0795,3235526,V,507,446,-1
1788563719.0799,3235540,V,514,452,43547
1788563719.0799,3235548,V,514,452,-1
1788563719.0799,3235556,V,520,457,-1
1788563719.0799,3235564,V,501,440,-1
1788563719.0799,3235572,V,534,469,-1
1788563719.0799,3235580,V,497,437,-1
1788563719.1270,3235594,V,523,460,43548
1788563719.1272,3235602,V,533,468,-1
1788563719.1272,3235610,V,527,463,-1
1788563719.1272,3235618,V,512,450,-1
1788563719.1272,3235626,V,523,460,-1
1788563719.1272,3235634,V,502,441,-1
1788563719.1757,3235648,V,520,457,43549
1788563719.1758,3235656,V,498,438,-1
1788563719.1758,3235664,V,495,435,-1
1788563719.1758,3235672,V,514,452,-1
1788563719.1758,3235680,V,501,440,-1
1788563719.1758,3235688,V,508,446,-1
1788563719.2246,3235701,V,523,460,43550
1788563719.2246,3235709,V,534,469,-1
1788563719.2246,3235717,V,479,421,-1
1788563719.2246,3235725,V,524,461,-1
1788563719.2246,3235733,V,514,452,-1
1788563719.2246,3235741,V,517,454,-1
1788563719.3223,3235755,V,537,472,43551
1788563719.3223,3235763,V,523,460,-1
1788563719.3223,3235771,V,517,454,-1
1788563719.3223,3235779,V,500,439,-1
1788563719.3223,3235787,V,514,452,-1
1788563719.3223,3235795,V,520,457,-1
1788563719.3232,3235809,V,519,456,43552
1788563719.3233,3235817,V,528,464,-1
1788563719.3233,3235825,V,512,450,-1
1788563719.3233,3235833,V,541,475,-1
1788563719.3233,3235841,V,507,446,-1
1788563719.3233,3235849,V,540,475,-1
1788563719.4218,3235862,V,514,452,43553
1788563719.4219,3235870,V,522,459,-1
1788563719.4220,3235878,V,519,456,-1
1788563719.4220,3235886,V,514,452,-1
1788563719.4220,3235894,V,503,442,-1
1788563719.4220,3235902,V,519,456,-1
1788563719.4684,3235916,V,513,451,43554
1788563719.4684,3235924,V,517,454,-1
1788563719.4684,3235932,V,524,461,-1
1788563719.4684,3235940,V,509,447,-1
1788563719.4684,3235948,V,546,480,-1
1788563719.4684,3235956,V,508,446,-1
1788563719.5169,3235970,V,538,473,43555
1788563719.5170,3235978,V,506,445,-1
1788563719.5170,3235986,V,514,452,-1
1788563719.5170,3235994,V,535,470,-1
1788563719.5170,3236002,V,530,466,-1
1788563719.5170,3236010,V,550,483,-1
1788563719.6143,3236024,V,523,460,43556
1788563719.6143,3236032,V,540,475,-1
1788563719.6143,3236040,V,526,462,-1
1788563719.6143,3236048,V,510,448,-1
1788563719.6143,3236056,V,502,441,-1
1788563719.6143,3236064,V,501,440,-1
1788563719.6157,3236077,V,515,453,43557
1788563719.6157,3236085,V,519,456,-1
1788563719.6157,3236093,V,542,476,-1
1788563719.6157,3236101,V,501,440,-1
1788563719.6157,3236109,V,519,456,-1
1788563719.6158,3236117,V,517,454,-1
1788563719.6647,3236131,V,513,451,43558
1788563719.6648,3236139,V,508,446,-1
1788563719.6649,3236147,V,527,463,-1
1788563719.6649,3236155,V,512,450,-1
1788563719.6649,3236163,V,521,458,-1
1788563719.6649,3236171,V,515,453,-1
1788563719.7140,3236185,V,479,421,43559
1788563719.7141,3236193,V,519,456,-1
1788563719.7141,3236201,V,525,461,-1
1788563719.7141,3236209,V,504,443,-1
1788563719.7141,3236217,V,522,459,-1
1788563719.7141,3236225,V,522,459,-1
1788563719.7606,3236239,V,521,458,43560
1788563719.7606,3236247,V,512,450,-1
1788563719.7606,3236255,V,495,435,-1
1788563719.7606,3236263,V,524,461,-1
1788563719.7606,3236271,V,542,476,-1
1788563719.7606,3236279,V,521,458,-1
1788563719.8093,3236292,V,500,439,43561
1788563719.8094,3236300,V,504,443,-1
1788563719.8094,3236308,V,524,461,-1
1788563719.8094,3236316,V,510,448,-1
1788563719.8094,3236324,V,513,451,-1
1788563719.8094,3236332,V,502,441,-1
1788563719.9070,3236346,V,501,440,43562
1788563719.9072,3236354,V,502,441,-1
1788563719.9072,3236362,V,508,446,-1
1788563719.9072,3236370,V,507,446,-1
1788563719.9072,3236378,V,514,452,-1
1788563719.9072,3236386,V,543,477,-1
1788563719.9573,3236400,V,532,468,43563
1788563719.9573,3236408,V,521,458,-1
1788563719.9573,3236416,V,528,464,-1
1788563719.9573,3236424,V,557,490,-1
1788563719.9573,3236432,V,519,456,-1
1788563719.9574,3236440,V,499,439,-1
1788563720.0062,3236453,V,499,439,43564
1788563720.0062,3236461,V,519,456,-1
1788563720.0062,3236469,V,509,447,-1
1788563720.0062,3236477,V,535,470,-1
1788563720.0062,3236485,V,511,449,-1
1788563720.0062,3236493,V,517,454,-1
1788563720.0529,3236507,V,494,434,43565
1788563720.0529,3236515,V,505,444,-1
1788563720.0530,3236523,V,491,432,-1
1788563720.0530,3236531,V,524,461,-1
1788563720.0530,3236539,V,502,441,-1
1788563720.0530,3236547,V,505,444,-1
1788563720.1017,3236561,V,515,453,43566
1788563720.1017,3236569,V,502,441,-1
1788563720.1017,3236577,V,502,441,-1
1788563720.1017,3236585,V,510,448,-1
1788563720.1017,3236593,V,509,447,-1
1788563720.1017,3236601,V,510,448,-1
1788563720.1996,3236615,V,515,453,43567
1788563720.1997,3236623,V,513,451,-1
1788563720.1997,3236631,V,515,453,-1
1788563720.1998,3236639,V,511,449,-1
1788563720.1998,3236647,V,540,475,-1
1788563720.1998,3236655,V,491,432,-1
1788563720.2005,3236668,V,500,439,43568
1788563720.2005,3236676,V,511,449,-1
1788563720.2005,3236684,V,520,457,-1
1788563720.2005,3236692,V,512,450,-1
1788563720.2006,3236700,V,511,449,-1
1788563720.2006,3236708,V,517,454,-1
1788563720.2502,3236722,V,511,449,43569
1788563720.2503,3236730,V,518,455,-1
1788563720.2503,3236738,V,535,470,-1
1788563720.2503,3236746,V,527,463,-1
1788563720.2504,3236754,V,524,461,-1
1788563720.2504,3236762,V,520,457,-1
1788563720.3457,3236776,V,496,436,43570
1788563720.3458,3236784,V,525,461,-1
1788563720.3458,3236792,V,527,463,-1
1788563720.3458,3236800,V,537,472,-1
1788563720.3458,3236808,V,506,445,-1
1788563720.3458,3236816,V,506,445,-1
1788563720.3468,3236830,V,596,524,43571
1788563720.3468,3236838,V,513,451,-1
1788563720.3468,3236846,V,506,445,-1
1788563720.3468,3236854,V,502,441,-1
1788563720.3468,3236862,V,525,461,-1
1788563720.3468,3236870,V,513,451,-1
1788563720.4434,3236883,V,511,449,43572
1788563720.4436,3236891,V,498,438,-1
1788563720.4436,3236899,V,482,424,-1
1788563720.4436,3236907,V,505,444,-1
1788563720.4436,3236915,V,510,448,-1
1788563720.4436,3236923,V,522,459,-1
1788563720.4928,3236937,V,526,462,43573
1788563720.4929,3236945,V,502,441,-1
1788563720.4929,3236953,V,508,446,-1
1788563720.4929,3236961,V,524,461,-1
1788563720.4929,3236969,V,508,446,-1
1788563720.4929,3236977,V,507,446,-1
1788563720.5419,3236991,V,516,454,43574
1788563720.5420,3236999,V,519,456,-1
1788563720.5420,3237007,V,514,452,-1
1788563720.5420,3237015,V,517,454,-1
1788563720.5420,3237023,V,518,455,-1
1788563720.5420,3237031,V,507,446,-1
1788563720.5907,3237044,V,498,438,43575
1788563720.5908,3237052,V,495,435,-1
1788563720.5908,3237060,V,531,467,-1
1788563720.5908,3237068,V,509,447,-1
1788563720.5908,3237076,V,491,432,-1
1788563720.5908,3237084,V,532,468,-1
1788563720.6380,3237098,V,512,450,43576
1788563720.6381,3237106,V,507,446,-1
1788563720.6381,3237114,V,508,446,-1
1788563720.6381,3237122,V,524,461,-1
1788563720.6381,3237130,V,531,467,-1
1788563720.6381,3237138,V,504,443,-1
1788563720.6868,3237152,V,531,467,43577
1788563720.6870,3237160,V,518,455,-1
1788563720.6870,3237168,V,526,462,-1
1788563720.6870,3237176,V,525,461,-1
1788563720.6870,3237184,V,539,474,-1
1788563720.6870,3237192,V,515,453,-1
1788563720.7359,3237206,V,523,460,43578
1788563720.7359,3237214,V,512,450,-1
1788563720.7359,3237222,V,492,432,-1
1788563720.7360,3237230,V,521,458,-1
1788563720.7360,3237238,V,531,467,-1
1788563720.7360,3237246,V,518,455,-1
1788563720.7843,3237259,V,528,464,43579
1788563720.7843,3237267,V,550,483,-1
1788563720.7843,3237275,V,509,447,-1
1788563720.7843,3237283,V,524,461,-1
1788563720.7843,3237291,V,518,455,-1
1788563720.7843,3237299,V,510,448,-1
1788563720.8335,3237313,V,513,451,43580
1788563720.8335,3237321,V,537,472,-1
1788563720.8335,3237329,V,534,469,-1
1788563720.8335,3237337,V,512,450,-1
1788563720.8335,3237345,V,515,453,-1
1788563720.8335,3237353,V,517,454,-1
1788563720.8828,3237367,V,514,452,43581
1788563720.8829,3237375,V,507,446,-1
1788563720.8829,3237383,V,530,466,-1
1788563720.8829,3237391,V,523,460,-1
1788563720.8829,3237399,V,533,468,-1
1788563720.8829,3237407,V,507,446,-1
1788563720.9789,3237421,V,529,465,43582
1788563720.9790,3237429,V,520,457,-1
1788563720.9790,3237437,V,498,438,-1
1788563720.9790,3237445,V,525,461,-1
1788563720.9790,3237453,V,499,439,-1
1788563720.9790,3237461,V,513,451,-1
1788563721.0278,3237474,V,520,457,43583
1788563721.0278,3237482,V,529,465,-1
1788563721.0278,3237490,V,507,446,-1
1788563721.0278,3237498,V,519,456,-1
1788563721.0278,3237506,V,510,448,-1
1788563721.0278,3237514,V,525,461,-1
1788563721.0764,3237528,V,550,483,43584
1788563721.0764,3237536,V,520,457,-1
1788563721.0764,3237544,V,520,457,-1
1788563721.0764,3237552,V,505,444,-1
1788563721.0764,3237560,V,521,458,-1
1788563721.0764,3237568,V,534,469,-1
1788563721.1251,3237582,V,506,445,43585
1788563721.1251,3237590,V,524,461,-1
1788563721.1251,3237598,V,508,446,-1
1788563721.1251,3237606,V,514,452,-1
1788563721.1251,3237614,V,541,475,-1
1788563721.1251,3237622,V,503,442,-1
1788563721.1748,3237635,V,494,434,43586
1788563721.1748,3237643,V,502,441,-1
1788563721.1748,3237651,V,533,468,-1
1788563721.1748,3237659,V,526,462,-1
1788563721.1748,3237667,V,519,456,-1
1788563721.1748,3237675,V,531,467,-1
1788563721.2730,3237689,V,534,469,43587
1788563721.2731,3237697,V,518,455,-1
1788563721.2731,3237705,V,546,480,-1
1788563721.2732,3237713,V,506,445,-1
1788563721.2732,3237721,V,504,443,-1
1788563721.2732,3237729,V,518,455,-1
1788563721.2735,3237743,V,507,446,43588
1788563721.2735,3237751,V,514,452,-1
1788563721.2735,3237759,V,523,460,-1
1788563721.2735,3237767,V,523,460,-1
1788563721.2735,3237775,V,523,460,-1
1788563721.2735,3237783,V,498,438,-1
1788563721.3204,3237797,V,511,449,43589
1788563721.3204,3237805,V,508,446,-1
1788563721.3204,3237813,V,527,463,-1
1788563721.3205,3237821,V,518,455,-1
1788563721.3205,3237829,V,517,454,-1
1788563721.3205,3237837,V,531,467,-1
1788563721.3688,3237850,V,508,446,43590
1788563721.3688,3237858,V,503,442,-1
1788563721.3688,3237866,V,544,478,-1
1788563721.3688,3237874,V,500,439,-1
1788563721.3688,3237882,V,503,442,-1
1788563721.3688,3237890,V,496,436,-1
1788563721.4197,3237904,V,490,431,43591
1788563721.4197,3237912,V,519,456,-1
1788563721.4197,3237920,V,528,464,-1
1788563721.4197,3237928,V,504,443,-1
1788563721.4198,3237936,V,521,458,-1
1788563721.4198,3237944,V,507,446,-1
1788563721.5167,3237958,V,527,463,43592
1788563721.5168,3237966,V,509,447,-1
1788563721.5168,3237974,V,526,462,-1
1788563721.5168,3237982,V,518,455,-1
1788563721.5168,3237990,V,482,424,-1
1788563721.5168,3237998,V,503,442,-1
1788563721.5651,3238012,V,554,487,43593
1788563721.5652,3238020,V,490,431,-1
1788563721.5652,3238028,V,485,426,-1
1788563721.5652,3238036,V,531,467,-1
1788563721.5652,3238044,V,501,440,-1
1788563721.5652,3238052,V,507,446,-1
1788563721.6128,3238065,V,529,465,43594
1788563721.6128,3238073,V,547,481,-1
1788563721.6128,3238081,V,521,458,-1
1788563721.6128,3238089,V,507,446,-1
1788563721.6128,3238097,V,524,461,-1
1788563721.6128,3238105,V,516,454,-1
1788563721.6616,3238119,V,517,454,43595
1788563721.6616,3238127,V,505,444,-1
1788563721.6616,3238135,V,498,438,-1
1788563721.6616,3238143,V,564,496,-1
1788563721.6616,3238151,V,527,463,-1
1788563721.6616,3238159,V,510,448,-1
1788563721.7103,3238173,V,517,454,43596
1788563721.7103,3238181,V,545,479,-1
1788563721.7103,3238189,V,528,464,-1
1788563721.7103,3238197,V,508,446,-1
1788563721.7103,3238205,V,511,449,-1
1788563721.7103,3238213,V,513,451,-1
1788563721.7609,3238226,V,513,451,43597
1788563721.7610,3238234,V,536,471,-1
1788563721.7610,3238242,V,519,456,-1
1788563721.7610,3238250,V,526,462,-1
1788563721.7610,3238258,V,508,446,-1
1788563721.7610,3238266,V,531,467,-1
1788563721.8100,3238280,V,499,439,43598
1788563721.8100,3238288,V,511,449,-1
1788563721.8100,3238296,V,520,457,-1
1788563721.8101,3238304,V,521,458,-1
1788563721.8101,3238312,V,526,462,-1
1788563721.8101,3238320,V,506,445,-1
1788563721.8566,3238334,V,518,455,43599
1788563721.8566,3238342,V,510,448,-1
1788563721.8567,3238350,V,502,441,-1
1788563721.8567,3238358,V,518,455,-1
1788563721.8567,3238366,V,532,468,-1
1788563721.8567,3238374,V,511,449,-1
1788563721.9053,3238388,V,528,464,43600
1788563721.9053,3238396,V,514,452,-1
1788563721.9053,3238404,V,504,443,-1
1788563721.9053,3238412,V,494,434,-1
1788563721.9054,3238420,V,523,460,-1
1788563721.9054,3238428,V,528,464,-1
1788563721.9543,3238441,V,502,441,43601
1788563721.9543,3238449,V,519,456,-1
1788563721.9543,3238457,V,524,461,-1
1788563721.9543,3238465,V,508,446,-1
1788563721.9543,3238473,V,543,477,-1
1788563721.9543,3238481,V,500,439,-1
1788563722.0533,3238495,V,506,445,43602
1788563722.0534,3238503,V,510,448,-1
1788563722.0534,3238511,V,510,448,-1
1788563722.0534,3238519,V,534,469,-1
1788563722.0534,3238527,V,514,452,-1
1788563722.0534,3238535,V,517,454,-1
1788563722.1024,3238549,V,536,471,43603
1788563722.1024,3238557,V,532,468,-1
1788563722.1024,3238565,V,492,432,-1
1788563722.1025,3238573,V,503,442,-1
1788563722.1025,3238581,V,539,474,-1
1788563722.1025,3238589,V,522,459,-1
1788563722.1491,3238603,V,523,460,43604
1788563722.1491,3238611,V,512,450,-1
1788563722.1491,3238619,V,513,451,-1
1788563722.1491,3238627,V,504,443,-1
1788563722.1491,3238635,V,502,441,-1
1788563722.1491,3238643,V,526,462,-1
1788563722.1980,3238656,V,521,458,43605
1788563722.1980,3238664,V,518,455,-1
1788563722.1980,3238672,V,516,454,-1
1788563722.1980,3238680,V,504,443,-1
1788563722.1980,3238688,V,509,447,-1
1788563722.1980,3238696,V,554,487,-1
1788563722.2969,3238710,V,511,449,43606
1788563722.2971,3238718,V,512,450,-1
1788563722.2971,3238726,V,501,440,-1
1788563722.2971,3238734,V,530,466,-1
1788563722.2971,3238742,V,509,447,-1
1788563722.2971,3238750,V,534,469,-1
1788563722.2973,3238764,V,514,452,43607
1788563722.2973,3238772,V,497,437,-1
1788563722.2973,3238780,V,501,440,-1
1788563722.2973,3238788,V,518,455,-1
1788563722.2973,3238796,V,538,473,-1
1788563722.2973,3238804,V,506,445,-1
1788563722.3472,3238817,V,511,449,43608
1788563722.3473,3238825,V,545,479,-1
1788563722.3473,3238833,V,499,439,-1
1788563722.3473,3238841,V,538,473,-1
1788563722.3473,3238849,V,515,453,-1
1788563722.3473,3238857,V,499,439,-1
1788563722.3927,3238871,V,500,439,43609
1788563722.3927,3238879,V,553,486,-1
1788563722.3928,3238887,V,485,426,-1
1788563722.3928,3238895,V,529,465,-1
1788563722.3928,3238903,V,527,463,-1
1788563722.3928,3238911,V,525,461,-1
1788563722.4416,3238925,V,523,460,43610
1788563722.4416,3238933,V,520,457,-1
1788563722.4416,3238941,V,512,450,-1
1788563722.4416,3238949,V,508,446,-1
1788563722.4416,3238957,V,514,452,-1
1788563722.4416,3238965,V,518,455,-1
1788563722.5393,3238979,V,527,463,43611
1788563722.5394,3238987,V,492,432,-1
1788563722.5394,3238995,V,499,439,-1
1788563722.5394,3239003,V,484,425,-1
1788563722.5394,3239011,V,536,471,-1
1788563722.5394,3239019,V,539,474,-1
1788563722.5880,3239032,V,500,439,43612
1788563722.5880,3239040,V,510,448,-1
1788563722.5880,3239048,V,498,438,-1
1788563722.5880,3239056,V,522,459,-1
1788563722.5880,3239064,V,512,450,-1
1788563722.5881,3239072,V,499,439,-1
1788563722.6382,3239086,V,532,468,43613
1788563722.6382,3239094,V,505,444,-1
1788563722.6382,3239102,V,501,440,-1
1788563722.6382,3239110,V,502,441,-1
1788563722.6382,3239118,V,529,465,-1
1788563722.6382,3239126,V,539,474,-1
1788563722.6861,3239140,V,540,475,43614
1788563722.6862,3239148,V,522,459,-1
1788563722.6862,3239156,V,527,463,-1
1788563722.6863,3239164,V,515,453,-1
1788563722.6863,3239172,V,524,461,-1
1788563722.6863,3239180,V,525,461,-1
1788563722.7341,3239194,V,520,457,43615
1788563722.7342,3239202,V,508,446,-1
1788563722.7342,3239210,V,502,441,-1
1788563722.7342,3239218,V,536,471,-1
1788563722.7342,3239226,V,507,446,-1
1788563722.7342,3239234,V,493,433,-1
1788563722.7829,3239247,V,481,423,43616
1788563722.7830,3239255,V,519,456,-1
1788563722.7830,3239263,V,519,456,-1
1788563722.7830,3239271,V,512,450,-1
1788563722.7830,3239279,V,515,453,-1
1788563722.7830,3239287,V,495,435,-1
1788563722.8317,3239301,V,501,440,43617
1788563722.8317,3239309,V,486,427,-1
1788563722.8317,3239317,V,505,444,-1
1788563722.8317,3239325,V,521,458,-1
1788563722.8317,3239333,V,527,463,-1
1788563722.8317,3239341,V,501,440,-1
1788563722.8813,3239355,V,533,468,43618
1788563722.8813,3239363,V,516,454,-1
1788563722.8813,3239371,V,531,467,-1
1788563722.8813,3239379,V,548,482,-1
1788563722.8813,3239387,V,511,449,-1
1788563722.8813,3239395,V,502,441,-1
1788563722.9311,3239409,V,526,462,43619
1788563722.9311,3239417,V,529,465,-1
1788563722.9311,3239425,V,528,464,-1
1788563722.9311,3239433,V,531,467,-1
1788563722.9311,3239441,V,536,471,-1
1788563722.9311,3239449,V,525,461,-1
1788563722.9797,3239462,V,535,470,43620
1788563722.9797,3239470,V,499,439,-1
1788563722.9797,3239478,V,510,448,-1
1788563722.9797,3239486,V,518,455,-1
1788563722.9797,3239494,V,493,433,-1
1788563722.9797,3239502,V,512,450,-1
1788563723.0752,3239516,V,517,454,43621
1788563723.0753,3239524,V,500,439,-1
1788563723.0753,3239532,V,516,454,-1
1788563723.0753,3239540,V,524,461,-1
1788563723.0753,3239548,V,529,465,-1
1788563723.0753,3239556,V,514,452,-1
1788563723.1241,3239570,V,509,447,43622
1788563723.1241,3239578,V,527,463,-1
1788563723.1241,3239586,V,512,450,-1
1788563723.1242,3239594,V,514,452,-1
1788563723.1242,3239602,V,513,451,-1
1788563723.1242,3239610,V,524,461,-1
1788563723.1729,3239624,V,537,472,43623
1788563723.1729,3239632,V,510,448,-1
1788563723.1730,3239640,V,506,445,-1
1788563723.1730,3239648,V,518,455,-1
1788563723.1730,3239656,V,506,445,-1
1788563723.1730,3239664,V,513,451,-1
1788563723.2217,3239677,V,512,450,43624
1788563723.2218,3239685,V,506,445,-1
1788563723.2218,3239693,V,508,446,-1
1788563723.2218,3239701,V,539,474,-1
1788563723.2218,3239709,V,510,448,-1
1788563723.2218,3239717,V,503,442,-1
1788563723.2722,3239731,V,514,452,43625
1788563723.2722,3239739,V,529,465,-1
1788563723.2722,3239747,V,535,470,-1
1788563723.2723,3239755,V,527,463,-1
1788563723.2723,3239763,V,495,435,-1
1788563723.2723,3239771,V,495,435,-1
1788563723.3204,3239785,V,523,460,43626
1788563723.3205,3239793,V,524,461,-1
1788563723.3205,3239801,V,524,461,-1
1788563723.3205,3239809,V,503,442,-1
1788563723.3205,3239817,V,501,440,-1
1788563723.3205,3239825,V,509,447,-1
1788563723.3681,3239838,V,545,479,43627
1788563723.3682,3239846,V,551,484,-1
1788563723.3682,3239854,V,511,449,-1
1788563723.3682,3239862,V,509,447,-1
1788563723.3682,3239870,V,517,454,-1
1788563723.3682,3239878,V,519,456,-1
1788563723.4166,3239892,V,516,454,43628
1788563723.4166,3239900,V,513,451,-1
1788563723.4167,3239908,V,534,469,-1
1788563723.4167,3239916,V,510,448,-1
1788563723.4167,3239924,V,515,453,-1
1788563723.4167,3239932,V,499,439,-1
1788563723.4655,3239946,V,532,468,43629
1788563723.4655,3239954,V,517,454,-1
1788563723.4655,3239962,V,503,442,-1
1788563723.4655,3239970,V,505,444,-1
1788563723.4655,3239978,V,500,439,-1
1788563723.4655,3239986,V,508,446,-1
1788563723.5141,3240000,V,494,434,43630
1788563723.5141,3240008,V,504,443,-1
1788563723.5141,3240016,V,512,450,-1
1788563723.5141,3240024,V,491,432,-1
1788563723.5141,3240032,V,531,467,-1
1788563723.5141,3240040,V,544,478,-1
1788563723.6137,3240053,V,516,454,43631
1788563723.6138,3240061,V,507,446,-1
1788563723.6138,3240069,V,503,442,-1
1788563723.6138,3240077,V,525,461,-1
1788563723.6138,3240085,V,504,443,-1
1788563723.6138,3240093,V,521,458,-1
1788563723.6607,3240107,V,499,439,43632
1788563723.6608,3240115,V,519,456,-1
1788563723.6608,3240123,V,500,439,-1
1788563723.6608,3240131,V,500,439,-1
1788563723.6608,3240139,V,509,447,-1
1788563723.6608,3240147,V,521,458,-1
1788563723.7092,3240161,V,506,445,43633
1788563723.7092,3240169,V,536,471,-1
1788563723.7092,3240177,V,514,452,-1
1788563723.7092,3240185,V,495,435,-1
1788563723.7093,3240193,V,514,452,-1
1788563723.7093,3240201,V,515,453,-1
1788563723.7583,3240215,V,518,455,43634
1788563723.7584,3240223,V,520,457,-1
1788563723.7584,3240231,V,517,454,-1
1788563723.7584,3240239,V,489,430,-1
1788563723.7584,3240247,V,493,433,-1
1788563723.7584,3240255,V,511,449,-1
1788563723.8070,3240268,V,515,453,43635
1788563723.8071,3240276,V,526,462,-1
1788563723.8071,3240284,V,510,448,-1
1788563723.8071,3240292,V,511,449,-1
1788563723.8071,3240300,V,547,481,-1
1788563723.8071,3240308,V,513,451,-1
1788563723.8571,3240322,V,531,467,43636
1788563723.8573,3240330,V,521,458,-1
1788563723.8574,3240338,V,529,465,-1
1788563723.8574,3240346,V,490,431,-1
1788563723.8574,3240354,V,508,446,-1
1788563723.8575,3240362,V,513,451,-1
1788563723.9066,3240376,V,523,460,43637
1788563723.9066,3240384,V,547,481,-1
1788563723.9066,3240392,V,516,454,-1
1788563723.9066,3240400,V,539,474,-1
1788563723.9066,3240408,V,512,450,-1
1788563723.9066,3240416,V,504,443,-1
1788563723.9531,3240430,V,548,482,43638
1788563723.9531,3240438,V,498,438,-1
1788563723.9531,3240446,V,548,482,-1
1788563723.9531,3240454,V,519,456,-1
1788563723.9531,3240462,V,522,459,-1
1788563723.9531,3240470,V,499,439,-1
1788563724.0019,3240483,V,529,465,43639
1788563724.0019,3240491,V,515,453,-1
1788563724.0019,3240499,V,508,446,-1
1788563724.0019,3240507,V,511,449,-1
1788563724.0019,3240515,V,507,446,-1
1788563724.0020,3240523,V,521,458,-1
1788563724.0508,3240537,V,511,449,43640
1788563724.0508,3240545,V,496,436,-1
1788563724.0509,3240553,V,539,474,-1
1788563724.0509,3240561,V,512,450,-1
1788563724.0509,3240569,V,529,465,-1
1788563724.0509,3240577,V,540,475,-1
1788563724.1988,3240591,V,539,474,43641
1788563724.1991,3240599,V,525,461,-1
1788563724.1991,3240607,V,520,457,-1
1788563724.1991,3240615,V,521,458,-1
1788563724.1991,3240623,V,537,472,-1
1788563724.1991,3240631,V,535,470,-1
1788563724.1995,3240644,V,505,444,43642
1788563724.1995,3240652,V,494,434,-1
1788563724.1995,3240660,V,488,429,-1
1788563724.1995,3240668,V,526,462,-1
1788563724.1995,3240676,V,524,461,-1
1788563724.1995,3240684,V,496,436,-1
1788563724.2959,3240698,V,523,460,43643
1788563724.2959,3240706,V,523,460,-1
1788563724.2959,3240714,V,532,468,-1
1788563724.2959,3240722,V,489,430,-1
1788563724.2959,3240730,V,545,479,-1
1788563724.2959,3240738,V,503,442,-1
1788563724.2962,3240752,V,489,430,43644
1788563724.2962,3240760,V,511,449,-1
1788563724.2963,3240768,V,518,455,-1
1788563724.2963,3240776,V,507,446,-1
1788563724.2963,3240784,V,512,450,-1
1788563724.2963,3240792,V,509,447,-1
1788563724.3917,3240806,V,513,451,43645
1788563724.3918,3240814,V,536,471,-1
1788563724.3918,3240822,V,503,442,-1
1788563724.3918,3240830,V,510,448,-1
1788563724.3918,3240838,V,510,448,-1
1788563724.3918,3240846,V,483,425,-1
1788563724.3928,3240860,V,549,483,43646
1788563724.3928,3240868,V,505,444,-1
1788563724.3929,3240876,V,545,479,-1
1788563724.3929,3240884,V,508,446,-1
1788563724.3929,3240892,V,513,451,-1
1788563724.3929,3240900,V,509,447,-1
1788563724.4438,3240913,V,517,454,43647
1788563724.4440,3240921,V,501,440,-1
1788563724.4440,3240929,V,507,446,-1
1788563724.4440,3240937,V,517,454,-1
1788563724.4440,3240945,V,507,446,-1
1788563724.4440,3240953,V,468,411,-1
1788563724.4905,3240967,V,477,419,43648
1788563724.4905,3240975,V,505,444,-1
1788563724.4905,3240983,V,533,468,-1
1788563724.4905,3240991,V,483,425,-1
1788563724.4905,3240999,V,548,482,-1
1788563724.4905,3241007,V,537,472,-1
1788563724.5380,3241021,V,538,473,43649
1788563724.5380,3241029,V,512,450,-1
1788563724.5381,3241037,V,514,452,-1
1788563724.5381,3241045,V,536,471,-1
1788563724.5381,3241053,V,514,452,-1
1788563724.5381,3241061,V,522,459,-1
1788563724.6356,3241074,V,500,439,43650
1788563724.6357,3241082,V,546,480,-1
1788563724.6357,3241090,V,511,449,-1
1788563724.6357,3241098,V,508,446,-1
1788563724.6357,3241106,V,539,474,-1
1788563724.6357,3241114,V,516,454,-1
1788563724.6842,3241128,V,514,452,43651
1788563724.6843,3241136,V,512,450,-1
1788563724.6843,3241144,V,515,453,-1
1788563724.6843,3241152,V,530,466,-1
1788563724.6843,3241160,V,506,445,-1
1788563724.6843,3241168,V,505,444,-1
1788563724.7342,3241182,V,516,454,43652
1788563724.7342,3241190,V,540,475,-1
1788563724.7342,3241198,V,506,445,-1
1788563724.7342,3241206,V,501,440,-1
1788563724.7343,3241214,V,554,487,-1
1788563724.7343,3241222,V,493,433,-1
1788563724.7822,3241236,V,545,479,43653
1788563724.7822,3241244,V,521,458,-1
1788563724.7822,3241252,V,523,460,-1
1788563724.7822,3241260,V,527,463,-1
1788563724.7822,3241268,V,517,454,-1
1788563724.7822,3241276,V,502,441,-1
1788563724.8303,3241290,V,527,463,43654
1788563724.8304,3241298,V,527,463,-1
1788563724.8304,3241306,V,497,437,-1
1788563724.8304,3241314,V,504,443,-1
1788563724.8304,3241322,V,540,475,-1
1788563724.8304,3241330,V,508,446,-1
1788563724.8791,3241343,V,533,468,43655
1788563724.8791,3241351,V,513,451,-1
1788563724.8791,3241359,V,537,472,-1
1788563724.8791,3241367,V,503,442,-1
1788563724.8791,3241375,V,510,448,-1
1788563724.8791,3241383,V,502,441,-1
1788563724.9279,3241397,V,490,431,43656
1788563724.9280,3241405,V,542,476,-1
1788563724.9280,3241413,V,539,474,-1
1788563724.9280,3241421,V,538,473,-1
1788563724.9280,3241429,V,548,482,-1
1788563724.9280,3241437,V,524,461,-1
1788563724.9768,3241451,V,538,473,43657
1788563724.9768,3241459,V,549,483,-1
1788563724.9768,3241467,V,500,439,-1
1788563724.9768,3241475,V,505,444,-1
1788563724.9768,3241483,V,540,475,-1
1788563724.9768,3241491,V,508,446,-1
1788563725.0255,3241504,V,505,444,43658
1788563725.0255,3241512,V,518,455,-1
1788563725.0255,3241520,V,512,450,-1
1788563725.0255,3241528,V,516,454,-1
1788563725.0255,3241536,V,514,452,-1
1788563725.0255,3241544,V,509,447,-1
1788563725.0755,3241558,V,554,487,43659
1788563725.0755,3241566,V,523,460,-1
1788563725.0755,3241574,V,495,435,-1
1788563725.0755,3241582,V,493,433,-1
1788563725.0755,3241590,V,492,432,-1
1788563725.0755,3241598,V,527,463,-1
1788563725.1717,3241612,V,531,467,43660
1788563725.1718,3241620,V,509,447,-1
1788563725.1718,3241628,V,515,453,-1
1788563725.1718,3241636,V,512,450,-1
1788563725.1718,3241644,V,511,449,-1
1788563725.1718,3241652,V,501,440,-1
1788563725.2215,3241666,V,504,443,43661
1788563725.2215,3241674,V,501,440,-1
1788563725.2215,3241682,V,535,470,-1
1788563725.2215,3241690,V,515,453,-1
1788563725.2215,3241698,V,505,444,-1
1788563725.2215,3241706,V,511,449,-1
1788563725.2701,3241719,V,522,459,43662
1788563725.2701,3241727,V,515,453,-1
1788563725.2701,3241735,V,517,454,-1
1788563725.2701,3241743,V,521,458,-1
1788563725.2701,3241751,V,509,447,-1
1788563725.2701,3241759,V,518,455,-1
1788563725.3206,3241773,V,522,459,43663
1788563725.3206,3241781,V,508,446,-1
1788563725.3206,3241789,V,497,437,-1
1788563725.3206,3241797,V,544,478,-1
1788563725.3206,3241805,V,544,478,-1
1788563725.3206,3241813,V,524,461,-1
1788563725.3693,3241827,V,489,430,43664
1788563725.3694,3241835,V,490,431,-1
1788563725.3694,3241843,V,520,457,-1
1788563725.3694,3241851,V,498,438,-1
1788563725.3694,3241859,V,554,487,-1
1788563725.3694,3241867,V,519,456,-1
1788563725.4167,3241881,V,500,439,43665
1788563725.4168,3241889,V,494,434,-1
1788563725.4168,3241897,V,535,470,-1
1788563725.4168,3241905,V,494,434,-1
1788563725.4168,3241913,V,520,457,-1
1788563725.4168,3241921,V,523,460,-1
1788563725.4650,3241934,V,521,458,43666
1788563725.4650,3241942,V,517,454,-1
1788563725.4650,3241950,V,521,458,-1
1788563725.4650,3241958,V,504,443,-1
1788563725.4650,3241966,V,531,467,-1
1788563725.4650,3241974,V,530,466,-1
1788563725.5130,3241988,V,529,465,43667
1788563725.5130,3241996,V,559,491,-1
1788563725.5130,3242004,V,513,451,-1
1788563725.5130,3242012,V,522,459,-1
1788563725.5130,3242020,V,524,461,-1
1788563725.5130,3242028,V,528,464,-1
1788563725.5616,3242042,V,514,452,43668
1788563725.5617,3242050,V,520,457,-1
1788563725.5617,3242058,V,511,449,-1
1788563725.5617,3242066,V,538,473,-1
1788563725.5617,3242074,V,497,437,-1
1788563725.5617,3242082,V,505,444,-1
1788563725.6117,3242096,V,524,461,43669
1788563725.6117,3242104,V,493,433,-1
1788563725.6117,3242112,V,482,424,-1
1788563725.6117,3242120,V,494,434,-1
1788563725.6119,3242128,V,525,461,-1
1788563725.6119,3242136,V,524,461,-1
1788563725.7111,3242149,V,515,453,43670
1788563725.7112,3242157,V,511,449,-1
1788563725.7112,3242165,V,518,455,-1
1788563725.7112,3242173,V,516,454,-1
1788563725.7112,3242181,V,520,457,-1
1788563725.7112,3242189,V,505,444,-1
1788563725.7581,3242203,V,527,463,43671
1788563725.7581,3242211,V,536,471,-1
1788563725.7581,3242219,V,502,441,-1
1788563725.7581,3242227,V,512,450,-1
1788563725.7581,3242235,V,525,461,-1
1788563725.7581,3242243,V,513,451,-1
1788563725.8117,3242257,V,515,453,43672
1788563725.8117,3242265,V,523,460,-1
1788563725.8117,3242273,V,511,449,-1
1788563725.8117,3242281,V,511,449,-1
1788563725.8117,3242289,V,532,468,-1
1788563725.8117,3242297,V,530,466,-1
1788563725.8541,3242310,V,534,469,43673
1788563725.8541,3242318,V,508,446,-1
1788563725.8541,3242326,V,516,454,-1
1788563725.8541,3242334,V,541,475,-1
1788563725.8541,3242342,V,508,446,-1
1788563725.8541,3242350,V,509,447,-1
1788563725.9034,3242364,V,519,456,43674
1788563725.9034,3242372,V,506,445,-1
1788563725.9034,3242380,V,511,449,-1
1788563725.9034,3242388,V,509,447,-1
1788563725.9034,3242396,V,503,442,-1
1788563725.9034,3242404,V,511,449,-1
1788563725.9525,3242418,V,512,450,43675
1788563725.9527,3242426,V,510,448,-1
1788563725.9528,3242434,V,563,495,-1
1788563725.9528,3242442,V,512,450,-1
1788563725.9528,3242450,V,491,432,-1
1788563725.9528,3242458,V,505,444,-1
1788563726.0022,3242472,V,521,458,43676
1788563726.0022,3242480,V,519,456,-1
1788563726.0022,3242488,V,527,463,-1
1788563726.0022,3242496,V,495,435,-1
1788563726.0022,3242504,V,517,454,-1
1788563726.0022,3242512,V,511,449,-1
1788563726.0491,3242525,V,517,454,43677
1788563726.0491,3242533,V,525,461,-1
1788563726.0491,3242541,V,514,452,-1
1788563726.0491,3242549,V,506,445,-1
1788563726.0491,3242557,V,507,446,-1
1788563726.0491,3242565,V,527,463,-1
1788563726.1470,3242579,V,502,441,43678
1788563726.1470,3242587,V,497,437,-1
1788563726.1470,3242595,V,497,437,-1
1788563726.1470,3242603,V,491,432,-1
1788563726.1470,3242611,V,524,461,-1
1788563726.1470,3242619,V,516,454,-1
1788563726.1486,3242633,V,505,444,43679
1788563726.1486,3242641,V,527,463,-1
1788563726.1486,3242649,V,517,454,-1
1788563726.1486,3242657,V,529,465,-1
1788563726.1486,3242665,V,521,458,-1
1788563726.1486,3242673,V,526,462,-1
1788563726.2443,3242687,V,505,444,43680
1788563726.2444,3242695,V,520,457,-1
1788563726.2444,3242703,V,493,433,-1
1788563726.2444,3242711,V,530,466,-1
1788563726.2444,3242719,V,521,458,-1
1788563726.2444,3242727,V,510,448,-1
1788563726.2946,3242740,V,517,454,43681
1788563726.2946,3242748,V,530,466,-1
1788563726.2946,3242756,V,510,448,-1
1788563726.2946,3242764,V,519,456,-1
1788563726.2946,3242772,V,502,441,-1
1788563726.2947,3242780,V,527,463,-1
1788563726.3418,3242794,V,493,433,43682
1788563726.3418,3242802,V,497,437,-1
1788563726.3418,3242810,V,507,446,-1
1788563726.3418,3242818,V,501,440,-1
1788563726.3418,3242826,V,536,471,-1
1788563726.3418,3242834,V,535,470,-1
1788563726.3905,3242848,V,505,444,43683
1788563726.3905,3242856,V,523,460,-1
1788563726.3905,3242864,V,517,454,-1
1788563726.3905,3242872,V,562,494,-1
1788563726.3905,3242880,V,500,439,-1
1788563726.3905,3242888,V,515,453,-1
1788563726.4880,3242901,V,530,466,43684
1788563726.4882,3242909,V,503,442,-1
1788563726.4882,3242917,V,541,475,-1
1788563726.4882,3242925,V,518,455,-1
1788563726.4882,3242933,V,517,454,-1
1788563726.4882,3242941,V,490,431,-1
1788563726.4892,3242955,V,513,451,43685
1788563726.4892,3242963,V,500,439,-1
1788563726.4892,3242971,V,499,439,-1
1788563726.4892,3242979,V,507,446,-1
1788563726.4892,3242987,V,535,470,-1
1788563726.4892,3242995,V,544,478,-1
1788563726.5394,3243009,V,503,442,43686
1788563726.5394,3243017,V,516,454,-1
1788563726.5394,3243025,V,537,472,-1
1788563726.5395,3243033,V,510,448,-1
1788563726.5395,3243041,V,499,439,-1
1788563726.5395,3243049,V,504,443,-1
1788563726.5864,3243063,V,537,472,43687
1788563726.5864,3243071,V,530,466,-1
1788563726.5864,3243079,V,510,448,-1
1788563726.5864,3243087,V,517,454,-1
1788563726.5864,3243095,V,508,446,-1
1788563726.5864,3243103,V,520,457,-1
1788563726.6344,3243116,V,513,451,43688
1788563726.6345,3243124,V,493,433,-1
1788563726.6345,3243132,V,506,445,-1
1788563726.6345,3243140,V,518,455,-1
1788563726.6345,3243148,V,532,468,-1
1788563726.6345,3243156,V,530,466,-1
1788563726.6829,3243170,V,539,474,43689
1788563726.6829,3243178,V,520,457,-1
1788563726.6829,3243186,V,502,441,-1
1788563726.6829,3243194,V,515,453,-1
1788563726.6829,3243202,V,527,463,-1
1788563726.6830,3243210,V,549,483,-1
1788563726.7806,3243224,V,500,439,43690
1788563726.7807,3243232,V,530,466,-1
1788563726.7807,3243240,V,530,466,-1
1788563726.7808,3243248,V,501,440,-1
1788563726.7808,3243256,V,505,444,-1
1788563726.7808,3243264,V,520,457,-1
1788563726.8312,3243277,V,510,448,43691
1788563726.8312,3243285,V,534,469,-1
1788563726.8312,3243293,V,494,434,-1
1788563726.8313,3243301,V,511,449,-1
1788563726.8313,3243309,V,561,493,-1
1788563726.8313,3243317,V,537,472,-1
1788563726.9272,3243331,V,490,431,43692
1788563726.9272,3243339,V,498,438,-1
1788563726.9272,3243347,V,503,442,-1
1788563726.9272,3243355,V,512,450,-1
1788563726.9273,3243363,V,509,447,-1
1788563726.9273,3243371,V,510,448,-1
1788563726.9281,3243385,V,538,473,43693
1788563726.9281,3243393,V,536,471,-1
1788563726.9281,3243401,V,484,425,-1
1788563726.9281,3243409,V,522,459,-1
1788563726.9281,3243417,V,508,446,-1
1788563726.9281,3243425,V,522,459,-1
1788563726.9758,3243439,V,498,438,43694
1788563726.9759,3243447,V,532,468,-1
1788563726.9759,3243455,V,500,439,-1
1788563726.9759,3243463,V,522,459,-1
1788563726.9759,3243471,V,530,466,-1
1788563726.9759,3243479,V,529,465,-1
1788563727.0246,3243492,V,538,473,43695
1788563727.0247,3243500,V,512,450,-1
1788563727.0248,3243508,V,522,459,-1
1788563727.0248,3243516,V,513,451,-1
1788563727.0248,3243524,V,509,447,-1
1788563727.0248,3243532,V,514,452,-1
1788563727.0735,3243546,V,516,454,43696
1788563727.0736,3243554,V,515,453,-1
1788563727.0736,3243562,V,496,436,-1
1788563727.0736,3243570,V,522,459,-1
1788563727.0736,3243578,V,507,446,-1
1788563727.0736,3243586,V,504,443,-1
1788563727.1221,3243600,V,509,447,43697
1788563727.1221,3243608,V,511,449,-1
1788563727.1221,3243616,V,497,437,-1
1788563727.1221,3243624,V,527,463,-1
1788563727.1221,3243632,V,502,441,-1
1788563727.1221,3243640,V,505,444,-1
1788563727.1727,3243653,V,487,428,43698
1788563727.1728,3243661,V,507,446,-1
1788563727.1728,3243669,V,515,453,-1
1788563727.1728,3243677,V,500,439,-1
1788563727.1728,3243685,V,508,446,-1
1788563727.1728,3243693,V,527,463,-1
1788563727.2683,3243707,V,535,470,43699
1788563727.2685,3243715,V,513,451,-1
1788563727.2685,3243723,V,498,438,-1
1788563727.2685,3243731,V,510,448,-1
1788563727.2685,3243739,V,520,457,-1
1788563727.2685,3243747,V,547,481,-1
1788563727.3185,3243761,V,518,455,43700
1788563727.3185,3243769,V,521,458,-1
1788563727.3185,3243777,V,527,463,-1
1788563727.3185,3243785,V,520,457,-1
1788563727.3185,3243793,V,540,475,-1
1788563727.3185,3243801,V,527,463,-1
1788563727.3659,3243815,V,538,473,43701
1788563727.3659,3243823,V,520,457,-1
1788563727.3659,3243831,V,529,465,-1
1788563727.3659,3243839,V,522,459,-1
1788563727.3659,3243847,V,506,445,-1
1788563727.3659,3243855,V,546,480,-1
1788563727.4143,3243868,V,526,462,43702
1788563727.4143,3243876,V,524,461,-1
1788563727.4144,3243884,V,498,438,-1
1788563727.4144,3243892,V,512,450,-1
1788563727.4144,3243900,V,506,445,-1
1788563727.4144,3243908,V,498,438,-1
1788563727.4645,3243922,V,490,431,43703
1788563727.4645,3243930,V,554,487,-1
1788563727.4645,3243938,V,527,463,-1
1788563727.4645,3243946,V,525,461,-1
1788563727.4645,3243954,V,523,460,-1
1788563727.4645,3243962,V,525,461,-1
1788563727.5137,3243976,V,520,457,43704
1788563727.5138,3243984,V,542,476,-1
1788563727.5138,3243992,V,518,455,-1
1788563727.5138,3244000,V,498,438,-1
1788563727.5138,3244008,V,510,448,-1
1788563727.5138,3244016,V,528,464,-1
1788563727.5605,3244030,V,501,440,43705
1788563727.5605,3244038,V,514,452,-1
1788563727.5605,3244046,V,497,437,-1
1788563727.5605,3244054,V,526,462,-1
1788563727.5606,3244062,V,506,445,-1
1788563727.5606,3244070,V,501,440,-1
1788563727.6092,3244083,V,536,471,43706
1788563727.6093,3244091,V,494,434,-1
1788563727.6093,3244099,V,508,446,-1
1788563727.6093,3244107,V,536,471,-1
1788563727.6093,3244115,V,521,458,-1
1788563727.6093,3244123,V,507,446,-1
1788563727.6579,3244137,V,497,437,43707
1788563727.6580,3244145,V,519,456,-1
1788563727.6580,3244153,V,518,455,-1
1788563727.6580,3244161,V,510,448,-1
1788563727.6580,3244169,V,511,449,-1
1788563727.6580,3244177,V,492,432,-1
1788563727.7066,3244191,V,552,485,43708
1788563727.7066,3244199,V,509,447,-1
1788563727.7067,3244207,V,513,451,-1
1788563727.7067,3244215,V,538,473,-1
1788563727.7067,3244223,V,507,446,-1
1788563727.7067,3244231,V,521,458,-1
1788563727.8063,3244244,V,537,472,43709
1788563727.8064,3244252,V,532,468,-1
1788563727.8064,3244260,V,511,449,-1
1788563727.8064,3244268,V,503,442,-1
1788563727.8064,3244276,V,528,464,-1
1788563727.8064,3244284,V,523,460,-1
1788563727.8531,3244298,V,511,449,43710
1788563727.8531,3244306,V,531,467,-1
1788563727.8531,3244314,V,529,465,-1
1788563727.8531,3244322,V,488,429,-1
1788563727.8531,3244330,V,518,455,-1
1788563727.8531,3244338,V,502,441,-1
1788563727.9018,3244352,V,507,446,43711
1788563727.9018,3244360,V,488,429,-1
1788563727.9018,3244368,V,521,458,-1
1788563727.9018,3244376,V,507,446,-1
1788563727.9018,3244384,V,511,449,-1
1788563727.9018,3244392,V,503,442,-1
1788563727.9506,3244406,V,522,459,43712
1788563727.9506,3244414,V,491,432,-1
1788563727.9506,3244422,V,523,460,-1
1788563727.9506,3244430,V,541,475,-1
1788563727.9506,3244438,V,524,461,-1
1788563727.9506,3244446,V,501,440,-1
1788563727.9993,3244459,V,516,454,43713
1788563727.9993,3244467,V,511,449,-1
1788563727.9993,3244475,V,517,454,-1
1788563727.9993,3244483,V,507,446,-1
1788563727.9993,3244491,V,522,459,-1
1788563727.9993,3244499,V,535,470,-1
1788563728.0496,3244513,V,497,437,43714
1788563728.0497,3244521,V,507,446,-1
1788563728.0498,3244529,V,515,453,-1
1788563728.0498,3244537,V,528,464,-1
1788563728.0498,3244545,V,501,440,-1
1788563728.0498,3244553,V,507,446,-1
1788563728.0976,3244567,V,519,456,43715
1788563728.0976,3244575,V,504,443,-1
1788563728.0977,3244583,V,508,446,-1
1788563728.0977,3244591,V,515,453,-1
1788563728.0977,3244599,V,509,447,-1
1788563728.0977,3244607,V,509,447,-1
1788563728.1453,3244621,V,506,445,43716
1788563728.1453,3244629,V,560,492,-1
1788563728.1454,3244637,V,513,451,-1
1788563728.1454,3244645,V,508,446,-1
1788563728.1454,3244653,V,533,468,-1
1788563728.1454,3244661,V,500,439,-1
1788563728.1942,3244674,V,499,439,43717
1788563728.1942,3244682,V,544,478,-1
1788563728.1942,3244690,V,490,431,-1
1788563728.1942,3244698,V,520,457,-1
1788563728.1942,3244706,V,505,444,-1
1788563728.1942,3244714,V,512,450,-1
1788563728.2428,3244728,V,515,453,43718
1788563728.2428,3244736,V,531,467,-1
1788563728.2428,3244744,V,495,435,-1
1788563728.2428,3244752,V,522,459,-1
1788563728.2428,3244760,V,506,445,-1
1788563728.2428,3244768,V,490,431,-1
1788563728.3426,3244782,V,542,476,43719
1788563728.3427,3244790,V,539,474,-1
1788563728.3427,3244798,V,505,444,-1
1788563728.3427,3244806,V,503,442,-1
1788563728.3427,3244814,V,517,454,-1
1788563728.3427,3244822,V,492,432,-1
1788563728.3907,3244835,V,512,450,43720
1788563728.3907,3244843,V,512,450,-1
1788563728.3907,3244851,V,521,458,-1
1788563728.3907,3244859,V,502,441,-1
1788563728.3907,3244867,V,528,464,-1
1788563728.3907,3244875,V,515,453,-1
1788563728.4380,3244889,V,520,457,43721
1788563728.4380,3244897,V,539,474,-1
1788563728.4380,3244905,V,539,474,-1
1788563728.4380,3244913,V,514,452,-1
1788563728.4381,3244921,V,510,448,-1
1788563728.4381,3244929,V,512,450,-1
1788563728.4867,3244943,V,507,446,43722
1788563728.4868,3244951,V,522,459,-1
1788563728.4868,3244959,V,510,448,-1
1788563728.4868,3244967,V,512,450,-1
1788563728.4868,3244975,V,522,459,-1
1788563728.4868,3244983,V,513,451,-1
1788563728.5862,3244997,V,501,440,43723
1788563728.5864,3245005,V,522,459,-1
1788563728.5864,3245013,V,530,466,-1
1788563728.5865,3245021,V,545,479,-1
1788563728.5865,3245029,V,502,441,-1
1788563728.5865,3245037,V,498,438,-1
1788563728.5867,3245050,V,531,467,43724
1788563728.5867,3245058,V,511,449,-1
1788563728.5867,3245066,V,563,495,-1
1788563728.5867,3245074,V,525,461,-1
1788563728.5867,3245082,V,520,457,-1
1788563728.5867,3245090,V,529,465,-1
1788563728.6358,3245104,V,506,445,43725
1788563728.6359,3245112,V,499,439,-1
1788563728.6359,3245120,V,518,455,-1
1788563728.6359,3245128,V,499,439,-1
1788563728.6359,3245136,V,519,456,-1
1788563728.6359,3245144,V,488,429,-1
1788563728.6833,3245158,V,496,436,43726
1788563728.6833,3245166,V,494,434,-1
1788563728.6833,3245174,V,525,461,-1
1788563728.6834,3245182,V,511,449,-1
1788563728.6834,3245190,V,518,455,-1
1788563728.6834,3245198,V,491,432,-1
1788563728.7304,3245212,V,501,440,43727
1788563728.7304,3245220,V,522,459,-1
1788563728.7304,3245228,V,500,439,-1
1788563728.7304,3245236,V,520,457,-1
1788563728.7304,3245244,V,508,446,-1
1788563728.7305,3245252,V,507,446,-1
1788563728.7793,3245265,V,501,440,43728
1788563728.7793,3245273,V,502,441,-1
1788563728.7793,3245281,V,544,478,-1
1788563728.7793,3245289,V,538,473,-1
1788563728.7793,3245297,V,531,467,-1
1788563728.7793,3245305,V,513,451,-1
1788563728.8771,3245319,V,502,441,43729
1788563728.8773,3245327,V,539,474,-1
1788563728.8773,3245335,V,511,449,-1
1788563728.8773,3245343,V,502,441,-1
1788563728.8773,3245351,V,523,460,-1
1788563728.8773,3245359,V,537,472,-1
1788563728.9260,3245373,V,502,441,43730
1788563728.9260,3245381,V,544,478,-1
1788563728.9260,3245389,V,505,444,-1
1788563728.9260,3245397,V,512,450,-1
1788563728.9260,3245405,V,516,454,-1
1788563728.9260,3245413,V,507,446,-1
1788563728.9756,3245426,V,530,466,43731
1788563728.9756,3245434,V,516,454,-1
1788563728.9757,3245442,V,536,471,-1
1788563728.9757,3245450,V,535,470,-1
1788563728.9757,3245458,V,487,428,-1
1788563728.9757,3245466,V,519,456,-1
1788563729.0265,3245480,V,528,464,43732
1788563729.0266,3245488,V,496,436,-1
1788563729.0266,3245496,V,543,477,-1
1788563729.0266,3245504,V,566,497,-1
1788563729.0266,3245512,V,502,441,-1
1788563729.0266,3245520,V,506,445,-1
1788563729.0720,3245534,V,527,463,43733
1788563729.0720,3245542,V,503,442,-1
1788563729.0720,3245550,V,512,450,-1
1788563729.0720,3245558,V,523,460,-1
1788563729.0720,3245566,V,520,457,-1
1788563729.0720,3245574,V,502,441,-1
1788563729.1208,3245588,V,516,454,43734
1788563729.1210,3245596,V,494,434,-1
1788563729.1210,3245604,V,535,470,-1
1788563729.1210,3245612,V,506,445,-1
1788563729.1210,3245620,V,502,441,-1
1788563729.1210,3245628,V,492,432,-1
1788563729.1707,3245641,V,526,462,43735
1788563729.1707,3245649,V,515,453,-1
1788563729.1707,3245657,V,540,475,-1
1788563729.1707,3245665,V,527,463,-1
1788563729.1707,3245673,V,517,454,-1
1788563729.1708,3245681,V,521,458,-1
1788563729.2185,3245695,V,511,449,43736
1788563729.2186,3245703,V,530,466,-1
1788563729.2187,3245711,V,505,444,-1
1788563729.2187,3245719,V,501,440,-1
1788563729.2188,3245727,V,520,457,-1
1788563729.2188,3245735,V,501,440,-1
1788563729.2679,3245749,V,509,447,43737
1788563729.2679,3245757,V,522,459,-1
1788563729.2679,3245765,V,516,454,-1
1788563729.2679,3245773,V,515,453,-1
1788563729.2679,3245781,V,503,442,-1
1788563729.2679,3245789,V,523,460,-1
1788563729.3169,3245803,V,526,462,43738
1788563729.3169,3245811,V,516,454,-1
1788563729.3169,3245819,V,499,439,-1
1788563729.3169,3245827,V,520,457,-1
1788563729.3169,3245835,V,506,445,-1
1788563729.3169,3245843,V,523,460,-1
1788563729.4135,3245856,V,523,460,43739
1788563729.4136,3245864,V,521,458,-1
1788563729.4136,3245872,V,517,454,-1
1788563729.4137,3245880,V,509,447,-1
1788563729.4137,3245888,V,508,446,-1
1788563729.4137,3245896,V,523,460,-1
1788563729.4623,3245910,V,540,475,43740
1788563729.4623,3245918,V,514,452,-1
1788563729.4623,3245926,V,535,470,-1
1788563729.4623,3245934,V,488,429,-1
1788563729.4623,3245942,V,562,494,-1
1788563729.4623,3245950,V,530,466,-1
1788563729.5107,3245964,V,511,449,43741
1788563729.5107,3245972,V,534,469,-1
1788563729.5107,3245980,V,519,456,-1
1788563729.5107,3245988,V,513,451,-1
1788563729.5107,3245996,V,499,439,-1
1788563729.5108,3246004,V,520,457,-1
1788563729.5614,3246018,V,499,439,43742
1788563729.5614,3246026,V,506,445,-1
1788563729.5614,3246034,V,502,441,-1
1788563729.5615,3246042,V,514,452,-1
1788563729.5615,3246050,V,506,445,-1
1788563729.5615,3246058,V,527,463,-1
1788563729.6103,3246071,V,509,447,43743
1788563729.6103,3246079,V,504,443,-1
1788563729.6104,3246087,V,508,446,-1
1788563729.6104,3246095,V,518,455,-1
1788563729.6104,3246103,V,517,454,-1
1788563729.6104,3246111,V,504,443,-1
1788563729.6570,3246125,V,505,444,43744
1788563729.6571,3246133,V,519,456,-1
1788563729.6571,3246141,V,520,457,-1
1788563729.6571,3246149,V,563,495,-1
1788563729.6571,3246157,V,525,461,-1
1788563729.6571,3246165,V,536,471,-1
1788563729.7061,3246179,V,520,457,43745
1788563729.7061,3246187,V,517,454,-1
1788563729.7061,3246195,V,526,462,-1
1788563729.7061,3246203,V,514,452,-1
1788563729.7061,3246211,V,511,449,-1
1788563729.7061,3246219,V,530,466,-1
1788563729.7544,3246232,V,510,448,43746
1788563729.7544,3246240,V,507,446,-1
1788563729.7544,3246248,V,526,462,-1
1788563729.7545,3246256,V,536,471,-1
1788563729.7545,3246264,V,513,451,-1
1788563729.7545,3246272,V,516,454,-1
1788563729.8050,3246286,V,532,468,43747
1788563729.8050,3246294,V,514,452,-1
1788563729.8050,3246302,V,504,443,-1
1788563729.8050,3246310,V,517,454,-1
1788563729.8051,3246318,V,526,462,-1
1788563729.8051,3246326,V,499,439,-1
1788563729.9029,3246340,V,534,469,43748
1788563729.9031,3246348,V,501,440,-1
1788563729.9031,3246356,V,510,448,-1
1788563729.9031,3246364,V,519,456,-1
1788563729.9031,3246372,V,512,450,-1
1788563729.9031,3246380,V,539,474,-1
1788563729.9496,3246394,V,533,468,43749
1788563729.9496,3246402,V,501,440,-1
1788563729.9496,3246410,V,531,467,-1
1788563729.9497,3246418,V,516,454,-1
1788563729.9497,3246426,V,519,456,-1
1788563729.9497,3246434,V,549,483,-1
1788563729.9984,3246447,V,491,432,43750
1788563729.9985,3246455,V,494,434,-1
1788563729.9985,3246463,V,551,484,-1
1788563729.9985,3246471,V,515,453,-1
1788563729.9985,3246479,V,498,438,-1
1788563729.9985,3246487,V,538,473,-1
1788563730.0471,3246501,V,508,446,43751
1788563730.0471,3246509,V,549,483,-1
1788563730.0471,3246517,V,512,450,-1
1788563730.0471,3246525,V,515,453,-1
1788563730.0471,3246533,V,500,439,-1
1788563730.0471,3246541,V,498,438,-1
1788563730.0960,3246555,V,555,488,43752
1788563730.0960,3246563,V,490,431,-1
1788563730.0960,3246571,V,531,467,-1
1788563730.0960,3246579,V,523,460,-1
1788563730.0960,3246587,V,517,454,-1
1788563730.0960,3246595,V,518,455,-1
1788563730.1460,3246608,V,508,446,43753
1788563730.1461,3246616,V,531,467,-1
1788563730.1461,3246624,V,527,463,-1
1788563730.1461,3246632,V,511,449,-1
1788563730.1461,3246640,V,510,448,-1
1788563730.1462,3246648,V,532,468,-1
1788563730.1948,3246662,V,521,458,43754
1788563730.1948,3246670,V,508,446,-1
1788563730.1948,3246678,V,550,483,-1
1788563730.1948,3246686,V,499,439,-1
1788563730.1948,3246694,V,500,439,-1
1788563730.1948,3246702,V,520,457,-1
1788563730.2419,3246716,V,484,425,43755
1788563730.2419,3246724,V,534,469,-1
1788563730.2419,3246732,V,520,457,-1
1788563730.2419,3246740,V,511,449,-1
1788563730.2419,3246748,V,506,445,-1
1788563730.2419,3246756,V,494,434,-1
1788563730.2908,3246770,V,523,460,43756
1788563730.2908,3246778,V,522,459,-1
1788563730.2908,3246786,V,512,450,-1
1788563730.2908,3246794,V,509,447,-1
1788563730.2908,3246802,V,505,444,-1
1788563730.2908,3246810,V,521,458,-1
1788563730.3409,3246824,V,518,455,43757
1788563730.3410,3246832,V,500,439,-1
1788563730.3410,3246840,V,512,450,-1
1788563730.3410,3246848,V,536,471,-1
1788563730.3410,3246856,V,515,453,-1
1788563730.3410,3246864,V,505,444,-1
1788563730.4396,3246877,V,497,437,43758
1788563730.4398,3246885,V,515,453,-1
1788563730.4398,3246893,V,496,436,-1
1788563730.4398,3246901,V,513,451,-1
1788563730.4398,3246909,V,534,469,-1
1788563730.4398,3246917,V,530,466,-1
1788563730.4878,3246931,V,500,439,43759
1788563730.4878,3246939,V,505,444,-1
1788563730.4878,3246947,V,520,457,-1
1788563730.4878,3246955,V,523,460,-1
1788563730.4878,3246963,V,498,438,-1
1788563730.4878,3246971,V,521,458,-1
1788563730.5344,3246985,V,509,447,43760
1788563730.5344,3246993,V,502,441,-1
1788563730.5344,3247001,V,505,444,-1
1788563730.5345,3247009,V,518,455,-1
1788563730.5345,3247017,V,528,464,-1
1788563730.5345,3247025,V,514,452,-1
1788563730.5832,3247039,V,504,443,43761
1788563730.5832,3247047,V,493,433,-1
1788563730.5832,3247055,V,538,473,-1
1788563730.5832,3247063,V,507,446,-1
1788563730.5832,3247071,V,512,450,-1
1788563730.5832,3247079,V,545,479,-1
1788563730.6809,3247092,V,495,435,43762
1788563730.6811,3247100,V,502,441,-1
1788563730.6811,3247108,V,522,459,-1
1788563730.6811,3247116,V,503,442,-1
1788563730.6811,3247124,V,521,458,-1
1788563730.6811,3247132,V,533,468,-1
1788563730.6819,3247146,V,506,445,43763
1788563730.6819,3247154,V,521,458,-1
1788563730.6819,3247162,V,534,469,-1
1788563730.6819,3247170,V,549,483,-1
1788563730.6819,3247178,V,532,468,-1
1788563730.6819,3247186,V,504,443,-1
1788563730.7317,3247200,V,532,468,43764
1788563730.7317,3247208,V,489,430,-1
1788563730.7317,3247216,V,517,454,-1
1788563730.7317,3247224,V,522,459,-1
1788563730.7317,3247232,V,522,459,-1
1788563730.7317,3247240,V,512,450,-1
1788563730.7796,3247253,V,528,464,43765
1788563730.7797,3247261,V,510,448,-1
1788563730.7797,3247269,V,501,440,-1
1788563730.7797,3247277,V,484,425,-1
1788563730.7797,3247285,V,502,441,-1
1788563730.7797,3247293,V,510,448,-1
1788563730.8269,3247307,V,511,449,43766
1788563730.8269,3247315,V,520,457,-1
1788563730.8269,3247323,V,521,458,-1
1788563730.8269,3247331,V,510,448,-1
1788563730.8269,3247339,V,534,469,-1
1788563730.8269,3247347,V,487,428,-1
1788563730.8759,3247361,V,551,484,43767
1788563730.8759,3247369,V,507,446,-1
1788563730.8760,3247377,V,515,453,-1
1788563730.8760,3247385,V,510,448,-1
1788563730.8760,3247393,V,518,455,-1
1788563730.8760,3247401,V,526,462,-1
1788563730.9735,3247415,V,513,451,43768
1788563730.9736,3247423,V,527,463,-1
1788563730.9736,3247431,V,501,440,-1
1788563730.9737,3247439,V,521,458,-1
1788563730.9737,3247447,V,522,459,-1
1788563730.9737,3247455,V,482,424,-1
1788563731.0216,3247468,V,505,444,43769
1788563731.0216,3247476,V,516,454,-1
1788563731.0216,3247484,V,510,448,-1
1788563731.0216,3247492,V,510,448,-1
1788563731.0216,3247500,V,530,466,-1
1788563731.0216,3247508,V,526,462,-1
1788563731.1209,3247522,V,515,453,43770
1788563731.1209,3247530,V,514,452,-1
1788563731.1209,3247538,V,538,473,-1
1788563731.1209,3247546,V,513,451,-1
1788563731.1209,3247554,V,523,460,-1
1788563731.1209,3247562,V,516,454,-1
1788563731.1210,3247576,V,515,453,43771
1788563731.1210,3247584,V,502,441,-1
1788563731.1210,3247592,V,512,450,-1
1788563731.1210,3247600,V,528,464,-1
1788563731.1210,3247608,V,517,454,-1
1788563731.1210,3247616,V,514,452,-1
1788563731.1679,3247629,V,531,467,43772
1788563731.1679,3247637,V,487,428,-1
1788563731.1679,3247645,V,525,461,-1
1788563731.1679,3247653,V,530,466,-1
1788563731.1679,3247661,V,516,454,-1
1788563731.1679,3247669,V,500,439,-1
1788563731.2168,3247683,V,509,447,43773
1788563731.2170,3247691,V,506,445,-1
1788563731.2170,3247699,V,540,475,-1
1788563731.2170,3247707,V,514,452,-1
1788563731.2170,3247715,V,541,475,-1
1788563731.2170,3247723,V,533,468,-1
1788563731.2661,3247737,V,520,457,43774
1788563731.2662,3247745,V,489,430,-1
1788563731.2662,3247753,V,519,456,-1
1788563731.2662,3247761,V,512,450,-1
1788563731.2662,3247769,V,504,443,-1
1788563731.2662,3247777,V,537,472,-1
1788563731.3148,3247791,V,518,455,43775
1788563731.3148,3247799,V,518,455,-1
1788563731.3149,3247807,V,506,445,-1
1788563731.3149,3247815,V,515,453,-1
1788563731.3149,3247823,V,502,441,-1
1788563731.3149,3247831,V,494,434,-1
1788563731.3649,3247844,V,520,457,43776
1788563731.3649,3247852,V,506,445,-1
1788563731.3649,3247860,V,511,449,-1
1788563731.3649,3247868,V,527,463,-1
1788563731.3649,3247876,V,499,439,-1
1788563731.3649,3247884,V,528,464,-1
1788563731.4136,3247898,V,507,446,43777
1788563731.4136,3247906,V,545,479,-1
1788563731.4136,3247914,V,532,468,-1
1788563731.4136,3247922,V,525,461,-1
1788563731.4136,3247930,V,504,443,-1
1788563731.4136,3247938,V,554,487,-1
1788563731.5102,3247952,V,496,436,43778
1788563731.5103,3247960,V,500,439,-1
1788563731.5104,3247968,V,492,432,-1
1788563731.5104,3247976,V,503,442,-1
1788563731.5104,3247984,V,517,454,-1
1788563731.5104,3247992,V,527,463,-1
1788563731.5590,3248005,V,532,468,43779
1788563731.5590,3248013,V,518,455,-1
1788563731.5590,3248021,V,529,465,-1
1788563731.5590,3248029,V,513,451,-1
1788563731.5590,3248037,V,530,466,-1
1788563731.5590,3248045,V,509,447,-1
1788563731.6065,3248059,V,518,455,43780
1788563731.6065,3248067,V,514,452,-1
1788563731.6065,3248075,V,498,438,-1
1788563731.6065,3248083,V,515,453,-1
1788563731.6065,3248091,V,517,454,-1
1788563731.6066,3248099,V,519,456,-1
1788563731.6572,3248113,V,543,477,43781
1788563731.6572,3248121,V,504,443,-1
1788563731.6573,3248129,V,535,470,-1
1788563731.6573,3248137,V,520,457,-1
1788563731.6573,3248145,V,517,454,-1
1788563731.6573,3248153,V,524,461,-1
1788563731.7063,3248167,V,490,431,43782
1788563731.7063,3248175,V,524,461,-1
1788563731.7063,3248183,V,517,454,-1
1788563731.7063,3248191,V,529,465,-1
1788563731.7063,3248199,V,516,454,-1
1788563731.7063,3248207,V,503,442,-1
1788563731.7530,3248220,V,517,454,43783
1788563731.7531,3248228,V,503,442,-1
1788563731.7531,3248236,V,509,447,-1
1788563731.7531,3248244,V,532,468,-1
1788563731.7531,3248252,V,505,444,-1
1788563731.7531,3248260,V,547,481,-1
1788563731.8020,3248274,V,494,434,43784
1788563731.8021,3248282,V,508,446,-1
1788563731.8021,3248290,V,521,458,-1
1788563731.8021,3248298,V,540,475,-1
1788563731.8021,3248306,V,514,452,-1
1788563731.8021,3248314,V,528,464,-1
1788563731.8506,3248328,V,514,452,43785
1788563731.8506,3248336,V,531,467,-1
1788563731.8506,3248344,V,484,425,-1
1788563731.8506,3248352,V,503,442,-1
1788563731.8506,3248360,V,510,448,-1
1788563731.8506,3248368,V,516,454,-1
1788563731.8993,3248382,V,522,459,43786
1788563731.8994,3248390,V,521,458,-1
1788563731.8994,3248398,V,520,457,-1
1788563731.8994,3248406,V,497,437,-1
1788563731.8994,3248414,V,540,475,-1
1788563731.8994,3248422,V,501,440,-1
1788563731.9975,3248435,V,516,454,43787
1788563731.9975,3248443,V,498,438,-1
1788563731.9975,3248451,V,537,472,-1
1788563731.9975,3248459,V,488,429,-1
1788563731.9975,3248467,V,515,453,-1
1788563731.9975,3248475,V,519,456,-1
1788563732.0454,3248489,V,542,476,43788
1788563732.0454,3248497,V,538,473,-1
1788563732.0454,3248505,V,501,440,-1
1788563732.0454,3248513,V,516,454,-1
1788563732.0454,3248521,V,506,445,-1
1788563732.0454,3248529,V,512,450,-1
1788563732.0943,3248543,V,487,428,43789
1788563732.0943,3248551,V,498,438,-1
1788563732.0943,3248559,V,534,469,-1
1788563732.0943,3248567,V,536,471,-1
1788563732.0943,3248575,V,520,457,-1
1788563732.0943,3248583,V,515,453,-1
1788563732.1429,3248597,V,504,443,43790
1788563732.1430,3248605,V,515,453,-1
1788563732.1430,3248613,V,542,476,-1
1788563732.1430,3248621,V,514,452,-1
1788563732.1430,3248629,V,511,449,-1
1788563732.1431,3248637,V,478,420,-1
1788563732.1917,3248651,V,517,454,43791
1788563732.1917,3248659,V,511,449,-1
1788563732.1917,3248667,V,524,461,-1
1788563732.1918,3248675,V,525,461,-1
1788563732.1918,3248683,V,538,473,-1
1788563732.1918,3248691,V,504,443,-1
1788563732.2423,3248704,V,513,451,43792
1788563732.2424,3248712,V,518,455,-1
1788563732.2424,3248720,V,518,455,-1
1788563732.2424,3248728,V,509,447,-1
1788563732.2424,3248736,V,513,451,-1
1788563732.2424,3248744,V,513,451,-1
1788563732.2903,3248758,V,512,450,43793
1788563732.2903,3248766,V,500,439,-1
1788563732.2904,3248774,V,530,466,-1
1788563732.2904,3248782,V,520,457,-1
1788563732.2904,3248790,V,541,475,-1
1788563732.2904,3248798,V,512,450,-1
1788563732.3402,3248812,V,518,455,43794
1788563732.3402,3248820,V,501,440,-1
1788563732.3402,3248828,V,538,473,-1
1788563732.3402,3248836,V,495,435,-1
1788563732.3402,3248844,V,541,475,-1
1788563732.3402,3248852,V,534,469,-1
1788563732.3866,3248865,V,503,442,43795
1788563732.3866,3248873,V,537,472,-1
1788563732.3866,3248881,V,498,438,-1
1788563732.3866,3248889,V,508,446,-1
1788563732.3866,3248897,V,521,458,-1
1788563732.3867,3248905,V,503,442,-1
1788563732.4355,3248919,V,564,496,43796
1788563732.4355,3248927,V,509,447,-1
1788563732.4355,3248935,V,516,454,-1
1788563732.4355,3248943,V,501,440,-1
1788563732.4355,3248951,V,519,456,-1
1788563732.4355,3248959,V,516,454,-1
1788563732.5336,3248973,V,512,450,43797
1788563732.5337,3248981,V,514,452,-1
1788563732.5337,3248989,V,509,447,-1
1788563732.5337,3248997,V,510,448,-1
1788563732.5337,3249005,V,524,461,-1
1788563732.5337,3249013,V,496,436,-1
1788563732.5841,3249027,V,507,446,43798
1788563732.5842,3249035,V,521,458,-1
1788563732.5842,3249043,V,517,454,-1
1788563732.5842,3249051,V,504,443,-1
1788563732.5842,3249059,V,500,439,-1
1788563732.5842,3249067,V,543,477,-1
1788563732.6302,3249080,V,500,439,43799
1788563732.6302,3249088,V,520,457,-1
1788563732.6302,3249096,V,548,482,-1
1788563732.6302,3249104,V,505,444,-1
1788563732.6302,3249112,V,539,474,-1
1788563732.6302,3249120,V,529,465,-1
1788563732.6802,3249134,V,506,445,43800
1788563732.6802,3249142,V,524,461,-1
1788563732.6802,3249150,V,524,461,-1
1788563732.6802,3249158,V,545,479,-1
1788563732.6802,3249166,V,520,457,-1
1788563732.6802,3249174,V,509,447,-1
1788563732.7772,3249188,V,520,457,43801
1788563732.7773,3249196,V,516,454,-1
1788563732.7773,3249204,V,505,444,-1
1788563732.7773,3249212,V,534,469,-1
1788563732.7773,3249220,V,515,453,-1
1788563732.7773,3249228,V,500,439,-1
1788563732.7780,3249242,V,526,462,43802
1788563732.7780,3249250,V,520,457,-1
1788563732.7781,3249258,V,529,465,-1
1788563732.7781,3249266,V,526,462,-1
1788563732.7781,3249274,V,534,469,-1
1788563732.7781,3249282,V,540,475,-1
1788563732.8277,3249295,V,523,460,43803
1788563732.8277,3249303,V,516,454,-1
1788563732.8277,3249311,V,519,456,-1
1788563732.8277,3249319,V,520,457,-1
1788563732.8277,3249327,V,516,454,-1
1788563732.8277,3249335,V,496,436,-1
1788563732.8755,3249349,V,523,460,43804
1788563732.8755,3249357,V,566,497,-1
1788563732.8755,3249365,V,544,478,-1
1788563732.8755,3249373,V,538,473,-1
1788563732.8755,3249381,V,513,451,-1
1788563732.8755,3249389,V,528,464,-1
1788563732.9231,3249403,V,504,443,43805
1788563732.9231,3249411,V,518,455,-1
1788563732.9231,3249419,V,537,472,-1
1788563732.9231,3249427,V,523,460,-1
1788563732.9232,3249435,V,528,464,-1
1788563732.9232,3249443,V,518,455,-1
1788563732.9717,3249457,V,519,456,43806
1788563732.9717,3249465,V,533,468,-1
1788563732.9717,3249473,V,529,465,-1
1788563732.9717,3249481,V,513,451,-1
1788563732.9717,3249489,V,508,446,-1
1788563732.9717,3249497,V,514,452,-1
1788563733.0698,3249510,V,527,463,43807
1788563733.0700,3249518,V,525,461,-1
1788563733.0700,3249526,V,523,460,-1
1788563733.0700,3249534,V,503,442,-1
1788563733.0700,3249542,V,543,477,-1
1788563733.0700,3249550,V,511,449,-1
1788563733.1685,3249564,V,506,445,43808
1788563733.1686,3249572,V,513,451,-1
1788563733.1686,3249580,V,510,448,-1
1788563733.1686,3249588,V,495,435,-1
1788563733.1686,3249596,V,552,485,-1
1788563733.1686,3249604,V,490,431,-1
1788563733.1689,3249618,V,546,480,43809
1788563733.1689,3249626,V,495,435,-1
1788563733.1689,3249634,V,521,458,-1
1788563733.1689,3249642,V,494,434,-1
1788563733.1689,3249650,V,538,473,-1
1788563733.1689,3249658,V,494,434,-1
1788563733.2178,3249671,V,500,439,43810
1788563733.2179,3249679,V,536,471,-1
1788563733.2179,3249687,V,492,432,-1
1788563733.2179,3249695,V,513,451,-1
1788563733.2179,3249703,V,529,465,-1
1788563733.2179,3249711,V,510,448,-1
1788563733.2645,3249725,V,526,462,43811
1788563733.2645,3249733,V,499,439,-1
1788563733.2645,3249741,V,509,447,-1
1788563733.2646,3249749,V,512,450,-1
1788563733.2646,3249757,V,517,454,-1
1788563733.2646,3249765,V,513,451,-1
1788563733.3134,3249779,V,539,474,43812
1788563733.3136,3249787,V,544,478,-1
1788563733.3136,3249795,V,560,492,-1
1788563733.3136,3249803,V,516,454,-1
1788563733.3136,3249811,V,519,456,-1
1788563733.3136,3249819,V,530,466,-1
1788563733.3648,3249833,V,511,449,43813
1788563733.3648,3249841,V,509,447,-1
1788563733.3648,3249849,V,519,456,-1
1788563733.3648,3249857,V,548,482,-1
1788563733.3648,3249865,V,541,475,-1
1788563733.3648,3249873,V,521,458,-1
1788563733.4106,3249886,V,513,451,43814
1788563733.4107,3249894,V,532,468,-1
1788563733.4107,3249902,V,521,458,-1
1788563733.4107,3249910,V,505,444,-1
1788563733.4107,3249918,V,531,467,-1
1788563733.4107,3249926,V,513,451,-1
1788563733.4626,3249940,V,546,480,43815
1788563733.4626,3249948,V,551,484,-1
1788563733.4626,3249956,V,511,449,-1
1788563733.4626,3249964,V,498,438,-1
1788563733.4626,3249972,V,530,466,-1
1788563733.4626,3249980,V,491,432,-1
1788563733.5121,3249994,V,523,460,43816
1788563733.5122,3250002,V,510,448,-1
1788563733.5122,3250010,V,499,439,-1
1788563733.5122,3250018,V,496,436,-1
1788563733.5122,3250026,V,523,460,-1
1788563733.5122,3250034,V,505,444,-1
1788563733.6069,3250048,V,518,455,43817
1788563733.6070,3250056,V,500,439,-1
1788563733.6070,3250064,V,544,478,-1
1788563733.6070,3250072,V,520,457,-1
1788563733.6070,3250080,V,540,475,-1
1788563733.6070,3250088,V,515,453,-1
1788563733.6557,3250101,V,516,454,43818
1788563733.6557,3250109,V,507,446,-1
1788563733.6557,3250117,V,515,453,-1
1788563733.6557,3250125,V,498,438,-1
1788563733.6557,3250133,V,530,466,-1
1788563733.6558,3250141,V,491,432,-1
1788563733.7041,3250155,V,510,448,43819
1788563733.7041,3250163,V,504,443,-1
1788563733.7041,3250171,V,515,453,-1
1788563733.7041,3250179,V,511,449,-1
1788563733.7041,3250187,V,517,454,-1
1788563733.7041,3250195,V,518,455,-1
1788563733.7539,3250209,V,515,453,43820
1788563733.7539,3250217,V,493,433,-1
1788563733.7539,3250225,V,494,434,-1
1788563733.7539,3250233,V,551,484,-1
1788563733.7540,3250241,V,505,444,-1
1788563733.7540,3250249,V,500,439,-1
1788563733.8028,3250262,V,520,457,43821
1788563733.8029,3250270,V,520,457,-1
1788563733.8029,3250278,V,505,444,-1
1788563733.8029,3250286,V,511,449,-1
1788563733.8029,3250294,V,517,454,-1
1788563733.8029,3250302,V,522,459,-1
1788563733.8508,3250316,V,525,461,43822
1788563733.8509,3250324,V,501,440,-1
1788563733.8509,3250332,V,516,454,-1
1788563733.8509,3250340,V,522,459,-1
1788563733.8510,3250348,V,497,437,-1
1788563733.8510,3250356,V,527,463,-1
1788563733.8986,3250370,V,513,451,43823
1788563733.8986,3250378,V,513,451,-1
1788563733.8986,3250386,V,510,448,-1
1788563733.8987,3250394,V,535,470,-1
1788563733.8987,3250402,V,499,439,-1
1788563733.8987,3250410,V,517,454,-1
1788563733.9472,3250424,V,508,446,43824
1788563733.9472,3250432,V,538,473,-1
1788563733.9472,3250440,V,523,460,-1
1788563733.9472,3250448,V,510,448,-1
1788563733.9472,3250456,V,522,459,-1
1788563733.9472,3250464,V,512,450,-1
1788563733.9960,3250477,V,519,456,43825
1788563733.9960,3250485,V,510,448,-1
1788563733.9960,3250493,V,527,463,-1
1788563733.9960,3250501,V,534,469,-1
1788563733.9960,3250509,V,535,470,-1
1788563733.9961,3250517,V,535,470,-1
1788563734.0460,3250531,V,502,441,43826
1788563734.0460,3250539,V,478,420,-1
1788563734.0460,3250547,V,510,448,-1
1788563734.0460,3250555,V,504,443,-1
1788563734.0460,3250563,V,518,455,-1
1788563734.0460,3250571,V,547,481,-1
1788563734.1421,3250585,V,501,440,43827
1788563734.1424,3250593,V,536,471,-1
1788563734.1424,3250601,V,506,445,-1
1788563734.1424,3250609,V,532,468,-1
1788563734.1424,3250617,V,501,440,-1
1788563734.1424,3250625,V,521,458,-1
1788563734.1910,3250639,V,519,456,43828
1788563734.1911,3250647,V,507,446,-1
1788563734.1911,3250655,V,519,456,-1
1788563734.1911,3250663,V,531,467,-1
1788563734.1911,3250671,V,554,487,-1
1788563734.1911,3250679,V,501,440,-1
1788563734.2396,3250692,V,535,470,43829
1788563734.2396,3250700,V,520,457,-1
1788563734.2396,3250708,V,505,444,-1
1788563734.2396,3250716,V,521,458,-1
1788563734.2396,3250724,V,518,455,-1
1788563734.2396,3250732,V,498,438,-1
1788563734.2891,3250746,V,507,446,43830
1788563734.2891,3250754,V,520,457,-1
1788563734.2891,3250762,V,494,434,-1
1788563734.2891,3250770,V,496,436,-1
1788563734.2891,3250778,V,519,456,-1
1788563734.2891,3250786,V,509,447,-1
1788563734.3384,3250800,V,539,474,43831
1788563734.3384,3250808,V,520,457,-1
1788563734.3384,3250816,V,482,424,-1
1788563734.3384,3250824,V,533,468,-1
1788563734.3385,3250832,V,523,460,-1
1788563734.3385,3250840,V,483,425,-1
1788563734.3874,3250853,V,512,450,43832
1788563734.3875,3250861,V,509,447,-1
1788563734.3875,3250869,V,498,438,-1
1788563734.3875,3250877,V,530,466,-1
1788563734.3876,3250885,V,544,478,-1
1788563734.3876,3250893,V,510,448,-1
1788563734.4348,3250907,V,534,469,43833
1788563734.4349,3250915,V,553,486,-1
1788563734.4349,3250923,V,530,466,-1
1788563734.4349,3250931,V,485,426,-1
1788563734.4349,3250939,V,519,456,-1
1788563734.4349,3250947,V,524,461,-1
1788563734.4832,3250961,V,521,458,43834
1788563734.4832,3250969,V,538,473,-1
1788563734.4832,3250977,V,510,448,-1
1788563734.4832,3250985,V,542,476,-1
1788563734.4832,3250993,V,521,458,-1
1788563734.4833,3251001,V,498,438,-1
1788563734.5322,3251015,V,499,439,43835
1788563734.5322,3251023,V,514,452,-1
1788563734.5322,3251031,V,497,437,-1
1788563734.5322,3251039,V,491,432,-1
1788563734.5322,3251047,V,537,472,-1
1788563734.5322,3251055,V,504,443,-1
1788563734.6314,3251068,V,539,474,43836
1788563734.6315,3251076,V,510,448,-1
1788563734.6316,3251084,V,525,461,-1
1788563734.6316,3251092,V,507,446,-1
1788563734.6316,3251100,V,501,440,-1
1788563734.6316,3251108,V,539,474,-1
1788563734.6797,3251122,V,522,459,43837
1788563734.6797,3251130,V,520,457,-1
1788563734.6797,3251138,V,502,441,-1
1788563734.6797,3251146,V,519,456,-1
1788563734.6798,3251154,V,496,436,-1
1788563734.6798,3251162,V,500,439,-1
1788563734.7267,3251176,V,507,446,43838
1788563734.7267,3251184,V,489,430,-1
1788563734.7267,3251192,V,514,452,-1
1788563734.7267,3251200,V,504,443,-1
1788563734.7267,3251208,V,538,473,-1
1788563734.7267,3251216,V,489,430,-1
1788563734.7756,3251230,V,521,458,43839
1788563734.7756,3251238,V,487,428,-1
1788563734.7756,3251246,V,502,441,-1
1788563734.7756,3251254,V,522,459,-1
1788563734.7756,3251262,V,529,465,-1
1788563734.7756,3251270,V,516,454,-1
1788563734.8735,3251283,V,521,458,43840
1788563734.8736,3251291,V,497,437,-1
1788563734.8736,3251299,V,509,447,-1
1788563734.8736,3251307,V,537,472,-1
1788563734.8736,3251315,V,513,451,-1
1788563734.8736,3251323,V,522,459,-1
1788563734.8746,3251337,V,504,443,43841
1788563734.8746,3251345,V,523,460,-1
1788563734.8747,3251353,V,529,465,-1
1788563734.8747,3251361,V,516,454,-1
1788563734.8747,3251369,V,503,442,-1
1788563734.8747,3251377,V,517,454,-1
1788563734.9217,3251391,V,521,458,43842
1788563734.9218,3251399,V,508,446,-1
1788563734.9218,3251407,V,522,459,-1
1788563734.9218,3251415,V,505,444,-1
1788563734.9218,3251423,V,513,451,-1
1788563734.9218,3251431,V,516,454,-1
1788563734.9713,3251444,V,525,461,43843
1788563734.9713,3251452,V,548,482,-1
1788563734.9714,3251460,V,533,468,-1
1788563734.9714,3251468,V,511,449,-1
1788563734.9714,3251476,V,525,461,-1
1788563734.9714,3251484,V,527,463,-1
1788563735.0204,3251498,V,512,450,43844
1788563735.0204,3251506,V,520,457,-1
1788563735.0204,3251514,V,549,483,-1
1788563735.0204,3251522,V,517,454,-1
1788563735.0204,3251530,V,531,467,-1
1788563735.0204,3251538,V,515,453,-1
1788563735.0682,3251552,V,510,448,43845
1788563735.0682,3251560,V,496,436,-1
1788563735.0682,3251568,V,528,464,-1
1788563735.0682,3251576,V,498,438,-1
1788563735.0682,3251584,V,526,462,-1
1788563735.0682,3251592,V,507,446,-1
1788563735.1664,3251606,V,531,467,43846
1788563735.1665,3251614,V,524,461,-1
1788563735.1665,3251622,V,522,459,-1
1788563735.1665,3251630,V,515,453,-1
1788563735.1665,3251638,V,505,444,-1
1788563735.1665,3251646,V,522,459,-1
1788563735.2153,3251660,V,529,465,43847
1788563735.2153,3251668,V,519,456,-1
1788563735.2153,3251676,V,511,449,-1
1788563735.2153,3251684,V,503,442,-1
1788563735.2153,3251692,V,484,425,-1
1788563735.2154,3251700,V,516,454,-1
1788563735.2649,3251713,V,546,480,43848
1788563735.2649,3251721,V,536,471,-1
1788563735.2650,3251729,V,494,434,-1
1788563735.2650,3251737,V,529,465,-1
1788563735.2650,3251745,V,496,436,-1
1788563735.2650,3251753,V,521,458,-1
1788563735.4098,3251767,V,505,444,43849
1788563735.4100,3251775,V,522,459,-1
1788563735.4100,3251783,V,532,468,-1
1788563735.4100,3251791,V,519,456,-1
1788563735.4100,3251799,V,523,460,-1
1788563735.4100,3251807,V,508,446,-1
1788563735.4117,3251821,V,501,440,43850
1788563735.4117,3251829,V,498,438,-1
1788563735.4117,3251837,V,503,442,-1
1788563735.4117,3251845,V,521,458,-1
1788563735.4117,3251853,V,515,453,-1
1788563735.4117,3251861,V,500,439,-1
1788563735.4580,3251874,V,506,445,43851
1788563735.4580,3251882,V,489,430,-1
1788563735.4580,3251890,V,520,457,-1
1788563735.4580,3251898,V,495,435,-1
1788563735.4580,3251906,V,521,458,-1
1788563735.4580,3251914,V,497,437,-1
1788563735.4593,3251928,V,489,430,43852
1788563735.4594,3251936,V,529,465,-1
1788563735.4594,3251944,V,515,453,-1
1788563735.4594,3251952,V,542,476,-1
1788563735.4594,3251960,V,516,454,-1
1788563735.4594,3251968,V,524,461,-1
1788563735.5067,3251982,V,498,438,43853
1788563735.5067,3251990,V,539,474,-1
1788563735.5068,3251998,V,504,443,-1
1788563735.5068,3252006,V,533,468,-1
1788563735.5068,3252014,V,509,447,-1
1788563735.5068,3252022,V,514,452,-1
1788563735.6062,3252036,V,505,444,43854
1788563735.6063,3252044,V,516,454,-1
1788563735.6063,3252052,V,494,434,-1
1788563735.6063,3252060,V,550,483,-1
1788563735.6063,3252068,V,518,455,-1
1788563735.6063,3252076,V,504,443,-1
1788563735.6064,3252089,V,534,469,43855
1788563735.6064,3252097,V,507,446,-1
1788563735.6064,3252105,V,506,445,-1
1788563735.6064,3252113,V,501,440,-1
1788563735.6064,3252121,V,486,427,-1
1788563735.6064,3252129,V,531,467,-1
1788563735.7018,3252143,V,508,446,43856
1788563735.7019,3252151,V,509,447,-1
1788563735.7019,3252159,V,491,432,-1
1788563735.7019,3252167,V,537,472,-1
1788563735.7019,3252175,V,511,449,-1
1788563735.7019,3252183,V,512,450,-1
1788563735.7506,3252197,V,518,455,43857
1788563735.7506,3252205,V,504,443,-1
1788563735.7506,3252213,V,539,474,-1
1788563735.7507,3252221,V,538,473,-1
1788563735.7507,3252229,V,549,483,-1
1788563735.7507,3252237,V,513,451,-1
1788563735.7993,3252251,V,517,454,43858
1788563735.7993,3252259,V,524,461,-1
1788563735.7993,3252267,V,527,463,-1
1788563735.7993,3252275,V,513,451,-1
1788563735.7993,3252283,V,490,431,-1
1788563735.7993,3252291,V,533,468,-1
1788563735.8495,3252304,V,518,455,43859
1788563735.8495,3252312,V,506,445,-1
1788563735.8495,3252320,V,516,454,-1
1788563735.8495,3252328,V,540,475,-1
1788563735.8495,3252336,V,546,480,-1
1788563735.8495,3252344,V,525,461,-1
1788563735.8975,3252358,V,527,463,43860
1788563735.8975,3252366,V,500,439,-1
1788563735.8975,3252374,V,526,462,-1
1788563735.8975,3252382,V,491,432,-1
1788563735.8975,3252390,V,529,465,-1
1788563735.8975,3252398,V,502,441,-1
1788563735.9941,3252412,V,522,459,43861
1788563735.9942,3252420,V,500,439,-1
1788563735.9942,3252428,V,514,452,-1
1788563735.9942,3252436,V,516,454,-1
1788563735.9942,3252444,V,515,453,-1
1788563735.9942,3252452,V,508,446,-1
1788563735.9955,3252466,V,526,462,43862
1788563735.9955,3252474,V,517,454,-1
1788563735.9955,3252482,V,533,468,-1
1788563735.9955,3252490,V,481,423,-1
1788563735.9955,3252498,V,523,460,-1
1788563735.9955,3252506,V,515,453,-1
1788563736.0430,3252519,V,510,448,43863
1788563736.0430,3252527,V,487,428,-1
1788563736.0430,3252535,V,535,470,-1
1788563736.0430,3252543,V,522,459,-1
1788563736.0430,3252551,V,500,439,-1
1788563736.0430,3252559,V,544,478,-1
1788563736.0915,3252573,V,529,465,43864
1788563736.0915,3252581,V,543,477,-1
1788563736.0915,3252589,V,504,443,-1
1788563736.0915,3252597,V,502,441,-1
1788563736.0915,3252605,V,496,436,-1
1788563736.0915,3252613,V,519,456,-1
1788563736.1423,3252627,V,543,477,43865
1788563736.1423,3252635,V,513,451,-1
1788563736.1423,3252643,V,521,458,-1
1788563736.1423,3252651,V,507,446,-1
1788563736.1423,3252659,V,520,457,-1
1788563736.1423,3252667,V,519,456,-1
1788563736.2380,3252680,V,493,433,43866
1788563736.2381,3252688,V,511,449,-1
1788563736.2381,3252696,V,548,482,-1
1788563736.2381,3252704,V,486,427,-1
1788563736.2381,3252712,V,523,460,-1
1788563736.2381,3252720,V,529,465,-1
1788563736.2869,3252734,V,505,444,43867
1788563736.2870,3252742,V,512,450,-1
1788563736.2870,3252750,V,521,458,-1
1788563736.2870,3252758,V,519,456,-1
1788563736.2870,3252766,V,541,475,-1
1788563736.2870,3252774,V,536,471,-1
1788563736.3856,3252788,V,508,446,43868
1788563736.3856,3252796,V,518,455,-1
1788563736.3856,3252804,V,496,436,-1
1788563736.3856,3252812,V,544,478,-1
1788563736.3856,3252820,V,518,455,-1
1788563736.3856,3252828,V,505,444,-1
1788563736.3857,3252842,V,521,458,43869
1788563736.3857,3252850,V,522,459,-1
1788563736.3857,3252858,V,539,474,-1
1788563736.3857,3252866,V,514,452,-1
1788563736.3858,3252874,V,507,446,-1
1788563736.3858,3252882,V,505,444,-1
1788563736.4347,3252895,V,479,421,43870
1788563736.4347,3252903,V,496,436,-1
1788563736.4347,3252911,V,514,452,-1
1788563736.4348,3252919,V,502,441,-1
1788563736.4348,3252927,V,515,453,-1
1788563736.4348,3252935,V,532,468,-1
1788563736.4833,3252949,V,487,428,43871
1788563736.4834,3252957,V,538,473,-1
1788563736.4834,3252965,V,502,441,-1
1788563736.4834,3252973,V,511,449,-1
1788563736.4834,3252981,V,507,446,-1
1788563736.4834,3252989,V,519,456,-1
1788563736.5306,3253003,V,538,473,43872
1788563736.5306,3253011,V,517,454,-1
1788563736.5306,3253019,V,518,455,-1
1788563736.5306,3253027,V,506,445,-1
1788563736.5306,3253035,V,503,442,-1
1788563736.5306,3253043,V,537,472,-1
1788563736.5792,3253057,V,513,451,43873
1788563736.5792,3253065,V,526,462,-1
1788563736.5792,3253073,V,502,441,-1
1788563736.5793,3253081,V,510,448,-1
1788563736.5793,3253089,V,510,448,-1
1788563736.5793,3253097,V,507,446,-1
1788563736.6281,3253110,V,517,454,43874
1788563736.6281,3253118,V,514,452,-1
1788563736.6281,3253126,V,497,437,-1
1788563736.6281,3253134,V,508,446,-1
1788563736.6281,3253142,V,517,454,-1
1788563736.6281,3253150,V,491,432,-1
1788563736.7258,3253164,V,502,441,43875
1788563736.7259,3253172,V,538,473,-1
1788563736.7259,3253180,V,526,462,-1
1788563736.7259,3253188,V,521,458,-1
1788563736.7259,3253196,V,534,469,-1
1788563736.7259,3253204,V,551,484,-1
1788563736.7756,3253218,V,517,454,43876
1788563736.7756,3253226,V,507,446,-1
1788563736.7756,3253234,V,536,471,-1
1788563736.7756,3253242,V,512,450,-1
1788563736.7756,3253250,V,531,467,-1
1788563736.7756,3253258,V,538,473,-1
1788563736.8232,3253272,V,546,480,43877
1788563736.8232,3253280,V,515,453,-1
1788563736.8232,3253288,V,505,444,-1
1788563736.8232,3253296,V,520,457,-1
1788563736.8232,3253304,V,533,468,-1
1788563736.8232,3253312,V,524,461,-1
1788563736.8717,3253325,V,523,460,43878
1788563736.8718,3253333,V,500,439,-1
1788563736.8718,3253341,V,485,426,-1
1788563736.8718,3253349,V,494,434,-1
1788563736.8718,3253357,V,513,451,-1
1788563736.8718,3253365,V,503,442,-1
1788563736.9698,3253379,V,524,461,43879
1788563736.9699,3253387,V,552,485,-1
1788563736.9699,3253395,V,508,446,-1
1788563736.9699,3253403,V,541,475,-1
1788563736.9699,3253411,V,499,439,-1
1788563736.9699,3253419,V,554,487,-1
1788563736.9708,3253433,V,508,446,43880
1788563736.9709,3253441,V,540,475,-1
1788563736.9709,3253449,V,535,470,-1
1788563736.9709,3253457,V,517,454,-1
1788563736.9709,3253465,V,543,477,-1
1788563736.9709,3253473,V,498,438,-1
1788563737.0181,3253487,V,506,445,43881
1788563737.0181,3253495,V,521,458,-1
1788563737.0181,3253503,V,523,460,-1
1788563737.0181,3253511,V,504,443,-1
1788563737.0181,3253519,V,510,448,-1
1788563737.0181,3253527,V,525,461,-1
1788563737.0684,3253540,V,513,451,43882
1788563737.0684,3253548,V,531,467,-1
1788563737.0684,3253556,V,517,454,-1
1788563737.0684,3253564,V,501,440,-1
1788563737.0685,3253572,V,517,454,-1
1788563737.0685,3253580,V,520,457,-1
1788563737.1174,3253594,V,506,445,43883
1788563737.1174,3253602,V,514,452,-1
1788563737.1174,3253610,V,523,460,-1
1788563737.1174,3253618,V,499,439,-1
1788563737.1174,3253626,V,523,460,-1
1788563737.1174,3253634,V,514,452,-1
1788563737.1642,3253648,V,559,491,43884
1788563737.1642,3253656,V,544,478,-1
1788563737.1642,3253664,V,498,438,-1
1788563737.1642,3253672,V,505,444,-1
1788563737.1642,3253680,V,495,435,-1
1788563737.1642,3253688,V,483,425,-1
1788563737.2619,3253701,V,518,455,43885
1788563737.2620,3253709,V,519,456,-1
1788563737.2621,3253717,V,546,480,-1
1788563737.2621,3253725,V,536,471,-1
1788563737.2621,3253733,V,527,463,-1
1788563737.2621,3253741,V,513,451,-1
1788563737.3110,3253755,V,524,461,43886
1788563737.3111,3253763,V,517,454,-1
1788563737.3111,3253771,V,508,446,-1
1788563737.3111,3253779,V,510,448,-1
1788563737.3111,3253787,V,514,452,-1
1788563737.3111,3253795,V,522,459,-1
1788563737.3610,3253809,V,506,445,43887
1788563737.3611,3253817,V,529,465,-1
1788563737.3611,3253825,V,509,447,-1
1788563737.3611,3253833,V,514,452,-1
1788563737.3611,3253841,V,546,480,-1
1788563737.3611,3253849,V,517,454,-1
1788563737.4101,3253863,V,536,471,43888
1788563737.4101,3253871,V,496,436,-1
1788563737.4101,3253879,V,514,452,-1
1788563737.4101,3253887,V,511,449,-1
1788563737.4101,3253895,V,520,457,-1
1788563737.4101,3253903,V,480,422,-1
1788563737.5062,3253916,V,512,450,43889
1788563737.5064,3253924,V,519,456,-1
1788563737.5064,3253932,V,521,458,-1
1788563737.5064,3253940,V,524,461,-1
1788563737.5064,3253948,V,519,456,-1
1788563737.5064,3253956,V,508,446,-1
1788563737.5072,3253970,V,503,442,43890
1788563737.5072,3253978,V,495,435,-1
1788563737.5072,3253986,V,524,461,-1
1788563737.5072,3253994,V,500,439,-1
1788563737.5072,3254002,V,507,446,-1
1788563737.5072,3254010,V,529,465,-1
1788563737.5547,3254024,V,510,448,43891
1788563737.5547,3254032,V,521,458,-1
1788563737.5547,3254040,V,500,439,-1
1788563737.5548,3254048,V,491,432,-1
1788563737.5548,3254056,V,531,467,-1
1788563737.5548,3254064,V,487,428,-1
1788563737.6034,3254078,V,505,444,43892
1788563737.6034,3254086,V,582,512,-1
1788563737.6034,3254094,V,529,465,-1
1788563737.6035,3254102,V,483,425,-1
1788563737.6035,3254110,V,506,445,-1
1788563737.6035,3254118,V,515,453,-1
1788563737.6534,3254131,V,517,454,43893
1788563737.6534,3254139,V,489,430,-1
1788563737.6534,3254147,V,522,459,-1
1788563737.6534,3254155,V,502,441,-1
1788563737.6534,3254163,V,509,447,-1
1788563737.6534,3254171,V,510,448,-1
1788563737.7027,3254185,V,510,448,43894
1788563737.7027,3254193,V,503,442,-1
1788563737.7028,3254201,V,526,462,-1
1788563737.7028,3254209,V,515,453,-1
1788563737.7028,3254217,V,502,441,-1
1788563737.7028,3254225,V,528,464,-1
1788563737.7984,3254239,V,513,451,43895
1788563737.7986,3254247,V,519,456,-1
1788563737.7986,3254255,V,506,445,-1
1788563737.7986,3254263,V,513,451,-1
1788563737.7986,3254271,V,533,468,-1
1788563737.7986,3254279,V,497,437,-1
1788563737.8474,3254292,V,513,451,43896
1788563737.8474,3254300,V,524,461,-1
1788563737.8474,3254308,V,513,451,-1
1788563737.8474,3254316,V,513,451,-1
1788563737.8474,3254324,V,520,457,-1
1788563737.8474,3254332,V,517,454,-1
1788563737.8959,3254346,V,512,450,43897
1788563737.8959,3254354,V,513,451,-1
1788563737.8959,3254362,V,518,455,-1
1788563737.8959,3254370,V,499,439,-1
1788563737.8959,3254378,V,522,459,-1
1788563737.8959,3254386,V,515,453,-1
1788563737.9459,3254400,V,509,447,43898
1788563737.9460,3254408,V,522,459,-1
1788563737.9460,3254416,V,508,446,-1
1788563737.9460,3254424,V,516,454,-1
1788563737.9460,3254432,V,509,447,-1
1788563737.9460,3254440,V,521,458,-1
1788563737.9940,3254454,V,500,439,43899
1788563737.9940,3254462,V,507,446,-1
1788563737.9940,3254470,V,530,466,-1
1788563737.9940,3254478,V,504,443,-1
1788563737.9940,3254486,V,543,477,-1
1788563737.9940,3254494,V,512,450,-1
1788563738.0429,3254507,V,524,461,43900
1788563738.0430,3254515,V,517,454,-1
1788563738.0430,3254523,V,548,482,-1
1788563738.0430,3254531,V,510,448,-1
1788563738.0430,3254539,V,498,438,-1
1788563738.0430,3254547,V,506,445,-1
1788563738.0911,3254561,V,508,446,43901
1788563738.0911,3254569,V,513,451,-1
1788563738.0911,3254577,V,513,451,-1
1788563738.0911,3254585,V,515,453,-1
1788563738.0911,3254593,V,513,451,-1
1788563738.0911,3254601,V,560,492,-1
1788563738.1395,3254615,V,505,444,43902
1788563738.1395,3254623,V,512,450,-1
1788563738.1395,3254631,V,526,462,-1
1788563738.1395,3254639,V,506,445,-1
1788563738.1395,3254647,V,529,465,-1
1788563738.1395,3254655,V,576,506,-1
1788563738.1885,3254669,V,534,469,43903
1788563738.1885,3254677,V,502,441,-1
1788563738.1885,3254685,V,518,455,-1
1788563738.1886,3254693,V,512,450,-1
1788563738.1886,3254701,V,522,459,-1
1788563738.1886,3254709,V,499,439,-1
1788563738.2392,3254722,V,522,459,43904
1788563738.2392,3254730,V,530,466,-1
1788563738.2392,3254738,V,506,445,-1
1788563738.2392,3254746,V,527,463,-1
1788563738.2392,3254754,V,499,439,-1
1788563738.2393,3254762,V,508,446,-1
1788563738.3348,3254776,V,522,459,43905
1788563738.3349,3254784,V,495,435,-1
1788563738.3349,3254792,V,522,459,-1
1788563738.3349,3254800,V,524,461,-1
1788563738.3349,3254808,V,498,438,-1
1788563738.3349,3254816,V,508,446,-1
1788563738.3847,3254830,V,521,458,43906
1788563738.3847,3254838,V,511,449,-1
1788563738.3847,3254846,V,510,448,-1
1788563738.3847,3254854,V,510,448,-1
1788563738.3847,3254862,V,520,457,-1
1788563738.3847,3254870,V,511,449,-1
1788563738.4318,3254884,V,506,445,43907
1788563738.4318,3254892,V,512,450,-1
1788563738.4318,3254900,V,516,454,-1
1788563738.4318,3254908,V,530,466,-1
1788563738.4318,3254916,V,512,450,-1
1788563738.4319,3254924,V,539,474,-1
1788563738.4828,3254937,V,505,444,43908
1788563738.4828,3254945,V,502,441,-1
1788563738.4828,3254953,V,495,435,-1
1788563738.4828,3254961,V,563,495,-1
1788563738.4828,3254969,V,512,450,-1
1788563738.4829,3254977,V,497,437,-1
1788563738.5311,3254991,V,541,475,43909
1788563738.5311,3254999,V,502,441,-1
1788563738.5311,3255007,V,538,473,-1
1788563738.5311,3255015,V,537,472,-1
1788563738.5311,3255023,V,513,451,-1
1788563738.5311,3255031,V,521,458,-1
1788563738.6268,3255045,V,514,452,43910
1788563738.6269,3255053,V,500,439,-1
1788563738.6269,3255061,V,510,448,-1
1788563738.6269,3255069,V,515,453,-1
1788563738.6269,3255077,V,525,461,-1
1788563738.6269,3255085,V,505,444,-1
1788563738.6279,3255098,V,522,459,43911
1788563738.6279,3255106,V,497,437,-1
1788563738.6279,3255114,V,507,446,-1
1788563738.6279,3255122,V,514,452,-1
1788563738.6279,3255130,V,476,418,-1
1788563738.6280,3255138,V,528,464,-1
1788563738.6757,3255152,V,527,463,43912
1788563738.6757,3255160,V,523,460,-1
1788563738.6757,3255168,V,509,447,-1
1788563738.6757,3255176,V,530,466,-1
1788563738.6757,3255184,V,536,471,-1
1788563738.6757,3255192,V,533,468,-1
1788563738.7242,3255206,V,524,461,43913
1788563738.7242,3255214,V,494,434,-1
1788563738.7242,3255222,V,508,446,-1
1788563738.7242,3255230,V,521,458,-1
1788563738.7242,3255238,V,496,436,-1
1788563738.7242,3255246,V,513,451,-1
1788563738.7756,3255260,V,530,466,43914
1788563738.7756,3255268,V,504,443,-1
1788563738.7756,3255276,V,497,437,-1
1788563738.7756,3255284,V,504,443,-1
1788563738.7756,3255292,V,508,446,-1
1788563738.7756,3255300,V,524,461,-1
1788563738.8706,3255313,V,506,445,43915
1788563738.8707,3255321,V,515,453,-1
1788563738.8707,3255329,V,520,457,-1
1788563738.8707,3255337,V,522,459,-1
1788563738.8707,3255345,V,525,461,-1
1788563738.8707,3255353,V,503,442,-1
1788563738.9193,3255367,V,492,432,43916
1788563738.9194,3255375,V,493,433,-1
1788563738.9194,3255383,V,530,466,-1
1788563738.9194,3255391,V,516,454,-1
1788563738.9194,3255399,V,552,485,-1
1788563738.9194,3255407,V,510,448,-1
1788563739.0678,3255421,V,513,451,43917
1788563739.0678,3255429,V,524,461,-1
1788563739.0678,3255437,V,522,459,-1
1788563739.0678,3255445,V,504,443,-1
1788563739.0678,3255453,V,533,468,-1
1788563739.0678,3255461,V,523,460,-1
1788563739.0682,3255475,V,509,447,43918
1788563739.0682,3255483,V,522,459,-1
1788563739.0682,3255491,V,505,444,-1
1788563739.0682,3255499,V,522,459,-1
1788563739.0682,3255507,V,538,473,-1
1788563739.0682,3255515,V,519,456,-1
1788563739.0683,3255528,V,523,460,43919
1788563739.0683,3255536,V,532,468,-1
1788563739.0683,3255544,V,525,461,-1
1788563739.0683,3255552,V,495,435,-1
1788563739.0683,3255560,V,503,442,-1
1788563739.0683,3255568,V,518,455,-1
1788563739.1163,3255582,V,523,460,43920
1788563739.1165,3255590,V,513,451,-1
1788563739.1165,3255598,V,510,448,-1
1788563739.1165,3255606,V,521,458,-1
1788563739.1165,3255614,V,527,463,-1
1788563739.1165,3255622,V,507,446,-1
1788563739.1631,3255636,V,523,460,43921
1788563739.1632,3255644,V,521,458,-1
1788563739.1632,3255652,V,538,473,-1
1788563739.1632,3255660,V,519,456,-1
1788563739.1632,3255668,V,517,454,-1
1788563739.1632,3255676,V,529,465,-1
1788563739.2118,3255689,V,526,462,43922
1788563739.2118,3255697,V,535,470,-1
1788563739.2118,3255705,V,512,450,-1
1788563739.2118,3255713,V,532,468,-1
1788563739.2118,3255721,V,510,448,-1
1788563739.2118,3255729,V,509,447,-1
1788563739.3094,3255743,V,529,465,43923
1788563739.3094,3255751,V,524,461,-1
1788563739.3094,3255759,V,509,447,-1
1788563739.3094,3255767,V,519,456,-1
1788563739.3094,3255775,V,516,454,-1
1788563739.3094,3255783,V,523,460,-1
1788563739.3596,3255797,V,519,456,43924
1788563739.3597,3255805,V,513,451,-1
1788563739.3597,3255813,V,546,480,-1
1788563739.3597,3255821,V,525,461,-1
1788563739.3597,3255829,V,522,459,-1
1788563739.3597,3255837,V,554,487,-1
1788563739.4084,3255850,V,531,467,43925
1788563739.4084,3255858,V,513,451,-1
1788563739.4084,3255866,V,513,451,-1
1788563739.4084,3255874,V,522,459,-1
1788563739.4084,3255882,V,496,436,-1
1788563739.4084,3255890,V,510,448,-1
1788563739.4555,3255904,V,514,452,43926
1788563739.4555,3255912,V,509,447,-1
1788563739.4555,3255920,V,522,459,-1
1788563739.4555,3255928,V,503,442,-1
1788563739.4555,3255936,V,517,454,-1
1788563739.4555,3255944,V,511,449,-1
1788563739.5043,3255958,V,479,421,43927
1788563739.5043,3255966,V,514,452,-1
1788563739.5043,3255974,V,531,467,-1
1788563739.5043,3255982,V,502,441,-1
1788563739.5043,3255990,V,496,436,-1
1788563739.5043,3255998,V,513,451,-1
1788563739.6019,3256012,V,522,459,43928
1788563739.6020,3256020,V,510,448,-1
1788563739.6020,3256028,V,514,452,-1
1788563739.6020,3256036,V,522,459,-1
1788563739.6020,3256044,V,548,482,-1
1788563739.6020,3256052,V,517,454,-1
1788563739.6029,3256065,V,498,438,43929
1788563739.6029,3256073,V,501,440,-1
1788563739.6029,3256081,V,543,477,-1
1788563739.6029,3256089,V,502,441,-1
1788563739.6029,3256097,V,513,451,-1
1788563739.6029,3256105,V,510,448,-1
1788563739.6507,3256119,V,497,437,43930
1788563739.6507,3256127,V,530,466,-1
1788563739.6507,3256135,V,522,459,-1
1788563739.6507,3256143,V,545,479,-1
1788563739.6507,3256151,V,519,456,-1
1788563739.6507,3256159,V,533,468,-1
1788563739.7004,3256173,V,516,454,43931
1788563739.7004,3256181,V,507,446,-1
1788563739.7004,3256189,V,507,446,-1
1788563739.7004,3256197,V,554,487,-1
1788563739.7004,3256205,V,510,448,-1
1788563739.7005,3256213,V,502,441,-1
1788563739.7493,3256226,V,504,443,43932
1788563739.7493,3256234,V,535,470,-1
1788563739.7493,3256242,V,486,427,-1
1788563739.7494,3256250,V,514,452,-1
1788563739.7494,3256258,V,487,428,-1
1788563739.7494,3256266,V,513,451,-1
1788563739.7968,3256280,V,549,483,43933
1788563739.7968,3256288,V,516,454,-1
1788563739.7968,3256296,V,540,475,-1
1788563739.7968,3256304,V,511,449,-1
1788563739.7968,3256312,V,507,446,-1
1788563739.7968,3256320,V,509,447,-1
1788563739.8947,3256334,V,532,468,43934
1788563739.8949,3256342,V,485,426,-1
1788563739.8949,3256350,V,524,461,-1
1788563739.8949,3256358,V,530,466,-1
1788563739.8949,3256366,V,513,451,-1
1788563739.8949,3256374,V,522,459,-1
1788563739.9437,3256388,V,527,463,43935
1788563739.9438,3256396,V,531,467,-1
1788563739.9438,3256404,V,499,439,-1
1788563739.9438,3256412,V,519,456,-1
1788563739.9438,3256420,V,508,446,-1
1788563739.9438,3256428,V,513,451,-1
1788563739.9915,3256441,V,514,452,43936
1788563739.9915,3256449,V,539,474,-1
1788563739.9917,3256457,V,512,450,-1
1788563739.9917,3256465,V,518,455,-1
1788563739.9917,3256473,V,504,443,-1
1788563739.9917,3256481,V,522,459,-1
1788563740.0428,3256495,V,504,443,43937
1788563740.0428,3256503,V,537,472,-1
1788563740.0428,3256511,V,496,436,-1
1788563740.0428,3256519,V,530,466,-1
1788563740.0428,3256527,V,499,439,-1
1788563740.0429,3256535,V,513,451,-1
1788563740.0896,3256549,V,505,444,43938
1788563740.0896,3256557,V,497,437,-1
1788563740.0896,3256565,V,521,458,-1
1788563740.0896,3256573,V,531,467,-1
1788563740.0896,3256581,V,505,444,-1
1788563740.0896,3256589,V,506,445,-1
1788563740.1387,3256603,V,520,457,43939
1788563740.1389,3256611,V,527,463,-1
1788563740.1389,3256619,V,499,439,-1
1788563740.1389,3256627,V,524,461,-1
1788563740.1389,3256635,V,537,472,-1
1788563740.1389,3256643,V,505,444,-1
1788563740.1873,3256656,V,510,448,43940
1788563740.1873,3256664,V,541,475,-1
1788563740.1873,3256672,V,486,427,-1
1788563740.1874,3256680,V,527,463,-1
1788563740.1874,3256688,V,539,474,-1
1788563740.1874,3256696,V,511,449,-1
1788563740.2357,3256710,V,500,439,43941
1788563740.2357,3256718,V,562,494,-1
1788563740.2357,3256726,V,527,463,-1
1788563740.2357,3256734,V,510,448,-1
1788563740.2357,3256742,V,521,458,-1
1788563740.2357,3256750,V,523,460,-1
1788563740.2869,3256764,V,517,454,43942
1788563740.2869,3256772,V,520,457,-1
1788563740.2869,3256780,V,489,430,-1
1788563740.2869,3256788,V,544,478,-1
1788563740.2869,3256796,V,520,457,-1
1788563740.2869,3256804,V,504,443,-1
1788563740.3354,3256817,V,503,442,43943
1788563740.3354,3256825,V,518,455,-1
1788563740.3354,3256833,V,510,448,-1
1788563740.3354,3256841,V,498,438,-1
1788563740.3354,3256849,V,523,460,-1
1788563740.3354,3256857,V,530,466,-1
1788563740.4309,3256871,V,517,454,43944
1788563740.4313,3256879,V,499,439,-1
1788563740.4314,3256887,V,563,495,-1
1788563740.4314,3256895,V,508,446,-1
1788563740.4314,3256903,V,529,465,-1
1788563740.4314,3256911,V,533,468,-1
1788563740.4798,3256925,V,469,412,43945
1788563740.4799,3256933,V,530,466,-1
1788563740.4799,3256941,V,521,458,-1
1788563740.4799,3256949,V,516,454,-1
1788563740.4799,3256957,V,521,458,-1
1788563740.4799,3256965,V,515,453,-1
1788563740.5284,3256979,V,515,453,43946
1788563740.5284,3256987,V,492,432,-1
1788563740.5284,3256995,V,509,447,-1
1788563740.5284,3257003,V,523,460,-1
1788563740.5284,3257011,V,506,445,-1
1788563740.5284,3257019,V,508,446,-1
1788563740.5794,3257032,V,521,458,43947
1788563740.5795,3257040,V,543,477,-1
1788563740.5796,3257048,V,504,443,-1
1788563740.5797,3257056,V,527,463,-1
1788563740.5797,3257064,V,517,454,-1
1788563740.5797,3257072,V,528,464,-1
1788563740.6266,3257086,V,508,446,43948
1788563740.6267,3257094,V,513,451,-1
1788563740.6267,3257102,V,503,442,-1
1788563740.6267,3257110,V,516,454,-1
1788563740.6267,3257118,V,514,452,-1
1788563740.6267,3257126,V,533,468,-1
1788563740.7237,3257140,V,521,458,43949
1788563740.7239,3257148,V,528,464,-1
1788563740.7240,3257156,V,534,469,-1
1788563740.7240,3257164,V,512,450,-1
1788563740.7240,3257172,V,512,450,-1
1788563740.7240,3257180,V,522,459,-1
1788563740.7247,3257194,V,502,441,43950
1788563740.7247,3257202,V,509,447,-1
1788563740.7247,3257210,V,511,449,-1
1788563740.7247,3257218,V,514,452,-1
1788563740.7248,3257226,V,502,441,-1
1788563740.7248,3257234,V,507,446,-1
1788563740.7725,3257247,V,496,436,43951
1788563740.7725,3257255,V,522,459,-1
1788563740.7725,3257263,V,513,451,-1
1788563740.7725,3257271,V,520,457,-1
1788563740.7725,3257279,V,504,443,-1
1788563740.7725,3257287,V,509,447,-1
1788563740.8208,3257301,V,523,460,43952
1788563740.8208,3257309,V,504,443,-1
1788563740.8208,3257317,V,542,476,-1
1788563740.8208,3257325,V,525,461,-1
1788563740.8208,3257333,V,510,448,-1
1788563740.8208,3257341,V,523,460,-1
1788563740.8697,3257355,V,506,445,43953
1788563740.8698,3257363,V,514,452,-1
1788563740.8698,3257371,V,490,431,-1
1788563740.8698,3257379,V,520,457,-1
1788563740.8698,3257387,V,514,452,-1
1788563740.8698,3257395,V,530,466,-1
1788563740.9673,3257409,V,493,433,43954
1788563740.9675,3257417,V,501,440,-1
1788563740.9675,3257425,V,527,463,-1
1788563740.9675,3257433,V,523,460,-1
1788563740.9675,3257441,V,509,447,-1
1788563740.9675,3257449,V,529,465,-1
1788563741.0154,3257462,V,533,468,43955
1788563741.0154,3257470,V,513,451,-1
1788563741.0154,3257478,V,523,460,-1
1788563741.0154,3257486,V,522,459,-1
1788563741.0154,3257494,V,523,460,-1
1788563741.0154,3257502,V,540,475,-1
1788563741.0643,3257516,V,510,448,43956
1788563741.0643,3257524,V,522,459,-1
1788563741.0643,3257532,V,510,448,-1
1788563741.0643,3257540,V,531,467,-1
1788563741.0643,3257548,V,514,452,-1
1788563741.0643,3257556,V,541,475,-1
1788563741.1633,3257570,V,508,446,43957
1788563741.1633,3257578,V,530,466,-1
1788563741.1633,3257586,V,494,434,-1
1788563741.1633,3257594,V,556,489,-1
1788563741.1633,3257602,V,506,445,-1
1788563741.1633,3257610,V,518,455,-1
1788563741.1634,3257623,V,520,457,43958
1788563741.1634,3257631,V,517,454,-1
1788563741.1635,3257639,V,522,459,-1
1788563741.1635,3257647,V,518,455,-1
1788563741.1635,3257655,V,521,458,-1
1788563741.1635,3257663,V,512,450,-1
1788563741.2126,3257677,V,502,441,43959
1788563741.2127,3257685,V,492,432,-1
1788563741.2127,3257693,V,508,446,-1
1788563741.2127,3257701,V,520,457,-1
1788563741.2127,3257709,V,504,443,-1
1788563741.2127,3257717,V,541,475,-1
1788563741.2596,3257731,V,512,450,43960
1788563741.2597,3257739,V,512,450,-1
1788563741.2597,3257747,V,498,438,-1
1788563741.2597,3257755,V,502,441,-1
1788563741.2597,3257763,V,513,451,-1
1788563741.2597,3257771,V,485,426,-1
1788563741.3084,3257785,V,523,460,43961
1788563741.3084,3257793,V,532,468,-1
1788563741.3084,3257801,V,511,449,-1
1788563741.3084,3257809,V,500,439,-1
1788563741.3084,3257817,V,496,436,-1
1788563741.3084,3257825,V,485,426,-1
1788563741.3570,3257838,V,560,492,43962
1788563741.3571,3257846,V,530,466,-1
1788563741.3571,3257854,V,529,465,-1
1788563741.3571,3257862,V,544,478,-1
1788563741.3571,3257870,V,498,438,-1
1788563741.3571,3257878,V,519,456,-1
1788563741.4075,3257892,V,535,470,43963
1788563741.4075,3257900,V,519,456,-1
1788563741.4075,3257908,V,515,453,-1
1788563741.4075,3257916,V,508,446,-1
1788563741.4075,3257924,V,518,455,-1
1788563741.4075,3257932,V,540,475,-1
1788563741.5057,3257946,V,507,446,43964
1788563741.5059,3257954,V,488,429,-1
1788563741.5059,3257962,V,531,467,-1
1788563741.5059,3257970,V,508,446,-1
1788563741.5059,3257978,V,529,465,-1
1788563741.5060,3257986,V,530,466,-1
1788563741.5559,3258000,V,530,466,43965
1788563741.5560,3258008,V,509,447,-1
1788563741.5560,3258016,V,510,448,-1
1788563741.5560,3258024,V,547,481,-1
1788563741.5560,3258032,V,563,495,-1
1788563741.5560,3258040,V,540,475,-1
1788563741.6016,3258053,V,523,460,43966
1788563741.6017,3258061,V,487,428,-1
1788563741.6017,3258069,V,514,452,-1
1788563741.6017,3258077,V,509,447,-1
1788563741.6017,3258085,V,511,449,-1
1788563741.6017,3258093,V,526,462,-1
1788563741.7010,3258107,V,517,454,43967
1788563741.7010,3258115,V,515,453,-1
1788563741.7010,3258123,V,530,466,-1
1788563741.7010,3258131,V,500,439,-1
1788563741.7010,3258139,V,533,468,-1
1788563741.7010,3258147,V,529,465,-1
1788563741.7013,3258161,V,527,463,43968
1788563741.7013,3258169,V,521,458,-1
1788563741.7013,3258177,V,514,452,-1
1788563741.7013,3258185,V,537,472,-1
1788563741.7013,3258193,V,521,458,-1
1788563741.7013,3258201,V,546,480,-1
1788563741.7971,3258214,V,503,442,43969
1788563741.7972,3258222,V,518,455,-1
1788563741.7972,3258230,V,517,454,-1
1788563741.7972,3258238,V,518,455,-1
1788563741.7973,3258246,V,534,469,-1
1788563741.7973,3258254,V,516,454,-1
1788563741.7975,3258268,V,499,439,43970
1788563741.7975,3258276,V,534,469,-1
1788563741.7975,3258284,V,519,456,-1
1788563741.7975,3258292,V,508,446,-1
1788563741.7975,3258300,V,509,447,-1
1788563741.7975,3258308,V,498,438,-1
1788563741.8461,3258322,V,525,461,43971
1788563741.8461,3258330,V,496,436,-1
1788563741.8461,3258338,V,532,468,-1
1788563741.8461,3258346,V,494,434,-1
1788563741.8461,3258354,V,539,474,-1
1788563741.8461,3258362,V,514,452,-1
1788563741.8933,3258375,V,532,468,43972
1788563741.8933,3258383,V,499,439,-1
1788563741.8934,3258391,V,514,452,-1
1788563741.8934,3258399,V,515,453,-1
1788563741.8934,3258407,V,502,441,-1
1788563741.8934,3258415,V,511,449,-1
1788563741.9909,3258429,V,515,453,43973
1788563741.9909,3258437,V,534,469,-1
1788563741.9909,3258445,V,514,452,-1
1788563741.9909,3258453,V,510,448,-1
1788563741.9909,3258461,V,521,458,-1
1788563741.9909,3258469,V,550,483,-1
1788563742.0393,3258483,V,499,439,43974
1788563742.0394,3258491,V,508,446,-1
1788563742.0394,3258499,V,519,456,-1
1788563742.0394,3258507,V,513,451,-1
1788563742.0394,3258515,V,511,449,-1
1788563742.0394,3258523,V,502,441,-1
1788563742.0906,3258537,V,512,450,43975
1788563742.0906,3258545,V,498,438,-1
1788563742.0906,3258553,V,492,432,-1
1788563742.0906,3258561,V,515,453,-1
1788563742.0906,3258569,V,511,449,-1
1788563742.0906,3258577,V,529,465,-1
1788563742.1388,3258590,V,501,440,43976
1788563742.1388,3258598,V,526,462,-1
1788563742.1388,3258606,V,516,454,-1
1788563742.1388,3258614,V,507,446,-1
1788563742.1388,3258622,V,506,445,-1
1788563742.1388,3258630,V,528,464,-1
1788563742.1855,3258644,V,510,448,43977
1788563742.1856,3258652,V,507,446,-1
1788563742.1856,3258660,V,510,448,-1
1788563742.1856,3258668,V,531,467,-1
1788563742.1856,3258676,V,497,437,-1
1788563742.1856,3258684,V,504,443,-1
1788563742.2353,3258698,V,507,446,43978
1788563742.2353,3258706,V,504,443,-1
1788563742.2353,3258714,V,531,467,-1
1788563742.2353,3258722,V,502,441,-1
1788563742.2353,3258730,V,537,472,-1
1788563742.2353,3258738,V,515,453,-1
1788563742.2830,3258752,V,512,450,43979
1788563742.2831,3258760,V,506,445,-1
1788563742.2831,3258768,V,509,447,-1
1788563742.2831,3258776,V,522,459,-1
1788563742.2832,3258784,V,525,461,-1
1788563742.2832,3258792,V,503,442,-1
1788563742.3316,3258805,V,513,451,43980
1788563742.3316,3258813,V,530,466,-1
1788563742.3316,3258821,V,522,459,-1
1788563742.3316,3258829,V,529,465,-1
1788563742.3316,3258837,V,499,439,-1
1788563742.3316,3258845,V,526,462,-1
1788563742.3840,3258859,V,510,448,43981
1788563742.3840,3258867,V,510,448,-1
1788563742.3841,3258875,V,519,456,-1
1788563742.3841,3258883,V,513,451,-1
1788563742.3841,3258891,V,518,455,-1
1788563742.3841,3258899,V,496,436,-1
1788563742.4312,3258913,V,519,456,43982
1788563742.4312,3258921,V,495,435,-1
1788563742.4312,3258929,V,517,454,-1
1788563742.4312,3258937,V,501,440,-1
1788563742.4312,3258945,V,505,444,-1
1788563742.4312,3258953,V,528,464,-1
1788563742.5278,3258967,V,515,453,43983
1788563742.5279,3258975,V,510,448,-1
1788563742.5279,3258983,V,539,474,-1
1788563742.5279,3258991,V,508,446,-1
1788563742.5280,3258999,V,546,480,-1
1788563742.5280,3259007,V,491,432,-1
1788563742.5766,3259020,V,503,442,43984
1788563742.5766,3259028,V,528,464,-1
1788563742.5766,3259036,V,525,461,-1
1788563742.5766,3259044,V,527,463,-1
1788563742.5766,3259052,V,513,451,-1
1788563742.5766,3259060,V,514,452,-1
1788563742.6243,3259074,V,497,437,43985
1788563742.6243,3259082,V,532,468,-1
1788563742.6243,3259090,V,557,490,-1
1788563742.6243,3259098,V,497,437,-1
1788563742.6243,3259106,V,533,468,-1
1788563742.6244,3259114,V,498,438,-1
1788563742.6746,3259128,V,512,450,43986
1788563742.6746,3259136,V,515,453,-1
1788563742.6746,3259144,V,531,467,-1
1788563742.6746,3259152,V,520,457,-1
1788563742.6746,3259160,V,522,459,-1
1788563742.6746,3259168,V,504,443,-1
1788563742.7226,3259182,V,507,446,43987
1788563742.7227,3259190,V,517,454,-1
1788563742.7227,3259198,V,530,466,-1
1788563742.7227,3259206,V,520,457,-1
1788563742.7227,3259214,V,502,441,-1
1788563742.7227,3259222,V,505,444,-1
1788563742.7706,3259235,V,498,438,43988
1788563742.7707,3259243,V,499,439,-1
1788563742.7707,3259251,V,523,460,-1
1788563742.7707,3259259,V,530,466,-1
1788563742.7707,3259267,V,539,474,-1
1788563742.7707,3259275,V,536,471,-1
1788563742.8194,3259289,V,521,458,43989
1788563742.8194,3259297,V,500,439,-1
1788563742.8194,3259305,V,490,431,-1
1788563742.8194,3259313,V,510,448,-1
1788563742.8194,3259321,V,513,451,-1
1788563742.8194,3259329,V,520,457,-1
1788563742.8680,3259343,V,496,436,43990
1788563742.8680,3259351,V,503,442,-1
1788563742.8680,3259359,V,546,480,-1
1788563742.8680,3259367,V,529,465,-1
1788563742.8680,3259375,V,497,437,-1
1788563742.8681,3259383,V,520,457,-1
1788563742.9168,3259397,V,493,433,43991
1788563742.9168,3259405,V,504,443,-1
1788563742.9168,3259413,V,509,447,-1
1788563742.9168,3259421,V,509,447,-1
1788563742.9168,3259429,V,511,449,-1
1788563742.9169,3259437,V,505,444,-1
1788563742.9676,3259450,V,498,438,43992
1788563742.9676,3259458,V,531,467,-1
1788563742.9677,3259466,V,500,439,-1
1788563742.9677,3259474,V,514,452,-1
1788563742.9677,3259482,V,490,431,-1
1788563742.9677,3259490,V,503,442,-1
1788563743.0628,3259504,V,523,460,43993
1788563743.0630,3259512,V,519,456,-1
1788563743.0630,3259520,V,518,455,-1
1788563743.0630,3259528,V,500,439,-1
1788563743.0630,3259536,V,493,433,-1
1788563743.0630,3259544,V,528,464,-1
1788563743.1119,3259558,V,511,449,43994
1788563743.1119,3259566,V,517,454,-1
1788563743.1119,3259574,V,505,444,-1
1788563743.1119,3259582,V,516,454,-1
1788563743.1119,3259590,V,522,459,-1
1788563743.1119,3259598,V,512,450,-1
1788563743.1606,3259611,V,496,436,43995
1788563743.1606,3259619,V,497,437,-1
1788563743.1606,3259627,V,510,448,-1
1788563743.1606,3259635,V,509,447,-1
1788563743.1606,3259643,V,506,445,-1
1788563743.1606,3259651,V,519,456,-1
1788563743.2596,3259665,V,508,446,43996
1788563743.2596,3259673,V,540,475,-1
1788563743.2596,3259681,V,535,470,-1
1788563743.2596,3259689,V,519,456,-1
1788563743.2596,3259697,V,512,450,-1
1788563743.2596,3259705,V,507,446,-1
1788563743.2599,3259719,V,509,447,43997
1788563743.2599,3259727,V,517,454,-1
1788563743.2599,3259735,V,519,456,-1
1788563743.2599,3259743,V,529,465,-1
1788563743.2599,3259751,V,516,454,-1
1788563743.2599,3259759,V,505,444,-1
1788563743.3085,3259773,V,517,454,43998
1788563743.3086,3259781,V,541,475,-1
1788563743.3086,3259789,V,557,490,-1
1788563743.3086,3259797,V,491,432,-1
1788563743.3086,3259805,V,520,457,-1
1788563743.3086,3259813,V,519,456,-1
1788563743.3556,3259826,V,528,464,43999
1788563743.3556,3259834,V,535,470,-1
1788563743.3556,3259842,V,510,448,-1
1788563743.3556,3259850,V,513,451,-1
1788563743.3556,3259858,V,529,465,-1
1788563743.3556,3259866,V,495,435,-1
1788563743.4058,3259880,V,514,452,44000
1788563743.4058,3259888,V,515,453,-1
1788563743.4058,3259896,V,488,429,-1
1788563743.4058,3259904,V,499,439,-1
1788563743.4058,3259912,V,545,479,-1
1788563743.4058,3259920,V,516,454,-1
1788563743.4540,3259934,V,507,446,44001
1788563743.4541,3259942,V,536,471,-1
1788563743.4541,3259950,V,514,452,-1
1788563743.4541,3259958,V,487,428,-1
1788563743.4541,3259966,V,505,444,-1
1788563743.4541,3259974,V,533,468,-1
1788563743.5028,3259988,V,525,461,44002
1788563743.5029,3259996,V,515,453,-1
1788563743.5029,3260004,V,500,439,-1
1788563743.5029,3260012,V,527,463,-1
1788563743.5029,3260020,V,523,460,-1
1788563743.5029,3260028,V,508,446,-1
1788563743.6020,3260041,V,527,463,44003
1788563743.6024,3260049,V,524,461,-1
1788563743.6024,3260057,V,519,456,-1
1788563743.6024,3260065,V,524,461,-1
1788563743.6024,3260073,V,504,443,-1
1788563743.6024,3260081,V,515,453,-1
1788563743.6519,3260095,V,508,446,44004
1788563743.6519,3260103,V,535,470,-1
1788563743.6519,3260111,V,504,443,-1
1788563743.6519,3260119,V,505,444,-1
1788563743.6519,3260127,V,517,454,-1
1788563743.6520,3260135,V,513,451,-1
1788563743.6969,3260149,V,512,450,44005
1788563743.6969,3260157,V,514,452,-1
1788563743.6969,3260165,V,500,439,-1
1788563743.6969,3260173,V,527,463,-1
1788563743.6969,3260181,V,524,461,-1
1788563743.6969,3260189,V,530,466,-1
1788563743.7458,3260202,V,500,439,44006
1788563743.7458,3260210,V,511,449,-1
1788563743.7458,3260218,V,528,464,-1
1788563743.7458,3260226,V,525,461,-1
1788563743.7458,3260234,V,525,461,-1
1788563743.7458,3260242,V,495,435,-1
1788563743.7944,3260256,V,528,464,44007
1788563743.7945,3260264,V,512,450,-1
1788563743.7945,3260272,V,504,443,-1
1788563743.7945,3260280,V,499,439,-1
1788563743.7945,3260288,V,538,473,-1
1788563743.7945,3260296,V,495,435,-1
1788563743.8439,3260310,V,509,447,44008
1788563743.8440,3260318,V,503,442,-1
1788563743.8440,3260326,V,531,467,-1
1788563743.8440,3260334,V,495,435,-1
1788563743.8440,3260342,V,506,445,-1
1788563743.8441,3260350,V,482,424,-1
1788563743.8918,3260364,V,521,458,44009
1788563743.8918,3260372,V,489,430,-1
1788563743.8918,3260380,V,506,445,-1
1788563743.8918,3260388,V,497,437,-1
1788563743.8918,3260396,V,532,468,-1
1788563743.8919,3260404,V,516,454,-1
1788563743.9427,3260417,V,532,468,44010
1788563743.9427,3260425,V,504,443,-1
1788563743.9427,3260433,V,504,443,-1
1788563743.9427,3260441,V,494,434,-1
1788563743.9427,3260449,V,508,446,-1
1788563743.9427,3260457,V,529,465,-1
1788563743.9896,3260471,V,522,459,44011
1788563743.9896,3260479,V,533,468,-1
1788563743.9896,3260487,V,496,436,-1
1788563743.9896,3260495,V,502,441,-1
1788563743.9896,3260503,V,507,446,-1
1788563743.9896,3260511,V,506,445,-1
1788563744.0875,3260525,V,506,445,44012
1788563744.0877,3260533,V,521,458,-1
1788563744.0877,3260541,V,536,471,-1
1788563744.0877,3260549,V,503,442,-1
1788563744.0877,3260557,V,485,426,-1
1788563744.0877,3260565,V,520,457,-1
1788563744.1362,3260579,V,553,486,44013
1788563744.1362,3260587,V,522,459,-1
1788563744.1362,3260595,V,501,440,-1
1788563744.1362,3260603,V,522,459,-1
1788563744.1362,3260611,V,499,439,-1
1788563744.1362,3260619,V,519,456,-1
1788563744.1895,3260633,V,505,444,44014
1788563744.1895,3260641,V,543,477,-1
1788563744.1895,3260649,V,509,447,-1
1788563744.1895,3260657,V,517,454,-1
1788563744.1895,3260665,V,528,464,-1
1788563744.1895,3260673,V,500,439,-1
1788563744.2355,3260686,V,530,466,44015
1788563744.2355,3260694,V,531,467,-1
1788563744.2355,3260702,V,510,448,-1
1788563744.2355,3260710,V,502,441,-1
1788563744.2355,3260718,V,504,443,-1
1788563744.2355,3260726,V,545,479,-1
1788563744.2826,3260740,V,511,449,44016
1788563744.2826,3260748,V,524,461,-1
1788563744.2826,3260756,V,502,441,-1
1788563744.2826,3260764,V,487,428,-1
1788563744.2826,3260772,V,517,454,-1
1788563744.2826,3260780,V,523,460,-1
1788563744.3800,3260794,V,499,439,44017
1788563744.3801,3260802,V,520,457,-1
1788563744.3801,3260810,V,505,444,-1
1788563744.3801,3260818,V,510,448,-1
1788563744.3802,3260826,V,518,455,-1
1788563744.3802,3260834,V,490,431,-1
1788563744.3808,3260847,V,501,440,44018
1788563744.3808,3260855,V,501,440,-1
1788563744.3808,3260863,V,529,465,-1
1788563744.3808,3260871,V,525,461,-1
1788563744.3808,3260879,V,518,455,-1
1788563744.3808,3260887,V,508,446,-1
1788563744.4302,3260901,V,522,459,44019
1788563744.4303,3260909,V,526,462,-1
1788563744.4303,3260917,V,493,433,-1
1788563744.4303,3260925,V,518,455,-1
1788563744.4303,3260933,V,525,461,-1
1788563744.4303,3260941,V,502,441,-1
1788563744.4788,3260955,V,514,452,44020
1788563744.4788,3260963,V,495,435,-1
1788563744.4788,3260971,V,507,446,-1
1788563744.4788,3260979,V,512,450,-1
1788563744.4788,3260987,V,530,466,-1
1788563744.4788,3260995,V,542,476,-1
1788563744.5273,3261009,V,577,507,44021
1788563744.5274,3261017,V,512,450,-1
1788563744.5274,3261025,V,521,458,-1
1788563744.5274,3261033,V,511,449,-1
1788563744.5274,3261041,V,517,454,-1
1788563744.5274,3261049,V,498,438,-1
1788563744.6236,3261062,V,513,451,44022
1788563744.6238,3261070,V,530,466,-1
1788563744.6238,3261078,V,539,474,-1
1788563744.6238,3261086,V,523,460,-1
1788563744.6239,3261094,V,525,461,-1
1788563744.6239,3261102,V,517,454,-1
1788563744.6725,3261116,V,517,454,44023
1788563744.6725,3261124,V,509,447,-1
1788563744.6725,3261132,V,492,432,-1
1788563744.6725,3261140,V,496,436,-1
1788563744.6726,3261148,V,542,476,-1
1788563744.6726,3261156,V,501,440,-1
1788563744.7715,3261170,V,518,455,44024
1788563744.7716,3261178,V,499,439,-1
1788563744.7716,3261186,V,504,443,-1
1788563744.7716,3261194,V,494,434,-1
1788563744.7716,3261202,V,516,454,-1
1788563744.7716,3261210,V,501,440,-1
1788563744.7720,3261224,V,511,449,44025
1788563744.7720,3261232,V,509,447,-1
1788563744.7720,3261240,V,502,441,-1
1788563744.7720,3261248,V,497,437,-1
1788563744.7720,3261256,V,512,450,-1
1788563744.7720,3261264,V,521,458,-1
1788563744.8199,3261277,V,532,468,44026
1788563744.8199,3261285,V,490,431,-1
1788563744.8199,3261293,V,521,458,-1
1788563744.8199,3261301,V,521,458,-1
1788563744.8199,3261309,V,533,468,-1
1788563744.8199,3261317,V,535,470,-1
1788563744.8671,3261331,V,510,448,44027
1788563744.8673,3261339,V,522,459,-1
1788563744.8673,3261347,V,496,436,-1
1788563744.8673,3261355,V,524,461,-1
1788563744.8673,3261363,V,513,451,-1
1788563744.8673,3261371,V,523,460,-1
1788563744.9161,3261385,V,539,474,44028
1788563744.9162,3261393,V,530,466,-1
1788563744.9162,3261401,V,493,433,-1
1788563744.9162,3261409,V,525,461,-1
1788563744.9162,3261417,V,526,462,-1
1788563744.9162,3261425,V,513,451,-1
1788563744.9646,3261438,V,491,432,44029
1788563744.9647,3261446,V,574,504,-1
1788563744.9647,3261454,V,513,451,-1
1788563744.9647,3261462,V,503,442,-1
1788563744.9648,3261470,V,521,458,-1
1788563744.9648,3261478,V,538,473,-1
1788563745.0134,3261492,V,514,452,44030
1788563745.0134,3261500,V,506,445,-1
1788563745.0134,3261508,V,492,432,-1
1788563745.0134,3261516,V,516,454,-1
1788563745.0134,3261524,V,518,455,-1
1788563745.0134,3261532,V,534,469,-1
1788563745.0640,3261546,V,512,450,44031
1788563745.0640,3261554,V,504,443,-1
1788563745.0640,3261562,V,521,458,-1
1788563745.0640,3261570,V,536,471,-1
1788563745.0640,3261578,V,503,442,-1
1788563745.0641,3261586,V,529,465,-1
1788563745.1598,3261600,V,500,439,44032
1788563745.1599,3261608,V,524,461,-1
1788563745.1599,3261616,V,517,454,-1
1788563745.1600,3261624,V,515,453,-1
1788563745.1600,3261632,V,502,441,-1
1788563745.1600,3261640,V,540,475,-1
1788563745.2083,3261653,V,523,460,44033
1788563745.2083,3261661,V,519,456,-1
1788563745.2083,3261669,V,522,459,-1
1788563745.2083,3261677,V,514,452,-1
1788563745.2083,3261685,V,503,442,-1
1788563745.2083,3261693,V,505,444,-1
1788563745.2570,3261707,V,514,452,44034
1788563745.2570,3261715,V,503,442,-1
1788563745.2570,3261723,V,523,460,-1
1788563745.2570,3261731,V,528,464,-1
1788563745.2570,3261739,V,500,439,-1
1788563745.2570,3261747,V,525,461,-1
1788563745.3058,3261761,V,509,447,44035
1788563745.3058,3261769,V,525,461,-1
1788563745.3058,3261777,V,476,418,-1
1788563745.3058,3261785,V,529,465,-1
1788563745.3058,3261793,V,493,433,-1
1788563745.3058,3261801,V,514,452,-1
1788563745.3566,3261815,V,503,442,44036
1788563745.3566,3261823,V,538,473,-1
1788563745.3568,3261831,V,529,465,-1
1788563745.3569,3261839,V,489,430,-1
1788563745.3569,3261847,V,511,449,-1
1788563745.3569,3261855,V,519,456,-1
1788563745.4053,3261868,V,496,436,44037
1788563745.4055,3261876,V,521,458,-1
1788563745.4055,3261884,V,567,498,-1
1788563745.4055,3261892,V,511,449,-1
1788563745.4055,3261900,V,503,442,-1
1788563745.4055,3261908,V,499,439,-1
1788563745.4538,3261922,V,514,452,44038
1788563745.4539,3261930,V,539,474,-1
1788563745.4539,3261938,V,483,425,-1
1788563745.4539,3261946,V,526,462,-1
1788563745.4539,3261954,V,497,437,-1
1788563745.4539,3261962,V,513,451,-1
1788563745.5006,3261976,V,551,484,44039
1788563745.5006,3261984,V,529,465,-1
1788563745.5006,3261992,V,509,447,-1
1788563745.5006,3262000,V,498,438,-1
1788563745.5006,3262008,V,495,435,-1
1788563745.5006,3262016,V,513,451,-1
1788563745.5493,3262029,V,504,443,44040
1788563745.5494,3262037,V,526,462,-1
1788563745.5494,3262045,V,548,482,-1
1788563745.5494,3262053,V,532,468,-1
1788563745.5494,3262061,V,501,440,-1
1788563745.5494,3262069,V,483,425,-1
1788563745.5982,3262083,V,499,439,44041
1788563745.5982,3262091,V,537,472,-1
1788563745.5982,3262099,V,519,456,-1
1788563745.5982,3262107,V,531,467,-1
1788563745.5982,3262115,V,520,457,-1
1788563745.5982,3262123,V,503,442,-1
1788563745.6965,3262137,V,561,493,44042
1788563745.6966,3262145,V,511,449,-1
1788563745.6966,3262153,V,497,437,-1
1788563745.6966,3262161,V,489,430,-1
1788563745.6966,3262169,V,527,463,-1
1788563745.6966,3262177,V,528,464,-1
1788563745.7457,3262191,V,515,453,44043
1788563745.7457,3262199,V,524,461,-1
1788563745.7457,3262207,V,504,443,-1
1788563745.7457,3262215,V,530,466,-1
1788563745.7457,3262223,V,533,468,-1
1788563745.7457,3262231,V,531,467,-1
1788563745.7932,3262244,V,522,459,44044
1788563745.7932,3262252,V,519,456,-1
1788563745.7932,3262260,V,508,446,-1
1788563745.7932,3262268,V,504,443,-1
1788563745.7932,3262276,V,536,471,-1
1788563745.7932,3262284,V,536,471,-1
1788563745.8907,3262298,V,502,441,44045
1788563745.8907,3262306,V,536,471,-1
1788563745.8907,3262314,V,526,462,-1
1788563745.8907,3262322,V,558,490,-1
1788563745.8907,3262330,V,489,430,-1
1788563745.8907,3262338,V,516,454,-1
1788563745.8918,3262352,V,495,435,44046
1788563745.8918,3262360,V,531,467,-1
1788563745.8918,3262368,V,530,466,-1
1788563745.8918,3262376,V,491,432,-1
1788563745.8918,3262384,V,510,448,-1
1788563745.8918,3262392,V,525,461,-1
1788563745.9393,3262406,V,522,459,44047
1788563745.9394,3262414,V,510,448,-1
1788563745.9395,3262422,V,507,446,-1
1788563745.9395,3262430,V,512,450,-1
1788563745.9395,3262438,V,505,444,-1
1788563745.9395,3262446,V,525,461,-1
1788563745.9894,3262459,V,518,455,44048
1788563745.9894,3262467,V,519,456,-1
1788563745.9894,3262475,V,492,432,-1
1788563745.9894,3262483,V,525,461,-1
1788563745.9894,3262491,V,515,453,-1
1788563745.9894,3262499,V,579,509,-1
1788563746.0387,3262513,V,509,447,44049
1788563746.0387,3262521,V,513,451,-1
1788563746.0387,3262529,V,499,439,-1
1788563746.0387,3262537,V,524,461,-1
1788563746.0387,3262545,V,526,462,-1
1788563746.0387,3262553,V,532,468,-1
1788563746.0850,3262567,V,526,462,44050
1788563746.0850,3262575,V,518,455,-1
1788563746.0850,3262583,V,531,467,-1
1788563746.0850,3262591,V,533,468,-1
1788563746.0850,3262599,V,525,461,-1
1788563746.0850,3262607,V,508,446,-1
1788563746.1341,3262620,V,507,446,44051
1788563746.1341,3262628,V,519,456,-1
1788563746.1341,3262636,V,534,469,-1
1788563746.1341,3262644,V,506,445,-1
1788563746.1341,3262652,V,528,464,-1
1788563746.1341,3262660,V,522,459,-1
1788563746.2318,3262674,V,515,453,44052
1788563746.2319,3262682,V,540,475,-1
1788563746.2320,3262690,V,509,447,-1
1788563746.2320,3262698,V,554,487,-1
1788563746.2320,3262706,V,520,457,-1
1788563746.2320,3262714,V,536,471,-1
1788563746.2834,3262728,V,495,435,44053
1788563746.2834,3262736,V,514,452,-1
1788563746.2834,3262744,V,496,436,-1
1788563746.2834,3262752,V,501,440,-1
1788563746.2834,3262760,V,560,492,-1
1788563746.2834,3262768,V,510,448,-1
1788563746.3313,3262782,V,542,476,44054
1788563746.3313,3262790,V,531,467,-1
1788563746.3313,3262798,V,518,455,-1
1788563746.3314,3262806,V,497,437,-1
1788563746.3314,3262814,V,503,442,-1
1788563746.3314,3262822,V,532,468,-1
1788563746.3781,3262835,V,513,451,44055
1788563746.3781,3262843,V,498,438,-1
1788563746.3781,3262851,V,541,475,-1
1788563746.3781,3262859,V,500,439,-1
1788563746.3782,3262867,V,512,450,-1
1788563746.3782,3262875,V,494,434,-1
1788563746.4283,3262889,V,533,468,44056
1788563746.4283,3262897,V,495,435,-1
1788563746.4283,3262905,V,508,446,-1
1788563746.4283,3262913,V,504,443,-1
1788563746.4283,3262921,V,528,464,-1
1788563746.4283,3262929,V,528,464,-1
1788563746.4756,3262943,V,502,441,44057
1788563746.4756,3262951,V,536,471,-1
1788563746.4757,3262959,V,517,454,-1
1788563746.4757,3262967,V,519,456,-1
1788563746.4757,3262975,V,499,439,-1
1788563746.4757,3262983,V,537,472,-1
1788563746.5243,3262997,V,518,455,44058
1788563746.5243,3263005,V,515,453,-1
1788563746.5243,3263013,V,515,453,-1
1788563746.5243,3263021,V,527,463,-1
1788563746.5243,3263029,V,522,459,-1
1788563746.5243,3263037,V,523,460,-1
1788563746.5747,3263050,V,495,435,44059
1788563746.5748,3263058,V,507,446,-1
1788563746.5748,3263066,V,517,454,-1
1788563746.5748,3263074,V,509,447,-1
1788563746.5748,3263082,V,529,465,-1
1788563746.5748,3263090,V,505,444,-1
1788563746.6226,3263104,V,512,450,44060
1788563746.6226,3263112,V,508,446,-1
1788563746.6226,3263120,V,530,466,-1
1788563746.6226,3263128,V,546,480,-1
1788563746.6226,3263136,V,538,473,-1
1788563746.6226,3263144,V,541,475,-1
1788563746.7194,3263158,V,515,453,44061
1788563746.7195,3263166,V,531,467,-1
1788563746.7195,3263174,V,525,461,-1
1788563746.7195,3263182,V,522,459,-1
1788563746.7195,3263190,V,524,461,-1
1788563746.7195,3263198,V,558,490,-1
1788563746.7681,3263212,V,530,466,44062
1788563746.7681,3263220,V,524,461,-1
1788563746.7681,3263228,V,531,467,-1
1788563746.7681,3263236,V,508,446,-1
1788563746.7681,3263244,V,535,470,-1
1788563746.7682,3263252,V,497,437,-1
1788563746.8181,3263265,V,521,458,44063
1788563746.8181,3263273,V,509,447,-1
1788563746.8181,3263281,V,513,451,-1
1788563746.8181,3263289,V,538,473,-1
1788563746.8181,3263297,V,483,425,-1
1788563746.8181,3263305,V,507,446,-1
1788563746.8697,3263319,V,516,454,44064
1788563746.8698,3263327,V,528,464,-1
1788563746.8698,3263335,V,530,466,-1
1788563746.8698,3263343,V,501,440,-1
1788563746.8698,3263351,V,501,440,-1
1788563746.8698,3263359,V,520,457,-1
1788563746.9156,3263373,V,508,446,44065
1788563746.9156,3263381,V,513,451,-1
1788563746.9156,3263389,V,508,446,-1
1788563746.9156,3263397,V,521,458,-1
1788563746.9156,3263405,V,505,444,-1
1788563746.9156,3263413,V,512,450,-1
1788563746.9634,3263426,V,504,443,44066
1788563746.9635,3263434,V,520,457,-1
1788563746.9636,3263442,V,500,439,-1
1788563746.9636,3263450,V,536,471,-1
1788563746.9636,3263458,V,522,459,-1
1788563746.9636,3263466,V,499,439,-1
1788563747.0123,3263480,V,513,451,44067
1788563747.0123,3263488,V,533,468,-1
1788563747.0123,3263496,V,510,448,-1
1788563747.0123,3263504,V,533,468,-1
1788563747.0123,3263512,V,523,460,-1
1788563747.0123,3263520,V,523,460,-1
1788563747.0608,3263534,V,525,461,44068
1788563747.0608,3263542,V,518,455,-1
1788563747.0608,3263550,V,526,462,-1
1788563747.0608,3263558,V,540,475,-1
1788563747.0608,3263566,V,517,454,-1
1788563747.0608,3263574,V,525,461,-1
1788563747.1095,3263588,V,490,431,44069
1788563747.1095,3263596,V,516,454,-1
1788563747.1095,3263604,V,496,436,-1
1788563747.1095,3263612,V,522,459,-1
1788563747.1097,3263620,V,532,468,-1
1788563747.1097,3263628,V,529,465,-1
1788563747.1598,3263641,V,490,431,44070
1788563747.1598,3263649,V,500,439,-1
1788563747.1598,3263657,V,507,446,-1
1788563747.1598,3263665,V,507,446,-1
1788563747.1598,3263673,V,545,479,-1
1788563747.1598,3263681,V,526,462,-1
1788563747.2559,3263695,V,540,475,44071
1788563747.2560,3263703,V,510,448,-1
1788563747.2560,3263711,V,526,462,-1
1788563747.2560,3263719,V,524,461,-1
1788563747.2560,3263727,V,506,445,-1
1788563747.2560,3263735,V,512,450,-1
1788563747.3055,3263749,V,518,455,44072
1788563747.3055,3263757,V,516,454,-1
1788563747.3055,3263765,V,504,443,-1
1788563747.3055,3263773,V,518,455,-1
1788563747.3056,3263781,V,540,475,-1
1788563747.3056,3263789,V,537,472,-1
1788563747.3533,3263803,V,541,475,44073
1788563747.3534,3263811,V,519,456,-1
1788563747.3534,3263819,V,516,454,-1
1788563747.3534,3263827,V,516,454,-1
1788563747.3534,3263835,V,517,454,-1
1788563747.3534,3263843,V,513,451,-1
1788563747.4020,3263856,V,514,452,44074
1788563747.4020,3263864,V,504,443,-1
1788563747.4020,3263872,V,521,458,-1
1788563747.4020,3263880,V,522,459,-1
1788563747.4020,3263888,V,511,449,-1
1788563747.4020,3263896,V,540,475,-1
1788563747.4523,3263910,V,511,449,44075
1788563747.4523,3263918,V,543,477,-1
1788563747.4524,3263926,V,517,454,-1
1788563747.4524,3263934,V,508,446,-1
1788563747.4524,3263942,V,518,455,-1
1788563747.4524,3263950,V,526,462,-1
1788563747.5021,3263964,V,514,452,44076
1788563747.5023,3263972,V,529,465,-1
1788563747.5023,3263980,V,503,442,-1
1788563747.5023,3263988,V,541,475,-1
1788563747.5023,3263996,V,509,447,-1
1788563747.5023,3264004,V,523,460,-1
1788563747.5496,3264018,V,523,460,44077
1788563747.5496,3264026,V,513,451,-1
1788563747.5496,3264034,V,516,454,-1
1788563747.5496,3264042,V,514,452,-1
1788563747.5496,3264050,V,511,449,-1
1788563747.5497,3264058,V,522,459,-1
1788563747.5971,3264071,V,499,439,44078
1788563747.5971,3264079,V,512,450,-1
1788563747.5971,3264087,V,516,454,-1
1788563747.5971,3264095,V,516,454,-1
1788563747.5971,3264103,V,528,464,-1
1788563747.5971,3264111,V,507,446,-1
1788563747.6457,3264125,V,522,459,44079
1788563747.6458,3264133,V,526,462,-1
1788563747.6458,3264141,V,505,444,-1
1788563747.6458,3264149,V,518,455,-1
1788563747.6458,3264157,V,508,446,-1
1788563747.6458,3264165,V,529,465,-1
1788563747.6946,3264179,V,527,463,44080
1788563747.6946,3264187,V,514,452,-1
1788563747.6946,3264195,V,514,452,-1
1788563747.6946,3264203,V,508,446,-1
1788563747.6946,3264211,V,507,446,-1
1788563747.6946,3264219,V,491,432,-1
1788563747.7938,3264233,V,535,470,44081
1788563747.7940,3264241,V,495,435,-1
1788563747.7940,3264249,V,507,446,-1
1788563747.7940,3264257,V,512,450,-1
1788563747.7940,3264265,V,515,453,-1
1788563747.7942,3264273,V,507,446,-1
1788563747.8430,3264286,V,517,454,44082
1788563747.8430,3264294,V,493,433,-1
1788563747.8430,3264302,V,506,445,-1
1788563747.8430,3264310,V,506,445,-1
1788563747.8430,3264318,V,525,461,-1
1788563747.8430,3264326,V,547,481,-1
1788563747.8896,3264340,V,528,464,44083
1788563747.8896,3264348,V,501,440,-1
1788563747.8896,3264356,V,514,452,-1
1788563747.8897,3264364,V,518,455,-1
1788563747.8897,3264372,V,530,466,-1
1788563747.8897,3264380,V,504,443,-1
1788563747.9872,3264394,V,504,443,44084
1788563747.9873,3264402,V,505,444,-1
1788563747.9873,3264410,V,509,447,-1
1788563747.9873,3264418,V,502,441,-1
1788563747.9873,3264426,V,548,482,-1
1788563747.9873,3264434,V,487,428,-1
1788563747.9885,3264447,V,498,438,44085
1788563747.9885,3264455,V,526,462,-1
1788563747.9885,3264463,V,522,459,-1
1788563747.9885,3264471,V,515,453,-1
1788563747.9885,3264479,V,506,445,-1
1788563747.9885,3264487,V,493,433,-1
1788563748.0359,3264501,V,508,446,44086
1788563748.0360,3264509,V,509,447,-1
1788563748.0360,3264517,V,543,477,-1
1788563748.0361,3264525,V,525,461,-1
1788563748.0361,3264533,V,502,441,-1
1788563748.0361,3264541,V,537,472,-1
1788563748.0865,3264555,V,509,447,44087
1788563748.0865,3264563,V,521,458,-1
1788563748.0865,3264571,V,514,452,-1
1788563748.0865,3264579,V,534,469,-1
1788563748.0865,3264587,V,529,465,-1
1788563748.0865,3264595,V,526,462,-1
1788563748.1352,3264609,V,513,451,44088
1788563748.1352,3264617,V,496,436,-1
1788563748.1352,3264625,V,500,439,-1
1788563748.1353,3264633,V,559,491,-1
1788563748.1353,3264641,V,525,461,-1
1788563748.1353,3264649,V,499,439,-1
1788563748.1822,3264662,V,512,450,44089
1788563748.1823,3264670,V,494,434,-1
1788563748.1823,3264678,V,501,440,-1
1788563748.1823,3264686,V,519,456,-1
1788563748.1823,3264694,V,506,445,-1
1788563748.1823,3264702,V,534,469,-1
1788563748.2309,3264716,V,535,470,44090
1788563748.2309,3264724,V,515,453,-1
1788563748.2309,3264732,V,503,442,-1
1788563748.2309,3264740,V,500,439,-1
1788563748.2310,3264748,V,519,456,-1
1788563748.2310,3264756,V,510,448,-1
1788563748.3285,3264770,V,487,428,44091
1788563748.3287,3264778,V,517,454,-1
1788563748.3287,3264786,V,516,454,-1
1788563748.3287,3264794,V,505,444,-1
1788563748.3287,3264802,V,495,435,-1
1788563748.3287,3264810,V,509,447,-1
1788563748.3788,3264824,V,498,438,44092
1788563748.3789,3264832,V,509,447,-1
1788563748.3789,3264840,V,527,463,-1
1788563748.3789,3264848,V,495,435,-1
1788563748.3789,3264856,V,553,486,-1
1788563748.3789,3264864,V,525,461,-1
1788563748.4266,3264877,V,489,430,44093
1788563748.4267,3264885,V,501,440,-1
1788563748.4267,3264893,V,512,450,-1
1788563748.4267,3264901,V,491,432,-1
1788563748.4267,3264909,V,502,441,-1
1788563748.4267,3264917,V,499,439,-1
1788563748.4759,3264931,V,497,437,44094
1788563748.4760,3264939,V,508,446,-1
1788563748.4760,3264947,V,525,461,-1
1788563748.4760,3264955,V,527,463,-1
1788563748.4760,3264963,V,511,449,-1
1788563748.4760,3264971,V,489,430,-1
1788563748.5235,3264985,V,527,463,44095
1788563748.5235,3264993,V,536,471,-1
1788563748.5235,3265001,V,522,459,-1
1788563748.5236,3265009,V,526,462,-1
1788563748.5236,3265017,V,535,470,-1
1788563748.5236,3265025,V,505,444,-1
1788563748.5723,3265039,V,487,428,44096
1788563748.5724,3265047,V,505,444,-1
1788563748.5725,3265055,V,499,439,-1
1788563748.5725,3265063,V,523,460,-1
1788563748.5725,3265071,V,523,460,-1
1788563748.5725,3265079,V,508,446,-1
1788563748.6210,3265092,V,539,474,44097
1788563748.6210,3265100,V,523,460,-1
1788563748.6210,3265108,V,507,446,-1
1788563748.6210,3265116,V,528,464,-1
1788563748.6210,3265124,V,545,479,-1
1788563748.6211,3265132,V,516,454,-1
1788563748.6711,3265146,V,508,446,44098
1788563748.6712,3265154,V,513,451,-1
1788563748.6712,3265162,V,516,454,-1
1788563748.6713,3265170,V,495,435,-1
1788563748.6713,3265178,V,528,464,-1
1788563748.6713,3265186,V,524,461,-1
1788563748.7211,3265200,V,523,460,44099
1788563748.7211,3265208,V,526,462,-1
1788563748.7211,3265216,V,553,486,-1
1788563748.7212,3265224,V,508,446,-1
1788563748.7212,3265232,V,528,464,-1
1788563748.7212,3265240,V,534,469,-1
1788563748.8160,3265253,V,497,437,44100
1788563748.8161,3265261,V,513,451,-1
1788563748.8161,3265269,V,521,458,-1
1788563748.8161,3265277,V,551,484,-1
1788563748.8161,3265285,V,489,430,-1
1788563748.8161,3265293,V,515,453,-1
1788563748.8645,3265308,V,508,446,44101
1788563748.8645,3265316,V,510,448,-1
1788563748.8645,3265324,V,510,448,-1
1788563748.8645,3265332,V,516,454,-1
1788563748.8645,3265340,V,534,469,-1
1788563748.8645,3265348,V,519,456,-1
1788563748.9138,3265361,V,514,452,44102
1788563748.9138,3265369,V,535,470,-1
1788563748.9138,3265377,V,502,441,-1
1788563748.9138,3265385,V,506,445,-1
1788563748.9138,3265393,V,514,452,-1
1788563748.9138,3265401,V,518,455,-1
1788563748.9656,3265415,V,518,455,44103
1788563748.9657,3265423,V,511,449,-1
1788563748.9657,3265431,V,519,456,-1
1788563748.9657,3265439,V,496,436,-1
1788563748.9657,3265447,V,506,445,-1
1788563748.9657,3265455,V,510,448,-1
1788563749.0119,3265469,V,509,447,44104
1788563749.0119,3265477,V,526,462,-1
1788563749.0119,3265485,V,513,451,-1
1788563749.0119,3265493,V,507,446,-1
1788563749.0119,3265501,V,522,459,-1
1788563749.0119,3265509,V,526,462,-1
1788563749.0601,3265522,V,522,459,44105
1788563749.0602,3265530,V,527,463,-1
1788563749.0602,3265538,V,519,456,-1
1788563749.0602,3265546,V,523,460,-1
1788563749.0602,3265554,V,537,472,-1
1788563749.0602,3265562,V,528,464,-1
1788563749.1083,3265576,V,503,442,44106
1788563749.1083,3265584,V,505,444,-1
1788563749.1083,3265592,V,522,459,-1
1788563749.1083,3265600,V,509,447,-1
1788563749.1083,3265608,V,521,458,-1
1788563749.1083,3265616,V,522,459,-1
1788563749.1567,3265630,V,544,478,44107
1788563749.1567,3265638,V,537,472,-1
1788563749.1567,3265646,V,528,464,-1
1788563749.1567,3265654,V,524,461,-1
1788563749.1567,3265662,V,511,449,-1
1788563749.1567,3265670,V,533,468,-1
1788563749.2065,3265684,V,524,461,44108
1788563749.2065,3265692,V,521,458,-1
1788563749.2065,3265700,V,507,446,-1
1788563749.2065,3265708,V,502,441,-1
1788563749.2066,3265716,V,495,435,-1
1788563749.2066,3265724,V,514,452,-1
1788563749.2572,3265737,V,572,503,44109
1788563749.2572,3265745,V,526,462,-1
1788563749.2572,3265753,V,500,439,-1
1788563749.2572,3265761,V,519,456,-1
1788563749.2572,3265769,V,529,465,-1
1788563749.2572,3265777,V,513,451,-1
1788563749.3554,3265791,V,502,441,44110
1788563749.3555,3265799,V,514,452,-1
1788563749.3556,3265807,V,503,442,-1
1788563749.3556,3265815,V,571,502,-1
1788563749.3556,3265823,V,504,443,-1
1788563749.3556,3265831,V,523,460,-1
1788563749.4016,3265845,V,504,443,44111
1788563749.4017,3265853,V,521,458,-1
1788563749.4017,3265861,V,515,453,-1
1788563749.4017,3265869,V,538,473,-1
1788563749.4017,3265877,V,504,443,-1
1788563749.4017,3265885,V,533,468,-1
1788563749.4502,3265899,V,520,457,44112
1788563749.4502,3265907,V,511,449,-1
1788563749.4502,3265915,V,510,448,-1
1788563749.4502,3265923,V,532,468,-1
1788563749.4503,3265931,V,495,435,-1
1788563749.4503,3265939,V,505,444,-1
1788563749.4998,3265952,V,506,445,44113
1788563749.4998,3265960,V,548,482,-1
1788563749.4998,3265968,V,542,476,-1
1788563749.4998,3265976,V,517,454,-1
1788563749.4998,3265984,V,515,453,-1
1788563749.4998,3265992,V,514,452,-1
1788563749.5467,3266006,V,502,441,44114
1788563749.5468,3266014,V,527,463,-1
1788563749.5468,3266022,V,503,442,-1
1788563749.5468,3266030,V,537,472,-1
1788563749.5468,3266038,V,525,461,-1
1788563749.5468,3266046,V,533,468,-1
1788563749.5985,3266060,V,525,461,44115
1788563749.5986,3266068,V,513,451,-1
1788563749.5987,3266076,V,517,454,-1
1788563749.5987,3266084,V,520,457,-1
1788563749.5987,3266092,V,530,466,-1
1788563749.5987,3266100,V,512,450,-1
1788563749.6454,3266113,V,535,470,44116
1788563749.6454,3266121,V,489,430,-1
1788563749.6454,3266129,V,491,432,-1
1788563749.6454,3266137,V,512,450,-1
1788563749.6454,3266145,V,523,460,-1
1788563749.6455,3266153,V,502,441,-1
1788563749.6931,3266167,V,516,454,44117
1788563749.6931,3266175,V,559,491,-1
1788563749.6931,3266183,V,544,478,-1
1788563749.6931,3266191,V,506,445,-1
1788563749.6931,3266199,V,524,461,-1
1788563749.6931,3266207,V,532,468,-1
1788563749.7419,3266221,V,508,446,44118
1788563749.7419,3266229,V,512,450,-1
1788563749.7419,3266237,V,498,438,-1
1788563749.7419,3266245,V,524,461,-1
1788563749.7419,3266253,V,488,429,-1
1788563749.7419,3266261,V,529,465,-1
1788563749.7906,3266275,V,506,445,44119
1788563749.7906,3266283,V,501,440,-1
1788563749.7906,3266291,V,539,474,-1
1788563749.7906,3266299,V,528,464,-1
1788563749.7906,3266307,V,503,442,-1
1788563749.7906,3266315,V,482,424,-1
1788563749.8900,3266328,V,513,451,44120
1788563749.8901,3266336,V,513,451,-1
1788563749.8901,3266344,V,519,456,-1
1788563749.8901,3266352,V,525,461,-1
1788563749.8901,3266360,V,525,461,-1
1788563749.8901,3266368,V,478,420,-1
1788563749.9386,3266382,V,535,470,44121
1788563749.9386,3266390,V,504,443,-1
1788563749.9386,3266398,V,513,451,-1
1788563749.9386,3266406,V,502,441,-1
1788563749.9386,3266414,V,523,460,-1
1788563749.9386,3266422,V,496,436,-1
1788563749.9857,3266436,V,519,456,44122
1788563749.9857,3266444,V,517,454,-1
1788563749.9857,3266452,V,518,455,-1
1788563749.9857,3266460,V,517,454,-1
1788563749.9857,3266468,V,520,457,-1
1788563749.9857,3266476,V,537,472,-1
1788563750.0831,3266490,V,530,466,44123
1788563750.0832,3266498,V,517,454,-1
1788563750.0832,3266506,V,492,432,-1
1788563750.0832,3266514,V,534,469,-1
1788563750.0832,3266522,V,495,435,-1
1788563750.0832,3266530,V,530,466,-1
1788563750.0843,3266543,V,503,442,44124
1788563750.0843,3266551,V,530,466,-1
1788563750.0843,3266559,V,520,457,-1
1788563750.0843,3266567,V,511,449,-1
1788563750.0843,3266575,V,508,446,-1
1788563750.0843,3266583,V,522,459,-1
1788563750.1319,3266597,V,526,462,44125
1788563750.1320,3266605,V,513,451,-1
1788563750.1320,3266613,V,577,507,-1
1788563750.1320,3266621,V,493,433,-1
1788563750.1320,3266629,V,516,454,-1
1788563750.1320,3266637,V,505,444,-1
1788563750.1826,3266651,V,537,472,44126
1788563750.1827,3266659,V,523,460,-1
1788563750.1827,3266667,V,525,461,-1
1788563750.1827,3266675,V,503,442,-1
1788563750.1827,3266683,V,529,465,-1
1788563750.1827,3266691,V,553,486,-1
1788563750.2315,3266705,V,538,473,44127
1788563750.2316,3266713,V,529,465,-1
1788563750.2316,3266721,V,513,451,-1
1788563750.2316,3266729,V,528,464,-1
1788563750.2316,3266737,V,521,458,-1
1788563750.2316,3266745,V,534,469,-1
1788563750.2783,3266758,V,527,463,44128
1788563750.2783,3266766,V,521,458,-1
1788563750.2784,3266774,V,525,461,-1
1788563750.2784,3266782,V,522,459,-1
1788563750.2784,3266790,V,523,460,-1
1788563750.2784,3266798,V,534,469,-1
1788563750.3269,3266812,V,509,447,44129
1788563750.3269,3266820,V,553,486,-1
1788563750.3269,3266828,V,533,468,-1
1788563750.3269,3266836,V,510,448,-1
1788563750.3269,3266844,V,523,460,-1
1788563750.3270,3266852,V,531,467,-1
1788563750.4246,3266866,V,543,477,44130
1788563750.4247,3266874,V,526,462,-1
1788563750.4247,3266882,V,516,454,-1
1788563750.4247,3266890,V,509,447,-1
1788563750.4247,3266898,V,518,455,-1
1788563750.4247,3266906,V,511,449,-1
1788563750.4753,3266920,V,530,466,44131
1788563750.4754,3266928,V,521,458,-1
1788563750.4754,3266936,V,519,456,-1
1788563750.4754,3266944,V,488,429,-1
1788563750.4754,3266952,V,538,473,-1
1788563750.4754,3266960,V,539,474,-1
1788563750.5229,3266973,V,522,459,44132
1788563750.5229,3266981,V,513,451,-1
1788563750.5229,3266989,V,524,461,-1
1788563750.5229,3266997,V,535,470,-1
1788563750.5229,3267005,V,505,444,-1
1788563750.5229,3267013,V,526,462,-1
1788563750.5707,3267027,V,532,468,44133
1788563750.5707,3267035,V,510,448,-1
1788563750.5707,3267043,V,514,452,-1
1788563750.5707,3267051,V,520,457,-1
1788563750.5707,3267059,V,494,434,-1
1788563750.5707,3267067,V,537,472,-1
1788563750.6198,3267081,V,534,469,44134
1788563750.6199,3267089,V,517,454,-1
1788563750.6199,3267097,V,529,465,-1
1788563750.6199,3267105,V,518,455,-1
1788563750.6199,3267113,V,521,458,-1
1788563750.6199,3267121,V,530,466,-1
1788563750.6683,3267135,V,524,461,44135
1788563750.6684,3267143,V,499,439,-1
1788563750.6684,3267151,V,512,450,-1
1788563750.6684,3267159,V,509,447,-1
1788563750.6685,3267167,V,524,461,-1
1788563750.6685,3267175,V,515,453,-1
1788563750.7177,3267188,V,527,463,44136
1788563750.7177,3267196,V,516,454,-1
1788563750.7180,3267204,V,533,468,-1
1788563750.7181,3267212,V,508,446,-1
1788563750.7181,3267220,V,510,448,-1
1788563750.7181,3267228,V,535,470,-1
1788563750.7676,3267242,V,481,423,44137
1788563750.7676,3267250,V,514,452,-1
1788563750.7676,3267258,V,511,449,-1
1788563750.7676,3267266,V,504,443,-1
1788563750.7676,3267274,V,532,468,-1
1788563750.7676,3267282,V,497,437,-1
1788563750.8161,3267296,V,507,446,44138
1788563750.8161,3267304,V,528,464,-1
1788563750.8161,3267312,V,516,454,-1
1788563750.8161,3267320,V,518,455,-1
1788563750.8161,3267328,V,542,476,-1
1788563750.8161,3267336,V,494,434,-1
1788563750.9125,3267350,V,497,437,44139
1788563750.9127,3267358,V,517,454,-1
1788563750.9127,3267366,V,510,448,-1
1788563750.9127,3267374,V,508,446,-1
1788563750.9127,3267382,V,493,433,-1
1788563750.9127,3267390,V,513,451,-1
1788563750.9611,3267404,V,493,433,44140
1788563750.9612,3267412,V,514,452,-1
1788563750.9612,3267420,V,524,461,-1
1788563750.9612,3267428,V,516,454,-1
1788563750.9612,3267436,V,503,442,-1
1788563750.9612,3267444,V,509,447,-1
1788563751.0095,3267457,V,506,445,44141
1788563751.0095,3267465,V,532,468,-1
1788563751.0095,3267473,V,535,470,-1
1788563751.0095,3267481,V,521,458,-1
1788563751.0095,3267489,V,504,443,-1
1788563751.0095,3267497,V,542,476,-1
1788563751.0596,3267511,V,527,463,44142
1788563751.0596,3267519,V,515,453,-1
1788563751.0596,3267527,V,518,455,-1
1788563751.0596,3267535,V,547,481,-1
1788563751.0596,3267543,V,534,469,-1
1788563751.0596,3267551,V,497,437,-1
1788563751.1075,3267565,V,528,464,44143
1788563751.1075,3267573,V,519,456,-1
1788563751.1075,3267581,V,504,443,-1
1788563751.1075,3267589,V,505,444,-1
1788563751.1075,3267597,V,501,440,-1
1788563751.1075,3267605,V,524,461,-1
1788563751.1567,3267619,V,509,447,44144
1788563751.1568,3267627,V,500,439,-1
1788563751.1568,3267635,V,541,475,-1
1788563751.1568,3267643,V,535,470,-1
1788563751.1568,3267651,V,521,458,-1
1788563751.1568,3267659,V,528,464,-1
1788563751.2044,3267672,V,517,454,44145
1788563751.2044,3267680,V,526,462,-1
1788563751.2044,3267688,V,520,457,-1
1788563751.2044,3267696,V,525,461,-1
1788563751.2044,3267704,V,508,446,-1
1788563751.2044,3267712,V,514,452,-1
1788563751.2534,3267726,V,503,442,44146
1788563751.2535,3267734,V,506,445,-1
1788563751.2535,3267742,V,503,442,-1
1788563751.2535,3267750,V,506,445,-1
1788563751.2535,3267758,V,512,450,-1
1788563751.2535,3267766,V,492,432,-1
1788563751.3022,3267780,V,526,462,44147
1788563751.3022,3267788,V,491,432,-1
1788563751.3022,3267796,V,511,449,-1
1788563751.3022,3267804,V,503,442,-1
1788563751.3022,3267812,V,535,470,-1
1788563751.3022,3267820,V,530,466,-1
1788563751.3519,3267833,V,553,486,44148
1788563751.3519,3267841,V,506,445,-1
1788563751.3519,3267849,V,508,446,-1
1788563751.3520,3267857,V,499,439,-1
1788563751.3520,3267865,V,540,475,-1
1788563751.3520,3267873,V,492,432,-1
1788563751.4989,3267887,V,530,466,44149
1788563751.4992,3267895,V,520,457,-1
1788563751.4992,3267903,V,543,477,-1
1788563751.4992,3267911,V,553,486,-1
1788563751.4992,3267919,V,498,438,-1
1788563751.4992,3267927,V,507,446,-1
1788563751.4995,3267941,V,498,438,44150
1788563751.4995,3267949,V,531,467,-1
1788563751.4995,3267957,V,526,462,-1
1788563751.4995,3267965,V,494,434,-1
1788563751.4995,3267973,V,508,446,-1
1788563751.4995,3267981,V,512,450,-1
1788563751.5461,3267995,V,507,446,44151
1788563751.5461,3268003,V,508,446,-1
1788563751.5461,3268011,V,505,444,-1
1788563751.5462,3268019,V,518,455,-1
1788563751.5462,3268027,V,517,454,-1
1788563751.5462,3268035,V,548,482,-1
1788563751.5946,3268048,V,532,468,44152
1788563751.5947,3268056,V,529,465,-1
1788563751.5947,3268064,V,517,454,-1
1788563751.5947,3268072,V,518,455,-1
1788563751.5947,3268080,V,507,446,-1
1788563751.5947,3268088,V,499,439,-1
1788563751.6433,3268102,V,523,460,44153
1788563751.6433,3268110,V,521,458,-1
1788563751.6433,3268118,V,495,435,-1
1788563751.6433,3268126,V,520,457,-1
1788563751.6433,3268134,V,490,431,-1
1788563751.6433,3268142,V,506,445,-1
1788563751.6936,3268156,V,513,451,44154
1788563751.6936,3268164,V,523,460,-1
1788563751.6936,3268172,V,521,458,-1
1788563751.6936,3268180,V,510,448,-1
1788563751.6936,3268188,V,517,454,-1
1788563751.6936,3268196,V,511,449,-1
1788563751.7428,3268209,V,523,460,44155
1788563751.7429,3268217,V,515,453,-1
1788563751.7429,3268225,V,509,447,-1
1788563751.7429,3268233,V,546,480,-1
1788563751.7429,3268241,V,497,437,-1
1788563751.7430,3268249,V,529,465,-1
1788563751.7899,3268263,V,512,450,44156
1788563751.7899,3268271,V,567,498,-1
1788563751.7899,3268279,V,528,464,-1
1788563751.7899,3268287,V,508,446,-1
1788563751.7899,3268295,V,504,443,-1
1788563751.7899,3268303,V,518,455,-1
1788563751.8384,3268317,V,532,468,44157
1788563751.8384,3268325,V,503,442,-1
1788563751.8384,3268333,V,519,456,-1
1788563751.8384,3268341,V,515,453,-1
1788563751.8384,3268349,V,522,459,-1
1788563751.8384,3268357,V,530,466,-1
1788563751.8868,3268371,V,528,464,44158
1788563751.8868,3268379,V,498,438,-1
1788563751.8868,3268387,V,484,425,-1
1788563751.8868,3268395,V,534,469,-1
1788563751.8868,3268403,V,523,460,-1
1788563751.8868,3268411,V,516,454,-1
1788563751.9858,3268424,V,539,474,44159
1788563751.9859,3268432,V,528,464,-1
1788563751.9859,3268440,V,514,452,-1
1788563751.9859,3268448,V,503,442,-1
1788563751.9859,3268456,V,499,439,-1
1788563751.9860,3268464,V,512,450,-1
1788563752.0346,3268478,V,513,451,44160
1788563752.0346,3268486,V,524,461,-1
1788563752.0346,3268494,V,508,446,-1
1788563752.0346,3268502,V,499,439,-1
1788563752.0346,3268510,V,515,453,-1
1788563752.0347,3268518,V,527,463,-1
1788563752.0818,3268532,V,511,449,44161
1788563752.0818,3268540,V,510,448,-1
1788563752.0818,3268548,V,504,443,-1
1788563752.0818,3268556,V,520,457,-1
1788563752.0818,3268564,V,508,446,-1
1788563752.0818,3268572,V,509,447,-1
1788563752.1794,3268586,V,527,463,44162
1788563752.1796,3268594,V,502,441,-1
1788563752.1796,3268602,V,504,443,-1
1788563752.1796,3268610,V,547,481,-1
1788563752.1796,3268618,V,524,461,-1
1788563752.1796,3268626,V,516,454,-1
1788563752.1807,3268639,V,538,473,44163
1788563752.1807,3268647,V,549,483,-1
1788563752.1807,3268655,V,518,455,-1
1788563752.1808,3268663,V,527,463,-1
1788563752.1808,3268671,V,531,467,-1
1788563752.1808,3268679,V,520,457,-1
1788563752.2281,3268693,V,513,451,44164
1788563752.2282,3268701,V,529,465,-1
1788563752.2282,3268709,V,563,495,-1
1788563752.2282,3268717,V,521,458,-1
1788563752.2282,3268725,V,515,453,-1
1788563752.2282,3268733,V,530,466,-1
1788563752.2790,3268747,V,538,473,44165
1788563752.2790,3268755,V,533,468,-1
1788563752.2790,3268763,V,504,443,-1
1788563752.2790,3268771,V,506,445,-1
1788563752.2790,3268779,V,536,471,-1
1788563752.2790,3268787,V,493,433,-1
1788563752.3266,3268800,V,526,462,44166
1788563752.3266,3268808,V,508,446,-1
1788563752.3266,3268816,V,499,439,-1
1788563752.3266,3268824,V,506,445,-1
1788563752.3266,3268832,V,503,442,-1
1788563752.3266,3268840,V,520,457,-1
1788563752.3745,3268854,V,520,457,44167
1788563752.3745,3268862,V,536,471,-1
1788563752.3745,3268870,V,508,446,-1
1788563752.3745,3268878,V,521,458,-1
1788563752.3745,3268886,V,515,453,-1
1788563752.3745,3268894,V,516,454,-1
1788563752.4231,3268908,V,506,445,44168
1788563752.4232,3268916,V,515,453,-1
1788563752.4232,3268924,V,535,470,-1
1788563752.4232,3268932,V,511,449,-1
1788563752.4232,3268940,V,511,449,-1
1788563752.4232,3268948,V,527,463,-1
1788563752.5217,3268962,V,528,464,44169
1788563752.5218,3268970,V,512,450,-1
1788563752.5218,3268978,V,526,462,-1
1788563752.5218,3268986,V,500,439,-1
1788563752.5219,3268994,V,531,467,-1
1788563752.5219,3269002,V,521,458,-1
1788563752.5710,3269015,V,504,443,44170
1788563752.5711,3269023,V,501,440,-1
1788563752.5711,3269031,V,493,433,-1
1788563752.5711,3269039,V,505,444,-1
1788563752.5711,3269047,V,500,439,-1
1788563752.5711,3269055,V,506,445,-1
1788563752.6209,3269069,V,515,453,44171
1788563752.6209,3269077,V,523,460,-1
1788563752.6209,3269085,V,508,446,-1
1788563752.6209,3269093,V,528,464,-1
1788563752.6209,3269101,V,508,446,-1
1788563752.6209,3269109,V,555,488,-1
1788563752.6669,3269123,V,499,439,44172
1788563752.6669,3269131,V,513,451,-1
1788563752.6669,3269139,V,520,457,-1
1788563752.6669,3269147,V,555,488,-1
1788563752.6669,3269155,V,528,464,-1
1788563752.6669,3269163,V,517,454,-1
1788563752.7156,3269177,V,498,438,44173
1788563752.7156,3269185,V,522,459,-1
1788563752.7156,3269193,V,515,453,-1
1788563752.7156,3269201,V,502,441,-1
1788563752.7156,3269209,V,503,442,-1
1788563752.7156,3269217,V,522,459,-1
1788563752.7652,3269230,V,508,446,44174
1788563752.7653,3269238,V,510,448,-1
1788563752.7653,3269246,V,515,453,-1
1788563752.7653,3269254,V,517,454,-1
1788563752.7653,3269262,V,507,446,-1
1788563752.7653,3269270,V,490,431,-1
1788563752.8135,3269284,V,501,440,44175
1788563752.8135,3269292,V,505,444,-1
1788563752.8135,3269300,V,504,443,-1
1788563752.8135,3269308,V,510,448,-1
1788563752.8135,3269316,V,534,469,-1
1788563752.8135,3269324,V,501,440,-1
1788563752.8656,3269338,V,524,461,44176
1788563752.8657,3269346,V,505,444,-1
1788563752.8657,3269354,V,513,451,-1
1788563752.8657,3269362,V,549,483,-1
1788563752.8657,3269370,V,510,448,-1
1788563752.8657,3269378,V,535,470,-1
1788563752.9115,3269392,V,518,455,44177
1788563752.9115,3269400,V,490,431,-1
1788563752.9115,3269408,V,507,446,-1
1788563752.9115,3269416,V,514,452,-1
1788563752.9115,3269424,V,525,461,-1
1788563752.9115,3269432,V,505,444,-1
1788563752.9594,3269445,V,509,447,44178
1788563752.9594,3269453,V,507,446,-1
1788563752.9595,3269461,V,499,439,-1
1788563752.9595,3269469,V,515,453,-1
1788563752.9595,3269477,V,513,451,-1
1788563752.9595,3269485,V,515,453,-1
1788563753.0569,3269499,V,514,452,44179
1788563753.0570,3269507,V,497,437,-1
1788563753.0570,3269515,V,512,450,-1
1788563753.0570,3269523,V,513,451,-1
1788563753.0570,3269531,V,492,432,-1
1788563753.0570,3269539,V,504,443,-1
1788563753.1058,3269553,V,494,434,44180
1788563753.1058,3269561,V,487,428,-1
1788563753.1058,3269569,V,540,475,-1
1788563753.1058,3269577,V,502,441,-1
1788563753.1058,3269585,V,551,484,-1
1788563753.1058,3269593,V,482,424,-1
1788563753.1561,3269606,V,516,454,44181
1788563753.1561,3269614,V,539,474,-1
1788563753.1561,3269622,V,540,475,-1
1788563753.1561,3269630,V,498,438,-1
1788563753.1561,3269638,V,494,434,-1
1788563753.1561,3269646,V,517,454,-1
1788563753.2040,3269660,V,500,439,44182
1788563753.2040,3269668,V,506,445,-1
1788563753.2040,3269676,V,513,451,-1
1788563753.2040,3269684,V,516,454,-1
1788563753.2040,3269692,V,540,475,-1
1788563753.2040,3269700,V,503,442,-1
1788563753.2519,3269714,V,521,458,44183
1788563753.2519,3269722,V,507,446,-1
1788563753.2519,3269730,V,526,462,-1
1788563753.2519,3269738,V,507,446,-1
1788563753.2519,3269746,V,525,461,-1
1788563753.2519,3269754,V,518,455,-1
1788563753.3008,3269768,V,500,439,44184
1788563753.3009,3269776,V,526,462,-1
1788563753.3009,3269784,V,516,454,-1
1788563753.3009,3269792,V,530,466,-1
1788563753.3009,3269800,V,517,454,-1
1788563753.3009,3269808,V,528,464,-1
1788563753.3495,3269821,V,499,439,44185
1788563753.3495,3269829,V,500,439,-1
1788563753.3495,3269837,V,508,446,-1
1788563753.3495,3269845,V,530,466,-1
1788563753.3495,3269853,V,510,448,-1
1788563753.3495,3269861,V,493,433,-1
1788563753.3984,3269875,V,498,438,44186
1788563753.3984,3269883,V,518,455,-1
1788563753.3985,3269891,V,533,468,-1
1788563753.3985,3269899,V,520,457,-1
1788563753.3985,3269907,V,531,467,-1
1788563753.3985,3269915,V,521,458,-1
1788563753.4471,3269929,V,517,454,44187
1788563753.4471,3269937,V,518,455,-1
1788563753.4471,3269945,V,530,466,-1
1788563753.4471,3269953,V,511,449,-1
1788563753.4471,3269961,V,522,459,-1
1788563753.4471,3269969,V,519,456,-1
1788563753.5470,3269983,V,520,457,44188
1788563753.5472,3269991,V,501,440,-1
1788563753.5472,3269999,V,533,468,-1
1788563753.5472,3270007,V,515,453,-1
1788563753.5472,3270015,V,496,436,-1
1788563753.5472,3270023,V,572,503,-1
1788563753.5937,3270036,V,521,458,44189
1788563753.5938,3270044,V,530,466,-1
1788563753.5938,3270052,V,498,438,-1
1788563753.5938,3270060,V,509,447,-1
1788563753.5938,3270068,V,509,447,-1
1788563753.5938,3270076,V,496,436,-1
1788563753.6420,3270090,V,490,431,44190
1788563753.6420,3270098,V,502,441,-1
1788563753.6420,3270106,V,530,466,-1
1788563753.6420,3270114,V,520,457,-1
1788563753.6420,3270122,V,520,457,-1
1788563753.6420,3270130,V,523,460,-1
1788563753.6911,3270144,V,494,434,44191
1788563753.6911,3270152,V,500,439,-1
1788563753.6911,3270160,V,520,457,-1
1788563753.6911,3270168,V,494,434,-1
1788563753.6911,3270176,V,510,448,-1
1788563753.6911,3270184,V,506,445,-1
1788563753.7395,3270197,V,506,445,44192
1788563753.7396,3270205,V,506,445,-1
1788563753.7396,3270213,V,492,432,-1
1788563753.7396,3270221,V,510,448,-1
1788563753.7396,3270229,V,546,480,-1
1788563753.7396,3270237,V,507,446,-1
1788563753.7909,3270251,V,494,434,44193
1788563753.7911,3270259,V,516,454,-1
1788563753.7911,3270267,V,523,460,-1
1788563753.7911,3270275,V,533,468,-1
1788563753.7911,3270283,V,519,456,-1
1788563753.7911,3270291,V,507,446,-1
1788563753.8393,3270305,V,528,464,44194
1788563753.8393,3270313,V,541,475,-1
1788563753.8393,3270321,V,500,439,-1
1788563753.8393,3270329,V,509,447,-1
1788563753.8393,3270337,V,546,480,-1
1788563753.8393,3270345,V,498,438,-1
1788563753.8860,3270359,V,525,461,44195
1788563753.8861,3270367,V,524,461,-1
1788563753.8861,3270375,V,508,446,-1
1788563753.8861,3270383,V,517,454,-1
1788563753.8861,3270391,V,518,455,-1
1788563753.8861,3270399,V,504,443,-1
1788563753.9346,3270412,V,497,437,44196
1788563753.9347,3270420,V,521,458,-1
1788563753.9347,3270428,V,516,454,-1
1788563753.9347,3270436,V,519,456,-1
1788563753.9347,3270444,V,499,439,-1
1788563753.9347,3270452,V,504,443,-1
1788563753.9833,3270466,V,579,509,44197
1788563753.9834,3270474,V,533,468,-1
1788563753.9834,3270482,V,518,455,-1
1788563753.9834,3270490,V,551,484,-1
1788563753.9834,3270498,V,524,461,-1
1788563753.9834,3270506,V,502,441,-1
1788563754.0837,3270520,V,485,426,44198
1788563754.0838,3270528,V,541,475,-1
1788563754.0838,3270536,V,520,457,-1
1788563754.0838,3270544,V,532,468,-1
1788563754.0838,3270552,V,492,432,-1
1788563754.0839,3270560,V,518,455,-1
1788563754.1308,3270573,V,510,448,44199
1788563754.1308,3270581,V,512,450,-1
1788563754.1308,3270589,V,498,438,-1
1788563754.1308,3270597,V,528,464,-1
1788563754.1308,3270605,V,517,454,-1
1788563754.1308,3270613,V,527,463,-1
1788563754.1783,3270627,V,503,442,44200
1788563754.1783,3270635,V,537,472,-1
1788563754.1783,3270643,V,505,444,-1
1788563754.1783,3270651,V,504,443,-1
1788563754.1783,3270659,V,504,443,-1
1788563754.1783,3270667,V,503,442,-1
1788563754.2758,3270681,V,523,460,44201
1788563754.2758,3270689,V,522,459,-1
1788563754.2758,3270697,V,523,460,-1
1788563754.2759,3270705,V,528,464,-1
1788563754.2759,3270713,V,531,467,-1
1788563754.2759,3270721,V,502,441,-1
1788563754.2768,3270735,V,532,468,44202
1788563754.2768,3270743,V,507,446,-1
1788563754.2768,3270751,V,505,444,-1
1788563754.2768,3270759,V,494,434,-1
1788563754.2768,3270767,V,495,435,-1
1788563754.2768,3270775,V,507,446,-1
1788563754.3257,3270788,V,503,442,44203
1788563754.3259,3270796,V,511,449,-1
1788563754.3259,3270804,V,500,439,-1
1788563754.3259,3270812,V,530,466,-1
1788563754.3259,3270820,V,517,454,-1
1788563754.3260,3270828,V,510,448,-1
1788563754.3756,3270842,V,555,488,44204
1788563754.3756,3270850,V,516,454,-1
1788563754.3756,3270858,V,518,455,-1
1788563754.3756,3270866,V,483,425,-1
1788563754.3756,3270874,V,507,446,-1
1788563754.3756,3270882,V,516,454,-1
1788563754.4229,3270896,V,543,477,44205
1788563754.4230,3270904,V,553,486,-1
1788563754.4230,3270912,V,539,474,-1
1788563754.4230,3270920,V,515,453,-1
1788563754.4230,3270928,V,520,457,-1
1788563754.4230,3270936,V,492,432,-1
1788563754.4707,3270949,V,510,448,44206
1788563754.4707,3270957,V,520,457,-1
1788563754.4707,3270965,V,521,458,-1
1788563754.4707,3270973,V,533,468,-1
1788563754.4707,3270981,V,537,472,-1
1788563754.4708,3270989,V,503,442,-1
1788563754.5685,3271003,V,528,464,44207
1788563754.5686,3271011,V,497,437,-1
1788563754.5686,3271019,V,535,470,-1
1788563754.5687,3271027,V,517,454,-1
1788563754.5687,3271035,V,534,469,-1
1788563754.5687,3271043,V,496,436,-1
1788563754.6174,3271057,V,504,443,44208
1788563754.6174,3271065,V,523,460,-1
1788563754.6174,3271073,V,498,438,-1
1788563754.6174,3271081,V,544,478,-1
1788563754.6174,3271089,V,498,438,-1
1788563754.6174,3271097,V,514,452,-1
1788563754.6675,3271111,V,491,432,44209
1788563754.6675,3271119,V,496,436,-1
1788563754.6675,3271127,V,515,453,-1
1788563754.6675,3271135,V,507,446,-1
1788563754.6675,3271143,V,507,446,-1
1788563754.6676,3271151,V,510,448,-1
1788563754.7183,3271164,V,528,464,44210
1788563754.7183,3271172,V,507,446,-1
1788563754.7183,3271180,V,506,445,-1
1788563754.7183,3271188,V,518,455,-1
1788563754.7183,3271196,V,500,439,-1
1788563754.7183,3271204,V,526,462,-1
1788563754.7633,3271218,V,528,464,44211
1788563754.7633,3271226,V,525,461,-1
1788563754.7633,3271234,V,514,452,-1
1788563754.7633,3271242,V,492,432,-1
1788563754.7633,3271250,V,488,429,-1
1788563754.7633,3271258,V,517,454,-1
1788563754.8134,3271272,V,514,452,44212
1788563754.8136,3271280,V,511,449,-1
1788563754.8136,3271288,V,516,454,-1
1788563754.8136,3271296,V,540,475,-1
1788563754.8136,3271304,V,535,470,-1
1788563754.8136,3271312,V,515,453,-1
1788563754.8610,3271325,V,522,459,44213
1788563754.8610,3271333,V,518,455,-1
1788563754.8610,3271341,V,576,506,-1
1788563754.8610,3271349,V,530,466,-1
1788563754.8610,3271357,V,522,459,-1
1788563754.8611,3271365,V,527,463,-1
1788563754.9095,3271379,V,517,454,44214
1788563754.9096,3271387,V,503,442,-1
1788563754.9096,3271395,V,534,469,-1
1788563754.9096,3271403,V,526,462,-1
1788563754.9096,3271411,V,519,456,-1
1788563754.9096,3271419,V,533,468,-1
1788563755.0091,3271433,V,532,468,44215
1788563755.0091,3271441,V,531,467,-1
1788563755.0091,3271449,V,515,453,-1
1788563755.0091,3271457,V,513,451,-1
1788563755.0091,3271465,V,507,446,-1
1788563755.0091,3271473,V,500,439,-1
1788563755.0095,3271487,V,502,441,44216
1788563755.0095,3271495,V,510,448,-1
1788563755.0095,3271503,V,517,454,-1
1788563755.0095,3271511,V,513,451,-1
1788563755.0096,3271519,V,524,461,-1
1788563755.0096,3271527,V,509,447,-1
1788563755.0560,3271540,V,515,453,44217
1788563755.0561,3271548,V,530,466,-1
1788563755.0561,3271556,V,531,467,-1
1788563755.0561,3271564,V,515,453,-1
1788563755.0561,3271572,V,516,454,-1
1788563755.0561,3271580,V,507,446,-1
1788563755.1547,3271594,V,517,454,44218
1788563755.1547,3271602,V,512,450,-1
1788563755.1547,3271610,V,537,472,-1
1788563755.1547,3271618,V,514,452,-1
1788563755.1547,3271626,V,502,441,-1
1788563755.1547,3271634,V,512,450,-1
1788563755.2030,3271648,V,523,460,44219
1788563755.2030,3271656,V,548,482,-1
1788563755.2030,3271664,V,526,462,-1
1788563755.2030,3271672,V,520,457,-1
1788563755.2031,3271680,V,502,441,-1
1788563755.2031,3271688,V,494,434,-1
1788563755.2518,3271702,V,517,454,44220
1788563755.2518,3271710,V,519,456,-1
1788563755.2518,3271718,V,525,461,-1
1788563755.2518,3271726,V,527,463,-1
1788563755.2518,3271734,V,520,457,-1
1788563755.2518,3271742,V,528,464,-1
1788563755.3008,3271755,V,518,455,44221
1788563755.3009,3271763,V,516,454,-1
1788563755.3010,3271771,V,509,447,-1
1788563755.3010,3271779,V,548,482,-1
1788563755.3010,3271787,V,515,453,-1
1788563755.3010,3271795,V,514,452,-1
1788563755.3499,3271809,V,530,466,44222
1788563755.3500,3271817,V,530,466,-1
1788563755.3500,3271825,V,509,447,-1
1788563755.3500,3271833,V,503,442,-1
1788563755.3500,3271841,V,510,448,-1
1788563755.3500,3271849,V,510,448,-1
1788563755.3974,3271863,V,524,461,44223
1788563755.3975,3271871,V,513,451,-1
1788563755.3975,3271879,V,507,446,-1
1788563755.3975,3271887,V,510,448,-1
1788563755.3975,3271895,V,513,451,-1
1788563755.3975,3271903,V,529,465,-1
1788563755.4458,3271917,V,521,458,44224
1788563755.4458,3271925,V,500,439,-1
1788563755.4458,3271933,V,524,461,-1
1788563755.4459,3271941,V,501,440,-1
1788563755.4459,3271949,V,523,460,-1
1788563755.4459,3271957,V,518,455,-1
1788563755.4948,3271970,V,511,449,44225
1788563755.4948,3271978,V,499,439,-1
1788563755.4948,3271986,V,501,440,-1
1788563755.4948,3271994,V,509,447,-1
1788563755.4948,3272002,V,496,436,-1
1788563755.4948,3272010,V,538,473,-1
1788563755.5451,3272024,V,510,448,44226
1788563755.5452,3272032,V,531,467,-1
1788563755.5452,3272040,V,514,452,-1
1788563755.5452,3272048,V,531,467,-1
1788563755.5453,3272056,V,528,464,-1
1788563755.5453,3272064,V,511,449,-1
1788563755.5926,3272078,V,520,457,44227
1788563755.5927,3272086,V,507,446,-1
1788563755.5927,3272094,V,512,450,-1
1788563755.5927,3272102,V,521,458,-1
1788563755.5927,3272110,V,501,440,-1
1788563755.5927,3272118,V,518,455,-1
1788563755.6892,3272131,V,521,458,44228
1788563755.6892,3272139,V,521,458,-1
1788563755.6892,3272147,V,504,443,-1
1788563755.6892,3272155,V,538,473,-1
1788563755.6893,3272163,V,511,449,-1
1788563755.6893,3272171,V,503,442,-1
1788563755.7391,3272185,V,508,446,44229
1788563755.7391,3272193,V,550,483,-1
1788563755.7391,3272201,V,528,464,-1
1788563755.7391,3272209,V,521,458,-1
1788563755.7391,3272217,V,555,488,-1
1788563755.7391,3272225,V,531,467,-1
1788563755.7879,3272239,V,527,463,44230
1788563755.7880,3272247,V,511,449,-1
1788563755.7880,3272255,V,506,445,-1
1788563755.7880,3272263,V,490,431,-1
1788563755.7880,3272271,V,485,426,-1
1788563755.7881,3272279,V,531,467,-1
1788563755.8357,3272292,V,495,435,44231
1788563755.8357,3272300,V,519,456,-1
1788563755.8357,3272308,V,530,466,-1
1788563755.8357,3272316,V,528,464,-1
1788563755.8357,3272324,V,524,461,-1
1788563755.8357,3272332,V,518,455,-1
1788563755.8860,3272346,V,526,462,44232
1788563755.8860,3272354,V,524,461,-1
1788563755.8860,3272362,V,532,468,-1
1788563755.8860,3272370,V,520,457,-1
1788563755.8860,3272378,V,481,423,-1
1788563755.8860,3272386,V,520,457,-1
1788563755.9352,3272400,V,525,461,44233
1788563755.9352,3272408,V,524,461,-1
1788563755.9352,3272416,V,516,454,-1
1788563755.9352,3272424,V,497,437,-1
1788563755.9352,3272432,V,540,475,-1
1788563755.9352,3272440,V,489,430,-1
1788563755.9819,3272454,V,503,442,44234
1788563755.9819,3272462,V,534,469,-1
1788563755.9819,3272470,V,484,425,-1
1788563755.9819,3272478,V,518,455,-1
1788563755.9819,3272486,V,493,433,-1
1788563755.9819,3272494,V,522,459,-1
1788563756.0304,3272507,V,537,472,44235
1788563756.0305,3272515,V,504,443,-1
1788563756.0305,3272523,V,504,443,-1
1788563756.0305,3272531,V,523,460,-1
1788563756.0305,3272539,V,544,478,-1
1788563756.0305,3272547,V,512,450,-1
1788563756.0791,3272561,V,529,465,44236
1788563756.0791,3272569,V,515,453,-1
1788563756.0792,3272577,V,521,458,-1
1788563756.0792,3272585,V,499,439,-1
1788563756.0792,3272593,V,512,450,-1
1788563756.0792,3272601,V,507,446,-1
1788563756.1782,3272615,V,529,465,44237
1788563756.1782,3272623,V,551,484,-1
1788563756.1782,3272631,V,513,451,-1
1788563756.1782,3272639,V,521,458,-1
1788563756.1782,3272647,V,507,446,-1
1788563756.1782,3272655,V,522,459,-1
1788563756.2265,3272669,V,514,452,44238
1788563756.2265,3272677,V,512,450,-1
1788563756.2265,3272685,V,498,438,-1
1788563756.2265,3272693,V,526,462,-1
1788563756.2265,3272701,V,530,466,-1
1788563756.2265,3272709,V,516,454,-1
1788563756.2744,3272723,V,512,450,44239
1788563756.2744,3272731,V,525,461,-1
1788563756.2745,3272739,V,498,438,-1
1788563756.2745,3272747,V,485,426,-1
1788563756.2745,3272755,V,550,483,-1
1788563756.2745,3272763,V,527,463,-1
1788563756.3232,3272776,V,532,468,44240
1788563756.3232,3272784,V,528,464,-1
1788563756.3232,3272792,V,508,446,-1
1788563756.3232,3272800,V,557,490,-1
1788563756.3232,3272808,V,522,459,-1
1788563756.3233,3272816,V,529,465,-1
1788563756.3717,3272830,V,506,445,44241
1788563756.3717,3272838,V,545,479,-1
1788563756.3717,3272846,V,530,466,-1
1788563756.3717,3272854,V,523,460,-1
1788563756.3717,3272862,V,525,461,-1
1788563756.3717,3272870,V,530,466,-1
1788563756.4206,3272884,V,515,453,44242
1788563756.4206,3272892,V,537,472,-1
1788563756.4206,3272900,V,517,454,-1
1788563756.4206,3272908,V,516,454,-1
1788563756.4206,3272916,V,521,458,-1
1788563756.4206,3272924,V,524,461,-1
1788563756.4708,3272937,V,513,451,44243
1788563756.4709,3272945,V,513,451,-1
1788563756.4709,3272953,V,505,444,-1
1788563756.4709,3272961,V,515,453,-1
1788563756.4709,3272969,V,537,472,-1
1788563756.4709,3272977,V,502,441,-1
1788563756.5199,3272991,V,519,456,44244
1788563756.5200,3272999,V,535,470,-1
1788563756.5200,3273007,V,526,462,-1
1788563756.5200,3273015,V,523,460,-1
1788563756.5200,3273023,V,517,454,-1
1788563756.5200,3273031,V,514,452,-1
1788563756.6157,3273045,V,500,439,44245
1788563756.6157,3273053,V,507,446,-1
1788563756.6157,3273061,V,512,450,-1
1788563756.6157,3273069,V,526,462,-1
1788563756.6157,3273077,V,506,445,-1
1788563756.6157,3273085,V,527,463,-1
1788563756.6171,3273099,V,567,498,44246
1788563756.6171,3273107,V,523,460,-1
1788563756.6171,3273115,V,532,468,-1
1788563756.6171,3273123,V,518,455,-1
1788563756.6171,3273131,V,531,467,-1
1788563756.6171,3273139,V,524,461,-1
1788563756.7132,3273152,V,541,475,44247
1788563756.7132,3273160,V,515,453,-1
1788563756.7132,3273168,V,518,455,-1
1788563756.7132,3273176,V,524,461,-1
1788563756.7132,3273184,V,519,456,-1
1788563756.7132,3273192,V,498,438,-1
1788563756.7635,3273206,V,515,453,44248
1788563756.7636,3273214,V,511,449,-1
1788563756.7636,3273222,V,515,453,-1
1788563756.7636,3273230,V,487,428,-1
1788563756.7636,3273238,V,519,456,-1
1788563756.7636,3273246,V,549,483,-1
1788563756.8594,3273260,V,508,446,44249
1788563756.8594,3273268,V,516,454,-1
1788563756.8594,3273276,V,529,465,-1
1788563756.8594,3273284,V,521,458,-1
1788563756.8595,3273292,V,504,443,-1
1788563756.8595,3273300,V,496,436,-1
1788563756.8605,3273313,V,527,463,44250
1788563756.8605,3273321,V,528,464,-1
1788563756.8605,3273329,V,518,455,-1
1788563756.8605,3273337,V,515,453,-1
1788563756.8605,3273345,V,524,461,-1
1788563756.8605,3273353,V,504,443,-1
1788563756.9081,3273367,V,505,444,44251
1788563756.9081,3273375,V,524,461,-1
1788563756.9081,3273383,V,558,490,-1
1788563756.9081,3273391,V,534,469,-1
1788563756.9082,3273399,V,532,468,-1
1788563756.9082,3273407,V,496,436,-1
1788563756.9578,3273421,V,536,471,44252
1788563756.9578,3273429,V,504,443,-1
1788563756.9578,3273437,V,496,436,-1
1788563756.9578,3273445,V,520,457,-1
1788563756.9578,3273453,V,509,447,-1
1788563756.9578,3273461,V,522,459,-1
1788563757.0079,3273475,V,523,460,44253
1788563757.0081,3273483,V,518,455,-1
1788563757.0081,3273491,V,522,459,-1
1788563757.0081,3273499,V,512,450,-1
1788563757.0081,3273507,V,485,426,-1
1788563757.0081,3273515,V,528,464,-1
1788563757.0575,3273528,V,508,446,44254
1788563757.0575,3273536,V,570,501,-1
1788563757.0575,3273544,V,506,445,-1
1788563757.0575,3273552,V,516,454,-1
1788563757.0575,3273560,V,519,456,-1
1788563757.0576,3273568,V,518,455,-1
1788563757.1064,3273582,V,510,448,44255
1788563757.1065,3273590,V,495,435,-1
1788563757.1065,3273598,V,521,458,-1
1788563757.1065,3273606,V,502,441,-1
1788563757.1065,3273614,V,512,450,-1
1788563757.1065,3273622,V,522,459,-1
1788563757.1557,3273636,V,486,427,44256
1788563757.1558,3273644,V,539,474,-1
1788563757.1558,3273652,V,496,436,-1
1788563757.1558,3273660,V,512,450,-1
1788563757.1558,3273668,V,521,458,-1
1788563757.1558,3273676,V,501,440,-1
1788563757.2506,3273690,V,521,458,44257
1788563757.2508,3273698,V,517,454,-1
1788563757.2508,3273706,V,506,445,-1
1788563757.2508,3273714,V,505,444,-1
1788563757.2508,3273722,V,523,460,-1
1788563757.2508,3273730,V,509,447,-1
1788563757.2994,3273743,V,519,456,44258
1788563757.2994,3273751,V,487,428,-1
1788563757.2994,3273759,V,520,457,-1
1788563757.2994,3273767,V,487,428,-1
1788563757.2994,3273775,V,513,451,-1
1788563757.2994,3273783,V,525,461,-1
1788563757.3486,3273797,V,500,439,44259
1788563757.3487,3273805,V,515,453,-1
1788563757.3487,3273813,V,530,466,-1
1788563757.3487,3273821,V,549,483,-1
1788563757.3487,3273829,V,534,469,-1
1788563757.3487,3273837,V,512,450,-1
1788563757.3974,3273851,V,509,447,44260
1788563757.3974,3273859,V,522,459,-1
1788563757.3974,3273867,V,543,477,-1
1788563757.3974,3273875,V,521,458,-1
1788563757.3974,3273883,V,485,426,-1
1788563757.3974,3273891,V,503,442,-1
1788563757.4444,3273904,V,505,444,44261
1788563757.4445,3273912,V,511,449,-1
1788563757.4445,3273920,V,513,451,-1
1788563757.4445,3273928,V,520,457,-1
1788563757.4445,3273936,V,526,462,-1
1788563757.4445,3273944,V,520,457,-1
1788563757.4930,3273958,V,513,451,44262
1788563757.4931,3273966,V,489,430,-1
1788563757.4931,3273974,V,570,501,-1
1788563757.4931,3273982,V,516,454,-1
1788563757.4931,3273990,V,504,443,-1
1788563757.4931,3273998,V,526,462,-1
1788563757.5439,3274012,V,537,472,44263
1788563757.5439,3274020,V,527,463,-1
1788563757.5439,3274028,V,512,450,-1
1788563757.5439,3274036,V,509,447,-1
1788563757.5439,3274044,V,494,434,-1
1788563757.5439,3274052,V,518,455,-1
1788563757.5910,3274066,V,510,448,44264
1788563757.5910,3274074,V,517,454,-1
1788563757.5910,3274082,V,510,448,-1
1788563757.5910,3274090,V,548,482,-1
1788563757.5910,3274098,V,527,463,-1
1788563757.5910,3274106,V,511,449,-1
1788563757.6395,3274119,V,528,464,44265
1788563757.6396,3274127,V,529,465,-1
1788563757.6396,3274135,V,514,452,-1
1788563757.6396,3274143,V,531,467,-1
1788563757.6396,3274151,V,514,452,-1
1788563757.6396,3274159,V,499,439,-1
1788563757.6901,3274173,V,509,447,44266
1788563757.6901,3274181,V,507,446,-1
1788563757.6901,3274189,V,513,451,-1
1788563757.6901,3274197,V,534,469,-1
1788563757.6901,3274205,V,522,459,-1
1788563757.6901,3274213,V,523,460,-1
1788563757.7861,3274227,V,530,466,44267
1788563757.7862,3274235,V,512,450,-1
1788563757.7863,3274243,V,528,464,-1
1788563757.7863,3274251,V,509,447,-1
1788563757.7863,3274259,V,522,459,-1
1788563757.7863,3274267,V,532,468,-1
1788563757.8349,3274281,V,506,445,44268
1788563757.8349,3274289,V,513,451,-1
1788563757.8349,3274297,V,537,472,-1
1788563757.8349,3274305,V,524,461,-1
1788563757.8349,3274313,V,509,447,-1
1788563757.8350,3274321,V,537,472,-1
1788563757.8834,3274334,V,514,452,44269
1788563757.8834,3274342,V,514,452,-1
1788563757.8834,3274350,V,496,436,-1
1788563757.8834,3274358,V,498,438,-1
1788563757.8836,3274366,V,495,435,-1
1788563757.8836,3274374,V,524,461,-1
1788563757.9321,3274388,V,525,461,44270
1788563757.9321,3274396,V,530,466,-1
1788563757.9321,3274404,V,496,436,-1
1788563757.9321,3274412,V,563,495,-1
1788563757.9321,3274420,V,516,454,-1
1788563757.9321,3274428,V,518,455,-1
1788563757.9827,3274442,V,534,469,44271
1788563757.9827,3274450,V,524,461,-1
1788563757.9828,3274458,V,512,450,-1
1788563757.9828,3274466,V,514,452,-1
1788563757.9828,3274474,V,503,442,-1
1788563757.9828,3274482,V,526,462,-1
1788563758.0316,3274495,V,513,451,44272
1788563758.0318,3274503,V,521,458,-1
1788563758.0318,3274511,V,522,459,-1
1788563758.0318,3274519,V,509,447,-1
1788563758.0318,3274527,V,523,460,-1
1788563758.0318,3274535,V,509,447,-1
1788563758.0785,3274549,V,498,438,44273
1788563758.0786,3274557,V,494,434,-1
1788563758.0786,3274565,V,502,441,-1
1788563758.0786,3274573,V,520,457,-1
1788563758.0786,3274581,V,527,463,-1
1788563758.0786,3274589,V,523,460,-1
1788563758.1273,3274603,V,521,458,44274
1788563758.1274,3274611,V,531,467,-1
1788563758.1274,3274619,V,517,454,-1
1788563758.1274,3274627,V,532,468,-1
1788563758.1274,3274635,V,517,454,-1
1788563758.1274,3274643,V,520,457,-1
1788563758.1757,3274657,V,530,466,44275
1788563758.1758,3274665,V,536,471,-1
1788563758.1758,3274673,V,506,445,-1
1788563758.1758,3274681,V,514,452,-1
1788563758.1758,3274689,V,535,470,-1
1788563758.1758,3274697,V,529,465,-1
1788563758.2246,3274710,V,518,455,44276
1788563758.2246,3274718,V,504,443,-1
1788563758.2246,3274726,V,521,458,-1
1788563758.2246,3274734,V,522,459,-1
1788563758.2246,3274742,V,514,452,-1
1788563758.2246,3274750,V,501,440,-1
1788563758.3233,3274764,V,487,428,44277
1788563758.3235,3274772,V,522,459,-1
1788563758.3236,3274780,V,533,468,-1
1788563758.3236,3274788,V,502,441,-1
1788563758.3236,3274796,V,519,456,-1
1788563758.3236,3274804,V,515,453,-1
1788563758.3722,3274818,V,511,449,44278
1788563758.3722,3274826,V,526,462,-1
1788563758.3722,3274834,V,520,457,-1
1788563758.3722,3274842,V,532,468,-1
1788563758.3722,3274850,V,551,484,-1
1788563758.3723,3274858,V,507,446,-1
1788563758.4684,3274872,V,531,467,44279
1788563758.4684,3274880,V,531,467,-1
1788563758.4684,3274888,V,520,457,-1
1788563758.4684,3274896,V,491,432,-1
1788563758.4684,3274904,V,516,454,-1
1788563758.4685,3274912,V,501,440,-1
1788563758.4697,3274925,V,497,437,44280
1788563758.4697,3274933,V,506,445,-1
1788563758.4697,3274941,V,517,454,-1
1788563758.4697,3274949,V,517,454,-1
1788563758.4697,3274957,V,497,437,-1
1788563758.4697,3274965,V,529,465,-1
1788563758.5171,3274979,V,513,451,44281
1788563758.5171,3274987,V,511,449,-1
1788563758.5171,3274995,V,502,441,-1
1788563758.5171,3275003,V,507,446,-1
1788563758.5171,3275011,V,501,440,-1
1788563758.5171,3275019,V,504,443,-1
1788563758.5674,3275033,V,515,453,44282
1788563758.5676,3275041,V,510,448,-1
1788563758.5676,3275049,V,506,445,-1
1788563758.5676,3275057,V,525,461,-1
1788563758.5677,3275065,V,532,468,-1
1788563758.5677,3275073,V,526,462,-1
1788563758.6166,3275087,V,507,446,44283
1788563758.6166,3275095,V,544,478,-1
1788563758.6166,3275103,V,539,474,-1
1788563758.6166,3275111,V,526,462,-1
1788563758.6166,3275119,V,507,446,-1
1788563758.6167,3275127,V,513,451,-1
1788563758.6642,3275140,V,503,442,44284
1788563758.6642,3275148,V,529,465,-1
1788563758.6642,3275156,V,494,434,-1
1788563758.6642,3275164,V,508,446,-1
1788563758.6642,3275172,V,517,454,-1
1788563758.6642,3275180,V,528,464,-1
1788563758.7120,3275194,V,523,460,44285
1788563758.7120,3275202,V,500,439,-1
1788563758.7120,3275210,V,504,443,-1
1788563758.7120,3275218,V,517,454,-1
1788563758.7120,3275226,V,520,457,-1
1788563758.7121,3275234,V,487,428,-1
1788563758.8120,3275248,V,504,443,44286
1788563758.8122,3275256,V,508,446,-1
1788563758.8122,3275264,V,501,440,-1
1788563758.8122,3275272,V,497,437,-1
1788563758.8122,3275280,V,502,441,-1
1788563758.8122,3275288,V,541,475,-1
1788563758.8598,3275301,V,533,468,44287
1788563758.8599,3275309,V,535,470,-1
1788563758.8599,3275317,V,546,480,-1
1788563758.8599,3275325,V,515,453,-1
1788563758.8599,3275333,V,523,460,-1
1788563758.8599,3275341,V,526,462,-1
1788563758.9072,3275355,V,488,429,44288
1788563758.9072,3275363,V,508,446,-1
1788563758.9072,3275371,V,521,458,-1
1788563758.9072,3275379,V,521,458,-1
1788563758.9072,3275387,V,524,461,-1
1788563758.9072,3275395,V,493,433,-1
1788563758.9561,3275409,V,521,458,44289
1788563758.9561,3275417,V,523,460,-1
1788563758.9561,3275425,V,506,445,-1
1788563758.9561,3275433,V,541,475,-1
1788563758.9561,3275441,V,521,458,-1
1788563758.9561,3275449,V,509,447,-1
1788563759.0539,3275463,V,502,441,44290
1788563759.0540,3275471,V,499,439,-1
1788563759.0540,3275479,V,524,461,-1
1788563759.0540,3275487,V,517,454,-1
1788563759.0540,3275495,V,535,470,-1
1788563759.0540,3275503,V,529,465,-1
1788563759.0555,3275516,V,492,432,44291
1788563759.0556,3275524,V,536,471,-1
1788563759.0556,3275532,V,499,439,-1
1788563759.0556,3275540,V,522,459,-1
1788563759.0556,3275548,V,507,446,-1
1788563759.0556,3275556,V,532,468,-1
1788563759.1033,3275570,V,500,439,44292
1788563759.1033,3275578,V,515,453,-1
1788563759.1033,3275586,V,493,433,-1
1788563759.1033,3275594,V,518,455,-1
1788563759.1033,3275602,V,510,448,-1
1788563759.1033,3275610,V,521,458,-1
1788563759.1506,3275624,V,506,445,44293
1788563759.1506,3275632,V,525,461,-1
1788563759.1506,3275640,V,496,436,-1
1788563759.1506,3275648,V,514,452,-1
1788563759.1506,3275656,V,494,434,-1
1788563759.1506,3275664,V,512,450,-1
1788563759.1994,3275677,V,530,466,44294
1788563759.1994,3275685,V,514,452,-1
1788563759.1994,3275693,V,485,426,-1
1788563759.1994,3275701,V,493,433,-1
1788563759.1994,3275709,V,535,470,-1
1788563759.1994,3275717,V,519,456,-1
1788563759.2979,3275731,V,547,481,44295
1788563759.2980,3275739,V,512,450,-1
1788563759.2980,3275747,V,493,433,-1
1788563759.2980,3275755,V,547,481,-1
1788563759.2980,3275763,V,494,434,-1
1788563759.2980,3275771,V,513,451,-1
1788563759.3492,3275785,V,497,437,44296
1788563759.3492,3275793,V,522,459,-1
1788563759.3492,3275801,V,520,457,-1
1788563759.3492,3275809,V,486,427,-1
1788563759.3492,3275817,V,518,455,-1
1788563759.3492,3275825,V,514,452,-1
1788563759.3952,3275839,V,520,457,44297
1788563759.3952,3275847,V,491,432,-1
1788563759.3952,3275855,V,525,461,-1
1788563759.3953,3275863,V,519,456,-1
1788563759.3953,3275871,V,524,461,-1
1788563759.3953,3275879,V,500,439,-1
1788563759.4430,3275892,V,536,471,44298
1788563759.4430,3275900,V,513,451,-1
1788563759.4430,3275908,V,488,429,-1
1788563759.4431,3275916,V,509,447,-1
1788563759.4431,3275924,V,524,461,-1
1788563759.4431,3275932,V,519,456,-1
1788563759.4918,3275946,V,495,435,44299
1788563759.4919,3275954,V,499,439,-1
1788563759.4919,3275962,V,504,443,-1
1788563759.4919,3275970,V,502,441,-1
1788563759.4919,3275978,V,517,454,-1
1788563759.4919,3275986,V,498,438,-1
1788563759.5895,3276000,V,496,436,44300
1788563759.5896,3276008,V,509,447,-1
1788563759.5897,3276016,V,521,458,-1
1788563759.5897,3276024,V,506,445,-1
1788563759.5897,3276032,V,503,442,-1
1788563759.5897,3276040,V,526,462,-1
1788563759.5908,3276053,V,538,473,44301
1788563759.5908,3276061,V,519,456,-1
1788563759.5908,3276069,V,512,450,-1
1788563759.5908,3276077,V,499,439,-1
1788563759.5908,3276085,V,524,461,-1
1788563759.5908,3276093,V,532,468,-1
1788563759.6399,3276107,V,510,448,44302
1788563759.6400,3276115,V,538,473,-1
1788563759.6400,3276123,V,525,461,-1
1788563759.6400,3276131,V,480,422,-1
1788563759.6400,3276139,V,507,446,-1
1788563759.6400,3276147,V,501,440,-1
1788563759.6893,3276161,V,527,463,44303
1788563759.6894,3276169,V,578,508,-1
1788563759.6894,3276177,V,524,461,-1
1788563759.6894,3276185,V,494,434,-1
1788563759.6894,3276193,V,515,453,-1
1788563759.6894,3276201,V,485,426,-1
1788563759.7366,3276215,V,529,465,44304
1788563759.7366,3276223,V,515,453,-1
1788563759.7366,3276231,V,504,443,-1
1788563759.7366,3276239,V,522,459,-1
1788563759.7366,3276247,V,527,463,-1
1788563759.7366,3276255,V,515,453,-1
1788563759.7853,3276268,V,502,441,44305
1788563759.7853,3276276,V,505,444,-1
1788563759.7854,3276284,V,536,471,-1
1788563759.7854,3276292,V,517,454,-1
1788563759.7854,3276300,V,511,449,-1
1788563759.7854,3276308,V,517,454,-1
1788563759.8829,3276322,V,506,445,44306
1788563759.8830,3276330,V,524,461,-1
1788563759.8830,3276338,V,508,446,-1
1788563759.8830,3276346,V,486,427,-1
1788563759.8830,3276354,V,494,434,-1
1788563759.8830,3276362,V,525,461,-1
1788563759.9804,3276376,V,522,459,44307
1788563759.9804,3276384,V,529,465,-1
1788563759.9805,3276392,V,496,436,-1
1788563759.9805,3276400,V,508,446,-1
1788563759.9805,3276408,V,515,453,-1
1788563759.9805,3276416,V,538,473,-1
1788563759.9807,3276429,V,529,465,44308
1788563759.9807,3276437,V,498,438,-1
1788563759.9807,3276445,V,518,455,-1
1788563759.9807,3276453,V,515,453,-1
1788563759.9807,3276461,V,516,454,-1
1788563759.9808,3276469,V,520,457,-1
1788563760.0294,3276483,V,494,434,44309
1788563760.0295,3276491,V,510,448,-1
1788563760.0295,3276499,V,538,473,-1
1788563760.0295,3276507,V,534,469,-1
1788563760.0295,3276515,V,509,447,-1
1788563760.0295,3276523,V,518,455,-1
1788563760.0768,3276537,V,496,436,44310
1788563760.0769,3276545,V,497,437,-1
1788563760.0769,3276553,V,494,434,-1
1788563760.0769,3276561,V,507,446,-1
1788563760.0769,3276569,V,536,471,-1
1788563760.0769,3276577,V,518,455,-1
1788563760.1257,3276591,V,503,442,44311
1788563760.1258,3276599,V,512,450,-1
1788563760.1258,3276607,V,562,494,-1
1788563760.1258,3276615,V,489,430,-1
1788563760.1258,3276623,V,528,464,-1
1788563760.1258,3276631,V,536,471,-1
1788563760.1744,3276644,V,539,474,44312
1788563760.1745,3276652,V,548,482,-1
1788563760.1745,3276660,V,526,462,-1
1788563760.1745,3276668,V,512,450,-1
1788563760.1745,3276676,V,505,444,-1
1788563760.1745,3276684,V,518,455,-1
1788563760.2231,3276698,V,542,476,44313
1788563760.2231,3276706,V,500,439,-1
1788563760.2232,3276714,V,532,468,-1
1788563760.2232,3276722,V,518,455,-1
1788563760.2232,3276730,V,532,468,-1
1788563760.2232,3276738,V,515,453,-1
1788563760.2734,3276752,V,533,468,44314
1788563760.2734,3276760,V,523,460,-1
1788563760.2734,3276768,V,522,459,-1
1788563760.2734,3276776,V,506,445,-1
1788563760.2734,3276784,V,503,442,-1
1788563760.2734,3276792,V,512,450,-1
1788563760.3227,3276806,V,517,454,44315
1788563760.3227,3276814,V,537,472,-1
1788563760.3227,3276822,V,538,473,-1
1788563760.3227,3276830,V,502,441,-1
1788563760.3228,3276838,V,505,444,-1
1788563760.3228,3276846,V,506,445,-1
1788563760.4185,3276859,V,513,451,44316
1788563760.4187,3276867,V,508,446,-1
1788563760.4187,3276875,V,510,448,-1
1788563760.4187,3276883,V,508,446,-1
1788563760.4187,3276891,V,507,446,-1
1788563760.4187,3276899,V,497,437,-1
1788563760.4671,3276913,V,501,440,44317
1788563760.4671,3276921,V,510,448,-1
1788563760.4671,3276929,V,524,461,-1
1788563760.4671,3276937,V,514,452,-1
1788563760.4671,3276945,V,503,442,-1
1788563760.4671,3276953,V,538,473,-1
1788563760.5161,3276967,V,517,454,44318
1788563760.5161,3276975,V,513,451,-1
1788563760.5161,3276983,V,526,462,-1
1788563760.5161,3276991,V,505,444,-1
1788563760.5161,3276999,V,526,462,-1
1788563760.5161,3277007,V,525,461,-1
1788563760.5664,3277020,V,533,468,44319
1788563760.5664,3277028,V,520,457,-1
1788563760.5664,3277036,V,522,459,-1
1788563760.5664,3277044,V,581,511,-1
1788563760.5664,3277052,V,506,445,-1
1788563760.5664,3277060,V,524,461,-1
1788563760.6156,3277074,V,521,458,44320
1788563760.6156,3277082,V,510,448,-1
1788563760.6156,3277090,V,536,471,-1
1788563760.6156,3277098,V,536,471,-1
1788563760.6156,3277106,V,506,445,-1
1788563760.6156,3277114,V,528,464,-1
1788563760.6625,3277128,V,524,461,44321
1788563760.6627,3277136,V,510,448,-1
1788563760.6627,3277144,V,493,433,-1
1788563760.6627,3277152,V,515,453,-1
1788563760.6627,3277160,V,521,458,-1
1788563760.6627,3277168,V,506,445,-1
1788563760.7112,3277182,V,507,446,44322
1788563760.7112,3277190,V,503,442,-1
1788563760.7112,3277198,V,480,422,-1
1788563760.7112,3277206,V,511,449,-1
1788563760.7112,3277214,V,517,454,-1
1788563760.7112,3277222,V,509,447,-1
1788563760.7598,3277235,V,527,463,44323
1788563760.7598,3277243,V,516,454,-1
1788563760.7598,3277251,V,528,464,-1
1788563760.7598,3277259,V,523,460,-1
1788563760.7598,3277267,V,514,452,-1
1788563760.7598,3277275,V,536,471,-1
1788563760.8086,3277289,V,518,455,44324
1788563760.8086,3277297,V,531,467,-1
1788563760.8086,3277305,V,501,440,-1
1788563760.8087,3277313,V,511,449,-1
1788563760.8087,3277321,V,503,442,-1
1788563760.8087,3277329,V,529,465,-1
1788563760.8589,3277343,V,507,446,44325
1788563760.8589,3277351,V,512,450,-1
1788563760.8589,3277359,V,497,437,-1
1788563760.8589,3277367,V,516,454,-1
1788563760.8589,3277375,V,502,441,-1
1788563760.8589,3277383,V,552,485,-1
1788563760.9550,3277397,V,522,459,44326
1788563760.9551,3277405,V,506,445,-1
1788563760.9552,3277413,V,499,439,-1
1788563760.9552,3277421,V,504,443,-1
1788563760.9552,3277429,V,515,453,-1
1788563760.9552,3277437,V,533,468,-1
1788563761.0033,3277450,V,507,446,44327
1788563761.0033,3277458,V,500,439,-1
1788563761.0033,3277466,V,513,451,-1
1788563761.0034,3277474,V,515,453,-1
1788563761.0034,3277482,V,534,469,-1
1788563761.0034,3277490,V,537,472,-1
1788563761.0520,3277504,V,513,451,44328
1788563761.0520,3277512,V,507,446,-1
1788563761.0520,3277520,V,532,468,-1
1788563761.0520,3277528,V,496,436,-1
1788563761.0520,3277536,V,531,467,-1
1788563761.0520,3277544,V,510,448,-1
1788563761.1005,3277558,V,528,464,44329
1788563761.1005,3277566,V,525,461,-1
1788563761.1005,3277574,V,501,440,-1
1788563761.1005,3277582,V,507,446,-1
1788563761.1005,3277590,V,512,450,-1
1788563761.1005,3277598,V,539,474,-1
1788563761.1508,3277611,V,510,448,44330
1788563761.1508,3277619,V,518,455,-1
1788563761.1508,3277627,V,501,440,-1
1788563761.1508,3277635,V,515,453,-1
1788563761.1508,3277643,V,532,468,-1
1788563761.1508,3277651,V,512,450,-1
1788563761.1992,3277665,V,520,457,44331
1788563761.1994,3277673,V,495,435,-1
1788563761.1994,3277681,V,529,465,-1
1788563761.1994,3277689,V,514,452,-1
1788563761.1994,3277697,V,504,443,-1
1788563761.1994,3277705,V,540,475,-1
1788563761.2473,3277719,V,516,454,44332
1788563761.2473,3277727,V,521,458,-1
1788563761.2473,3277735,V,522,459,-1
1788563761.2473,3277743,V,532,468,-1
1788563761.2473,3277751,V,541,475,-1
1788563761.2473,3277759,V,495,435,-1
1788563761.2960,3277773,V,546,480,44333
1788563761.2960,3277781,V,516,454,-1
1788563761.2960,3277789,V,501,440,-1
1788563761.2960,3277797,V,507,446,-1
1788563761.2960,3277805,V,519,456,-1
1788563761.2960,3277813,V,509,447,-1
1788563761.3446,3277826,V,515,453,44334
1788563761.3446,3277834,V,491,432,-1
1788563761.3446,3277842,V,532,468,-1
1788563761.3446,3277850,V,522,459,-1
1788563761.3446,3277858,V,520,457,-1
1788563761.3446,3277866,V,505,444,-1
1788563761.4426,3277880,V,533,468,44335
1788563761.4428,3277888,V,499,439,-1
1788563761.4428,3277896,V,545,479,-1
1788563761.4428,3277904,V,495,435,-1
1788563761.4428,3277912,V,513,451,-1
1788563761.4428,3277920,V,555,488,-1
1788563761.4913,3277934,V,507,446,44336
1788563761.4914,3277942,V,510,448,-1
1788563761.4917,3277950,V,529,465,-1
1788563761.4917,3277958,V,527,463,-1
1788563761.4918,3277966,V,511,449,-1
1788563761.4918,3277974,V,519,456,-1
1788563761.5397,3277988,V,517,454,44337
1788563761.5398,3277996,V,495,435,-1
1788563761.5398,3278004,V,514,452,-1
1788563761.5398,3278012,V,532,468,-1
1788563761.5398,3278020,V,491,432,-1
1788563761.5398,3278028,V,537,472,-1
1788563761.5904,3278041,V,516,454,44338
1788563761.5904,3278049,V,500,439,-1
1788563761.5904,3278057,V,530,466,-1
1788563761.5904,3278065,V,527,463,-1
1788563761.5904,3278073,V,530,466,-1
1788563761.5904,3278081,V,543,477,-1
1788563761.6374,3278095,V,531,467,44339
1788563761.6374,3278103,V,533,468,-1
1788563761.6374,3278111,V,511,449,-1
1788563761.6374,3278119,V,527,463,-1
1788563761.6374,3278127,V,497,437,-1
1788563761.6374,3278135,V,500,439,-1
1788563761.6857,3278149,V,517,454,44340
1788563761.6859,3278157,V,503,442,-1
1788563761.6859,3278165,V,506,445,-1
1788563761.6859,3278173,V,519,456,-1
1788563761.6859,3278181,V,522,459,-1
1788563761.6859,3278189,V,534,469,-1
1788563761.7368,3278202,V,513,451,44341
1788563761.7368,3278210,V,509,447,-1
1788563761.7368,3278218,V,485,426,-1
1788563761.7369,3278226,V,499,439,-1
1788563761.7369,3278234,V,535,470,-1
1788563761.7369,3278242,V,498,438,-1
1788563761.7852,3278256,V,528,464,44342
1788563761.7853,3278264,V,513,451,-1
1788563761.7853,3278272,V,521,458,-1
1788563761.7853,3278280,V,492,432,-1
1788563761.7853,3278288,V,489,430,-1
1788563761.7853,3278296,V,508,446,-1
1788563761.8321,3278310,V,534,469,44343
1788563761.8321,3278318,V,524,461,-1
1788563761.8321,3278326,V,503,442,-1
1788563761.8321,3278334,V,526,462,-1
1788563761.8321,3278342,V,508,446,-1
1788563761.8321,3278350,V,498,438,-1
1788563761.8808,3278364,V,569,500,44344
1788563761.8809,3278372,V,522,459,-1
1788563761.8809,3278380,V,519,456,-1
1788563761.8809,3278388,V,512,450,-1
1788563761.8809,3278396,V,525,461,-1
1788563761.8809,3278404,V,539,474,-1
1788563761.9796,3278417,V,520,457,44345
1788563761.9798,3278425,V,523,460,-1
1788563761.9798,3278433,V,537,472,-1
1788563761.9798,3278441,V,519,456,-1
1788563761.9798,3278449,V,517,454,-1
1788563761.9798,3278457,V,537,472,-1
1788563762.0274,3278471,V,490,431,44346
1788563762.0274,3278479,V,507,446,-1
1788563762.0274,3278487,V,526,462,-1
1788563762.0274,3278495,V,496,436,-1
1788563762.0275,3278503,V,528,464,-1
1788563762.0275,3278511,V,529,465,-1
1788563762.0775,3278525,V,530,466,44347
1788563762.0775,3278533,V,485,426,-1
1788563762.0775,3278541,V,519,456,-1
1788563762.0775,3278549,V,496,436,-1
1788563762.0776,3278557,V,504,443,-1
1788563762.0776,3278565,V,534,469,-1
1788563762.1267,3278578,V,508,446,44348
1788563762.1268,3278586,V,521,458,-1
1788563762.1268,3278594,V,518,455,-1
1788563762.1268,3278602,V,532,468,-1
1788563762.1268,3278610,V,514,452,-1
1788563762.1268,3278618,V,519,456,-1
1788563762.1736,3278632,V,506,445,44349
1788563762.1737,3278640,V,526,462,-1
1788563762.1737,3278648,V,507,446,-1
1788563762.1737,3278656,V,516,454,-1
1788563762.1737,3278664,V,502,441,-1
1788563762.1737,3278672,V,504,443,-1
1788563762.2222,3278686,V,520,457,44350
1788563762.2224,3278694,V,512,450,-1
1788563762.2224,3278702,V,514,452,-1
1788563762.2224,3278710,V,524,461,-1
1788563762.2224,3278718,V,500,439,-1
1788563762.2224,3278726,V,508,446,-1
1788563762.2708,3278740,V,498,438,44351
1788563762.2708,3278748,V,492,432,-1
1788563762.2708,3278756,V,506,445,-1
1788563762.2708,3278764,V,533,468,-1
1788563762.2708,3278772,V,494,434,-1
1788563762.2708,3278780,V,528,464,-1
1788563762.3195,3278793,V,538,473,44352
1788563762.3196,3278801,V,587,516,-1
1788563762.3196,3278809,V,501,440,-1
1788563762.3196,3278817,V,519,456,-1
1788563762.3196,3278825,V,516,454,-1
1788563762.3196,3278833,V,529,465,-1
1788563762.3707,3278847,V,529,465,44353
1788563762.3707,3278855,V,512,450,-1
1788563762.3707,3278863,V,528,464,-1
1788563762.3707,3278871,V,533,468,-1
1788563762.3707,3278879,V,524,461,-1
1788563762.3707,3278887,V,480,422,-1
1788563762.4189,3278901,V,520,457,44354
1788563762.4190,3278909,V,512,450,-1
1788563762.4190,3278917,V,509,447,-1
1788563762.4190,3278925,V,517,454,-1
1788563762.4190,3278933,V,545,479,-1
1788563762.4190,3278941,V,538,473,-1
1788563762.5145,3278955,V,520,457,44355
1788563762.5146,3278963,V,521,458,-1
1788563762.5146,3278971,V,525,461,-1
1788563762.5146,3278979,V,509,447,-1
1788563762.5146,3278987,V,500,439,-1
1788563762.5146,3278995,V,526,462,-1
1788563762.5633,3279008,V,508,446,44356
1788563762.5633,3279016,V,528,464,-1
1788563762.5633,3279024,V,535,470,-1
1788563762.5633,3279032,V,500,439,-1
1788563762.5633,3279040,V,509,447,-1
1788563762.5633,3279048,V,531,467,-1
1788563762.6627,3279062,V,528,464,44357
1788563762.6627,3279070,V,527,463,-1
1788563762.6628,3279078,V,524,461,-1
1788563762.6628,3279086,V,525,461,-1
1788563762.6628,3279094,V,529,465,-1
1788563762.6628,3279102,V,520,457,-1
1788563762.6631,3279116,V,483,425,44358
1788563762.6632,3279124,V,508,446,-1
1788563762.6632,3279132,V,536,471,-1
1788563762.6632,3279140,V,508,446,-1
1788563762.6632,3279148,V,515,453,-1
1788563762.6632,3279156,V,508,446,-1
1788563762.7107,3279169,V,520,457,44359
1788563762.7107,3279177,V,541,475,-1
1788563762.7107,3279185,V,506,445,-1
1788563762.7107,3279193,V,526,462,-1
1788563762.7108,3279201,V,512,450,-1
1788563762.7108,3279209,V,527,463,-1
1788563762.7582,3279223,V,515,453,44360
1788563762.7583,3279231,V,528,464,-1
1788563762.7583,3279239,V,550,483,-1
1788563762.7583,3279247,V,510,448,-1
1788563762.7583,3279255,V,507,446,-1
1788563762.7583,3279263,V,503,442,-1
1788563762.8071,3279277,V,499,439,44361
1788563762.8071,3279285,V,482,424,-1
1788563762.8071,3279293,V,514,452,-1
1788563762.8071,3279301,V,526,462,-1
1788563762.8072,3279309,V,519,456,-1
1788563762.8072,3279317,V,507,446,-1
1788563762.8558,3279330,V,499,439,44362
1788563762.8558,3279338,V,508,446,-1
1788563762.8558,3279346,V,495,435,-1
1788563762.8558,3279354,V,501,440,-1
1788563762.8558,3279362,V,534,469,-1
1788563762.8558,3279370,V,536,471,-1
1788563762.9045,3279384,V,531,467,44363
1788563762.9045,3279392,V,516,454,-1
1788563762.9045,3279400,V,522,459,-1
1788563762.9045,3279408,V,517,454,-1
1788563762.9045,3279416,V,505,444,-1
1788563762.9045,3279424,V,524,461,-1
1788563762.9567,3279438,V,502,441,44364
1788563762.9567,3279446,V,477,419,-1
1788563762.9567,3279454,V,530,466,-1
1788563762.9567,3279462,V,516,454,-1
1788563762.9567,3279470,V,520,457,-1
1788563762.9567,3279478,V,501,440,-1
1788563763.0508,3279492,V,491,432,44365
1788563763.0509,3279500,V,531,467,-1
1788563763.0509,3279508,V,527,463,-1
1788563763.0509,3279516,V,520,457,-1
1788563763.0509,3279524,V,530,466,-1
1788563763.0509,3279532,V,510,448,-1
1788563763.0996,3279545,V,495,435,44366
1788563763.0996,3279553,V,541,475,-1
1788563763.0996,3279561,V,528,464,-1
1788563763.0996,3279569,V,516,454,-1
1788563763.0996,3279577,V,510,448,-1
1788563763.0996,3279585,V,526,462,-1
1788563763.1482,3279599,V,506,445,44367
1788563763.1482,3279607,V,505,444,-1
1788563763.1482,3279615,V,531,467,-1
1788563763.1482,3279623,V,535,470,-1
1788563763.1482,3279631,V,512,450,-1
1788563763.1482,3279639,V,520,457,-1
1788563763.1969,3279653,V,507,446,44368
1788563763.1969,3279661,V,522,459,-1
1788563763.1969,3279669,V,508,446,-1
1788563763.1969,3279677,V,575,505,-1
1788563763.1969,3279685,V,482,424,-1
1788563763.1969,3279693,V,514,452,-1
1788563763.2475,3279707,V,500,439,44369
1788563763.2476,3279715,V,485,426,-1
1788563763.2476,3279723,V,543,477,-1
1788563763.2476,3279731,V,510,448,-1
1788563763.2477,3279739,V,518,455,-1
1788563763.2477,3279747,V,527,463,-1
1788563763.2955,3279760,V,548,482,44370
1788563763.2956,3279768,V,525,461,-1
1788563763.2956,3279776,V,515,453,-1
1788563763.2956,3279784,V,528,464,-1
1788563763.2956,3279792,V,503,442,-1
1788563763.2956,3279800,V,498,438,-1
1788563763.3432,3279814,V,492,432,44371
1788563763.3433,3279822,V,512,450,-1
1788563763.3433,3279830,V,522,459,-1
1788563763.3433,3279838,V,491,432,-1
1788563763.3433,3279846,V,531,467,-1
1788563763.3433,3279854,V,479,421,-1
1788563763.3919,3279868,V,502,441,44372
1788563763.3920,3279876,V,522,459,-1
1788563763.3920,3279884,V,537,472,-1
1788563763.3920,3279892,V,505,444,-1
1788563763.3920,3279900,V,499,439,-1
1788563763.3920,3279908,V,519,456,-1
1788563763.4406,3279921,V,508,446,44373
1788563763.4407,3279929,V,503,442,-1
1788563763.4407,3279937,V,520,457,-1
1788563763.4407,3279945,V,523,460,-1
1788563763.4407,3279953,V,533,468,-1
1788563763.4407,3279961,V,485,426,-1
1788563763.4893,3279975,V,508,446,44374
1788563763.4893,3279983,V,510,448,-1
1788563763.4893,3279991,V,530,466,-1
1788563763.4893,3279999,V,513,451,-1
1788563763.4893,3280007,V,512,450,-1
1788563763.4893,3280015,V,533,468,-1
1788563763.5886,3280029,V,525,461,44375
1788563763.5887,3280037,V,521,458,-1
1788563763.5887,3280045,V,518,455,-1
1788563763.5887,3280053,V,496,436,-1
1788563763.5887,3280061,V,510,448,-1
1788563763.5887,3280069,V,524,461,-1
1788563763.6358,3280083,V,518,455,44376
1788563763.6358,3280091,V,535,470,-1
1788563763.6358,3280099,V,508,446,-1
1788563763.6358,3280107,V,515,453,-1
1788563763.6358,3280115,V,552,485,-1
1788563763.6358,3280123,V,502,441,-1
1788563763.6846,3280136,V,512,450,44377
1788563763.6846,3280144,V,530,466,-1
1788563763.6846,3280152,V,505,444,-1
1788563763.6846,3280160,V,518,455,-1
1788563763.6846,3280168,V,512,450,-1
1788563763.6846,3280176,V,538,473,-1
1788563763.7333,3280190,V,500,439,44378
1788563763.7333,3280198,V,514,452,-1
1788563763.7334,3280206,V,516,454,-1
1788563763.7334,3280214,V,496,436,-1
1788563763.7334,3280222,V,541,475,-1
1788563763.7334,3280230,V,535,470,-1
1788563763.7821,3280244,V,538,473,44379
1788563763.7821,3280252,V,526,462,-1
1788563763.7821,3280260,V,514,452,-1
1788563763.7821,3280268,V,512,450,-1
1788563763.7821,3280276,V,506,445,-1
1788563763.7821,3280284,V,503,442,-1
1788563763.8313,3280298,V,513,451,44380
1788563763.8314,3280306,V,499,439,-1
1788563763.8314,3280314,V,497,437,-1
1788563763.8314,3280322,V,517,454,-1
1788563763.8314,3280330,V,518,455,-1
1788563763.8314,3280338,V,500,439,-1
1788563763.8808,3280351,V,527,463,44381
1788563763.8809,3280359,V,533,468,-1
1788563763.8809,3280367,V,512,450,-1
1788563763.8809,3280375,V,486,427,-1
1788563763.8809,3280383,V,490,431,-1
1788563763.8809,3280391,V,536,471,-1
1788563763.9300,3280405,V,511,449,44382
1788563763.9300,3280413,V,514,452,-1
1788563763.9300,3280421,V,539,474,-1
1788563763.9300,3280429,V,521,458,-1
1788563763.9300,3280437,V,546,480,-1
1788563763.9300,3280445,V,494,434,-1
1788563763.9770,3280459,V,528,464,44383
1788563763.9771,3280467,V,515,453,-1
1788563763.9771,3280475,V,535,470,-1
1788563763.9771,3280483,V,534,469,-1
1788563763.9771,3280491,V,555,488,-1
1788563763.9771,3280499,V,526,462,-1
1788563764.0749,3280513,V,517,454,44384
1788563764.0751,3280521,V,522,459,-1
1788563764.0751,3280529,V,488,429,-1
1788563764.0751,3280537,V,503,442,-1
1788563764.0751,3280545,V,499,439,-1
1788563764.0751,3280553,V,536,471,-1
1788563764.1238,3280566,V,491,432,44385
1788563764.1238,3280574,V,529,465,-1
1788563764.1238,3280582,V,514,452,-1
1788563764.1238,3280590,V,488,429,-1
1788563764.1238,3280598,V,483,425,-1
1788563764.1238,3280606,V,532,468,-1
1788563764.1738,3280620,V,534,469,44386
1788563764.1738,3280628,V,504,443,-1
1788563764.1738,3280636,V,525,461,-1
1788563764.1738,3280644,V,508,446,-1
1788563764.1738,3280652,V,528,464,-1
1788563764.1738,3280660,V,530,466,-1
1788563764.2230,3280674,V,513,451,44387
1788563764.2230,3280682,V,531,467,-1
1788563764.2230,3280690,V,532,468,-1
1788563764.2230,3280698,V,518,455,-1
1788563764.2230,3280706,V,562,494,-1
1788563764.2230,3280714,V,510,448,-1
1788563764.2694,3280727,V,520,457,44388
1788563764.2695,3280735,V,518,455,-1
1788563764.2695,3280743,V,523,460,-1
1788563764.2695,3280751,V,486,427,-1
1788563764.2695,3280759,V,514,452,-1
1788563764.2695,3280767,V,499,439,-1
1788563764.3184,3280781,V,523,460,44389
1788563764.3186,3280789,V,514,452,-1
1788563764.3186,3280797,V,528,464,-1
1788563764.3186,3280805,V,496,436,-1
1788563764.3186,3280813,V,537,472,-1
1788563764.3186,3280821,V,519,456,-1
1788563764.3674,3280835,V,498,438,44390
1788563764.3674,3280843,V,541,475,-1
1788563764.3674,3280851,V,509,447,-1
1788563764.3674,3280859,V,498,438,-1
1788563764.3674,3280867,V,520,457,-1
1788563764.3674,3280875,V,514,452,-1
1788563764.4162,3280889,V,492,432,44391
1788563764.4162,3280897,V,530,466,-1
1788563764.4162,3280905,V,512,450,-1
1788563764.4162,3280913,V,518,455,-1
1788563764.4162,3280921,V,524,461,-1
1788563764.4162,3280929,V,496,436,-1
1788563764.4663,3280942,V,537,472,44392
1788563764.4663,3280950,V,509,447,-1
1788563764.4663,3280958,V,519,456,-1
1788563764.4663,3280966,V,496,436,-1
1788563764.4663,3280974,V,498,438,-1
1788563764.4663,3280982,V,522,459,-1
1788563764.5154,3280996,V,571,502,44393
1788563764.5154,3281004,V,534,469,-1
1788563764.5155,3281012,V,511,449,-1
1788563764.5155,3281020,V,513,451,-1
1788563764.5155,3281028,V,511,449,-1
1788563764.5155,3281036,V,543,477,-1
1788563764.6132,3281050,V,535,470,44394
1788563764.6134,3281058,V,524,461,-1
1788563764.6134,3281066,V,490,431,-1
1788563764.6134,3281074,V,510,448,-1
1788563764.6134,3281082,V,541,475,-1
1788563764.6134,3281090,V,512,450,-1
1788563764.6600,3281103,V,513,451,44395
1788563764.6600,3281111,V,521,458,-1
1788563764.6600,3281119,V,528,464,-1
1788563764.6601,3281127,V,504,443,-1
1788563764.6601,3281135,V,512,450,-1
1788563764.6601,3281143,V,520,457,-1
1788563764.7579,3281157,V,517,454,44396
1788563764.7579,3281165,V,544,478,-1
1788563764.7579,3281173,V,520,457,-1
1788563764.7579,3281181,V,516,454,-1
1788563764.7579,3281189,V,516,454,-1
1788563764.7579,3281197,V,515,453,-1
1788563764.7583,3281211,V,512,450,44397
1788563764.7583,3281219,V,530,466,-1
1788563764.7583,3281227,V,533,468,-1
1788563764.7583,3281235,V,516,454,-1
1788563764.7583,3281243,V,519,456,-1
1788563764.7583,3281251,V,503,442,-1
1788563764.8549,3281265,V,489,430,44398
1788563764.8551,3281273,V,511,449,-1
1788563764.8551,3281281,V,518,455,-1
1788563764.8551,3281289,V,511,449,-1
1788563764.8551,3281297,V,525,461,-1
1788563764.8551,3281305,V,489,430,-1
1788563764.8560,3281318,V,521,458,44399
1788563764.8560,3281326,V,502,441,-1
1788563764.8560,3281334,V,508,446,-1
1788563764.8560,3281342,V,510,448,-1
1788563764.8560,3281350,V,532,468,-1
1788563764.8560,3281358,V,528,464,-1
1788563764.9037,3281372,V,522,459,44400
1788563764.9037,3281380,V,531,467,-1
1788563764.9037,3281388,V,497,437,-1
1788563764.9037,3281396,V,509,447,-1
1788563764.9037,3281404,V,519,456,-1
1788563764.9037,3281412,V,528,464,-1
1788563764.9542,3281426,V,505,444,44401
1788563764.9542,3281434,V,548,482,-1
1788563764.9543,3281442,V,510,448,-1
1788563764.9543,3281450,V,502,441,-1
1788563764.9543,3281458,V,509,447,-1
1788563764.9543,3281466,V,518,455,-1
1788563765.0010,3281480,V,497,437,44402
1788563765.0010,3281488,V,514,452,-1
1788563765.0011,3281496,V,512,450,-1
1788563765.0011,3281504,V,511,449,-1
1788563765.0011,3281512,V,505,444,-1
1788563765.0011,3281520,V,534,469,-1
1788563765.0513,3281533,V,501,440,44403
1788563765.0513,3281541,V,523,460,-1
1788563765.0513,3281549,V,517,454,-1
1788563765.0513,3281557,V,505,444,-1
1788563765.0513,3281565,V,507,446,-1
1788563765.0514,3281573,V,518,455,-1
1788563765.1472,3281587,V,533,468,44404
1788563765.1474,3281595,V,521,458,-1
1788563765.1474,3281603,V,525,461,-1
1788563765.1474,3281611,V,509,447,-1
1788563765.1474,3281619,V,491,432,-1
1788563765.1474,3281627,V,522,459,-1
1788563765.1972,3281641,V,508,446,44405
1788563765.1972,3281649,V,518,455,-1
1788563765.1973,3281657,V,518,455,-1
1788563765.1973,3281665,V,525,461,-1
1788563765.1973,3281673,V,543,477,-1
1788563765.1973,3281681,V,514,452,-1
1788563765.2936,3281694,V,502,441,44406
1788563765.2936,3281702,V,526,462,-1
1788563765.2936,3281710,V,507,446,-1
1788563765.2936,3281718,V,537,472,-1
1788563765.2937,3281726,V,508,446,-1
1788563765.2937,3281734,V,490,431,-1
1788563765.2946,3281748,V,494,434,44407
1788563765.2946,3281756,V,562,494,-1
1788563765.2946,3281764,V,534,469,-1
1788563765.2946,3281772,V,485,426,-1
1788563765.2946,3281780,V,532,468,-1
1788563765.2946,3281788,V,514,452,-1
1788563765.3456,3281802,V,525,461,44408
1788563765.3456,3281810,V,513,451,-1
1788563765.3457,3281818,V,526,462,-1
1788563765.3457,3281826,V,530,466,-1
1788563765.3457,3281834,V,522,459,-1
1788563765.3457,3281842,V,530,466,-1
1788563765.3933,3281856,V,499,439,44409
1788563765.3935,3281864,V,493,433,-1
1788563765.3935,3281872,V,582,512,-1
1788563765.3935,3281880,V,508,446,-1
1788563765.3935,3281888,V,505,444,-1
1788563765.3935,3281896,V,521,458,-1
1788563765.4400,3281909,V,514,452,44410
1788563765.4400,3281917,V,514,452,-1
1788563765.4400,3281925,V,540,475,-1
1788563765.4400,3281933,V,534,469,-1
1788563765.4400,3281941,V,531,467,-1
1788563765.4401,3281949,V,531,467,-1
1788563765.4885,3281963,V,503,442,44411
1788563765.4886,3281971,V,497,437,-1
1788563765.4886,3281979,V,532,468,-1
1788563765.4886,3281987,V,531,467,-1
1788563765.4886,3281995,V,505,444,-1
1788563765.4886,3282003,V,510,448,-1
1788563765.5371,3282017,V,531,467,44412
1788563765.5372,3282025,V,512,450,-1
1788563765.5372,3282033,V,503,442,-1
1788563765.5372,3282041,V,545,479,-1
1788563765.5372,3282049,V,521,458,-1
1788563765.5372,3282057,V,500,439,-1
1788563765.5859,3282070,V,515,453,44413
1788563765.5859,3282078,V,509,447,-1
1788563765.5859,3282086,V,524,461,-1
1788563765.5859,3282094,V,518,455,-1
1788563765.5859,3282102,V,515,453,-1
1788563765.5859,3282110,V,534,469,-1
1788563765.6852,3282124,V,537,472,44414
1788563765.6853,3282132,V,502,441,-1
1788563765.6853,3282140,V,537,472,-1
1788563765.6854,3282148,V,523,460,-1
1788563765.6854,3282156,V,510,448,-1
1788563765.6854,3282164,V,515,453,-1
1788563765.7340,3282178,V,504,443,44415
1788563765.7340,3282186,V,495,435,-1
1788563765.7340,3282194,V,537,472,-1
1788563765.7341,3282202,V,505,444,-1
1788563765.7341,3282210,V,499,439,-1
1788563765.7341,3282218,V,495,435,-1
1788563765.7807,3282232,V,499,439,44416
1788563765.7807,3282240,V,508,446,-1
1788563765.7807,3282248,V,516,454,-1
1788563765.7807,3282256,V,534,469,-1
1788563765.7808,3282264,V,495,435,-1
1788563765.7808,3282272,V,521,458,-1
1788563765.8296,3282285,V,539,474,44417
1788563765.8296,3282293,V,520,457,-1
1788563765.8296,3282301,V,492,432,-1
1788563765.8297,3282309,V,589,518,-1
1788563765.8297,3282317,V,515,453,-1
1788563765.8297,3282325,V,501,440,-1
1788563765.8783,3282339,V,502,441,44418
1788563765.8783,3282347,V,524,461,-1
1788563765.8783,3282355,V,516,454,-1
1788563765.8784,3282363,V,540,475,-1
1788563765.8784,3282371,V,520,457,-1
1788563765.8784,3282379,V,497,437,-1
1788563765.9271,3282393,V,519,456,44419
1788563765.9272,3282401,V,515,453,-1
1788563765.9272,3282409,V,499,439,-1
1788563765.9272,3282417,V,504,443,-1
1788563765.9273,3282425,V,511,449,-1
1788563765.9273,3282433,V,517,454,-1
1788563765.9774,3282447,V,527,463,44420
1788563765.9774,3282455,V,519,456,-1
1788563765.9774,3282463,V,534,469,-1
1788563765.9774,3282471,V,539,474,-1
1788563765.9774,3282479,V,487,428,-1
1788563765.9774,3282487,V,525,461,-1
1788563766.0264,3282500,V,502,441,44421
1788563766.0264,3282508,V,507,446,-1
1788563766.0264,3282516,V,528,464,-1
1788563766.0264,3282524,V,489,430,-1
1788563766.0264,3282532,V,521,458,-1
1788563766.0264,3282540,V,499,439,-1
1788563766.0732,3282554,V,516,454,44422
1788563766.0732,3282562,V,490,431,-1
1788563766.0732,3282570,V,522,459,-1
1788563766.0732,3282578,V,502,441,-1
1788563766.0732,3282586,V,480,422,-1
1788563766.0732,3282594,V,522,459,-1
1788563766.1217,3282608,V,514,452,44423
1788563766.1217,3282616,V,530,466,-1
1788563766.1217,3282624,V,503,442,-1
1788563766.1217,3282632,V,506,445,-1
1788563766.1217,3282640,V,518,455,-1
1788563766.1217,3282648,V,504,443,-1
1788563766.2196,3282661,V,512,450,44424
1788563766.2197,3282669,V,520,457,-1
1788563766.2197,3282677,V,504,443,-1
1788563766.2197,3282685,V,514,452,-1
1788563766.2198,3282693,V,502,441,-1
1788563766.2198,3282701,V,517,454,-1
1788563766.2696,3282715,V,500,439,44425
1788563766.2697,3282723,V,542,476,-1
1788563766.2697,3282731,V,516,454,-1
1788563766.2697,3282739,V,499,439,-1
1788563766.2697,3282747,V,546,480,-1
1788563766.2697,3282755,V,504,443,-1
1788563766.3190,3282769,V,522,459,44426
1788563766.3190,3282777,V,497,437,-1
1788563766.3190,3282785,V,536,471,-1
1788563766.3191,3282793,V,515,453,-1
1788563766.3191,3282801,V,532,468,-1
1788563766.3191,3282809,V,515,453,-1
1788563766.3657,3282823,V,521,458,44427
1788563766.3657,3282831,V,471,414,-1
1788563766.3657,3282839,V,526,462,-1
1788563766.3657,3282847,V,517,454,-1
1788563766.3657,3282855,V,499,439,-1
1788563766.3657,3282863,V,528,464,-1
1788563766.4144,3282876,V,516,454,44428
1788563766.4144,3282884,V,504,443,-1
1788563766.4145,3282892,V,494,434,-1
1788563766.4145,3282900,V,511,449,-1
1788563766.4145,3282908,V,503,442,-1
1788563766.4145,3282916,V,537,472,-1
1788563766.4633,3282930,V,542,476,44429
1788563766.4634,3282938,V,503,442,-1
1788563766.4634,3282946,V,526,462,-1
1788563766.4634,3282954,V,509,447,-1
1788563766.4634,3282962,V,506,445,-1
1788563766.4634,3282970,V,513,451,-1
1788563766.5119,3282984,V,493,433,44430
1788563766.5119,3282992,V,515,453,-1
1788563766.5119,3283000,V,517,454,-1
1788563766.5119,3283008,V,516,454,-1
1788563766.5119,3283016,V,525,461,-1
1788563766.5119,3283024,V,522,459,-1
1788563766.5623,3283038,V,529,465,44431
1788563766.5623,3283046,V,508,446,-1
1788563766.5623,3283054,V,487,428,-1
1788563766.5623,3283062,V,517,454,-1
1788563766.5623,3283070,V,519,456,-1
1788563766.5624,3283078,V,504,443,-1
1788563766.6119,3283091,V,523,460,44432
1788563766.6120,3283099,V,498,438,-1
1788563766.6120,3283107,V,496,436,-1
1788563766.6120,3283115,V,490,431,-1
1788563766.6120,3283123,V,543,477,-1
1788563766.6120,3283131,V,513,451,-1
1788563766.7070,3283145,V,497,437,44433
1788563766.7071,3283153,V,501,440,-1
1788563766.7071,3283161,V,522,459,-1
1788563766.7071,3283169,V,529,465,-1
1788563766.7071,3283177,V,514,452,-1
1788563766.7071,3283185,V,546,480,-1
1788563766.7559,3283199,V,511,449,44434
1788563766.7559,3283207,V,503,442,-1
1788563766.7559,3283215,V,529,465,-1
1788563766.7559,3283223,V,520,457,-1
1788563766.7559,3283231,V,521,458,-1
1788563766.7559,3283239,V,529,465,-1
1788563766.8547,3283252,V,520,457,44435
1788563766.8547,3283260,V,518,455,-1
1788563766.8547,3283268,V,509,447,-1
1788563766.8547,3283276,V,509,447,-1
1788563766.8548,3283284,V,533,468,-1
1788563766.8548,3283292,V,507,446,-1
1788563766.8551,3283306,V,493,433,44436
1788563766.8551,3283314,V,504,443,-1
1788563766.8552,3283322,V,517,454,-1
1788563766.8552,3283330,V,525,461,-1
1788563766.8552,3283338,V,513,451,-1
1788563766.8552,3283346,V,504,443,-1
1788563766.9021,3283360,V,500,439,44437
1788563766.9021,3283368,V,505,444,-1
1788563766.9021,3283376,V,521,458,-1
1788563766.9021,3283384,V,508,446,-1
1788563766.9021,3283392,V,505,444,-1
1788563766.9021,3283400,V,511,449,-1
1788563766.9507,3283414,V,527,463,44438
1788563766.9508,3283422,V,512,450,-1
1788563766.9508,3283430,V,518,455,-1
1788563766.9508,3283438,V,513,451,-1
1788563766.9508,3283446,V,521,458,-1
1788563766.9508,3283454,V,524,461,-1
1788563766.9996,3283467,V,506,445,44439
1788563766.9996,3283475,V,520,457,-1
1788563766.9997,3283483,V,521,458,-1
1788563766.9997,3283491,V,526,462,-1
1788563766.9997,3283499,V,537,472,-1
1788563766.9997,3283507,V,520,457,-1
1788563767.0486,3283521,V,529,465,44440
1788563767.0486,3283529,V,521,458,-1
1788563767.0486,3283537,V,504,443,-1
1788563767.0486,3283545,V,523,460,-1
1788563767.0486,3283553,V,550,483,-1
1788563767.0487,3283561,V,522,459,-1
1788563767.0970,3283575,V,506,445,44441
1788563767.0971,3283583,V,544,478,-1
1788563767.0971,3283591,V,515,453,-1
1788563767.0971,3283599,V,521,458,-1
1788563767.0971,3283607,V,526,462,-1
1788563767.0971,3283615,V,522,459,-1
1788563767.1461,3283628,V,570,501,44442
1788563767.1462,3283636,V,528,464,-1
1788563767.1462,3283644,V,526,462,-1
1788563767.1462,3283652,V,499,439,-1
1788563767.1462,3283660,V,514,452,-1
1788563767.1462,3283668,V,504,443,-1
1788563767.2435,3283682,V,520,457,44443
1788563767.2436,3283690,V,521,458,-1
1788563767.2436,3283698,V,523,460,-1
1788563767.2436,3283706,V,515,453,-1
1788563767.2436,3283714,V,527,463,-1
1788563767.2436,3283722,V,496,436,-1
1788563767.2935,3283736,V,531,467,44444
1788563767.2935,3283744,V,486,427,-1
1788563767.2935,3283752,V,504,443,-1
1788563767.2935,3283760,V,489,430,-1
1788563767.2935,3283768,V,521,458,-1
1788563767.2935,3283776,V,527,463,-1
1788563767.3900,3283790,V,505,444,44445
1788563767.3900,3283798,V,522,459,-1
1788563767.3900,3283806,V,481,423,-1
1788563767.3900,3283814,V,534,469,-1
1788563767.3900,3283822,V,526,462,-1
1788563767.3901,3283830,V,482,424,-1
1788563767.3910,3283843,V,505,444,44446
1788563767.3911,3283851,V,481,423,-1
1788563767.3911,3283859,V,504,443,-1
1788563767.3911,3283867,V,504,443,-1
1788563767.3911,3283875,V,498,438,-1
1788563767.3911,3283883,V,527,463,-1
1788563767.4410,3283897,V,513,451,44447
1788563767.4410,3283905,V,537,472,-1
1788563767.4410,3283913,V,527,463,-1
1788563767.4410,3283921,V,521,458,-1
1788563767.4410,3283929,V,509,447,-1
1788563767.4410,3283937,V,529,465,-1
1788563767.4888,3283951,V,526,462,44448
1788563767.4889,3283959,V,512,450,-1
1788563767.4890,3283967,V,528,464,-1
1788563767.4890,3283975,V,530,466,-1
1788563767.4890,3283983,V,504,443,-1
1788563767.4890,3283991,V,521,458,-1
1788563767.5370,3284004,V,494,434,44449
1788563767.5370,3284012,V,503,442,-1
1788563767.5370,3284020,V,518,455,-1
1788563767.5370,3284028,V,506,445,-1
1788563767.5370,3284036,V,499,439,-1
1788563767.5370,3284044,V,513,451,-1
1788563767.5858,3284058,V,532,468,44450
1788563767.5858,3284066,V,560,492,-1
1788563767.5858,3284074,V,503,442,-1
1788563767.5858,3284082,V,523,460,-1
1788563767.5858,3284090,V,500,439,-1
1788563767.5858,3284098,V,506,445,-1
1788563767.6334,3284112,V,521,458,44451
1788563767.6334,3284120,V,514,452,-1
1788563767.6334,3284128,V,545,479,-1
1788563767.6334,3284136,V,496,436,-1
1788563767.6334,3284144,V,500,439,-1
1788563767.6334,3284152,V,517,454,-1
1788563767.6822,3284166,V,526,462,44452
1788563767.6822,3284174,V,504,443,-1
1788563767.6822,3284182,V,497,437,-1
1788563767.6823,3284190,V,507,446,-1
1788563767.6823,3284198,V,513,451,-1
1788563767.6823,3284206,V,523,460,-1
1788563767.7811,3284219,V,499,439,44453
1788563767.7813,3284227,V,520,457,-1
1788563767.7813,3284235,V,520,457,-1
1788563767.7813,3284243,V,527,463,-1
1788563767.7813,3284251,V,516,454,-1
1788563767.7813,3284259,V,524,461,-1
1788563767.8302,3284273,V,496,436,44454
1788563767.8302,3284281,V,519,456,-1
1788563767.8302,3284289,V,529,465,-1
1788563767.8302,3284297,V,525,461,-1
1788563767.8302,3284305,V,516,454,-1
1788563767.8302,3284313,V,511,449,-1
1788563767.8770,3284327,V,520,457,44455
1788563767.8770,3284335,V,518,455,-1
1788563767.8770,3284343,V,499,439,-1
1788563767.8770,3284351,V,496,436,-1
1788563767.8770,3284359,V,518,455,-1
1788563767.8771,3284367,V,500,439,-1
1788563767.9256,3284381,V,489,430,44456
1788563767.9257,3284389,V,512,450,-1
1788563767.9257,3284397,V,520,457,-1
1788563767.9257,3284405,V,506,445,-1
1788563767.9257,3284413,V,495,435,-1
1788563767.9257,3284421,V,520,457,-1
1788563767.9744,3284434,V,510,448,44457
1788563767.9744,3284442,V,506,445,-1
1788563767.9745,3284450,V,520,457,-1
1788563767.9745,3284458,V,514,452,-1
1788563767.9745,3284466,V,525,461,-1
1788563767.9745,3284474,V,508,446,-1
1788563768.0231,3284488,V,506,445,44458
1788563768.0232,3284496,V,525,461,-1
1788563768.0232,3284504,V,552,485,-1
1788563768.0232,3284512,V,498,438,-1
1788563768.0232,3284520,V,493,433,-1
1788563768.0232,3284528,V,512,450,-1
1788563768.0732,3284542,V,517,454,44459
1788563768.0732,3284550,V,510,448,-1
1788563768.0733,3284558,V,527,463,-1
1788563768.0733,3284566,V,521,458,-1
1788563768.0733,3284574,V,515,453,-1
1788563768.0733,3284582,V,506,445,-1
1788563768.1223,3284595,V,513,451,44460
1788563768.1223,3284603,V,508,446,-1
1788563768.1223,3284611,V,535,470,-1
1788563768.1223,3284619,V,506,445,-1
1788563768.1223,3284627,V,525,461,-1
1788563768.1224,3284635,V,535,470,-1
1788563768.1694,3284649,V,519,456,44461
1788563768.1694,3284657,V,512,450,-1
1788563768.1694,3284665,V,495,435,-1
1788563768.1694,3284673,V,505,444,-1
1788563768.1695,3284681,V,518,455,-1
1788563768.1695,3284689,V,503,442,-1
1788563768.2182,3284703,V,518,455,44462
1788563768.2182,3284711,V,503,442,-1
1788563768.2183,3284719,V,510,448,-1
1788563768.2183,3284727,V,528,464,-1
1788563768.2183,3284735,V,535,470,-1
1788563768.2183,3284743,V,522,459,-1
1788563768.3168,3284757,V,522,459,44463
1788563768.3169,3284765,V,528,464,-1
1788563768.3169,3284773,V,518,455,-1
1788563768.3169,3284781,V,503,442,-1
1788563768.3169,3284789,V,495,435,-1
1788563768.3169,3284797,V,517,454,-1
1788563768.3660,3284810,V,519,456,44464
1788563768.3660,3284818,V,518,455,-1
1788563768.3661,3284826,V,517,454,-1
1788563768.3661,3284834,V,515,453,-1
1788563768.3661,3284842,V,515,453,-1
1788563768.3661,3284850,V,487,428,-1
1788563768.4152,3284864,V,531,467,44465
1788563768.4152,3284872,V,511,449,-1
1788563768.4152,3284880,V,543,477,-1
1788563768.4152,3284888,V,524,461,-1
1788563768.4153,3284896,V,506,445,-1
1788563768.4153,3284904,V,533,468,-1
1788563768.4619,3284918,V,542,476,44466
1788563768.4619,3284926,V,500,439,-1
1788563768.4619,3284934,V,525,461,-1
1788563768.4619,3284942,V,559,491,-1
1788563768.4620,3284950,V,534,469,-1
1788563768.4620,3284958,V,530,466,-1
1788563768.5108,3284972,V,515,453,44467
1788563768.5108,3284980,V,520,457,-1
1788563768.5108,3284988,V,495,435,-1
1788563768.5108,3284996,V,505,444,-1
1788563768.5108,3285004,V,535,470,-1
1788563768.5108,3285012,V,512,450,-1
1788563768.5595,3285025,V,546,480,44468
1788563768.5596,3285033,V,536,471,-1
1788563768.5596,3285041,V,516,454,-1
1788563768.5596,3285049,V,530,466,-1
1788563768.5596,3285057,V,519,456,-1
1788563768.5596,3285065,V,525,461,-1
1788563768.6082,3285079,V,523,460,44469
1788563768.6083,3285087,V,535,470,-1
1788563768.6083,3285095,V,523,460,-1
1788563768.6083,3285103,V,508,446,-1
1788563768.6084,3285111,V,511,449,-1
1788563768.6084,3285119,V,498,438,-1
1788563768.6586,3285133,V,513,451,44470
1788563768.6586,3285141,V,527,463,-1
1788563768.6586,3285149,V,491,432,-1
1788563768.6586,3285157,V,489,430,-1
1788563768.6586,3285165,V,530,466,-1
1788563768.6586,3285173,V,530,466,-1
1788563768.7066,3285186,V,536,471,44471
1788563768.7067,3285194,V,509,447,-1
1788563768.7067,3285202,V,494,434,-1
1788563768.7067,3285210,V,529,465,-1
1788563768.7067,3285218,V,549,483,-1
1788563768.7067,3285226,V,524,461,-1
1788563768.7545,3285240,V,511,449,44472
1788563768.7545,3285248,V,521,458,-1
1788563768.7545,3285256,V,509,447,-1
1788563768.7545,3285264,V,512,450,-1
1788563768.7545,3285272,V,529,465,-1
1788563768.7546,3285280,V,533,468,-1
1788563768.8521,3285294,V,488,429,44473
1788563768.8522,3285302,V,531,467,-1
1788563768.8522,3285310,V,527,463,-1
1788563768.8522,3285318,V,510,448,-1
1788563768.8522,3285326,V,522,459,-1
1788563768.8522,3285334,V,517,454,-1
1788563768.9515,3285348,V,521,458,44474
1788563768.9516,3285356,V,514,452,-1
1788563768.9516,3285364,V,541,475,-1
1788563768.9516,3285372,V,503,442,-1
1788563768.9516,3285380,V,498,438,-1
1788563768.9516,3285388,V,528,464,-1
1788563768.9517,3285401,V,480,422,44475
1788563768.9517,3285409,V,516,454,-1
1788563768.9517,3285417,V,501,440,-1
1788563768.9517,3285425,V,510,448,-1
1788563768.9517,3285433,V,510,448,-1
1788563768.9517,3285441,V,503,442,-1
1788563768.9995,3285455,V,510,448,44476
1788563768.9995,3285463,V,541,475,-1
1788563768.9995,3285471,V,506,445,-1
1788563768.9995,3285479,V,556,489,-1
1788563768.9995,3285487,V,526,462,-1
1788563768.9995,3285495,V,518,455,-1
1788563769.0468,3285509,V,505,444,44477
1788563769.0468,3285517,V,529,465,-1
1788563769.0468,3285525,V,529,465,-1
1788563769.0468,3285533,V,516,454,-1
1788563769.0468,3285541,V,523,460,-1
1788563769.0468,3285549,V,526,462,-1
1788563769.0959,3285563,V,493,433,44478
1788563769.0959,3285571,V,499,439,-1
1788563769.0960,3285579,V,515,453,-1
1788563769.0960,3285587,V,533,468,-1
1788563769.0960,3285595,V,529,465,-1
1788563769.0960,3285603,V,532,468,-1
1788563769.1446,3285616,V,495,435,44479
1788563769.1446,3285624,V,507,446,-1
1788563769.1446,3285632,V,476,418,-1
1788563769.1446,3285640,V,502,441,-1
1788563769.1446,3285648,V,513,451,-1
1788563769.1446,3285656,V,495,435,-1
1788563769.1932,3285670,V,510,448,44480
1788563769.1932,3285678,V,513,451,-1
1788563769.1932,3285686,V,500,439,-1
1788563769.1932,3285694,V,518,455,-1
1788563769.1932,3285702,V,511,449,-1
1788563769.1933,3285710,V,486,427,-1
1788563769.2450,3285724,V,524,461,44481
1788563769.2450,3285732,V,541,475,-1
1788563769.2450,3285740,V,516,454,-1
1788563769.2450,3285748,V,502,441,-1
1788563769.2450,3285756,V,516,454,-1
1788563769.2451,3285764,V,522,459,-1
1788563769.3393,3285778,V,512,450,44482
1788563769.3394,3285786,V,488,429,-1
1788563769.3394,3285794,V,501,440,-1
1788563769.3394,3285802,V,494,434,-1
1788563769.3394,3285810,V,543,477,-1
1788563769.3394,3285818,V,563,495,-1
1788563769.3882,3285831,V,511,449,44483
1788563769.3883,3285839,V,527,463,-1
1788563769.3883,3285847,V,511,449,-1
1788563769.3883,3285855,V,522,459,-1
1788563769.3883,3285863,V,529,465,-1
1788563769.3883,3285871,V,507,446,-1
1788563769.4858,3285885,V,542,476,44484
1788563769.4859,3285893,V,492,432,-1
1788563769.4859,3285901,V,516,454,-1
1788563769.4859,3285909,V,535,470,-1
1788563769.4859,3285917,V,510,448,-1
1788563769.4859,3285925,V,500,439,-1
1788563769.5349,3285939,V,530,466,44485
1788563769.5349,3285947,V,502,441,-1
1788563769.5349,3285955,V,520,457,-1
1788563769.5349,3285963,V,503,442,-1
1788563769.5350,3285971,V,523,460,-1
1788563769.5350,3285979,V,527,463,-1
1788563769.5364,3285993,V,541,475,44486
1788563769.5364,3286001,V,520,457,-1
1788563769.5364,3286009,V,520,457,-1
1788563769.5364,3286017,V,523,460,-1
1788563769.5364,3286025,V,493,433,-1
1788563769.5364,3286033,V,472,415,-1
1788563769.5846,3286046,V,511,449,44487
1788563769.5848,3286054,V,515,453,-1
1788563769.5849,3286062,V,522,459,-1
1788563769.5849,3286070,V,513,451,-1
1788563769.5849,3286078,V,535,470,-1
1788563769.5849,3286086,V,519,456,-1
1788563769.6339,3286100,V,523,460,44488
1788563769.6339,3286108,V,529,465,-1
1788563769.6339,3286116,V,515,453,-1
1788563769.6339,3286124,V,499,439,-1
1788563769.6339,3286132,V,493,433,-1
1788563769.6339,3286140,V,533,468,-1
1788563769.6827,3286154,V,526,462,44489
1788563769.6827,3286162,V,515,453,-1
1788563769.6827,3286170,V,554,487,-1
1788563769.6827,3286178,V,488,429,-1
1788563769.6828,3286186,V,510,448,-1
1788563769.6828,3286194,V,521,458,-1
1788563769.7293,3286207,V,529,465,44490
1788563769.7294,3286215,V,521,458,-1
1788563769.7294,3286223,V,516,454,-1
1788563769.7294,3286231,V,524,461,-1
1788563769.7294,3286239,V,514,452,-1
1788563769.7294,3286247,V,492,432,-1
1788563769.8270,3286261,V,527,463,44491
1788563769.8271,3286269,V,514,452,-1
1788563769.8271,3286277,V,488,429,-1
1788563769.8272,3286285,V,537,472,-1
1788563769.8272,3286293,V,542,476,-1
1788563769.8272,3286301,V,525,461,-1
1788563769.8774,3286315,V,524,461,44492
1788563769.8774,3286323,V,525,461,-1
1788563769.8774,3286331,V,521,458,-1
1788563769.8774,3286339,V,518,455,-1
1788563769.8774,3286347,V,498,438,-1
1788563769.8775,3286355,V,502,441,-1
1788563769.9265,3286369,V,521,458,44493
1788563769.9265,3286377,V,499,439,-1
1788563769.9265,3286385,V,489,430,-1
1788563769.9265,3286393,V,506,445,-1
1788563769.9265,3286401,V,509,447,-1
1788563769.9265,3286409,V,504,443,-1
1788563769.9732,3286423,V,543,477,44494
1788563769.9733,3286431,V,525,461,-1
1788563769.9733,3286439,V,515,453,-1
1788563769.9733,3286447,V,511,449,-1
1788563769.9733,3286455,V,522,459,-1
1788563769.9733,3286463,V,496,436,-1
1788563770.0219,3286476,V,533,468,44495
1788563770.0219,3286484,V,520,457,-1
1788563770.0219,3286492,V,522,459,-1
1788563770.0219,3286500,V,524,461,-1
1788563770.0219,3286508,V,515,453,-1
1788563770.0219,3286516,V,511,449,-1
1788563770.0707,3286530,V,512,450,44496
1788563770.0708,3286538,V,495,435,-1
1788563770.0708,3286546,V,512,450,-1
1788563770.0708,3286554,V,535,470,-1
1788563770.0708,3286562,V,511,449,-1
1788563770.0708,3286570,V,523,460,-1
1788563770.1196,3286584,V,514,452,44497
1788563770.1196,3286592,V,526,462,-1
1788563770.1196,3286600,V,522,459,-1
1788563770.1197,3286608,V,503,442,-1
1788563770.1197,3286616,V,515,453,-1
1788563770.1197,3286624,V,529,465,-1
1788563770.1703,3286638,V,510,448,44498
1788563770.1703,3286646,V,516,454,-1
1788563770.1703,3286654,V,542,476,-1
1788563770.1703,3286662,V,535,470,-1
1788563770.1704,3286670,V,536,471,-1
1788563770.1704,3286678,V,501,440,-1
1788563770.2190,3286691,V,534,469,44499
1788563770.2190,3286699,V,512,450,-1
1788563770.2190,3286707,V,535,470,-1
1788563770.2190,3286715,V,507,446,-1
1788563770.2190,3286723,V,518,455,-1
1788563770.2190,3286731,V,527,463,-1
1788563770.2657,3286745,V,511,449,44500
1788563770.2657,3286753,V,506,445,-1
1788563770.2657,3286761,V,487,428,-1
1788563770.2657,3286769,V,519,456,-1
1788563770.2657,3286777,V,528,464,-1
1788563770.2657,3286785,V,488,429,-1
1788563770.3145,3286799,V,523,460,44501
1788563770.3145,3286807,V,538,473,-1
1788563770.3146,3286815,V,536,471,-1
1788563770.3146,3286823,V,502,441,-1
1788563770.3146,3286831,V,552,485,-1
1788563770.3146,3286839,V,536,471,-1
1788563770.4121,3286853,V,514,452,44502
1788563770.4121,3286861,V,521,458,-1
1788563770.4121,3286869,V,497,437,-1
1788563770.4121,3286877,V,524,461,-1
1788563770.4121,3286885,V,492,432,-1
1788563770.4121,3286893,V,494,434,-1
1788563770.4622,3286906,V,499,439,44503
1788563770.4623,3286914,V,552,485,-1
1788563770.4623,3286922,V,497,437,-1
1788563770.4623,3286930,V,519,456,-1
1788563770.4623,3286938,V,550,483,-1
1788563770.4623,3286946,V,511,449,-1
1788563770.5117,3286960,V,528,464,44504
1788563770.5117,3286968,V,545,479,-1
1788563770.5117,3286976,V,513,451,-1
1788563770.5117,3286984,V,522,459,-1
1788563770.5117,3286992,V,514,452,-1
1788563770.5117,3287000,V,501,440,-1
1788563770.5582,3287014,V,523,460,44505
1788563770.5583,3287022,V,514,452,-1
1788563770.5584,3287030,V,498,438,-1
1788563770.5584,3287038,V,566,497,-1
1788563770.5584,3287046,V,528,464,-1
1788563770.5584,3287054,V,503,442,-1
1788563770.6071,3287068,V,494,434,44506
1788563770.6071,3287076,V,514,452,-1
1788563770.6071,3287084,V,525,461,-1
1788563770.6071,3287092,V,518,455,-1
1788563770.6071,3287100,V,508,446,-1
1788563770.6071,3287108,V,516,454,-1
1788563770.6560,3287121,V,513,451,44507
1788563770.6560,3287129,V,532,468,-1
1788563770.6560,3287137,V,488,429,-1
1788563770.6560,3287145,V,506,445,-1
1788563770.6560,3287153,V,521,458,-1
1788563770.6560,3287161,V,527,463,-1
1788563770.7064,3287175,V,498,438,44508
1788563770.7064,3287183,V,519,456,-1
1788563770.7064,3287191,V,523,460,-1
1788563770.7064,3287199,V,530,466,-1
1788563770.7064,3287207,V,497,437,-1
1788563770.7064,3287215,V,503,442,-1
1788563770.7553,3287229,V,527,463,44509
1788563770.7553,3287237,V,520,457,-1
1788563770.7553,3287245,V,539,474,-1
1788563770.7553,3287253,V,516,454,-1
1788563770.7553,3287261,V,515,453,-1
1788563770.7553,3287269,V,513,451,-1
1788563770.8034,3287282,V,507,446,44510
1788563770.8035,3287290,V,502,441,-1
1788563770.8035,3287298,V,493,433,-1
1788563770.8035,3287306,V,521,458,-1
1788563770.8035,3287314,V,499,439,-1
1788563770.8036,3287322,V,486,427,-1
1788563770.8512,3287336,V,512,450,44511
1788563770.8512,3287344,V,530,466,-1
1788563770.8512,3287352,V,499,439,-1
1788563770.8512,3287360,V,520,457,-1
1788563770.8512,3287368,V,537,472,-1
1788563770.8512,3287376,V,521,458,-1
1788563770.9486,3287390,V,491,432,44512
1788563770.9487,3287398,V,525,461,-1
1788563770.9487,3287406,V,525,461,-1
1788563770.9487,3287414,V,534,469,-1
1788563770.9487,3287422,V,506,445,-1
1788563770.9487,3287430,V,528,464,-1
1788563771.0464,3287444,V,503,442,44513
1788563771.0464,3287452,V,505,444,-1
1788563771.0465,3287460,V,527,463,-1
1788563771.0465,3287468,V,539,474,-1
1788563771.0465,3287476,V,553,486,-1
1788563771.0465,3287484,V,535,470,-1
1788563771.0472,3287497,V,511,449,44514
1788563771.0472,3287505,V,511,449,-1
1788563771.0472,3287513,V,519,456,-1
1788563771.0472,3287521,V,518,455,-1
1788563771.0472,3287529,V,497,437,-1
1788563771.0472,3287537,V,498,438,-1
1788563771.0955,3287551,V,521,458,44515
1788563771.0955,3287559,V,526,462,-1
1788563771.0955,3287567,V,511,449,-1
1788563771.0955,3287575,V,531,467,-1
1788563771.0955,3287583,V,521,458,-1
1788563771.0955,3287591,V,518,455,-1
1788563771.1430,3287605,V,508,446,44516
1788563771.1430,3287613,V,522,459,-1
1788563771.1430,3287621,V,514,452,-1
1788563771.1430,3287629,V,519,456,-1
1788563771.1430,3287637,V,497,437,-1
1788563771.1430,3287645,V,499,439,-1
1788563771.1920,3287659,V,498,438,44517
1788563771.1920,3287667,V,524,461,-1
1788563771.1920,3287675,V,505,444,-1
1788563771.1920,3287683,V,509,447,-1
1788563771.1920,3287691,V,507,446,-1
1788563771.1920,3287699,V,516,454,-1
1788563771.2901,3287712,V,511,449,44518
1788563771.2902,3287720,V,540,475,-1
1788563771.2902,3287728,V,494,434,-1
1788563771.2902,3287736,V,541,475,-1
1788563771.2902,3287744,V,526,462,-1
1788563771.2902,3287752,V,509,447,-1
1788563771.2910,3287766,V,515,453,44519
1788563771.2910,3287774,V,503,442,-1
1788563771.2910,3287782,V,509,447,-1
1788563771.2910,3287790,V,515,453,-1
1788563771.2910,3287798,V,514,452,-1
1788563771.2910,3287806,V,533,468,-1
1788563771.3402,3287820,V,518,455,44520
1788563771.3402,3287828,V,502,441,-1
1788563771.3402,3287836,V,528,464,-1
1788563771.3402,3287844,V,503,442,-1
1788563771.3403,3287852,V,488,429,-1
1788563771.3403,3287860,V,535,470,-1
1788563771.4360,3287873,V,529,465,44521
1788563771.4360,3287881,V,521,458,-1
1788563771.4360,3287889,V,521,458,-1
1788563771.4360,3287897,V,530,466,-1
1788563771.4360,3287905,V,527,463,-1
1788563771.4360,3287913,V,537,472,-1
1788563771.4848,3287927,V,494,434,44522
1788563771.4849,3287935,V,506,445,-1
1788563771.4849,3287943,V,498,438,-1
1788563771.4849,3287951,V,524,461,-1
1788563771.4849,3287959,V,527,463,-1
1788563771.4849,3287967,V,497,437,-1
1788563771.5825,3287981,V,493,433,44523
1788563771.5827,3287989,V,515,453,-1
1788563771.5827,3287997,V,523,460,-1
1788563771.5827,3288005,V,510,448,-1
1788563771.5827,3288013,V,511,449,-1
1788563771.5827,3288021,V,518,455,-1
1788563771.5836,3288035,V,522,459,44524
1788563771.5836,3288043,V,500,439,-1
1788563771.5836,3288051,V,512,450,-1
1788563771.5836,3288059,V,497,437,-1
1788563771.5836,3288067,V,552,485,-1
1788563771.5837,3288075,V,535,470,-1
1788563771.6317,3288088,V,524,461,44525
1788563771.6317,3288096,V,518,455,-1
1788563771.6317,3288104,V,531,467,-1
1788563771.6317,3288112,V,514,452,-1
1788563771.6317,3288120,V,519,456,-1
1788563771.6317,3288128,V,511,449,-1
1788563771.6805,3288142,V,509,447,44526
1788563771.6805,3288150,V,500,439,-1
1788563771.6805,3288158,V,503,442,-1
1788563771.6805,3288166,V,523,460,-1
1788563771.6805,3288174,V,497,437,-1
1788563771.6805,3288182,V,503,442,-1
1788563771.7297,3288196,V,523,460,44527
1788563771.7297,3288204,V,506,445,-1
1788563771.7297,3288212,V,518,455,-1
1788563771.7297,3288220,V,501,440,-1
1788563771.7298,3288228,V,500,439,-1
1788563771.7298,3288236,V,531,467,-1
1788563771.7771,3288250,V,516,454,44528
1788563771.7771,3288258,V,510,448,-1
1788563771.7772,3288266,V,538,473,-1
1788563771.7772,3288274,V,524,461,-1
1788563771.7772,3288282,V,509,447,-1
1788563771.7772,3288290,V,517,454,-1
1788563771.8258,3288303,V,503,442,44529
1788563771.8259,3288311,V,498,438,-1
1788563771.8259,3288319,V,506,445,-1
1788563771.8259,3288327,V,518,455,-1
1788563771.8259,3288335,V,514,452,-1
1788563771.8259,3288343,V,509,447,-1
1788563771.8746,3288357,V,582,512,44530
1788563771.8746,3288365,V,522,459,-1
1788563771.8746,3288373,V,522,459,-1
1788563771.8746,3288381,V,514,452,-1
1788563771.8746,3288389,V,528,464,-1
1788563771.8747,3288397,V,491,432,-1
1788563772.0229,3288411,V,536,471,44531
1788563772.0229,3288419,V,505,444,-1
1788563772.0229,3288427,V,527,463,-1
1788563772.0229,3288435,V,504,443,-1
1788563772.0229,3288443,V,505,444,-1
1788563772.0229,3288451,V,508,446,-1
1788563772.0232,3288465,V,524,461,44532
1788563772.0232,3288473,V,516,454,-1
1788563772.0232,3288481,V,555,488,-1
1788563772.0232,3288489,V,503,442,-1
1788563772.0232,3288497,V,513,451,-1
1788563772.0232,3288505,V,506,445,-1
1788563772.0694,3288518,V,535,470,44533
1788563772.0695,3288526,V,522,459,-1
1788563772.0695,3288534,V,504,443,-1
1788563772.0695,3288542,V,534,469,-1
1788563772.0696,3288550,V,515,453,-1
1788563772.0696,3288558,V,542,476,-1
1788563772.1183,3288572,V,514,452,44534
1788563772.1183,3288580,V,523,460,-1
1788563772.1183,3288588,V,486,427,-1
1788563772.1183,3288596,V,542,476,-1
1788563772.1183,3288604,V,517,454,-1
1788563772.1183,3288612,V,531,467,-1
1788563772.1670,3288626,V,530,466,44535
1788563772.1670,3288634,V,506,445,-1
1788563772.1670,3288642,V,525,461,-1
1788563772.1670,3288650,V,499,439,-1
1788563772.1670,3288658,V,524,461,-1
1788563772.1670,3288666,V,529,465,-1
1788563772.2157,3288679,V,495,435,44536
1788563772.2157,3288687,V,520,457,-1
1788563772.2158,3288695,V,514,452,-1
1788563772.2158,3288703,V,503,442,-1
1788563772.2158,3288711,V,527,463,-1
1788563772.2158,3288719,V,533,468,-1
1788563772.2661,3288733,V,499,439,44537
1788563772.2662,3288741,V,525,461,-1
1788563772.2662,3288749,V,513,451,-1
1788563772.2662,3288757,V,509,447,-1
1788563772.2662,3288765,V,513,451,-1
1788563772.2662,3288773,V,531,467,-1
1788563772.3154,3288787,V,529,465,44538
1788563772.3155,3288795,V,550,483,-1
1788563772.3155,3288803,V,505,444,-1
1788563772.3155,3288811,V,522,459,-1
1788563772.3155,3288819,V,530,466,-1
1788563772.3155,3288827,V,489,430,-1
1788563772.3621,3288841,V,515,453,44539
1788563772.3621,3288849,V,522,459,-1
1788563772.3621,3288857,V,520,457,-1
1788563772.3621,3288865,V,499,439,-1
1788563772.3621,3288873,V,507,446,-1
1788563772.3621,3288881,V,525,461,-1
1788563772.4117,3288894,V,513,451,44540
1788563772.4117,3288902,V,503,442,-1
1788563772.4117,3288910,V,517,454,-1
1788563772.4117,3288918,V,506,445,-1
1788563772.4117,3288926,V,518,455,-1
1788563772.4117,3288934,V,512,450,-1
1788563772.5093,3288948,V,523,460,44541
1788563772.5093,3288956,V,518,455,-1
1788563772.5093,3288964,V,506,445,-1
1788563772.5093,3288972,V,504,443,-1
1788563772.5093,3288980,V,499,439,-1
1788563772.5093,3288988,V,516,454,-1
1788563772.5606,3289002,V,513,451,44542
1788563772.5607,3289010,V,511,449,-1
1788563772.5607,3289018,V,497,437,-1
1788563772.5607,3289026,V,535,470,-1
1788563772.5607,3289034,V,509,447,-1
1788563772.5607,3289042,V,502,441,-1
1788563772.6067,3289055,V,516,454,44543
1788563772.6067,3289063,V,502,441,-1
1788563772.6067,3289071,V,530,466,-1
1788563772.6067,3289079,V,524,461,-1
1788563772.6067,3289087,V,509,447,-1
1788563772.6068,3289095,V,515,453,-1
1788563772.6555,3289109,V,506,445,44544
1788563772.6555,3289117,V,518,455,-1
1788563772.6555,3289125,V,518,455,-1
1788563772.6555,3289133,V,528,464,-1
1788563772.6555,3289141,V,502,441,-1
1788563772.6555,3289149,V,529,465,-1
1788563772.7050,3289163,V,514,452,44545
1788563772.7050,3289171,V,527,463,-1
1788563772.7050,3289179,V,500,439,-1
1788563772.7050,3289187,V,509,447,-1
1788563772.7050,3289195,V,528,464,-1
1788563772.7050,3289203,V,505,444,-1
1788563772.7520,3289217,V,517,454,44546
1788563772.7521,3289225,V,532,468,-1
1788563772.7521,3289233,V,581,511,-1
1788563772.7521,3289241,V,526,462,-1
1788563772.7521,3289249,V,557,490,-1
1788563772.7521,3289257,V,511,449,-1
1788563772.8008,3289270,V,522,459,44547
1788563772.8009,3289278,V,517,454,-1
1788563772.8009,3289286,V,503,442,-1
1788563772.8009,3289294,V,500,439,-1
1788563772.8009,3289302,V,522,459,-1
1788563772.8009,3289310,V,514,452,-1
1788563772.8510,3289324,V,546,480,44548
1788563772.8510,3289332,V,528,464,-1
1788563772.8510,3289340,V,513,451,-1
1788563772.8510,3289348,V,510,448,-1
1788563772.8510,3289356,V,515,453,-1
1788563772.8510,3289364,V,510,448,-1
1788563772.8997,3289378,V,520,457,44549
1788563772.8997,3289386,V,527,463,-1
1788563772.8997,3289394,V,485,426,-1
1788563772.8997,3289402,V,524,461,-1
1788563772.8997,3289410,V,528,464,-1
1788563772.8997,3289418,V,517,454,-1
1788563772.9470,3289431,V,495,435,44550
1788563772.9470,3289439,V,509,447,-1
1788563772.9470,3289447,V,501,440,-1
1788563772.9470,3289455,V,526,462,-1
1788563772.9470,3289463,V,506,445,-1
1788563772.9470,3289471,V,517,454,-1
1788563773.0449,3289485,V,485,426,44551
1788563773.0451,3289493,V,523,460,-1
1788563773.0451,3289501,V,509,447,-1
1788563773.0451,3289509,V,522,459,-1
1788563773.0451,3289517,V,525,461,-1
1788563773.0451,3289525,V,505,444,-1
1788563773.1438,3289539,V,489,430,44552
1788563773.1439,3289547,V,544,478,-1
1788563773.1439,3289555,V,528,464,-1
1788563773.1439,3289563,V,515,453,-1
1788563773.1439,3289571,V,523,460,-1
1788563773.1439,3289579,V,508,446,-1
1788563773.1442,3289593,V,521,458,44553
1788563773.1443,3289601,V,503,442,-1
1788563773.1443,3289609,V,517,454,-1
1788563773.1443,3289617,V,516,454,-1
1788563773.1443,3289625,V,519,456,-1
1788563773.1443,3289633,V,506,445,-1
1788563773.1925,3289646,V,501,440,44554
1788563773.1925,3289654,V,499,439,-1
1788563773.1925,3289662,V,489,430,-1
1788563773.1925,3289670,V,562,494,-1
1788563773.1925,3289678,V,505,444,-1
1788563773.1925,3289686,V,528,464,-1
1788563773.2397,3289700,V,513,451,44555
1788563773.2397,3289708,V,488,429,-1
1788563773.2397,3289716,V,498,438,-1
1788563773.2397,3289724,V,520,457,-1
1788563773.2397,3289732,V,519,456,-1
1788563773.2397,3289740,V,493,433,-1
1788563773.2887,3289754,V,515,453,44556
1788563773.2888,3289762,V,503,442,-1
1788563773.2888,3289770,V,530,466,-1
1788563773.2889,3289778,V,497,437,-1
1788563773.2889,3289786,V,504,443,-1
1788563773.2889,3289794,V,502,441,-1
1788563773.3374,3289808,V,510,448,44557
1788563773.3375,3289816,V,508,446,-1
1788563773.3375,3289824,V,519,456,-1
1788563773.3375,3289832,V,521,458,-1
1788563773.3375,3289840,V,499,439,-1
1788563773.3375,3289848,V,533,468,-1
1788563773.3859,3289861,V,524,461,44558
1788563773.3859,3289869,V,515,453,-1
1788563773.3859,3289877,V,539,474,-1
1788563773.3859,3289885,V,526,462,-1
1788563773.3859,3289893,V,510,448,-1
1788563773.3859,3289901,V,528,464,-1
1788563773.4357,3289915,V,528,464,44559
1788563773.4357,3289923,V,519,456,-1
1788563773.4357,3289931,V,524,461,-1
1788563773.4357,3289939,V,517,454,-1
1788563773.4357,3289947,V,527,463,-1
1788563773.4357,3289955,V,527,463,-1
1788563773.4866,3289969,V,516,454,44560
1788563773.4866,3289977,V,512,450,-1
1788563773.4866,3289985,V,530,466,-1
1788563773.4866,3289993,V,502,441,-1
1788563773.4866,3290001,V,504,443,-1
1788563773.4866,3290009,V,512,450,-1
1788563773.5821,3290022,V,535,470,44561
1788563773.5823,3290030,V,510,448,-1
1788563773.5823,3290038,V,516,454,-1
1788563773.5823,3290046,V,535,470,-1
1788563773.5823,3290054,V,509,447,-1
1788563773.5823,3290062,V,502,441,-1
1788563773.6787,3290076,V,538,473,44562
1788563773.6788,3290084,V,513,451,-1
1788563773.6788,3290092,V,497,437,-1
1788563773.6788,3290100,V,510,448,-1
1788563773.6788,3290108,V,540,475,-1
1788563773.6788,3290116,V,539,474,-1
1788563773.6798,3290130,V,534,469,44563
1788563773.6798,3290138,V,504,443,-1
1788563773.6798,3290146,V,518,455,-1
1788563773.6798,3290154,V,514,452,-1
1788563773.6798,3290162,V,526,462,-1
1788563773.6798,3290170,V,523,460,-1
1788563773.7310,3290184,V,538,473,44564
1788563773.7310,3290192,V,509,447,-1
1788563773.7310,3290200,V,518,455,-1
1788563773.7310,3290208,V,514,452,-1
1788563773.7311,3290216,V,509,447,-1
1788563773.7311,3290224,V,517,454,-1
1788563773.7784,3290237,V,531,467,44565
1788563773.7784,3290245,V,493,433,-1
1788563773.7784,3290253,V,542,476,-1
1788563773.7784,3290261,V,526,462,-1
1788563773.7784,3290269,V,492,432,-1
1788563773.7785,3290277,V,501,440,-1
1788563773.8277,3290291,V,497,437,44566
1788563773.8280,3290299,V,501,440,-1
1788563773.8280,3290307,V,510,448,-1
1788563773.8280,3290315,V,527,463,-1
1788563773.8280,3290323,V,512,450,-1
1788563773.8280,3290331,V,524,461,-1
1788563773.8748,3290345,V,530,466,44567
1788563773.8750,3290353,V,502,441,-1
1788563773.8751,3290361,V,517,454,-1
1788563773.8751,3290369,V,502,441,-1
1788563773.8751,3290377,V,515,453,-1
1788563773.8751,3290385,V,524,461,-1
1788563773.9233,3290399,V,512,450,44568
1788563773.9233,3290407,V,524,461,-1
1788563773.9234,3290415,V,514,452,-1
1788563773.9234,3290423,V,513,451,-1
1788563773.9234,3290431,V,518,455,-1
1788563773.9234,3290439,V,515,453,-1
1788563773.9709,3290452,V,508,446,44569
1788563773.9709,3290460,V,509,447,-1
1788563773.9709,3290468,V,499,439,-1
1788563773.9709,3290476,V,496,436,-1
1788563773.9711,3290484,V,517,454,-1
1788563773.9711,3290492,V,504,443,-1
1788563774.0720,3290506,V,500,439,44570
1788563774.0721,3290514,V,494,434,-1
1788563774.0722,3290522,V,504,443,-1
1788563774.0722,3290530,V,507,446,-1
1788563774.0722,3290538,V,521,458,-1
1788563774.0722,3290546,V,574,504,-1
1788563774.1193,3290560,V,535,470,44571
1788563774.1193,3290568,V,509,447,-1
1788563774.1193,3290576,V,524,461,-1
1788563774.1193,3290584,V,528,464,-1
1788563774.1193,3290592,V,504,443,-1
1788563774.1193,3290600,V,514,452,-1
1788563774.1663,3290613,V,527,463,44572
1788563774.1663,3290621,V,494,434,-1
1788563774.1663,3290629,V,489,430,-1
1788563774.1663,3290637,V,517,454,-1
1788563774.1663,3290645,V,522,459,-1
1788563774.1664,3290653,V,505,444,-1
1788563774.2161,3290667,V,529,465,44573
1788563774.2161,3290675,V,492,432,-1
1788563774.2161,3290683,V,516,454,-1
1788563774.2161,3290691,V,512,450,-1
1788563774.2161,3290699,V,493,433,-1
1788563774.2161,3290707,V,488,429,-1
1788563774.2647,3290721,V,494,434,44574
1788563774.2648,3290729,V,512,450,-1
1788563774.2648,3290737,V,524,461,-1
1788563774.2648,3290745,V,494,434,-1
1788563774.2648,3290753,V,519,456,-1
1788563774.2648,3290761,V,512,450,-1
1788563774.3126,3290775,V,519,456,44575
1788563774.3128,3290783,V,509,447,-1
1788563774.3128,3290791,V,497,437,-1
1788563774.3129,3290799,V,519,456,-1
1788563774.3129,3290807,V,539,474,-1
1788563774.3129,3290815,V,476,418,-1
1788563774.3641,3290828,V,517,454,44576
1788563774.3641,3290836,V,500,439,-1
1788563774.3641,3290844,V,518,455,-1
1788563774.3641,3290852,V,510,448,-1
1788563774.3642,3290860,V,525,461,-1
1788563774.3642,3290868,V,540,475,-1
1788563774.4595,3290882,V,508,446,44577
1788563774.4595,3290890,V,535,470,-1
1788563774.4595,3290898,V,496,436,-1
1788563774.4595,3290906,V,526,462,-1
1788563774.4595,3290914,V,511,449,-1
1788563774.4596,3290922,V,547,481,-1
1788563774.4608,3290936,V,492,432,44578
1788563774.4608,3290944,V,506,445,-1
1788563774.4608,3290952,V,519,456,-1
1788563774.4608,3290960,V,509,447,-1
1788563774.4608,3290968,V,504,443,-1
1788563774.4608,3290976,V,491,432,-1
1788563774.5081,3290990,V,537,472,44579
1788563774.5081,3290998,V,492,432,-1
1788563774.5081,3291006,V,500,439,-1
1788563774.5081,3291014,V,516,454,-1
1788563774.5081,3291022,V,500,439,-1
1788563774.5081,3291030,V,511,449,-1
1788563774.6051,3291043,V,518,455,44580
1788563774.6053,3291051,V,508,446,-1
1788563774.6053,3291059,V,508,446,-1
1788563774.6053,3291067,V,500,439,-1
1788563774.6053,3291075,V,525,461,-1
1788563774.6053,3291083,V,500,439,-1
1788563774.6557,3291097,V,496,436,44581
1788563774.6557,3291105,V,523,460,-1
1788563774.6557,3291113,V,522,459,-1
1788563774.6557,3291121,V,517,454,-1
1788563774.6557,3291129,V,505,444,-1
1788563774.6557,3291137,V,524,461,-1
1788563774.7030,3291151,V,497,437,44582
1788563774.7030,3291159,V,516,454,-1
1788563774.7030,3291167,V,513,451,-1
1788563774.7031,3291175,V,529,465,-1
1788563774.7031,3291183,V,517,454,-1
1788563774.7031,3291191,V,527,463,-1
1788563774.7509,3291204,V,508,446,44583
1788563774.7509,3291212,V,499,439,-1
1788563774.7509,3291220,V,501,440,-1
1788563774.7509,3291228,V,513,451,-1
1788563774.7509,3291236,V,519,456,-1
1788563774.7509,3291244,V,535,470,-1
1788563774.7997,3291258,V,512,450,44584
1788563774.7998,3291266,V,526,462,-1
1788563774.7998,3291274,V,510,448,-1
1788563774.7998,3291282,V,512,450,-1
1788563774.7998,3291290,V,531,467,-1
1788563774.7998,3291298,V,524,461,-1
1788563774.8486,3291312,V,502,441,44585
1788563774.8488,3291320,V,509,447,-1
1788563774.8488,3291328,V,545,479,-1
1788563774.8488,3291336,V,501,440,-1
1788563774.8488,3291344,V,514,452,-1
1788563774.8488,3291352,V,513,451,-1
1788563774.8975,3291366,V,523,460,44586
1788563774.8975,3291374,V,548,482,-1
1788563774.8975,3291382,V,544,478,-1
1788563774.8976,3291390,V,501,440,-1
1788563774.8976,3291398,V,532,468,-1
1788563774.8976,3291406,V,501,440,-1
1788563774.9479,3291419,V,517,454,44587
1788563774.9479,3291427,V,568,499,-1
1788563774.9479,3291435,V,515,453,-1
1788563774.9479,3291443,V,496,436,-1
1788563774.9479,3291451,V,523,460,-1
1788563774.9479,3291459,V,485,426,-1
1788563774.9956,3291473,V,509,447,44588
1788563774.9957,3291481,V,494,434,-1
1788563774.9957,3291489,V,520,457,-1
1788563774.9957,3291497,V,504,443,-1
1788563774.9957,3291505,V,491,432,-1
1788563774.9957,3291513,V,529,465,-1
1788563775.0445,3291527,V,499,439,44589
1788563775.0446,3291535,V,511,449,-1
1788563775.0446,3291543,V,492,432,-1
1788563775.0446,3291551,V,514,452,-1
1788563775.0446,3291559,V,494,434,-1
1788563775.0446,3291567,V,534,469,-1
1788563775.1412,3291580,V,523,460,44590
1788563775.1413,3291588,V,505,444,-1
1788563775.1414,3291596,V,512,450,-1
1788563775.1414,3291604,V,502,441,-1
1788563775.1414,3291612,V,511,449,-1
1788563775.1414,3291620,V,543,477,-1
1788563775.1901,3291634,V,503,442,44591
1788563775.1902,3291642,V,523,460,-1
1788563775.1902,3291650,V,504,443,-1
1788563775.1902,3291658,V,532,468,-1
1788563775.1902,3291666,V,533,468,-1
1788563775.1902,3291674,V,500,439,-1
1788563775.2402,3291688,V,514,452,44592
1788563775.2402,3291696,V,523,460,-1
1788563775.2402,3291704,V,520,457,-1
1788563775.2402,3291712,V,509,447,-1
1788563775.2402,3291720,V,525,461,-1
1788563775.2402,3291728,V,500,439,-1
1788563775.2887,3291742,V,523,460,44593
1788563775.2887,3291750,V,519,456,-1
1788563775.2887,3291758,V,522,459,-1
1788563775.2887,3291766,V,512,450,-1
1788563775.2887,3291774,V,520,457,-1
1788563775.2887,3291782,V,517,454,-1
1788563775.3356,3291795,V,548,482,44594
1788563775.3356,3291803,V,498,438,-1
1788563775.3357,3291811,V,524,461,-1
1788563775.3357,3291819,V,510,448,-1
1788563775.3357,3291827,V,500,439,-1
1788563775.3357,3291835,V,513,451,-1
1788563775.3845,3291849,V,516,454,44595
1788563775.3846,3291857,V,508,446,-1
1788563775.3846,3291865,V,567,498,-1
1788563775.3846,3291873,V,498,438,-1
1788563775.3846,3291881,V,508,446,-1
1788563775.3846,3291889,V,515,453,-1
1788563775.4333,3291903,V,496,436,44596
1788563775.4333,3291911,V,523,460,-1
1788563775.4333,3291919,V,515,453,-1
1788563775.4333,3291927,V,505,444,-1
1788563775.4333,3291935,V,477,419,-1
1788563775.4333,3291943,V,493,433,-1
1788563775.4821,3291956,V,516,454,44597
1788563775.4821,3291964,V,531,467,-1
1788563775.4821,3291972,V,520,457,-1
1788563775.4821,3291980,V,510,448,-1
1788563775.4821,3291988,V,501,440,-1
1788563775.4821,3291996,V,506,445,-1
1788563775.5320,3292010,V,489,430,44598
1788563775.5320,3292018,V,532,468,-1
1788563775.5320,3292026,V,524,461,-1
1788563775.5320,3292034,V,512,450,-1
1788563775.5320,3292042,V,503,442,-1
1788563775.5320,3292050,V,533,468,-1
1788563775.5823,3292064,V,518,455,44599
1788563775.5823,3292072,V,498,438,-1
1788563775.5823,3292080,V,535,470,-1
1788563775.5823,3292088,V,502,441,-1
1788563775.5824,3292096,V,506,445,-1
1788563775.5824,3292104,V,501,440,-1
1788563775.6776,3292118,V,493,433,44600
1788563775.6777,3292126,V,515,453,-1
1788563775.6777,3292134,V,519,456,-1
1788563775.6777,3292142,V,517,454,-1
1788563775.6777,3292150,V,514,452,-1
1788563775.6777,3292158,V,513,451,-1
1788563775.7746,3292171,V,500,439,44601
1788563775.7746,3292179,V,498,438,-1
1788563775.7747,3292187,V,504,443,-1
1788563775.7747,3292195,V,520,457,-1
1788563775.7747,3292203,V,517,454,-1
1788563775.7747,3292211,V,503,442,-1
1788563775.7760,3292225,V,540,475,44602
1788563775.7760,3292233,V,518,455,-1
1788563775.7760,3292241,V,509,447,-1
1788563775.7761,3292249,V,516,454,-1
1788563775.7761,3292257,V,500,439,-1
1788563775.7761,3292265,V,540,475,-1
1788563775.8233,3292279,V,496,436,44603
1788563775.8233,3292287,V,503,442,-1
1788563775.8233,3292295,V,525,461,-1
1788563775.8233,3292303,V,572,503,-1
1788563775.8233,3292311,V,521,458,-1
1788563775.8233,3292319,V,511,449,-1
1788563775.8722,3292332,V,521,458,44604
1788563775.8722,3292340,V,509,447,-1
1788563775.8722,3292348,V,516,454,-1
1788563775.8722,3292356,V,526,462,-1
1788563775.8722,3292364,V,494,434,-1
1788563775.8722,3292372,V,493,433,-1
1788563775.9694,3292386,V,514,452,44605
1788563775.9696,3292394,V,507,446,-1
1788563775.9696,3292402,V,503,442,-1
1788563775.9696,3292410,V,521,458,-1
1788563775.9696,3292418,V,509,447,-1
1788563775.9696,3292426,V,515,453,-1
1788563775.9707,3292440,V,495,435,44606
1788563775.9707,3292448,V,515,453,-1
1788563775.9707,3292456,V,495,435,-1
1788563775.9707,3292464,V,539,474,-1
1788563775.9707,3292472,V,531,467,-1
1788563775.9707,3292480,V,495,435,-1
1788563776.0181,3292494,V,513,451,44607
1788563776.0181,3292502,V,510,448,-1
1788563776.0181,3292510,V,509,447,-1
1788563776.0181,3292518,V,532,468,-1
1788563776.0181,3292526,V,515,453,-1
1788563776.0181,3292534,V,497,437,-1
1788563776.0668,3292547,V,494,434,44608
1788563776.0668,3292555,V,518,455,-1
1788563776.0668,3292563,V,509,447,-1
1788563776.0668,3292571,V,517,454,-1
1788563776.0668,3292579,V,513,451,-1
1788563776.0668,3292587,V,492,432,-1
1788563776.1155,3292601,V,523,460,44609
1788563776.1155,3292609,V,509,447,-1
1788563776.1155,3292617,V,502,441,-1
1788563776.1155,3292625,V,515,453,-1
1788563776.1155,3292633,V,519,456,-1
1788563776.1155,3292641,V,502,441,-1
1788563776.2153,3292655,V,508,446,44610
1788563776.2154,3292663,V,498,438,-1
1788563776.2154,3292671,V,529,465,-1
1788563776.2154,3292679,V,521,458,-1
1788563776.2154,3292687,V,502,441,-1
1788563776.2154,3292695,V,497,437,-1
1788563776.2621,3292709,V,504,443,44611
1788563776.2621,3292717,V,504,443,-1
1788563776.2621,3292725,V,513,451,-1
1788563776.2622,3292733,V,533,468,-1
1788563776.2622,3292741,V,538,473,-1
1788563776.2622,3292749,V,522,459,-1
1788563776.3108,3292762,V,520,457,44612
1788563776.3109,3292770,V,515,453,-1
1788563776.3109,3292778,V,507,446,-1
1788563776.3109,3292786,V,520,457,-1
1788563776.3109,3292794,V,515,453,-1
1788563776.3109,3292802,V,519,456,-1
1788563776.3596,3292816,V,501,440,44613
1788563776.3596,3292824,V,532,468,-1
1788563776.3596,3292832,V,510,448,-1
1788563776.3597,3292840,V,518,455,-1
1788563776.3597,3292848,V,521,458,-1
1788563776.3597,3292856,V,528,464,-1
1788563776.4082,3292870,V,515,453,44614
1788563776.4082,3292878,V,512,450,-1
1788563776.4082,3292886,V,512,450,-1
1788563776.4082,3292894,V,503,442,-1
1788563776.4082,3292902,V,493,433,-1
1788563776.4082,3292910,V,531,467,-1
1788563776.4581,3292924,V,504,443,44615
1788563776.4582,3292932,V,516,454,-1
1788563776.4582,3292940,V,512,450,-1
1788563776.4582,3292948,V,483,425,-1
1788563776.4582,3292956,V,501,440,-1
1788563776.4582,3292964,V,514,452,-1
1788563776.5067,3292977,V,501,440,44616
1788563776.5067,3292985,V,510,448,-1
1788563776.5068,3292993,V,513,451,-1
1788563776.5068,3293001,V,532,468,-1
1788563776.5068,3293009,V,526,462,-1
1788563776.5068,3293017,V,502,441,-1
1788563776.5545,3293031,V,518,455,44617
1788563776.5546,3293039,V,505,444,-1
1788563776.5546,3293047,V,533,468,-1
1788563776.5546,3293055,V,507,446,-1
1788563776.5546,3293063,V,492,432,-1
1788563776.5546,3293071,V,496,436,-1
1788563776.6042,3293085,V,517,454,44618
1788563776.6042,3293093,V,527,463,-1
1788563776.6042,3293101,V,512,450,-1
1788563776.6043,3293109,V,545,479,-1
1788563776.6043,3293117,V,541,475,-1
1788563776.6043,3293125,V,494,434,-1
1788563776.7011,3293138,V,506,445,44619
1788563776.7012,3293146,V,526,462,-1
1788563776.7013,3293154,V,496,436,-1
1788563776.7013,3293162,V,512,450,-1
1788563776.7013,3293170,V,532,468,-1
1788563776.7013,3293178,V,571,502,-1
1788563776.7513,3293192,V,499,439,44620
1788563776.7513,3293200,V,519,456,-1
1788563776.7513,3293208,V,498,438,-1
1788563776.7513,3293216,V,509,447,-1
1788563776.7513,3293224,V,522,459,-1
1788563776.7513,3293232,V,527,463,-1
1788563776.8006,3293246,V,503,442,44621
1788563776.8006,3293254,V,511,449,-1
1788563776.8006,3293262,V,534,469,-1
1788563776.8006,3293270,V,512,450,-1
1788563776.8006,3293278,V,502,441,-1
1788563776.8006,3293286,V,530,466,-1
1788563776.8475,3293300,V,499,439,44622
1788563776.8476,3293308,V,503,442,-1
1788563776.8476,3293316,V,523,460,-1
1788563776.8476,3293324,V,532,468,-1
1788563776.8476,3293332,V,507,446,-1
1788563776.8476,3293340,V,528,464,-1
1788563776.8961,3293353,V,515,453,44623
1788563776.8961,3293361,V,516,454,-1
1788563776.8961,3293369,V,500,439,-1
1788563776.8961,3293377,V,498,438,-1
1788563776.8961,3293385,V,529,465,-1
1788563776.8961,3293393,V,519,456,-1
1788563776.9449,3293407,V,516,454,44624
1788563776.9450,3293415,V,495,435,-1
1788563776.9450,3293423,V,506,445,-1
1788563776.9450,3293431,V,507,446,-1
1788563776.9450,3293439,V,520,457,-1
1788563776.9450,3293447,V,509,447,-1
1788563776.9938,3293461,V,497,437,44625
1788563776.9939,3293469,V,500,439,-1
1788563776.9939,3293477,V,507,446,-1
1788563776.9939,3293485,V,512,450,-1
1788563776.9939,3293493,V,508,446,-1
1788563776.9939,3293501,V,499,439,-1
1788563777.0437,3293515,V,516,454,44626
1788563777.0437,3293523,V,527,463,-1
1788563777.0437,3293531,V,524,461,-1
1788563777.0437,3293539,V,499,439,-1
1788563777.0437,3293547,V,492,432,-1
1788563777.0437,3293555,V,532,468,-1
1788563777.0921,3293568,V,521,458,44627
1788563777.0921,3293576,V,515,453,-1
1788563777.0921,3293584,V,520,457,-1
1788563777.0921,3293592,V,530,466,-1
1788563777.0921,3293600,V,551,484,-1
1788563777.0921,3293608,V,525,461,-1
1788563777.1399,3293622,V,572,503,44628
1788563777.1399,3293630,V,506,445,-1
1788563777.1399,3293638,V,532,468,-1
1788563777.1399,3293646,V,549,483,-1
1788563777.1400,3293654,V,513,451,-1
1788563777.1400,3293662,V,517,454,-1
1788563777.2385,3293676,V,498,438,44629
1788563777.2386,3293684,V,505,444,-1
1788563777.2387,3293692,V,513,451,-1
1788563777.2387,3293700,V,496,436,-1
1788563777.2387,3293708,V,499,439,-1
1788563777.2387,3293716,V,543,477,-1
1788563777.2863,3293729,V,534,469,44630
1788563777.2863,3293737,V,508,446,-1
1788563777.2863,3293745,V,493,433,-1
1788563777.2864,3293753,V,517,454,-1
1788563777.2864,3293761,V,514,452,-1
1788563777.2864,3293769,V,491,432,-1
1788563777.3371,3293783,V,521,458,44631
1788563777.3371,3293791,V,497,437,-1
1788563777.3371,3293799,V,521,458,-1
1788563777.3371,3293807,V,526,462,-1
1788563777.3371,3293815,V,515,453,-1
1788563777.3371,3293823,V,520,457,-1
1788563777.3867,3293837,V,506,445,44632
1788563777.3867,3293845,V,505,444,-1
1788563777.3867,3293853,V,521,458,-1
1788563777.3867,3293861,V,524,461,-1
1788563777.3867,3293869,V,528,464,-1
1788563777.3867,3293877,V,496,436,-1
1788563777.4341,3293891,V,502,441,44633
1788563777.4342,3293899,V,530,466,-1
1788563777.4342,3293907,V,497,437,-1
1788563777.4342,3293915,V,508,446,-1
1788563777.4342,3293923,V,522,459,-1
1788563777.4342,3293931,V,489,430,-1
1788563777.4812,3293944,V,508,446,44634
1788563777.4813,3293952,V,511,449,-1
1788563777.4813,3293960,V,528,464,-1
1788563777.4813,3293968,V,519,456,-1
1788563777.4814,3293976,V,517,454,-1
1788563777.4814,3293984,V,510,448,-1
1788563777.5301,3293998,V,502,441,44635
1788563777.5301,3294006,V,500,439,-1
1788563777.5301,3294014,V,524,461,-1
1788563777.5301,3294022,V,517,454,-1
1788563777.5302,3294030,V,522,459,-1
1788563777.5302,3294038,V,547,481,-1
1788563777.5788,3294052,V,518,455,44636
1788563777.5788,3294060,V,547,481,-1
1788563777.5790,3294068,V,502,441,-1
1788563777.5790,3294076,V,521,458,-1
1788563777.5790,3294084,V,515,453,-1
1788563777.5790,3294092,V,523,460,-1
1788563777.6273,3294106,V,541,475,44637
1788563777.6273,3294114,V,515,453,-1
1788563777.6273,3294122,V,543,477,-1
1788563777.6273,3294130,V,519,456,-1
1788563777.6274,3294138,V,503,442,-1
1788563777.6274,3294146,V,531,467,-1
1788563777.6782,3294159,V,522,459,44638
1788563777.6782,3294167,V,532,468,-1
1788563777.6782,3294175,V,515,453,-1
1788563777.6782,3294183,V,498,438,-1
1788563777.6782,3294191,V,538,473,-1
1788563777.6782,3294199,V,534,469,-1
1788563777.7736,3294213,V,513,451,44639
1788563777.7739,3294221,V,509,447,-1
1788563777.7739,3294229,V,515,453,-1
1788563777.7739,3294237,V,519,456,-1
1788563777.7739,3294245,V,480,422,-1
1788563777.7739,3294253,V,504,443,-1
1788563777.8714,3294267,V,525,461,44640
1788563777.8714,3294275,V,499,439,-1
1788563777.8714,3294283,V,482,424,-1
1788563777.8714,3294291,V,528,464,-1
1788563777.8714,3294299,V,518,455,-1
1788563777.8714,3294307,V,520,457,-1
1788563777.8722,3294320,V,514,452,44641
1788563777.8723,3294328,V,496,436,-1
1788563777.8723,3294336,V,522,459,-1
1788563777.8723,3294344,V,501,440,-1
1788563777.8723,3294352,V,513,451,-1
1788563777.8723,3294360,V,499,439,-1
1788563777.9196,3294374,V,528,464,44642
1788563777.9196,3294382,V,513,451,-1
1788563777.9196,3294390,V,515,453,-1
1788563777.9196,3294398,V,538,473,-1
1788563777.9196,3294406,V,524,461,-1
1788563777.9196,3294414,V,498,438,-1
1788563777.9702,3294428,V,496,436,44643
1788563777.9703,3294436,V,494,434,-1
1788563777.9703,3294444,V,529,465,-1
1788563777.9703,3294452,V,527,463,-1
1788563777.9703,3294460,V,518,455,-1
1788563777.9703,3294468,V,538,473,-1
1788563778.0200,3294482,V,511,449,44644
1788563778.0201,3294490,V,526,462,-1
1788563778.0202,3294498,V,582,512,-1
1788563778.0202,3294506,V,508,446,-1
1788563778.0202,3294514,V,525,461,-1
1788563778.0203,3294522,V,503,442,-1
1788563778.0665,3294535,V,522,459,44645
1788563778.0665,3294543,V,502,441,-1
1788563778.0665,3294551,V,493,433,-1
1788563778.0665,3294559,V,534,469,-1
1788563778.0665,3294567,V,515,453,-1
1788563778.0666,3294575,V,507,446,-1
1788563778.1143,3294589,V,503,442,44646
1788563778.1143,3294597,V,491,432,-1
1788563778.1143,3294605,V,529,465,-1
1788563778.1143,3294613,V,498,438,-1
1788563778.1143,3294621,V,520,457,-1
1788563778.1143,3294629,V,499,439,-1
1788563778.1636,3294643,V,515,453,44647
1788563778.1636,3294651,V,540,475,-1
1788563778.1636,3294659,V,524,461,-1
1788563778.1636,3294667,V,481,423,-1
1788563778.1636,3294675,V,519,456,-1
1788563778.1636,3294683,V,503,442,-1
1788563778.2124,3294696,V,503,442,44648
1788563778.2124,3294704,V,518,455,-1
1788563778.2124,3294712,V,520,457,-1
1788563778.2124,3294720,V,525,461,-1
1788563778.2124,3294728,V,515,453,-1
1788563778.2124,3294736,V,533,468,-1
1788563778.3117,3294750,V,500,439,44649
1788563778.3117,3294758,V,509,447,-1
1788563778.3118,3294766,V,511,449,-1
1788563778.3118,3294774,V,531,467,-1
1788563778.3118,3294782,V,510,448,-1
1788563778.3118,3294790,V,499,439,-1
1788563778.3582,3294804,V,479,421,44650
1788563778.3582,3294812,V,497,437,-1
1788563778.3582,3294820,V,507,446,-1
1788563778.3582,3294828,V,509,447,-1
1788563778.3582,3294836,V,531,467,-1
1788563778.3582,3294844,V,508,446,-1
1788563778.4070,3294858,V,493,433,44651
1788563778.4070,3294866,V,532,468,-1
1788563778.4070,3294874,V,519,456,-1
1788563778.4070,3294882,V,494,434,-1
1788563778.4070,3294890,V,501,440,-1
1788563778.4070,3294898,V,526,462,-1
1788563778.4559,3294911,V,517,454,44652
1788563778.4560,3294919,V,492,432,-1
1788563778.4560,3294927,V,488,429,-1
1788563778.4560,3294935,V,566,497,-1
1788563778.4560,3294943,V,526,462,-1
1788563778.4560,3294951,V,520,457,-1
1788563778.5047,3294965,V,520,457,44653
1788563778.5047,3294973,V,512,450,-1
1788563778.5047,3294981,V,538,473,-1
1788563778.5047,3294989,V,549,483,-1
1788563778.5047,3294997,V,494,434,-1
1788563778.5047,3295005,V,536,471,-1
1788563778.5550,3295019,V,533,468,44654
1788563778.5551,3295027,V,523,460,-1
1788563778.5551,3295035,V,504,443,-1
1788563778.5551,3295043,V,513,451,-1
1788563778.5551,3295051,V,500,439,-1
1788563778.5551,3295059,V,510,448,-1
1788563778.6026,3295073,V,517,454,44655
1788563778.6026,3295081,V,512,450,-1
1788563778.6026,3295089,V,510,448,-1
1788563778.6026,3295097,V,515,453,-1
1788563778.6026,3295105,V,517,454,-1
1788563778.6026,3295113,V,509,447,-1
1788563778.6508,3295126,V,527,463,44656
1788563778.6508,3295134,V,528,464,-1
1788563778.6508,3295142,V,512,450,-1
1788563778.6509,3295150,V,527,463,-1
1788563778.6509,3295158,V,517,454,-1
1788563778.6509,3295166,V,492,432,-1
1788563778.6996,3295180,V,515,453,44657
1788563778.6996,3295188,V,506,445,-1
1788563778.6996,3295196,V,524,461,-1
1788563778.6996,3295204,V,517,454,-1
1788563778.6996,3295212,V,503,442,-1
1788563778.6996,3295220,V,520,457,-1
1788563778.7498,3295234,V,512,450,44658
1788563778.7498,3295242,V,500,439,-1
1788563778.7498,3295250,V,494,434,-1
1788563778.7498,3295258,V,501,440,-1
1788563778.7498,3295266,V,506,445,-1
1788563778.7498,3295274,V,538,473,-1
1788563778.8480,3295288,V,523,460,44659
1788563778.8481,3295296,V,500,439,-1
1788563778.8481,3295304,V,481,423,-1
1788563778.8481,3295312,V,499,439,-1
1788563778.8481,3295320,V,519,456,-1
1788563778.8481,3295328,V,529,465,-1
1788563778.8960,3295341,V,501,440,44660
1788563778.8960,3295349,V,518,455,-1
1788563778.8960,3295357,V,514,452,-1
1788563778.8961,3295365,V,552,485,-1
1788563778.8961,3295373,V,531,467,-1
1788563778.8961,3295381,V,516,454,-1
1788563778.9442,3295395,V,528,464,44661
1788563778.9442,3295403,V,507,446,-1
1788563778.9442,3295411,V,507,446,-1
1788563778.9442,3295419,V,507,446,-1
1788563778.9442,3295427,V,503,442,-1
1788563778.9442,3295435,V,521,458,-1
1788563778.9919,3295449,V,530,466,44662
1788563778.9919,3295457,V,526,462,-1
1788563778.9919,3295465,V,508,446,-1
1788563778.9919,3295473,V,521,458,-1
1788563778.9919,3295481,V,505,444,-1
1788563778.9919,3295489,V,517,454,-1
1788563779.0408,3295502,V,511,449,44663
1788563779.0409,3295510,V,524,461,-1
1788563779.0409,3295518,V,511,449,-1
1788563779.0409,3295526,V,510,448,-1
1788563779.0409,3295534,V,509,447,-1
1788563779.0409,3295542,V,505,444,-1
1788563779.0906,3295556,V,510,448,44664
1788563779.0907,3295564,V,544,478,-1
1788563779.0907,3295572,V,537,472,-1
1788563779.0907,3295580,V,529,465,-1
1788563779.0907,3295588,V,516,454,-1
1788563779.0907,3295596,V,509,447,-1
1788563779.1430,3295610,V,527,463,44665
1788563779.1430,3295618,V,548,482,-1
1788563779.1431,3295626,V,513,451,-1
1788563779.1431,3295634,V,513,451,-1
1788563779.1431,3295642,V,523,460,-1
1788563779.1431,3295650,V,516,454,-1
1788563779.1897,3295664,V,512,450,44666
1788563779.1897,3295672,V,507,446,-1
1788563779.1897,3295680,V,534,469,-1
1788563779.1897,3295688,V,521,458,-1
1788563779.1897,3295696,V,508,446,-1
1788563779.1897,3295704,V,519,456,-1
1788563779.2367,3295717,V,527,463,44667
1788563779.2367,3295725,V,511,449,-1
1788563779.2367,3295733,V,509,447,-1
1788563779.2367,3295741,V,494,434,-1
1788563779.2367,3295749,V,515,453,-1
1788563779.2367,3295757,V,509,447,-1
1788563779.3342,3295771,V,528,464,44668
1788563779.3343,3295779,V,511,449,-1
1788563779.3343,3295787,V,511,449,-1
1788563779.3343,3295795,V,517,454,-1
1788563779.3343,3295803,V,522,459,-1
1788563779.3343,3295811,V,537,472,-1
1788563779.3822,3295825,V,534,469,44669
1788563779.3822,3295833,V,539,474,-1
1788563779.3822,3295841,V,526,462,-1
1788563779.3823,3295849,V,534,469,-1
1788563779.3824,3295857,V,525,461,-1
1788563779.3824,3295865,V,511,449,-1
1788563779.4324,3295878,V,521,458,44670
1788563779.4324,3295886,V,510,448,-1
1788563779.4324,3295894,V,515,453,-1
1788563779.4324,3295902,V,528,464,-1
1788563779.4325,3295910,V,491,432,-1
1788563779.4325,3295918,V,514,452,-1
1788563779.4821,3295932,V,522,459,44671
1788563779.4821,3295940,V,529,465,-1
1788563779.4821,3295948,V,516,454,-1
1788563779.4821,3295956,V,509,447,-1
1788563779.4821,3295964,V,522,459,-1
1788563779.4821,3295972,V,510,448,-1
1788563779.5281,3295986,V,507,446,44672
1788563779.5282,3295994,V,503,442,-1
1788563779.5282,3296002,V,517,454,-1
1788563779.5282,3296010,V,505,444,-1
1788563779.5282,3296018,V,532,468,-1
1788563779.5282,3296026,V,531,467,-1
1788563779.5770,3296040,V,511,449,44673
1788563779.5771,3296048,V,528,464,-1
1788563779.5772,3296056,V,525,461,-1
1788563779.5772,3296064,V,535,470,-1
1788563779.5772,3296072,V,510,448,-1
1788563779.5772,3296080,V,508,446,-1
1788563779.6263,3296093,V,508,446,44674
1788563779.6264,3296101,V,494,434,-1
1788563779.6264,3296109,V,514,452,-1
1788563779.6264,3296117,V,512,450,-1
1788563779.6264,3296125,V,510,448,-1
1788563779.6264,3296133,V,497,437,-1
1788563779.6747,3296147,V,497,437,44675
1788563779.6747,3296155,V,530,466,-1
1788563779.6747,3296163,V,512,450,-1
1788563779.6747,3296171,V,516,454,-1
1788563779.6747,3296179,V,529,465,-1
1788563779.6747,3296187,V,518,455,-1
1788563779.7250,3296201,V,508,446,44676
1788563779.7251,3296209,V,506,445,-1
1788563779.7251,3296217,V,507,446,-1
1788563779.7251,3296225,V,493,433,-1
1788563779.7251,3296233,V,505,444,-1
1788563779.7251,3296241,V,497,437,-1
1788563779.7732,3296255,V,497,437,44677
1788563779.7732,3296263,V,523,460,-1
1788563779.7732,3296271,V,511,449,-1
1788563779.7732,3296279,V,523,460,-1
1788563779.7732,3296287,V,495,435,-1
1788563779.7732,3296295,V,526,462,-1
1788563779.8701,3296308,V,508,446,44678
1788563779.8703,3296316,V,502,441,-1
1788563779.8703,3296324,V,507,446,-1
1788563779.8703,3296332,V,501,440,-1
1788563779.8703,3296340,V,511,449,-1
1788563779.8704,3296348,V,512,450,-1
1788563779.9675,3296362,V,504,443,44679
1788563779.9676,3296370,V,508,446,-1
1788563779.9676,3296378,V,523,460,-1
1788563779.9676,3296386,V,523,460,-1
1788563779.9676,3296394,V,502,441,-1
1788563779.9676,3296402,V,500,439,-1
1788563779.9685,3296416,V,525,461,44680
1788563779.9685,3296424,V,496,436,-1
1788563779.9685,3296432,V,534,469,-1
1788563779.9685,3296440,V,511,449,-1
1788563779.9685,3296448,V,521,458,-1
1788563779.9685,3296456,V,513,451,-1
1788563780.0164,3296470,V,524,461,44681
1788563780.0165,3296478,V,528,464,-1
1788563780.0165,3296486,V,496,436,-1
1788563780.0165,3296494,V,509,447,-1
1788563780.0165,3296502,V,534,469,-1
1788563780.0165,3296510,V,515,453,-1
1788563780.0669,3296523,V,526,462,44682
1788563780.0669,3296531,V,498,438,-1
1788563780.0669,3296539,V,502,441,-1
1788563780.0669,3296547,V,522,459,-1
1788563780.0669,3296555,V,531,467,-1
1788563780.0669,3296563,V,532,468,-1
1788563780.1136,3296577,V,507,446,44683
1788563780.1138,3296585,V,492,432,-1
1788563780.1138,3296593,V,527,463,-1
1788563780.1138,3296601,V,513,451,-1
1788563780.1138,3296609,V,511,449,-1
1788563780.1138,3296617,V,509,447,-1
1788563780.1620,3296631,V,536,471,44684
1788563780.1620,3296639,V,507,446,-1
1788563780.1620,3296647,V,508,446,-1
1788563780.1620,3296655,V,514,452,-1
1788563780.1620,3296663,V,509,447,-1
1788563780.1620,3296671,V,515,453,-1
1788563780.2109,3296685,V,517,454,44685
1788563780.2109,3296693,V,515,453,-1
1788563780.2109,3296701,V,539,474,-1
1788563780.2109,3296709,V,527,463,-1
1788563780.2110,3296717,V,514,452,-1
1788563780.2110,3296725,V,492,432,-1
1788563780.2594,3296738,V,508,446,44686
1788563780.2594,3296746,V,540,475,-1
1788563780.2594,3296754,V,505,444,-1
1788563780.2594,3296762,V,520,457,-1
1788563780.2594,3296770,V,514,452,-1
1788563780.2594,3296778,V,522,459,-1
1788563780.3082,3296792,V,526,462,44687
1788563780.3082,3296800,V,521,458,-1
1788563780.3082,3296808,V,519,456,-1
1788563780.3082,3296816,V,516,454,-1
1788563780.3082,3296824,V,513,451,-1
1788563780.3082,3296832,V,524,461,-1
1788563780.4100,3296846,V,488,429,44688
1788563780.4102,3296854,V,505,444,-1
1788563780.4102,3296862,V,516,454,-1
1788563780.4102,3296870,V,536,471,-1
1788563780.4102,3296878,V,498,438,-1
1788563780.4102,3296886,V,531,467,-1
1788563780.4551,3296900,V,524,461,44689
1788563780.4551,3296908,V,525,461,-1
1788563780.4552,3296916,V,528,464,-1
1788563780.4552,3296924,V,515,453,-1
1788563780.4552,3296932,V,522,459,-1
1788563780.4552,3296940,V,504,443,-1
1788563780.5045,3296953,V,508,446,44690
1788563780.5045,3296961,V,521,458,-1
1788563780.5045,3296969,V,521,458,-1
1788563780.5045,3296977,V,504,443,-1
1788563780.5045,3296985,V,537,472,-1
1788563780.5045,3296993,V,522,459,-1
1788563780.5522,3297007,V,492,432,44691
1788563780.5523,3297015,V,505,444,-1
1788563780.5523,3297023,V,513,451,-1
1788563780.5523,3297031,V,527,463,-1
1788563780.5523,3297039,V,570,501,-1
1788563780.5523,3297047,V,516,454,-1
1788563780.6009,3297061,V,517,454,44692
1788563780.6009,3297069,V,498,438,-1
1788563780.6009,3297077,V,534,469,-1
1788563780.6009,3297085,V,517,454,-1
1788563780.6010,3297093,V,522,459,-1
1788563780.6011,3297101,V,491,432,-1
1788563780.6520,3297115,V,511,449,44693
1788563780.6522,3297123,V,521,458,-1
1788563780.6522,3297131,V,510,448,-1
1788563780.6522,3297139,V,504,443,-1
1788563780.6522,3297147,V,521,458,-1
1788563780.6522,3297155,V,508,446,-1
1788563780.7016,3297168,V,514,452,44694
1788563780.7016,3297176,V,509,447,-1
1788563780.7016,3297184,V,512,450,-1
1788563780.7017,3297192,V,513,451,-1
1788563780.7017,3297200,V,485,426,-1
1788563780.7017,3297208,V,508,446,-1
1788563780.7491,3297222,V,512,450,44695
1788563780.7491,3297230,V,525,461,-1
1788563780.7491,3297238,V,536,471,-1
1788563780.7491,3297246,V,493,433,-1
1788563780.7492,3297254,V,528,464,-1
1788563780.7492,3297262,V,518,455,-1
1788563780.7964,3297276,V,508,446,44696
1788563780.7965,3297284,V,545,479,-1
1788563780.7965,3297292,V,523,460,-1
1788563780.7965,3297300,V,511,449,-1
1788563780.7965,3297308,V,486,427,-1
1788563780.7965,3297316,V,515,453,-1
1788563780.8450,3297330,V,535,470,44697
1788563780.8450,3297338,V,510,448,-1
1788563780.8450,3297346,V,485,426,-1
1788563780.8450,3297354,V,505,444,-1
1788563780.8450,3297362,V,521,458,-1
1788563780.8450,3297370,V,499,439,-1
1788563780.9443,3297383,V,501,440,44698
1788563780.9444,3297391,V,508,446,-1
1788563780.9444,3297399,V,493,433,-1
1788563780.9445,3297407,V,511,449,-1
1788563780.9445,3297415,V,507,446,-1
1788563780.9445,3297423,V,512,450,-1
1788563780.9920,3297437,V,509,447,44699
1788563780.9921,3297445,V,510,448,-1
1788563780.9921,3297453,V,519,456,-1
1788563780.9921,3297461,V,517,454,-1
1788563780.9921,3297469,V,540,475,-1
1788563780.9921,3297477,V,485,426,-1
1788563781.0394,3297491,V,526,462,44700
1788563781.0394,3297499,V,486,427,-1
1788563781.0394,3297507,V,521,458,-1
1788563781.0394,3297515,V,519,456,-1
1788563781.0395,3297523,V,490,431,-1
1788563781.0395,3297531,V,494,434,-1
1788563781.0883,3297545,V,518,455,44701
1788563781.0884,3297553,V,524,461,-1
1788563781.0884,3297561,V,517,454,-1
1788563781.0884,3297569,V,517,454,-1
1788563781.0884,3297577,V,494,434,-1
1788563781.0884,3297585,V,493,433,-1
1788563781.1370,3297598,V,522,459,44702
1788563781.1370,3297606,V,502,441,-1
1788563781.1370,3297614,V,486,427,-1
1788563781.1370,3297622,V,486,427,-1
1788563781.1370,3297630,V,529,465,-1
1788563781.1370,3297638,V,528,464,-1
1788563781.1857,3297652,V,514,452,44703
1788563781.1858,3297660,V,511,449,-1
1788563781.1858,3297668,V,516,454,-1
1788563781.1858,3297676,V,514,452,-1
1788563781.1858,3297684,V,513,451,-1
1788563781.1858,3297692,V,525,461,-1
1788563781.2350,3297706,V,488,429,44704
1788563781.2351,3297714,V,508,446,-1
1788563781.2351,3297722,V,509,447,-1
1788563781.2351,3297730,V,520,457,-1
1788563781.2351,3297738,V,525,461,-1
1788563781.2351,3297746,V,514,452,-1
1788563781.3324,3297759,V,529,465,44705
1788563781.3325,3297767,V,509,447,-1
1788563781.3325,3297775,V,517,454,-1
1788563781.3325,3297783,V,546,480,-1
1788563781.3325,3297791,V,506,445,-1
1788563781.3325,3297799,V,508,446,-1
1788563781.3333,3297813,V,513,451,44706
1788563781.3333,3297821,V,495,435,-1
1788563781.3333,3297829,V,511,449,-1
1788563781.3333,3297837,V,529,465,-1
1788563781.3333,3297845,V,512,450,-1
1788563781.3333,3297853,V,517,454,-1
1788563781.4787,3297867,V,506,445,44707
1788563781.4788,3297875,V,496,436,-1
1788563781.4788,3297883,V,512,450,-1
1788563781.4788,3297891,V,510,448,-1
1788563781.4788,3297899,V,493,433,-1
1788563781.4788,3297907,V,545,479,-1
1788563781.4797,3297921,V,502,441,44708
1788563781.4797,3297929,V,498,438,-1
1788563781.4797,3297937,V,521,458,-1
1788563781.4797,3297945,V,494,434,-1
1788563781.4797,3297953,V,512,450,-1
1788563781.4797,3297961,V,526,462,-1
1788563781.5289,3297974,V,495,435,44709
1788563781.5290,3297982,V,500,439,-1
1788563781.5290,3297990,V,512,450,-1
1788563781.5290,3297998,V,543,477,-1
1788563781.5290,3298006,V,541,475,-1
1788563781.5290,3298014,V,502,441,-1
1788563781.5769,3298028,V,516,454,44710
1788563781.5769,3298036,V,522,459,-1
1788563781.5769,3298044,V,518,455,-1
1788563781.5769,3298052,V,517,454,-1
1788563781.5769,3298060,V,494,434,-1
1788563781.5769,3298068,V,517,454,-1
1788563781.6245,3298082,V,540,475,44711
1788563781.6245,3298090,V,502,441,-1
1788563781.6246,3298098,V,522,459,-1
1788563781.6246,3298106,V,528,464,-1
1788563781.6246,3298114,V,523,460,-1
1788563781.6246,3298122,V,498,438,-1
1788563781.6734,3298136,V,552,485,44712
1788563781.6735,3298144,V,519,456,-1
1788563781.6735,3298152,V,543,477,-1
1788563781.6735,3298160,V,508,446,-1
1788563781.6735,3298168,V,508,446,-1
1788563781.6735,3298176,V,514,452,-1
1788563781.7219,3298189,V,495,435,44713
1788563781.7220,3298197,V,519,456,-1
1788563781.7220,3298205,V,525,461,-1
1788563781.7220,3298213,V,529,465,-1
1788563781.7220,3298221,V,511,449,-1
1788563781.7220,3298229,V,501,440,-1
1788563781.7725,3298243,V,509,447,44714
1788563781.7726,3298251,V,521,458,-1
1788563781.7726,3298259,V,503,442,-1
1788563781.7726,3298267,V,502,441,-1
1788563781.7726,3298275,V,508,446,-1
1788563781.7726,3298283,V,541,475,-1
1788563781.8197,3298297,V,493,433,44715
1788563781.8197,3298305,V,526,462,-1
1788563781.8197,3298313,V,500,439,-1
1788563781.8198,3298321,V,502,441,-1
1788563781.8198,3298329,V,491,432,-1
1788563781.8198,3298337,V,500,439,-1
1788563781.9171,3298351,V,511,449,44716
1788563781.9172,3298359,V,519,456,-1
1788563781.9172,3298367,V,497,437,-1
1788563781.9172,3298375,V,529,465,-1
1788563781.9172,3298383,V,521,458,-1
1788563781.9172,3298391,V,504,443,-1
1788563781.9658,3298405,V,521,458,44717
1788563781.9659,3298413,V,541,475,-1
1788563781.9659,3298421,V,479,421,-1
1788563781.9659,3298429,V,505,444,-1
1788563781.9659,3298437,V,533,468,-1
1788563781.9660,3298445,V,519,456,-1
1788563782.0634,3298458,V,531,467,44718
1788563782.0634,3298466,V,519,456,-1
1788563782.0634,3298474,V,477,419,-1
1788563782.0635,3298482,V,525,461,-1
1788563782.0635,3298490,V,523,460,-1
1788563782.0635,3298498,V,504,443,-1
1788563782.0648,3298512,V,506,445,44719
1788563782.0648,3298520,V,528,464,-1
1788563782.0648,3298528,V,535,470,-1
1788563782.0648,3298536,V,538,473,-1
1788563782.0648,3298544,V,510,448,-1
1788563782.0648,3298552,V,547,481,-1
1788563782.1122,3298566,V,505,444,44720
1788563782.1123,3298574,V,514,452,-1
1788563782.1123,3298582,V,515,453,-1
1788563782.1123,3298590,V,547,481,-1
1788563782.1123,3298598,V,509,447,-1
1788563782.1123,3298606,V,509,447,-1
1788563782.1637,3298619,V,508,446,44721
1788563782.1637,3298627,V,528,464,-1
1788563782.1637,3298635,V,523,460,-1
1788563782.1638,3298643,V,514,452,-1
1788563782.1638,3298651,V,490,431,-1
1788563782.1638,3298659,V,515,453,-1
1788563782.2111,3298673,V,521,458,44722
1788563782.2112,3298681,V,505,444,-1
1788563782.2112,3298689,V,561,493,-1
1788563782.2112,3298697,V,537,472,-1
1788563782.2112,3298705,V,528,464,-1
1788563782.2113,3298713,V,509,447,-1
1788563782.2585,3298727,V,521,458,44723
1788563782.2585,3298735,V,507,446,-1
1788563782.2585,3298743,V,508,446,-1
1788563782.2585,3298751,V,528,464,-1
1788563782.2585,3298759,V,533,468,-1
1788563782.2585,3298767,V,521,458,-1
1788563782.3071,3298781,V,505,444,44724
1788563782.3071,3298789,V,510,448,-1
1788563782.3071,3298797,V,500,439,-1
1788563782.3071,3298805,V,519,456,-1
1788563782.3071,3298813,V,546,480,-1
1788563782.3072,3298821,V,514,452,-1
1788563782.3558,3298834,V,524,461,44725
1788563782.3559,3298842,V,537,472,-1
1788563782.3559,3298850,V,517,454,-1
1788563782.3559,3298858,V,520,457,-1
1788563782.3559,3298866,V,532,468,-1
1788563782.3559,3298874,V,495,435,-1
1788563782.4047,3298888,V,508,446,44726
1788563782.4047,3298896,V,512,450,-1
1788563782.4047,3298904,V,496,436,-1
1788563782.4047,3298912,V,501,440,-1
1788563782.4047,3298920,V,520,457,-1
1788563782.4047,3298928,V,504,443,-1
1788563782.5041,3298942,V,522,459,44727
1788563782.5042,3298950,V,510,448,-1
1788563782.5042,3298958,V,518,455,-1
1788563782.5042,3298966,V,510,448,-1
1788563782.5042,3298974,V,510,448,-1
1788563782.5042,3298982,V,524,461,-1
1788563782.5510,3298996,V,525,461,44728
1788563782.5511,3299004,V,512,450,-1
1788563782.5511,3299012,V,502,441,-1
1788563782.5511,3299020,V,506,445,-1
1788563782.5511,3299028,V,514,452,-1
1788563782.5511,3299036,V,518,455,-1
1788563782.5996,3299049,V,492,432,44729
1788563782.5996,3299057,V,494,434,-1
1788563782.5996,3299065,V,523,460,-1
1788563782.5996,3299073,V,536,471,-1
1788563782.5996,3299081,V,515,453,-1
1788563782.5997,3299089,V,500,439,-1
1788563782.6483,3299103,V,515,453,44730
1788563782.6484,3299111,V,508,446,-1
1788563782.6484,3299119,V,517,454,-1
1788563782.6484,3299127,V,503,442,-1
1788563782.6484,3299135,V,512,450,-1
1788563782.6484,3299143,V,516,454,-1
1788563782.6971,3299157,V,529,465,44731
1788563782.6971,3299165,V,493,433,-1
1788563782.6971,3299173,V,517,454,-1
1788563782.6971,3299181,V,513,451,-1
1788563782.6971,3299189,V,526,462,-1
1788563782.6971,3299197,V,504,443,-1
1788563782.7477,3299210,V,523,460,44732
1788563782.7478,3299218,V,490,431,-1
1788563782.7478,3299226,V,535,470,-1
1788563782.7478,3299234,V,537,472,-1
1788563782.7478,3299242,V,491,432,-1
1788563782.7478,3299250,V,490,431,-1
1788563782.7967,3299264,V,521,458,44733
1788563782.7967,3299272,V,513,451,-1
1788563782.7967,3299280,V,520,457,-1
1788563782.7967,3299288,V,529,465,-1
1788563782.7967,3299296,V,509,447,-1
1788563782.7968,3299304,V,548,482,-1
1788563782.8433,3299318,V,533,468,44734
1788563782.8434,3299326,V,522,459,-1
1788563782.8434,3299334,V,539,474,-1
1788563782.8434,3299342,V,520,457,-1
1788563782.8434,3299350,V,529,465,-1
1788563782.8434,3299358,V,509,447,-1
1788563782.8931,3299372,V,497,437,44735
1788563782.8931,3299380,V,506,445,-1
1788563782.8932,3299388,V,495,435,-1
1788563782.8932,3299396,V,511,449,-1
1788563782.8932,3299404,V,527,463,-1
1788563782.8932,3299412,V,500,439,-1
1788563782.9421,3299425,V,495,435,44736
1788563782.9421,3299433,V,518,455,-1
1788563782.9423,3299441,V,517,454,-1
1788563782.9423,3299449,V,519,456,-1
1788563782.9423,3299457,V,507,446,-1
1788563782.9423,3299465,V,518,455,-1
1788563783.0422,3299479,V,509,447,44737
1788563783.0424,3299487,V,517,454,-1
1788563783.0424,3299495,V,512,450,-1
1788563783.0424,3299503,V,517,454,-1
1788563783.0424,3299511,V,533,468,-1
1788563783.0424,3299519,V,522,459,-1
1788563783.0881,3299533,V,541,475,44738
1788563783.0882,3299541,V,520,457,-1
1788563783.0882,3299549,V,513,451,-1
1788563783.0882,3299557,V,510,448,-1
1788563783.0882,3299565,V,510,448,-1
1788563783.0882,3299573,V,512,450,-1
1788563783.1362,3299587,V,523,460,44739
1788563783.1362,3299595,V,514,452,-1
1788563783.1362,3299603,V,516,454,-1
1788563783.1362,3299611,V,512,450,-1
1788563783.1362,3299619,V,542,476,-1
1788563783.1362,3299627,V,526,462,-1
1788563783.1847,3299640,V,497,437,44740
1788563783.1848,3299648,V,549,483,-1
1788563783.1848,3299656,V,512,450,-1
1788563783.1848,3299664,V,522,459,-1
1788563783.1848,3299672,V,527,463,-1
1788563783.1848,3299680,V,508,446,-1
1788563783.2337,3299694,V,511,449,44741
1788563783.2338,3299702,V,547,481,-1
1788563783.2338,3299710,V,510,448,-1
1788563783.2338,3299718,V,505,444,-1
1788563783.2338,3299726,V,506,445,-1
1788563783.2338,3299734,V,530,466,-1
1788563783.2820,3299748,V,514,452,44742
1788563783.2822,3299756,V,522,459,-1
1788563783.2822,3299764,V,526,462,-1
1788563783.2822,3299772,V,516,454,-1
1788563783.2822,3299780,V,506,445,-1
1788563783.2822,3299788,V,526,462,-1
1788563783.3314,3299802,V,545,479,44743
1788563783.3314,3299810,V,497,437,-1
1788563783.3315,3299818,V,520,457,-1
1788563783.3315,3299826,V,510,448,-1
1788563783.3315,3299834,V,487,428,-1
1788563783.3315,3299842,V,517,454,-1
1788563783.3816,3299855,V,505,444,44744
1788563783.3816,3299863,V,514,452,-1
1788563783.3816,3299871,V,525,461,-1
1788563783.3816,3299879,V,516,454,-1
1788563783.3816,3299887,V,492,432,-1
1788563783.3817,3299895,V,517,454,-1
1788563783.4283,3299909,V,512,450,44745
1788563783.4283,3299917,V,535,470,-1
1788563783.4283,3299925,V,483,425,-1
1788563783.4284,3299933,V,516,454,-1
1788563783.4284,3299941,V,524,461,-1
1788563783.4284,3299949,V,538,473,-1
1788563783.5263,3299963,V,499,439,44746
1788563783.5264,3299971,V,502,441,-1
1788563783.5264,3299979,V,520,457,-1
1788563783.5264,3299987,V,529,465,-1
1788563783.5264,3299995,V,495,435,-1
1788563783.5265,3300003,V,510,448,-1
1788563783.5751,3300017,V,526,462,44747
1788563783.5752,3300025,V,521,458,-1
1788563783.5752,3300033,V,493,433,-1
1788563783.5752,3300041,V,535,470,-1
1788563783.5752,3300049,V,489,430,-1
1788563783.5753,3300057,V,525,461,-1
1788563783.6255,3300070,V,543,477,44748
1788563783.6255,3300078,V,539,474,-1
1788563783.6255,3300086,V,515,453,-1
1788563783.6255,3300094,V,547,481,-1
1788563783.6255,3300102,V,494,434,-1
1788563783.6255,3300110,V,500,439,-1
1788563783.6730,3300124,V,539,474,44749
1788563783.6731,3300132,V,496,436,-1
1788563783.6731,3300140,V,513,451,-1
1788563783.6731,3300148,V,498,438,-1
1788563783.6731,3300156,V,518,455,-1
1788563783.6731,3300164,V,514,452,-1
1788563783.7725,3300178,V,499,439,44750
1788563783.7728,3300186,V,519,456,-1
1788563783.7728,3300194,V,490,431,-1
1788563783.7728,3300202,V,508,446,-1
1788563783.7728,3300210,V,509,447,-1
1788563783.7728,3300218,V,532,468,-1
1788563783.7731,3300232,V,518,455,44751
1788563783.7732,3300240,V,516,454,-1
1788563783.7732,3300248,V,527,463,-1
1788563783.7732,3300256,V,527,463,-1
1788563783.7732,3300264,V,515,453,-1
1788563783.7732,3300272,V,488,429,-1
1788563783.8186,3300285,V,508,446,44752
1788563783.8186,3300293,V,520,457,-1
1788563783.8186,3300301,V,512,450,-1
1788563783.8186,3300309,V,508,446,-1
1788563783.8186,3300317,V,532,468,-1
1788563783.8186,3300325,V,535,470,-1
1788563783.8674,3300339,V,517,454,44753
1788563783.8674,3300347,V,523,460,-1
1788563783.8674,3300355,V,497,437,-1
1788563783.8674,3300363,V,514,452,-1
1788563783.8674,3300371,V,545,479,-1
1788563783.8674,3300379,V,510,448,-1
1788563783.9163,3300393,V,520,457,44754
1788563783.9163,3300401,V,521,458,-1
1788563783.9163,3300409,V,525,461,-1
1788563783.9163,3300417,V,516,454,-1
1788563783.9163,3300425,V,514,452,-1
1788563783.9164,3300433,V,530,466,-1
1788563783.9660,3300447,V,563,495,44755
1788563783.9660,3300455,V,507,446,-1
1788563783.9660,3300463,V,541,475,-1
1788563783.9660,3300471,V,518,455,-1
1788563783.9660,3300479,V,509,447,-1
1788563783.9660,3300487,V,513,451,-1
1788563784.0627,3300500,V,498,438,44756
1788563784.0629,3300508,V,493,433,-1
1788563784.0629,3300516,V,501,440,-1
1788563784.0629,3300524,V,512,450,-1
1788563784.0629,3300532,V,522,459,-1
1788563784.0629,3300540,V,508,446,-1
1788563784.1602,3300554,V,526,462,44757
1788563784.1602,3300562,V,513,451,-1
1788563784.1602,3300570,V,537,472,-1
1788563784.1602,3300578,V,519,456,-1
1788563784.1602,3300586,V,504,443,-1
1788563784.1603,3300594,V,543,477,-1
1788563784.1612,3300608,V,539,474,44758
1788563784.1613,3300616,V,540,475,-1
1788563784.1613,3300624,V,532,468,-1
1788563784.1613,3300632,V,499,439,-1
1788563784.1613,3300640,V,503,442,-1
1788563784.1613,3300648,V,526,462,-1
1788563784.2086,3300661,V,500,439,44759
1788563784.2086,3300669,V,526,462,-1
1788563784.2086,3300677,V,484,425,-1
1788563784.2086,3300685,V,505,444,-1
1788563784.2086,3300693,V,508,446,-1
1788563784.2086,3300701,V,546,480,-1
1788563784.2582,3300715,V,530,466,44760
1788563784.2582,3300723,V,493,433,-1
1788563784.2582,3300731,V,521,458,-1
1788563784.2582,3300739,V,509,447,-1
1788563784.2582,3300747,V,512,450,-1
1788563784.2582,3300755,V,531,467,-1
1788563784.3083,3300769,V,495,435,44761
1788563784.3084,3300777,V,517,454,-1
1788563784.3084,3300785,V,540,475,-1
1788563784.3084,3300793,V,539,474,-1
1788563784.3084,3300801,V,506,445,-1
1788563784.3084,3300809,V,526,462,-1
1788563784.3551,3300823,V,522,459,44762
1788563784.3551,3300831,V,502,441,-1
1788563784.3551,3300839,V,522,459,-1
1788563784.3551,3300847,V,518,455,-1
1788563784.3551,3300855,V,511,449,-1
1788563784.3551,3300863,V,499,439,-1
1788563784.4036,3300876,V,513,451,44763
1788563784.4036,3300884,V,567,498,-1
1788563784.4036,3300892,V,493,433,-1
1788563784.4037,3300900,V,508,446,-1
1788563784.4037,3300908,V,521,458,-1
1788563784.4037,3300916,V,516,454,-1
1788563784.4523,3300930,V,488,429,44764
1788563784.4524,3300938,V,488,429,-1
1788563784.4524,3300946,V,539,474,-1
1788563784.4524,3300954,V,541,475,-1
1788563784.4524,3300962,V,508,446,-1
1788563784.4524,3300970,V,508,446,-1
1788563784.5010,3300984,V,516,454,44765
1788563784.5010,3300992,V,527,463,-1
1788563784.5010,3301000,V,515,453,-1
1788563784.5010,3301008,V,524,461,-1
1788563784.5011,3301016,V,547,481,-1
1788563784.5011,3301024,V,512,450,-1
1788563784.6008,3301038,V,514,452,44766
1788563784.6009,3301046,V,515,453,-1
1788563784.6009,3301054,V,506,445,-1
1788563784.6009,3301062,V,516,454,-1
1788563784.6009,3301070,V,518,455,-1
1788563784.6009,3301078,V,523,460,-1
1788563784.6477,3301091,V,507,446,44767
1788563784.6477,3301099,V,509,447,-1
1788563784.6477,3301107,V,527,463,-1
1788563784.6477,3301115,V,489,430,-1
1788563784.6477,3301123,V,504,443,-1
1788563784.6478,3301131,V,506,445,-1
1788563784.7452,3301145,V,526,462,44768
1788563784.7452,3301153,V,524,461,-1
1788563784.7452,3301161,V,509,447,-1
1788563784.7453,3301169,V,494,434,-1
1788563784.7453,3301177,V,484,425,-1
1788563784.7453,3301185,V,514,452,-1
1788563784.7463,3301199,V,498,438,44769
1788563784.7463,3301207,V,532,468,-1
1788563784.7463,3301215,V,503,442,-1
1788563784.7463,3301223,V,505,444,-1
1788563784.7464,3301231,V,530,466,-1
1788563784.7465,3301239,V,519,456,-1
1788563784.7953,3301252,V,510,448,44770
1788563784.7953,3301260,V,501,440,-1
1788563784.7953,3301268,V,521,458,-1
1788563784.7953,3301276,V,520,457,-1
1788563784.7953,3301284,V,512,450,-1
1788563784.7953,3301292,V,525,461,-1
1788563784.8448,3301306,V,514,452,44771
1788563784.8450,3301314,V,495,435,-1
1788563784.8450,3301322,V,569,500,-1
1788563784.8450,3301330,V,527,463,-1
1788563784.8450,3301338,V,526,462,-1
1788563784.8450,3301346,V,508,446,-1
1788563784.8931,3301360,V,493,433,44772
1788563784.8931,3301368,V,542,476,-1
1788563784.8932,3301376,V,506,445,-1
1788563784.8932,3301384,V,523,460,-1
1788563784.8932,3301392,V,498,438,-1
1788563784.8932,3301400,V,521,458,-1
1788563784.9415,3301414,V,488,429,44773
1788563784.9416,3301422,V,510,448,-1
1788563784.9416,3301430,V,516,454,-1
1788563784.9416,3301438,V,507,446,-1
1788563784.9416,3301446,V,521,458,-1
1788563784.9416,3301454,V,519,456,-1
1788563784.9884,3301467,V,537,472,44774
1788563784.9884,3301475,V,506,445,-1
1788563784.9884,3301483,V,522,459,-1
1788563784.9884,3301491,V,520,457,-1
1788563784.9885,3301499,V,490,431,-1
1788563784.9885,3301507,V,507,446,-1
1788563785.0373,3301521,V,506,445,44775
1788563785.0373,3301529,V,511,449,-1
1788563785.0373,3301537,V,519,456,-1
1788563785.0373,3301545,V,499,439,-1
1788563785.0373,3301553,V,524,461,-1
1788563785.0373,3301561,V,522,459,-1
1788563785.1363,3301575,V,510,448,44776
1788563785.1364,3301583,V,514,452,-1
1788563785.1364,3301591,V,518,455,-1
1788563785.1365,3301599,V,505,444,-1
1788563785.1365,3301607,V,540,475,-1
1788563785.1365,3301615,V,511,449,-1
1788563785.1853,3301629,V,516,454,44777
1788563785.1853,3301637,V,509,447,-1
1788563785.1853,3301645,V,552,485,-1
1788563785.1853,3301653,V,505,444,-1
1788563785.1854,3301661,V,518,455,-1
1788563785.1854,3301669,V,520,457,-1
1788563785.2813,3301682,V,505,444,44778
1788563785.2813,3301690,V,520,457,-1
1788563785.2813,3301698,V,534,469,-1
1788563785.2813,3301706,V,500,439,-1
1788563785.2813,3301714,V,505,444,-1
1788563785.2813,3301722,V,533,468,-1
1788563785.2822,3301736,V,527,463,44779
1788563785.2822,3301744,V,506,445,-1
1788563785.2822,3301752,V,520,457,-1
1788563785.2822,3301760,V,501,440,-1
1788563785.2822,3301768,V,489,430,-1
1788563785.2822,3301776,V,497,437,-1
1788563785.3302,3301790,V,490,431,44780
1788563785.3303,3301798,V,520,457,-1
1788563785.3303,3301806,V,515,453,-1
1788563785.3303,3301814,V,524,461,-1
1788563785.3303,3301822,V,502,441,-1
1788563785.3303,3301830,V,514,452,-1
1788563785.3786,3301843,V,515,453,44781
1788563785.3788,3301851,V,502,441,-1
1788563785.3788,3301859,V,502,441,-1
1788563785.3788,3301867,V,508,446,-1
1788563785.3788,3301875,V,527,463,-1
1788563785.3788,3301883,V,512,450,-1
1788563785.4293,3301897,V,509,447,44782
1788563785.4294,3301905,V,525,461,-1
1788563785.4294,3301913,V,502,441,-1
1788563785.4294,3301921,V,503,442,-1
1788563785.4294,3301929,V,527,463,-1
1788563785.4294,3301937,V,523,460,-1
1788563785.4772,3301951,V,498,438,44783
1788563785.4772,3301959,V,521,458,-1
1788563785.4772,3301967,V,480,422,-1
1788563785.4772,3301975,V,509,447,-1
1788563785.4772,3301983,V,529,465,-1
1788563785.4772,3301991,V,496,436,-1
1788563785.5250,3302005,V,527,463,44784
1788563785.5250,3302013,V,521,458,-1
1788563785.5250,3302021,V,516,454,-1
1788563785.5250,3302029,V,539,474,-1
1788563785.5251,3302037,V,526,462,-1
1788563785.5251,3302045,V,504,443,-1
1788563785.5737,3302058,V,514,452,44785
1788563785.5738,3302066,V,521,458,-1
1788563785.5738,3302074,V,526,462,-1
1788563785.5738,3302082,V,505,444,-1
1788563785.5738,3302090,V,507,446,-1
1788563785.5738,3302098,V,541,475,-1
1788563785.7202,3302112,V,533,468,44786
1788563785.7203,3302120,V,527,463,-1
1788563785.7203,3302128,V,520,457,-1
1788563785.7203,3302136,V,512,450,-1
1788563785.7203,3302144,V,526,462,-1
1788563785.7203,3302152,V,526,462,-1
1788563785.7224,3302166,V,506,445,44787
1788563785.7224,3302174,V,536,471,-1
1788563785.7224,3302182,V,530,466,-1
1788563785.7224,3302190,V,509,447,-1
1788563785.7224,3302198,V,539,474,-1
1788563785.7224,3302206,V,517,454,-1
1788563785.7695,3302220,V,537,472,44788
1788563785.7695,3302228,V,542,476,-1
1788563785.7695,3302236,V,494,434,-1
1788563785.7695,3302244,V,526,462,-1
1788563785.7695,3302252,V,511,449,-1
1788563785.7695,3302260,V,519,456,-1
1788563785.8176,3302273,V,526,462,44789
1788563785.8176,3302281,V,506,445,-1
1788563785.8176,3302289,V,517,454,-1
1788563785.8176,3302297,V,492,432,-1
1788563785.8176,3302305,V,513,451,-1
1788563785.8176,3302313,V,509,447,-1
1788563785.8661,3302327,V,517,454,44790
1788563785.8661,3302335,V,525,461,-1
1788563785.8661,3302343,V,503,442,-1
1788563785.8661,3302351,V,529,465,-1
1788563785.8661,3302359,V,487,428,-1
1788563785.8661,3302367,V,503,442,-1
1788563785.9146,3302381,V,514,452,44791
1788563785.9146,3302389,V,535,470,-1
1788563785.9146,3302397,V,526,462,-1
1788563785.9146,3302405,V,515,453,-1
1788563785.9146,3302413,V,511,449,-1
1788563785.9146,3302421,V,498,438,-1
1788563785.9635,3302435,V,506,445,44792
1788563785.9636,3302443,V,514,452,-1
1788563785.9637,3302451,V,502,441,-1
1788563785.9637,3302459,V,510,448,-1
1788563785.9637,3302467,V,517,454,-1
1788563785.9637,3302475,V,511,449,-1
1788563786.0123,3302488,V,519,456,44793
1788563786.0123,3302496,V,527,463,-1
1788563786.0123,3302504,V,508,446,-1
1788563786.0123,3302512,V,521,458,-1
1788563786.0123,3302520,V,524,461,-1
1788563786.0123,3302528,V,516,454,-1
1788563786.0622,3302542,V,511,449,44794
1788563786.0622,3302550,V,509,447,-1
1788563786.0622,3302558,V,504,443,-1
1788563786.0622,3302566,V,522,459,-1
1788563786.0622,3302574,V,516,454,-1
1788563786.0622,3302582,V,511,449,-1
1788563786.1581,3302596,V,533,468,44795
1788563786.1581,3302604,V,504,443,-1
1788563786.1581,3302612,V,517,454,-1
1788563786.1581,3302620,V,537,472,-1
1788563786.1581,3302628,V,513,451,-1
1788563786.1581,3302636,V,568,499,-1
1788563786.2557,3302649,V,515,453,44796
1788563786.2558,3302657,V,519,456,-1
1788563786.2558,3302665,V,511,449,-1
1788563786.2559,3302673,V,512,450,-1
1788563786.2559,3302681,V,540,475,-1
1788563786.2559,3302689,V,521,458,-1
1788563786.2574,3302703,V,522,459,44797
1788563786.2574,3302711,V,516,454,-1
1788563786.2574,3302719,V,506,445,-1
1788563786.2574,3302727,V,543,477,-1
1788563786.2574,3302735,V,514,452,-1
1788563786.2574,3302743,V,495,435,-1
1788563786.3049,3302757,V,513,451,44798
1788563786.3049,3302765,V,509,447,-1
1788563786.3049,3302773,V,490,431,-1
1788563786.3049,3302781,V,534,469,-1
1788563786.3050,3302789,V,510,448,-1
1788563786.3050,3302797,V,512,450,-1
1788563786.3551,3302811,V,488,429,44799
1788563786.3552,3302819,V,509,447,-1
1788563786.3552,3302827,V,529,465,-1
1788563786.3552,3302835,V,500,439,-1
1788563786.3552,3302843,V,535,470,-1
1788563786.3552,3302851,V,527,463,-1
1788563786.4042,3302864,V,491,432,44800
1788563786.4042,3302872,V,524,461,-1
1788563786.4042,3302880,V,530,466,-1
1788563786.4042,3302888,V,524,461,-1
1788563786.4042,3302896,V,510,448,-1
1788563786.4042,3302904,V,514,452,-1
1788563786.4997,3302918,V,530,466,44801
1788563786.4998,3302926,V,528,464,-1
1788563786.4998,3302934,V,514,452,-1
1788563786.4998,3302942,V,507,446,-1
1788563786.4998,3302950,V,511,449,-1
1788563786.4999,3302958,V,505,444,-1
1788563786.5010,3302972,V,517,454,44802
1788563786.5011,3302980,V,540,475,-1
1788563786.5011,3302988,V,497,437,-1
1788563786.5011,3302996,V,512,450,-1
1788563786.5011,3303004,V,524,461,-1
1788563786.5011,3303012,V,518,455,-1
1788563786.5486,3303026,V,524,461,44803
1788563786.5486,3303034,V,526,462,-1
1788563786.5486,3303042,V,497,437,-1
1788563786.5486,3303050,V,537,472,-1
1788563786.5486,3303058,V,510,448,-1
1788563786.5486,3303066,V,509,447,-1
1788563786.5970,3303079,V,518,455,44804
1788563786.5970,3303087,V,498,438,-1
1788563786.5970,3303095,V,518,455,-1
1788563786.5970,3303103,V,532,468,-1
1788563786.5970,3303111,V,501,440,-1
1788563786.5970,3303119,V,511,449,-1
1788563786.6968,3303133,V,549,483,44805
1788563786.6968,3303141,V,539,474,-1
1788563786.6968,3303149,V,501,440,-1
1788563786.6968,3303157,V,510,448,-1
1788563786.6968,3303165,V,508,446,-1
1788563786.6968,3303173,V,533,468,-1
1788563786.7435,3303187,V,503,442,44806
1788563786.7437,3303195,V,525,461,-1
1788563786.7437,3303203,V,505,444,-1
1788563786.7437,3303211,V,514,452,-1
1788563786.7437,3303219,V,496,436,-1
1788563786.7437,3303227,V,537,472,-1
1788563786.7939,3303241,V,528,464,44807
1788563786.7939,3303249,V,502,441,-1
1788563786.7939,3303257,V,499,439,-1
1788563786.7939,3303265,V,530,466,-1
1788563786.7939,3303273,V,531,467,-1
1788563786.7940,3303281,V,539,474,-1
1788563786.8410,3303294,V,484,425,44808
1788563786.8411,3303302,V,510,448,-1
1788563786.8411,3303310,V,492,432,-1
1788563786.8411,3303318,V,537,472,-1
1788563786.8411,3303326,V,527,463,-1
1788563786.8411,3303334,V,502,441,-1
1788563786.8896,3303348,V,511,449,44809
1788563786.8897,3303356,V,503,442,-1
1788563786.8897,3303364,V,496,436,-1
1788563786.8897,3303372,V,524,461,-1
1788563786.8897,3303380,V,536,471,-1
1788563786.8897,3303388,V,526,462,-1
1788563786.9415,3303402,V,496,436,44810
1788563786.9416,3303410,V,523,460,-1
1788563786.9416,3303418,V,496,436,-1
1788563786.9416,3303426,V,502,441,-1
1788563786.9416,3303434,V,515,453,-1
1788563786.9416,3303442,V,508,446,-1
1788563786.9876,3303455,V,527,463,44811
1788563786.9877,3303463,V,522,459,-1
1788563786.9878,3303471,V,530,466,-1
1788563786.9878,3303479,V,515,453,-1
1788563786.9878,3303487,V,502,441,-1
1788563786.9878,3303495,V,529,465,-1
1788563787.0363,3303509,V,502,441,44812
1788563787.0363,3303517,V,518,455,-1
1788563787.0363,3303525,V,499,439,-1
1788563787.0363,3303533,V,509,447,-1
1788563787.0363,3303541,V,511,449,-1
1788563787.0363,3303549,V,524,461,-1
1788563787.0849,3303563,V,509,447,44813
1788563787.0850,3303571,V,520,457,-1
1788563787.0850,3303579,V,508,446,-1
1788563787.0850,3303587,V,501,440,-1
1788563787.0850,3303595,V,529,465,-1
1788563787.0850,3303603,V,497,437,-1
1788563787.1336,3303617,V,518,455,44814
1788563787.1336,3303625,V,536,471,-1
1788563787.1336,3303633,V,510,448,-1
1788563787.1336,3303641,V,519,456,-1
1788563787.1336,3303649,V,507,446,-1
1788563787.1336,3303657,V,514,452,-1
1788563787.2312,3303670,V,502,441,44815
1788563787.2313,3303678,V,497,437,-1
1788563787.2313,3303686,V,516,454,-1
1788563787.2313,3303694,V,503,442,-1
1788563787.2314,3303702,V,520,457,-1
1788563787.2314,3303710,V,544,478,-1
1788563787.2813,3303724,V,488,429,44816
1788563787.2813,3303732,V,535,470,-1
1788563787.2813,3303740,V,502,441,-1
1788563787.2814,3303748,V,497,437,-1
1788563787.2814,3303756,V,519,456,-1
1788563787.2814,3303764,V,511,449,-1
1788563787.3300,3303778,V,503,442,44817
1788563787.3300,3303786,V,497,437,-1
1788563787.3300,3303794,V,512,450,-1
1788563787.3300,3303802,V,489,430,-1
1788563787.3300,3303810,V,501,440,-1
1788563787.3300,3303818,V,521,458,-1
1788563787.3776,3303832,V,521,458,44818
1788563787.3777,3303840,V,524,461,-1
1788563787.3777,3303848,V,538,473,-1
1788563787.3777,3303856,V,515,453,-1
1788563787.3777,3303864,V,505,444,-1
1788563787.3777,3303872,V,531,467,-1
1788563787.4263,3303885,V,501,440,44819
1788563787.4263,3303893,V,506,445,-1
1788563787.4263,3303901,V,515,453,-1
1788563787.4264,3303909,V,531,467,-1
1788563787.4264,3303917,V,519,456,-1
1788563787.4264,3303925,V,512,450,-1
1788563787.4760,3303939,V,501,440,44820
1788563787.4761,3303947,V,539,474,-1
1788563787.4761,3303955,V,498,438,-1
1788563787.4761,3303963,V,509,447,-1
1788563787.4761,3303971,V,505,444,-1
1788563787.4761,3303979,V,509,447,-1
1788563787.5257,3303993,V,520,457,44821
1788563787.5257,3304001,V,507,446,-1
1788563787.5258,3304009,V,515,453,-1
1788563787.5258,3304017,V,527,463,-1
1788563787.5258,3304025,V,527,463,-1
1788563787.5258,3304033,V,524,461,-1
1788563787.5732,3304047,V,506,445,44822
1788563787.5733,3304055,V,507,446,-1
1788563787.5733,3304063,V,516,454,-1
1788563787.5733,3304071,V,519,456,-1
1788563787.5733,3304079,V,491,432,-1
1788563787.5733,3304087,V,514,452,-1
1788563787.6209,3304100,V,511,449,44823
1788563787.6209,3304108,V,508,446,-1
1788563787.6209,3304116,V,524,461,-1
1788563787.6209,3304124,V,525,461,-1
1788563787.6209,3304132,V,522,459,-1
1788563787.6209,3304140,V,527,463,-1
1788563787.6699,3304154,V,513,451,44824
1788563787.6699,3304162,V,511,449,-1
1788563787.6699,3304170,V,496,436,-1
1788563787.6699,3304178,V,510,448,-1
1788563787.6699,3304186,V,509,447,-1
1788563787.6699,3304194,V,505,444,-1
1788563787.7685,3304208,V,491,432,44825
1788563787.7687,3304216,V,501,440,-1
1788563787.7687,3304224,V,498,438,-1
1788563787.7687,3304232,V,487,428,-1
1788563787.7687,3304240,V,516,454,-1
1788563787.7687,3304248,V,497,437,-1
1788563787.8179,3304261,V,511,449,44826
1788563787.8179,3304269,V,517,454,-1
1788563787.8179,3304277,V,508,446,-1
1788563787.8179,3304285,V,507,446,-1
1788563787.8179,3304293,V,499,439,-1
1788563787.8179,3304301,V,517,454,-1
1788563787.8663,3304315,V,497,437,44827
1788563787.8663,3304323,V,492,432,-1
1788563787.8663,3304331,V,528,464,-1
1788563787.8664,3304339,V,522,459,-1
1788563787.8664,3304347,V,511,449,-1
1788563787.8664,3304355,V,539,474,-1
1788563787.9150,3304369,V,513,451,44828
1788563787.9150,3304377,V,479,421,-1
1788563787.9150,3304385,V,482,424,-1
1788563787.9150,3304393,V,513,451,-1
1788563787.9150,3304401,V,516,454,-1
1788563787.9150,3304409,V,515,453,-1
1788563787.9624,3304423,V,515,453,44829
1788563787.9624,3304431,V,523,460,-1
1788563787.9624,3304439,V,520,457,-1
1788563787.9624,3304447,V,506,445,-1
1788563787.9624,3304455,V,532,468,-1
1788563787.9624,3304463,V,517,454,-1
1788563788.0113,3304476,V,515,453,44830
1788563788.0114,3304484,V,519,456,-1
1788563788.0114,3304492,V,534,469,-1
1788563788.0114,3304500,V,524,461,-1
1788563788.0115,3304508,V,499,439,-1
1788563788.0115,3304516,V,518,455,-1
1788563788.0602,3304530,V,503,442,44831
1788563788.0602,3304538,V,536,471,-1
1788563788.0603,3304546,V,483,425,-1
1788563788.0603,3304554,V,504,443,-1
1788563788.0603,3304562,V,519,456,-1
1788563788.0603,3304570,V,500,439,-1
1788563788.1087,3304584,V,491,432,44832
1788563788.1087,3304592,V,518,455,-1
1788563788.1087,3304600,V,517,454,-1
1788563788.1087,3304608,V,503,442,-1
1788563788.1087,3304616,V,507,446,-1
1788563788.1088,3304624,V,490,431,-1
1788563788.1592,3304638,V,516,454,44833
1788563788.1592,3304646,V,542,476,-1
1788563788.1592,3304654,V,527,463,-1
1788563788.1592,3304662,V,536,471,-1
1788563788.1592,3304670,V,518,455,-1
1788563788.1592,3304678,V,505,444,-1
1788563788.2554,3304691,V,534,469,44834
1788563788.2556,3304699,V,505,444,-1
1788563788.2556,3304707,V,532,468,-1
1788563788.2556,3304715,V,508,446,-1
1788563788.2556,3304723,V,522,459,-1
1788563788.2556,3304731,V,501,440,-1
1788563788.3528,3304745,V,538,473,44835
1788563788.3528,3304753,V,517,454,-1
1788563788.3528,3304761,V,521,458,-1
1788563788.3528,3304769,V,510,448,-1
1788563788.3529,3304777,V,517,454,-1
1788563788.3529,3304785,V,511,449,-1
1788563788.3537,3304799,V,516,454,44836
1788563788.3537,3304807,V,530,466,-1
1788563788.3539,3304815,V,494,434,-1
1788563788.3539,3304823,V,522,459,-1
1788563788.3539,3304831,V,520,457,-1
1788563788.3539,3304839,V,512,450,-1
1788563788.4011,3304853,V,535,470,44837
1788563788.4011,3304861,V,504,443,-1
1788563788.4011,3304869,V,512,450,-1
1788563788.4011,3304877,V,554,487,-1
1788563788.4012,3304885,V,554,487,-1
1788563788.4012,3304893,V,527,463,-1
1788563788.4515,3304906,V,546,480,44838
1788563788.4516,3304914,V,500,439,-1
1788563788.4516,3304922,V,540,475,-1
1788563788.4516,3304930,V,526,462,-1
1788563788.4516,3304938,V,506,445,-1
1788563788.4516,3304946,V,540,475,-1
1788563788.4997,3304960,V,531,467,44839
1788563788.4999,3304968,V,516,454,-1
1788563788.4999,3304976,V,527,463,-1
1788563788.4999,3304984,V,537,472,-1
1788563788.4999,3304992,V,525,461,-1
1788563788.5000,3305000,V,502,441,-1
1788563788.5476,3305014,V,509,447,44840
1788563788.5477,3305022,V,551,484,-1
1788563788.5477,3305030,V,510,448,-1
1788563788.5477,3305038,V,506,445,-1
1788563788.5477,3305046,V,529,465,-1
1788563788.5477,3305054,V,487,428,-1
1788563788.5962,3305068,V,515,453,44841
1788563788.5962,3305076,V,535,470,-1
1788563788.5962,3305084,V,517,454,-1
1788563788.5963,3305092,V,510,448,-1
1788563788.5963,3305100,V,528,464,-1
1788563788.5963,3305108,V,502,441,-1
1788563788.6457,3305121,V,513,451,44842
1788563788.6457,3305129,V,534,469,-1
1788563788.6457,3305137,V,499,439,-1
1788563788.6457,3305145,V,510,448,-1
1788563788.6457,3305153,V,502,441,-1
1788563788.6458,3305161,V,497,437,-1
1788563788.6947,3305175,V,578,508,44843
1788563788.6947,3305183,V,517,454,-1
1788563788.6947,3305191,V,520,457,-1
1788563788.6947,3305199,V,523,460,-1
1788563788.6947,3305207,V,497,437,-1
1788563788.6947,3305215,V,511,449,-1
1788563788.7951,3305229,V,498,438,44844
1788563788.7952,3305237,V,524,461,-1
1788563788.7953,3305245,V,533,468,-1
1788563788.7953,3305253,V,505,444,-1
1788563788.7953,3305261,V,504,443,-1
1788563788.7953,3305269,V,536,471,-1
1788563788.8404,3305282,V,503,442,44845
1788563788.8404,3305290,V,496,436,-1
1788563788.8404,3305298,V,533,468,-1
1788563788.8404,3305306,V,539,474,-1
1788563788.8404,3305314,V,506,445,-1
1788563788.8405,3305322,V,519,456,-1
1788563788.8888,3305336,V,495,435,44846
1788563788.8889,3305344,V,494,434,-1
1788563788.8889,3305352,V,539,474,-1
1788563788.8889,3305360,V,516,454,-1
1788563788.8889,3305368,V,503,442,-1
1788563788.8889,3305376,V,532,468,-1
1788563788.9376,3305390,V,527,463,44847
1788563788.9378,3305398,V,507,446,-1
1788563788.9378,3305406,V,526,462,-1
1788563788.9378,3305414,V,502,441,-1
1788563788.9378,3305422,V,525,461,-1
1788563788.9378,3305430,V,512,450,-1
1788563788.9862,3305444,V,486,427,44848
1788563788.9862,3305452,V,530,466,-1
1788563788.9862,3305460,V,503,442,-1
1788563788.9862,3305468,V,507,446,-1
1788563788.9862,3305476,V,530,466,-1
1788563788.9862,3305484,V,512,450,-1
1788563789.0359,3305497,V,514,452,44849
1788563789.0360,3305505,V,513,451,-1
1788563789.0360,3305513,V,529,465,-1
1788563789.0361,3305521,V,507,446,-1
1788563789.0361,3305529,V,542,476,-1
1788563789.0361,3305537,V,511,449,-1
1788563789.0847,3305551,V,509,447,44850
1788563789.0847,3305559,V,547,481,-1
1788563789.0848,3305567,V,505,444,-1
1788563789.0848,3305575,V,524,461,-1
1788563789.0848,3305583,V,485,426,-1
1788563789.0848,3305591,V,496,436,-1
1788563789.1324,3305605,V,508,446,44851
1788563789.1325,3305613,V,544,478,-1
1788563789.1325,3305621,V,502,441,-1
1788563789.1325,3305629,V,501,440,-1
1788563789.1325,3305637,V,525,461,-1
1788563789.1325,3305645,V,518,455,-1
1788563789.1813,3305659,V,497,437,44852
1788563789.1813,3305667,V,526,462,-1
1788563789.1813,3305675,V,508,446,-1
1788563789.1813,3305683,V,520,457,-1
1788563789.1813,3305691,V,520,457,-1
1788563789.1813,3305699,V,497,437,-1
1788563789.2299,3305712,V,502,441,44853
1788563789.2299,3305720,V,520,457,-1
1788563789.2300,3305728,V,554,487,-1
1788563789.2300,3305736,V,517,454,-1
1788563789.2300,3305744,V,490,431,-1
1788563789.2300,3305752,V,524,461,-1
1788563789.3278,3305766,V,516,454,44854
1788563789.3280,3305774,V,501,440,-1
1788563789.3280,3305782,V,497,437,-1
1788563789.3280,3305790,V,521,458,-1
1788563789.3280,3305798,V,515,453,-1
1788563789.3280,3305806,V,535,470,-1
1788563789.3778,3305820,V,563,495,44855
1788563789.3778,3305828,V,525,461,-1
1788563789.3778,3305836,V,509,447,-1
1788563789.3778,3305844,V,502,441,-1
1788563789.3778,3305852,V,505,444,-1
1788563789.3778,3305860,V,505,444,-1
1788563789.4250,3305874,V,530,466,44856
1788563789.4250,3305882,V,505,444,-1
1788563789.4250,3305890,V,505,444,-1
1788563789.4250,3305898,V,537,472,-1
1788563789.4250,3305906,V,492,432,-1
1788563789.4250,3305914,V,514,452,-1
1788563789.4738,3305927,V,509,447,44857
1788563789.4738,3305935,V,509,447,-1
1788563789.4738,3305943,V,521,458,-1
1788563789.4738,3305951,V,508,446,-1
1788563789.4738,3305959,V,512,450,-1
1788563789.4738,3305967,V,517,454,-1
1788563789.5224,3305981,V,493,433,44858
1788563789.5224,3305989,V,532,468,-1
1788563789.5224,3305997,V,489,430,-1
1788563789.5224,3306005,V,514,452,-1
1788563789.5225,3306013,V,517,454,-1
1788563789.5225,3306021,V,508,446,-1
1788563789.5714,3306035,V,534,469,44859
1788563789.5716,3306043,V,528,464,-1
1788563789.5716,3306051,V,550,483,-1
1788563789.5716,3306059,V,505,444,-1
1788563789.5716,3306067,V,543,477,-1
1788563789.5716,3306075,V,487,428,-1
1788563789.6216,3306088,V,537,472,44860
1788563789.6217,3306096,V,511,449,-1
1788563789.6217,3306104,V,508,446,-1
1788563789.6217,3306112,V,512,450,-1
1788563789.6217,3306120,V,506,445,-1
1788563789.6217,3306128,V,523,460,-1
1788563789.6705,3306142,V,495,435,44861
1788563789.6705,3306150,V,511,449,-1
1788563789.6705,3306158,V,514,452,-1
1788563789.6705,3306166,V,530,466,-1
1788563789.6705,3306174,V,514,452,-1
1788563789.6705,3306182,V,499,439,-1
1788563789.7175,3306196,V,482,424,44862
1788563789.7175,3306204,V,506,445,-1
1788563789.7175,3306212,V,506,445,-1
1788563789.7175,3306220,V,502,441,-1
1788563789.7175,3306228,V,488,429,-1
1788563789.7175,3306236,V,508,446,-1
1788563789.7660,3306250,V,521,458,44863
1788563789.7660,3306258,V,505,444,-1
1788563789.7660,3306266,V,491,432,-1
1788563789.7660,3306274,V,503,442,-1
1788563789.7660,3306282,V,500,439,-1
1788563789.7660,3306290,V,507,446,-1
1788563789.8636,3306303,V,506,445,44864
1788563789.8637,3306311,V,500,439,-1
1788563789.8638,3306319,V,534,469,-1
1788563789.8638,3306327,V,532,468,-1
1788563789.8638,3306335,V,493,433,-1
1788563789.8638,3306343,V,514,452,-1
1788563789.9124,3306357,V,524,461,44865
1788563789.9124,3306365,V,513,451,-1
1788563789.9124,3306373,V,524,461,-1
1788563789.9125,3306381,V,519,456,-1
1788563789.9125,3306389,V,516,454,-1
1788563789.9125,3306397,V,513,451,-1
1788563789.9639,3306411,V,517,454,44866
1788563789.9639,3306419,V,496,436,-1
1788563789.9639,3306427,V,510,448,-1
1788563789.9639,3306435,V,507,446,-1
1788563789.9639,3306443,V,552,485,-1
1788563789.9639,3306451,V,496,436,-1
1788563790.0113,3306465,V,552,485,44867
1788563790.0113,3306473,V,514,452,-1
1788563790.0113,3306481,V,514,452,-1
1788563790.0113,3306489,V,583,512,-1
1788563790.0113,3306497,V,550,483,-1
1788563790.0113,3306505,V,512,450,-1
1788563790.0585,3306518,V,522,459,44868
1788563790.0585,3306526,V,515,453,-1
1788563790.0585,3306534,V,511,449,-1
1788563790.0586,3306542,V,520,457,-1
1788563790.0586,3306550,V,518,455,-1
1788563790.0586,3306558,V,523,460,-1
1788563790.1562,3306572,V,532,468,44869
1788563790.1563,3306580,V,501,440,-1
1788563790.1563,3306588,V,511,449,-1
1788563790.1563,3306596,V,489,430,-1
1788563790.1565,3306604,V,513,451,-1
1788563790.1565,3306612,V,505,444,-1
1788563790.1574,3306626,V,513,451,44870
1788563790.1574,3306634,V,496,436,-1
1788563790.1575,3306642,V,500,439,-1
1788563790.1575,3306650,V,532,468,-1
1788563790.1575,3306658,V,508,446,-1
1788563790.1575,3306666,V,502,441,-1
1788563790.2049,3306679,V,514,452,44871
1788563790.2049,3306687,V,531,467,-1
1788563790.2049,3306695,V,535,470,-1
1788563790.2049,3306703,V,513,451,-1
1788563790.2049,3306711,V,507,446,-1
1788563790.2049,3306719,V,519,456,-1
1788563790.2546,3306733,V,532,468,44872
1788563790.2546,3306741,V,505,444,-1
1788563790.2546,3306749,V,535,470,-1
1788563790.2546,3306757,V,482,424,-1
1788563790.2547,3306765,V,524,461,-1
1788563790.2547,3306773,V,492,432,-1
1788563790.3044,3306787,V,514,452,44873
1788563790.3044,3306795,V,495,435,-1
1788563790.3044,3306803,V,502,441,-1
1788563790.3044,3306811,V,493,433,-1
1788563790.3044,3306819,V,507,446,-1
1788563790.3044,3306827,V,527,463,-1
1788563790.4490,3306841,V,487,428,44874
1788563790.4491,3306849,V,512,450,-1
1788563790.4491,3306857,V,507,446,-1
1788563790.4491,3306865,V,503,442,-1
1788563790.4491,3306873,V,524,461,-1
1788563790.4491,3306881,V,525,461,-1
1788563790.4509,3306894,V,537,472,44875
1788563790.4510,3306902,V,531,467,-1
1788563790.4510,3306910,V,508,446,-1
1788563790.4510,3306918,V,525,461,-1
1788563790.4510,3306926,V,575,505,-1
1788563790.4510,3306934,V,510,448,-1
1788563790.4984,3306948,V,495,435,44876
1788563790.4984,3306956,V,513,451,-1
1788563790.4984,3306964,V,504,443,-1
1788563790.4984,3306972,V,512,450,-1
1788563790.4984,3306980,V,527,463,-1
1788563790.4984,3306988,V,514,452,-1
1788563790.5477,3307002,V,538,473,44877
1788563790.5477,3307010,V,532,468,-1
1788563790.5477,3307018,V,498,438,-1
1788563790.5477,3307026,V,509,447,-1
1788563790.5477,3307034,V,521,458,-1
1788563790.5477,3307042,V,510,448,-1
1788563790.5969,3307055,V,494,434,44878
1788563790.5969,3307063,V,510,448,-1
1788563790.5969,3307071,V,499,439,-1
1788563790.5969,3307079,V,527,463,-1
1788563790.5969,3307087,V,507,446,-1
1788563790.5969,3307095,V,516,454,-1
1788563790.6445,3307109,V,523,460,44879
1788563790.6445,3307117,V,521,458,-1
1788563790.6445,3307125,V,514,452,-1
1788563790.6445,3307133,V,516,454,-1
1788563790.6445,3307141,V,495,435,-1
1788563790.6445,3307149,V,512,450,-1
1788563790.6932,3307163,V,494,434,44880
1788563790.6933,3307171,V,532,468,-1
1788563790.6933,3307179,V,526,462,-1
1788563790.6933,3307187,V,512,450,-1
1788563790.6933,3307195,V,541,475,-1
1788563790.6934,3307203,V,497,437,-1
1788563790.7421,3307217,V,525,461,44881
1788563790.7421,3307225,V,517,454,-1
1788563790.7421,3307233,V,517,454,-1
1788563790.7421,3307241,V,516,454,-1
1788563790.7421,3307249,V,507,446,-1
1788563790.7421,3307257,V,516,454,-1
1788563790.7898,3307270,V,510,448,44882
1788563790.7899,3307278,V,516,454,-1
1788563790.7899,3307286,V,526,462,-1
1788563790.7899,3307294,V,524,461,-1
1788563790.7899,3307302,V,525,461,-1
1788563790.7899,3307310,V,534,469,-1
1788563790.8880,3307324,V,529,465,44883
1788563790.8880,3307332,V,510,448,-1
1788563790.8880,3307340,V,524,461,-1
1788563790.8880,3307348,V,510,448,-1
1788563790.8880,3307356,V,516,454,-1
1788563790.8880,3307364,V,565,497,-1
1788563790.9358,3307378,V,501,440,44884
1788563790.9359,3307386,V,496,436,-1
1788563790.9359,3307394,V,523,460,-1
1788563790.9359,3307402,V,521,458,-1
1788563790.9359,3307410,V,496,436,-1
1788563790.9359,3307418,V,522,459,-1
1788563790.9848,3307432,V,507,446,44885
1788563790.9848,3307440,V,516,454,-1
1788563790.9848,3307448,V,492,432,-1
1788563790.9848,3307456,V,500,439,-1
1788563790.9848,3307464,V,513,451,-1
1788563790.9849,3307472,V,523,460,-1
1788563791.0332,3307485,V,520,457,44886
1788563791.0332,3307493,V,514,452,-1
1788563791.0332,3307501,V,499,439,-1
1788563791.0332,3307509,V,522,459,-1
1788563791.0332,3307517,V,518,455,-1
1788563791.0332,3307525,V,493,433,-1
1788563791.0823,3307539,V,515,453,44887
1788563791.0823,3307547,V,500,439,-1
1788563791.0823,3307555,V,514,452,-1
1788563791.0823,3307563,V,538,473,-1
1788563791.0823,3307571,V,524,461,-1
1788563791.0823,3307579,V,518,455,-1
1788563791.1325,3307593,V,509,447,44888
1788563791.1325,3307601,V,521,458,-1
1788563791.1325,3307609,V,533,468,-1
1788563791.1325,3307617,V,522,459,-1
1788563791.1325,3307625,V,525,461,-1
1788563791.1325,3307633,V,521,458,-1
1788563791.1810,3307646,V,509,447,44889
1788563791.1811,3307654,V,521,458,-1
1788563791.1811,3307662,V,498,438,-1
1788563791.1811,3307670,V,532,468,-1
1788563791.1811,3307678,V,499,439,-1
1788563791.1811,3307686,V,513,451,-1
1788563791.2777,3307700,V,505,444,44890
1788563791.2777,3307708,V,527,463,-1
1788563791.2777,3307716,V,525,461,-1
1788563791.2777,3307724,V,518,455,-1
1788563791.2777,3307732,V,507,446,-1
1788563791.2777,3307740,V,518,455,-1
1788563791.2786,3307754,V,507,446,44891
1788563791.2786,3307762,V,522,459,-1
1788563791.2786,3307770,V,533,468,-1
1788563791.2786,3307778,V,519,456,-1
1788563791.2787,3307786,V,510,448,-1
1788563791.2787,3307794,V,517,454,-1
1788563791.3264,3307808,V,524,461,44892
1788563791.3264,3307816,V,524,461,-1
1788563791.3264,3307824,V,509,447,-1
1788563791.3264,3307832,V,521,458,-1
1788563791.3264,3307840,V,495,435,-1
1788563791.3264,3307848,V,514,452,-1
1788563791.4258,3307862,V,539,474,44893
1788563791.4259,3307870,V,510,448,-1
1788563791.4259,3307878,V,554,487,-1
1788563791.4259,3307886,V,495,435,-1
1788563791.4259,3307894,V,521,458,-1
1788563791.4259,3307902,V,512,450,-1
1788563791.4734,3307915,V,519,456,44894
1788563791.4734,3307923,V,528,464,-1
1788563791.4734,3307931,V,485,426,-1
1788563791.4734,3307939,V,538,473,-1
1788563791.4734,3307947,V,532,468,-1
1788563791.4734,3307955,V,516,454,-1
1788563791.5704,3307969,V,515,453,44895
1788563791.5704,3307977,V,504,443,-1
1788563791.5704,3307985,V,526,462,-1
1788563791.5704,3307993,V,520,457,-1
1788563791.5704,3308001,V,514,452,-1
1788563791.5704,3308009,V,518,455,-1
1788563791.5714,3308023,V,488,429,44896
1788563791.5714,3308031,V,524,461,-1
1788563791.5714,3308039,V,529,465,-1
1788563791.5715,3308047,V,500,439,-1
1788563791.5715,3308055,V,508,446,-1
1788563791.5715,3308063,V,510,448,-1
1788563791.6187,3308076,V,483,425,44897
1788563791.6187,3308084,V,510,448,-1
1788563791.6187,3308092,V,512,450,-1
1788563791.6187,3308100,V,529,465,-1
1788563791.6188,3308108,V,520,457,-1
1788563791.6188,3308116,V,503,442,-1
1788563791.6675,3308130,V,525,461,44898
1788563791.6678,3308138,V,507,446,-1
1788563791.6678,3308146,V,537,472,-1
1788563791.6678,3308154,V,513,451,-1
1788563791.6678,3308162,V,525,461,-1
1788563791.6678,3308170,V,521,458,-1
1788563791.7167,3308184,V,514,452,44899
1788563791.7167,3308192,V,517,454,-1
1788563791.7167,3308200,V,489,430,-1
1788563791.7168,3308208,V,521,458,-1
1788563791.7168,3308216,V,532,468,-1
1788563791.7168,3308224,V,517,454,-1
1788563791.7664,3308238,V,525,461,44900
1788563791.7664,3308246,V,530,466,-1
1788563791.7664,3308254,V,511,449,-1
1788563791.7664,3308262,V,507,446,-1
1788563791.7664,3308270,V,522,459,-1
1788563791.7664,3308278,V,507,446,-1
1788563791.8157,3308292,V,535,470,44901
1788563791.8157,3308300,V,545,479,-1
1788563791.8157,3308308,V,499,439,-1
1788563791.8157,3308316,V,537,472,-1
1788563791.8157,3308324,V,499,439,-1
1788563791.8157,3308332,V,497,437,-1
1788563791.8626,3308345,V,483,425,44902
1788563791.8626,3308353,V,502,441,-1
1788563791.8626,3308361,V,490,431,-1
1788563791.8627,3308369,V,525,461,-1
1788563791.8627,3308377,V,501,440,-1
1788563791.8627,3308385,V,514,452,-1
1788563791.9604,3308399,V,508,446,44903
1788563791.9606,3308407,V,517,454,-1
1788563791.9606,3308415,V,506,445,-1
1788563791.9606,3308423,V,532,468,-1
1788563791.9606,3308431,V,513,451,-1
1788563791.9606,3308439,V,500,439,-1
1788563792.0091,3308453,V,504,443,44904
1788563792.0091,3308461,V,511,449,-1
1788563792.0091,3308469,V,523,460,-1
1788563792.0091,3308477,V,493,433,-1
1788563792.0091,3308485,V,541,475,-1
1788563792.0092,3308493,V,488,429,-1
1788563792.0593,3308506,V,497,437,44905
1788563792.0593,3308514,V,503,442,-1
1788563792.0593,3308522,V,513,451,-1
1788563792.0593,3308530,V,512,450,-1
1788563792.0593,3308538,V,523,460,-1
1788563792.0593,3308546,V,506,445,-1
1788563792.1086,3308560,V,531,467,44906
1788563792.1086,3308568,V,534,469,-1
1788563792.1086,3308576,V,503,442,-1
1788563792.1086,3308584,V,512,450,-1
1788563792.1086,3308592,V,517,454,-1
1788563792.1086,3308600,V,528,464,-1
1788563792.1550,3308614,V,527,463,44907
1788563792.1550,3308622,V,522,459,-1
1788563792.1551,3308630,V,517,454,-1
1788563792.1551,3308638,V,524,461,-1
1788563792.1551,3308646,V,529,465,-1
1788563792.1551,3308654,V,509,447,-1
1788563792.2049,3308668,V,543,477,44908
1788563792.2050,3308676,V,509,447,-1
1788563792.2050,3308684,V,533,468,-1
1788563792.2050,3308692,V,526,462,-1
1788563792.2050,3308700,V,518,455,-1
1788563792.2050,3308708,V,502,441,-1
1788563792.2525,3308721,V,498,438,44909
1788563792.2525,3308729,V,528,464,-1
1788563792.2525,3308737,V,519,456,-1
1788563792.2525,3308745,V,505,444,-1
1788563792.2525,3308753,V,503,442,-1
1788563792.2525,3308761,V,513,451,-1
1788563792.3014,3308775,V,508,446,44910
1788563792.3014,3308783,V,517,454,-1
1788563792.3014,3308791,V,505,444,-1
1788563792.3014,3308799,V,516,454,-1
1788563792.3014,3308807,V,503,442,-1
1788563792.3014,3308815,V,526,462,-1
1788563792.3516,3308829,V,507,446,44911
1788563792.3516,3308837,V,499,439,-1
1788563792.3516,3308845,V,498,438,-1
1788563792.3516,3308853,V,488,429,-1
1788563792.3516,3308861,V,532,468,-1
1788563792.3516,3308869,V,534,469,-1
1788563792.4010,3308883,V,522,459,44912
1788563792.4010,3308891,V,504,443,-1
1788563792.4010,3308899,V,493,433,-1
1788563792.4010,3308907,V,506,445,-1
1788563792.4010,3308915,V,529,465,-1
1788563792.4010,3308923,V,525,461,-1
1788563792.5454,3308936,V,509,447,44913
1788563792.5456,3308944,V,495,435,-1
1788563792.5456,3308952,V,500,439,-1
1788563792.5456,3308960,V,511,449,-1
1788563792.5456,3308968,V,527,463,-1
1788563792.5456,3308976,V,506,445,-1
1788563792.5465,3308990,V,506,445,44914
1788563792.5466,3308998,V,508,446,-1
1788563792.5466,3309006,V,514,452,-1
1788563792.5466,3309014,V,508,446,-1
1788563792.5466,3309022,V,530,466,-1
1788563792.5466,3309030,V,512,450,-1
1788563792.5941,3309044,V,498,438,44915
1788563792.5942,3309052,V,502,441,-1
1788563792.5942,3309060,V,493,433,-1
1788563792.5942,3309068,V,523,460,-1
1788563792.5942,3309076,V,499,439,-1
1788563792.5942,3309084,V,488,429,-1
1788563792.6448,3309098,V,508,446,44916
1788563792.6448,3309106,V,519,456,-1
1788563792.6448,3309114,V,530,466,-1
1788563792.6448,3309122,V,517,454,-1
1788563792.6448,3309130,V,510,448,-1
1788563792.6448,3309138,V,511,449,-1
1788563792.6935,3309151,V,506,445,44917
1788563792.6935,3309159,V,511,449,-1
1788563792.6935,3309167,V,514,452,-1
1788563792.6935,3309175,V,534,469,-1
1788563792.6935,3309183,V,514,452,-1
1788563792.6935,3309191,V,507,446,-1
1788563792.7401,3309205,V,521,458,44918
1788563792.7401,3309213,V,522,459,-1
1788563792.7401,3309221,V,501,440,-1
1788563792.7401,3309229,V,525,461,-1
1788563792.7401,3309237,V,499,439,-1
1788563792.7401,3309245,V,507,446,-1
1788563792.7885,3309259,V,507,446,44919
1788563792.7886,3309267,V,514,452,-1
1788563792.7886,3309275,V,511,449,-1
1788563792.7886,3309283,V,513,451,-1
1788563792.7886,3309291,V,531,467,-1
1788563792.7886,3309299,V,525,461,-1
1788563792.8395,3309312,V,514,452,44920
1788563792.8395,3309320,V,532,468,-1
1788563792.8395,3309328,V,501,440,-1
1788563792.8395,3309336,V,484,425,-1
1788563792.8395,3309344,V,512,450,-1
1788563792.8395,3309352,V,528,464,-1
1788563792.8864,3309366,V,498,438,44921
1788563792.8864,3309374,V,508,446,-1
1788563792.8864,3309382,V,517,454,-1
1788563792.8864,3309390,V,489,430,-1
1788563792.8864,3309398,V,505,444,-1
1788563792.8864,3309406,V,498,438,-1
1788563792.9843,3309420,V,500,439,44922
1788563792.9844,3309428,V,501,440,-1
1788563792.9844,3309436,V,538,473,-1
1788563792.9844,3309444,V,500,439,-1
1788563792.9844,3309452,V,511,449,-1
1788563792.9844,3309460,V,507,446,-1
1788563793.0812,3309474,V,541,475,44923
1788563793.0813,3309482,V,527,463,-1
1788563793.0813,3309490,V,492,432,-1
1788563793.0813,3309498,V,526,462,-1
1788563793.0813,3309506,V,536,471,-1
1788563793.0813,3309514,V,513,451,-1
1788563793.0825,3309528,V,517,454,44924
1788563793.0825,3309536,V,487,428,-1
1788563793.0825,3309544,V,509,447,-1
1788563793.0825,3309552,V,511,449,-1
1788563793.0825,3309560,V,492,432,-1
1788563793.0825,3309568,V,533,468,-1
1788563793.1300,3309581,V,510,448,44925
1788563793.1300,3309589,V,513,451,-1
1788563793.1300,3309597,V,525,461,-1
1788563793.1300,3309605,V,508,446,-1
1788563793.1301,3309613,V,521,458,-1
1788563793.1301,3309621,V,507,446,-1
1788563793.1786,3309635,V,517,454,44926
1788563793.1787,3309643,V,489,430,-1
1788563793.1787,3309651,V,514,452,-1
1788563793.1787,3309659,V,503,442,-1
1788563793.1787,3309667,V,529,465,-1
1788563793.1787,3309675,V,487,428,-1
1788563793.2301,3309689,V,525,461,44927
1788563793.2302,3309697,V,501,440,-1
1788563793.2302,3309705,V,523,460,-1
1788563793.2302,3309713,V,522,459,-1
1788563793.2302,3309721,V,537,472,-1
1788563793.2302,3309729,V,500,439,-1
1788563793.2774,3309743,V,500,439,44928
1788563793.2774,3309751,V,515,453,-1
1788563793.2774,3309759,V,504,443,-1
1788563793.2774,3309767,V,529,465,-1
1788563793.2774,3309775,V,511,449,-1
1788563793.2774,3309783,V,499,439,-1
1788563793.3247,3309796,V,525,461,44929
1788563793.3248,3309804,V,511,449,-1
1788563793.3248,3309812,V,521,458,-1
1788563793.3248,3309820,V,506,445,-1
1788563793.3248,3309828,V,508,446,-1
1788563793.3248,3309836,V,516,454,-1
1788563793.3734,3309850,V,498,438,44930
1788563793.3734,3309858,V,519,456,-1
1788563793.3734,3309866,V,522,459,-1
1788563793.3734,3309874,V,495,435,-1
1788563793.3734,3309882,V,530,466,-1
1788563793.3734,3309890,V,515,453,-1
1788563793.4223,3309904,V,572,503,44931
1788563793.4223,3309912,V,518,455,-1
1788563793.4223,3309920,V,519,456,-1
1788563793.4223,3309928,V,516,454,-1
1788563793.4223,3309936,V,509,447,-1
1788563793.4223,3309944,V,494,434,-1
1788563793.5200,3309957,V,532,468,44932
1788563793.5200,3309965,V,532,468,-1
1788563793.5200,3309973,V,509,447,-1
1788563793.5200,3309981,V,524,461,-1
1788563793.5200,3309989,V,516,454,-1
1788563793.5200,3309997,V,516,454,-1
1788563793.5713,3310011,V,525,461,44933
1788563793.5714,3310019,V,504,443,-1
1788563793.5714,3310027,V,492,432,-1
1788563793.5714,3310035,V,518,455,-1
1788563793.5714,3310043,V,512,450,-1
1788563793.5714,3310051,V,505,444,-1
1788563793.6174,3310065,V,525,461,44934
1788563793.6174,3310073,V,512,450,-1
1788563793.6174,3310081,V,506,445,-1
1788563793.6175,3310089,V,514,452,-1
1788563793.6175,3310097,V,524,461,-1
1788563793.6175,3310105,V,519,456,-1
1788563793.6661,3310119,V,505,444,44935
1788563793.6661,3310127,V,488,429,-1
1788563793.6661,3310135,V,528,464,-1
1788563793.6661,3310143,V,490,431,-1
1788563793.6661,3310151,V,516,454,-1
1788563793.6661,3310159,V,520,457,-1
1788563793.7149,3310172,V,516,454,44936
1788563793.7149,3310180,V,519,456,-1
1788563793.7153,3310188,V,503,442,-1
1788563793.7154,3310196,V,530,466,-1
1788563793.7154,3310204,V,527,463,-1
1788563793.7154,3310212,V,509,447,-1
1788563793.7634,3310226,V,508,446,44937
1788563793.7634,3310234,V,480,422,-1
1788563793.7634,3310242,V,504,443,-1
1788563793.7634,3310250,V,522,459,-1
1788563793.7634,3310258,V,522,459,-1
1788563793.7634,3310266,V,496,436,-1
1788563793.8123,3310280,V,511,449,44938
1788563793.8124,3310288,V,532,468,-1
1788563793.8124,3310296,V,499,439,-1
1788563793.8124,3310304,V,522,459,-1
1788563793.8124,3310312,V,516,454,-1
1788563793.8125,3310320,V,500,439,-1
1788563793.8617,3310334,V,511,449,44939
1788563793.8618,3310342,V,592,520,-1
1788563793.8618,3310350,V,504,443,-1
1788563793.8618,3310358,V,514,452,-1
1788563793.8618,3310366,V,517,454,-1
1788563793.8618,3310374,V,524,461,-1
1788563793.9115,3310387,V,516,454,44940
1788563793.9115,3310395,V,523,460,-1
1788563793.9115,3310403,V,523,460,-1
1788563793.9115,3310411,V,497,437,-1
1788563793.9115,3310419,V,524,461,-1
1788563793.9115,3310427,V,527,463,-1
1788563793.9584,3310441,V,500,439,44941
1788563793.9584,3310449,V,526,462,-1
1788563793.9584,3310457,V,509,447,-1
1788563793.9584,3310465,V,573,504,-1
1788563793.9584,3310473,V,517,454,-1
1788563793.9585,3310481,V,488,429,-1
1788563794.0562,3310495,V,549,483,44942
1788563794.0563,3310503,V,513,451,-1
1788563794.0563,3310511,V,519,456,-1
1788563794.0563,3310519,V,495,435,-1
1788563794.0563,3310527,V,513,451,-1
1788563794.0563,3310535,V,520,457,-1
1788563794.1050,3310548,V,527,463,44943
1788563794.1051,3310556,V,496,436,-1
1788563794.1051,3310564,V,536,471,-1
1788563794.1051,3310572,V,503,442,-1
1788563794.1051,3310580,V,501,440,-1
1788563794.1051,3310588,V,531,467,-1
1788563794.1548,3310602,V,493,433,44944
1788563794.1548,3310610,V,508,446,-1
1788563794.1548,3310618,V,478,420,-1
1788563794.1548,3310626,V,511,449,-1
1788563794.1548,3310634,V,512,450,-1
1788563794.1548,3310642,V,527,463,-1
1788563794.2045,3310656,V,502,441,44945
1788563794.2045,3310664,V,525,461,-1
1788563794.2045,3310672,V,503,442,-1
1788563794.2045,3310680,V,521,458,-1
1788563794.2045,3310688,V,510,448,-1
1788563794.2045,3310696,V,526,462,-1
1788563794.2511,3310710,V,512,450,44946
1788563794.2511,3310718,V,540,475,-1
1788563794.2512,3310726,V,514,452,-1
1788563794.2512,3310734,V,521,458,-1
1788563794.2512,3310742,V,521,458,-1
1788563794.2512,3310750,V,530,466,-1
1788563794.2999,3310763,V,525,461,44947
1788563794.3000,3310771,V,522,459,-1
1788563794.3000,3310779,V,577,507,-1
1788563794.3000,3310787,V,521,458,-1
1788563794.3001,3310795,V,527,463,-1
1788563794.3001,3310803,V,528,464,-1
1788563794.3487,3310817,V,527,463,44948
1788563794.3488,3310825,V,507,446,-1
1788563794.3488,3310833,V,538,473,-1
1788563794.3488,3310841,V,512,450,-1
1788563794.3488,3310849,V,508,446,-1
1788563794.3488,3310857,V,504,443,-1
1788563794.3974,3310871,V,508,446,44949
1788563794.3974,3310879,V,487,428,-1
1788563794.3974,3310887,V,520,457,-1
1788563794.3974,3310895,V,505,444,-1
1788563794.3974,3310903,V,507,446,-1
1788563794.3974,3310911,V,505,444,-1
1788563794.4973,3310924,V,515,453,44950
1788563794.4974,3310932,V,516,454,-1
1788563794.4974,3310940,V,526,462,-1
1788563794.4974,3310948,V,531,467,-1
1788563794.4974,3310956,V,479,421,-1
1788563794.4974,3310964,V,499,439,-1
1788563794.4977,3310978,V,518,455,44951
1788563794.4978,3310986,V,514,452,-1
1788563794.4978,3310994,V,525,461,-1
1788563794.4978,3311002,V,523,460,-1
1788563794.4978,3311010,V,506,445,-1
1788563794.4978,3311018,V,515,453,-1
1788563794.6416,3311032,V,494,434,44952
1788563794.6418,3311040,V,478,420,-1
1788563794.6418,3311048,V,508,446,-1
1788563794.6418,3311056,V,499,439,-1
1788563794.6420,3311064,V,522,459,-1
1788563794.6420,3311072,V,502,441,-1
1788563794.6427,3311086,V,521,458,44953
1788563794.6427,3311094,V,517,454,-1
1788563794.6427,3311102,V,514,452,-1
1788563794.6427,3311110,V,509,447,-1
1788563794.6427,3311118,V,506,445,-1
1788563794.6427,3311126,V,504,443,-1
1788563794.6914,3311139,V,508,446,44954
1788563794.6914,3311147,V,515,453,-1
1788563794.6914,3311155,V,522,459,-1
1788563794.6915,3311163,V,522,459,-1
1788563794.6915,3311171,V,510,448,-1
1788563794.6915,3311179,V,516,454,-1
1788563794.7414,3311193,V,516,454,44955
1788563794.7414,3311201,V,523,460,-1
1788563794.7414,3311209,V,508,446,-1
1788563794.7414,3311217,V,558,490,-1
1788563794.7414,3311225,V,537,472,-1
1788563794.7414,3311233,V,530,466,-1
1788563794.7885,3311247,V,520,457,44956
1788563794.7885,3311255,V,536,471,-1
1788563794.7885,3311263,V,532,468,-1
1788563794.7885,3311271,V,513,451,-1
1788563794.7885,3311279,V,507,446,-1
1788563794.7885,3311287,V,514,452,-1
1788563794.8396,3311301,V,523,460,44957
1788563794.8396,3311309,V,480,422,-1
1788563794.8396,3311317,V,527,463,-1
1788563794.8396,3311325,V,489,430,-1
1788563794.8396,3311333,V,529,465,-1
1788563794.8396,3311341,V,530,466,-1
1788563794.8860,3311354,V,522,459,44958
1788563794.8861,3311362,V,518,455,-1
1788563794.8861,3311370,V,501,440,-1
1788563794.8861,3311378,V,529,465,-1
1788563794.8861,3311386,V,503,442,-1
1788563794.8861,3311394,V,509,447,-1
1788563794.9359,3311408,V,501,440,44959
1788563794.9360,3311416,V,504,443,-1
1788563794.9360,3311424,V,512,450,-1
1788563794.9360,3311432,V,504,443,-1
1788563794.9360,3311440,V,515,453,-1
1788563794.9360,3311448,V,501,440,-1
1788563794.9827,3311462,V,521,458,44960
1788563794.9827,3311470,V,524,461,-1
1788563794.9827,3311478,V,533,468,-1
1788563794.9827,3311486,V,528,464,-1
1788563794.9827,3311494,V,497,437,-1
1788563794.9827,3311502,V,519,456,-1
1788563795.0332,3311515,V,493,433,44961
1788563795.0332,3311523,V,498,438,-1
1788563795.0332,3311531,V,511,449,-1
1788563795.0332,3311539,V,504,443,-1
1788563795.0332,3311547,V,496,436,-1
1788563795.0332,3311555,V,519,456,-1
1788563795.1779,3311569,V,507,446,44962
1788563795.1782,3311577,V,526,462,-1
1788563795.1782,3311585,V,497,437,-1
1788563795.1782,3311593,V,524,461,-1
1788563795.1783,3311601,V,515,453,-1
1788563795.1783,3311609,V,517,454,-1
1788563795.1790,3311623,V,511,449,44963
1788563795.1790,3311631,V,502,441,-1
1788563795.1790,3311639,V,496,436,-1
1788563795.1790,3311647,V,513,451,-1
1788563795.1790,3311655,V,517,454,-1
1788563795.1790,3311663,V,517,454,-1
1788563795.2267,3311677,V,510,448,44964
1788563795.2267,3311685,V,498,438,-1
1788563795.2267,3311693,V,535,470,-1
1788563795.2267,3311701,V,520,457,-1
1788563795.2267,3311709,V,511,449,-1
1788563795.2267,3311717,V,536,471,-1
1788563795.2751,3311730,V,548,482,44965
1788563795.2751,3311738,V,489,430,-1
1788563795.2751,3311746,V,517,454,-1
1788563795.2752,3311754,V,530,466,-1
1788563795.2752,3311762,V,494,434,-1
1788563795.2752,3311770,V,520,457,-1
1788563795.3253,3311784,V,500,439,44966
1788563795.3253,3311792,V,532,468,-1
1788563795.3253,3311800,V,500,439,-1
1788563795.3253,3311808,V,501,440,-1
1788563795.3253,3311816,V,520,457,-1
1788563795.3254,3311824,V,501,440,-1
1788563795.3734,3311838,V,508,446,44967
1788563795.3735,3311846,V,549,483,-1
1788563795.3735,3311854,V,495,435,-1
1788563795.3735,3311862,V,526,462,-1
1788563795.3735,3311870,V,511,449,-1
1788563795.3735,3311878,V,502,441,-1
1788563795.4215,3311891,V,503,442,44968
1788563795.4217,3311899,V,508,446,-1
1788563795.4217,3311907,V,523,460,-1
1788563795.4217,3311915,V,524,461,-1
1788563795.4217,3311923,V,494,434,-1
1788563795.4217,3311931,V,514,452,-1
1788563795.4714,3311945,V,518,455,44969
1788563795.4715,3311953,V,511,449,-1
1788563795.4715,3311961,V,521,458,-1
1788563795.4715,3311969,V,525,461,-1
1788563795.4717,3311977,V,523,460,-1
1788563795.4717,3311985,V,506,445,-1
1788563795.5197,3311999,V,512,450,44970
1788563795.5197,3312007,V,508,446,-1
1788563795.5197,3312015,V,533,468,-1
1788563795.5197,3312023,V,532,468,-1
1788563795.5197,3312031,V,527,463,-1
1788563795.5197,3312039,V,512,450,-1
1788563795.6667,3312053,V,527,463,44971
1788563795.6670,3312061,V,491,432,-1
1788563795.6670,3312069,V,528,464,-1
1788563795.6670,3312077,V,523,460,-1
1788563795.6670,3312085,V,521,458,-1
1788563795.6670,3312093,V,520,457,-1
1788563795.6673,3312106,V,537,472,44972
1788563795.6673,3312114,V,499,439,-1
1788563795.6673,3312122,V,514,452,-1
1788563795.6673,3312130,V,491,432,-1
1788563795.6673,3312138,V,515,453,-1
1788563795.6673,3312146,V,545,479,-1
1788563795.7159,3312160,V,524,461,44973
1788563795.7159,3312168,V,504,443,-1
1788563795.7159,3312176,V,522,459,-1
1788563795.7159,3312184,V,517,454,-1
1788563795.7159,3312192,V,478,420,-1
1788563795.7159,3312200,V,528,464,-1
1788563795.7628,3312214,V,527,463,44974
1788563795.7628,3312222,V,525,461,-1
1788563795.7628,3312230,V,531,467,-1
1788563795.7628,3312238,V,513,451,-1
1788563795.7629,3312246,V,515,453,-1
1788563795.7629,3312254,V,525,461,-1
1788563795.8114,3312268,V,508,446,44975
1788563795.8114,3312276,V,528,464,-1
1788563795.8114,3312284,V,536,471,-1
1788563795.8114,3312292,V,492,432,-1
1788563795.8114,3312300,V,502,441,-1
1788563795.8114,3312308,V,526,462,-1
1788563795.8632,3312321,V,507,446,44976
1788563795.8632,3312329,V,553,486,-1
1788563795.8632,3312337,V,551,484,-1
1788563795.8632,3312345,V,500,439,-1
1788563795.8632,3312353,V,494,434,-1
1788563795.8632,3312361,V,501,440,-1
1788563795.9088,3312375,V,501,440,44977
1788563795.9089,3312383,V,531,467,-1
1788563795.9089,3312391,V,529,465,-1
1788563795.9089,3312399,V,491,432,-1
1788563795.9089,3312407,V,529,465,-1
1788563795.9089,3312415,V,512,450,-1
1788563795.9594,3312429,V,520,457,44978
1788563795.9595,3312437,V,502,441,-1
1788563795.9595,3312445,V,500,439,-1
1788563795.9595,3312453,V,514,452,-1
1788563795.9595,3312461,V,502,441,-1
1788563795.9596,3312469,V,500,439,-1
1788563796.0115,3312483,V,530,466,44979
1788563796.0116,3312491,V,512,450,-1
1788563796.0116,3312499,V,509,447,-1
1788563796.0116,3312507,V,508,446,-1
1788563796.0116,3312515,V,535,470,-1
1788563796.0116,3312523,V,508,446,-1
1788563796.0548,3312536,V,561,493,44980
1788563796.0548,3312544,V,507,446,-1
1788563796.0548,3312552,V,520,457,-1
1788563796.0548,3312560,V,505,444,-1
1788563796.0548,3312568,V,495,435,-1
1788563796.0548,3312576,V,527,463,-1
1788563796.1525,3312590,V,517,454,44981
1788563796.1525,3312598,V,519,456,-1
1788563796.1525,3312606,V,523,460,-1
1788563796.1525,3312614,V,516,454,-1
1788563796.1525,3312622,V,516,454,-1
1788563796.1525,3312630,V,505,444,-1
1788563796.2013,3312644,V,513,451,44982
1788563796.2013,3312652,V,503,442,-1
1788563796.2013,3312660,V,505,444,-1
1788563796.2013,3312668,V,506,445,-1
1788563796.2013,3312676,V,500,439,-1
1788563796.2013,3312684,V,518,455,-1
1788563796.2516,3312698,V,519,456,44983
1788563796.2516,3312706,V,506,445,-1
1788563796.2516,3312714,V,513,451,-1
1788563796.2516,3312722,V,502,441,-1
1788563796.2516,3312730,V,499,439,-1
1788563796.2516,3312738,V,516,454,-1
1788563796.2999,3312751,V,500,439,44984
1788563796.2999,3312759,V,520,457,-1
1788563796.2999,3312767,V,515,453,-1
1788563796.2999,3312775,V,519,456,-1
1788563796.2999,3312783,V,507,446,-1
1788563796.2999,3312791,V,513,451,-1
1788563796.3475,3312805,V,510,448,44985
1788563796.3475,3312813,V,502,441,-1
1788563796.3475,3312821,V,488,429,-1
1788563796.3476,3312829,V,514,452,-1
1788563796.3476,3312837,V,540,475,-1
1788563796.3476,3312845,V,501,440,-1
1788563796.3961,3312859,V,491,432,44986
1788563796.3962,3312867,V,500,439,-1
1788563796.3962,3312875,V,525,461,-1
1788563796.3962,3312883,V,517,454,-1
1788563796.3962,3312891,V,498,438,-1
1788563796.3962,3312899,V,537,472,-1
1788563796.4452,3312913,V,528,464,44987
1788563796.4452,3312921,V,517,454,-1
1788563796.4452,3312929,V,504,443,-1
1788563796.4452,3312937,V,510,448,-1
1788563796.4452,3312945,V,515,453,-1
1788563796.4452,3312953,V,511,449,-1
1788563796.4937,3312966,V,522,459,44988
1788563796.4938,3312974,V,576,506,-1
1788563796.4938,3312982,V,498,438,-1
1788563796.4938,3312990,V,501,440,-1
1788563796.4938,3312998,V,519,456,-1
1788563796.4938,3313006,V,516,454,-1
1788563796.5436,3313020,V,529,465,44989
1788563796.5436,3313028,V,494,434,-1
1788563796.5436,3313036,V,509,447,-1
1788563796.5436,3313044,V,523,460,-1
1788563796.5436,3313052,V,510,448,-1
1788563796.5436,3313060,V,506,445,-1
1788563796.5926,3313074,V,530,466,44990
1788563796.5926,3313082,V,538,473,-1
1788563796.5927,3313090,V,521,458,-1
1788563796.5927,3313098,V,519,456,-1
1788563796.5927,3313106,V,519,456,-1
1788563796.5927,3313114,V,515,453,-1
1788563796.7375,3313127,V,519,456,44991
1788563796.7376,3313135,V,507,446,-1
1788563796.7376,3313143,V,482,424,-1
1788563796.7376,3313151,V,518,455,-1
1788563796.7377,3313159,V,515,453,-1
1788563796.7378,3313167,V,529,465,-1
1788563796.7388,3313181,V,513,451,44992
1788563796.7388,3313189,V,514,452,-1
1788563796.7388,3313197,V,514,452,-1
1788563796.7388,3313205,V,502,441,-1
1788563796.7388,3313213,V,533,468,-1
1788563796.7388,3313221,V,527,463,-1
1788563796.7863,3313235,V,507,446,44993
1788563796.7863,3313243,V,502,441,-1
1788563796.7863,3313251,V,496,436,-1
1788563796.7863,3313259,V,507,446,-1
1788563796.7864,3313267,V,513,451,-1
1788563796.7864,3313275,V,509,447,-1
1788563796.8367,3313289,V,515,453,44994
1788563796.8367,3313297,V,533,468,-1
1788563796.8367,3313305,V,517,454,-1
1788563796.8367,3313313,V,531,467,-1
1788563796.8367,3313321,V,520,457,-1
1788563796.8367,3313329,V,530,466,-1
1788563796.8841,3313342,V,517,454,44995
1788563796.8841,3313350,V,500,439,-1
1788563796.8841,3313358,V,539,474,-1
1788563796.8841,3313366,V,522,459,-1
1788563796.8842,3313374,V,523,460,-1
1788563796.8842,3313382,V,522,459,-1
1788563796.9323,3313396,V,506,445,44996
1788563796.9323,3313404,V,497,437,-1
1788563796.9323,3313412,V,482,424,-1
1788563796.9323,3313420,V,501,440,-1
1788563796.9323,3313428,V,528,464,-1
1788563796.9323,3313436,V,527,463,-1
1788563796.9811,3313450,V,508,446,44997
1788563796.9812,3313458,V,525,461,-1
1788563796.9812,3313466,V,515,453,-1
1788563796.9813,3313474,V,528,464,-1
1788563796.9813,3313482,V,521,458,-1
1788563796.9813,3313490,V,507,446,-1
1788563797.0301,3313504,V,541,475,44998
1788563797.0301,3313512,V,495,435,-1
1788563797.0301,3313520,V,527,463,-1
1788563797.0301,3313528,V,522,459,-1
1788563797.0301,3313536,V,517,454,-1
1788563797.0301,3313544,V,515,453,-1
1788563797.0786,3313558,V,507,446,44999
1788563797.0786,3313566,V,526,462,-1
1788563797.0786,3313574,V,536,471,-1
1788563797.0786,3313582,V,534,469,-1
1788563797.0786,3313590,V,499,439,-1
1788563797.0786,3313598,V,508,446,-1
1788563797.1289,3313611,V,511,449,45000
1788563797.1289,3313619,V,545,479,-1
1788563797.1289,3313627,V,511,449,-1
1788563797.1290,3313635,V,513,451,-1
1788563797.1290,3313643,V,491,432,-1
1788563797.1290,3313651,V,532,468,-1
1788563797.2738,3313665,V,523,460,45001
1788563797.2739,3313673,V,514,452,-1
1788563797.2740,3313681,V,509,447,-1
1788563797.2740,3313689,V,541,475,-1
1788563797.2740,3313697,V,529,465,-1
1788563797.2740,3313705,V,531,467,-1
1788563797.2751,3313719,V,521,458,45002
1788563797.2752,3313727,V,500,439,-1
1788563797.2752,3313735,V,519,456,-1
1788563797.2752,3313743,V,524,461,-1
1788563797.2752,3313751,V,534,469,-1
1788563797.2752,3313759,V,521,458,-1
1788563797.3715,3313772,V,499,439,45003
1788563797.3715,3313780,V,523,460,-1
1788563797.3716,3313788,V,481,423,-1
1788563797.3716,3313796,V,516,454,-1
1788563797.3716,3313804,V,500,439,-1
1788563797.3716,3313812,V,489,430,-1
1788563797.3730,3313826,V,512,450,45004
1788563797.3730,3313834,V,523,460,-1
1788563797.3730,3313842,V,525,461,-1
1788563797.3730,3313850,V,532,468,-1
1788563797.3730,3313858,V,509,447,-1
1788563797.3730,3313866,V,521,458,-1
1788563797.4200,3313880,V,500,439,45005
1788563797.4200,3313888,V,516,454,-1
1788563797.4200,3313896,V,504,443,-1
1788563797.4200,3313904,V,514,452,-1
1788563797.4200,3313912,V,508,446,-1
1788563797.4200,3313920,V,507,446,-1
1788563797.6153,3313934,V,525,461,45006
1788563797.6155,3313942,V,520,457,-1
1788563797.6155,3313950,V,523,460,-1
1788563797.6155,3313958,V,535,470,-1
1788563797.6155,3313966,V,534,469,-1
1788563797.6155,3313974,V,496,436,-1
1788563797.6164,3313987,V,530,466,45007
1788563797.6164,3313995,V,519,456,-1
1788563797.6164,3314003,V,503,442,-1
1788563797.6164,3314011,V,520,457,-1
1788563797.6164,3314019,V,539,474,-1
1788563797.6164,3314027,V,498,438,-1
1788563797.6166,3314041,V,506,445,45008
1788563797.6167,3314049,V,505,444,-1
1788563797.6167,3314057,V,519,456,-1
1788563797.6167,3314065,V,508,446,-1
1788563797.6167,3314073,V,508,446,-1
1788563797.6167,3314081,V,526,462,-1
1788563797.6641,3314095,V,538,473,45009
1788563797.6641,3314103,V,517,454,-1
1788563797.6641,3314111,V,486,427,-1
1788563797.6641,3314119,V,525,461,-1
1788563797.6641,3314127,V,506,445,-1
1788563797.6641,3314135,V,521,458,-1
1788563797.7131,3314148,V,497,437,45010
1788563797.7132,3314156,V,499,439,-1
1788563797.7132,3314164,V,525,461,-1
1788563797.7132,3314172,V,512,450,-1
1788563797.7132,3314180,V,523,460,-1
1788563797.7132,3314188,V,496,436,-1
1788563797.7633,3314203,V,504,443,45011
1788563797.7634,3314211,V,510,448,-1
1788563797.7634,3314219,V,519,456,-1
1788563797.7634,3314227,V,504,443,-1
1788563797.7634,3314235,V,538,473,-1
1788563797.7634,3314243,V,517,454,-1
1788563797.8116,3314256,V,508,446,45012
1788563797.8116,3314264,V,513,451,-1
1788563797.8116,3314272,V,526,462,-1
1788563797.8116,3314280,V,555,488,-1
1788563797.8116,3314288,V,523,460,-1
1788563797.8116,3314296,V,509,447,-1
1788563797.8606,3314310,V,538,473,45013
1788563797.8608,3314318,V,542,476,-1
1788563797.8608,3314326,V,528,464,-1
1788563797.8608,3314334,V,503,442,-1
1788563797.8608,3314342,V,514,452,-1
1788563797.8608,3314350,V,521,458,-1
1788563797.9078,3314364,V,549,483,45014
1788563797.9080,3314372,V,511,449,-1
1788563797.9080,3314380,V,513,451,-1
1788563797.9080,3314388,V,506,445,-1
1788563797.9080,3314396,V,512,450,-1
1788563797.9080,3314404,V,522,459,-1
1788563797.9585,3314417,V,511,449,45015
1788563797.9585,3314425,V,523,460,-1
1788563797.9585,3314433,V,505,444,-1
1788563797.9585,3314441,V,525,461,-1
1788563797.9585,3314449,V,524,461,-1
1788563797.9585,3314457,V,492,432,-1
1788563798.0058,3314471,V,531,467,45016
1788563798.0059,3314479,V,519,456,-1
1788563798.0059,3314487,V,521,458,-1
1788563798.0059,3314495,V,514,452,-1
1788563798.0059,3314503,V,527,463,-1
1788563798.0059,3314511,V,518,455,-1
1788563798.0569,3314525,V,527,463,45017
1788563798.0569,3314533,V,498,438,-1
1788563798.0569,3314541,V,493,433,-1
1788563798.0569,3314549,V,512,450,-1
1788563798.0569,3314557,V,489,430,-1
1788563798.0569,3314565,V,497,437,-1
1788563798.1048,3314579,V,516,454,45018
1788563798.1049,3314587,V,513,451,-1
1788563798.1049,3314595,V,512,450,-1
1788563798.1050,3314603,V,515,453,-1
1788563798.1050,3314611,V,531,467,-1
1788563798.1050,3314619,V,541,475,-1
1788563798.1518,3314632,V,531,467,45019
1788563798.1518,3314640,V,498,438,-1
1788563798.1518,3314648,V,527,463,-1
1788563798.1518,3314656,V,513,451,-1
1788563798.1519,3314664,V,495,435,-1
1788563798.1519,3314672,V,534,469,-1
1788563798.2492,3314686,V,518,455,45020
1788563798.2493,3314694,V,507,446,-1
1788563798.2493,3314702,V,520,457,-1
1788563798.2493,3314710,V,512,450,-1
1788563798.2493,3314718,V,515,453,-1
1788563798.2493,3314726,V,523,460,-1
1788563798.2980,3314740,V,530,466,45021
1788563798.2980,3314748,V,535,470,-1
1788563798.2980,3314756,V,529,465,-1
1788563798.2980,3314764,V,522,459,-1
1788563798.2980,3314772,V,506,445,-1
1788563798.2980,3314780,V,498,438,-1
1788563798.3974,3314794,V,508,446,45022
1788563798.3977,3314802,V,488,429,-1
1788563798.3977,3314810,V,505,444,-1
1788563798.3977,3314818,V,486,427,-1
1788563798.3977,3314826,V,515,453,-1
1788563798.3978,3314834,V,517,454,-1
1788563798.3980,3314847,V,525,461,45023
1788563798.3980,3314855,V,526,462,-1
1788563798.3980,3314863,V,522,459,-1
1788563798.3980,3314871,V,501,440,-1
1788563798.3980,3314879,V,517,454,-1
1788563798.3980,3314887,V,503,442,-1
1788563798.4442,3314901,V,504,443,45024
1788563798.4442,3314909,V,501,440,-1
1788563798.4442,3314917,V,493,433,-1
1788563798.4443,3314925,V,529,465,-1
1788563798.4443,3314933,V,508,446,-1
1788563798.4443,3314941,V,493,433,-1
1788563798.4928,3314955,V,503,442,45025
1788563798.4929,3314963,V,524,461,-1
1788563798.4929,3314971,V,516,454,-1
1788563798.4929,3314979,V,541,475,-1
1788563798.4929,3314987,V,497,437,-1
1788563798.4929,3314995,V,512,450,-1
1788563798.5415,3315008,V,520,457,45026
1788563798.5415,3315016,V,493,433,-1
1788563798.5415,3315024,V,514,452,-1
1788563798.5415,3315032,V,522,459,-1
1788563798.5415,3315040,V,509,447,-1
1788563798.5415,3315048,V,542,476,-1
1788563798.5905,3315062,V,513,451,45027
1788563798.5905,3315070,V,554,487,-1
1788563798.5905,3315078,V,519,456,-1
1788563798.5905,3315086,V,493,433,-1
1788563798.5905,3315094,V,489,430,-1
1788563798.5905,3315102,V,514,452,-1
1788563798.6407,3315116,V,495,435,45028
1788563798.6409,3315124,V,502,441,-1
1788563798.6409,3315132,V,524,461,-1
1788563798.6409,3315140,V,532,468,-1
1788563798.6409,3315148,V,520,457,-1
1788563798.6409,3315156,V,526,462,-1
1788563798.6902,3315170,V,542,476,45029
1788563798.6902,3315178,V,483,425,-1
1788563798.6902,3315186,V,517,454,-1
1788563798.6902,3315194,V,509,447,-1
1788563798.6902,3315202,V,502,441,-1
1788563798.6902,3315210,V,529,465,-1
1788563798.8343,3315223,V,533,468,45030
1788563798.8343,3315231,V,513,451,-1
1788563798.8344,3315239,V,498,438,-1
1788563798.8344,3315247,V,520,457,-1
1788563798.8344,3315255,V,505,444,-1
1788563798.8344,3315263,V,506,445,-1
1788563798.8353,3315277,V,498,438,45031
1788563798.8354,3315285,V,511,449,-1
1788563798.8354,3315293,V,521,458,-1
1788563798.8354,3315301,V,501,440,-1
1788563798.8354,3315309,V,535,470,-1
1788563798.8354,3315317,V,505,444,-1
1788563798.8845,3315331,V,527,463,45032
1788563798.8847,3315339,V,513,451,-1
1788563798.8847,3315347,V,502,441,-1
1788563798.8847,3315355,V,542,476,-1
1788563798.8847,3315363,V,502,441,-1
1788563798.8847,3315371,V,508,446,-1
1788563798.9318,3315385,V,526,462,45033
1788563798.9318,3315393,V,513,451,-1
1788563798.9318,3315401,V,525,461,-1
1788563798.9318,3315409,V,537,472,-1
1788563798.9318,3315417,V,516,454,-1
1788563798.9318,3315425,V,494,434,-1
1788563798.9813,3315438,V,502,441,45034
1788563798.9813,3315446,V,522,459,-1
1788563798.9813,3315454,V,510,448,-1
1788563798.9814,3315462,V,534,469,-1
1788563798.9814,3315470,V,496,436,-1
1788563798.9814,3315478,V,504,443,-1
1788563799.0289,3315492,V,510,448,45035
1788563799.0289,3315500,V,516,454,-1
1788563799.0289,3315508,V,569,500,-1
1788563799.0289,3315516,V,506,445,-1
1788563799.0289,3315524,V,509,447,-1
1788563799.0289,3315532,V,523,460,-1
1788563799.0777,3315546,V,533,468,45036
1788563799.0777,3315554,V,491,432,-1
1788563799.0779,3315562,V,529,465,-1
1788563799.0779,3315570,V,510,448,-1
1788563799.0779,3315578,V,495,435,-1
1788563799.0779,3315586,V,502,441,-1
1788563799.1265,3315599,V,515,453,45037
1788563799.1266,3315607,V,526,462,-1
1788563799.1266,3315615,V,520,457,-1
1788563799.1266,3315623,V,483,425,-1
1788563799.1266,3315631,V,516,454,-1
1788563799.1266,3315639,V,516,454,-1
1788563799.1756,3315653,V,490,431,45038
1788563799.1756,3315661,V,509,447,-1
1788563799.1756,3315669,V,517,454,-1
1788563799.1757,3315677,V,513,451,-1
1788563799.1757,3315685,V,490,431,-1
1788563799.1757,3315693,V,499,439,-1
1788563799.2247,3315707,V,510,448,45039
1788563799.2247,3315715,V,512,450,-1
1788563799.2247,3315723,V,497,437,-1
1788563799.2247,3315731,V,512,450,-1
1788563799.2248,3315739,V,519,456,-1
1788563799.2248,3315747,V,502,441,-1
1788563799.3706,3315761,V,503,442,45040
1788563799.3707,3315769,V,521,458,-1
1788563799.3708,3315777,V,498,438,-1
1788563799.3708,3315785,V,521,458,-1
1788563799.3708,3315793,V,512,450,-1
1788563799.3708,3315801,V,485,426,-1
1788563799.3716,3315814,V,509,447,45041
1788563799.3716,3315822,V,534,469,-1
1788563799.3716,3315830,V,544,478,-1
1788563799.3716,3315838,V,535,470,-1
1788563799.3716,3315846,V,532,468,-1
1788563799.3717,3315854,V,512,450,-1
1788563799.4193,3315868,V,510,448,45042
1788563799.4193,3315876,V,553,486,-1
1788563799.4193,3315884,V,550,483,-1
1788563799.4193,3315892,V,532,468,-1
1788563799.4193,3315900,V,508,446,-1
1788563799.4194,3315908,V,517,454,-1
1788563799.4677,3315922,V,506,445,45043
1788563799.4677,3315930,V,523,460,-1
1788563799.4677,3315938,V,532,468,-1
1788563799.4677,3315946,V,581,511,-1
1788563799.4677,3315954,V,532,468,-1
1788563799.4677,3315962,V,530,466,-1
1788563799.5168,3315976,V,496,436,45044
1788563799.5169,3315984,V,513,451,-1
1788563799.5169,3315992,V,521,458,-1
1788563799.5169,3316000,V,531,467,-1
1788563799.5169,3316008,V,519,456,-1
1788563799.5169,3316016,V,521,458,-1
1788563799.5663,3316029,V,511,449,45045
1788563799.5663,3316037,V,515,453,-1
1788563799.5663,3316045,V,509,447,-1
1788563799.5663,3316053,V,495,435,-1
1788563799.5663,3316061,V,510,448,-1
1788563799.5663,3316069,V,527,463,-1
1788563799.6156,3316083,V,513,451,45046
1788563799.6157,3316091,V,506,445,-1
1788563799.6159,3316099,V,520,457,-1
1788563799.6160,3316107,V,529,465,-1
1788563799.6160,3316115,V,498,438,-1
1788563799.6160,3316123,V,492,432,-1
1788563799.6636,3316137,V,511,449,45047
1788563799.6636,3316145,V,529,465,-1
1788563799.6636,3316153,V,508,446,-1
1788563799.6636,3316161,V,513,451,-1
1788563799.6636,3316169,V,519,456,-1
1788563799.6636,3316177,V,525,461,-1
1788563799.7113,3316190,V,526,462,45048
1788563799.7113,3316198,V,534,469,-1
1788563799.7113,3316206,V,496,436,-1
1788563799.7113,3316214,V,513,451,-1
1788563799.7113,3316222,V,526,462,-1
1788563799.7113,3316230,V,528,464,-1
1788563799.7609,3316244,V,512,450,45049
1788563799.7609,3316252,V,512,450,-1
1788563799.7609,3316260,V,507,446,-1
1788563799.7609,3316268,V,536,471,-1
1788563799.7609,3316276,V,519,456,-1
1788563799.7609,3316284,V,549,483,-1
1788563799.8592,3316298,V,518,455,45050
1788563799.8593,3316306,V,516,454,-1
1788563799.8593,3316314,V,521,458,-1
1788563799.8593,3316322,V,528,464,-1
1788563799.8593,3316330,V,510,448,-1
1788563799.8594,3316338,V,514,452,-1
1788563799.9082,3316352,V,521,458,45051
1788563799.9082,3316360,V,501,440,-1
1788563799.9082,3316368,V,509,447,-1
1788563799.9082,3316376,V,532,468,-1
1788563799.9082,3316384,V,535,470,-1
1788563799.9083,3316392,V,498,438,-1
1788563799.9549,3316405,V,503,442,45052
1788563799.9549,3316413,V,535,470,-1
1788563799.9549,3316421,V,512,450,-1
1788563799.9549,3316429,V,514,452,-1
1788563799.9549,3316437,V,511,449,-1
1788563799.9549,3316445,V,516,454,-1
1788563800.0038,3316459,V,507,446,45053
1788563800.0038,3316467,V,526,462,-1
1788563800.0038,3316475,V,524,461,-1
1788563800.0038,3316483,V,511,449,-1
1788563800.0038,3316491,V,498,438,-1
1788563800.0038,3316499,V,514,452,-1
1788563800.0526,3316513,V,531,467,45054
1788563800.0526,3316521,V,517,454,-1
1788563800.0526,3316529,V,528,464,-1
1788563800.0526,3316537,V,536,471,-1
1788563800.0526,3316545,V,524,461,-1
1788563800.0526,3316553,V,519,456,-1
1788563800.1014,3316567,V,491,432,45055
1788563800.1015,3316575,V,510,448,-1
1788563800.1015,3316583,V,497,437,-1
1788563800.1015,3316591,V,502,441,-1
1788563800.1015,3316599,V,496,436,-1
1788563800.1015,3316607,V,525,461,-1
1788563800.1528,3316620,V,508,446,45056
1788563800.1528,3316628,V,509,447,-1
1788563800.1528,3316636,V,527,463,-1
1788563800.1528,3316644,V,502,441,-1
1788563800.1528,3316652,V,504,443,-1
1788563800.1528,3316660,V,505,444,-1
1788563800.2475,3316674,V,516,454,45057
1788563800.2475,3316682,V,520,457,-1
1788563800.2475,3316690,V,525,461,-1
1788563800.2475,3316698,V,517,454,-1
1788563800.2475,3316706,V,509,447,-1
1788563800.2475,3316714,V,515,453,-1
1788563800.2486,3316728,V,500,439,45058
1788563800.2486,3316736,V,507,446,-1
1788563800.2486,3316744,V,511,449,-1
1788563800.2486,3316752,V,506,445,-1
1788563800.2486,3316760,V,487,428,-1
1788563800.2486,3316768,V,504,443,-1
1788563800.3451,3316782,V,503,442,45059
1788563800.3452,3316790,V,519,456,-1
1788563800.3452,3316798,V,513,451,-1
1788563800.3452,3316806,V,492,432,-1
1788563800.3452,3316814,V,516,454,-1
1788563800.3452,3316822,V,557,490,-1
1788563800.3939,3316835,V,517,454,45060
1788563800.3939,3316843,V,493,433,-1
1788563800.3939,3316851,V,535,470,-1
1788563800.3939,3316859,V,520,457,-1
1788563800.3939,3316867,V,523,460,-1
1788563800.3940,3316875,V,520,457,-1
1788563800.4441,3316889,V,507,446,45061
1788563800.4441,3316897,V,523,460,-1
1788563800.4441,3316905,V,505,444,-1
1788563800.4441,3316913,V,528,464,-1
1788563800.4442,3316921,V,513,451,-1
1788563800.4442,3316929,V,509,447,-1
1788563800.4933,3316943,V,529,465,45062
1788563800.4933,3316951,V,522,459,-1
1788563800.4933,3316959,V,520,457,-1
1788563800.4934,3316967,V,503,442,-1
1788563800.4934,3316975,V,534,469,-1
1788563800.4934,3316983,V,522,459,-1
1788563800.5399,3316996,V,514,452,45063
1788563800.5400,3317004,V,490,431,-1
1788563800.5400,3317012,V,511,449,-1
1788563800.5400,3317020,V,519,456,-1
1788563800.5400,3317028,V,504,443,-1
1788563800.5400,3317036,V,493,433,-1
1788563800.5887,3317050,V,500,439,45064
1788563800.5888,3317058,V,537,472,-1
1788563800.5888,3317066,V,510,448,-1
1788563800.5888,3317074,V,528,464,-1
1788563800.5889,3317082,V,506,445,-1
1788563800.5889,3317090,V,535,470,-1
1788563800.6376,3317104,V,507,446,45065
1788563800.6376,3317112,V,520,457,-1
1788563800.6376,3317120,V,516,454,-1
1788563800.6377,3317128,V,506,445,-1
1788563800.6377,3317136,V,503,442,-1
1788563800.6377,3317144,V,509,447,-1
1788563800.6863,3317158,V,534,469,45066
1788563800.6863,3317166,V,531,467,-1
1788563800.6863,3317174,V,506,445,-1
1788563800.6863,3317182,V,535,470,-1
1788563800.6863,3317190,V,504,443,-1
1788563800.6863,3317198,V,505,444,-1
1788563800.7367,3317211,V,510,448,45067
1788563800.7367,3317219,V,504,443,-1
1788563800.7367,3317227,V,520,457,-1
1788563800.7367,3317235,V,532,468,-1
1788563800.7367,3317243,V,517,454,-1
1788563800.7367,3317251,V,525,461,-1
1788563800.7851,3317265,V,552,485,45068
1788563800.7851,3317273,V,523,460,-1
1788563800.7851,3317281,V,497,437,-1
1788563800.7851,3317289,V,496,436,-1
1788563800.7851,3317297,V,523,460,-1
1788563800.7851,3317305,V,537,472,-1
1788563800.9318,3317319,V,540,475,45069
1788563800.9319,3317327,V,531,467,-1
1788563800.9319,3317335,V,510,448,-1
1788563800.9319,3317343,V,517,454,-1
1788563800.9320,3317351,V,501,440,-1
1788563800.9320,3317359,V,520,457,-1
1788563800.9321,3317372,V,513,451,45070
1788563800.9321,3317380,V,529,465,-1
1788563800.9321,3317388,V,507,446,-1
1788563800.9321,3317396,V,479,421,-1
1788563800.9321,3317404,V,502,441,-1
1788563800.9321,3317412,V,507,446,-1
1788563800.9808,3317426,V,528,464,45071
1788563800.9809,3317434,V,548,482,-1
1788563800.9809,3317442,V,493,433,-1
1788563800.9809,3317450,V,488,429,-1
1788563800.9809,3317458,V,506,445,-1
1788563800.9809,3317466,V,481,423,-1
1788563801.0293,3317480,V,531,467,45072
1788563801.0293,3317488,V,517,454,-1
1788563801.0293,3317496,V,503,442,-1
1788563801.0293,3317504,V,526,462,-1
1788563801.0293,3317512,V,509,447,-1
1788563801.0293,3317520,V,513,451,-1
1788563801.0764,3317534,V,528,464,45073
1788563801.0764,3317542,V,483,425,-1
1788563801.0764,3317550,V,521,458,-1
1788563801.0764,3317558,V,520,457,-1
1788563801.0764,3317566,V,540,475,-1
1788563801.0764,3317574,V,502,441,-1
1788563801.1250,3317587,V,502,441,45074
1788563801.1250,3317595,V,517,454,-1
1788563801.1250,3317603,V,507,446,-1
1788563801.1250,3317611,V,502,441,-1
1788563801.1250,3317619,V,516,454,-1
1788563801.1250,3317627,V,540,475,-1
1788563801.1737,3317641,V,486,427,45075
1788563801.1737,3317649,V,520,457,-1
1788563801.1737,3317657,V,505,444,-1
1788563801.1737,3317665,V,505,444,-1
1788563801.1738,3317673,V,514,452,-1
1788563801.1738,3317681,V,537,472,-1
1788563801.2228,3317695,V,508,446,45076
1788563801.2228,3317703,V,556,489,-1
1788563801.2228,3317711,V,530,466,-1
1788563801.2228,3317719,V,528,464,-1
1788563801.2228,3317727,V,515,453,-1
1788563801.2228,3317735,V,506,445,-1
1788563801.2718,3317749,V,520,457,45077
1788563801.2719,3317757,V,516,454,-1
1788563801.2719,3317765,V,522,459,-1
1788563801.2719,3317773,V,510,448,-1
1788563801.2719,3317781,V,484,425,-1
1788563801.2719,3317789,V,518,455,-1
1788563801.3207,3317802,V,494,434,45078
1788563801.3207,3317810,V,532,468,-1
1788563801.3207,3317818,V,519,456,-1
1788563801.3207,3317826,V,510,448,-1
1788563801.3207,3317834,V,528,464,-1
1788563801.3207,3317842,V,516,454,-1
1788563801.4176,3317856,V,515,453,45079
1788563801.4177,3317864,V,500,439,-1
1788563801.4177,3317872,V,526,462,-1
1788563801.4177,3317880,V,520,457,-1
1788563801.4177,3317888,V,550,483,-1
1788563801.4177,3317896,V,506,445,-1
1788563801.4663,3317910,V,517,454,45080
1788563801.4663,3317918,V,524,461,-1
1788563801.4664,3317926,V,504,443,-1
1788563801.4664,3317934,V,530,466,-1
1788563801.4664,3317942,V,519,456,-1
1788563801.4664,3317950,V,524,461,-1
1788563801.5151,3317964,V,492,432,45081
1788563801.5151,3317972,V,511,449,-1
1788563801.5151,3317980,V,500,439,-1
1788563801.5151,3317988,V,506,445,-1
1788563801.5152,3317996,V,515,453,-1
1788563801.5152,3318004,V,560,492,-1
1788563801.5640,3318017,V,524,461,45082
1788563801.5640,3318025,V,506,445,-1
1788563801.5640,3318033,V,478,420,-1
1788563801.5640,3318041,V,500,439,-1
1788563801.5640,3318049,V,530,466,-1
1788563801.5640,3318057,V,522,459,-1
1788563801.6143,3318071,V,538,473,45083
1788563801.6143,3318079,V,518,455,-1
1788563801.6143,3318087,V,505,444,-1
1788563801.6143,3318095,V,520,457,-1
1788563801.6143,3318103,V,512,450,-1
1788563801.6143,3318111,V,535,470,-1
1788563801.6621,3318125,V,519,456,45084
1788563801.6621,3318133,V,496,436,-1
1788563801.6621,3318141,V,589,518,-1
1788563801.6621,3318149,V,506,445,-1
1788563801.6622,3318157,V,534,469,-1
1788563801.6622,3318165,V,532,468,-1
1788563801.7123,3318178,V,503,442,45085
1788563801.7123,3318186,V,517,454,-1
1788563801.7123,3318194,V,508,446,-1
1788563801.7123,3318202,V,496,436,-1
1788563801.7123,3318210,V,537,472,-1
1788563801.7123,3318218,V,507,446,-1
1788563801.7588,3318232,V,513,451,45086
1788563801.7588,3318240,V,485,426,-1
1788563801.7588,3318248,V,489,430,-1
1788563801.7588,3318256,V,496,436,-1
1788563801.7588,3318264,V,517,454,-1
1788563801.7588,3318272,V,496,436,-1
1788563801.8076,3318286,V,538,473,45087
1788563801.8076,3318294,V,505,444,-1
1788563801.8076,3318302,V,523,460,-1
1788563801.8076,3318310,V,522,459,-1
1788563801.8076,3318318,V,502,441,-1
1788563801.8076,3318326,V,515,453,-1
1788563801.8564,3318340,V,514,452,45088
1788563801.8564,3318348,V,512,450,-1
1788563801.8564,3318356,V,496,436,-1
1788563801.8564,3318364,V,500,439,-1
1788563801.8564,3318372,V,519,456,-1
1788563801.8564,3318380,V,502,441,-1
1788563801.9557,3318393,V,529,465,45089
1788563801.9558,3318401,V,508,446,-1
1788563801.9559,3318409,V,483,425,-1
1788563801.9559,3318417,V,528,464,-1
1788563801.9559,3318425,V,520,457,-1
1788563801.9559,3318433,V,514,452,-1
1788563802.0040,3318447,V,511,449,45090
1788563802.0040,3318455,V,530,466,-1
1788563802.0040,3318463,V,503,442,-1
1788563802.0040,3318471,V,500,439,-1
1788563802.0040,3318479,V,499,439,-1
1788563802.0040,3318487,V,509,447,-1
1788563802.0515,3318501,V,504,443,45091
1788563802.0515,3318509,V,535,470,-1
1788563802.0515,3318517,V,503,442,-1
1788563802.0515,3318525,V,498,438,-1
1788563802.0515,3318533,V,514,452,-1
1788563802.0515,3318541,V,498,438,-1
1788563802.1003,3318554,V,499,439,45092
1788563802.1003,3318562,V,528,464,-1
1788563802.1003,3318570,V,508,446,-1
1788563802.1003,3318578,V,568,499,-1
1788563802.1003,3318586,V,543,477,-1
1788563802.1003,3318594,V,520,457,-1
1788563802.1487,3318608,V,498,438,45093
1788563802.1487,3318616,V,527,463,-1
1788563802.1488,3318624,V,538,473,-1
1788563802.1488,3318632,V,503,442,-1
1788563802.1488,3318640,V,479,421,-1
1788563802.1488,3318648,V,522,459,-1
1788563802.1978,3318662,V,527,463,45094
1788563802.1979,3318670,V,503,442,-1
1788563802.1979,3318678,V,511,449,-1
1788563802.1979,3318686,V,518,455,-1
1788563802.1979,3318694,V,530,466,-1
1788563802.1979,3318702,V,512,450,-1
1788563802.2483,3318716,V,515,453,45095
1788563802.2483,3318724,V,507,446,-1
1788563802.2483,3318732,V,488,429,-1
1788563802.2483,3318740,V,515,453,-1
1788563802.2483,3318748,V,511,449,-1
1788563802.2483,3318756,V,528,464,-1
1788563802.2974,3318769,V,534,469,45096
1788563802.2974,3318777,V,529,465,-1
1788563802.2974,3318785,V,499,439,-1
1788563802.2974,3318793,V,500,439,-1
1788563802.2974,3318801,V,517,454,-1
1788563802.2974,3318809,V,514,452,-1
1788563802.3440,3318823,V,547,481,45097
1788563802.3440,3318831,V,516,454,-1
1788563802.3440,3318839,V,524,461,-1
1788563802.3440,3318847,V,511,449,-1
1788563802.3440,3318855,V,504,443,-1
1788563802.3440,3318863,V,521,458,-1
1788563802.3928,3318877,V,487,428,45098
1788563802.3928,3318885,V,519,456,-1
1788563802.3928,3318893,V,502,441,-1
1788563802.3928,3318901,V,506,445,-1
1788563802.3929,3318909,V,516,454,-1
1788563802.3929,3318917,V,498,438,-1
1788563802.4901,3318930,V,507,446,45099
1788563802.4901,3318938,V,509,447,-1
1788563802.4901,3318946,V,538,473,-1
1788563802.4901,3318954,V,531,467,-1
1788563802.4901,3318962,V,496,436,-1
1788563802.4901,3318970,V,488,429,-1
1788563802.5414,3318984,V,490,431,45100
1788563802.5414,3318992,V,514,452,-1
1788563802.5414,3319000,V,527,463,-1
1788563802.5414,3319008,V,533,468,-1
1788563802.5414,3319016,V,551,484,-1
1788563802.5414,3319024,V,491,432,-1
1788563802.5886,3319038,V,495,435,45101
1788563802.5887,3319046,V,506,445,-1
1788563802.5887,3319054,V,505,444,-1
1788563802.5887,3319062,V,479,421,-1
1788563802.5887,3319070,V,541,475,-1
1788563802.5887,3319078,V,530,466,-1
1788563802.6363,3319092,V,499,439,45102
1788563802.6363,3319100,V,498,438,-1
1788563802.6363,3319108,V,520,457,-1
1788563802.6363,3319116,V,541,475,-1
1788563802.6363,3319124,V,541,475,-1
1788563802.6363,3319132,V,516,454,-1
1788563802.6850,3319145,V,519,456,45103
1788563802.6850,3319153,V,506,445,-1
1788563802.6850,3319161,V,524,461,-1
1788563802.6850,3319169,V,525,461,-1
1788563802.6850,3319177,V,508,446,-1
1788563802.6850,3319185,V,519,456,-1
1788563802.7338,3319199,V,543,477,45104
1788563802.7339,3319207,V,514,452,-1
1788563802.7339,3319215,V,505,444,-1
1788563802.7339,3319223,V,534,469,-1
1788563802.7340,3319231,V,525,461,-1
1788563802.7340,3319239,V,530,466,-1
1788563802.7827,3319253,V,507,446,45105
1788563802.7827,3319261,V,511,449,-1
1788563802.7827,3319269,V,524,461,-1
1788563802.7828,3319277,V,515,453,-1
1788563802.7828,3319285,V,506,445,-1
1788563802.7828,3319293,V,514,452,-1
1788563802.8332,3319307,V,555,488,45106
1788563802.8332,3319315,V,493,433,-1
1788563802.8332,3319323,V,495,435,-1
1788563802.8332,3319331,V,520,457,-1
1788563802.8332,3319339,V,529,465,-1
1788563802.8332,3319347,V,538,473,-1
1788563802.8821,3319360,V,553,486,45107
1788563802.8821,3319368,V,519,456,-1
1788563802.8821,3319376,V,484,425,-1
1788563802.8821,3319384,V,520,457,-1
1788563802.8821,3319392,V,503,442,-1
1788563802.8821,3319400,V,508,446,-1
1788563803.0269,3319414,V,539,474,45108
1788563803.0270,3319422,V,487,428,-1
1788563803.0270,3319430,V,541,475,-1
1788563803.0270,3319438,V,500,439,-1
1788563803.0270,3319446,V,537,472,-1
1788563803.0270,3319454,V,558,490,-1
1788563803.0289,3319468,V,515,453,45109
1788563803.0289,3319476,V,501,440,-1
1788563803.0289,3319484,V,519,456,-1
1788563803.0289,3319492,V,513,451,-1
1788563803.0289,3319500,V,522,459,-1
1788563803.0289,3319508,V,520,457,-1
1788563803.0752,3319521,V,523,460,45110
1788563803.0752,3319529,V,516,454,-1
1788563803.0752,3319537,V,496,436,-1
1788563803.0752,3319545,V,536,471,-1
1788563803.0752,3319553,V,520,457,-1
1788563803.0752,3319561,V,499,439,-1
1788563803.1252,3319575,V,521,458,45111
1788563803.1252,3319583,V,520,457,-1
1788563803.1252,3319591,V,502,441,-1
1788563803.1252,3319599,V,505,444,-1
1788563803.1252,3319607,V,512,450,-1
1788563803.1252,3319615,V,521,458,-1
1788563803.1742,3319629,V,497,437,45112
1788563803.1742,3319637,V,502,441,-1
1788563803.1742,3319645,V,522,459,-1
1788563803.1742,3319653,V,509,447,-1
1788563803.1742,3319661,V,502,441,-1
1788563803.1742,3319669,V,502,441,-1
1788563803.2215,3319683,V,535,470,45113
1788563803.2215,3319691,V,509,447,-1
1788563803.2215,3319699,V,513,451,-1
1788563803.2215,3319707,V,526,462,-1
1788563803.2215,3319715,V,521,458,-1
1788563803.2215,3319723,V,501,440,-1
1788563803.2702,3319736,V,498,438,45114
1788563803.2703,3319744,V,524,461,-1
1788563803.2703,3319752,V,518,455,-1
1788563803.2703,3319760,V,505,444,-1
1788563803.2703,3319768,V,527,463,-1
1788563803.2703,3319776,V,513,451,-1
1788563803.3189,3319790,V,516,454,45115
1788563803.3190,3319798,V,512,450,-1
1788563803.3190,3319806,V,514,452,-1
1788563803.3190,3319814,V,512,450,-1
1788563803.3190,3319822,V,530,466,-1
1788563803.3190,3319830,V,554,487,-1
1788563803.3677,3319844,V,491,432,45116
1788563803.3677,3319852,V,512,450,-1
1788563803.3677,3319860,V,517,454,-1
1788563803.3677,3319868,V,526,462,-1
1788563803.3677,3319876,V,491,432,-1
1788563803.3677,3319884,V,502,441,-1
1788563803.4182,3319897,V,561,493,45117
1788563803.4183,3319905,V,526,462,-1
1788563803.4183,3319913,V,529,465,-1
1788563803.4183,3319921,V,516,454,-1
1788563803.4183,3319929,V,499,439,-1
1788563803.4183,3319937,V,512,450,-1
1788563803.5627,3319951,V,497,437,45118
1788563803.5628,3319959,V,526,462,-1
1788563803.5628,3319967,V,511,449,-1
1788563803.5628,3319975,V,505,444,-1
1788563803.5628,3319983,V,515,453,-1
1788563803.5628,3319991,V,521,458,-1
1788563803.5640,3320005,V,517,454,45119
1788563803.5640,3320013,V,535,470,-1
1788563803.5640,3320021,V,484,425,-1
1788563803.5640,3320029,V,507,446,-1
1788563803.5640,3320037,V,509,447,-1
1788563803.5640,3320045,V,494,434,-1
1788563803.6602,3320059,V,529,465,45120
1788563803.6602,3320067,V,508,446,-1
1788563803.6603,3320075,V,509,447,-1
1788563803.6603,3320083,V,513,451,-1
1788563803.6603,3320091,V,505,444,-1
1788563803.6603,3320099,V,514,452,-1
1788563803.6619,3320112,V,533,468,45121
1788563803.6619,3320120,V,509,447,-1
1788563803.6619,3320128,V,549,483,-1
1788563803.6619,3320136,V,508,446,-1
1788563803.6619,3320144,V,528,464,-1
1788563803.6619,3320152,V,494,434,-1
1788563803.7585,3320166,V,498,438,45122
1788563803.7585,3320174,V,521,458,-1
1788563803.7585,3320182,V,500,439,-1
1788563803.7585,3320190,V,527,463,-1
1788563803.7585,3320198,V,536,471,-1
1788563803.7585,3320206,V,527,463,-1
1788563803.7588,3320220,V,499,439,45123
1788563803.7588,3320228,V,536,471,-1
1788563803.7588,3320236,V,532,468,-1
1788563803.7588,3320244,V,533,468,-1
1788563803.7588,3320252,V,530,466,-1
1788563803.7588,3320260,V,518,455,-1
1788563803.8099,3320273,V,499,439,45124
1788563803.8100,3320281,V,523,460,-1
1788563803.8100,3320289,V,496,436,-1
1788563803.8100,3320297,V,514,452,-1
1788563803.8100,3320305,V,505,444,-1
1788563803.8100,3320313,V,505,444,-1
1788563803.8562,3320327,V,544,478,45125
1788563803.8562,3320335,V,573,504,-1
1788563803.8562,3320343,V,513,451,-1
1788563803.8562,3320351,V,514,452,-1
1788563803.8562,3320359,V,515,453,-1
1788563803.8563,3320367,V,515,453,-1
1788563803.9073,3320381,V,509,447,45126
1788563803.9073,3320389,V,511,449,-1
1788563803.9073,3320397,V,521,458,-1
1788563803.9073,3320405,V,514,452,-1
1788563803.9073,3320413,V,515,453,-1
1788563803.9073,3320421,V,523,460,-1
1788563803.9536,3320435,V,535,470,45127
1788563803.9536,3320443,V,501,440,-1
1788563803.9536,3320451,V,519,456,-1
1788563803.9536,3320459,V,526,462,-1
1788563803.9536,3320467,V,505,444,-1
1788563803.9536,3320475,V,509,447,-1
1788563804.0524,3320488,V,504,443,45128
1788563804.0526,3320496,V,491,432,-1
1788563804.0526,3320504,V,499,439,-1
1788563804.0526,3320512,V,522,459,-1
1788563804.0526,3320520,V,508,446,-1
1788563804.0526,3320528,V,503,442,-1
1788563804.1007,3320542,V,508,446,45129
1788563804.1008,3320550,V,509,447,-1
1788563804.1008,3320558,V,553,486,-1
1788563804.1008,3320566,V,501,440,-1
1788563804.1008,3320574,V,509,447,-1
1788563804.1008,3320582,V,523,460,-1
1788563804.1478,3320596,V,513,451,45130
1788563804.1478,3320604,V,534,469,-1
1788563804.1478,3320612,V,550,483,-1
1788563804.1478,3320620,V,521,458,-1
1788563804.1478,3320628,V,508,446,-1
1788563804.1478,3320636,V,527,463,-1
1788563804.1966,3320649,V,509,447,45131
1788563804.1966,3320657,V,495,435,-1
1788563804.1966,3320665,V,521,458,-1
1788563804.1966,3320673,V,510,448,-1
1788563804.1966,3320681,V,518,455,-1
1788563804.1966,3320689,V,551,484,-1
1788563804.2453,3320703,V,529,465,45132
1788563804.2453,3320711,V,517,454,-1
1788563804.2453,3320719,V,514,452,-1
1788563804.2453,3320727,V,496,436,-1
1788563804.2453,3320735,V,522,459,-1
1788563804.2453,3320743,V,506,445,-1
1788563804.2940,3320757,V,515,453,45133
1788563804.2941,3320765,V,489,430,-1
1788563804.2941,3320773,V,591,519,-1
1788563804.2941,3320781,V,497,437,-1
1788563804.2941,3320789,V,505,444,-1
1788563804.2941,3320797,V,490,431,-1
1788563804.3447,3320811,V,519,456,45134
1788563804.3448,3320819,V,502,441,-1
1788563804.3448,3320827,V,499,439,-1
1788563804.3448,3320835,V,514,452,-1
1788563804.3448,3320843,V,512,450,-1
1788563804.3448,3320851,V,504,443,-1
1788563804.3926,3320864,V,550,483,45135
1788563804.3926,3320872,V,499,439,-1
1788563804.3926,3320880,V,528,464,-1
1788563804.3926,3320888,V,523,460,-1
1788563804.3927,3320896,V,517,454,-1
1788563804.3927,3320904,V,496,436,-1
1788563804.4891,3320918,V,501,440,45136
1788563804.4892,3320926,V,515,453,-1
1788563804.4894,3320934,V,495,435,-1
1788563804.4894,3320942,V,529,465,-1
1788563804.4894,3320950,V,518,455,-1
1788563804.4894,3320958,V,521,458,-1
1788563804.4912,3320972,V,524,461,45137
1788563804.4912,3320980,V,529,465,-1
1788563804.4912,3320988,V,493,433,-1
1788563804.4912,3320996,V,504,443,-1
1788563804.4912,3321004,V,508,446,-1
1788563804.4912,3321012,V,516,454,-1
1788563804.5867,3321026,V,537,472,45138
1788563804.5868,3321034,V,515,453,-1
1788563804.5868,3321042,V,517,454,-1
1788563804.5868,3321050,V,503,442,-1
1788563804.5868,3321058,V,543,477,-1
1788563804.5868,3321066,V,532,468,-1
1788563804.6373,3321079,V,502,441,45139
1788563804.6373,3321087,V,512,450,-1
1788563804.6373,3321095,V,499,439,-1
1788563804.6373,3321103,V,541,475,-1
1788563804.6374,3321111,V,508,446,-1
1788563804.6374,3321119,V,500,439,-1
1788563804.6850,3321133,V,516,454,45140
1788563804.6851,3321141,V,528,464,-1
1788563804.6851,3321149,V,525,461,-1
1788563804.6851,3321157,V,539,474,-1
1788563804.6851,3321165,V,517,454,-1
1788563804.6851,3321173,V,532,468,-1
1788563804.7330,3321187,V,505,444,45141
1788563804.7331,3321195,V,520,457,-1
1788563804.7331,3321203,V,492,432,-1
1788563804.7331,3321211,V,543,477,-1
1788563804.7331,3321219,V,518,455,-1
1788563804.7331,3321227,V,507,446,-1
1788563804.7815,3321241,V,504,443,45142
1788563804.7816,3321249,V,514,452,-1
1788563804.7816,3321257,V,538,473,-1
1788563804.7816,3321265,V,518,455,-1
1788563804.7816,3321273,V,516,454,-1
1788563804.7816,3321281,V,537,472,-1
1788563804.8306,3321294,V,516,454,45143
1788563804.8308,3321302,V,523,460,-1
1788563804.8308,3321310,V,522,459,-1
1788563804.8308,3321318,V,492,432,-1
1788563804.8308,3321326,V,497,437,-1
1788563804.8308,3321334,V,537,472,-1
1788563804.8794,3321348,V,505,444,45144
1788563804.8795,3321356,V,506,445,-1
1788563804.8795,3321364,V,518,455,-1
1788563804.8795,3321372,V,505,444,-1
1788563804.8795,3321380,V,494,434,-1
1788563804.8795,3321388,V,505,444,-1
1788563804.9296,3321402,V,475,417,45145
1788563804.9296,3321410,V,527,463,-1
1788563804.9296,3321418,V,510,448,-1
1788563804.9296,3321426,V,520,457,-1
1788563804.9297,3321434,V,516,454,-1
1788563804.9297,3321442,V,533,468,-1
1788563804.9780,3321455,V,522,459,45146
1788563804.9780,3321463,V,515,453,-1
1788563804.9781,3321471,V,525,461,-1
1788563804.9781,3321479,V,505,444,-1
1788563804.9781,3321487,V,534,469,-1
1788563804.9781,3321495,V,534,469,-1
1788563805.0744,3321509,V,522,459,45147
1788563805.0745,3321517,V,516,454,-1
1788563805.0746,3321525,V,509,447,-1
1788563805.0746,3321533,V,520,457,-1
1788563805.0746,3321541,V,527,463,-1
1788563805.0746,3321549,V,512,450,-1
1788563805.1233,3321563,V,525,461,45148
1788563805.1233,3321571,V,527,463,-1
1788563805.1234,3321579,V,528,464,-1
1788563805.1234,3321587,V,512,450,-1
1788563805.1234,3321595,V,509,447,-1
1788563805.1234,3321603,V,505,444,-1
1788563805.1717,3321617,V,523,460,45149
1788563805.1717,3321625,V,542,476,-1
1788563805.1717,3321633,V,499,439,-1
1788563805.1718,3321641,V,507,446,-1
1788563805.1718,3321649,V,555,488,-1
1788563805.1718,3321657,V,515,453,-1
1788563805.2229,3321670,V,500,439,45150
1788563805.2229,3321678,V,532,468,-1
1788563805.2229,3321686,V,534,469,-1
1788563805.2229,3321694,V,514,452,-1
1788563805.2229,3321702,V,501,440,-1
1788563805.2229,3321710,V,544,478,-1
1788563805.2706,3321724,V,515,453,45151
1788563805.2706,3321732,V,507,446,-1
1788563805.2706,3321740,V,523,460,-1
1788563805.2706,3321748,V,497,437,-1
1788563805.2706,3321756,V,506,445,-1
1788563805.2707,3321764,V,498,438,-1
1788563805.3215,3321778,V,510,448,45152
1788563805.3216,3321786,V,537,472,-1
1788563805.3216,3321794,V,500,439,-1
1788563805.3216,3321802,V,501,440,-1
1788563805.3216,3321810,V,520,457,-1
1788563805.3216,3321818,V,503,442,-1
1788563805.3677,3321832,V,502,441,45153
1788563805.3677,3321840,V,526,462,-1
1788563805.3677,3321848,V,519,456,-1
1788563805.3677,3321856,V,506,445,-1
1788563805.3677,3321864,V,496,436,-1
1788563805.3677,3321872,V,528,464,-1
1788563805.4648,3321885,V,524,461,45154
1788563805.4649,3321893,V,515,453,-1
1788563805.4649,3321901,V,517,454,-1
1788563805.4649,3321909,V,523,460,-1
1788563805.4649,3321917,V,521,458,-1
1788563805.4649,3321925,V,516,454,-1
1788563805.4657,3321939,V,511,449,45155
1788563805.4657,3321947,V,502,441,-1
1788563805.4657,3321955,V,504,443,-1
1788563805.4657,3321963,V,502,441,-1
1788563805.4657,3321971,V,517,454,-1
1788563805.4657,3321979,V,517,454,-1
1788563805.5130,3321993,V,513,451,45156
1788563805.5130,3322001,V,518,455,-1
1788563805.5131,3322009,V,513,451,-1
1788563805.5131,3322017,V,526,462,-1
1788563805.5131,3322025,V,518,455,-1
1788563805.5131,3322033,V,509,447,-1
1788563805.6118,3322046,V,522,459,45157
1788563805.6119,3322054,V,502,441,-1
1788563805.6119,3322062,V,522,459,-1
1788563805.6119,3322070,V,509,447,-1
1788563805.6119,3322078,V,511,449,-1
1788563805.6120,3322086,V,586,515,-1
1788563805.6594,3322100,V,514,452,45158
1788563805.6595,3322108,V,503,442,-1
1788563805.6595,3322116,V,511,449,-1
1788563805.6595,3322124,V,504,443,-1
1788563805.6595,3322132,V,487,428,-1
1788563805.6595,3322140,V,522,459,-1
1788563805.7080,3322154,V,515,453,45159
1788563805.7081,3322162,V,526,462,-1
1788563805.7081,3322170,V,550,483,-1
1788563805.7081,3322178,V,514,452,-1
1788563805.7081,3322186,V,515,453,-1
1788563805.7081,3322194,V,520,457,-1
1788563805.7566,3322208,V,507,446,45160
1788563805.7567,3322216,V,495,435,-1
1788563805.7567,3322224,V,524,461,-1
1788563805.7567,3322232,V,529,465,-1
1788563805.7567,3322240,V,519,456,-1
1788563805.7567,3322248,V,506,445,-1
1788563805.8056,3322261,V,545,479,45161
1788563805.8056,3322269,V,496,436,-1
1788563805.8056,3322277,V,517,454,-1
1788563805.8056,3322285,V,526,462,-1
1788563805.8056,3322293,V,504,443,-1
1788563805.8056,3322301,V,501,440,-1
1788563805.8543,3322315,V,544,478,45162
1788563805.8545,3322323,V,517,454,-1
1788563805.8545,3322331,V,511,449,-1
1788563805.8545,3322339,V,529,465,-1
1788563805.8545,3322347,V,499,439,-1
1788563805.8546,3322355,V,507,446,-1
1788563805.9053,3322369,V,507,446,45163
1788563805.9053,3322377,V,513,451,-1
1788563805.9053,3322385,V,510,448,-1
1788563805.9053,3322393,V,525,461,-1
1788563805.9053,3322401,V,497,437,-1
1788563805.9053,3322409,V,528,464,-1
1788563805.9516,3322422,V,502,441,45164
1788563805.9517,3322430,V,534,469,-1
1788563805.9517,3322438,V,499,439,-1
1788563805.9517,3322446,V,514,452,-1
1788563805.9517,3322454,V,516,454,-1
1788563805.9517,3322462,V,515,453,-1
1788563806.0000,3322476,V,513,451,45165
1788563806.0001,3322484,V,493,433,-1
1788563806.0001,3322492,V,535,470,-1
1788563806.0001,3322500,V,490,431,-1
1788563806.0001,3322508,V,538,473,-1
1788563806.0001,3322516,V,542,476,-1
1788563806.0488,3322530,V,584,513,45166
1788563806.0488,3322538,V,536,471,-1
1788563806.0488,3322546,V,517,454,-1
1788563806.0488,3322554,V,520,457,-1
1788563806.0488,3322562,V,507,446,-1
1788563806.0488,3322570,V,499,439,-1
1788563806.1484,3322584,V,543,477,45167
1788563806.1485,3322592,V,518,455,-1
1788563806.1485,3322600,V,486,427,-1
1788563806.1485,3322608,V,515,453,-1
1788563806.1485,3322616,V,537,472,-1
1788563806.1485,3322624,V,506,445,-1
1788563806.2444,3322637,V,504,443,45168
1788563806.2444,3322645,V,520,457,-1
1788563806.2444,3322653,V,514,452,-1
1788563806.2444,3322661,V,537,472,-1
1788563806.2445,3322669,V,497,437,-1
1788563806.2445,3322677,V,488,429,-1
1788563806.2463,3322691,V,521,458,45169
1788563806.2463,3322699,V,532,468,-1
1788563806.2463,3322707,V,517,454,-1
1788563806.2463,3322715,V,510,448,-1
1788563806.2464,3322723,V,533,468,-1
1788563806.2464,3322731,V,499,439,-1
1788563806.2927,3322745,V,498,438,45170
1788563806.2927,3322753,V,499,439,-1
1788563806.2927,3322761,V,519,456,-1
1788563806.2927,3322769,V,549,483,-1
1788563806.2927,3322777,V,525,461,-1
1788563806.2927,3322785,V,511,449,-1
1788563806.3415,3322799,V,513,451,45171
1788563806.3415,3322807,V,497,437,-1
1788563806.3415,3322815,V,509,447,-1
1788563806.3415,3322823,V,519,456,-1
1788563806.3415,3322831,V,510,448,-1
1788563806.3415,3322839,V,500,439,-1
1788563806.3901,3322852,V,509,447,45172
1788563806.3902,3322860,V,503,442,-1
1788563806.3902,3322868,V,532,468,-1
1788563806.3903,3322876,V,512,450,-1
1788563806.3903,3322884,V,529,465,-1
1788563806.3903,3322892,V,507,446,-1
1788563806.4406,3322906,V,518,455,45173
1788563806.4406,3322914,V,515,453,-1
1788563806.4407,3322922,V,521,458,-1
1788563806.4407,3322930,V,509,447,-1
1788563806.4407,3322938,V,516,454,-1
1788563806.4407,3322946,V,487,428,-1
1788563806.4885,3322960,V,499,439,45174
1788563806.4885,3322968,V,547,481,-1
1788563806.4885,3322976,V,513,451,-1
1788563806.4885,3322984,V,507,446,-1
1788563806.4885,3322992,V,504,443,-1
1788563806.4885,3323000,V,515,453,-1
1788563806.5364,3323013,V,518,455,45175
1788563806.5364,3323021,V,533,468,-1
1788563806.5364,3323029,V,500,439,-1
1788563806.5364,3323037,V,523,460,-1
1788563806.5364,3323045,V,522,459,-1
1788563806.5364,3323053,V,500,439,-1
1788563806.6340,3323067,V,527,463,45176
1788563806.6341,3323075,V,477,419,-1
1788563806.6341,3323083,V,523,460,-1
1788563806.6341,3323091,V,522,459,-1
1788563806.6341,3323099,V,539,474,-1
1788563806.6341,3323107,V,484,425,-1
1788563806.6827,3323121,V,534,469,45177
1788563806.6828,3323129,V,513,451,-1
1788563806.6828,3323137,V,487,428,-1
1788563806.6828,3323145,V,509,447,-1
1788563806.6828,3323153,V,537,472,-1
1788563806.6828,3323161,V,536,471,-1
1788563806.7330,3323175,V,543,477,45178
1788563806.7330,3323183,V,476,418,-1
1788563806.7330,3323191,V,520,457,-1
1788563806.7330,3323199,V,510,448,-1
1788563806.7331,3323207,V,519,456,-1
1788563806.7331,3323215,V,530,466,-1
1788563806.7808,3323228,V,499,439,45179
1788563806.7808,3323236,V,533,468,-1
1788563806.7808,3323244,V,498,438,-1
1788563806.7809,3323252,V,525,461,-1
1788563806.7809,3323260,V,515,453,-1
1788563806.7809,3323268,V,497,437,-1
1788563806.8290,3323282,V,504,443,45180
1788563806.8290,3323290,V,502,441,-1
1788563806.8290,3323298,V,529,465,-1
1788563806.8291,3323306,V,495,435,-1
1788563806.8291,3323314,V,525,461,-1
1788563806.8291,3323322,V,524,461,-1
1788563806.8776,3323336,V,525,461,45181
1788563806.8777,3323344,V,507,446,-1
1788563806.8778,3323352,V,531,467,-1
1788563806.8778,3323360,V,525,461,-1
1788563806.8778,3323368,V,486,427,-1
1788563806.8778,3323376,V,520,457,-1
1788563806.9282,3323389,V,520,457,45182
1788563806.9282,3323397,V,520,457,-1
1788563806.9282,3323405,V,544,478,-1
1788563806.9283,3323413,V,524,461,-1
1788563806.9283,3323421,V,522,459,-1
1788563806.9283,3323429,V,537,472,-1
1788563806.9753,3323443,V,508,446,45183
1788563806.9753,3323451,V,510,448,-1
1788563806.9753,3323459,V,525,461,-1
1788563806.9753,3323467,V,532,468,-1
1788563806.9753,3323475,V,532,468,-1
1788563806.9753,3323483,V,500,439,-1
1788563807.0257,3323497,V,499,439,45184
1788563807.0257,3323505,V,516,454,-1
1788563807.0257,3323513,V,541,475,-1
1788563807.0257,3323521,V,498,438,-1
1788563807.0257,3323529,V,527,463,-1
1788563807.0257,3323537,V,533,468,-1
1788563807.0723,3323551,V,507,446,45185
1788563807.0723,3323559,V,488,429,-1
1788563807.0723,3323567,V,537,472,-1
1788563807.0723,3323575,V,494,434,-1
1788563807.0723,3323583,V,529,465,-1
1788563807.0723,3323591,V,532,468,-1
1788563807.1216,3323604,V,524,461,45186
1788563807.1217,3323612,V,510,448,-1
1788563807.1217,3323620,V,508,446,-1
1788563807.1217,3323628,V,523,460,-1
1788563807.1217,3323636,V,514,452,-1
1788563807.1217,3323644,V,499,439,-1
1788563807.2190,3323658,V,502,441,45187
1788563807.2190,3323666,V,514,452,-1
1788563807.2190,3323674,V,493,433,-1
1788563807.2191,3323682,V,490,431,-1
1788563807.2191,3323690,V,495,435,-1
1788563807.2191,3323698,V,523,460,-1
1788563807.2678,3323712,V,533,468,45188
1788563807.2678,3323720,V,514,452,-1
1788563807.2678,3323728,V,511,449,-1
1788563807.2678,3323736,V,518,455,-1
1788563807.2678,3323744,V,516,454,-1
1788563807.2678,3323752,V,510,448,-1
1788563807.3162,3323765,V,530,466,45189
1788563807.3162,3323773,V,508,446,-1
1788563807.3162,3323781,V,504,443,-1
1788563807.3162,3323789,V,499,439,-1
1788563807.3162,3323797,V,488,429,-1
1788563807.3162,3323805,V,529,465,-1
1788563807.3665,3323819,V,509,447,45190
1788563807.3666,3323827,V,531,467,-1
1788563807.3666,3323835,V,547,481,-1
1788563807.3667,3323843,V,552,485,-1
1788563807.3667,3323851,V,514,452,-1
1788563807.3667,3323859,V,511,449,-1
1788563807.4158,3323873,V,488,429,45191
1788563807.4159,3323881,V,528,464,-1
1788563807.4159,3323889,V,472,415,-1
1788563807.4159,3323897,V,530,466,-1
1788563807.4159,3323905,V,503,442,-1
1788563807.4159,3323913,V,495,435,-1
1788563807.4629,3323927,V,528,464,45192
1788563807.4629,3323935,V,497,437,-1
1788563807.4629,3323943,V,507,446,-1
1788563807.4630,3323951,V,501,440,-1
1788563807.4630,3323959,V,538,473,-1
1788563807.4630,3323967,V,514,452,-1
1788563807.5606,3323980,V,536,471,45193
1788563807.5607,3323988,V,514,452,-1
1788563807.5607,3323996,V,507,446,-1
1788563807.5607,3324004,V,526,462,-1
1788563807.5607,3324012,V,526,462,-1
1788563807.5607,3324020,V,522,459,-1
1788563807.5615,3324034,V,521,458,45194
1788563807.5615,3324042,V,517,454,-1
1788563807.5616,3324050,V,527,463,-1
1788563807.5616,3324058,V,527,463,-1
1788563807.5616,3324066,V,524,461,-1
1788563807.5616,3324074,V,517,454,-1
1788563807.6092,3324088,V,499,439,45195
1788563807.6093,3324096,V,513,451,-1
1788563807.6093,3324104,V,513,451,-1
1788563807.6093,3324112,V,508,446,-1
1788563807.6093,3324120,V,516,454,-1
1788563807.6093,3324128,V,494,434,-1
1788563807.6582,3324142,V,520,457,45196
1788563807.6582,3324150,V,512,450,-1
1788563807.6582,3324158,V,492,432,-1
1788563807.6582,3324166,V,506,445,-1
1788563807.6582,3324174,V,520,457,-1
1788563807.6582,3324182,V,504,443,-1
1788563807.7555,3324195,V,485,426,45197
1788563807.7555,3324203,V,493,433,-1
1788563807.7555,3324211,V,486,427,-1
1788563807.7555,3324219,V,520,457,-1
1788563807.7555,3324227,V,503,442,-1
1788563807.7555,3324235,V,520,457,-1
1788563807.8054,3324249,V,518,455,45198
1788563807.8054,3324257,V,540,475,-1
1788563807.8055,3324265,V,496,436,-1
1788563807.8055,3324273,V,496,436,-1
1788563807.8055,3324281,V,545,479,-1
1788563807.8055,3324289,V,508,446,-1
1788563807.8533,3324303,V,517,454,45199
1788563807.8535,3324311,V,530,466,-1
1788563807.8535,3324319,V,536,471,-1
1788563807.8535,3324327,V,502,441,-1
1788563807.8535,3324335,V,507,446,-1
1788563807.8535,3324343,V,501,440,-1
1788563807.9020,3324357,V,529,465,45200
1788563807.9020,3324365,V,535,470,-1
1788563807.9020,3324373,V,493,433,-1
1788563807.9020,3324381,V,483,425,-1
1788563807.9021,3324389,V,497,437,-1
1788563807.9021,3324397,V,513,451,-1
1788563807.9522,3324410,V,495,435,45201
1788563807.9522,3324418,V,517,454,-1
1788563807.9522,3324426,V,508,446,-1
1788563807.9522,3324434,V,499,439,-1
1788563807.9522,3324442,V,521,458,-1
1788563807.9522,3324450,V,506,445,-1
1788563808.0015,3324464,V,509,447,45202
1788563808.0016,3324472,V,518,455,-1
1788563808.0016,3324480,V,514,452,-1
1788563808.0016,3324488,V,525,461,-1
1788563808.0016,3324496,V,503,442,-1
1788563808.0016,3324504,V,535,470,-1
1788563808.0491,3324518,V,511,449,45203
1788563808.0492,3324526,V,538,473,-1
1788563808.0492,3324534,V,495,435,-1
1788563808.0492,3324542,V,515,453,-1
1788563808.0492,3324550,V,492,432,-1
1788563808.0492,3324558,V,516,454,-1
1788563808.0968,3324572,V,511,449,45204
1788563808.0969,3324580,V,503,442,-1
1788563808.0969,3324588,V,500,439,-1
1788563808.0969,3324596,V,537,472,-1
1788563808.0969,3324604,V,509,447,-1
1788563808.0970,3324612,V,519,456,-1
1788563808.1468,3324625,V,525,461,45205
1788563808.1468,3324633,V,517,454,-1
1788563808.1468,3324641,V,542,476,-1
1788563808.1468,3324649,V,503,442,-1
1788563808.1468,3324657,V,514,452,-1
1788563808.1468,3324665,V,535,470,-1
1788563808.2453,3324679,V,515,453,45206
1788563808.2453,3324687,V,524,461,-1
1788563808.2453,3324695,V,543,477,-1
1788563808.2453,3324703,V,495,435,-1
1788563808.2453,3324711,V,489,430,-1
1788563808.2453,3324719,V,551,484,-1
1788563808.2937,3324733,V,542,476,45207
1788563808.2937,3324741,V,534,469,-1
1788563808.2938,3324749,V,493,433,-1
1788563808.2938,3324757,V,509,447,-1
1788563808.2938,3324765,V,513,451,-1
1788563808.2938,3324773,V,517,454,-1
1788563808.3406,3324786,V,522,459,45208
1788563808.3408,3324794,V,508,446,-1
1788563808.3408,3324802,V,497,437,-1
1788563808.3408,3324810,V,506,445,-1
1788563808.3408,3324818,V,508,446,-1
1788563808.3408,3324826,V,466,410,-1
1788563808.3896,3324840,V,515,453,45209
1788563808.3897,3324848,V,538,473,-1
1788563808.3897,3324856,V,503,442,-1
1788563808.3897,3324864,V,515,453,-1
1788563808.3897,3324872,V,492,432,-1
1788563808.3897,3324880,V,498,438,-1
1788563808.4380,3324894,V,524,461,45210
1788563808.4380,3324902,V,501,440,-1
1788563808.4380,3324910,V,519,456,-1
1788563808.4380,3324918,V,519,456,-1
1788563808.4380,3324926,V,533,468,-1
1788563808.4380,3324934,V,470,413,-1
1788563808.4867,3324948,V,512,450,45211
1788563808.4867,3324956,V,531,467,-1
1788563808.4867,3324964,V,526,462,-1
1788563808.4867,3324972,V,507,446,-1
1788563808.4867,3324980,V,522,459,-1
1788563808.4867,3324988,V,532,468,-1
1788563808.5374,3325001,V,499,439,45212
1788563808.5374,3325009,V,526,462,-1
1788563808.5374,3325017,V,514,452,-1
1788563808.5374,3325025,V,512,450,-1
1788563808.5374,3325033,V,523,460,-1
1788563808.5374,3325041,V,521,458,-1
1788563808.5849,3325055,V,538,473,45213
1788563808.5850,3325063,V,517,454,-1
1788563808.5850,3325071,V,520,457,-1
1788563808.5850,3325079,V,538,473,-1
1788563808.5850,3325087,V,513,451,-1
1788563808.5850,3325095,V,519,456,-1
1788563808.6339,3325109,V,546,480,45214
1788563808.6339,3325117,V,510,448,-1
1788563808.6339,3325125,V,522,459,-1
1788563808.6339,3325133,V,499,439,-1
1788563808.6339,3325141,V,533,468,-1
1788563808.6339,3325149,V,537,472,-1
1788563808.6830,3325163,V,512,450,45215
1788563808.6830,3325171,V,518,455,-1
1788563808.6830,3325179,V,508,446,-1
1788563808.6830,3325187,V,516,454,-1
1788563808.6830,3325195,V,503,442,-1
1788563808.6830,3325203,V,494,434,-1
1788563808.7795,3325216,V,534,469,45216
1788563808.7795,3325224,V,513,451,-1
1788563808.7795,3325232,V,536,471,-1
1788563808.7795,3325240,V,496,436,-1
1788563808.7795,3325248,V,549,483,-1
1788563808.7795,3325256,V,523,460,-1
1788563808.8300,3325270,V,490,431,45217
1788563808.8301,3325278,V,517,454,-1
1788563808.8302,3325286,V,498,438,-1
1788563808.8302,3325294,V,534,469,-1
1788563808.8302,3325302,V,526,462,-1
1788563808.8302,3325310,V,505,444,-1
1788563808.8777,3325324,V,523,460,45218
1788563808.8777,3325332,V,501,440,-1
1788563808.8777,3325340,V,508,446,-1
1788563808.8777,3325348,V,485,426,-1
1788563808.8778,3325356,V,504,443,-1
1788563808.8778,3325364,V,511,449,-1
1788563808.9269,3325378,V,503,442,45219
1788563808.9269,3325386,V,520,457,-1
1788563808.9269,3325394,V,511,449,-1
1788563808.9269,3325402,V,519,456,-1
1788563808.9269,3325410,V,507,446,-1
1788563808.9269,3325418,V,536,471,-1
1788563808.9751,3325431,V,504,443,45220
1788563808.9751,3325439,V,524,461,-1
1788563808.9751,3325447,V,519,456,-1
1788563808.9751,3325455,V,527,463,-1
1788563808.9751,3325463,V,480,422,-1
1788563808.9751,3325471,V,521,458,-1
1788563809.0240,3325485,V,538,473,45221
1788563809.0240,3325493,V,530,466,-1
1788563809.0240,3325501,V,521,458,-1
1788563809.0240,3325509,V,522,459,-1
1788563809.0240,3325517,V,504,443,-1
1788563809.0240,3325525,V,506,445,-1
1788563809.0727,3325539,V,514,452,45222
1788563809.0728,3325547,V,525,461,-1
1788563809.0728,3325555,V,510,448,-1
1788563809.0728,3325563,V,512,450,-1
1788563809.0728,3325571,V,521,458,-1
1788563809.0728,3325579,V,495,435,-1
1788563809.1238,3325593,V,517,454,45223
1788563809.1238,3325601,V,505,444,-1
1788563809.1238,3325609,V,523,460,-1
1788563809.1238,3325617,V,507,446,-1
1788563809.1238,3325625,V,509,447,-1
1788563809.1238,3325633,V,489,430,-1
1788563809.1727,3325646,V,514,452,45224
1788563809.1727,3325654,V,518,455,-1
1788563809.1727,3325662,V,502,441,-1
1788563809.1727,3325670,V,506,445,-1
1788563809.1727,3325678,V,506,445,-1
1788563809.1727,3325686,V,485,426,-1
1788563809.2670,3325700,V,521,458,45225
1788563809.2670,3325708,V,507,446,-1
1788563809.2671,3325716,V,492,432,-1
1788563809.2671,3325724,V,514,452,-1
1788563809.2671,3325732,V,519,456,-1
1788563809.2671,3325740,V,540,475,-1
1788563809.3154,3325754,V,524,461,45226
1788563809.3155,3325762,V,511,449,-1
1788563809.3155,3325770,V,504,443,-1
1788563809.3155,3325778,V,480,422,-1
1788563809.3155,3325786,V,500,439,-1
1788563809.3155,3325794,V,507,446,-1
1788563809.3646,3325808,V,517,454,45227
1788563809.3647,3325816,V,526,462,-1
1788563809.3647,3325824,V,527,463,-1
1788563809.3647,3325832,V,505,444,-1
1788563809.3647,3325840,V,497,437,-1
1788563809.3647,3325848,V,504,443,-1
1788563809.4133,3325861,V,492,432,45228
1788563809.4133,3325869,V,483,425,-1
1788563809.4133,3325877,V,516,454,-1
1788563809.4133,3325885,V,504,443,-1
1788563809.4133,3325893,V,540,475,-1
1788563809.4133,3325901,V,504,443,-1
1788563809.4629,3325915,V,501,440,45229
1788563809.4629,3325923,V,519,456,-1
1788563809.4629,3325931,V,498,438,-1
1788563809.4629,3325939,V,538,473,-1
1788563809.4629,3325947,V,508,446,-1
1788563809.4629,3325955,V,497,437,-1
1788563809.5116,3325969,V,531,467,45230
1788563809.5117,3325977,V,498,438,-1
1788563809.5117,3325985,V,515,453,-1
1788563809.5117,3325993,V,517,454,-1
1788563809.5117,3326001,V,519,456,-1
1788563809.5117,3326009,V,503,442,-1
1788563809.5594,3326023,V,508,446,45231
1788563809.5596,3326031,V,522,459,-1
1788563809.5596,3326039,V,489,430,-1
1788563809.5596,3326047,V,528,464,-1
1788563809.5596,3326055,V,521,458,-1
1788563809.5597,3326063,V,510,448,-1
1788563809.6083,3326076,V,508,446,45232
1788563809.6084,3326084,V,494,434,-1
1788563809.6084,3326092,V,507,446,-1
1788563809.6084,3326100,V,523,460,-1
1788563809.6084,3326108,V,515,453,-1
1788563809.6084,3326116,V,543,477,-1
1788563809.6578,3326130,V,510,448,45233
1788563809.6578,3326138,V,521,458,-1
1788563809.6578,3326146,V,511,449,-1
1788563809.6578,3326154,V,527,463,-1
1788563809.6578,3326162,V,510,448,-1
1788563809.6578,3326170,V,493,433,-1
1788563809.7064,3326184,V,519,456,45234
1788563809.7064,3326192,V,499,439,-1
1788563809.7064,3326200,V,507,446,-1
1788563809.7064,3326208,V,509,447,-1
1788563809.7064,3326216,V,516,454,-1
1788563809.7064,3326224,V,539,474,-1
1788563809.7557,3326237,V,527,463,45235
1788563809.7557,3326245,V,502,441,-1
1788563809.7558,3326253,V,500,439,-1
1788563809.7558,3326261,V,499,439,-1
1788563809.7558,3326269,V,530,466,-1
1788563809.7558,3326277,V,507,446,-1
1788563809.8520,3326291,V,536,471,45236
1788563809.8521,3326299,V,517,454,-1
1788563809.8523,3326307,V,526,462,-1
1788563809.8523,3326315,V,517,454,-1
1788563809.8523,3326323,V,521,458,-1
1788563809.8524,3326331,V,507,446,-1
1788563809.9008,3326345,V,509,447,45237
1788563809.9008,3326353,V,514,452,-1
1788563809.9008,3326361,V,533,468,-1
1788563809.9008,3326369,V,515,453,-1
1788563809.9009,3326377,V,527,463,-1
1788563809.9009,3326385,V,535,470,-1
1788563809.9510,3326399,V,525,461,45238
1788563809.9510,3326407,V,496,436,-1
1788563809.9510,3326415,V,515,453,-1
1788563809.9510,3326423,V,512,450,-1
1788563809.9510,3326431,V,524,461,-1
1788563809.9510,3326439,V,506,445,-1
1788563809.9980,3326453,V,505,444,45239
1788563809.9980,3326461,V,513,451,-1
1788563809.9980,3326469,V,521,458,-1
1788563809.9980,3326477,V,507,446,-1
1788563809.9980,3326485,V,505,444,-1
1788563809.9980,3326493,V,498,438,-1
1788563810.0482,3326506,V,499,439,45240
1788563810.0482,3326514,V,519,456,-1
1788563810.0482,3326522,V,492,432,-1
1788563810.0482,3326530,V,533,468,-1
1788563810.0483,3326538,V,503,442,-1
1788563810.0483,3326546,V,521,458,-1
1788563810.0973,3326560,V,525,461,45241
1788563810.0974,3326568,V,510,448,-1
1788563810.0974,3326576,V,506,445,-1
1788563810.0974,3326584,V,501,440,-1
1788563810.0975,3326592,V,511,449,-1
1788563810.0975,3326600,V,504,443,-1
1788563810.1441,3326614,V,502,441,45242
1788563810.1441,3326622,V,533,468,-1
1788563810.1442,3326630,V,508,446,-1
1788563810.1442,3326638,V,532,468,-1
1788563810.1442,3326646,V,527,463,-1
1788563810.1442,3326654,V,538,473,-1
1788563810.1928,3326667,V,518,455,45243
1788563810.1928,3326675,V,500,439,-1
1788563810.1928,3326683,V,508,446,-1
1788563810.1928,3326691,V,496,436,-1
1788563810.1928,3326699,V,512,450,-1
1788563810.1928,3326707,V,486,427,-1
1788563810.2425,3326721,V,506,445,45244
1788563810.2425,3326729,V,524,461,-1
1788563810.2425,3326737,V,537,472,-1
1788563810.2425,3326745,V,492,432,-1
1788563810.2425,3326753,V,541,475,-1
1788563810.2425,3326761,V,538,473,-1
1788563810.3409,3326775,V,526,462,45245
1788563810.3410,3326783,V,514,452,-1
1788563810.3411,3326791,V,499,439,-1
1788563810.3411,3326799,V,522,459,-1
1788563810.3411,3326807,V,532,468,-1
1788563810.3411,3326815,V,560,492,-1
1788563810.4365,3326829,V,505,444,45246
1788563810.4365,3326837,V,520,457,-1
1788563810.4365,3326845,V,512,450,-1
1788563810.4365,3326853,V,519,456,-1
1788563810.4365,3326861,V,501,440,-1
1788563810.4365,3326869,V,524,461,-1
1788563810.4378,3326882,V,477,419,45247
1788563810.4379,3326890,V,532,468,-1
1788563810.4379,3326898,V,541,475,-1
1788563810.4379,3326906,V,500,439,-1
1788563810.4379,3326914,V,524,461,-1
1788563810.4379,3326922,V,497,437,-1
1788563810.4853,3326936,V,515,453,45248
1788563810.4854,3326944,V,535,470,-1
1788563810.4854,3326952,V,524,461,-1
1788563810.4854,3326960,V,519,456,-1
1788563810.4854,3326968,V,525,461,-1
1788563810.4854,3326976,V,512,450,-1
1788563810.5340,3326990,V,489,430,45249
1788563810.5341,3326998,V,510,448,-1
1788563810.5341,3327006,V,505,444,-1
1788563810.5341,3327014,V,509,447,-1
1788563810.5341,3327022,V,512,450,-1
1788563810.5341,3327030,V,501,440,-1
1788563810.5828,3327044,V,503,442,45250
1788563810.5829,3327052,V,552,485,-1
1788563810.5830,3327060,V,540,475,-1
1788563810.5830,3327068,V,533,468,-1
1788563810.5830,3327076,V,530,466,-1
1788563810.5830,3327084,V,528,464,-1
1788563810.6318,3327097,V,501,440,45251
1788563810.6318,3327105,V,525,461,-1
1788563810.6318,3327113,V,517,454,-1
1788563810.6318,3327121,V,496,436,-1
1788563810.6318,3327129,V,514,452,-1
1788563810.6318,3327137,V,511,449,-1
1788563810.6807,3327151,V,499,439,45252
1788563810.6807,3327159,V,529,465,-1
1788563810.6807,3327167,V,510,448,-1
1788563810.6807,3327175,V,539,474,-1
1788563810.6807,3327183,V,504,443,-1
1788563810.6807,3327191,V,516,454,-1
1788563810.7290,3327205,V,512,450,45253
1788563810.7291,3327213,V,493,433,-1
1788563810.7291,3327221,V,525,461,-1
1788563810.7291,3327229,V,480,422,-1
1788563810.7291,3327237,V,491,432,-1
1788563810.7291,3327245,V,495,435,-1
1788563810.8265,3327259,V,569,500,45254
1788563810.8266,3327267,V,505,444,-1
1788563810.8266,3327275,V,508,446,-1
1788563810.8266,3327283,V,515,453,-1
1788563810.8266,3327291,V,523,460,-1
1788563810.8266,3327299,V,549,483,-1
1788563810.8754,3327312,V,503,442,45255
1788563810.8755,3327320,V,532,468,-1
1788563810.8755,3327328,V,504,443,-1
1788563810.8755,3327336,V,515,453,-1
1788563810.8755,3327344,V,483,425,-1
1788563810.8755,3327352,V,513,451,-1
1788563810.9252,3327366,V,516,454,45256
1788563810.9252,3327374,V,530,466,-1
1788563810.9252,3327382,V,504,443,-1
1788563810.9252,3327390,V,517,454,-1
1788563810.9252,3327398,V,523,460,-1
1788563810.9252,3327406,V,491,432,-1
1788563810.9744,3327420,V,515,453,45257
1788563810.9744,3327428,V,531,467,-1
1788563810.9744,3327436,V,484,425,-1
1788563810.9744,3327444,V,505,444,-1
1788563810.9744,3327452,V,478,420,-1
1788563810.9744,3327460,V,496,436,-1
1788563811.0214,3327473,V,503,442,45258
1788563811.0215,3327481,V,549,483,-1
1788563811.0215,3327489,V,492,432,-1
1788563811.0215,3327497,V,541,475,-1
1788563811.0215,3327505,V,517,454,-1
1788563811.0215,3327513,V,510,448,-1
1788563811.0709,3327527,V,499,439,45259
1788563811.0710,3327535,V,521,458,-1
1788563811.0710,3327543,V,490,431,-1
1788563811.0710,3327551,V,525,461,-1
1788563811.0710,3327559,V,507,446,-1
1788563811.0710,3327567,V,505,444,-1
1788563811.1189,3327581,V,507,446,45260
1788563811.1189,3327589,V,538,473,-1
1788563811.1189,3327597,V,528,464,-1
1788563811.1189,3327605,V,508,446,-1
1788563811.1189,3327613,V,522,459,-1
1788563811.1189,3327621,V,548,482,-1
1788563811.1675,3327635,V,498,438,45261
1788563811.1675,3327643,V,490,431,-1
1788563811.1675,3327651,V,500,439,-1
1788563811.1675,3327659,V,524,461,-1
1788563811.1675,3327667,V,494,434,-1
1788563811.1675,3327675,V,501,440,-1
1788563811.2184,3327688,V,509,447,45262
1788563811.2184,3327696,V,560,492,-1
1788563811.2184,3327704,V,533,468,-1
1788563811.2184,3327712,V,514,452,-1
1788563811.2184,3327720,V,506,445,-1
1788563811.2184,3327728,V,526,462,-1
1788563811.2669,3327742,V,543,477,45263
1788563811.2669,3327750,V,520,457,-1
1788563811.2670,3327758,V,507,446,-1
1788563811.2670,3327766,V,524,461,-1
1788563811.2670,3327774,V,525,461,-1
1788563811.2670,3327782,V,515,453,-1
1788563811.3141,3327796,V,502,441,45264
1788563811.3142,3327804,V,482,424,-1
1788563811.3142,3327812,V,519,456,-1
1788563811.3142,3327820,V,498,438,-1
1788563811.3142,3327828,V,508,446,-1
1788563811.3143,3327836,V,524,461,-1
1788563811.4125,3327849,V,490,431,45265
1788563811.4125,3327857,V,516,454,-1
1788563811.4125,3327865,V,543,477,-1
1788563811.4125,3327873,V,517,454,-1
1788563811.4125,3327881,V,490,431,-1
1788563811.4125,3327889,V,507,446,-1
1788563811.4608,3327903,V,500,439,45266
1788563811.4608,3327911,V,538,473,-1
1788563811.4608,3327919,V,506,445,-1
1788563811.4608,3327927,V,510,448,-1
1788563811.4608,3327935,V,495,435,-1
1788563811.4608,3327943,V,529,465,-1
1788563811.5092,3327957,V,518,455,45267
1788563811.5092,3327965,V,521,458,-1
1788563811.5092,3327973,V,509,447,-1
1788563811.5092,3327981,V,528,464,-1
1788563811.5093,3327989,V,527,463,-1
1788563811.5093,3327997,V,507,446,-1
1788563811.5599,3328011,V,525,461,45268
1788563811.5600,3328019,V,489,430,-1
1788563811.5600,3328027,V,530,466,-1
1788563811.5600,3328035,V,498,438,-1
1788563811.5601,3328043,V,525,461,-1
1788563811.5601,3328051,V,513,451,-1
1788563811.6089,3328064,V,514,452,45269
1788563811.6090,3328072,V,519,456,-1
1788563811.6090,3328080,V,505,444,-1
1788563811.6090,3328088,V,519,456,-1
1788563811.6091,3328096,V,530,466,-1
1788563811.6091,3328104,V,535,470,-1
1788563811.6556,3328118,V,530,466,45270
1788563811.6556,3328126,V,507,446,-1
1788563811.6557,3328134,V,551,484,-1
1788563811.6557,3328142,V,512,450,-1
1788563811.6557,3328150,V,519,456,-1
1788563811.6557,3328158,V,518,455,-1
1788563811.7042,3328172,V,509,447,45271
1788563811.7043,3328180,V,543,477,-1
1788563811.7043,3328188,V,521,458,-1
1788563811.7043,3328196,V,511,449,-1
1788563811.7043,3328204,V,511,449,-1
1788563811.7043,3328212,V,523,460,-1
1788563811.7533,3328225,V,491,432,45272
1788563811.7533,3328233,V,523,460,-1
1788563811.7533,3328241,V,506,445,-1
1788563811.7533,3328249,V,511,449,-1
1788563811.7533,3328257,V,523,460,-1
1788563811.7533,3328265,V,523,460,-1
1788563811.8019,3328279,V,524,461,45273
1788563811.8020,3328287,V,493,433,-1
1788563811.8020,3328295,V,504,443,-1
1788563811.8021,3328303,V,519,456,-1
1788563811.8021,3328311,V,511,449,-1
1788563811.8021,3328319,V,519,456,-1
1788563811.8524,3328333,V,499,439,45274
1788563811.8524,3328341,V,537,472,-1
1788563811.8525,3328349,V,508,446,-1
1788563811.8525,3328357,V,517,454,-1
1788563811.8525,3328365,V,529,465,-1
1788563811.8525,3328373,V,496,436,-1
1788563811.9495,3328387,V,526,462,45275
1788563811.9496,3328395,V,507,446,-1
1788563811.9496,3328403,V,516,454,-1
1788563811.9496,3328411,V,515,453,-1
1788563811.9496,3328419,V,540,475,-1
1788563811.9496,3328427,V,498,438,-1
1788563811.9971,3328440,V,482,424,45276
1788563811.9972,3328448,V,499,439,-1
1788563811.9972,3328456,V,529,465,-1
1788563811.9972,3328464,V,523,460,-1
1788563811.9972,3328472,V,513,451,-1
1788563811.9972,3328480,V,526,462,-1
1788563812.0948,3328494,V,501,440,45277
1788563812.0950,3328502,V,516,454,-1
1788563812.0950,3328510,V,509,447,-1
1788563812.0952,3328518,V,493,433,-1
1788563812.0952,3328526,V,482,424,-1
1788563812.0952,3328534,V,517,454,-1
1788563812.1444,3328548,V,526,462,45278
1788563812.1444,3328556,V,520,457,-1
1788563812.1444,3328564,V,507,446,-1
1788563812.1444,3328572,V,537,472,-1
1788563812.1444,3328580,V,522,459,-1
1788563812.1444,3328588,V,512,450,-1
1788563812.1448,3328602,V,514,452,45279
1788563812.1448,3328610,V,493,433,-1
1788563812.1448,3328618,V,485,426,-1
1788563812.1448,3328626,V,508,446,-1
1788563812.1449,3328634,V,523,460,-1
1788563812.1449,3328642,V,508,446,-1
1788563812.1939,3328655,V,502,441,45280
1788563812.1940,3328663,V,506,445,-1
1788563812.1940,3328671,V,521,458,-1
1788563812.1940,3328679,V,513,451,-1
1788563812.1940,3328687,V,520,457,-1
1788563812.1940,3328695,V,506,445,-1
1788563812.2408,3328709,V,517,454,45281
1788563812.2408,3328717,V,524,461,-1
1788563812.2408,3328725,V,531,467,-1
1788563812.2408,3328733,V,534,469,-1
1788563812.2408,3328741,V,485,426,-1
1788563812.2408,3328749,V,530,466,-1
1788563812.2895,3328763,V,525,461,45282
1788563812.2895,3328771,V,510,448,-1
1788563812.2895,3328779,V,494,434,-1
1788563812.2895,3328787,V,510,448,-1
1788563812.2895,3328795,V,535,470,-1
1788563812.2895,3328803,V,489,430,-1
1788563812.3384,3328816,V,513,451,45283
1788563812.3386,3328824,V,495,435,-1
1788563812.3386,3328832,V,539,474,-1
1788563812.3386,3328840,V,543,477,-1
1788563812.3386,3328848,V,535,470,-1
1788563812.3386,3328856,V,516,454,-1
1788563812.3873,3328870,V,526,462,45284
1788563812.3873,3328878,V,474,417,-1
1788563812.3873,3328886,V,530,466,-1
1788563812.3873,3328894,V,527,463,-1
1788563812.3873,3328902,V,524,461,-1
1788563812.3873,3328910,V,500,439,-1
1788563812.4856,3328924,V,526,462,45285
1788563812.4856,3328932,V,506,445,-1
1788563812.4856,3328940,V,532,468,-1
1788563812.4856,3328948,V,514,452,-1
1788563812.4857,3328956,V,517,454,-1
1788563812.4857,3328964,V,526,462,-1
1788563812.5331,3328978,V,532,468,45286
1788563812.5332,3328986,V,510,448,-1
1788563812.5332,3328994,V,520,457,-1
1788563812.5332,3329002,V,522,459,-1
1788563812.5332,3329010,V,555,488,-1
1788563812.5332,3329018,V,519,456,-1
1788563812.5820,3329032,V,510,448,45287
1788563812.5821,3329040,V,493,433,-1
1788563812.5821,3329048,V,508,446,-1
1788563812.5821,3329056,V,499,439,-1
1788563812.5821,3329064,V,522,459,-1
1788563812.5822,3329072,V,510,448,-1
1788563812.6307,3329085,V,515,453,45288
1788563812.6307,3329093,V,523,460,-1
1788563812.6308,3329101,V,517,454,-1
1788563812.6308,3329109,V,539,474,-1
1788563812.6308,3329117,V,512,450,-1
1788563812.6308,3329125,V,499,439,-1
1788563812.6797,3329139,V,512,450,45289
1788563812.6797,3329147,V,526,462,-1
1788563812.6797,3329155,V,524,461,-1
1788563812.6797,3329163,V,523,460,-1
1788563812.6798,3329171,V,504,443,-1
1788563812.6798,3329179,V,520,457,-1
1788563812.7282,3329193,V,516,454,45290
1788563812.7282,3329201,V,515,453,-1
1788563812.7282,3329209,V,512,450,-1
1788563812.7282,3329217,V,519,456,-1
1788563812.7283,3329225,V,518,455,-1
1788563812.7283,3329233,V,495,435,-1
1788563812.7789,3329246,V,508,446,45291
1788563812.7789,3329254,V,537,472,-1
1788563812.7789,3329262,V,515,453,-1
1788563812.7789,3329270,V,506,445,-1
1788563812.7789,3329278,V,538,473,-1
1788563812.7789,3329286,V,502,441,-1
1788563812.8260,3329300,V,509,447,45292
1788563812.8262,3329308,V,547,481,-1
1788563812.8262,3329316,V,504,443,-1
1788563812.8262,3329324,V,513,451,-1
1788563812.8263,3329332,V,508,446,-1
1788563812.8263,3329340,V,515,453,-1
1788563812.8747,3329354,V,498,438,45293
1788563812.8747,3329362,V,534,469,-1
1788563812.8747,3329370,V,512,450,-1
1788563812.8747,3329378,V,512,450,-1
1788563812.8747,3329386,V,505,444,-1
1788563812.8747,3329394,V,548,482,-1
1788563812.9734,3329408,V,516,454,45294
1788563812.9734,3329416,V,530,466,-1
1788563812.9734,3329424,V,489,430,-1
1788563812.9734,3329432,V,491,432,-1
1788563812.9734,3329440,V,518,455,-1
1788563812.9734,3329448,V,570,501,-1
1788563813.0221,3329461,V,521,458,45295
1788563813.0221,3329469,V,519,456,-1
1788563813.0221,3329477,V,522,459,-1
1788563813.0222,3329485,V,499,439,-1
1788563813.0222,3329493,V,518,455,-1
1788563813.0222,3329501,V,518,455,-1
1788563813.0691,3329515,V,503,442,45296
1788563813.0692,3329523,V,505,444,-1
1788563813.0692,3329531,V,507,446,-1
1788563813.0692,3329539,V,525,461,-1
1788563813.0692,3329547,V,523,460,-1
1788563813.0692,3329555,V,520,457,-1
1788563813.1198,3329569,V,515,453,45297
1788563813.1198,3329577,V,517,454,-1
1788563813.1198,3329585,V,522,459,-1
1788563813.1198,3329593,V,516,454,-1
1788563813.1198,3329601,V,533,468,-1
1788563813.1198,3329609,V,525,461,-1
1788563813.1666,3329623,V,499,439,45298
1788563813.1666,3329631,V,507,446,-1
1788563813.1666,3329639,V,508,446,-1
1788563813.1666,3329647,V,512,450,-1
1788563813.1666,3329655,V,526,462,-1
1788563813.1667,3329663,V,516,454,-1
1788563813.2642,3329676,V,511,449,45299
1788563813.2642,3329684,V,515,453,-1
1788563813.2642,3329692,V,521,458,-1
1788563813.2643,3329700,V,495,435,-1
1788563813.2643,3329708,V,498,438,-1
1788563813.2643,3329716,V,500,439,-1
1788563813.2655,3329730,V,515,453,45300
1788563813.2655,3329738,V,516,454,-1
1788563813.2655,3329746,V,510,448,-1
1788563813.2655,3329754,V,504,443,-1
1788563813.2655,3329762,V,519,456,-1
1788563813.2655,3329770,V,505,444,-1
1788563813.3128,3329784,V,534,469,45301
1788563813.3129,3329792,V,542,476,-1
1788563813.3129,3329800,V,521,458,-1
1788563813.3129,3329808,V,505,444,-1
1788563813.3129,3329816,V,534,469,-1
1788563813.3129,3329824,V,522,459,-1
1788563813.3631,3329837,V,515,453,45302
1788563813.3631,3329845,V,513,451,-1
1788563813.3631,3329853,V,505,444,-1
1788563813.3631,3329861,V,522,459,-1
1788563813.3632,3329869,V,513,451,-1
1788563813.3632,3329877,V,529,465,-1
1788563813.4115,3329891,V,517,454,45303
1788563813.4116,3329899,V,494,434,-1
1788563813.4116,3329907,V,505,444,-1
1788563813.4116,3329915,V,515,453,-1
1788563813.4116,3329923,V,515,453,-1
1788563813.4116,3329931,V,494,434,-1
1788563813.5078,3329945,V,515,453,45304
1788563813.5078,3329953,V,525,461,-1
1788563813.5078,3329961,V,519,456,-1
1788563813.5078,3329969,V,501,440,-1
1788563813.5078,3329977,V,550,483,-1
1788563813.5078,3329985,V,518,455,-1
1788563813.5567,3329999,V,513,451,45305
1788563813.5568,3330007,V,522,459,-1
1788563813.5568,3330015,V,506,445,-1
1788563813.5568,3330023,V,512,450,-1
1788563813.5568,3330031,V,529,465,-1
1788563813.5568,3330039,V,505,444,-1
1788563813.6055,3330053,V,530,466,45306
1788563813.6056,3330061,V,502,441,-1
1788563813.6056,3330069,V,535,470,-1
1788563813.6056,3330077,V,520,457,-1
1788563813.6056,3330085,V,529,465,-1
1788563813.6056,3330093,V,500,439,-1
1788563813.6552,3330106,V,510,448,45307
1788563813.6553,3330114,V,493,433,-1
1788563813.6553,3330122,V,525,461,-1
1788563813.6553,3330130,V,518,455,-1
1788563813.6553,3330138,V,503,442,-1
1788563813.6553,3330146,V,523,460,-1
1788563813.7517,3330160,V,507,446,45308
1788563813.7517,3330168,V,499,439,-1
1788563813.7518,3330176,V,514,452,-1
1788563813.7518,3330184,V,524,461,-1
1788563813.7518,3330192,V,540,475,-1
1788563813.7518,3330200,V,517,454,-1
1788563813.7528,3330214,V,529,465,45309
1788563813.7529,3330222,V,505,444,-1
1788563813.7529,3330230,V,541,475,-1
1788563813.7529,3330238,V,503,442,-1
1788563813.7529,3330246,V,530,466,-1
1788563813.7529,3330254,V,502,441,-1
1788563813.8004,3330267,V,494,434,45310
1788563813.8005,3330275,V,534,469,-1
1788563813.8005,3330283,V,517,454,-1
1788563813.8005,3330291,V,495,435,-1
1788563813.8005,3330299,V,505,444,-1
1788563813.8005,3330307,V,514,452,-1
1788563813.8503,3330321,V,522,459,45311
1788563813.8503,3330329,V,518,455,-1
1788563813.8503,3330337,V,517,454,-1
1788563813.8503,3330345,V,505,444,-1
1788563813.8503,3330353,V,487,428,-1
1788563813.8503,3330361,V,527,463,-1
1788563813.8988,3330375,V,510,448,45312
1788563813.8988,3330383,V,515,453,-1
1788563813.8989,3330391,V,510,448,-1
1788563813.8989,3330399,V,489,430,-1
1788563813.8989,3330407,V,514,452,-1
1788563813.8989,3330415,V,506,445,-1
1788563813.9483,3330429,V,509,447,45313
1788563813.9483,3330437,V,515,453,-1
1788563813.9484,3330445,V,522,459,-1
1788563813.9484,3330453,V,516,454,-1
1788563813.9484,3330461,V,517,454,-1
1788563813.9484,3330469,V,502,441,-1
1788563814.0443,3330482,V,515,453,45314
1788563814.0444,3330490,V,511,449,-1
1788563814.0444,3330498,V,503,442,-1
1788563814.0444,3330506,V,504,443,-1
1788563814.0444,3330514,V,464,408,-1
1788563814.0444,3330522,V,508,446,-1
1788563814.0930,3330536,V,515,453,45315
1788563814.0931,3330544,V,486,427,-1
1788563814.0931,3330552,V,471,414,-1
1788563814.0931,3330560,V,500,439,-1
1788563814.0931,3330568,V,518,455,-1
1788563814.0931,3330576,V,546,480,-1
1788563814.1416,3330590,V,522,459,45316
1788563814.1417,3330598,V,512,450,-1
1788563814.1417,3330606,V,504,443,-1
1788563814.1417,3330614,V,508,446,-1
1788563814.1417,3330622,V,500,439,-1
1788563814.1417,3330630,V,522,459,-1
1788563814.1904,3330644,V,525,461,45317
1788563814.1904,3330652,V,517,454,-1
1788563814.1904,3330660,V,518,455,-1
1788563814.1904,3330668,V,537,472,-1
1788563814.1904,3330676,V,522,459,-1
1788563814.1904,3330684,V,511,449,-1
1788563814.2408,3330698,V,523,460,45318
1788563814.2409,3330706,V,515,453,-1
1788563814.2409,3330714,V,498,438,-1
1788563814.2409,3330722,V,515,453,-1
1788563814.2409,3330730,V,537,472,-1
1788563814.2409,3330738,V,496,436,-1
1788563814.2888,3330751,V,514,452,45319
1788563814.2888,3330759,V,515,453,-1
1788563814.2889,3330767,V,524,461,-1
1788563814.2889,3330775,V,535,470,-1
1788563814.2889,3330783,V,535,470,-1
1788563814.2889,3330791,V,488,429,-1
1788563814.3368,3330805,V,490,431,45320
1788563814.3368,3330813,V,501,440,-1
1788563814.3368,3330821,V,510,448,-1
1788563814.3368,3330829,V,530,466,-1
1788563814.3368,3330837,V,495,435,-1
1788563814.3368,3330845,V,537,472,-1
1788563814.3854,3330859,V,542,476,45321
1788563814.3854,3330867,V,516,454,-1
1788563814.3854,3330875,V,515,453,-1
1788563814.3854,3330883,V,507,446,-1
1788563814.3855,3330891,V,518,455,-1
1788563814.3855,3330899,V,512,450,-1
1788563814.4342,3330912,V,517,454,45322
1788563814.4343,3330920,V,498,438,-1
1788563814.4343,3330928,V,482,424,-1
1788563814.4343,3330936,V,517,454,-1
1788563814.4343,3330944,V,523,460,-1
1788563814.4343,3330952,V,506,445,-1
1788563814.4832,3330966,V,492,432,45323
1788563814.4832,3330974,V,481,423,-1
1788563814.4832,3330982,V,513,451,-1
1788563814.4832,3330990,V,520,457,-1
1788563814.4832,3330998,V,507,446,-1
1788563814.4832,3331006,V,539,474,-1
1788563814.5819,3331020,V,509,447,45324
1788563814.5820,3331028,V,508,446,-1
1788563814.5820,3331036,V,510,448,-1
1788563814.5820,3331044,V,499,439,-1
1788563814.5820,3331052,V,509,447,-1
1788563814.5820,3331060,V,528,464,-1
1788563814.6297,3331074,V,514,452,45325
1788563814.6297,3331082,V,501,440,-1
1788563814.6297,3331090,V,497,437,-1
1788563814.6297,3331098,V,514,452,-1
1788563814.6297,3331106,V,525,461,-1
1788563814.6298,3331114,V,514,452,-1
1788563814.6781,3331127,V,476,418,45326
1788563814.6782,3331135,V,507,446,-1
1788563814.6782,3331143,V,515,453,-1
1788563814.6782,3331151,V,542,476,-1
1788563814.6782,3331159,V,523,460,-1
1788563814.6782,3331167,V,506,445,-1
1788563814.7269,3331181,V,504,443,45327
1788563814.7269,3331189,V,511,449,-1
1788563814.7270,3331197,V,530,466,-1
1788563814.7270,3331205,V,544,478,-1
1788563814.7270,3331213,V,488,429,-1
1788563814.7270,3331221,V,518,455,-1
1788563814.7767,3331235,V,502,441,45328
1788563814.7768,3331243,V,535,470,-1
1788563814.7768,3331251,V,525,461,-1
1788563814.7768,3331259,V,493,433,-1
1788563814.7768,3331267,V,519,456,-1
1788563814.7768,3331275,V,520,457,-1
1788563814.8262,3331289,V,534,469,45329
1788563814.8264,3331297,V,508,446,-1
1788563814.8264,3331305,V,532,468,-1
1788563814.8264,3331313,V,508,446,-1
1788563814.8264,3331321,V,533,468,-1
1788563814.8264,3331329,V,538,473,-1
1788563814.8748,3331342,V,518,455,45330
1788563814.8749,3331350,V,499,439,-1
1788563814.8749,3331358,V,516,454,-1
1788563814.8749,3331366,V,512,450,-1
1788563814.8749,3331374,V,520,457,-1
1788563814.8749,3331382,V,497,437,-1
1788563814.9218,3331396,V,504,443,45331
1788563814.9218,3331404,V,499,439,-1
1788563814.9219,3331412,V,513,451,-1
1788563814.9219,3331420,V,515,453,-1
1788563814.9219,3331428,V,529,465,-1
1788563814.9219,3331436,V,525,461,-1
1788563814.9720,3331450,V,491,432,45332
1788563814.9721,3331458,V,516,454,-1
1788563814.9721,3331466,V,511,449,-1
1788563814.9721,3331474,V,517,454,-1
1788563814.9721,3331482,V,492,432,-1
1788563814.9721,3331490,V,515,453,-1
1788563815.0685,3331503,V,518,455,45333
1788563815.0686,3331511,V,530,466,-1
1788563815.0686,3331519,V,512,450,-1
1788563815.0687,3331527,V,520,457,-1
1788563815.0687,3331535,V,500,439,-1
1788563815.0687,3331543,V,538,473,-1
1788563815.1180,3331557,V,515,453,45334
1788563815.1180,3331565,V,504,443,-1
1788563815.1180,3331573,V,505,444,-1
1788563815.1180,3331581,V,499,439,-1
1788563815.1181,3331589,V,516,454,-1
1788563815.1181,3331597,V,497,437,-1
1788563815.1670,3331611,V,507,446,45335
1788563815.1670,3331619,V,502,441,-1
1788563815.1670,3331627,V,501,440,-1
1788563815.1671,3331635,V,505,444,-1
1788563815.1671,3331643,V,500,439,-1
1788563815.1671,3331651,V,520,457,-1
1788563815.2157,3331665,V,515,453,45336
1788563815.2157,3331673,V,499,439,-1
1788563815.2161,3331681,V,495,435,-1
1788563815.2162,3331689,V,506,445,-1
1788563815.2162,3331697,V,494,434,-1
1788563815.2162,3331705,V,507,446,-1
1788563815.2640,3331764,KEYUP,,,
1788563815.2655,3331719,V,524,461,45337
1788563815.2655,3331727,V,502,441,-1
1788563815.2655,3331735,V,522,459,-1
1788563815.2655,3331743,V,512,450,-1
1788563815.2655,3331751,V,517,454,-1
1788563815.2655,3331759,V,548,482,-1
1788563815.3128,3331773,V,505,444,45338
1788563815.3130,3331781,V,518,455,-1
1788563815.3130,3331789,V,518,455,-1
1788563815.3130,3331797,V,494,434,-1
1788563815.3130,3331805,V,498,438,-1
1788563815.3130,3331813,V,496,436,-1
1788563815.3142,3331836,KEYDOWN,,,
1788563815.3619,3331826,V,496,436,45339
1788563815.3620,3331834,V,482,424,-1
1788563815.3620,3331842,V,479,421,-1
1788563815.3620,3331850,V,519,456,-1
1788563815.3620,3331858,V,497,437,-1
1788563815.3620,3331866,V,508,446,-1
1788563815.4094,3331880,V,508,446,45340
1788563815.4094,3331888,V,528,464,-1
1788563815.4094,3331896,V,527,463,-1
1788563815.4095,3331904,V,519,456,-1
1788563815.4095,3331912,V,520,457,-1
1788563815.4095,3331920,V,483,425,-1
1788563815.4597,3331934,V,498,438,45341
1788563815.4597,3331942,V,524,461,-1
1788563815.4597,3331950,V,520,457,-1
1788563815.4597,3331958,V,516,454,-1
1788563815.4597,3331966,V,496,436,-1
1788563815.4597,3331974,V,517,454,-1
1788563815.5089,3331988,V,506,445,45342
1788563815.5090,3331996,V,524,461,-1
1788563815.5090,3332004,V,519,456,-1
1788563815.5090,3332012,V,519,456,-1
1788563815.5090,3332020,V,519,456,-1
1788563815.5090,3332028,V,505,444,-1
1788563815.6047,3332042,V,490,431,45343
1788563815.6048,3332050,V,507,446,-1
1788563815.6048,3332058,V,496,436,-1
1788563815.6049,3332066,V,515,453,-1
1788563815.6049,3332074,V,503,442,-1
1788563815.6049,3332082,V,519,456,-1
1788563815.7022,3332095,V,514,452,45344
1788563815.7022,3332103,V,510,448,-1
1788563815.7022,3332111,V,496,436,-1
1788563815.7023,3332119,V,509,447,-1
1788563815.7023,3332127,V,508,446,-1
1788563815.7023,3332135,V,506,445,-1
1788563815.7031,3332149,V,522,459,45345
1788563815.7031,3332157,V,514,452,-1
1788563815.7031,3332165,V,507,446,-1
1788563815.7031,3332173,V,503,442,-1
1788563815.7031,3332181,V,506,445,-1
1788563815.7032,3332189,V,515,453,-1
1788563815.7503,3332203,V,525,461,45346
1788563815.7503,3332211,V,530,466,-1
1788563815.7503,3332219,V,502,441,-1
1788563815.7503,3332227,V,542,476,-1
1788563815.7504,3332235,V,510,448,-1
1788563815.7504,3332243,V,503,442,-1
1788563815.8035,3332257,V,517,454,45347
1788563815.8035,3332265,V,498,438,-1
1788563815.8035,3332273,V,499,439,-1
1788563815.8035,3332281,V,512,450,-1
1788563815.8035,3332289,V,521,458,-1
1788563815.8035,3332297,V,488,429,-1
1788563815.8494,3332310,V,490,431,45348
1788563815.8495,3332318,V,522,459,-1
1788563815.8496,3332326,V,568,499,-1
1788563815.8496,3332334,V,521,458,-1
1788563815.8496,3332342,V,530,466,-1
1788563815.8496,3332350,V,528,464,-1
1788563815.8972,3332364,V,495,435,45349
1788563815.8972,3332372,V,503,442,-1
1788563815.8972,3332380,V,518,455,-1
1788563815.8973,3332388,V,495,435,-1
1788563815.8973,3332396,V,499,439,-1
1788563815.8973,3332404,V,529,465,-1
1788563815.9457,3332418,V,521,458,45350
1788563815.9457,3332426,V,529,465,-1
1788563815.9457,3332434,V,522,459,-1
1788563815.9457,3332442,V,524,461,-1
1788563815.9457,3332450,V,533,468,-1
1788563815.9457,3332458,V,503,442,-1
1788563815.9961,3332472,V,513,451,45351
1788563815.9961,3332480,V,509,447,-1
1788563815.9961,3332488,V,496,436,-1
1788563815.9962,3332496,V,530,466,-1
1788563815.9962,3332504,V,508,446,-1
1788563815.9962,3332512,V,526,462,-1
1788563816.0448,3332525,V,538,473,45352
1788563816.0448,3332533,V,501,440,-1
1788563816.0448,3332541,V,520,457,-1
1788563816.0448,3332549,V,531,467,-1
1788563816.0448,3332557,V,514,452,-1
1788563816.0448,3332565,V,509,447,-1
1788563816.1404,3332579,V,505,444,45353
1788563816.1405,3332587,V,542,476,-1
1788563816.1405,3332595,V,508,446,-1
1788563816.1405,3332603,V,517,454,-1
1788563816.1405,3332611,V,507,446,-1
1788563816.1405,3332619,V,493,433,-1
1788563816.1892,3332633,V,494,434,45354
1788563816.1892,3332641,V,500,439,-1
1788563816.1893,3332649,V,511,449,-1
1788563816.1893,3332657,V,492,432,-1
1788563816.1893,3332665,V,516,454,-1
1788563816.1893,3332673,V,502,441,-1
1788563816.2383,3332686,V,526,462,45355
1788563816.2383,3332694,V,500,439,-1
1788563816.2383,3332702,V,516,454,-1
1788563816.2383,3332710,V,537,472,-1
1788563816.2383,3332718,V,499,439,-1
1788563816.2383,3332726,V,518,455,-1
1788563816.2871,3332740,V,525,461,45356
1788563816.2871,3332748,V,512,450,-1
1788563816.2871,3332756,V,500,439,-1
1788563816.2871,3332764,V,544,478,-1
1788563816.2872,3332772,V,502,441,-1
1788563816.2872,3332780,V,521,458,-1
1788563816.3365,3332794,V,509,447,45357
1788563816.3366,3332802,V,516,454,-1
1788563816.3366,3332810,V,507,446,-1
1788563816.3366,3332818,V,518,455,-1
1788563816.3366,3332826,V,505,444,-1
1788563816.3366,3332834,V,538,473,-1
1788563816.3856,3332848,V,538,473,45358
1788563816.3857,3332856,V,529,465,-1
1788563816.3857,3332864,V,497,437,-1
1788563816.3857,3332872,V,530,466,-1
1788563816.3857,3332880,V,521,458,-1
1788563816.3857,3332888,V,492,432,-1
1788563816.4330,3332901,V,494,434,45359
1788563816.4330,3332909,V,520,457,-1
1788563816.4330,3332917,V,495,435,-1
1788563816.4330,3332925,V,527,463,-1
1788563816.4330,3332933,V,498,438,-1
1788563816.4330,3332941,V,517,454,-1
1788563816.4818,3332955,V,528,464,45360
1788563816.4818,3332963,V,538,473,-1
1788563816.4818,3332971,V,505,444,-1
1788563816.4818,3332979,V,497,437,-1
1788563816.4818,3332987,V,504,443,-1
1788563816.4818,3332995,V,491,432,-1
1788563816.5305,3333009,V,519,456,45361
1788563816.5305,3333017,V,516,454,-1
1788563816.5305,3333025,V,528,464,-1
1788563816.5305,3333033,V,508,446,-1
1788563816.5305,3333041,V,500,439,-1
1788563816.5305,3333049,V,517,454,-1
1788563816.5791,3333063,V,496,436,45362
1788563816.5792,3333071,V,525,461,-1
1788563816.5792,3333079,V,515,453,-1
1788563816.5792,3333087,V,513,451,-1
1788563816.5792,3333095,V,509,447,-1
1788563816.5792,3333103,V,523,460,-1
1788563816.6780,3333116,V,513,451,45363
1788563816.6781,3333124,V,505,444,-1
1788563816.6781,3333132,V,483,425,-1
1788563816.6781,3333140,V,509,447,-1
1788563816.6781,3333148,V,510,448,-1
1788563816.6782,3333156,V,522,459,-1
1788563816.7256,3333170,V,517,454,45364
1788563816.7256,3333178,V,504,443,-1
1788563816.7257,3333186,V,511,449,-1
1788563816.7257,3333194,V,513,451,-1
1788563816.7257,3333202,V,533,468,-1
1788563816.7257,3333210,V,514,452,-1
1788563816.7742,3333224,V,536,471,45365
1788563816.7742,3333232,V,519,456,-1
1788563816.7742,3333240,V,515,453,-1
1788563816.7742,3333248,V,508,446,-1
1788563816.7742,3333256,V,516,454,-1
1788563816.7742,3333264,V,508,446,-1
1788563816.8230,3333278,V,529,465,45366
1788563816.8230,3333286,V,525,461,-1
1788563816.8231,3333294,V,513,451,-1
1788563816.8231,3333302,V,504,443,-1
1788563816.8231,3333310,V,502,441,-1
1788563816.8231,3333318,V,504,443,-1
1788563816.8717,3333331,V,504,443,45367
1788563816.8718,3333339,V,526,462,-1
1788563816.8718,3333347,V,516,454,-1
1788563816.8718,3333355,V,505,444,-1
1788563816.8718,3333363,V,518,455,-1
1788563816.8718,3333371,V,510,448,-1
1788563816.9225,3333385,V,515,453,45368
1788563816.9226,3333393,V,520,457,-1
1788563816.9226,3333401,V,527,463,-1
1788563816.9226,3333409,V,505,444,-1
1788563816.9226,3333417,V,527,463,-1
1788563816.9227,3333425,V,497,437,-1
1788563816.9709,3333439,V,496,436,45369
1788563816.9709,3333447,V,510,448,-1
1788563816.9709,3333455,V,511,449,-1
1788563816.9709,3333463,V,505,444,-1
1788563816.9710,3333471,V,526,462,-1
1788563816.9710,3333479,V,518,455,-1
1788563817.0215,3333493,V,499,439,45370
1788563817.0215,3333501,V,493,433,-1
1788563817.0215,3333509,V,511,449,-1
1788563817.0215,3333517,V,521,458,-1
1788563817.0215,3333525,V,511,449,-1
1788563817.0215,3333533,V,494,434,-1
1788563817.0676,3333546,V,514,452,45371
1788563817.0677,3333554,V,535,470,-1
1788563817.0677,3333562,V,498,438,-1
1788563817.0677,3333570,V,503,442,-1
1788563817.0677,3333578,V,483,425,-1
1788563817.0677,3333586,V,532,468,-1
1788563817.1642,3333600,V,498,438,45372
1788563817.1643,3333608,V,526,462,-1
1788563817.1643,3333616,V,522,459,-1
1788563817.1643,3333624,V,531,467,-1
1788563817.1643,3333632,V,497,437,-1
1788563817.1643,3333640,V,560,492,-1
1788563817.2636,3333654,V,505,444,45373
1788563817.2636,3333662,V,505,444,-1
1788563817.2636,3333670,V,507,446,-1
1788563817.2636,3333678,V,515,453,-1
1788563817.2636,3333686,V,517,454,-1
1788563817.2636,3333694,V,512,450,-1
1788563817.2639,3333707,V,518,455,45374
1788563817.2639,3333715,V,518,455,-1
1788563817.2639,3333723,V,521,458,-1
1788563817.2639,3333731,V,526,462,-1
1788563817.2639,3333739,V,470,413,-1
1788563817.2639,3333747,V,507,446,-1
1788563817.3115,3333761,V,506,445,45375
1788563817.3115,3333769,V,549,483,-1
1788563817.3115,3333777,V,502,441,-1
1788563817.3115,3333785,V,520,457,-1
1788563817.3115,3333793,V,522,459,-1
1788563817.3115,3333801,V,529,465,-1
1788563817.3592,3333815,V,518,455,45376
1788563817.3592,3333823,V,503,442,-1
1788563817.3592,3333831,V,513,451,-1
1788563817.3592,3333839,V,529,465,-1
1788563817.3592,3333847,V,507,446,-1
1788563817.3592,3333855,V,504,443,-1
1788563817.4079,3333869,V,508,446,45377
1788563817.4080,3333877,V,541,475,-1
1788563817.4080,3333885,V,523,460,-1
1788563817.4080,3333893,V,521,458,-1
1788563817.4080,3333901,V,505,444,-1
1788563817.4080,3333909,V,500,439,-1
1788563817.4568,3333922,V,517,454,45378
1788563817.4568,3333930,V,517,454,-1
1788563817.4568,3333938,V,512,450,-1
1788563817.4569,3333946,V,521,458,-1
1788563817.4569,3333954,V,515,453,-1
1788563817.4569,3333962,V,523,460,-1
1788563817.5064,3333976,V,512,450,45379
1788563817.5064,3333984,V,512,450,-1
1788563817.5064,3333992,V,501,440,-1
1788563817.5064,3334000,V,493,433,-1
1788563817.5064,3334008,V,523,460,-1
1788563817.5064,3334016,V,497,437,-1
1788563817.5551,3334030,V,524,461,45380
1788563817.5551,3334038,V,513,451,-1
1788563817.5551,3334046,V,488,429,-1
1788563817.5551,3334054,V,491,432,-1
1788563817.5552,3334062,V,526,462,-1
1788563817.5552,3334070,V,511,449,-1
1788563817.6068,3334083,V,547,481,45381
1788563817.6068,3334091,V,509,447,-1
1788563817.6068,3334099,V,520,457,-1
1788563817.6068,3334107,V,523,460,-1
1788563817.6068,3334115,V,541,475,-1
1788563817.6068,3334123,V,493,433,-1
1788563817.7505,3334137,V,480,422,45382
1788563817.7507,3334145,V,517,454,-1
1788563817.7507,3334153,V,508,446,-1
1788563817.7507,3334161,V,496,436,-1
1788563817.7507,3334169,V,518,455,-1
1788563817.7507,3334177,V,514,452,-1
1788563817.7518,3334191,V,522,459,45383
1788563817.7518,3334199,V,507,446,-1
1788563817.7518,3334207,V,505,444,-1
1788563817.7519,3334215,V,515,453,-1
1788563817.7519,3334223,V,520,457,-1
1788563817.7519,3334231,V,497,437,-1
1788563817.7984,3334245,V,516,454,45384
1788563817.7984,3334253,V,521,458,-1
1788563817.7984,3334261,V,496,436,-1
1788563817.7984,3334269,V,532,468,-1
1788563817.7984,3334277,V,508,446,-1
1788563817.7984,3334285,V,527,463,-1
1788563817.8494,3334298,V,507,446,45385
1788563817.8494,3334306,V,481,423,-1
1788563817.8494,3334314,V,514,452,-1
1788563817.8495,3334322,V,517,454,-1
1788563817.8495,3334330,V,502,441,-1
1788563817.8495,3334338,V,510,448,-1
1788563817.8975,3334352,V,519,456,45386
1788563817.8975,3334360,V,497,437,-1
1788563817.8975,3334368,V,522,459,-1
1788563817.8975,3334376,V,500,439,-1
1788563817.8975,3334384,V,528,464,-1
1788563817.8975,3334392,V,529,465,-1
1788563817.9443,3334406,V,505,444,45387
1788563817.9444,3334414,V,497,437,-1
1788563817.9444,3334422,V,559,491,-1
1788563817.9444,3334430,V,538,473,-1
1788563817.9444,3334438,V,524,461,-1
1788563817.9444,3334446,V,526,462,-1
1788563817.9946,3334460,V,495,435,45388
1788563817.9948,3334468,V,504,443,-1
1788563817.9948,3334476,V,517,454,-1
1788563817.9948,3334484,V,535,470,-1
1788563817.9948,3334492,V,510,448,-1
1788563817.9948,3334500,V,502,441,-1
1788563818.0423,3334513,V,506,445,45389
1788563818.0423,3334521,V,559,491,-1
1788563818.0423,3334529,V,528,464,-1
1788563818.0423,3334537,V,508,446,-1
1788563818.0423,3334545,V,510,448,-1
1788563818.0423,3334553,V,534,469,-1
1788563818.0909,3334567,V,522,459,45390
1788563818.0909,3334575,V,493,433,-1
1788563818.0909,3334583,V,512,450,-1
1788563818.0909,3334591,V,512,450,-1
1788563818.0909,3334599,V,514,452,-1
1788563818.0909,3334607,V,506,445,-1
1788563818.2371,3334621,V,524,461,45391
1788563818.2373,3334629,V,528,464,-1
1788563818.2373,3334637,V,507,446,-1
1788563818.2373,3334645,V,518,455,-1
1788563818.2373,3334653,V,528,464,-1
1788563818.2373,3334661,V,514,452,-1
1788563818.2382,3334675,V,515,453,45392
1788563818.2383,3334683,V,529,465,-1
1788563818.2383,3334691,V,518,455,-1
1788563818.2383,3334699,V,520,457,-1
1788563818.2383,3334707,V,508,446,-1
1788563818.2383,3334715,V,511,449,-1
1788563818.2859,3334728,V,506,445,45393
1788563818.2860,3334736,V,512,450,-1
1788563818.2860,3334744,V,494,434,-1
1788563818.2860,3334752,V,512,450,-1
1788563818.2860,3334760,V,518,455,-1
1788563818.2860,3334768,V,509,447,-1
1788563818.3344,3334782,V,499,439,45394
1788563818.3344,3334790,V,512,450,-1
1788563818.3344,3334798,V,514,452,-1
1788563818.3345,3334806,V,537,472,-1
1788563818.3345,3334814,V,527,463,-1
1788563818.3345,3334822,V,466,410,-1
1788563818.4341,3334836,V,488,429,45395
1788563818.4341,3334844,V,484,425,-1
1788563818.4341,3334852,V,525,461,-1
1788563818.4342,3334860,V,511,449,-1
1788563818.4342,3334868,V,504,443,-1
1788563818.4342,3334876,V,503,442,-1
1788563818.4345,3334889,V,490,431,45396
1788563818.4345,3334897,V,498,438,-1
1788563818.4345,3334905,V,503,442,-1
1788563818.4345,3334913,V,518,455,-1
1788563818.4345,3334921,V,512,450,-1
1788563818.4346,3334929,V,486,427,-1
1788563818.4812,3334943,V,524,461,45397
1788563818.4813,3334951,V,512,450,-1
1788563818.4813,3334959,V,545,479,-1
1788563818.4813,3334967,V,516,454,-1
1788563818.4814,3334975,V,509,447,-1
1788563818.4814,3334983,V,508,446,-1
1788563818.5300,3334997,V,498,438,45398
1788563818.5300,3335005,V,523,460,-1
1788563818.5300,3335013,V,493,433,-1
1788563818.5300,3335021,V,504,443,-1
1788563818.5301,3335029,V,490,431,-1
1788563818.5301,3335037,V,526,462,-1
1788563818.5800,3335051,V,523,460,45399
1788563818.5800,3335059,V,504,443,-1
1788563818.5800,3335067,V,493,433,-1
1788563818.5800,3335075,V,500,439,-1
1788563818.5800,3335083,V,542,476,-1
1788563818.5800,3335091,V,492,432,-1
1788563818.6270,3335105,V,535,470,45400
1788563818.6270,3335113,V,546,480,-1
1788563818.6270,3335121,V,501,440,-1
1788563818.6270,3335129,V,515,453,-1
1788563818.6270,3335137,V,495,435,-1
1788563818.6270,3335145,V,493,433,-1
1788563818.6757,3335158,V,499,439,45401
1788563818.6757,3335166,V,504,443,-1
1788563818.6757,3335174,V,502,441,-1
1788563818.6757,3335182,V,519,456,-1
1788563818.6757,3335190,V,524,461,-1
1788563818.6757,3335198,V,502,441,-1
1788563818.7254,3335222,KEYUP,,,
1788563818.8223,3335212,V,519,456,45402
1788563818.8224,3335220,V,512,450,-1
1788563818.8224,3335228,V,527,463,-1
1788563818.8225,3335236,V,527,463,-1
1788563818.8225,3335244,V,518,455,-1
1788563818.8225,3335252,V,515,453,-1
1788563818.8244,3335266,V,506,445,45403
1788563818.8244,3335274,V,522,459,-1
1788563818.8244,3335282,V,515,453,-1
1788563818.8244,3335290,V,484,425,-1
1788563818.8244,3335298,V,533,468,-1
1788563818.8244,3335306,V,531,467,-1
1788563818.8247,3335321,KEYDOWN,,,
1788563818.9198,3335320,V,511,449,45404
1788563818.9199,3335328,V,490,431,-1
1788563818.9199,3335336,V,511,449,-1
1788563818.9199,3335344,V,506,445,-1
1788563818.9199,3335352,V,506,445,-1
1788563818.9199,3335360,V,497,437,-1
1788563818.9209,3335374,V,506,445,45405
1788563818.9209,3335382,V,522,459,-1
1788563818.9209,3335390,V,527,463,-1
1788563818.9209,3335398,V,502,441,-1
1788563818.9209,3335406,V,524,461,-1
1788563818.9209,3335414,V,542,476,-1
1788563818.9684,3335427,V,518,455,45406
1788563818.9684,3335435,V,514,452,-1
1788563818.9684,3335443,V,494,434,-1
1788563818.9684,3335451,V,505,444,-1
1788563818.9684,3335459,V,536,471,-1
1788563818.9684,3335467,V,514,452,-1
1788563819.0187,3335481,V,516,454,45407
1788563819.0187,3335489,V,498,438,-1
1788563819.0187,3335497,V,492,432,-1
1788563819.0187,3335505,V,510,448,-1
1788563819.0188,3335513,V,544,478,-1
1788563819.0188,3335521,V,500,439,-1
1788563819.0673,3335535,V,477,419,45408
1788563819.0674,3335543,V,517,454,-1
1788563819.0674,3335551,V,495,435,-1
1788563819.0675,3335559,V,497,437,-1
1788563819.0675,3335567,V,542,476,-1
1788563819.0675,3335575,V,520,457,-1
1788563819.1160,3335588,V,509,447,45409
1788563819.1161,3335596,V,500,439,-1
1788563819.1161,3335604,V,514,452,-1
1788563819.1161,3335612,V,520,457,-1
1788563819.1161,3335620,V,517,454,-1
1788563819.1161,3335628,V,527,463,-1
1788563819.1632,3335642,V,501,440,45410
1788563819.1632,3335650,V,540,475,-1
1788563819.1632,3335658,V,537,472,-1
1788563819.1632,3335666,V,543,477,-1
1788563819.1632,3335674,V,527,463,-1
1788563819.1633,3335682,V,483,425,-1
1788563819.2609,3335696,V,527,463,45411
1788563819.2609,3335704,V,525,461,-1
1788563819.2609,3335712,V,511,449,-1
1788563819.2609,3335720,V,524,461,-1
1788563819.2609,3335728,V,508,446,-1
1788563819.2609,3335736,V,535,470,-1
1788563819.3097,3335750,V,524,461,45412
1788563819.3098,3335758,V,504,443,-1
1788563819.3098,3335766,V,531,467,-1
1788563819.3098,3335774,V,521,458,-1
1788563819.3098,3335782,V,518,455,-1
1788563819.3098,3335790,V,507,446,-1
1788563819.3602,3335804,V,539,474,45413
1788563819.3602,3335812,V,517,454,-1
1788563819.3602,3335820,V,492,432,-1
1788563819.3602,3335828,V,516,454,-1
1788563819.3602,3335836,V,518,455,-1
1788563819.3602,3335844,V,500,439,-1
1788563819.4090,3335857,V,523,460,45414
1788563819.4091,3335865,V,507,446,-1
1788563819.4091,3335873,V,524,461,-1
1788563819.4091,3335881,V,524,461,-1
1788563819.4091,3335889,V,526,462,-1
1788563819.4091,3335897,V,530,466,-1
1788563819.4556,3335911,V,498,438,45415
1788563819.4557,3335919,V,514,452,-1
1788563819.4557,3335927,V,502,441,-1
1788563819.4557,3335935,V,502,441,-1
1788563819.4557,3335943,V,502,441,-1
1788563819.4557,3335951,V,491,432,-1
1788563819.5054,3335965,V,515,453,45416
1788563819.5054,3335973,V,533,468,-1
1788563819.5054,3335981,V,516,454,-1
1788563819.5054,3335989,V,506,445,-1
1788563819.5054,3335997,V,513,451,-1
1788563819.5054,3336005,V,514,452,-1
1788563819.5532,3336018,V,535,470,45417
1788563819.5534,3336026,V,504,443,-1
1788563819.5534,3336034,V,506,445,-1
1788563819.5534,3336042,V,478,420,-1
1788563819.5534,3336050,V,523,460,-1
1788563819.5534,3336058,V,565,497,-1
1788563819.6023,3336072,V,498,438,45418
1788563819.6023,3336080,V,498,438,-1
1788563819.6023,3336088,V,512,450,-1
1788563819.6023,3336096,V,521,458,-1
1788563819.6023,3336104,V,512,450,-1
1788563819.6023,3336112,V,507,446,-1
1788563819.7017,3336126,V,512,450,45419
1788563819.7017,3336134,V,524,461,-1
1788563819.7017,3336142,V,517,454,-1
1788563819.7017,3336150,V,547,481,-1
1788563819.7017,3336158,V,536,471,-1
1788563819.7017,3336166,V,477,419,-1
1788563819.7020,3336180,V,530,466,45420
1788563819.7020,3336188,V,529,465,-1
1788563819.7020,3336196,V,527,463,-1
1788563819.7020,3336204,V,512,450,-1
1788563819.7020,3336212,V,510,448,-1
1788563819.7020,3336220,V,517,454,-1
1788563819.7968,3336233,V,484,425,45421
1788563819.7969,3336241,V,536,471,-1
1788563819.7969,3336249,V,519,456,-1
1788563819.7970,3336257,V,535,470,-1
1788563819.7970,3336265,V,560,492,-1
1788563819.7970,3336273,V,485,426,-1
1788563819.8457,3336287,V,530,466,45422
1788563819.8457,3336295,V,494,434,-1
1788563819.8457,3336303,V,516,454,-1
1788563819.8457,3336311,V,529,465,-1
1788563819.8457,3336319,V,491,432,-1
1788563819.8457,3336327,V,529,465,-1
1788563819.8943,3336341,V,514,452,45423
1788563819.8945,3336349,V,501,440,-1
1788563819.8946,3336357,V,521,458,-1
1788563819.8946,3336365,V,522,459,-1
1788563819.8946,3336373,V,523,460,-1
1788563819.8946,3336381,V,549,483,-1
1788563819.9446,3336395,V,485,426,45424
1788563819.9446,3336403,V,506,445,-1
1788563819.9447,3336411,V,532,468,-1
1788563819.9447,3336419,V,514,452,-1
1788563819.9447,3336427,V,511,449,-1
1788563819.9447,3336435,V,514,452,-1
1788563819.9937,3336448,V,512,450,45425
1788563819.9937,3336456,V,525,461,-1
1788563819.9937,3336464,V,503,442,-1
1788563819.9937,3336472,V,527,463,-1
1788563819.9937,3336480,V,513,451,-1
1788563819.9937,3336488,V,501,440,-1
1788563820.0418,3336502,V,519,456,45426
1788563820.0418,3336510,V,505,444,-1
1788563820.0418,3336518,V,525,461,-1
1788563820.0418,3336526,V,533,468,-1
1788563820.0419,3336534,V,509,447,-1
1788563820.0419,3336542,V,492,432,-1
1788563820.1382,3336556,V,510,448,45427
1788563820.1382,3336564,V,522,459,-1
1788563820.1382,3336572,V,503,442,-1
1788563820.1382,3336580,V,483,425,-1
1788563820.1382,3336588,V,507,446,-1
1788563820.1382,3336596,V,521,458,-1
1788563820.1394,3336609,V,516,454,45428
1788563820.1395,3336617,V,557,490,-1
1788563820.1395,3336625,V,521,458,-1
1788563820.1395,3336633,V,548,482,-1
1788563820.1395,3336641,V,516,454,-1
1788563820.1395,3336649,V,509,447,-1
1788563820.1868,3336663,V,527,463,45429
1788563820.1868,3336671,V,517,454,-1
1788563820.1868,3336679,V,522,459,-1
1788563820.1868,3336687,V,539,474,-1
1788563820.1868,3336695,V,510,448,-1
1788563820.1868,3336703,V,535,470,-1
1788563820.2377,3336717,V,510,448,45430
1788563820.2377,3336725,V,524,461,-1
1788563820.2377,3336733,V,495,435,-1
1788563820.2377,3336741,V,527,463,-1
1788563820.2377,3336749,V,512,450,-1
1788563820.2377,3336757,V,530,466,-1
1788563820.3331,3336770,V,492,432,45431
1788563820.3332,3336778,V,518,455,-1
1788563820.3332,3336786,V,522,459,-1
1788563820.3332,3336794,V,526,462,-1
1788563820.3332,3336802,V,500,439,-1
1788563820.3332,3336810,V,554,487,-1
1788563820.3818,3336824,V,513,451,45432
1788563820.3818,3336832,V,506,445,-1
1788563820.3818,3336840,V,527,463,-1
1788563820.3818,3336848,V,497,437,-1
1788563820.3819,3336856,V,505,444,-1
1788563820.3819,3336864,V,532,468,-1
1788563820.4305,3336878,V,526,462,45433
1788563820.4305,3336886,V,507,446,-1
1788563820.4305,3336894,V,513,451,-1
1788563820.4305,3336902,V,501,440,-1
1788563820.4305,3336910,V,503,442,-1
1788563820.4305,3336918,V,524,461,-1
1788563820.4794,3336932,V,488,429,45434
1788563820.4795,3336940,V,524,461,-1
1788563820.4795,3336948,V,522,459,-1
1788563820.4795,3336956,V,525,461,-1
1788563820.4795,3336964,V,508,446,-1
1788563820.4795,3336972,V,508,446,-1
1788563820.5775,3336985,V,479,421,45435
1788563820.5776,3336993,V,505,444,-1
1788563820.5776,3337001,V,519,456,-1
1788563820.5776,3337009,V,527,463,-1
1788563820.5776,3337017,V,515,453,-1
1788563820.5776,3337025,V,540,475,-1
1788563820.5785,3337039,V,484,425,45436
1788563820.5785,3337047,V,531,467,-1
1788563820.5787,3337055,V,552,485,-1
1788563820.5787,3337063,V,524,461,-1
1788563820.5787,3337071,V,517,454,-1
1788563820.5787,3337079,V,503,442,-1
1788563820.6266,3337093,V,489,430,45437
1788563820.6266,3337101,V,529,465,-1
1788563820.6266,3337109,V,510,448,-1
1788563820.6266,3337117,V,523,460,-1
1788563820.6266,3337125,V,523,460,-1
1788563820.6266,3337133,V,516,454,-1
1788563820.6753,3337147,V,526,462,45438
1788563820.6753,3337155,V,527,463,-1
1788563820.6753,3337163,V,529,465,-1
1788563820.6753,3337171,V,509,447,-1
1788563820.6753,3337179,V,539,474,-1
1788563820.6753,3337187,V,502,441,-1
1788563820.7719,3337200,V,506,445,45439
1788563820.7719,3337208,V,519,456,-1
1788563820.7719,3337216,V,510,448,-1
1788563820.7719,3337224,V,511,449,-1
1788563820.7719,3337232,V,505,444,-1
1788563820.7719,3337240,V,504,443,-1
1788563820.7731,3337254,V,513,451,45440
1788563820.7731,3337262,V,526,462,-1
1788563820.7731,3337270,V,492,432,-1
1788563820.7731,3337278,V,506,445,-1
1788563820.7731,3337286,V,508,446,-1
1788563820.7731,3337294,V,511,449,-1
1788563820.8705,3337308,V,511,449,45441
1788563820.8706,3337316,V,495,435,-1
1788563820.8706,3337324,V,495,435,-1
1788563820.8706,3337332,V,480,422,-1
1788563820.8706,3337340,V,515,453,-1
1788563820.8706,3337348,V,504,443,-1
1788563820.9194,3337361,V,518,455,45442
1788563820.9195,3337369,V,514,452,-1
1788563820.9195,3337377,V,509,447,-1
1788563820.9195,3337385,V,517,454,-1
1788563820.9195,3337393,V,544,478,-1
1788563820.9195,3337401,V,515,453,-1
1788563820.9668,3337415,V,506,445,45443
1788563820.9668,3337423,V,506,445,-1
1788563820.9668,3337431,V,528,464,-1
1788563820.9668,3337439,V,523,460,-1
1788563820.9668,3337447,V,528,464,-1
1788563820.9669,3337455,V,495,435,-1
1788563821.0155,3337469,V,519,456,45444
1788563821.0156,3337477,V,552,485,-1
1788563821.0156,3337485,V,499,439,-1
1788563821.0156,3337493,V,534,469,-1
1788563821.0156,3337501,V,532,468,-1
1788563821.0156,3337509,V,504,443,-1
1788563821.0659,3337523,V,517,454,45445
1788563821.0659,3337531,V,519,456,-1
1788563821.0659,3337539,V,522,459,-1
1788563821.0659,3337547,V,535,470,-1
1788563821.0659,3337555,V,501,440,-1
1788563821.0659,3337563,V,505,444,-1
1788563821.1147,3337577,V,519,456,45446
1788563821.1148,3337585,V,515,453,-1
1788563821.1148,3337593,V,495,435,-1
1788563821.1148,3337601,V,505,444,-1
1788563821.1148,3337609,V,510,448,-1
1788563821.1148,3337617,V,516,454,-1
1788563821.1626,3337630,V,539,474,45447
1788563821.1626,3337638,V,521,458,-1
1788563821.1626,3337646,V,519,456,-1
1788563821.1626,3337654,V,511,449,-1
1788563821.1626,3337662,V,547,481,-1
1788563821.1626,3337670,V,507,446,-1
1788563821.2108,3337684,V,506,445,45448
1788563821.2108,3337692,V,524,461,-1
1788563821.2108,3337700,V,524,461,-1
1788563821.2108,3337708,V,532,468,-1
1788563821.2108,3337716,V,509,447,-1
1788563821.2108,3337724,V,503,442,-1
1788563821.2597,3337738,V,508,446,45449
1788563821.2597,3337746,V,515,453,-1
1788563821.2597,3337754,V,516,454,-1
1788563821.2597,3337762,V,475,417,-1
1788563821.2597,3337770,V,536,471,-1
1788563821.2597,3337778,V,507,446,-1
1788563821.3084,3337791,V,520,457,45450
1788563821.3085,3337799,V,513,451,-1
1788563821.3085,3337807,V,506,445,-1
1788563821.3085,3337815,V,495,435,-1
1788563821.3085,3337823,V,506,445,-1
1788563821.3085,3337831,V,532,468,-1
1788563821.4083,3337845,V,500,439,45451
1788563821.4084,3337853,V,506,445,-1
1788563821.4084,3337861,V,507,446,-1
1788563821.4084,3337869,V,508,446,-1
1788563821.4085,3337877,V,490,431,-1
1788563821.4085,3337885,V,494,434,-1
1788563821.4584,3337899,V,492,432,45452
1788563821.4584,3337907,V,494,434,-1
1788563821.4584,3337915,V,520,457,-1
1788563821.4584,3337923,V,499,439,-1
1788563821.4584,3337931,V,527,463,-1
1788563821.4584,3337939,V,539,474,-1
1788563821.5052,3337953,V,532,468,45453
1788563821.5053,3337961,V,501,440,-1
1788563821.5053,3337969,V,525,461,-1
1788563821.5053,3337977,V,534,469,-1
1788563821.5053,3337985,V,491,432,-1
1788563821.5053,3337993,V,503,442,-1
1788563821.5520,3338006,V,518,455,45454
1788563821.5520,3338014,V,515,453,-1
1788563821.5520,3338022,V,518,455,-1
1788563821.5520,3338030,V,537,472,-1
1788563821.5520,3338038,V,522,459,-1
1788563821.5520,3338046,V,516,454,-1
1788563821.6008,3338060,V,535,470,45455
1788563821.6008,3338068,V,519,456,-1
1788563821.6008,3338076,V,529,465,-1
1788563821.6008,3338084,V,487,428,-1
1788563821.6008,3338092,V,526,462,-1
1788563821.6008,3338100,V,506,445,-1
1788563821.6494,3338114,V,524,461,45456
1788563821.6496,3338122,V,495,435,-1
1788563821.6496,3338130,V,492,432,-1
1788563821.6496,3338138,V,519,456,-1
1788563821.6496,3338146,V,502,441,-1
1788563821.6496,3338154,V,489,430,-1
1788563821.6988,3338168,V,528,464,45457
1788563821.6989,3338176,V,513,451,-1
1788563821.6989,3338184,V,518,455,-1
1788563821.6989,3338192,V,516,454,-1
1788563821.6989,3338200,V,505,444,-1
1788563821.6989,3338208,V,487,428,-1
1788563821.7471,3338221,V,518,455,45458
1788563821.7471,3338229,V,513,451,-1
1788563821.7472,3338237,V,523,460,-1
1788563821.7472,3338245,V,515,453,-1
1788563821.7472,3338253,V,498,438,-1
1788563821.7472,3338261,V,512,450,-1
1788563821.7979,3338275,V,478,420,45459
1788563821.7979,3338283,V,503,442,-1
1788563821.7980,3338291,V,524,461,-1
1788563821.7980,3338299,V,514,452,-1
1788563821.7980,3338307,V,498,438,-1
1788563821.7980,3338315,V,528,464,-1
1788563821.8933,3338329,V,501,440,45460
1788563821.8935,3338337,V,525,461,-1
1788563821.8935,3338345,V,499,439,-1
1788563821.8935,3338353,V,513,451,-1
1788563821.8935,3338361,V,510,448,-1
1788563821.8935,3338369,V,576,506,-1
1788563821.9424,3338383,V,523,460,45461
1788563821.9425,3338391,V,499,439,-1
1788563821.9425,3338399,V,494,434,-1
1788563821.9425,3338407,V,492,432,-1
1788563821.9425,3338415,V,519,456,-1
1788563821.9425,3338423,V,503,442,-1
1788563821.9908,3338436,V,506,445,45462
1788563821.9909,3338444,V,522,459,-1
1788563821.9909,3338452,V,513,451,-1
1788563821.9909,3338460,V,521,458,-1
1788563821.9909,3338468,V,531,467,-1
1788563821.9909,3338476,V,531,467,-1
1788563822.0422,3338490,V,533,468,45463
1788563822.0423,3338498,V,515,453,-1
1788563822.0423,3338506,V,506,445,-1
1788563822.0423,3338514,V,525,461,-1
1788563822.0423,3338522,V,500,439,-1
1788563822.0423,3338530,V,496,436,-1
1788563822.0905,3338544,V,514,452,45464
1788563822.0906,3338552,V,521,458,-1
1788563822.0906,3338560,V,536,471,-1
1788563822.0906,3338568,V,535,470,-1
1788563822.0906,3338576,V,507,446,-1
1788563822.0906,3338584,V,492,432,-1
1788563822.1375,3338597,V,510,448,45465
1788563822.1380,3338605,V,515,453,-1
1788563822.1381,3338613,V,535,470,-1
1788563822.1381,3338621,V,533,468,-1
1788563822.1381,3338629,V,481,423,-1
1788563822.1381,3338637,V,520,457,-1
1788563822.1861,3338651,V,517,454,45466
1788563822.1861,3338659,V,517,454,-1
1788563822.1861,3338667,V,495,435,-1
1788563822.1861,3338675,V,518,455,-1
1788563822.1861,3338683,V,526,462,-1
1788563822.1861,3338691,V,504,443,-1
1788563822.2346,3338705,V,492,432,45467
1788563822.2346,3338713,V,505,444,-1
1788563822.2346,3338721,V,499,439,-1
1788563822.2346,3338729,V,496,436,-1
1788563822.2347,3338737,V,523,460,-1
1788563822.2347,3338745,V,497,437,-1
1788563822.2870,3338759,V,535,470,45468
1788563822.2871,3338767,V,513,451,-1
1788563822.2871,3338775,V,496,436,-1
1788563822.2871,3338783,V,513,451,-1
1788563822.2871,3338791,V,513,451,-1
1788563822.2871,3338799,V,537,472,-1
1788563822.3334,3338812,V,564,496,45469
1788563822.3334,3338820,V,499,439,-1
1788563822.3334,3338828,V,500,439,-1
1788563822.3334,3338836,V,507,446,-1
1788563822.3335,3338844,V,512,450,-1
1788563822.3335,3338852,V,511,449,-1
1788563822.4299,3338866,V,490,431,45470
1788563822.4301,3338874,V,539,474,-1
1788563822.4301,3338882,V,523,460,-1
1788563822.4301,3338890,V,499,439,-1
1788563822.4301,3338898,V,531,467,-1
1788563822.4301,3338906,V,499,439,-1
1788563822.4787,3338920,V,485,426,45471
1788563822.4788,3338928,V,532,468,-1
1788563822.4788,3338936,V,510,448,-1
1788563822.4788,3338944,V,509,447,-1
1788563822.4788,3338952,V,523,460,-1
1788563822.4788,3338960,V,520,457,-1
1788563822.5274,3338973,V,494,434,45472
1788563822.5275,3338981,V,537,472,-1
1788563822.5275,3338989,V,496,436,-1
1788563822.5275,3338997,V,489,430,-1
1788563822.5275,3339005,V,501,440,-1
1788563822.5275,3339013,V,530,466,-1
1788563822.5759,3339027,V,510,448,45473
1788563822.5759,3339035,V,512,450,-1
1788563822.5759,3339043,V,506,445,-1
1788563822.5759,3339051,V,546,480,-1
1788563822.5759,3339059,V,509,447,-1
1788563822.5759,3339067,V,483,425,-1
1788563822.6263,3339081,V,484,425,45474
1788563822.6264,3339089,V,535,470,-1
1788563822.6264,3339097,V,520,457,-1
1788563822.6264,3339105,V,518,455,-1
1788563822.6264,3339113,V,508,446,-1
1788563822.6264,3339121,V,495,435,-1
1788563822.6751,3339135,V,518,455,45475
1788563822.6752,3339143,V,514,452,-1
1788563822.6752,3339151,V,518,455,-1
1788563822.6752,3339159,V,506,445,-1
1788563822.6752,3339167,V,509,447,-1
1788563822.6753,3339175,V,529,465,-1
1788563822.7224,3339188,V,511,449,45476
1788563822.7225,3339196,V,531,467,-1
1788563822.7225,3339204,V,545,479,-1
1788563822.7225,3339212,V,508,446,-1
1788563822.7225,3339220,V,504,443,-1
1788563822.7225,3339228,V,522,459,-1
1788563822.7710,3339242,V,514,452,45477
1788563822.7710,3339250,V,561,493,-1
1788563822.7710,3339258,V,518,455,-1
1788563822.7711,3339266,V,499,439,-1
1788563822.7711,3339274,V,520,457,-1
1788563822.7711,3339282,V,501,440,-1
1788563822.8198,3339296,V,489,430,45478
1788563822.8198,3339304,V,513,451,-1
1788563822.8198,3339312,V,525,461,-1
1788563822.8198,3339320,V,511,449,-1
1788563822.8198,3339328,V,514,452,-1
1788563822.8198,3339336,V,519,456,-1
1788563822.8682,3339350,V,483,425,45479
1788563822.8683,3339358,V,491,432,-1
1788563822.8683,3339366,V,491,432,-1
1788563822.8683,3339374,V,491,432,-1
1788563822.8683,3339382,V,514,452,-1
1788563822.8683,3339390,V,508,446,-1
1788563822.9665,3339403,V,516,454,45480
1788563822.9666,3339411,V,493,433,-1
1788563822.9666,3339419,V,490,431,-1
1788563822.9666,3339427,V,531,467,-1
1788563822.9666,3339435,V,475,417,-1
1788563822.9666,3339443,V,525,461,-1
1788563823.0148,3339457,V,509,447,45481
1788563823.0148,3339465,V,505,444,-1
1788563823.0148,3339473,V,511,449,-1
1788563823.0148,3339481,V,534,469,-1
1788563823.0148,3339489,V,500,439,-1
1788563823.0148,3339497,V,507,446,-1
1788563823.0168,3339512,KEYUP,,,
1788563823.0648,3339511,V,499,439,45482
1788563823.0648,3339519,V,518,455,-1
1788563823.0648,3339527,V,500,439,-1
1788563823.0648,3339535,V,499,439,-1
1788563823.0648,3339543,V,512,450,-1
1788563823.0648,3339551,V,489,430,-1
1788563823.0650,3339592,KEYDOWN,,,
1788563823.1119,3339565,V,524,461,45483
1788563823.1119,3339573,V,521,458,-1
1788563823.1119,3339581,V,517,454,-1
1788563823.1119,3339589,V,525,461,-1
1788563823.1119,3339597,V,495,435,-1
1788563823.1119,3339605,V,514,452,-1
1788563823.1606,3339619,V,513,451,45484
1788563823.1607,3339627,V,538,473,-1
1788563823.1607,3339635,V,508,446,-1
1788563823.1607,3339643,V,505,444,-1
1788563823.1607,3339651,V,519,456,-1
1788563823.1607,3339659,V,521,458,-1
1788563823.2600,3339673,V,518,455,45485
1788563823.2602,3339681,V,530,466,-1
1788563823.2602,3339689,V,514,452,-1
1788563823.2602,3339697,V,526,462,-1
1788563823.2602,3339705,V,514,452,-1
1788563823.2602,3339713,V,506,445,-1
1788563823.2604,3339726,V,529,465,45486
1788563823.2605,3339734,V,486,427,-1
1788563823.2605,3339742,V,521,458,-1
1788563823.2605,3339750,V,517,454,-1
1788563823.2605,3339758,V,509,447,-1
1788563823.2605,3339766,V,520,457,-1
1788563823.3068,3339780,V,503,442,45487
1788563823.3068,3339788,V,509,447,-1
1788563823.3068,3339796,V,514,452,-1
1788563823.3068,3339804,V,528,464,-1
1788563823.3068,3339812,V,531,467,-1
1788563823.3068,3339820,V,497,437,-1
1788563823.3556,3339834,V,507,446,45488
1788563823.3556,3339842,V,505,444,-1
1788563823.3556,3339850,V,498,438,-1
1788563823.3556,3339858,V,525,461,-1
1788563823.3556,3339866,V,498,438,-1
1788563823.3556,3339874,V,481,423,-1
1788563823.4045,3339888,V,511,449,45489
1788563823.4045,3339896,V,531,467,-1
1788563823.4045,3339904,V,504,443,-1
1788563823.4045,3339912,V,511,449,-1
1788563823.4045,3339920,V,519,456,-1
1788563823.4045,3339928,V,520,457,-1
1788563823.5021,3339941,V,512,450,45490
1788563823.5022,3339949,V,523,460,-1
1788563823.5022,3339957,V,476,418,-1
1788563823.5022,3339965,V,508,446,-1
1788563823.5022,3339973,V,537,472,-1
1788563823.5022,3339981,V,483,425,-1
1788563823.5519,3339995,V,518,455,45491
1788563823.5520,3340003,V,496,436,-1
1788563823.5520,3340011,V,536,471,-1
1788563823.5520,3340019,V,501,440,-1
1788563823.5520,3340027,V,532,468,-1
1788563823.5520,3340035,V,516,454,-1
1788563823.6012,3340049,V,523,460,45492
1788563823.6012,3340057,V,501,440,-1
1788563823.6012,3340065,V,501,440,-1
1788563823.6012,3340073,V,526,462,-1
1788563823.6012,3340081,V,500,439,-1
1788563823.6013,3340089,V,499,439,-1
1788563823.6970,3340102,V,512,450,45493
1788563823.6970,3340110,V,485,426,-1
1788563823.6970,3340118,V,511,449,-1
1788563823.6970,3340126,V,526,462,-1
1788563823.6970,3340134,V,531,467,-1
1788563823.6970,3340142,V,511,449,-1
1788563823.6981,3340156,V,494,434,45494
1788563823.6981,3340164,V,518,455,-1
1788563823.6982,3340172,V,513,451,-1
1788563823.6982,3340180,V,519,456,-1
1788563823.6982,3340188,V,542,476,-1
1788563823.6982,3340196,V,522,459,-1
1788563823.7453,3340210,V,537,472,45495
1788563823.7454,3340218,V,512,450,-1
1788563823.7454,3340226,V,508,446,-1
1788563823.7454,3340234,V,487,428,-1
1788563823.7454,3340242,V,523,460,-1
1788563823.7454,3340250,V,517,454,-1
1788563823.7944,3340264,V,508,446,45496
1788563823.7944,3340272,V,537,472,-1
1788563823.7945,3340280,V,516,454,-1
1788563823.7945,3340288,V,515,453,-1
1788563823.7945,3340296,V,503,442,-1
1788563823.7945,3340304,V,558,490,-1
1788563823.8448,3340317,V,542,476,45497
1788563823.8448,3340325,V,492,432,-1
1788563823.8448,3340333,V,508,446,-1
1788563823.8448,3340341,V,506,445,-1
1788563823.8448,3340349,V,520,457,-1
1788563823.8448,3340357,V,526,462,-1
1788563823.8939,3340371,V,536,471,45498
1788563823.8940,3340379,V,500,439,-1
1788563823.8940,3340387,V,524,461,-1
1788563823.8940,3340395,V,495,435,-1
1788563823.8940,3340403,V,529,465,-1
1788563823.8940,3340411,V,516,454,-1
1788563823.9894,3340425,V,526,462,45499
1788563823.9895,3340433,V,517,454,-1
1788563823.9895,3340441,V,534,469,-1
1788563823.9895,3340449,V,494,434,-1
1788563823.9895,3340457,V,515,453,-1
1788563823.9895,3340465,V,539,474,-1
1788563824.0383,3340479,V,524,461,45500
1788563824.0383,3340487,V,501,440,-1
1788563824.0383,3340495,V,505,444,-1
1788563824.0383,3340503,V,495,435,-1
1788563824.0384,3340511,V,499,439,-1
1788563824.0384,3340519,V,522,459,-1
1788563824.0887,3340533,V,507,446,45501
1788563824.0887,3340541,V,534,469,-1
1788563824.0887,3340549,V,501,440,-1
1788563824.0887,3340557,V,527,463,-1
1788563824.0887,3340565,V,505,444,-1
1788563824.0887,3340573,V,495,435,-1
1788563824.1866,3340586,V,503,442,45502
1788563824.1866,3340594,V,519,456,-1
1788563824.1866,3340602,V,529,465,-1
1788563824.1866,3340610,V,504,443,-1
1788563824.1866,3340618,V,515,453,-1
1788563824.1866,3340626,V,496,436,-1
1788563824.1869,3340640,V,490,431,45503
1788563824.1869,3340648,V,524,461,-1
1788563824.1869,3340656,V,527,463,-1
1788563824.1869,3340664,V,552,485,-1
1788563824.1869,3340672,V,520,457,-1
1788563824.1869,3340680,V,502,441,-1
1788563824.2341,3340694,V,518,455,45504
1788563824.2342,3340702,V,517,454,-1
1788563824.2343,3340710,V,532,468,-1
1788563824.2343,3340718,V,528,464,-1
1788563824.2343,3340726,V,513,451,-1
1788563824.2343,3340734,V,518,455,-1
1788563824.2823,3340747,V,548,482,45505
1788563824.2823,3340755,V,498,438,-1
1788563824.2824,3340763,V,520,457,-1
1788563824.2824,3340771,V,521,458,-1
1788563824.2824,3340779,V,513,451,-1
1788563824.2824,3340787,V,504,443,-1
1788563824.3306,3340801,V,525,461,45506
1788563824.3306,3340809,V,551,484,-1
1788563824.3306,3340817,V,497,437,-1
1788563824.3306,3340825,V,525,461,-1
1788563824.3306,3340833,V,500,439,-1
1788563824.3306,3340841,V,506,445,-1
1788563824.3794,3340855,V,526,462,45507
1788563824.3795,3340863,V,525,461,-1
1788563824.3795,3340871,V,509,447,-1
1788563824.3795,3340879,V,514,452,-1
1788563824.3795,3340887,V,527,463,-1
1788563824.3795,3340895,V,525,461,-1
1788563824.4301,3340909,V,569,500,45508
1788563824.4302,3340917,V,504,443,-1
1788563824.4302,3340925,V,512,450,-1
1788563824.4302,3340933,V,502,441,-1
1788563824.4302,3340941,V,526,462,-1
1788563824.4302,3340949,V,516,454,-1
1788563824.5259,3340962,V,514,452,45509
1788563824.5260,3340970,V,517,454,-1
1788563824.5261,3340978,V,523,460,-1
1788563824.5261,3340986,V,531,467,-1
1788563824.5261,3340994,V,537,472,-1
1788563824.5261,3341002,V,491,432,-1
1788563824.5759,3341016,V,505,444,45510
1788563824.5759,3341024,V,490,431,-1
1788563824.5759,3341032,V,495,435,-1
1788563824.5759,3341040,V,522,459,-1
1788563824.5759,3341048,V,510,448,-1
1788563824.5759,3341056,V,516,454,-1
1788563824.6238,3341070,V,513,451,45511
1788563824.6238,3341078,V,507,446,-1
1788563824.6238,3341086,V,515,453,-1
1788563824.6238,3341094,V,512,450,-1
1788563824.6238,3341102,V,542,476,-1
1788563824.6238,3341110,V,504,443,-1
1788563824.6725,3341124,V,486,427,45512
1788563824.6725,3341132,V,513,451,-1
1788563824.6725,3341140,V,526,462,-1
1788563824.6725,3341148,V,522,459,-1
1788563824.6726,3341156,V,511,449,-1
1788563824.6726,3341164,V,491,432,-1
1788563824.7248,3341177,V,517,454,45513
1788563824.7248,3341185,V,537,472,-1
1788563824.7248,3341193,V,517,454,-1
1788563824.7248,3341201,V,512,450,-1
1788563824.7248,3341209,V,517,454,-1
1788563824.7248,3341217,V,507,446,-1
1788563824.7723,3341231,V,497,437,45514
1788563824.7724,3341239,V,504,443,-1
1788563824.7724,3341247,V,501,440,-1
1788563824.7724,3341255,V,507,446,-1
1788563824.7724,3341263,V,506,445,-1
1788563824.7725,3341271,V,522,459,-1
1788563824.8197,3341285,V,505,444,45515
1788563824.8197,3341293,V,497,437,-1
1788563824.8198,3341301,V,518,455,-1
1788563824.8198,3341309,V,537,472,-1
1788563824.8198,3341317,V,508,446,-1
1788563824.8198,3341325,V,515,453,-1
1788563824.9162,3341338,V,523,460,45516
1788563824.9162,3341346,V,568,499,-1
1788563824.9162,3341354,V,508,446,-1
1788563824.9162,3341362,V,521,458,-1
1788563824.9162,3341370,V,532,468,-1
1788563824.9162,3341378,V,513,451,-1
1788563824.9173,3341392,V,493,433,45517
1788563824.9173,3341400,V,497,437,-1
1788563824.9173,3341408,V,498,438,-1
1788563824.9173,3341416,V,530,466,-1
1788563824.9173,3341424,V,541,475,-1
1788563824.9173,3341432,V,532,468,-1
1788563824.9645,3341446,V,522,459,45518
1788563824.9645,3341454,V,490,431,-1
1788563824.9645,3341462,V,506,445,-1
1788563824.9645,3341470,V,502,441,-1
1788563824.9646,3341478,V,523,460,-1
1788563824.9646,3341486,V,521,458,-1
1788563825.0635,3341500,V,502,441,45519
1788563825.0636,3341508,V,510,448,-1
1788563825.0637,3341516,V,514,452,-1
1788563825.0637,3341524,V,519,456,-1
1788563825.0637,3341532,V,537,472,-1
1788563825.0637,3341540,V,505,444,-1
1788563825.1121,3341554,V,515,453,45520
1788563825.1121,3341562,V,522,459,-1
1788563825.1121,3341570,V,513,451,-1
1788563825.1121,3341578,V,510,448,-1
1788563825.1121,3341586,V,509,447,-1
1788563825.1122,3341594,V,507,446,-1
1788563825.2094,3341607,V,519,456,45521
1788563825.2094,3341615,V,486,427,-1
1788563825.2094,3341623,V,515,453,-1
1788563825.2094,3341631,V,493,433,-1
1788563825.2094,3341639,V,514,452,-1
1788563825.2094,3341647,V,520,457,-1
1788563825.2106,3341661,V,527,463,45522
1788563825.2106,3341669,V,516,454,-1
1788563825.2106,3341677,V,504,443,-1
1788563825.2106,3341685,V,505,444,-1
1788563825.2106,3341693,V,512,450,-1
1788563825.2106,3341701,V,510,448,-1
1788563825.2582,3341715,V,514,452,45523
1788563825.2582,3341723,V,551,484,-1
1788563825.2582,3341731,V,512,450,-1
1788563825.2582,3341739,V,509,447,-1
1788563825.2582,3341747,V,515,453,-1
1788563825.2582,3341755,V,511,449,-1
1788563825.3096,3341768,V,506,445,45524
1788563825.3098,3341776,V,509,447,-1
1788563825.3098,3341784,V,579,509,-1
1788563825.3098,3341792,V,517,454,-1
1788563825.3098,3341800,V,521,458,-1
1788563825.3098,3341808,V,517,454,-1
1788563825.3565,3341822,V,535,470,45525
1788563825.3565,3341830,V,496,436,-1
1788563825.3565,3341838,V,523,460,-1
1788563825.3566,3341846,V,521,458,-1
1788563825.3566,3341854,V,506,445,-1
1788563825.3566,3341862,V,503,442,-1
1788563825.4062,3341876,V,519,456,45526
1788563825.4063,3341884,V,495,435,-1
1788563825.4063,3341892,V,504,443,-1
1788563825.4063,3341900,V,503,442,-1
1788563825.4063,3341908,V,515,453,-1
1788563825.4063,3341916,V,515,453,-1
1788563825.4531,3341930,V,504,443,45527
1788563825.4531,3341938,V,507,446,-1
1788563825.4531,3341946,V,535,470,-1
1788563825.4532,3341954,V,521,458,-1
1788563825.4532,3341962,V,528,464,-1
1788563825.4532,3341970,V,529,465,-1
1788563825.5009,3341983,V,535,470,45528
1788563825.5009,3341991,V,538,473,-1
1788563825.5009,3341999,V,505,444,-1
1788563825.5009,3342007,V,501,440,-1
1788563825.5009,3342015,V,492,432,-1
1788563825.5009,3342023,V,515,453,-1
1788563825.6495,3342037,V,521,458,45529
1788563825.6497,3342045,V,518,455,-1
1788563825.6497,3342053,V,535,470,-1
1788563825.6497,3342061,V,527,463,-1
1788563825.6497,3342069,V,503,442,-1
1788563825.6497,3342077,V,499,439,-1
1788563825.6501,3342091,V,519,456,45530
1788563825.6501,3342099,V,519,456,-1
1788563825.6501,3342107,V,491,432,-1
1788563825.6501,3342115,V,507,446,-1
1788563825.6501,3342123,V,526,462,-1
1788563825.6501,3342131,V,512,450,-1
1788563825.6976,3342144,V,546,480,45531
1788563825.6976,3342152,V,526,462,-1
1788563825.6976,3342160,V,499,439,-1
1788563825.6976,3342168,V,503,442,-1
1788563825.6976,3342176,V,533,468,-1
1788563825.6977,3342184,V,542,476,-1
1788563825.7456,3342198,V,496,436,45532
1788563825.7456,3342206,V,516,454,-1
1788563825.7456,3342214,V,509,447,-1
1788563825.7456,3342222,V,556,489,-1
1788563825.7456,3342230,V,508,446,-1
1788563825.7456,3342238,V,522,459,-1
1788563825.7933,3342252,V,553,486,45533
1788563825.7933,3342260,V,516,454,-1
1788563825.7933,3342268,V,520,457,-1
1788563825.7933,3342276,V,548,482,-1
1788563825.7933,3342284,V,509,447,-1
1788563825.7934,3342292,V,524,461,-1
1788563825.8424,3342306,V,528,464,45534
1788563825.8424,3342314,V,515,453,-1
1788563825.8424,3342322,V,515,453,-1
1788563825.8424,3342330,V,538,473,-1
1788563825.8425,3342338,V,532,468,-1
1788563825.8425,3342346,V,524,461,-1
1788563825.8922,3342359,V,504,443,45535
1788563825.8923,3342367,V,511,449,-1
1788563825.8923,3342375,V,524,461,-1
1788563825.8924,3342383,V,527,463,-1
1788563825.8924,3342391,V,530,466,-1
1788563825.8924,3342399,V,511,449,-1
1788563825.9415,3342413,V,496,436,45536
1788563825.9416,3342421,V,535,470,-1
1788563825.9417,3342429,V,516,454,-1
1788563825.9417,3342437,V,506,445,-1
1788563825.9418,3342445,V,492,432,-1
1788563825.9418,3342453,V,501,440,-1
1788563826.0369,3342467,V,514,452,45537
1788563826.0369,3342475,V,510,448,-1
1788563826.0369,3342483,V,501,440,-1
1788563826.0369,3342491,V,528,464,-1
1788563826.0369,3342499,V,500,439,-1
1788563826.0369,3342507,V,509,447,-1
1788563826.0380,3342521,V,532,468,45538
1788563826.0380,3342529,V,528,464,-1
1788563826.0380,3342537,V,526,462,-1
1788563826.0380,3342545,V,496,436,-1
1788563826.0380,3342553,V,535,470,-1
1788563826.0380,3342561,V,522,459,-1
1788563826.1342,3342574,V,488,429,45539
1788563826.1343,3342582,V,505,444,-1
1788563826.1343,3342590,V,522,459,-1
1788563826.1343,3342598,V,513,451,-1
1788563826.1343,3342606,V,517,454,-1
1788563826.1343,3342614,V,522,459,-1
1788563826.1830,3342628,V,535,470,45540
1788563826.1830,3342636,V,513,451,-1
1788563826.1830,3342644,V,524,461,-1
1788563826.1830,3342652,V,515,453,-1
1788563826.1830,3342660,V,531,467,-1
1788563826.1830,3342668,V,514,452,-1
1788563826.2345,3342682,V,514,452,45541
1788563826.2345,3342690,V,490,431,-1
1788563826.2345,3342698,V,504,443,-1
1788563826.2345,3342706,V,495,435,-1
1788563826.2345,3342714,V,503,442,-1
1788563826.2345,3342722,V,498,438,-1
1788563826.2827,3342736,V,533,468,45542
1788563826.2827,3342744,V,496,436,-1
1788563826.2827,3342752,V,546,480,-1
1788563826.2827,3342760,V,520,457,-1
1788563826.2827,3342768,V,521,458,-1
1788563826.2827,3342776,V,530,466,-1
1788563826.3295,3342789,V,514,452,45543
1788563826.3296,3342797,V,520,457,-1
1788563826.3296,3342805,V,538,473,-1
1788563826.3296,3342813,V,514,452,-1
1788563826.3296,3342821,V,507,446,-1
1788563826.3296,3342829,V,525,461,-1
1788563826.3783,3342843,V,525,461,45544
1788563826.3783,3342851,V,509,447,-1
1788563826.3784,3342859,V,506,445,-1
1788563826.3784,3342867,V,533,468,-1
1788563826.3784,3342875,V,515,453,-1
1788563826.3784,3342883,V,510,448,-1
1788563826.4271,3342897,V,502,441,45545
1788563826.4271,3342905,V,544,478,-1
1788563826.4271,3342913,V,488,429,-1
1788563826.4271,3342921,V,521,458,-1
1788563826.4271,3342929,V,522,459,-1
1788563826.4271,3342937,V,533,468,-1
1788563826.4757,3342950,V,493,433,45546
1788563826.4757,3342958,V,539,474,-1
1788563826.4757,3342966,V,509,447,-1
1788563826.4757,3342974,V,509,447,-1
1788563826.4757,3342982,V,487,428,-1
1788563826.4757,3342990,V,517,454,-1
1788563826.5261,3343004,V,516,454,45547
1788563826.5261,3343012,V,528,464,-1
1788563826.5261,3343020,V,505,444,-1
1788563826.5261,3343028,V,505,444,-1
1788563826.5261,3343036,V,499,439,-1
1788563826.5261,3343044,V,538,473,-1
1788563826.6220,3343058,V,539,474,45548
1788563826.6221,3343066,V,516,454,-1
1788563826.6221,3343074,V,514,452,-1
1788563826.6221,3343082,V,524,461,-1
1788563826.6221,3343090,V,532,468,-1
1788563826.6221,3343098,V,526,462,-1
1788563826.6707,3343112,V,509,447,45549
1788563826.6707,3343120,V,523,460,-1
1788563826.6707,3343128,V,537,472,-1
1788563826.6707,3343136,V,504,443,-1
1788563826.6707,3343144,V,491,432,-1
1788563826.6707,3343152,V,485,426,-1
1788563826.7195,3343165,V,538,473,45550
1788563826.7195,3343173,V,496,436,-1
1788563826.7195,3343181,V,516,454,-1
1788563826.7195,3343189,V,524,461,-1
1788563826.7195,3343197,V,510,448,-1
1788563826.7195,3343205,V,511,449,-1
1788563826.7683,3343219,V,517,454,45551
1788563826.7683,3343227,V,547,481,-1
1788563826.7683,3343235,V,525,461,-1
1788563826.7683,3343243,V,519,456,-1
1788563826.7683,3343251,V,508,446,-1
1788563826.7683,3343259,V,527,463,-1
1788563826.8188,3343273,V,524,461,45552
1788563826.8188,3343281,V,530,466,-1
1788563826.8188,3343289,V,543,477,-1
1788563826.8188,3343297,V,502,441,-1
1788563826.8188,3343305,V,527,463,-1
1788563826.8188,3343313,V,512,450,-1
1788563826.8667,3343326,V,494,434,45553
1788563826.8669,3343334,V,503,442,-1
1788563826.8669,3343342,V,527,463,-1
1788563826.8669,3343350,V,516,454,-1
1788563826.8669,3343358,V,537,472,-1
1788563826.8669,3343366,V,496,436,-1
1788563826.9146,3343380,V,503,442,45554
1788563826.9147,3343388,V,512,450,-1
1788563826.9147,3343396,V,527,463,-1
1788563826.9147,3343404,V,502,441,-1
1788563826.9147,3343412,V,504,443,-1
1788563826.9147,3343420,V,519,456,-1
1788563826.9632,3343434,V,518,455,45555
1788563826.9632,3343442,V,522,459,-1
1788563826.9632,3343450,V,512,450,-1
1788563826.9632,3343458,V,513,451,-1
1788563826.9633,3343466,V,517,454,-1
1788563826.9633,3343474,V,518,455,-1
1788563827.0119,3343488,V,519,456,45556
1788563827.0119,3343496,V,504,443,-1
1788563827.0119,3343504,V,488,429,-1
1788563827.0119,3343512,V,508,446,-1
1788563827.0120,3343520,V,497,437,-1
1788563827.0120,3343528,V,532,468,-1
1788563827.0607,3343541,V,543,477,45557
1788563827.0607,3343549,V,487,428,-1
1788563827.0607,3343557,V,553,486,-1
1788563827.0607,3343565,V,521,458,-1
1788563827.0607,3343573,V,508,446,-1
1788563827.0607,3343581,V,524,461,-1
1788563827.1593,3343595,V,512,450,45558
1788563827.1594,3343603,V,503,442,-1
1788563827.1594,3343611,V,519,456,-1
1788563827.1594,3343619,V,523,460,-1
1788563827.1594,3343627,V,526,462,-1
1788563827.1595,3343635,V,523,460,-1
1788563827.2071,3343649,V,529,465,45559
1788563827.2071,3343657,V,494,434,-1
1788563827.2071,3343665,V,519,456,-1
1788563827.2071,3343673,V,523,460,-1
1788563827.2072,3343681,V,520,457,-1
1788563827.2072,3343689,V,536,471,-1
1788563827.2557,3343703,V,505,444,45560
1788563827.2557,3343711,V,513,451,-1
1788563827.2557,3343719,V,537,472,-1
1788563827.2557,3343727,V,492,432,-1
1788563827.2557,3343735,V,509,447,-1
1788563827.2558,3343743,V,499,439,-1
1788563827.3043,3343756,V,508,446,45561
1788563827.3044,3343764,V,506,445,-1
1788563827.3044,3343772,V,536,471,-1
1788563827.3044,3343780,V,517,454,-1
1788563827.3044,3343788,V,484,425,-1
1788563827.3044,3343796,V,529,465,-1
1788563827.3533,3343810,V,531,467,45562
1788563827.3533,3343818,V,516,454,-1
1788563827.3533,3343826,V,518,455,-1
1788563827.3533,3343834,V,520,457,-1
1788563827.3533,3343842,V,505,444,-1
1788563827.3533,3343850,V,527,463,-1
1788563827.4026,3343864,V,503,442,45563
1788563827.4027,3343872,V,528,464,-1
1788563827.4027,3343880,V,514,452,-1
1788563827.4027,3343888,V,508,446,-1
1788563827.4027,3343896,V,514,452,-1
1788563827.4027,3343904,V,523,460,-1
1788563827.4515,3343917,V,527,463,45564
1788563827.4516,3343925,V,537,472,-1
1788563827.4516,3343933,V,501,440,-1
1788563827.4516,3343941,V,516,454,-1
1788563827.4516,3343949,V,490,431,-1
1788563827.4516,3343957,V,521,458,-1
1788563827.5014,3343971,V,521,458,45565
1788563827.5014,3343979,V,565,497,-1
1788563827.5014,3343987,V,508,446,-1
1788563827.5015,3343995,V,522,459,-1
1788563827.5015,3344003,V,537,472,-1
1788563827.5015,3344011,V,507,446,-1
1788563827.5484,3344025,V,488,429,45566
1788563827.5484,3344033,V,518,455,-1
1788563827.5484,3344041,V,478,420,-1
1788563827.5484,3344049,V,492,432,-1
1788563827.5484,3344057,V,521,458,-1
1788563827.5484,3344065,V,518,455,-1
1788563827.5973,3344079,V,493,433,45567
1788563827.5973,3344087,V,529,465,-1
1788563827.5973,3344095,V,515,453,-1
1788563827.5973,3344103,V,515,453,-1
1788563827.5973,3344111,V,546,480,-1
1788563827.5973,3344119,V,508,446,-1
1788563827.6946,3344132,V,496,436,45568
1788563827.6947,3344140,V,490,431,-1
1788563827.6948,3344148,V,484,425,-1
1788563827.6948,3344156,V,521,458,-1
1788563827.6948,3344164,V,509,447,-1
1788563827.6948,3344172,V,518,455,-1
1788563827.7453,3344186,V,504,443,45569
1788563827.7453,3344194,V,542,476,-1
1788563827.7453,3344202,V,505,444,-1
1788563827.7453,3344210,V,521,458,-1
1788563827.7455,3344218,V,512,450,-1
1788563827.7455,3344226,V,510,448,-1
1788563827.7943,3344240,V,496,436,45570
1788563827.7944,3344248,V,533,468,-1
1788563827.7944,3344256,V,519,456,-1
1788563827.7944,3344264,V,501,440,-1
1788563827.7944,3344272,V,526,462,-1
1788563827.7944,3344280,V,516,454,-1
1788563827.8411,3344293,V,505,444,45571
1788563827.8412,3344301,V,517,454,-1
1788563827.8412,3344309,V,537,472,-1
1788563827.8412,3344317,V,517,454,-1
1788563827.8412,3344325,V,507,446,-1
1788563827.8412,3344333,V,514,452,-1
1788563827.8900,3344347,V,499,439,45572
1788563827.8900,3344355,V,533,468,-1
1788563827.8900,3344363,V,526,462,-1
1788563827.8900,3344371,V,528,464,-1
1788563827.8900,3344379,V,523,460,-1
1788563827.8900,3344387,V,496,436,-1
1788563827.9406,3344401,V,511,449,45573
1788563827.9407,3344409,V,499,439,-1
1788563827.9407,3344417,V,555,488,-1
1788563827.9407,3344425,V,527,463,-1
1788563827.9407,3344433,V,517,454,-1
1788563827.9407,3344441,V,505,444,-1
1788563827.9873,3344455,V,552,485,45574
1788563827.9873,3344463,V,505,444,-1
1788563827.9873,3344471,V,540,475,-1
1788563827.9873,3344479,V,513,451,-1
1788563827.9873,3344487,V,522,459,-1
1788563827.9873,3344495,V,507,446,-1
1788563828.0372,3344508,V,502,441,45575
1788563828.0372,3344516,V,515,453,-1
1788563828.0372,3344524,V,507,446,-1
1788563828.0372,3344532,V,512,450,-1
1788563828.0372,3344540,V,505,444,-1
1788563828.0372,3344548,V,515,453,-1
1788563828.0867,3344562,V,502,441,45576
1788563828.0867,3344570,V,518,455,-1
1788563828.0868,3344578,V,508,446,-1
1788563828.0868,3344586,V,507,446,-1
1788563828.0868,3344594,V,516,454,-1
1788563828.0868,3344602,V,497,437,-1
1788563828.1334,3344616,V,512,450,45577
1788563828.1335,3344624,V,500,439,-1
1788563828.1335,3344632,V,491,432,-1
1788563828.1335,3344640,V,485,426,-1
1788563828.1335,3344648,V,503,442,-1
1788563828.1335,3344656,V,490,431,-1
1788563828.2310,3344670,V,534,469,45578
1788563828.2312,3344678,V,537,472,-1
1788563828.2312,3344686,V,504,443,-1
1788563828.2312,3344694,V,501,440,-1
1788563828.2312,3344702,V,518,455,-1
1788563828.2312,3344710,V,531,467,-1
1788563828.2801,3344723,V,507,446,45579
1788563828.2801,3344731,V,526,462,-1
1788563828.2801,3344739,V,512,450,-1
1788563828.2801,3344747,V,540,475,-1
1788563828.2801,3344755,V,508,446,-1
1788563828.2801,3344763,V,498,438,-1
1788563828.3301,3344777,V,507,446,45580
1788563828.3301,3344785,V,505,444,-1
1788563828.3301,3344793,V,499,439,-1
1788563828.3301,3344801,V,516,454,-1
1788563828.3302,3344809,V,514,452,-1
1788563828.3302,3344817,V,498,438,-1
1788563828.3791,3344831,V,493,433,45581
1788563828.3792,3344839,V,519,456,-1
1788563828.3792,3344847,V,537,472,-1
1788563828.3792,3344855,V,559,491,-1
1788563828.3792,3344863,V,516,454,-1
1788563828.3792,3344871,V,501,440,-1
1788563828.4259,3344884,V,506,445,45582
1788563828.4259,3344892,V,508,446,-1
1788563828.4259,3344900,V,538,473,-1
1788563828.4260,3344908,V,522,459,-1
1788563828.4260,3344916,V,531,467,-1
1788563828.4260,3344924,V,531,467,-1
1788563828.4752,3344938,V,511,449,45583
1788563828.4753,3344946,V,501,440,-1
1788563828.4753,3344954,V,512,450,-1
1788563828.4754,3344962,V,536,471,-1
1788563828.4754,3344970,V,502,441,-1
1788563828.4754,3344978,V,536,471,-1
1788563828.5239,3344992,V,522,459,45584
1788563828.5239,3345000,V,517,454,-1
1788563828.5239,3345008,V,529,465,-1
1788563828.5239,3345016,V,507,446,-1
1788563828.5240,3345024,V,502,441,-1
1788563828.5240,3345032,V,505,444,-1
1788563828.5725,3345046,V,515,453,45585
1788563828.5726,3345054,V,513,451,-1
1788563828.5726,3345062,V,508,446,-1
1788563828.5726,3345070,V,515,453,-1
1788563828.5726,3345078,V,512,450,-1
1788563828.5726,3345086,V,521,458,-1
1788563828.6233,3345099,V,522,459,45586
1788563828.6234,3345107,V,519,456,-1
1788563828.6234,3345115,V,527,463,-1
1788563828.6234,3345123,V,524,461,-1
1788563828.6234,3345131,V,503,442,-1
1788563828.6234,3345139,V,524,461,-1
1788563828.7192,3345153,V,530,466,45587
1788563828.7195,3345161,V,509,447,-1
1788563828.7195,3345169,V,501,440,-1
1788563828.7195,3345177,V,497,437,-1
1788563828.7195,3345185,V,523,460,-1
1788563828.7195,3345193,V,549,483,-1
1788563828.7676,3345207,V,515,453,45588
1788563828.7676,3345215,V,504,443,-1
1788563828.7676,3345223,V,487,428,-1
1788563828.7676,3345231,V,512,450,-1
1788563828.7676,3345239,V,512,450,-1
1788563828.7676,3345247,V,521,458,-1
1788563828.8160,3345261,V,518,455,45589
1788563828.8160,3345269,V,523,460,-1
1788563828.8160,3345277,V,508,446,-1
1788563828.8160,3345285,V,526,462,-1
1788563828.8160,3345293,V,554,487,-1
1788563828.8160,3345301,V,503,442,-1
1788563828.8647,3345314,V,525,461,45590
1788563828.8648,3345322,V,523,460,-1
1788563828.8648,3345330,V,523,460,-1
1788563828.8648,3345338,V,505,444,-1
1788563828.8648,3345346,V,523,460,-1
1788563828.8648,3345354,V,502,441,-1
1788563828.9635,3345368,V,510,448,45591
1788563828.9637,3345376,V,513,451,-1
1788563828.9637,3345384,V,526,462,-1
1788563828.9638,3345392,V,471,414,-1
1788563828.9638,3345400,V,512,450,-1
1788563828.9638,3345408,V,512,450,-1
1788563828.9640,3345422,V,501,440,45592
1788563828.9640,3345430,V,488,429,-1
1788563828.9640,3345438,V,495,435,-1
1788563828.9640,3345446,V,522,459,-1
1788563828.9641,3345454,V,524,461,-1
1788563828.9641,3345462,V,527,463,-1
1788563829.0112,3345476,V,493,433,45593
1788563829.0112,3345484,V,523,460,-1
1788563829.0112,3345492,V,507,446,-1
1788563829.0112,3345500,V,507,446,-1
1788563829.0112,3345508,V,515,453,-1
1788563829.0112,3345516,V,516,454,-1
1788563829.0810,3345529,V,542,476,45594
1788563829.0810,3345537,V,542,476,-1
1788563829.0810,3345545,V,535,470,-1
1788563829.0810,3345553,V,502,441,-1
1788563829.0810,3345561,V,519,456,-1
1788563829.0810,3345569,V,501,440,-1
1788563829.1100,3345583,V,505,444,45595
1788563829.1100,3345591,V,510,448,-1
1788563829.1100,3345599,V,544,478,-1
1788563829.1100,3345607,V,530,466,-1
1788563829.1101,3345615,V,510,448,-1
1788563829.1101,3345623,V,501,440,-1
1788563829.1571,3345637,V,513,451,45596
1788563829.1571,3345645,V,528,464,-1
1788563829.1571,3345653,V,513,451,-1
1788563829.1572,3345661,V,514,452,-1
1788563829.1572,3345669,V,523,460,-1
1788563829.1572,3345677,V,527,463,-1
1788563829.2551,3345690,V,529,465,45597
1788563829.2553,3345698,V,518,455,-1
1788563829.2553,3345706,V,503,442,-1
1788563829.2553,3345714,V,501,440,-1
1788563829.2553,3345722,V,526,462,-1
1788563829.2553,3345730,V,557,490,-1
1788563829.3039,3345744,V,480,422,45598
1788563829.3039,3345752,V,521,458,-1
1788563829.3039,3345760,V,528,464,-1
1788563829.3039,3345768,V,486,427,-1
1788563829.3040,3345776,V,529,465,-1
1788563829.3040,3345784,V,528,464,-1
1788563829.3523,3345798,V,514,452,45599
1788563829.3524,3345806,V,511,449,-1
1788563829.3524,3345814,V,539,474,-1
1788563829.3524,3345822,V,522,459,-1
1788563829.3524,3345830,V,511,449,-1
1788563829.3524,3345838,V,517,454,-1
1788563829.4030,3345852,V,533,468,45600
1788563829.4030,3345860,V,520,457,-1
1788563829.4030,3345868,V,513,451,-1
1788563829.4031,3345876,V,514,452,-1
1788563829.4031,3345884,V,517,454,-1
1788563829.4031,3345892,V,498,438,-1
1788563829.4516,3345905,V,524,461,45601
1788563829.4516,3345913,V,514,452,-1
1788563829.4516,3345921,V,528,464,-1
1788563829.4516,3345929,V,502,441,-1
1788563829.4516,3345937,V,511,449,-1
1788563829.4516,3345945,V,516,454,-1
1788563829.5007,3345959,V,511,449,45602
1788563829.5008,3345967,V,518,455,-1
1788563829.5008,3345975,V,529,465,-1
1788563829.5008,3345983,V,520,457,-1
1788563829.5008,3345991,V,534,469,-1
1788563829.5008,3345999,V,502,441,-1
1788563829.5471,3346013,V,485,426,45603
1788563829.5471,3346021,V,534,469,-1
1788563829.5471,3346029,V,506,445,-1
1788563829.5471,3346037,V,516,454,-1
1788563829.5471,3346045,V,529,465,-1
1788563829.5471,3346053,V,518,455,-1
1788563829.5974,3346067,V,519,456,45604
1788563829.5975,3346075,V,545,479,-1
1788563829.5975,3346083,V,478,420,-1
1788563829.5975,3346091,V,522,459,-1
1788563829.5975,3346099,V,515,453,-1
1788563829.5975,3346107,V,514,452,-1
1788563829.6974,3346120,V,514,452,45605
1788563829.6975,3346128,V,535,470,-1
1788563829.6975,3346136,V,495,435,-1
1788563829.6975,3346144,V,510,448,-1
1788563829.6975,3346152,V,520,457,-1
1788563829.6975,3346160,V,511,449,-1
1788563829.6978,3346174,V,546,480,45606
1788563829.6978,3346182,V,543,477,-1
1788563829.6978,3346190,V,519,456,-1
1788563829.6978,3346198,V,514,452,-1
1788563829.6978,3346206,V,522,459,-1
1788563829.6978,3346214,V,491,432,-1
1788563829.7944,3346228,V,527,463,45607
1788563829.7945,3346236,V,507,446,-1
1788563829.7945,3346244,V,509,447,-1
1788563829.7945,3346252,V,517,454,-1
1788563829.7945,3346260,V,538,473,-1
1788563829.7945,3346268,V,511,449,-1
1788563829.8409,3346281,V,521,458,45608
1788563829.8410,3346289,V,495,435,-1
1788563829.8410,3346297,V,503,442,-1
1788563829.8410,3346305,V,472,415,-1
1788563829.8410,3346313,V,514,452,-1
1788563829.8410,3346321,V,519,456,-1
1788563829.8895,3346335,V,505,444,45609
1788563829.8895,3346343,V,512,450,-1
1788563829.8895,3346351,V,518,455,-1
1788563829.8895,3346359,V,502,441,-1
1788563829.8895,3346367,V,522,459,-1
1788563829.8895,3346375,V,525,461,-1
1788563829.9403,3346389,V,519,456,45610
1788563829.9403,3346397,V,523,460,-1
1788563829.9403,3346405,V,504,443,-1
1788563829.9403,3346413,V,514,452,-1
1788563829.9403,3346421,V,520,457,-1
1788563829.9403,3346429,V,502,441,-1
1788563829.9885,3346443,V,532,468,45611
1788563829.9885,3346451,V,492,432,-1
1788563829.9885,3346459,V,504,443,-1
1788563829.9885,3346467,V,514,452,-1
1788563829.9885,3346475,V,501,440,-1
1788563829.9885,3346483,V,514,452,-1
1788563830.0350,3346496,V,513,451,45612
1788563830.0351,3346504,V,526,462,-1
1788563830.0351,3346512,V,504,443,-1
1788563830.0351,3346520,V,517,454,-1
1788563830.0351,3346528,V,514,452,-1
1788563830.0351,3346536,V,518,455,-1
1788563830.0859,3346550,V,509,447,45613
1788563830.0859,3346558,V,525,461,-1
1788563830.0859,3346566,V,512,450,-1
1788563830.0859,3346574,V,535,470,-1
1788563830.0859,3346582,V,516,454,-1
1788563830.0859,3346590,V,516,454,-1
1788563830.1334,3346604,V,532,468,45614
1788563830.1334,3346612,V,535,470,-1
1788563830.1334,3346620,V,506,445,-1
1788563830.1334,3346628,V,489,430,-1
1788563830.1334,3346636,V,495,435,-1
1788563830.1334,3346644,V,506,445,-1
1788563830.1826,3346658,V,508,446,45615
1788563830.1826,3346666,V,534,469,-1
1788563830.1826,3346674,V,510,448,-1
1788563830.1826,3346682,V,525,461,-1
1788563830.1826,3346690,V,538,473,-1
1788563830.1826,3346698,V,529,465,-1
1788563830.2314,3346711,V,512,450,45616
1788563830.2314,3346719,V,500,439,-1
1788563830.2314,3346727,V,508,446,-1
1788563830.2315,3346735,V,514,452,-1
1788563830.2315,3346743,V,511,449,-1
1788563830.2315,3346751,V,507,446,-1
1788563830.3285,3346765,V,532,468,45617
1788563830.3286,3346773,V,513,451,-1
1788563830.3286,3346781,V,519,456,-1
1788563830.3286,3346789,V,502,441,-1
1788563830.3286,3346797,V,526,462,-1
1788563830.3286,3346805,V,509,447,-1
1788563830.3777,3346819,V,518,455,45618
1788563830.3777,3346827,V,531,467,-1
1788563830.3777,3346835,V,525,461,-1
1788563830.3778,3346843,V,508,446,-1
1788563830.3778,3346851,V,504,443,-1
1788563830.3778,3346859,V,494,434,-1
1788563830.4264,3346873,V,506,445,45619
1788563830.4265,3346881,V,520,457,-1
1788563830.4265,3346889,V,539,474,-1
1788563830.4265,3346897,V,517,454,-1
1788563830.4265,3346905,V,507,446,-1
1788563830.4265,3346913,V,511,449,-1
1788563830.4756,3346926,V,519,456,45620
1788563830.4758,3346934,V,508,446,-1
1788563830.4758,3346942,V,504,443,-1
1788563830.4759,3346950,V,519,456,-1
1788563830.4759,3346958,V,508,446,-1
1788563830.4759,3346966,V,508,446,-1
1788563830.5249,3346980,V,491,432,45621
1788563830.5249,3346988,V,515,453,-1
1788563830.5249,3346996,V,504,443,-1
1788563830.5249,3347004,V,505,444,-1
1788563830.5249,3347012,V,483,425,-1
1788563830.5249,3347020,V,520,457,-1
1788563830.5725,3347034,V,514,452,45622
1788563830.5725,3347042,V,502,441,-1
1788563830.5726,3347050,V,570,501,-1
1788563830.5726,3347058,V,491,432,-1
1788563830.5726,3347066,V,517,454,-1
1788563830.5726,3347074,V,462,406,-1
1788563830.6215,3347087,V,515,453,45623
1788563830.6215,3347095,V,513,451,-1
1788563830.6215,3347103,V,533,468,-1
1788563830.6215,3347111,V,521,458,-1
1788563830.6216,3347119,V,516,454,-1
1788563830.6216,3347127,V,511,449,-1
1788563830.6693,3347141,V,509,447,45624
1788563830.6693,3347149,V,493,433,-1
1788563830.6694,3347157,V,494,434,-1
1788563830.6694,3347165,V,531,467,-1
1788563830.6694,3347173,V,512,450,-1
1788563830.6694,3347181,V,508,446,-1
1788563830.7194,3347195,V,515,453,45625
1788563830.7194,3347203,V,529,465,-1
1788563830.7194,3347211,V,511,449,-1
1788563830.7194,3347219,V,506,445,-1
1788563830.7194,3347227,V,496,436,-1
1788563830.7194,3347235,V,496,436,-1
1788563830.8164,3347249,V,500,439,45626
1788563830.8165,3347257,V,535,470,-1
1788563830.8165,3347265,V,536,471,-1
1788563830.8165,3347273,V,528,464,-1
1788563830.8165,3347281,V,500,439,-1
1788563830.8165,3347289,V,536,471,-1
1788563830.8655,3347302,V,503,442,45627
1788563830.8655,3347310,V,504,443,-1
1788563830.8655,3347318,V,533,468,-1
1788563830.8655,3347326,V,533,468,-1
1788563830.8656,3347334,V,512,450,-1
1788563830.8656,3347342,V,537,472,-1
1788563830.9136,3347356,V,513,451,45628
1788563830.9137,3347364,V,510,448,-1
1788563830.9137,3347372,V,525,461,-1
1788563830.9137,3347380,V,520,457,-1
1788563830.9137,3347388,V,533,468,-1
1788563830.9137,3347396,V,534,469,-1
1788563830.9627,3347410,V,503,442,45629
1788563830.9627,3347418,V,504,443,-1
1788563830.9627,3347426,V,525,461,-1
1788563830.9627,3347434,V,507,446,-1
1788563830.9627,3347442,V,509,447,-1
1788563830.9627,3347450,V,501,440,-1
1788563831.0113,3347464,V,490,431,45630
1788563831.0113,3347472,V,508,446,-1
1788563831.0113,3347480,V,533,468,-1
1788563831.0113,3347488,V,526,462,-1
1788563831.0113,3347496,V,500,439,-1
1788563831.0113,3347504,V,507,446,-1
1788563831.0592,3347517,V,517,454,45631
1788563831.0593,3347525,V,512,450,-1
1788563831.0593,3347533,V,491,432,-1
1788563831.0593,3347541,V,501,440,-1
1788563831.0593,3347549,V,514,452,-1
1788563831.0593,3347557,V,506,445,-1
1788563831.1084,3347571,V,489,430,45632
1788563831.1085,3347579,V,504,443,-1
1788563831.1085,3347587,V,543,477,-1
1788563831.1085,3347595,V,524,461,-1
1788563831.1085,3347603,V,512,450,-1
1788563831.1085,3347611,V,510,448,-1
1788563831.1574,3347625,V,537,472,45633
1788563831.1574,3347633,V,528,464,-1
1788563831.1574,3347641,V,494,434,-1
1788563831.1574,3347649,V,512,450,-1
1788563831.1574,3347657,V,501,440,-1
1788563831.1574,3347665,V,525,461,-1
1788563831.2045,3347678,V,507,446,45634
1788563831.2045,3347686,V,514,452,-1
1788563831.2045,3347694,V,513,451,-1
1788563831.2045,3347702,V,526,462,-1
1788563831.2046,3347710,V,506,445,-1
1788563831.2046,3347718,V,538,473,-1
1788563831.2536,3347732,V,507,446,45635
1788563831.2537,3347740,V,511,449,-1
1788563831.2537,3347748,V,537,472,-1
1788563831.2537,3347756,V,503,442,-1
1788563831.2537,3347764,V,506,445,-1
1788563831.2537,3347772,V,536,471,-1
1788563831.3510,3347786,V,505,444,45636
1788563831.3510,3347794,V,535,470,-1
1788563831.3511,3347802,V,499,439,-1
1788563831.3511,3347810,V,533,468,-1
1788563831.3511,3347818,V,511,449,-1
1788563831.3511,3347826,V,532,468,-1
1788563831.4002,3347840,V,494,434,45637
1788563831.4002,3347848,V,530,466,-1
1788563831.4003,3347856,V,522,459,-1
1788563831.4003,3347864,V,526,462,-1
1788563831.4003,3347872,V,504,443,-1
1788563831.4003,3347880,V,503,442,-1
1788563831.4505,3347893,V,532,468,45638
1788563831.4505,3347901,V,495,435,-1
1788563831.4505,3347909,V,517,454,-1
1788563831.4505,3347917,V,499,439,-1
1788563831.4505,3347925,V,515,453,-1
1788563831.4505,3347933,V,516,454,-1
1788563831.4972,3347947,V,517,454,45639
1788563831.4972,3347955,V,512,450,-1
1788563831.4972,3347963,V,516,454,-1
1788563831.4972,3347971,V,517,454,-1
1788563831.4972,3347979,V,508,446,-1
1788563831.4973,3347987,V,498,438,-1
1788563831.5462,3348001,V,521,458,45640
1788563831.5463,3348009,V,508,446,-1
1788563831.5463,3348017,V,531,467,-1
1788563831.5463,3348025,V,529,465,-1
1788563831.5463,3348033,V,505,444,-1
1788563831.5463,3348041,V,490,431,-1
1788563831.5948,3348055,V,482,424,45641
1788563831.5949,3348063,V,515,453,-1
1788563831.5950,3348071,V,542,476,-1
1788563831.5950,3348079,V,481,423,-1
1788563831.5950,3348087,V,514,452,-1
1788563831.5950,3348095,V,508,446,-1
1788563831.6439,3348108,V,521,458,45642
1788563831.6439,3348116,V,520,457,-1
1788563831.6439,3348124,V,505,444,-1
1788563831.6439,3348132,V,511,449,-1
1788563831.6439,3348140,V,519,456,-1
1788563831.6439,3348148,V,504,443,-1
1788563831.6932,3348162,V,522,459,45643
1788563831.6933,3348170,V,519,456,-1
1788563831.6933,3348178,V,532,468,-1
1788563831.6933,3348186,V,540,475,-1
1788563831.6933,3348194,V,528,464,-1
1788563831.6933,3348202,V,562,494,-1
1788563831.7421,3348216,V,499,439,45644
1788563831.7421,3348224,V,545,479,-1
1788563831.7421,3348232,V,498,438,-1
1788563831.7421,3348240,V,521,458,-1
1788563831.7421,3348248,V,513,451,-1
1788563831.7422,3348256,V,489,430,-1
1788563831.7900,3348269,V,549,483,45645
1788563831.7901,3348277,V,514,452,-1
1788563831.7901,3348285,V,490,431,-1
1788563831.7901,3348293,V,527,463,-1
1788563831.7901,3348301,V,526,462,-1
1788563831.7901,3348309,V,500,439,-1
1788563831.8874,3348323,V,523,460,45646
1788563831.8876,3348331,V,505,444,-1
1788563831.8877,3348339,V,504,443,-1
1788563831.8877,3348347,V,518,455,-1
1788563831.8877,3348355,V,537,472,-1
1788563831.8877,3348363,V,507,446,-1
1788563831.9364,3348377,V,507,446,45647
1788563831.9364,3348385,V,497,437,-1
1788563831.9364,3348393,V,491,432,-1
1788563831.9364,3348401,V,523,460,-1
1788563831.9365,3348409,V,518,455,-1
1788563831.9365,3348417,V,508,446,-1
1788563831.9866,3348431,V,517,454,45648
1788563831.9867,3348439,V,503,442,-1
1788563831.9867,3348447,V,490,431,-1
1788563831.9867,3348455,V,498,438,-1
1788563831.9867,3348463,V,489,430,-1
1788563831.9867,3348471,V,496,436,-1
1788563832.0353,3348485,V,498,438,45649
1788563832.0353,3348493,V,536,471,-1
1788563832.0353,3348501,V,509,447,-1
1788563832.0353,3348509,V,512,450,-1
1788563832.0353,3348517,V,518,455,-1
1788563832.0353,3348525,V,528,464,-1
1788563832.1310,3348566,KEYUP,,,
1788563832.1325,3348538,V,499,439,45650
1788563832.1327,3348546,V,498,438,-1
1788563832.1327,3348554,V,512,450,-1
1788563832.1328,3348562,V,507,446,-1
1788563832.1328,3348570,V,520,457,-1
1788563832.1328,3348578,V,516,454,-1
1788563832.1330,3348592,V,511,449,45651
1788563832.1331,3348600,V,516,454,-1
1788563832.1331,3348608,V,515,453,-1
1788563832.1331,3348616,V,530,466,-1
1788563832.1331,3348624,V,497,437,-1
1788563832.1331,3348632,V,504,443,-1
1788563832.1331,3348647,KEYDOWN,,,
1788563832.1802,3348646,V,494,434,45652
1788563832.1802,3348654,V,517,454,-1
1788563832.1802,3348662,V,509,447,-1
1788563832.1802,3348670,V,503,442,-1
1788563832.1802,3348678,V,509,447,-1
1788563832.1802,3348686,V,512,450,-1
1788563832.2286,3348700,V,511,449,45653
1788563832.2286,3348708,V,553,486,-1
1788563832.2287,3348716,V,504,443,-1
1788563832.2287,3348724,V,515,453,-1
1788563832.2287,3348732,V,548,482,-1
1788563832.2287,3348740,V,514,452,-1
1788563832.2784,3348753,V,529,465,45654
1788563832.2784,3348761,V,512,450,-1
1788563832.2784,3348769,V,524,461,-1
1788563832.2784,3348777,V,489,430,-1
1788563832.2785,3348785,V,514,452,-1
1788563832.2785,3348793,V,514,452,-1
1788563832.3272,3348807,V,502,441,45655
1788563832.3272,3348815,V,495,435,-1
1788563832.3272,3348823,V,502,441,-1
1788563832.3272,3348831,V,489,430,-1
1788563832.3273,3348839,V,553,486,-1
1788563832.3273,3348847,V,550,483,-1
1788563832.4237,3348861,V,507,446,45656
1788563832.4238,3348869,V,534,469,-1
1788563832.4239,3348877,V,496,436,-1
1788563832.4239,3348885,V,516,454,-1
1788563832.4239,3348893,V,506,445,-1
1788563832.4239,3348901,V,528,464,-1
1788563832.4726,3348915,V,511,449,45657
1788563832.4727,3348923,V,531,467,-1
1788563832.4727,3348931,V,493,433,-1
1788563832.4727,3348939,V,513,451,-1
1788563832.4727,3348947,V,523,460,-1
1788563832.4727,3348955,V,514,452,-1
1788563832.5211,3348968,V,486,427,45658
1788563832.5211,3348976,V,496,436,-1
1788563832.5211,3348984,V,514,452,-1
1788563832.5211,3348992,V,499,439,-1
1788563832.5212,3349000,V,489,430,-1
1788563832.5212,3349008,V,509,447,-1
1788563832.5702,3349022,V,504,443,45659
1788563832.5702,3349030,V,511,449,-1
1788563832.5702,3349038,V,495,435,-1
1788563832.5702,3349046,V,533,468,-1
1788563832.5702,3349054,V,517,454,-1
1788563832.5702,3349062,V,513,451,-1
1788563832.6235,3349076,V,510,448,45660
1788563832.6236,3349084,V,497,437,-1
1788563832.6236,3349092,V,489,430,-1
1788563832.6236,3349100,V,507,446,-1
1788563832.6236,3349108,V,491,432,-1
1788563832.6236,3349116,V,488,429,-1
1788563832.6703,3349130,V,516,454,45661
1788563832.6705,3349138,V,537,472,-1
1788563832.6705,3349146,V,545,479,-1
1788563832.6705,3349154,V,524,461,-1
1788563832.6705,3349162,V,511,449,-1
1788563832.6705,3349170,V,494,434,-1
1788563832.7162,3349183,V,504,443,45662
1788563832.7163,3349191,V,520,457,-1
1788563832.7163,3349199,V,500,439,-1
1788563832.7163,3349207,V,509,447,-1
1788563832.7163,3349215,V,508,446,-1
1788563832.7163,3349223,V,541,475,-1
1788563832.7650,3349237,V,500,439,45663
1788563832.7651,3349245,V,483,425,-1
1788563832.7651,3349253,V,514,452,-1
1788563832.7651,3349261,V,513,451,-1
1788563832.7651,3349269,V,519,456,-1
1788563832.7651,3349277,V,507,446,-1
1788563832.8135,3349291,V,509,447,45664
1788563832.8136,3349299,V,513,451,-1
1788563832.8136,3349307,V,520,457,-1
1788563832.8136,3349315,V,499,439,-1
1788563832.8136,3349323,V,494,434,-1
1788563832.8136,3349331,V,512,450,-1
1788563832.9132,3349344,V,512,450,45665
1788563832.9138,3349352,V,510,448,-1
1788563832.9138,3349360,V,505,444,-1
1788563832.9138,3349368,V,509,447,-1
1788563832.9138,3349376,V,517,454,-1
1788563832.9138,3349384,V,537,472,-1
1788563832.9619,3349398,V,496,436,45666
1788563832.9619,3349406,V,517,454,-1
1788563832.9619,3349414,V,501,440,-1
1788563832.9619,3349422,V,518,455,-1
1788563832.9619,3349430,V,521,458,-1
1788563832.9619,3349438,V,511,449,-1
1788563833.0087,3349452,V,494,434,45667
1788563833.0087,3349460,V,526,462,-1
1788563833.0087,3349468,V,534,469,-1
1788563833.0087,3349476,V,526,462,-1
1788563833.0087,3349484,V,532,468,-1
1788563833.0087,3349492,V,516,454,-1
1788563833.0573,3349506,V,517,454,45668
1788563833.0573,3349514,V,507,446,-1
1788563833.0573,3349522,V,521,458,-1
1788563833.0573,3349530,V,522,459,-1
1788563833.0573,3349538,V,507,446,-1
1788563833.0573,3349546,V,488,429,-1
1788563833.1067,3349559,V,507,446,45669
1788563833.1067,3349567,V,498,438,-1
1788563833.1067,3349575,V,472,415,-1
1788563833.1068,3349583,V,541,475,-1
1788563833.1069,3349591,V,494,434,-1
1788563833.1069,3349599,V,521,458,-1
1788563833.1566,3349613,V,515,453,45670
1788563833.1568,3349621,V,545,479,-1
1788563833.1568,3349629,V,530,466,-1
1788563833.1568,3349637,V,491,432,-1
1788563833.1569,3349645,V,499,439,-1
1788563833.1569,3349653,V,511,449,-1
1788563833.2050,3349667,V,502,441,45671
1788563833.2050,3349675,V,510,448,-1
1788563833.2050,3349683,V,523,460,-1
1788563833.2050,3349691,V,511,449,-1
1788563833.2050,3349699,V,521,458,-1
1788563833.2050,3349707,V,501,440,-1
1788563833.2551,3349721,V,508,446,45672
1788563833.2551,3349729,V,495,435,-1
1788563833.2551,3349737,V,501,440,-1
1788563833.2551,3349745,V,512,450,-1
1788563833.2551,3349753,V,534,469,-1
1788563833.2551,3349761,V,495,435,-1
1788563833.3013,3349774,V,503,442,45673
1788563833.3014,3349782,V,507,446,-1
1788563833.3014,3349790,V,534,469,-1
1788563833.3014,3349798,V,505,444,-1
1788563833.3014,3349806,V,495,435,-1
1788563833.3014,3349814,V,484,425,-1
1788563833.3499,3349828,V,522,459,45674
1788563833.3499,3349836,V,513,451,-1
1788563833.3499,3349844,V,510,448,-1
1788563833.3499,3349852,V,533,468,-1
1788563833.3499,3349860,V,490,431,-1
1788563833.3499,3349868,V,486,427,-1
1788563833.4487,3349882,V,491,432,45675
1788563833.4489,3349890,V,475,417,-1
1788563833.4489,3349898,V,525,461,-1
1788563833.4489,3349906,V,518,455,-1
1788563833.4489,3349914,V,529,465,-1
1788563833.4489,3349922,V,516,454,-1
1788563833.4978,3349936,V,539,474,45676
1788563833.4978,3349944,V,538,473,-1
1788563833.4978,3349952,V,525,461,-1
1788563833.4978,3349960,V,521,458,-1
1788563833.4978,3349968,V,488,429,-1
1788563833.4978,3349976,V,513,451,-1
1788563833.5463,3349989,V,507,446,45677
1788563833.5463,3349997,V,514,452,-1
1788563833.5463,3350005,V,531,467,-1
1788563833.5463,3350013,V,550,483,-1
1788563833.5463,3350021,V,553,486,-1
1788563833.5463,3350029,V,520,457,-1
1788563833.5958,3350043,V,495,435,45678
1788563833.5958,3350051,V,520,457,-1
1788563833.5962,3350059,V,517,454,-1
1788563833.5962,3350067,V,523,460,-1
1788563833.5962,3350075,V,506,445,-1
1788563833.5962,3350083,V,523,460,-1
1788563833.6422,3350097,V,516,454,45679
1788563833.6422,3350105,V,501,440,-1
1788563833.6422,3350113,V,510,448,-1
1788563833.6422,3350121,V,503,442,-1
1788563833.6422,3350129,V,523,460,-1
1788563833.6423,3350137,V,518,455,-1
1788563833.6908,3350150,V,508,446,45680
1788563833.6909,3350158,V,515,453,-1
1788563833.6909,3350166,V,494,434,-1
1788563833.6909,3350174,V,509,447,-1
1788563833.6909,3350182,V,507,446,-1
1788563833.6910,3350190,V,482,424,-1
1788563833.7395,3350204,V,481,423,45681
1788563833.7395,3350212,V,492,432,-1
1788563833.7395,3350220,V,510,448,-1
1788563833.7395,3350228,V,535,470,-1
1788563833.7395,3350236,V,508,446,-1
1788563833.7395,3350244,V,512,450,-1
1788563833.7885,3350258,V,528,464,45682
1788563833.7885,3350266,V,496,436,-1
1788563833.7885,3350274,V,507,446,-1
1788563833.7885,3350282,V,522,459,-1
1788563833.7885,3350290,V,522,459,-1
1788563833.7885,3350298,V,526,462,-1
1788563833.8387,3350312,V,548,482,45683
1788563833.8387,3350320,V,520,457,-1
1788563833.8388,3350328,V,510,448,-1
1788563833.8388,3350336,V,530,466,-1
1788563833.8388,3350344,V,504,443,-1
1788563833.8388,3350352,V,488,429,-1
1788563833.8882,3350365,V,530,466,45684
1788563833.8882,3350373,V,530,466,-1
1788563833.8882,3350381,V,477,419,-1
1788563833.8882,3350389,V,511,449,-1
1788563833.8882,3350397,V,524,461,-1
1788563833.8882,3350405,V,490,431,-1
1788563833.9849,3350419,V,534,469,45685
1788563833.9849,3350427,V,521,458,-1
1788563833.9850,3350435,V,496,436,-1
1788563833.9850,3350443,V,539,474,-1
1788563833.9850,3350451,V,511,449,-1
1788563833.9850,3350459,V,542,476,-1
1788563834.0338,3350473,V,521,458,45686
1788563834.0338,3350481,V,519,456,-1
1788563834.0338,3350489,V,517,454,-1
1788563834.0338,3350497,V,512,450,-1
1788563834.0338,3350505,V,523,460,-1
1788563834.0338,3350513,V,516,454,-1
1788563834.0827,3350526,V,495,435,45687
1788563834.0827,3350534,V,495,435,-1
1788563834.0827,3350542,V,519,456,-1
1788563834.0827,3350550,V,522,459,-1
1788563834.0827,3350558,V,496,436,-1
1788563834.0827,3350566,V,529,465,-1
1788563834.1307,3350580,V,525,461,45688
1788563834.1307,3350588,V,531,467,-1
1788563834.1307,3350596,V,512,450,-1
1788563834.1307,3350604,V,540,475,-1
1788563834.1307,3350612,V,511,449,-1
1788563834.1307,3350620,V,500,439,-1
1788563834.2293,3350634,V,507,446,45689
1788563834.2296,3350642,V,518,455,-1
1788563834.2296,3350650,V,557,490,-1
1788563834.2296,3350658,V,526,462,-1
1788563834.2296,3350666,V,540,475,-1
1788563834.2296,3350674,V,553,486,-1
1788563834.2298,3350688,V,522,459,45690
1788563834.2298,3350696,V,520,457,-1
1788563834.2298,3350704,V,528,464,-1
1788563834.2298,3350712,V,528,464,-1
1788563834.2298,3350720,V,521,458,-1
1788563834.2298,3350728,V,531,467,-1
1788563834.2797,3350741,V,500,439,45691
1788563834.2797,3350749,V,527,463,-1
1788563834.2797,3350757,V,522,459,-1
1788563834.2797,3350765,V,494,434,-1
1788563834.2797,3350773,V,503,442,-1
1788563834.2797,3350781,V,523,460,-1
1788563834.3276,3350795,V,522,459,45692
1788563834.3276,3350803,V,558,490,-1
1788563834.3276,3350811,V,512,450,-1
1788563834.3276,3350819,V,525,461,-1
1788563834.3276,3350827,V,529,465,-1
1788563834.3276,3350835,V,526,462,-1
1788563834.3746,3350849,V,491,432,45693
1788563834.3746,3350857,V,528,464,-1
1788563834.3746,3350865,V,514,452,-1
1788563834.3746,3350873,V,500,439,-1
1788563834.3746,3350881,V,514,452,-1
1788563834.3746,3350889,V,511,449,-1
1788563834.4240,3350903,V,513,451,45694
1788563834.4240,3350911,V,535,470,-1
1788563834.4240,3350919,V,515,453,-1
1788563834.4240,3350927,V,515,453,-1
1788563834.4241,3350935,V,487,428,-1
1788563834.4241,3350943,V,501,440,-1
1788563834.5194,3350956,V,522,459,45695
1788563834.5195,3350964,V,526,462,-1
1788563834.5195,3350972,V,499,439,-1
1788563834.5195,3350980,V,531,467,-1
1788563834.5195,3350988,V,526,462,-1
1788563834.5195,3350996,V,529,465,-1
1788563834.5697,3351010,V,523,460,45696
1788563834.5697,3351018,V,525,461,-1
1788563834.5697,3351026,V,511,449,-1
1788563834.5697,3351034,V,516,454,-1
1788563834.5697,3351042,V,501,440,-1
1788563834.5697,3351050,V,509,447,-1
1788563834.6185,3351064,V,520,457,45697
1788563834.6185,3351072,V,525,461,-1
1788563834.6185,3351080,V,502,441,-1
1788563834.6185,3351088,V,523,460,-1
1788563834.6185,3351096,V,527,463,-1
1788563834.6185,3351104,V,512,450,-1
1788563834.6679,3351118,V,516,454,45698
1788563834.6679,3351126,V,508,446,-1
1788563834.6679,3351134,V,513,451,-1
1788563834.6679,3351142,V,540,475,-1
1788563834.6679,3351150,V,524,461,-1
1788563834.6679,3351158,V,509,447,-1
1788563834.7165,3351171,V,514,452,45699
1788563834.7165,3351179,V,507,446,-1
1788563834.7165,3351187,V,503,442,-1
1788563834.7165,3351195,V,500,439,-1
1788563834.7165,3351203,V,515,453,-1
1788563834.7165,3351211,V,504,443,-1
1788563834.7635,3351225,V,499,439,45700
1788563834.7636,3351233,V,506,445,-1
1788563834.7636,3351241,V,520,457,-1
1788563834.7636,3351249,V,495,435,-1
1788563834.7636,3351257,V,514,452,-1
1788563834.7636,3351265,V,511,449,-1
1788563834.8139,3351279,V,511,449,45701
1788563834.8139,3351287,V,506,445,-1
1788563834.8139,3351295,V,549,483,-1
1788563834.8139,3351303,V,528,464,-1
1788563834.8139,3351311,V,529,465,-1
1788563834.8139,3351319,V,490,431,-1
1788563834.9116,3351332,V,533,468,45702
1788563834.9116,3351340,V,501,440,-1
1788563834.9116,3351348,V,501,440,-1
1788563834.9116,3351356,V,518,455,-1
1788563834.9116,3351364,V,512,450,-1
1788563834.9116,3351372,V,500,439,-1
1788563834.9118,3351386,V,515,453,45703
1788563834.9118,3351394,V,511,449,-1
1788563834.9118,3351402,V,516,454,-1
1788563834.9118,3351410,V,523,460,-1
1788563834.9118,3351418,V,511,449,-1
1788563834.9118,3351426,V,533,468,-1
1788563834.9601,3351440,V,502,441,45704
1788563834.9601,3351448,V,517,454,-1
1788563834.9601,3351456,V,512,450,-1
1788563834.9601,3351464,V,526,462,-1
1788563834.9601,3351472,V,532,468,-1
1788563834.9601,3351480,V,496,436,-1
1788563835.1060,3351494,V,524,461,45705
1788563835.1062,3351502,V,517,454,-1
1788563835.1062,3351510,V,505,444,-1
1788563835.1062,3351518,V,503,442,-1
1788563835.1062,3351526,V,509,447,-1
1788563835.1062,3351534,V,530,466,-1
1788563835.1065,3351547,V,517,454,45706
1788563835.1065,3351555,V,506,445,-1
1788563835.1065,3351563,V,508,446,-1
1788563835.1065,3351571,V,537,472,-1
1788563835.1065,3351579,V,493,433,-1
1788563835.1065,3351587,V,511,449,-1
1788563835.1547,3351601,V,514,452,45707
1788563835.1548,3351609,V,514,452,-1
1788563835.1548,3351617,V,497,437,-1
1788563835.1548,3351625,V,491,432,-1
1788563835.1548,3351633,V,497,437,-1
1788563835.1548,3351641,V,510,448,-1
1788563835.2037,3351655,V,526,462,45708
1788563835.2037,3351663,V,520,457,-1
1788563835.2037,3351671,V,494,434,-1
1788563835.2038,3351679,V,520,457,-1
1788563835.2038,3351687,V,533,468,-1
1788563835.2038,3351695,V,486,427,-1
1788563835.2505,3351709,V,521,458,45709
1788563835.2505,3351717,V,512,450,-1
1788563835.2505,3351725,V,517,454,-1
1788563835.2505,3351733,V,520,457,-1
1788563835.2505,3351741,V,506,445,-1
1788563835.2505,3351749,V,490,431,-1
1788563835.3004,3351762,V,513,451,45710
1788563835.3004,3351770,V,495,435,-1
1788563835.3004,3351778,V,530,466,-1
1788563835.3004,3351786,V,509,447,-1
1788563835.3004,3351794,V,515,453,-1
1788563835.3004,3351802,V,520,457,-1
1788563835.3497,3351816,V,523,460,45711
1788563835.3498,3351824,V,514,452,-1
1788563835.3498,3351832,V,510,448,-1
1788563835.3499,3351840,V,512,450,-1
1788563835.3499,3351848,V,518,455,-1
1788563835.3499,3351856,V,520,457,-1
1788563835.3999,3351870,V,487,428,45712
1788563835.3999,3351878,V,495,435,-1
1788563835.3999,3351886,V,505,444,-1
1788563835.3999,3351894,V,518,455,-1
1788563835.3999,3351902,V,509,447,-1
1788563835.3999,3351910,V,505,444,-1
1788563835.4463,3351924,V,479,421,45713
1788563835.4463,3351932,V,531,467,-1
1788563835.4463,3351940,V,507,446,-1
1788563835.4463,3351948,V,515,453,-1
1788563835.4463,3351956,V,516,454,-1
1788563835.4463,3351964,V,524,461,-1
1788563835.5436,3351977,V,534,469,45714
1788563835.5436,3351985,V,505,444,-1
1788563835.5436,3351993,V,512,450,-1
1788563835.5436,3352001,V,515,453,-1
1788563835.5436,3352009,V,495,435,-1
1788563835.5436,3352017,V,546,480,-1
1788563835.5938,3352031,V,506,445,45715
1788563835.5939,3352039,V,553,486,-1
1788563835.5939,3352047,V,501,440,-1
1788563835.5939,3352055,V,497,437,-1
1788563835.5939,3352063,V,489,430,-1
1788563835.5939,3352071,V,506,445,-1
1788563835.6431,3352085,V,516,454,45716
1788563835.6431,3352093,V,534,469,-1
1788563835.6431,3352101,V,502,441,-1
1788563835.6431,3352109,V,489,430,-1
1788563835.6431,3352117,V,517,454,-1
1788563835.6431,3352125,V,506,445,-1
1788563835.6920,3352138,V,526,462,45717
1788563835.6921,3352146,V,502,441,-1
1788563835.6921,3352154,V,486,427,-1
1788563835.6921,3352162,V,522,459,-1
1788563835.6921,3352170,V,516,454,-1
1788563835.6921,3352178,V,557,490,-1
1788563835.7400,3352192,V,495,435,45718
1788563835.7400,3352200,V,515,453,-1
1788563835.7400,3352208,V,533,468,-1
1788563835.7400,3352216,V,500,439,-1
1788563835.7400,3352224,V,520,457,-1
1788563835.7400,3352232,V,527,463,-1
1788563835.7886,3352246,V,539,474,45719
1788563835.7886,3352254,V,533,468,-1
1788563835.7887,3352262,V,509,447,-1
1788563835.7887,3352270,V,497,437,-1
1788563835.7887,3352278,V,527,463,-1
1788563835.7887,3352286,V,521,458,-1
1788563835.8396,3352300,V,513,451,45720
1788563835.8397,3352308,V,497,437,-1
1788563835.8397,3352316,V,536,471,-1
1788563835.8397,3352324,V,514,452,-1
1788563835.8397,3352332,V,490,431,-1
1788563835.8397,3352340,V,504,443,-1
1788563835.8874,3352353,V,518,455,45721
1788563835.8874,3352361,V,488,429,-1
1788563835.8874,3352369,V,504,443,-1
1788563835.8874,3352377,V,487,428,-1
1788563835.8874,3352385,V,514,452,-1
1788563835.8874,3352393,V,512,450,-1
1788563835.9345,3352407,V,528,464,45722
1788563835.9346,3352415,V,510,448,-1
1788563835.9346,3352423,V,508,446,-1
1788563835.9346,3352431,V,516,454,-1
1788563835.9346,3352439,V,510,448,-1
1788563835.9346,3352447,V,541,475,-1
1788563835.9839,3352461,V,541,475,45723
1788563835.9840,3352469,V,517,454,-1
1788563835.9840,3352477,V,536,471,-1
1788563835.9840,3352485,V,512,450,-1
1788563835.9840,3352493,V,538,473,-1
1788563835.9840,3352501,V,517,454,-1
1788563836.0795,3352515,V,530,466,45724
1788563836.0796,3352523,V,516,454,-1
1788563836.0796,3352531,V,514,452,-1
1788563836.0796,3352539,V,514,452,-1
1788563836.0796,3352547,V,506,445,-1
1788563836.0796,3352555,V,509,447,-1
1788563836.1297,3352569,V,496,436,45725
1788563836.1297,3352577,V,537,472,-1
1788563836.1297,3352585,V,521,458,-1
1788563836.1297,3352593,V,507,446,-1
1788563836.1297,3352601,V,516,454,-1
1788563836.1297,3352609,V,528,464,-1
1788563836.1785,3352622,V,551,484,45726
1788563836.1785,3352630,V,508,446,-1
1788563836.1785,3352638,V,520,457,-1
1788563836.1785,3352646,V,515,453,-1
1788563836.1785,3352654,V,521,458,-1
1788563836.1785,3352662,V,507,446,-1
1788563836.2277,3352676,V,509,447,45727
1788563836.2277,3352684,V,539,474,-1
1788563836.2277,3352692,V,531,467,-1
1788563836.2277,3352700,V,506,445,-1
1788563836.2277,3352708,V,516,454,-1
1788563836.2277,3352716,V,495,435,-1
1788563836.2771,3352730,V,495,435,45728
1788563836.2772,3352738,V,481,423,-1
1788563836.2772,3352746,V,493,433,-1
1788563836.2772,3352754,V,515,453,-1
1788563836.2772,3352762,V,515,453,-1
1788563836.2772,3352770,V,525,461,-1
1788563836.3248,3352784,V,522,459,45729
1788563836.3249,3352792,V,532,468,-1
1788563836.3249,3352800,V,531,467,-1
1788563836.3249,3352808,V,517,454,-1
1788563836.3249,3352816,V,538,473,-1
1788563836.3249,3352824,V,495,435,-1
1788563836.3740,3352837,V,527,463,45730
1788563836.3741,3352845,V,502,441,-1
1788563836.3741,3352853,V,506,445,-1
1788563836.3741,3352861,V,512,450,-1
1788563836.3741,3352869,V,524,461,-1
1788563836.3741,3352877,V,498,438,-1
1788563836.4722,3352891,V,501,440,45731
1788563836.4722,3352899,V,517,454,-1
1788563836.4722,3352907,V,497,437,-1
1788563836.4723,3352915,V,533,468,-1
1788563836.4723,3352923,V,517,454,-1
1788563836.4723,3352931,V,516,454,-1
1788563836.4725,3352945,V,522,459,45732
1788563836.4725,3352953,V,534,469,-1
1788563836.4725,3352961,V,516,454,-1
1788563836.4726,3352969,V,510,448,-1
1788563836.4726,3352977,V,509,447,-1
1788563836.4726,3352985,V,509,447,-1
1788563836.5199,3352998,V,567,498,45733
1788563836.5199,3353006,V,521,458,-1
1788563836.5199,3353014,V,529,465,-1
1788563836.5199,3353022,V,488,429,-1
1788563836.5199,3353030,V,514,452,-1
1788563836.5199,3353038,V,530,466,-1
1788563836.6184,3353052,V,498,438,45734
1788563836.6185,3353060,V,523,460,-1
1788563836.6185,3353068,V,517,454,-1
1788563836.6185,3353076,V,526,462,-1
1788563836.6185,3353084,V,512,450,-1
1788563836.6185,3353092,V,500,439,-1
1788563836.6660,3353106,V,521,458,45735
1788563836.6660,3353114,V,531,467,-1
1788563836.6660,3353122,V,513,451,-1
1788563836.6660,3353130,V,495,435,-1
1788563836.6660,3353138,V,531,467,-1
1788563836.6660,3353146,V,518,455,-1
1788563836.7148,3353160,V,503,442,45736
1788563836.7148,3353168,V,525,461,-1
1788563836.7149,3353176,V,524,461,-1
1788563836.7149,3353184,V,520,457,-1
1788563836.7149,3353192,V,545,479,-1
1788563836.7149,3353200,V,518,455,-1
1788563836.7640,3353214,V,508,446,45737
1788563836.7640,3353222,V,515,453,-1
1788563836.7640,3353230,V,531,467,-1
1788563836.7640,3353238,V,533,468,-1
1788563836.7640,3353246,V,513,451,-1
1788563836.7640,3353254,V,528,464,-1
1788563836.8122,3353267,V,506,445,45738
1788563836.8122,3353275,V,515,453,-1
1788563836.8122,3353283,V,515,453,-1
1788563836.8122,3353291,V,509,447,-1
1788563836.8122,3353299,V,511,449,-1
1788563836.8122,3353307,V,512,450,-1
1788563836.9586,3353321,V,530,466,45739
1788563836.9588,3353329,V,490,431,-1
1788563836.9588,3353337,V,508,446,-1
1788563836.9588,3353345,V,502,441,-1
1788563836.9588,3353353,V,524,461,-1
1788563836.9588,3353361,V,534,469,-1
1788563836.9590,3353375,V,502,441,45740
1788563836.9590,3353383,V,509,447,-1
1788563836.9590,3353391,V,503,442,-1
1788563836.9590,3353399,V,499,439,-1
1788563836.9590,3353407,V,524,461,-1
1788563836.9590,3353415,V,516,454,-1
1788563836.9595,3353429,V,507,446,45741
1788563836.9596,3353437,V,527,463,-1
1788563836.9597,3353445,V,495,435,-1
1788563836.9597,3353453,V,528,464,-1
1788563836.9597,3353461,V,535,470,-1
1788563836.9597,3353469,V,505,444,-1
1788563837.0088,3353482,V,505,444,45742
1788563837.0088,3353490,V,534,469,-1
1788563837.0088,3353498,V,516,454,-1
1788563837.0088,3353506,V,521,458,-1
1788563837.0088,3353514,V,507,446,-1
1788563837.0088,3353522,V,524,461,-1
1788563837.0565,3353536,V,542,476,45743
1788563837.0565,3353544,V,511,449,-1
1788563837.0565,3353552,V,522,459,-1
1788563837.0565,3353560,V,523,460,-1
1788563837.0565,3353568,V,497,437,-1
1788563837.0565,3353576,V,525,461,-1
1788563837.1535,3353590,V,527,463,45744
1788563837.1535,3353598,V,509,447,-1
1788563837.1536,3353606,V,511,449,-1
1788563837.1536,3353614,V,501,440,-1
1788563837.1536,3353622,V,534,469,-1
1788563837.1536,3353630,V,515,453,-1
1788563837.2028,3353643,V,505,444,45745
1788563837.2029,3353651,V,514,452,-1
1788563837.2029,3353659,V,512,450,-1
1788563837.2029,3353667,V,516,454,-1
1788563837.2029,3353675,V,511,449,-1
1788563837.2029,3353683,V,497,437,-1
1788563837.2517,3353697,V,490,431,45746
1788563837.2517,3353705,V,515,453,-1
1788563837.2517,3353713,V,533,468,-1
1788563837.2517,3353721,V,508,446,-1
1788563837.2517,3353729,V,496,436,-1
1788563837.2517,3353737,V,508,446,-1
1788563837.2997,3353751,V,511,449,45747
1788563837.2997,3353759,V,516,454,-1
1788563837.2997,3353767,V,529,465,-1
1788563837.2997,3353775,V,505,444,-1
1788563837.2998,3353783,V,527,463,-1
1788563837.2998,3353791,V,507,446,-1
1788563837.3978,3353804,V,526,462,45748
1788563837.3978,3353812,V,527,463,-1
1788563837.3979,3353820,V,509,447,-1
1788563837.3979,3353828,V,520,457,-1
1788563837.3979,3353836,V,507,446,-1
1788563837.3979,3353844,V,484,425,-1
1788563837.3982,3353858,V,498,438,45749
1788563837.3982,3353866,V,483,425,-1
1788563837.3982,3353874,V,527,463,-1
1788563837.3982,3353882,V,537,472,-1
1788563837.3982,3353890,V,533,468,-1
1788563837.3982,3353898,V,502,441,-1
1788563837.4467,3353912,V,493,433,45750
1788563837.4468,3353920,V,520,457,-1
1788563837.4468,3353928,V,494,434,-1
1788563837.4468,3353936,V,516,454,-1
1788563837.4468,3353944,V,513,451,-1
1788563837.4468,3353952,V,514,452,-1
1788563837.4960,3353966,V,518,455,45751
1788563837.4960,3353974,V,508,446,-1
1788563837.4960,3353982,V,516,454,-1
1788563837.4960,3353990,V,531,467,-1
1788563837.4960,3353998,V,512,450,-1
1788563837.4960,3354006,V,511,449,-1
1788563837.5435,3354019,V,544,478,45752
1788563837.5435,3354027,V,522,459,-1
1788563837.5435,3354035,V,516,454,-1
1788563837.5435,3354043,V,555,488,-1
1788563837.5435,3354051,V,508,446,-1
1788563837.5435,3354059,V,501,440,-1
1788563837.6416,3354073,V,523,460,45753
1788563837.6417,3354081,V,470,413,-1
1788563837.6417,3354089,V,537,472,-1
1788563837.6417,3354097,V,530,466,-1
1788563837.6417,3354105,V,543,477,-1
1788563837.6417,3354113,V,512,450,-1
1788563837.6898,3354127,V,523,460,45754
1788563837.6898,3354135,V,503,442,-1
1788563837.6898,3354143,V,492,432,-1
1788563837.6899,3354151,V,496,436,-1
1788563837.6899,3354159,V,510,448,-1
1788563837.6899,3354167,V,524,461,-1
1788563837.7385,3354181,V,531,467,45755
1788563837.7385,3354189,V,483,425,-1
1788563837.7385,3354197,V,512,450,-1
1788563837.7385,3354205,V,517,454,-1
1788563837.7386,3354213,V,521,458,-1
1788563837.7386,3354221,V,510,448,-1
1788563837.7882,3354234,V,497,437,45756
1788563837.7882,3354242,V,501,440,-1
1788563837.7882,3354250,V,539,474,-1
1788563837.7882,3354258,V,505,444,-1
1788563837.7882,3354266,V,506,445,-1
1788563837.7882,3354274,V,493,433,-1
1788563837.8363,3354288,V,525,461,45757
1788563837.8364,3354296,V,527,463,-1
1788563837.8364,3354304,V,514,452,-1
1788563837.8364,3354312,V,560,492,-1
1788563837.8364,3354320,V,508,446,-1
1788563837.8364,3354328,V,518,455,-1
1788563837.8846,3354342,V,492,432,45758
1788563837.8847,3354350,V,516,454,-1
1788563837.8847,3354358,V,520,457,-1
1788563837.8847,3354366,V,509,447,-1
1788563837.8847,3354374,V,506,445,-1
1788563837.8847,3354382,V,521,458,-1
1788563837.9339,3354395,V,539,474,45759
1788563837.9340,3354403,V,524,461,-1
1788563837.9340,3354411,V,535,470,-1
1788563837.9340,3354419,V,533,468,-1
1788563837.9340,3354427,V,507,446,-1
1788563837.9340,3354435,V,540,475,-1
1788563837.9830,3354449,V,520,457,45760
1788563837.9830,3354457,V,524,461,-1
1788563837.9830,3354465,V,499,439,-1
1788563837.9830,3354473,V,501,440,-1
1788563837.9830,3354481,V,527,463,-1
1788563837.9830,3354489,V,490,431,-1
1788563838.0316,3354503,V,509,447,45761
1788563838.0317,3354511,V,512,450,-1
1788563838.0317,3354519,V,507,446,-1
1788563838.0317,3354527,V,509,447,-1
1788563838.0317,3354535,V,495,435,-1
1788563838.0317,3354543,V,530,466,-1
1788563838.0797,3354557,V,540,475,45762
1788563838.0798,3354565,V,510,448,-1
1788563838.0798,3354573,V,509,447,-1
1788563838.0798,3354581,V,518,455,-1
1788563838.0798,3354589,V,499,439,-1
1788563838.0798,3354597,V,531,467,-1
1788563838.1279,3354610,V,525,461,45763
1788563838.1279,3354618,V,508,446,-1
1788563838.1279,3354626,V,512,450,-1
1788563838.1279,3354634,V,516,454,-1
1788563838.1279,3354642,V,525,461,-1
1788563838.1280,3354650,V,514,452,-1
1788563838.2259,3354664,V,502,441,45764
1788563838.2261,3354672,V,513,451,-1
1788563838.2261,3354680,V,522,459,-1
1788563838.2261,3354688,V,508,446,-1
1788563838.2261,3354696,V,519,456,-1
1788563838.2261,3354704,V,521,458,-1
1788563838.2750,3354718,V,508,446,45765
1788563838.2750,3354726,V,502,441,-1
1788563838.2750,3354734,V,522,459,-1
1788563838.2750,3354742,V,495,435,-1
1788563838.2750,3354750,V,553,486,-1
1788563838.2750,3354758,V,552,485,-1
1788563838.3237,3354772,V,504,443,45766
1788563838.3237,3354780,V,506,445,-1
1788563838.3237,3354788,V,534,469,-1
1788563838.3238,3354796,V,519,456,-1
1788563838.3238,3354804,V,540,475,-1
1788563838.3238,3354812,V,508,446,-1
1788563838.3718,3354825,V,517,454,45767
1788563838.3718,3354833,V,513,451,-1
1788563838.3719,3354841,V,536,471,-1
1788563838.3719,3354849,V,517,454,-1
1788563838.3719,3354857,V,492,432,-1
1788563838.3719,3354865,V,496,436,-1
1788563838.4209,3354879,V,515,453,45768
1788563838.4209,3354887,V,506,445,-1
1788563838.4209,3354895,V,520,457,-1
1788563838.4209,3354903,V,510,448,-1
1788563838.4209,3354911,V,514,452,-1
1788563838.4209,3354919,V,528,464,-1
1788563838.4698,3354933,V,511,449,45769
1788563838.4699,3354941,V,517,454,-1
1788563838.4699,3354949,V,509,447,-1
1788563838.4699,3354957,V,546,480,-1
1788563838.4700,3354965,V,505,444,-1
1788563838.4700,3354973,V,525,461,-1
1788563838.5310,3354987,V,518,455,45770
1788563838.5310,3354995,V,542,476,-1
1788563838.5310,3355003,V,521,458,-1
1788563838.5310,3355011,V,525,461,-1
1788563838.5310,3355019,V,508,446,-1
1788563838.5310,3355027,V,512,450,-1
1788563838.5678,3355040,V,519,456,45771
1788563838.5678,3355048,V,511,449,-1
1788563838.5678,3355056,V,522,459,-1
1788563838.5678,3355064,V,513,451,-1
1788563838.5679,3355072,V,515,453,-1
1788563838.5679,3355080,V,495,435,-1
1788563838.6159,3355094,V,511,449,45772
1788563838.6159,3355102,V,520,457,-1
1788563838.6159,3355110,V,514,452,-1
1788563838.6159,3355118,V,495,435,-1
1788563838.6159,3355126,V,517,454,-1
1788563838.6159,3355134,V,497,437,-1
1788563838.7132,3355148,V,515,453,45773
1788563838.7133,3355156,V,520,457,-1
1788563838.7133,3355164,V,549,483,-1
1788563838.7134,3355172,V,537,472,-1
1788563838.7134,3355180,V,530,466,-1
1788563838.7134,3355188,V,568,499,-1
1788563838.7614,3355201,V,523,460,45774
1788563838.7614,3355209,V,552,485,-1
1788563838.7614,3355217,V,509,447,-1
1788563838.7615,3355225,V,508,446,-1
1788563838.7615,3355233,V,509,447,-1
1788563838.7615,3355241,V,518,455,-1
1788563838.8102,3355255,V,502,441,45775
1788563838.8102,3355263,V,514,452,-1
1788563838.8102,3355271,V,510,448,-1
1788563838.8102,3355279,V,505,444,-1
1788563838.8102,3355287,V,525,461,-1
1788563838.8102,3355295,V,520,457,-1
1788563838.8609,3355309,V,519,456,45776
1788563838.8609,3355317,V,535,470,-1
1788563838.8609,3355325,V,513,451,-1
1788563838.8609,3355333,V,518,455,-1
1788563838.8609,3355341,V,513,451,-1
1788563838.8610,3355349,V,509,447,-1
1788563838.9089,3355363,V,504,443,45777
1788563838.9089,3355371,V,520,457,-1
1788563838.9089,3355379,V,516,454,-1
1788563838.9089,3355387,V,521,458,-1
1788563838.9090,3355395,V,550,483,-1
1788563838.9090,3355403,V,503,442,-1
1788563838.9575,3355416,V,498,438,45778
1788563838.9576,3355424,V,511,449,-1
1788563838.9577,3355432,V,534,469,-1
1788563838.9577,3355440,V,511,449,-1
1788563838.9577,3355448,V,504,443,-1
1788563838.9577,3355456,V,533,468,-1
1788563839.0059,3355470,V,505,444,45779
1788563839.0059,3355478,V,480,422,-1
1788563839.0059,3355486,V,544,478,-1
1788563839.0059,3355494,V,505,444,-1
1788563839.0059,3355502,V,509,447,-1
1788563839.0059,3355510,V,519,456,-1
1788563839.0542,3355524,V,513,451,45780
1788563839.0543,3355532,V,500,439,-1
1788563839.0543,3355540,V,518,455,-1
1788563839.0543,3355548,V,543,477,-1
1788563839.0543,3355556,V,508,446,-1
1788563839.0543,3355564,V,496,436,-1
1788563839.1046,3355578,V,501,440,45781
1788563839.1046,3355586,V,509,447,-1
1788563839.1046,3355594,V,508,446,-1
1788563839.1046,3355602,V,517,454,-1
1788563839.1046,3355610,V,513,451,-1
1788563839.1047,3355618,V,505,444,-1
1788563839.1526,3355631,V,543,477,45782
1788563839.1526,3355639,V,498,438,-1
1788563839.1526,3355647,V,517,454,-1
1788563839.1527,3355655,V,503,442,-1
1788563839.1527,3355663,V,496,436,-1
1788563839.1527,3355671,V,502,441,-1
1788563839.2488,3355685,V,523,460,45783
1788563839.2489,3355693,V,549,483,-1
1788563839.2489,3355701,V,504,443,-1
1788563839.2489,3355709,V,518,455,-1
1788563839.2489,3355717,V,506,445,-1
1788563839.2489,3355725,V,530,466,-1
1788563839.2999,3355739,V,530,466,45784
1788563839.2999,3355747,V,522,459,-1
1788563839.2999,3355755,V,496,436,-1
1788563839.2999,3355763,V,508,446,-1
1788563839.2999,3355771,V,477,419,-1
1788563839.2999,3355779,V,500,439,-1
1788563839.3473,3355792,V,512,450,45785
1788563839.3473,3355800,V,503,442,-1
1788563839.3473,3355808,V,504,443,-1
1788563839.3473,3355816,V,499,439,-1
1788563839.3473,3355824,V,499,439,-1
1788563839.3473,3355832,V,512,450,-1
1788563839.3986,3355846,V,537,472,45786
1788563839.3986,3355854,V,515,453,-1
1788563839.3986,3355862,V,505,444,-1
1788563839.3986,3355870,V,524,461,-1
1788563839.3986,3355878,V,533,468,-1
1788563839.3986,3355886,V,538,473,-1
1788563839.4464,3355900,V,541,475,45787
1788563839.4464,3355908,V,500,439,-1
1788563839.4464,3355916,V,524,461,-1
1788563839.4464,3355924,V,517,454,-1
1788563839.4464,3355932,V,506,445,-1
1788563839.4464,3355940,V,519,456,-1
1788563839.4967,3355954,V,499,439,45788
1788563839.4968,3355962,V,515,453,-1
1788563839.4968,3355970,V,505,444,-1
1788563839.4968,3355978,V,528,464,-1
1788563839.4968,3355986,V,530,466,-1
1788563839.4969,3355994,V,511,449,-1
1788563839.5444,3356007,V,513,451,45789
1788563839.5444,3356015,V,538,473,-1
1788563839.5444,3356023,V,503,442,-1
1788563839.5444,3356031,V,529,465,-1
1788563839.5444,3356039,V,529,465,-1
1788563839.5444,3356047,V,522,459,-1
1788563839.5904,3356061,V,479,421,45790
1788563839.5904,3356069,V,562,494,-1
1788563839.5904,3356077,V,535,470,-1
1788563839.5904,3356085,V,523,460,-1
1788563839.5904,3356093,V,520,457,-1
1788563839.5904,3356101,V,508,446,-1
1788563839.6395,3356115,V,506,445,45791
1788563839.6396,3356123,V,536,471,-1
1788563839.6396,3356131,V,526,462,-1
1788563839.6396,3356139,V,507,446,-1
1788563839.6396,3356147,V,501,440,-1
1788563839.6396,3356155,V,528,464,-1
1788563839.7382,3356168,V,510,448,45792
1788563839.7384,3356176,V,510,448,-1
1788563839.7384,3356184,V,523,460,-1
1788563839.7384,3356192,V,491,432,-1
1788563839.7384,3356200,V,506,445,-1
1788563839.7384,3356208,V,516,454,-1
1788563839.7881,3356222,V,508,446,45793
1788563839.7881,3356230,V,496,436,-1
1788563839.7881,3356238,V,548,482,-1
1788563839.7881,3356246,V,511,449,-1
1788563839.7881,3356254,V,496,436,-1
1788563839.7882,3356262,V,496,436,-1
1788563839.8352,3356276,V,502,441,45794
1788563839.8352,3356284,V,514,452,-1
1788563839.8352,3356292,V,542,476,-1
1788563839.8352,3356300,V,501,440,-1
1788563839.8353,3356308,V,521,458,-1
1788563839.8353,3356316,V,521,458,-1
1788563839.8841,3356330,V,498,438,45795
1788563839.8842,3356338,V,489,430,-1
1788563839.8842,3356346,V,534,469,-1
1788563839.8842,3356354,V,531,467,-1
1788563839.8842,3356362,V,507,446,-1
1788563839.8842,3356370,V,493,433,-1
1788563839.9350,3356383,V,529,465,45796
1788563839.9350,3356391,V,547,481,-1
1788563839.9351,3356399,V,502,441,-1
1788563839.9351,3356407,V,524,461,-1
1788563839.9351,3356415,V,523,460,-1
1788563839.9351,3356423,V,503,442,-1
1788563839.9821,3356437,V,533,468,45797
1788563839.9823,3356445,V,515,453,-1
1788563839.9823,3356453,V,500,439,-1
1788563839.9823,3356461,V,523,460,-1
1788563839.9823,3356469,V,500,439,-1
1788563839.9823,3356477,V,493,433,-1
1788563840.0808,3356491,V,535,470,45798
1788563840.0808,3356499,V,519,456,-1
1788563840.0808,3356507,V,547,481,-1
1788563840.0809,3356515,V,517,454,-1
1788563840.0809,3356523,V,524,461,-1
1788563840.0809,3356531,V,531,467,-1
1788563840.0812,3356545,V,531,467,45799
1788563840.0812,3356553,V,524,461,-1
1788563840.0813,3356561,V,487,428,-1
1788563840.0813,3356569,V,516,454,-1
1788563840.0813,3356577,V,515,453,-1
1788563840.0813,3356585,V,513,451,-1
1788563840.1286,3356598,V,528,464,45800
1788563840.1286,3356606,V,531,467,-1
1788563840.1286,3356614,V,493,433,-1
1788563840.1286,3356622,V,508,446,-1
1788563840.1286,3356630,V,511,449,-1
1788563840.1286,3356638,V,509,447,-1
1788563840.1762,3356652,V,521,458,45801
1788563840.1762,3356660,V,508,446,-1
1788563840.1762,3356668,V,513,451,-1
1788563840.1762,3356676,V,544,478,-1
1788563840.1762,3356684,V,494,434,-1
1788563840.1762,3356692,V,518,455,-1
1788563840.2251,3356706,V,529,465,45802
1788563840.2252,3356714,V,511,449,-1
1788563840.2252,3356722,V,505,444,-1
1788563840.2252,3356730,V,493,433,-1
1788563840.2253,3356738,V,504,443,-1
1788563840.2253,3356746,V,540,475,-1
1788563840.3220,3356759,V,511,449,45803
1788563840.3220,3356767,V,531,467,-1
1788563840.3220,3356775,V,506,445,-1
1788563840.3220,3356783,V,521,458,-1
1788563840.3220,3356791,V,506,445,-1
1788563840.3220,3356799,V,517,454,-1
1788563840.3707,3356813,V,530,466,45804
1788563840.3708,3356821,V,533,468,-1
1788563840.3708,3356829,V,503,442,-1
1788563840.3708,3356837,V,510,448,-1
1788563840.3708,3356845,V,522,459,-1
1788563840.3708,3356853,V,515,453,-1
1788563840.4199,3356867,V,488,429,45805
1788563840.4200,3356875,V,497,437,-1
1788563840.4200,3356883,V,493,433,-1
1788563840.4200,3356891,V,528,464,-1
1788563840.4200,3356899,V,516,454,-1
1788563840.4200,3356907,V,508,446,-1
1788563840.4689,3356921,V,505,444,45806
1788563840.4690,3356929,V,491,432,-1
1788563840.4690,3356937,V,503,442,-1
1788563840.4690,3356945,V,566,497,-1
1788563840.4690,3356953,V,516,454,-1
1788563840.4690,3356961,V,524,461,-1
1788563840.5165,3356974,V,506,445,45807
1788563840.5166,3356982,V,531,467,-1
1788563840.5166,3356990,V,516,454,-1
1788563840.5166,3356998,V,538,473,-1
1788563840.5166,3357006,V,537,472,-1
1788563840.5166,3357014,V,492,432,-1
1788563840.6170,3357028,V,514,452,45808
1788563840.6171,3357036,V,507,446,-1
1788563840.6171,3357044,V,511,449,-1
1788563840.6171,3357052,V,508,446,-1
1788563840.6172,3357060,V,514,452,-1
1788563840.6172,3357068,V,533,468,-1
1788563840.6173,3357082,V,497,437,45809
1788563840.6173,3357090,V,512,450,-1
1788563840.6173,3357098,V,495,435,-1
1788563840.6173,3357106,V,494,434,-1
1788563840.6173,3357114,V,504,443,-1
1788563840.6173,3357122,V,538,473,-1
1788563840.6659,3357135,V,500,439,45810
1788563840.6659,3357143,V,520,457,-1
1788563840.6659,3357151,V,526,462,-1
1788563840.6659,3357159,V,501,440,-1
1788563840.6659,3357167,V,511,449,-1
1788563840.6659,3357175,V,536,471,-1
1788563840.7149,3357189,V,522,459,45811
1788563840.7150,3357197,V,519,456,-1
1788563840.7150,3357205,V,509,447,-1
1788563840.7150,3357213,V,514,452,-1
1788563840.7150,3357221,V,518,455,-1
1788563840.7150,3357229,V,518,455,-1
1788563840.7620,3357243,V,512,450,45812
1788563840.7620,3357251,V,514,452,-1
1788563840.7620,3357259,V,493,433,-1
1788563840.7620,3357267,V,520,457,-1
1788563840.7620,3357275,V,514,452,-1
1788563840.7621,3357283,V,529,465,-1
1788563840.8589,3357297,V,538,473,45813
1788563840.8589,3357305,V,502,441,-1
1788563840.8589,3357313,V,485,426,-1
1788563840.8589,3357321,V,515,453,-1
1788563840.8589,3357329,V,511,449,-1
1788563840.8589,3357337,V,476,418,-1
1788563840.9083,3357350,V,523,460,45814
1788563840.9083,3357358,V,495,435,-1
1788563840.9083,3357366,V,495,435,-1
1788563840.9083,3357374,V,503,442,-1
1788563840.9083,3357382,V,552,485,-1
1788563840.9083,3357390,V,506,445,-1
1788563840.9561,3357404,V,520,457,45815
1788563840.9562,3357412,V,507,446,-1
1788563840.9562,3357420,V,503,442,-1
1788563840.9562,3357428,V,536,471,-1
1788563840.9562,3357436,V,503,442,-1
1788563840.9562,3357444,V,510,448,-1
1788563841.0526,3357458,V,523,460,45816
1788563841.0526,3357466,V,515,453,-1
1788563841.0526,3357474,V,474,417,-1
1788563841.0526,3357482,V,510,448,-1
1788563841.0526,3357490,V,509,447,-1
1788563841.0526,3357498,V,520,457,-1
1788563841.0527,3357512,V,498,438,45817
1788563841.0527,3357520,V,467,410,-1
1788563841.0527,3357528,V,522,459,-1
1788563841.0527,3357536,V,509,447,-1
1788563841.0527,3357544,V,501,440,-1
1788563841.0527,3357552,V,514,452,-1
1788563841.1012,3357565,V,516,454,45818
1788563841.1012,3357573,V,513,451,-1
1788563841.1012,3357581,V,512,450,-1
1788563841.1012,3357589,V,532,468,-1
1788563841.1012,3357597,V,556,489,-1
1788563841.1012,3357605,V,484,425,-1
1788563841.1505,3357619,V,492,432,45819
1788563841.1505,3357627,V,519,456,-1
1788563841.1505,3357635,V,523,460,-1
1788563841.1505,3357643,V,520,457,-1
1788563841.1505,3357651,V,507,446,-1
1788563841.1505,3357659,V,512,450,-1
1788563841.1998,3357673,V,487,428,45820
1788563841.1998,3357681,V,492,432,-1
1788563841.1999,3357689,V,500,439,-1
1788563841.1999,3357697,V,503,442,-1
1788563841.1999,3357705,V,495,435,-1
1788563841.1999,3357713,V,510,448,-1
1788563841.2490,3357726,V,538,473,45821
1788563841.2490,3357734,V,485,426,-1
1788563841.2490,3357742,V,518,455,-1
1788563841.2490,3357750,V,496,436,-1
1788563841.2490,3357758,V,517,454,-1
1788563841.2490,3357766,V,519,456,-1
1788563841.3468,3357780,V,492,432,45822
1788563841.3468,3357788,V,512,450,-1
1788563841.3469,3357796,V,521,458,-1
1788563841.3469,3357804,V,528,464,-1
1788563841.3469,3357812,V,501,440,-1
1788563841.3469,3357820,V,561,493,-1
1788563841.3935,3357834,V,502,441,45823
1788563841.3935,3357842,V,506,445,-1
1788563841.3935,3357850,V,551,484,-1
1788563841.3935,3357858,V,512,450,-1
1788563841.3935,3357866,V,499,439,-1
1788563841.3935,3357874,V,502,441,-1
1788563841.4434,3357888,V,505,444,45824
1788563841.4435,3357896,V,544,478,-1
1788563841.4435,3357904,V,509,447,-1
1788563841.4435,3357912,V,494,434,-1
1788563841.4435,3357920,V,531,467,-1
1788563841.4435,3357928,V,512,450,-1
1788563841.4924,3357941,V,507,446,45825
1788563841.4925,3357949,V,496,436,-1
1788563841.4925,3357957,V,506,445,-1
1788563841.4925,3357965,V,527,463,-1
1788563841.4925,3357973,V,507,446,-1
1788563841.4925,3357981,V,499,439,-1
1788563841.5903,3357995,V,530,466,45826
1788563841.5904,3358003,V,497,437,-1
1788563841.5904,3358011,V,510,448,-1
1788563841.5904,3358019,V,498,438,-1
1788563841.5904,3358027,V,509,447,-1
1788563841.5904,3358035,V,518,455,-1
1788563841.5907,3358049,V,516,454,45827
1788563841.5907,3358057,V,486,427,-1
1788563841.5907,3358065,V,524,461,-1
1788563841.5907,3358073,V,508,446,-1
1788563841.5907,3358081,V,516,454,-1
1788563841.5907,3358089,V,469,412,-1
1788563841.6372,3358102,V,518,455,45828
1788563841.6373,3358110,V,502,441,-1
1788563841.6373,3358118,V,522,459,-1
1788563841.6373,3358126,V,523,460,-1
1788563841.6373,3358134,V,555,488,-1
1788563841.6373,3358142,V,504,443,-1
1788563841.6884,3358156,V,522,459,45829
1788563841.6885,3358164,V,540,475,-1
1788563841.6885,3358172,V,503,442,-1
1788563841.6885,3358180,V,508,446,-1
1788563841.6886,3358188,V,518,455,-1
1788563841.6886,3358196,V,497,437,-1
1788563841.7366,3358210,V,511,449,45830
1788563841.7366,3358218,V,505,444,-1
1788563841.7366,3358226,V,492,432,-1
1788563841.7366,3358234,V,490,431,-1
1788563841.7367,3358242,V,527,463,-1
1788563841.7367,3358250,V,499,439,-1
1788563841.8331,3358264,V,580,510,45831
1788563841.8332,3358272,V,481,423,-1
1788563841.8332,3358280,V,506,445,-1
1788563841.8332,3358288,V,515,453,-1
1788563841.8332,3358296,V,522,459,-1
1788563841.8332,3358304,V,533,468,-1
1788563841.8825,3358317,V,521,458,45832
1788563841.8825,3358325,V,503,442,-1
1788563841.8825,3358333,V,530,466,-1
1788563841.8825,3358341,V,519,456,-1
1788563841.8825,3358349,V,533,468,-1
1788563841.8825,3358357,V,503,442,-1
1788563841.9317,3358371,V,481,423,45833
1788563841.9318,3358379,V,524,461,-1
1788563841.9318,3358387,V,505,444,-1
1788563841.9318,3358395,V,524,461,-1
1788563841.9318,3358403,V,501,440,-1
1788563841.9319,3358411,V,514,452,-1
1788563841.9808,3358425,V,511,449,45834
1788563841.9809,3358433,V,489,430,-1
1788563841.9809,3358441,V,513,451,-1
1788563841.9809,3358449,V,534,469,-1
1788563841.9809,3358457,V,531,467,-1
1788563841.9809,3358465,V,533,468,-1
1788563842.0776,3358479,V,487,428,45835
1788563842.0776,3358487,V,504,443,-1
1788563842.0776,3358495,V,517,454,-1
1788563842.0776,3358503,V,541,475,-1
1788563842.0776,3358511,V,523,460,-1
1788563842.0777,3358519,V,498,438,-1
1788563842.0779,3358532,V,516,454,45836
1788563842.0779,3358540,V,498,438,-1
1788563842.0781,3358548,V,508,446,-1
1788563842.0781,3358556,V,503,442,-1
1788563842.0781,3358564,V,520,457,-1
1788563842.0781,3358572,V,513,451,-1
1788563842.1266,3358586,V,517,454,45837
1788563842.1267,3358594,V,510,448,-1
1788563842.1267,3358602,V,530,466,-1
1788563842.1267,3358610,V,502,441,-1
1788563842.1267,3358618,V,541,475,-1
1788563842.1267,3358626,V,504,443,-1
1788563842.1756,3358640,V,504,443,45838
1788563842.1757,3358648,V,483,425,-1
1788563842.1757,3358656,V,488,429,-1
1788563842.1757,3358664,V,477,419,-1
1788563842.1757,3358672,V,494,434,-1
1788563842.1757,3358680,V,513,451,-1
1788563842.2239,3358693,V,500,439,45839
1788563842.2239,3358701,V,568,499,-1
1788563842.2239,3358709,V,515,453,-1
1788563842.2239,3358717,V,503,442,-1
1788563842.2239,3358725,V,510,448,-1
1788563842.2239,3358733,V,490,431,-1
1788563842.2734,3358747,V,524,461,45840
1788563842.2734,3358755,V,526,462,-1
1788563842.2734,3358763,V,515,453,-1
1788563842.2734,3358771,V,515,453,-1
1788563842.2734,3358779,V,511,449,-1
1788563842.2734,3358787,V,527,463,-1
1788563842.3216,3358801,V,520,457,45841
1788563842.3216,3358809,V,513,451,-1
1788563842.3216,3358817,V,516,454,-1
1788563842.3216,3358825,V,532,468,-1
1788563842.3217,3358833,V,511,449,-1
1788563842.3217,3358841,V,514,452,-1
1788563842.4191,3358855,V,519,456,45842
1788563842.4193,3358863,V,522,459,-1
1788563842.4193,3358871,V,537,472,-1
1788563842.4193,3358879,V,511,449,-1
1788563842.4193,3358887,V,525,461,-1
1788563842.4193,3358895,V,523,460,-1
1788563842.4664,3358908,V,533,468,45843
1788563842.4664,3358916,V,522,459,-1
1788563842.4664,3358924,V,507,446,-1
1788563842.4665,3358932,V,524,461,-1
1788563842.4665,3358940,V,505,444,-1
1788563842.4665,3358948,V,533,468,-1
1788563842.5186,3358962,V,504,443,45844
1788563842.5186,3358970,V,531,467,-1
1788563842.5187,3358978,V,494,434,-1
1788563842.5187,3358986,V,516,454,-1
1788563842.5187,3358994,V,501,440,-1
1788563842.5187,3359002,V,500,439,-1
1788563842.5647,3359016,V,523,460,45845
1788563842.5647,3359024,V,509,447,-1
1788563842.5647,3359032,V,494,434,-1
1788563842.5647,3359040,V,507,446,-1
1788563842.5647,3359048,V,500,439,-1
1788563842.5647,3359056,V,505,444,-1
1788563842.6153,3359070,V,503,442,45846
1788563842.6154,3359078,V,520,457,-1
1788563842.6154,3359086,V,532,468,-1
1788563842.6154,3359094,V,510,448,-1
1788563842.6154,3359102,V,519,456,-1
1788563842.6154,3359110,V,529,465,-1
1788563842.6616,3359123,V,530,466,45847
1788563842.6618,3359131,V,510,448,-1
1788563842.6618,3359139,V,575,505,-1
1788563842.6618,3359147,V,487,428,-1
1788563842.6618,3359155,V,516,454,-1
1788563842.6618,3359163,V,521,458,-1
1788563842.7103,3359177,V,510,448,45848
1788563842.7103,3359185,V,496,436,-1
1788563842.7103,3359193,V,496,436,-1
1788563842.7104,3359201,V,516,454,-1
1788563842.7104,3359209,V,493,433,-1
1788563842.7104,3359217,V,506,445,-1
1788563842.8099,3359231,V,514,452,45849
1788563842.8099,3359239,V,506,445,-1
1788563842.8100,3359247,V,507,446,-1
1788563842.8100,3359255,V,490,431,-1
1788563842.8100,3359263,V,478,420,-1
1788563842.8100,3359271,V,528,464,-1
1788563842.8104,3359285,V,495,435,45850
1788563842.8104,3359293,V,523,460,-1
1788563842.8104,3359301,V,508,446,-1
1788563842.8104,3359309,V,526,462,-1
1788563842.8104,3359317,V,531,467,-1
1788563842.8104,3359325,V,512,450,-1
1788563842.8569,3359338,V,501,440,45851
1788563842.8569,3359346,V,532,468,-1
1788563842.8569,3359354,V,505,444,-1
1788563842.8569,3359362,V,517,454,-1
1788563842.8569,3359370,V,522,459,-1
1788563842.8570,3359378,V,481,423,-1
1788563842.9539,3359392,V,490,431,45852
1788563842.9541,3359400,V,507,446,-1
1788563842.9541,3359408,V,467,410,-1
1788563842.9541,3359416,V,503,442,-1
1788563842.9541,3359424,V,527,463,-1
1788563842.9541,3359432,V,516,454,-1
1788563843.0037,3359446,V,525,461,45853
1788563843.0037,3359454,V,501,440,-1
1788563843.0037,3359462,V,506,445,-1
1788563843.0037,3359470,V,527,463,-1
1788563843.0037,3359478,V,520,457,-1
1788563843.0037,3359486,V,520,457,-1
1788563843.0528,3359499,V,495,435,45854
1788563843.0528,3359507,V,533,468,-1
1788563843.0528,3359515,V,524,461,-1
1788563843.0529,3359523,V,512,450,-1
1788563843.0529,3359531,V,512,450,-1
1788563843.0529,3359539,V,502,441,-1
1788563843.1012,3359553,V,519,456,45855
1788563843.1012,3359561,V,489,430,-1
1788563843.1012,3359569,V,520,457,-1
1788563843.1012,3359577,V,549,483,-1
1788563843.1013,3359585,V,512,450,-1
1788563843.1013,3359593,V,520,457,-1
1788563843.1513,3359607,V,522,459,45856
1788563843.1513,3359615,V,510,448,-1
1788563843.1513,3359623,V,514,452,-1
1788563843.1513,3359631,V,516,454,-1
1788563843.1513,3359639,V,514,452,-1
1788563843.1513,3359647,V,510,448,-1
1788563843.1978,3359660,V,506,445,45857
1788563843.1979,3359668,V,510,448,-1
1788563843.1979,3359676,V,500,439,-1
1788563843.1980,3359684,V,510,448,-1
1788563843.1980,3359692,V,501,440,-1
1788563843.1980,3359700,V,521,458,-1
1788563843.2480,3359714,V,521,458,45858
1788563843.2480,3359722,V,523,460,-1
1788563843.2480,3359730,V,533,468,-1
1788563843.2480,3359738,V,510,448,-1
1788563843.2480,3359746,V,520,457,-1
1788563843.2480,3359754,V,519,456,-1
1788563843.2967,3359768,V,509,447,45859
1788563843.2968,3359776,V,507,446,-1
1788563843.2968,3359784,V,503,442,-1
1788563843.2968,3359792,V,502,441,-1
1788563843.2968,3359800,V,490,431,-1
1788563843.2968,3359808,V,531,467,-1
1788563843.3458,3359822,V,509,447,45860
1788563843.3458,3359830,V,535,470,-1
1788563843.3458,3359838,V,532,468,-1
1788563843.3458,3359846,V,507,446,-1
1788563843.3458,3359854,V,517,454,-1
1788563843.3458,3359862,V,519,456,-1
1788563843.3950,3359875,V,504,443,45861
1788563843.3951,3359883,V,524,461,-1
1788563843.3951,3359891,V,511,449,-1
1788563843.3951,3359899,V,517,454,-1
1788563843.3951,3359907,V,530,466,-1
1788563843.3951,3359915,V,526,462,-1
1788563843.4915,3359929,V,523,460,45862
1788563843.4917,3359937,V,524,461,-1
1788563843.4917,3359945,V,513,451,-1
1788563843.4917,3359953,V,510,448,-1
1788563843.4917,3359961,V,525,461,-1
1788563843.4917,3359969,V,516,454,-1
1788563843.5404,3359983,V,488,429,45863
1788563843.5404,3359991,V,520,457,-1
1788563843.5404,3359999,V,500,439,-1
1788563843.5404,3360007,V,486,427,-1
1788563843.5404,3360015,V,541,475,-1
1788563843.5404,3360023,V,508,446,-1
1788563843.5901,3360037,V,510,448,45864
1788563843.5901,3360045,V,505,444,-1
1788563843.5901,3360053,V,522,459,-1
1788563843.5901,3360061,V,509,447,-1
1788563843.5901,3360069,V,508,446,-1
1788563843.5901,3360077,V,514,452,-1
1788563843.6378,3360090,V,509,447,45865
1788563843.6379,3360098,V,502,441,-1
1788563843.6379,3360106,V,523,460,-1
1788563843.6379,3360114,V,520,457,-1
1788563843.6379,3360122,V,495,435,-1
1788563843.6379,3360130,V,507,446,-1
1788563843.6862,3360144,V,525,461,45866
1788563843.6863,3360152,V,484,425,-1
1788563843.6863,3360160,V,539,474,-1
1788563843.6863,3360168,V,508,446,-1
1788563843.6863,3360176,V,517,454,-1
1788563843.6863,3360184,V,516,454,-1
1788563843.7352,3360198,V,534,469,45867
1788563843.7353,3360206,V,527,463,-1
1788563843.7354,3360214,V,541,475,-1
1788563843.7354,3360222,V,507,446,-1
1788563843.7354,3360230,V,513,451,-1
1788563843.7354,3360238,V,515,453,-1
1788563843.7835,3360251,V,526,462,45868
1788563843.7835,3360259,V,517,454,-1
1788563843.7835,3360267,V,500,439,-1
1788563843.7835,3360275,V,513,451,-1
1788563843.7835,3360283,V,513,451,-1
1788563843.7835,3360291,V,510,448,-1
1788563843.8324,3360305,V,515,453,45869
1788563843.8324,3360313,V,528,464,-1
1788563843.8325,3360321,V,489,430,-1
1788563843.8325,3360329,V,512,450,-1
1788563843.8326,3360337,V,528,464,-1
1788563843.8326,3360345,V,503,442,-1
1788563843.9303,3360359,V,515,453,45870
1788563843.9304,3360367,V,516,454,-1
1788563843.9304,3360375,V,517,454,-1
1788563843.9304,3360383,V,507,446,-1
1788563843.9304,3360391,V,516,454,-1
1788563843.9304,3360399,V,519,456,-1
1788563843.9783,3360413,V,516,454,45871
1788563843.9784,3360421,V,511,449,-1
1788563843.9784,3360429,V,510,448,-1
1788563843.9784,3360437,V,529,465,-1
1788563843.9784,3360445,V,517,454,-1
1788563843.9784,3360453,V,559,491,-1
1788563844.0273,3360466,V,524,461,45872
1788563844.0274,3360474,V,514,452,-1
1788563844.0275,3360482,V,534,469,-1
1788563844.0275,3360490,V,523,460,-1
1788563844.0275,3360498,V,521,458,-1
1788563844.0275,3360506,V,536,471,-1
1788563844.0764,3360520,V,504,443,45873
1788563844.0764,3360528,V,532,468,-1
1788563844.0764,3360536,V,505,444,-1
1788563844.0765,3360544,V,506,445,-1
1788563844.0765,3360552,V,519,456,-1
1788563844.0765,3360560,V,523,460,-1
1788563844.1254,3360574,V,511,449,45874
1788563844.1254,3360582,V,519,456,-1
1788563844.1255,3360590,V,507,446,-1
1788563844.1255,3360598,V,505,444,-1
1788563844.1255,3360606,V,507,446,-1
1788563844.1255,3360614,V,520,457,-1
1788563844.1744,3360628,V,508,446,45875
1788563844.1744,3360636,V,549,483,-1
1788563844.1745,3360644,V,526,462,-1
1788563844.1745,3360652,V,534,469,-1
1788563844.1745,3360660,V,518,455,-1
1788563844.1745,3360668,V,501,440,-1
1788563844.2228,3360681,V,537,472,45876
1788563844.2229,3360689,V,505,444,-1
1788563844.2229,3360697,V,502,441,-1
1788563844.2229,3360705,V,499,439,-1
1788563844.2229,3360713,V,497,437,-1
1788563844.2229,3360721,V,489,430,-1
1788563844.2699,3360735,V,503,442,45877
1788563844.2700,3360743,V,518,455,-1
1788563844.2700,3360751,V,532,468,-1
1788563844.2700,3360759,V,505,444,-1
1788563844.2700,3360767,V,506,445,-1
1788563844.2700,3360775,V,524,461,-1
1788563844.3205,3360789,V,518,455,45878
1788563844.3205,3360797,V,526,462,-1
1788563844.3205,3360805,V,488,429,-1
1788563844.3205,3360813,V,511,449,-1
1788563844.3205,3360821,V,510,448,-1
1788563844.3205,3360829,V,517,454,-1
1788563844.3684,3360843,V,518,455,45879
1788563844.3685,3360851,V,500,439,-1
1788563844.3685,3360859,V,534,469,-1
1788563844.3685,3360867,V,504,443,-1
1788563844.3685,3360875,V,493,433,-1
1788563844.3685,3360883,V,504,443,-1
1788563844.4178,3360896,V,536,471,45880
1788563844.4179,3360904,V,518,455,-1
1788563844.4179,3360912,V,517,454,-1
1788563844.4180,3360920,V,500,439,-1
1788563844.4180,3360928,V,523,460,-1
1788563844.4180,3360936,V,544,478,-1
1788563844.5136,3360950,V,551,484,45881
1788563844.5137,3360958,V,512,450,-1
1788563844.5137,3360966,V,532,468,-1
1788563844.5138,3360974,V,527,463,-1
1788563844.5138,3360982,V,506,445,-1
1788563844.5138,3360990,V,522,459,-1
1788563844.5635,3361004,V,508,446,45882
1788563844.5635,3361012,V,511,449,-1
1788563844.5635,3361020,V,508,446,-1
1788563844.5635,3361028,V,515,453,-1
1788563844.5636,3361036,V,501,440,-1
1788563844.5636,3361044,V,532,468,-1
1788563844.6618,3361057,V,526,462,45883
1788563844.6618,3361065,V,526,462,-1
1788563844.6618,3361073,V,509,447,-1
1788563844.6618,3361081,V,513,451,-1
1788563844.6618,3361089,V,514,452,-1
1788563844.6618,3361097,V,524,461,-1
1788563844.6621,3361111,V,530,466,45884
1788563844.6621,3361119,V,509,447,-1
1788563844.6621,3361127,V,523,460,-1
1788563844.6621,3361135,V,533,468,-1
1788563844.6621,3361143,V,483,425,-1
1788563844.6621,3361151,V,498,438,-1
1788563844.7103,3361165,V,521,458,45885
1788563844.7103,3361173,V,527,463,-1
1788563844.7103,3361181,V,488,429,-1
1788563844.7103,3361189,V,507,446,-1
1788563844.7103,3361197,V,510,448,-1
1788563844.7103,3361205,V,518,455,-1
1788563844.7572,3361219,V,516,454,45886
1788563844.7573,3361227,V,510,448,-1
1788563844.7573,3361235,V,498,438,-1
1788563844.7573,3361243,V,511,449,-1
1788563844.7573,3361251,V,519,456,-1
1788563844.7573,3361259,V,523,460,-1
1788563844.8078,3361272,V,514,452,45887
1788563844.8078,3361280,V,506,445,-1
1788563844.8079,3361288,V,503,442,-1
1788563844.8079,3361296,V,526,462,-1
1788563844.8079,3361304,V,539,474,-1
1788563844.8079,3361312,V,520,457,-1
1788563844.8563,3361326,V,518,455,45888
1788563844.8564,3361334,V,553,486,-1
1788563844.8564,3361342,V,504,443,-1
1788563844.8564,3361350,V,523,460,-1
1788563844.8564,3361358,V,511,449,-1
1788563844.8565,3361366,V,530,466,-1
1788563844.9055,3361380,V,510,448,45889
1788563844.9056,3361388,V,491,432,-1
1788563844.9056,3361396,V,502,441,-1
1788563844.9056,3361404,V,504,443,-1
1788563844.9056,3361412,V,532,468,-1
1788563844.9056,3361420,V,521,458,-1
1788563844.9544,3361433,V,532,468,45890
1788563844.9545,3361441,V,508,446,-1
1788563844.9545,3361449,V,529,465,-1
1788563844.9545,3361457,V,513,451,-1
1788563844.9545,3361465,V,513,451,-1
1788563844.9545,3361473,V,528,464,-1
1788563845.0520,3361487,V,512,450,45891
1788563845.0522,3361495,V,506,445,-1
1788563845.0522,3361503,V,520,457,-1
1788563845.0522,3361511,V,528,464,-1
1788563845.0522,3361519,V,504,443,-1
1788563845.0522,3361527,V,519,456,-1
1788563845.0989,3361541,V,536,471,45892
1788563845.0989,3361549,V,504,443,-1
1788563845.0989,3361557,V,499,439,-1
1788563845.0989,3361565,V,508,446,-1
1788563845.0989,3361573,V,516,454,-1
1788563845.0989,3361581,V,510,448,-1
1788563845.1501,3361595,V,544,478,45893
1788563845.1501,3361603,V,526,462,-1
1788563845.1501,3361611,V,517,454,-1
1788563845.1502,3361619,V,526,462,-1
1788563845.1502,3361627,V,482,424,-1
1788563845.1502,3361635,V,531,467,-1
1788563845.1980,3361648,V,527,463,45894
1788563845.1980,3361656,V,528,464,-1
1788563845.1980,3361664,V,511,449,-1
1788563845.1980,3361672,V,524,461,-1
1788563845.1980,3361680,V,517,454,-1
1788563845.1980,3361688,V,524,461,-1
1788563845.3445,3361702,V,502,441,45895
1788563845.3448,3361710,V,504,443,-1
1788563845.3448,3361718,V,495,435,-1
1788563845.3448,3361726,V,496,436,-1
1788563845.3448,3361734,V,514,452,-1
1788563845.3448,3361742,V,520,457,-1
1788563845.3452,3361756,V,514,452,45896
1788563845.3452,3361764,V,505,444,-1
1788563845.3452,3361772,V,569,500,-1
1788563845.3453,3361780,V,514,452,-1
1788563845.3453,3361788,V,561,493,-1
1788563845.3453,3361796,V,518,455,-1
1788563845.3454,3361810,V,511,449,45897
1788563845.3454,3361818,V,503,442,-1
1788563845.3454,3361826,V,522,459,-1
1788563845.3454,3361834,V,501,440,-1
1788563845.3454,3361842,V,516,454,-1
1788563845.3454,3361850,V,491,432,-1
1788563845.3934,3361863,V,513,451,45898
1788563845.3934,3361871,V,571,502,-1
1788563845.3934,3361879,V,508,446,-1
1788563845.3934,3361887,V,493,433,-1
1788563845.3934,3361895,V,506,445,-1
1788563845.3935,3361903,V,509,447,-1
1788563845.4421,3361917,V,540,475,45899
1788563845.4422,3361925,V,514,452,-1
1788563845.4422,3361933,V,519,456,-1
1788563845.4422,3361941,V,511,449,-1
1788563845.4422,3361949,V,496,436,-1
1788563845.4422,3361957,V,508,446,-1
1788563845.4909,3361971,V,504,443,45900
1788563845.4909,3361979,V,492,432,-1
1788563845.4909,3361987,V,499,439,-1
1788563845.4909,3361995,V,502,441,-1
1788563845.4909,3362003,V,530,466,-1
1788563845.4909,3362011,V,522,459,-1
1788563845.5863,3362024,V,508,446,45901
1788563845.5865,3362032,V,509,447,-1
1788563845.5865,3362040,V,512,450,-1
1788563845.5865,3362048,V,508,446,-1
1788563845.5865,3362056,V,501,440,-1
1788563845.5865,3362064,V,514,452,-1
1788563845.6364,3362078,V,520,457,45902
1788563845.6365,3362086,V,535,470,-1
1788563845.6365,3362094,V,533,468,-1
1788563845.6365,3362102,V,529,465,-1
1788563845.6365,3362110,V,513,451,-1
1788563845.6365,3362118,V,510,448,-1
1788563845.6852,3362132,V,492,432,45903
1788563845.6852,3362140,V,519,456,-1
1788563845.6852,3362148,V,525,461,-1
1788563845.6852,3362156,V,500,439,-1
1788563845.6852,3362164,V,550,483,-1
1788563845.6852,3362172,V,529,465,-1
1788563845.7834,3362186,V,507,446,45904
1788563845.7834,3362194,V,519,456,-1
1788563845.7834,3362202,V,509,447,-1
1788563845.7834,3362210,V,549,483,-1
1788563845.7834,3362218,V,526,462,-1
1788563845.7834,3362226,V,512,450,-1
1788563845.7838,3362239,V,514,452,45905
1788563845.7838,3362247,V,543,477,-1
1788563845.7838,3362255,V,526,462,-1
1788563845.7838,3362263,V,507,446,-1
1788563845.7838,3362271,V,496,436,-1
1788563845.7838,3362279,V,513,451,-1
1788563845.8308,3362293,V,513,451,45906
1788563845.8308,3362301,V,518,455,-1
1788563845.8308,3362309,V,499,439,-1
1788563845.8308,3362317,V,532,468,-1
1788563845.8308,3362325,V,531,467,-1
1788563845.8308,3362333,V,519,456,-1
1788563845.8806,3362347,V,524,461,45907
1788563845.8806,3362355,V,499,439,-1
1788563845.8806,3362363,V,506,445,-1
1788563845.8806,3362371,V,522,459,-1
1788563845.8806,3362379,V,524,461,-1
1788563845.8806,3362387,V,507,446,-1
1788563845.9294,3362401,V,546,480,45908
1788563845.9295,3362409,V,508,446,-1
1788563845.9295,3362417,V,506,445,-1
1788563845.9295,3362425,V,520,457,-1
1788563845.9295,3362433,V,497,437,-1
1788563845.9295,3362441,V,503,442,-1
1788563846.0263,3362454,V,543,477,45909
1788563846.0263,3362462,V,494,434,-1
1788563846.0263,3362470,V,502,441,-1
1788563846.0263,3362478,V,526,462,-1
1788563846.0263,3362486,V,524,461,-1
1788563846.0263,3362494,V,513,451,-1
1788563846.0264,3362508,V,527,463,45910
1788563846.0264,3362516,V,513,451,-1
1788563846.0264,3362524,V,546,480,-1
1788563846.0264,3362532,V,506,445,-1
1788563846.0264,3362540,V,517,454,-1
1788563846.0264,3362548,V,524,461,-1
1788563846.1242,3362562,V,510,448,45911
1788563846.1243,3362570,V,514,452,-1
1788563846.1243,3362578,V,500,439,-1
1788563846.1243,3362586,V,512,450,-1
1788563846.1243,3362594,V,487,428,-1
1788563846.1243,3362602,V,507,446,-1
1788563846.1723,3362616,V,508,446,45912
1788563846.1723,3362624,V,517,454,-1
1788563846.1723,3362632,V,528,464,-1
1788563846.1723,3362640,V,504,443,-1
1788563846.1723,3362648,V,510,448,-1
1788563846.1723,3362656,V,495,435,-1
1788563846.2217,3362669,V,515,453,45913
1788563846.2217,3362677,V,547,481,-1
1788563846.2217,3362685,V,508,446,-1
1788563846.2218,3362693,V,481,423,-1
1788563846.2218,3362701,V,509,447,-1
1788563846.2218,3362709,V,533,468,-1
1788563846.2708,3362723,V,486,427,45914
1788563846.2708,3362731,V,546,480,-1
1788563846.2708,3362739,V,485,426,-1
1788563846.2708,3362747,V,498,438,-1
1788563846.2711,3362755,V,515,453,-1
1788563846.2711,3362763,V,497,437,-1
1788563846.3195,3362777,V,531,467,45915
1788563846.3196,3362785,V,532,468,-1
1788563846.3196,3362793,V,508,446,-1
1788563846.3196,3362801,V,525,461,-1
1788563846.3196,3362809,V,518,455,-1
1788563846.3196,3362817,V,539,474,-1
1788563846.4169,3362830,V,512,450,45916
1788563846.4172,3362838,V,525,461,-1
1788563846.4172,3362846,V,529,465,-1
1788563846.4172,3362854,V,507,446,-1
1788563846.4172,3362862,V,528,464,-1
1788563846.4172,3362870,V,527,463,-1
1788563846.4176,3362884,V,498,438,45917
1788563846.4176,3362892,V,523,460,-1
1788563846.4176,3362900,V,548,482,-1
1788563846.4176,3362908,V,496,436,-1
1788563846.4176,3362916,V,503,442,-1
1788563846.4176,3362924,V,545,479,-1
1788563846.4658,3362938,V,533,468,45918
1788563846.4659,3362946,V,523,460,-1
1788563846.4659,3362954,V,518,455,-1
1788563846.4660,3362962,V,511,449,-1
1788563846.4660,3362970,V,518,455,-1
1788563846.4660,3362978,V,500,439,-1
1788563846.5138,3362992,V,545,479,45919
1788563846.5138,3363000,V,496,436,-1
1788563846.5138,3363008,V,521,458,-1
1788563846.5138,3363016,V,537,472,-1
1788563846.5138,3363024,V,491,432,-1
1788563846.5138,3363032,V,503,442,-1
1788563846.6103,3363045,V,525,461,45920
1788563846.6104,3363053,V,505,444,-1
1788563846.6104,3363061,V,504,443,-1
1788563846.6104,3363069,V,509,447,-1
1788563846.6104,3363077,V,508,446,-1
1788563846.6104,3363085,V,544,478,-1
1788563846.6606,3363099,V,503,442,45921
1788563846.6607,3363107,V,498,438,-1
1788563846.6608,3363115,V,520,457,-1
1788563846.6608,3363123,V,500,439,-1
1788563846.6608,3363131,V,504,443,-1
1788563846.6608,3363139,V,506,445,-1
1788563846.7089,3363153,V,544,478,45922
1788563846.7089,3363161,V,540,475,-1
1788563846.7089,3363169,V,499,439,-1
1788563846.7089,3363177,V,499,439,-1
1788563846.7089,3363185,V,512,450,-1
1788563846.7089,3363193,V,527,463,-1
1788563846.7585,3363206,V,539,474,45923
1788563846.7585,3363214,V,500,439,-1
1788563846.7585,3363222,V,515,453,-1
1788563846.7585,3363230,V,523,460,-1
1788563846.7585,3363238,V,491,432,-1
1788563846.7585,3363246,V,528,464,-1
1788563846.8064,3363260,V,528,464,45924
1788563846.8064,3363268,V,514,452,-1
1788563846.8064,3363276,V,513,451,-1
1788563846.8064,3363284,V,529,465,-1
1788563846.8064,3363292,V,510,448,-1
1788563846.8064,3363300,V,508,446,-1
1788563846.8540,3363314,V,508,446,45925
1788563846.8540,3363322,V,514,452,-1
1788563846.8540,3363330,V,490,431,-1
1788563846.8540,3363338,V,504,443,-1
1788563846.8540,3363346,V,527,463,-1
1788563846.8540,3363354,V,499,439,-1
1788563846.9035,3363368,V,493,433,45926
1788563846.9036,3363376,V,515,453,-1
1788563846.9036,3363384,V,489,430,-1
1788563846.9036,3363392,V,501,440,-1
1788563846.9037,3363400,V,516,454,-1
1788563846.9037,3363408,V,494,434,-1
1788563846.9526,3363421,V,517,454,45927
1788563846.9526,3363429,V,519,456,-1
1788563846.9526,3363437,V,520,457,-1
1788563846.9526,3363445,V,528,464,-1
1788563846.9526,3363453,V,500,439,-1
1788563846.9526,3363461,V,495,435,-1
1788563847.0015,3363475,V,524,461,45928
1788563847.0015,3363483,V,490,431,-1
1788563847.0015,3363491,V,526,462,-1
1788563847.0015,3363499,V,514,452,-1
1788563847.0015,3363507,V,519,456,-1
1788563847.0015,3363515,V,493,433,-1
1788563847.0504,3363529,V,524,461,45929
1788563847.0505,3363537,V,512,450,-1
1788563847.0505,3363545,V,517,454,-1
1788563847.0505,3363553,V,528,464,-1
1788563847.0505,3363561,V,510,448,-1
1788563847.0505,3363569,V,498,438,-1
1788563847.1477,3363583,V,506,445,45930
1788563847.1478,3363591,V,521,458,-1
1788563847.1478,3363599,V,525,461,-1
1788563847.1478,3363607,V,519,456,-1
1788563847.1478,3363615,V,516,454,-1
1788563847.1478,3363623,V,513,451,-1
1788563847.1966,3363636,V,530,466,45931
1788563847.1966,3363644,V,509,447,-1
1788563847.1966,3363652,V,529,465,-1
1788563847.1966,3363660,V,516,454,-1
1788563847.1966,3363668,V,514,452,-1
1788563847.1967,3363676,V,520,457,-1
1788563847.2946,3363690,V,520,457,45932
1788563847.2947,3363698,V,501,440,-1
1788563847.2947,3363706,V,499,439,-1
1788563847.2947,3363714,V,496,436,-1
1788563847.2947,3363722,V,541,475,-1
1788563847.2947,3363730,V,535,470,-1
1788563847.2951,3363744,V,519,456,45933
1788563847.2951,3363752,V,497,437,-1
1788563847.2951,3363760,V,511,449,-1
1788563847.2951,3363768,V,527,463,-1
1788563847.2951,3363776,V,517,454,-1
1788563847.2951,3363784,V,535,470,-1
1788563847.3429,3363798,V,505,444,45934
1788563847.3429,3363806,V,503,442,-1
1788563847.3429,3363814,V,486,427,-1
1788563847.3429,3363822,V,493,433,-1
1788563847.3429,3363830,V,519,456,-1
1788563847.3429,3363838,V,497,437,-1
1788563847.3903,3363851,V,517,454,45935
1788563847.3904,3363859,V,536,471,-1
1788563847.3904,3363867,V,536,471,-1
1788563847.3904,3363875,V,521,458,-1
1788563847.3904,3363883,V,533,468,-1
1788563847.3904,3363891,V,537,472,-1
1788563847.4392,3363905,V,526,462,45936
1788563847.4392,3363913,V,505,444,-1
1788563847.4393,3363921,V,508,446,-1
1788563847.4393,3363929,V,514,452,-1
1788563847.4393,3363937,V,502,441,-1
1788563847.4393,3363945,V,531,467,-1
1788563847.4894,3363959,V,509,447,45937
1788563847.4894,3363967,V,525,461,-1
1788563847.4894,3363975,V,528,464,-1
1788563847.4894,3363983,V,507,446,-1
1788563847.4895,3363991,V,513,451,-1
1788563847.4895,3363999,V,519,456,-1
1788563847.5863,3364013,V,512,450,45938
1788563847.5863,3364021,V,519,456,-1
1788563847.5863,3364029,V,525,461,-1
1788563847.5863,3364037,V,524,461,-1
1788563847.5863,3364045,V,484,425,-1
1788563847.5863,3364053,V,500,439,-1
1788563847.5866,3364066,V,527,463,45939
1788563847.5866,3364074,V,501,440,-1
1788563847.5866,3364082,V,511,449,-1
1788563847.5866,3364090,V,513,451,-1
1788563847.5866,3364098,V,517,454,-1
1788563847.5866,3364106,V,503,442,-1
1788563847.6835,3364120,V,503,442,45940
1788563847.6836,3364128,V,509,447,-1
1788563847.6836,3364136,V,517,454,-1
1788563847.6836,3364144,V,525,461,-1
1788563847.6837,3364152,V,513,451,-1
1788563847.6837,3364160,V,518,455,-1
1788563847.7326,3364174,V,507,446,45941
1788563847.7326,3364182,V,517,454,-1
1788563847.7326,3364190,V,518,455,-1
1788563847.7326,3364198,V,520,457,-1
1788563847.7326,3364206,V,513,451,-1
1788563847.7326,3364214,V,534,469,-1
1788563847.7813,3364228,V,495,435,45942
1788563847.7813,3364236,V,535,470,-1
1788563847.7813,3364244,V,512,450,-1
1788563847.7813,3364252,V,484,425,-1
1788563847.7813,3364260,V,517,454,-1
1788563847.7813,3364268,V,511,449,-1
1788563847.8303,3364281,V,540,475,45943
1788563847.8304,3364289,V,502,441,-1
1788563847.8304,3364297,V,517,454,-1
1788563847.8304,3364305,V,525,461,-1
1788563847.8304,3364313,V,498,438,-1
1788563847.8304,3364321,V,529,465,-1
1788563847.8796,3364335,V,511,449,45944
1788563847.8796,3364343,V,514,452,-1
1788563847.8796,3364351,V,512,450,-1
1788563847.8796,3364359,V,504,443,-1
1788563847.8796,3364367,V,518,455,-1
1788563847.8796,3364375,V,517,454,-1
1788563847.9260,3364389,V,536,471,45945
1788563847.9261,3364397,V,497,437,-1
1788563847.9261,3364405,V,510,448,-1
1788563847.9261,3364413,V,513,451,-1
1788563847.9261,3364421,V,476,418,-1
1788563847.9261,3364429,V,512,450,-1
1788563847.9748,3364443,V,526,462,45946
1788563847.9749,3364451,V,533,468,-1
1788563847.9749,3364459,V,542,476,-1
1788563847.9749,3364467,V,524,461,-1
1788563847.9749,3364475,V,527,463,-1
1788563847.9749,3364483,V,525,461,-1
1788563848.0255,3364496,V,516,454,45947
1788563848.0256,3364504,V,512,450,-1
1788563848.0257,3364512,V,535,470,-1
1788563848.0257,3364520,V,521,458,-1
1788563848.0257,3364528,V,532,468,-1
1788563848.0257,3364536,V,491,432,-1
1788563848.1230,3364550,V,538,473,45948
1788563848.1230,3364558,V,513,451,-1
1788563848.1230,3364566,V,519,456,-1
1788563848.1231,3364574,V,489,430,-1
1788563848.1231,3364582,V,505,444,-1
1788563848.1231,3364590,V,495,435,-1
1788563848.1232,3364604,V,522,459,45949
1788563848.1232,3364612,V,528,464,-1
1788563848.1232,3364620,V,540,475,-1
1788563848.1232,3364628,V,505,444,-1
1788563848.1232,3364636,V,513,451,-1
1788563848.1232,3364644,V,522,459,-1
1788563848.2689,3364658,V,511,449,45950
1788563848.2691,3364666,V,509,447,-1
1788563848.2691,3364674,V,528,464,-1
1788563848.2691,3364682,V,502,441,-1
1788563848.2691,3364690,V,494,434,-1
1788563848.2691,3364698,V,517,454,-1
1788563848.2696,3364711,V,527,463,45951
1788563848.2696,3364719,V,510,448,-1
1788563848.2696,3364727,V,489,430,-1
1788563848.2696,3364735,V,501,440,-1
1788563848.2696,3364743,V,533,468,-1
1788563848.2696,3364751,V,522,459,-1
1788563848.3180,3364765,V,510,448,45952
1788563848.3180,3364773,V,515,453,-1
1788563848.3181,3364781,V,469,412,-1
1788563848.3181,3364789,V,510,448,-1
1788563848.3181,3364797,V,491,432,-1
1788563848.3181,3364805,V,486,427,-1
1788563848.3671,3364819,V,491,432,45953
1788563848.3671,3364827,V,505,444,-1
1788563848.3671,3364835,V,498,438,-1
1788563848.3671,3364843,V,536,471,-1
1788563848.3671,3364851,V,521,458,-1
1788563848.3671,3364859,V,503,442,-1
1788563848.4169,3364872,V,519,456,45954
1788563848.4169,3364880,V,521,458,-1
1788563848.4170,3364888,V,520,457,-1
1788563848.4170,3364896,V,524,461,-1
1788563848.4170,3364904,V,509,447,-1
1788563848.4170,3364912,V,516,454,-1
1788563848.4655,3364926,V,509,447,45955
1788563848.4655,3364934,V,514,452,-1
1788563848.4655,3364942,V,490,431,-1
1788563848.4655,3364950,V,501,440,-1
1788563848.4655,3364958,V,521,458,-1
1788563848.4655,3364966,V,539,474,-1
1788563848.5147,3364980,V,519,456,45956
1788563848.5148,3364988,V,508,446,-1
1788563848.5148,3364996,V,513,451,-1
1788563848.5148,3365004,V,521,458,-1
1788563848.5148,3365012,V,514,452,-1
1788563848.5149,3365020,V,497,437,-1
1788563848.6615,3365034,V,511,449,45957
1788563848.6615,3365042,V,516,454,-1
1788563848.6615,3365050,V,523,460,-1
1788563848.6615,3365058,V,497,437,-1
1788563848.6615,3365066,V,505,444,-1
1788563848.6615,3365074,V,512,450,-1
1788563848.6617,3365087,V,522,459,45958
1788563848.6618,3365095,V,508,446,-1
1788563848.6618,3365103,V,517,454,-1
1788563848.6618,3365111,V,549,483,-1
1788563848.6618,3365119,V,514,452,-1
1788563848.6618,3365127,V,507,446,-1
1788563848.7075,3365141,V,541,475,45959
1788563848.7075,3365149,V,519,456,-1
1788563848.7075,3365157,V,537,472,-1
1788563848.7075,3365165,V,504,443,-1
1788563848.7076,3365173,V,517,454,-1
1788563848.7076,3365181,V,572,503,-1
1788563848.7549,3365195,V,539,474,45960
1788563848.7550,3365203,V,503,442,-1
1788563848.7550,3365211,V,519,456,-1
1788563848.7550,3365219,V,505,444,-1
1788563848.7550,3365227,V,525,461,-1
1788563848.7550,3365235,V,503,442,-1
1788563848.8051,3365249,V,511,449,45961
1788563848.8052,3365257,V,514,452,-1
1788563848.8052,3365265,V,503,442,-1
1788563848.8052,3365273,V,534,469,-1
1788563848.8052,3365281,V,495,435,-1
1788563848.8052,3365289,V,530,466,-1
1788563848.8525,3365303,V,524,461,45962
1788563848.8525,3365311,V,525,461,-1
1788563848.8525,3365319,V,525,461,-1
1788563848.8525,3365327,V,552,485,-1
1788563848.8525,3365335,V,498,438,-1
1788563848.8526,3365343,V,519,456,-1
1788563848.9020,3365356,V,532,468,45963
1788563848.9020,3365364,V,509,447,-1
1788563848.9020,3365372,V,520,457,-1
1788563848.9021,3365380,V,537,472,-1
1788563848.9021,3365388,V,525,461,-1
1788563848.9021,3365396,V,521,458,-1
1788563848.9508,3365410,V,515,453,45964
1788563848.9508,3365418,V,507,446,-1
1788563848.9508,3365426,V,528,464,-1
1788563848.9508,3365434,V,497,437,-1
1788563848.9508,3365442,V,532,468,-1
1788563848.9508,3365450,V,520,457,-1
1788563849.0017,3365464,V,507,446,45965
1788563849.0019,3365472,V,516,454,-1
1788563849.0019,3365480,V,510,448,-1
1788563849.0020,3365488,V,520,457,-1
1788563849.0020,3365496,V,521,458,-1
1788563849.0020,3365504,V,503,442,-1
1788563849.0487,3365518,V,477,419,45966
1788563849.0488,3365526,V,534,469,-1
1788563849.0488,3365534,V,523,460,-1
1788563849.0488,3365542,V,489,430,-1
1788563849.0488,3365550,V,491,432,-1
1788563849.0488,3365558,V,514,452,-1
1788563849.0972,3365571,V,516,454,45967
1788563849.0972,3365579,V,504,443,-1
1788563849.0972,3365587,V,537,472,-1
1788563849.0972,3365595,V,501,440,-1
1788563849.0973,3365603,V,509,447,-1
1788563849.0973,3365611,V,523,460,-1
1788563849.1450,3365625,V,499,439,45968
1788563849.1450,3365633,V,530,466,-1
1788563849.1450,3365641,V,516,454,-1
1788563849.1450,3365649,V,506,445,-1
1788563849.1450,3365657,V,504,443,-1
1788563849.1450,3365665,V,523,460,-1
1788563849.2444,3365679,V,522,459,45969
1788563849.2447,3365687,V,525,461,-1
1788563849.2447,3365695,V,501,440,-1
1788563849.2447,3365703,V,504,443,-1
1788563849.2448,3365711,V,530,466,-1
1788563849.2448,3365719,V,564,496,-1
1788563849.2910,3365733,V,522,459,45970
1788563849.2910,3365741,V,526,462,-1
1788563849.2910,3365749,V,528,464,-1
1788563849.2910,3365757,V,487,428,-1
1788563849.2910,3365765,V,516,454,-1
1788563849.2910,3365773,V,509,447,-1
1788563849.3400,3365787,V,537,472,45971
1788563849.3400,3365795,V,526,462,-1
1788563849.3400,3365803,V,482,424,-1
1788563849.3401,3365811,V,507,446,-1
1788563849.3401,3365819,V,493,433,-1
1788563849.3401,3365827,V,504,443,-1
1788563849.3888,3365840,V,514,452,45972
1788563849.3888,3365848,V,550,483,-1
1788563849.3888,3365856,V,526,462,-1
1788563849.3888,3365864,V,513,451,-1
1788563849.3888,3365872,V,491,432,-1
1788563849.3889,3365880,V,524,461,-1
1788563849.4384,3365894,V,495,435,45973
1788563849.4384,3365902,V,513,451,-1
1788563849.4384,3365910,V,507,446,-1
1788563849.4384,3365918,V,524,461,-1
1788563849.4384,3365926,V,490,431,-1
1788563849.4384,3365934,V,521,458,-1
1788563849.4872,3365948,V,513,451,45974
1788563849.4873,3365956,V,511,449,-1
1788563849.4873,3365964,V,542,476,-1
1788563849.4873,3365972,V,527,463,-1
1788563849.4873,3365980,V,502,441,-1
1788563849.4873,3365988,V,511,449,-1
1788563849.5381,3366002,V,499,439,45975
1788563849.5381,3366010,V,491,432,-1
1788563849.5381,3366018,V,522,459,-1
1788563849.5381,3366026,V,502,441,-1
1788563849.5381,3366034,V,519,456,-1
1788563849.5381,3366042,V,516,454,-1
1788563849.5864,3366055,V,506,445,45976
1788563849.5864,3366063,V,508,446,-1
1788563849.5864,3366071,V,494,434,-1
1788563849.5864,3366079,V,521,458,-1
1788563849.5864,3366087,V,549,483,-1
1788563849.5864,3366095,V,497,437,-1
1788563849.6335,3366109,V,502,441,45977
1788563849.6336,3366117,V,506,445,-1
1788563849.6336,3366125,V,508,446,-1
1788563849.6336,3366133,V,523,460,-1
1788563849.6336,3366141,V,510,448,-1
1788563849.6336,3366149,V,508,446,-1
1788563849.6812,3366163,V,505,444,45978
1788563849.6812,3366171,V,522,459,-1
1788563849.6812,3366179,V,520,457,-1
1788563849.6812,3366187,V,484,425,-1
1788563849.6812,3366195,V,521,458,-1
1788563849.6812,3366203,V,504,443,-1
1788563849.7790,3366217,V,518,455,45979
1788563849.7791,3366225,V,500,439,-1
1788563849.7792,3366233,V,500,439,-1
1788563849.7792,3366241,V,493,433,-1
1788563849.7792,3366249,V,523,460,-1
1788563849.7792,3366257,V,500,439,-1
1788563849.8293,3366270,V,515,453,45980
1788563849.8293,3366278,V,497,437,-1
1788563849.8293,3366286,V,545,479,-1
1788563849.8293,3366294,V,520,457,-1
1788563849.8293,3366302,V,530,466,-1
1788563849.8293,3366310,V,498,438,-1
1788563849.8772,3366324,V,518,455,45981
1788563849.8772,3366332,V,512,450,-1
1788563849.8772,3366340,V,509,447,-1
1788563849.8772,3366348,V,520,457,-1
1788563849.8772,3366356,V,520,457,-1
1788563849.8772,3366364,V,520,457,-1
1788563849.9264,3366378,V,515,453,45982
1788563849.9265,3366386,V,530,466,-1
1788563849.9265,3366394,V,525,461,-1
1788563849.9265,3366402,V,547,481,-1
1788563849.9265,3366410,V,523,460,-1
1788563849.9265,3366418,V,499,439,-1
1788563850.0228,3366432,V,536,471,45983
1788563850.0230,3366440,V,518,455,-1
1788563850.0231,3366448,V,528,464,-1
1788563850.0231,3366456,V,535,470,-1
1788563850.0231,3366464,V,516,454,-1
1788563850.0231,3366472,V,507,446,-1
1788563850.0238,3366485,V,519,456,45984
1788563850.0239,3366493,V,539,474,-1
1788563850.0239,3366501,V,518,455,-1
1788563850.0239,3366509,V,525,461,-1
1788563850.0239,3366517,V,524,461,-1
1788563850.0239,3366525,V,494,434,-1
1788563850.0710,3366539,V,515,453,45985
1788563850.0710,3366547,V,514,452,-1
1788563850.0710,3366555,V,513,451,-1
1788563850.0710,3366563,V,501,440,-1
1788563850.0711,3366571,V,519,456,-1
1788563850.0711,3366579,V,531,467,-1
1788563850.1200,3366593,V,518,455,45986
1788563850.1200,3366601,V,526,462,-1
1788563850.1200,3366609,V,525,461,-1
1788563850.1200,3366617,V,519,456,-1
1788563850.1200,3366625,V,522,459,-1
1788563850.1200,3366633,V,500,439,-1
1788563850.2173,3366647,V,530,466,45987
1788563850.2174,3366655,V,520,457,-1
1788563850.2174,3366663,V,533,468,-1
1788563850.2174,3366671,V,532,468,-1
1788563850.2174,3366679,V,524,461,-1
1788563850.2174,3366687,V,488,429,-1
1788563850.2189,3366700,V,510,448,45988
1788563850.2189,3366708,V,532,468,-1
1788563850.2190,3366716,V,509,447,-1
1788563850.2190,3366724,V,496,436,-1
1788563850.2190,3366732,V,536,471,-1
1788563850.2190,3366740,V,504,443,-1
1788563850.3148,3366754,V,515,453,45989
1788563850.3150,3366762,V,514,452,-1
1788563850.3150,3366770,V,504,443,-1
1788563850.3150,3366778,V,520,457,-1
1788563850.3150,3366786,V,501,440,-1
1788563850.3150,3366794,V,487,428,-1
1788563850.4123,3366808,V,496,436,45990
1788563850.4123,3366816,V,537,472,-1
1788563850.4124,3366824,V,523,460,-1
1788563850.4124,3366832,V,507,446,-1
1788563850.4124,3366840,V,561,493,-1
1788563850.4124,3366848,V,545,479,-1
1788563850.4636,3366861,V,512,450,45991
1788563850.4636,3366869,V,510,448,-1
1788563850.4636,3366877,V,516,454,-1
1788563850.4636,3366885,V,519,456,-1
1788563850.4636,3366893,V,514,452,-1
1788563850.4636,3366901,V,524,461,-1
1788563850.4638,3366915,V,519,456,45992
1788563850.4638,3366923,V,515,453,-1
1788563850.4638,3366931,V,502,441,-1
1788563850.4639,3366939,V,502,441,-1
1788563850.4639,3366947,V,542,476,-1
1788563850.4639,3366955,V,513,451,-1
1788563850.5118,3366969,V,506,445,45993
1788563850.5118,3366977,V,523,460,-1
1788563850.5118,3366985,V,520,457,-1
1788563850.5118,3366993,V,500,439,-1
1788563850.5118,3367001,V,499,439,-1
1788563850.5118,3367009,V,513,451,-1
1788563850.5585,3367023,V,525,461,45994
1788563850.5586,3367031,V,538,473,-1
1788563850.5587,3367039,V,506,445,-1
1788563850.5587,3367047,V,506,445,-1
1788563850.5587,3367055,V,513,451,-1
1788563850.5587,3367063,V,508,446,-1
1788563850.6083,3367076,V,499,439,45995
1788563850.6083,3367084,V,508,446,-1
1788563850.6083,3367092,V,492,432,-1
1788563850.6083,3367100,V,537,472,-1
1788563850.6083,3367108,V,506,445,-1
1788563850.6083,3367116,V,505,444,-1
1788563850.6561,3367130,V,535,470,45996
1788563850.6561,3367138,V,520,457,-1
1788563850.6561,3367146,V,503,442,-1
1788563850.6561,3367154,V,521,458,-1
1788563850.6561,3367162,V,509,447,-1
1788563850.6561,3367170,V,512,450,-1
1788563850.7048,3367184,V,514,452,45997
1788563850.7048,3367192,V,511,449,-1
1788563850.7048,3367200,V,505,444,-1
1788563850.7048,3367208,V,503,442,-1
1788563850.7048,3367216,V,511,449,-1
1788563850.7048,3367224,V,504,443,-1
1788563850.8044,3367238,V,533,468,45998
1788563850.8045,3367246,V,498,438,-1
1788563850.8045,3367254,V,505,444,-1
1788563850.8045,3367262,V,498,438,-1
1788563850.8045,3367270,V,495,435,-1
1788563850.8045,3367278,V,515,453,-1
1788563850.8514,3367291,V,520,457,45999
1788563850.8514,3367299,V,491,432,-1
1788563850.8514,3367307,V,513,451,-1
1788563850.8514,3367315,V,505,444,-1
1788563850.8514,3367323,V,503,442,-1
1788563850.8514,3367331,V,517,454,-1
1788563850.8998,3367345,V,497,437,46000
1788563850.8998,3367353,V,525,461,-1
1788563850.8998,3367361,V,518,455,-1
1788563850.8998,3367369,V,536,471,-1
1788563850.8999,3367377,V,529,465,-1
1788563850.8999,3367385,V,525,461,-1
1788563850.9484,3367399,V,519,456,46001
1788563850.9484,3367407,V,495,435,-1
1788563850.9484,3367415,V,506,445,-1
1788563850.9484,3367423,V,495,435,-1
1788563850.9484,3367431,V,509,447,-1
1788563850.9484,3367439,V,495,435,-1
1788563850.9974,3367452,V,517,454,46002
1788563850.9974,3367460,V,518,455,-1
1788563850.9974,3367468,V,532,468,-1
1788563850.9974,3367476,V,520,457,-1
1788563850.9974,3367484,V,536,471,-1
1788563850.9974,3367492,V,517,454,-1
1788563851.0474,3367506,V,499,439,46003
1788563851.0474,3367514,V,491,432,-1
1788563851.0474,3367522,V,518,455,-1
1788563851.0474,3367530,V,514,452,-1
1788563851.0475,3367538,V,508,446,-1
1788563851.0475,3367546,V,543,477,-1
1788563851.0966,3367560,V,497,437,46004
1788563851.0966,3367568,V,491,432,-1
1788563851.0966,3367576,V,497,437,-1
1788563851.0966,3367584,V,493,433,-1
1788563851.0966,3367592,V,499,439,-1
1788563851.0966,3367600,V,500,439,-1
1788563851.1945,3367614,V,490,431,46005
1788563851.1945,3367622,V,561,493,-1
1788563851.1945,3367630,V,499,439,-1
1788563851.1945,3367638,V,507,446,-1
1788563851.1945,3367646,V,541,475,-1
1788563851.1945,3367654,V,536,471,-1
1788563851.1946,3367667,V,514,452,46006
1788563851.1946,3367675,V,530,466,-1
1788563851.1946,3367683,V,530,466,-1
1788563851.1946,3367691,V,497,437,-1
1788563851.1946,3367699,V,506,445,-1
1788563851.1946,3367707,V,513,451,-1
1788563851.2411,3367721,V,584,513,46007
1788563851.2411,3367729,V,527,463,-1
1788563851.2411,3367737,V,525,461,-1
1788563851.2411,3367745,V,515,453,-1
1788563851.2411,3367753,V,512,450,-1
1788563851.2411,3367761,V,529,465,-1
1788563851.3412,3367775,V,483,425,46008
1788563851.3412,3367783,V,524,461,-1
1788563851.3413,3367791,V,519,456,-1
1788563851.3413,3367799,V,496,436,-1
1788563851.3413,3367807,V,520,457,-1
1788563851.3413,3367815,V,513,451,-1
1788563851.3887,3367829,V,511,449,46009
1788563851.3887,3367837,V,499,439,-1
1788563851.3887,3367845,V,509,447,-1
1788563851.3887,3367853,V,535,470,-1
1788563851.3887,3367861,V,488,429,-1
1788563851.3887,3367869,V,509,447,-1
1788563851.4360,3367882,V,491,432,46010
1788563851.4361,3367890,V,528,464,-1
1788563851.4361,3367898,V,520,457,-1
1788563851.4361,3367906,V,495,435,-1
1788563851.4361,3367914,V,515,453,-1
1788563851.4361,3367922,V,502,441,-1
1788563851.4847,3367936,V,545,479,46011
1788563851.4847,3367944,V,508,446,-1
1788563851.4847,3367952,V,499,439,-1
1788563851.4848,3367960,V,506,445,-1
1788563851.4848,3367968,V,522,459,-1
1788563851.4848,3367976,V,507,446,-1
1788563851.5336,3367990,V,484,425,46012
1788563851.5336,3367998,V,509,447,-1
1788563851.5337,3368006,V,533,468,-1
1788563851.5337,3368014,V,508,446,-1
1788563851.5337,3368022,V,516,454,-1
1788563851.5337,3368030,V,504,443,-1
1788563851.5824,3368044,V,479,421,46013
1788563851.5825,3368052,V,514,452,-1
1788563851.5825,3368060,V,551,484,-1
1788563851.5825,3368068,V,517,454,-1
1788563851.5826,3368076,V,529,465,-1
1788563851.5826,3368084,V,499,439,-1
1788563851.6316,3368097,V,536,471,46014
1788563851.6316,3368105,V,544,478,-1
1788563851.6316,3368113,V,510,448,-1
1788563851.6316,3368121,V,525,461,-1
1788563851.6316,3368129,V,512,450,-1
1788563851.6316,3368137,V,520,457,-1
1788563851.7287,3368151,V,522,459,46015
1788563851.7287,3368159,V,532,468,-1
1788563851.7287,3368167,V,526,462,-1
1788563851.7287,3368175,V,511,449,-1
1788563851.7287,3368183,V,498,438,-1
1788563851.7287,3368191,V,530,466,-1
1788563851.7297,3368205,V,516,454,46016
1788563851.7298,3368213,V,510,448,-1
1788563851.7298,3368221,V,537,472,-1
1788563851.7298,3368229,V,491,432,-1
1788563851.7298,3368237,V,488,429,-1
1788563851.7298,3368245,V,501,440,-1
1788563851.7773,3368259,V,504,443,46017
1788563851.7773,3368267,V,506,445,-1
1788563851.7774,3368275,V,508,446,-1
1788563851.7774,3368283,V,498,438,-1
1788563851.7774,3368291,V,505,444,-1
1788563851.7774,3368299,V,522,459,-1
1788563851.8753,3368312,V,494,434,46018
1788563851.8755,3368320,V,528,464,-1
1788563851.8755,3368328,V,511,449,-1
1788563851.8755,3368336,V,536,471,-1
1788563851.8755,3368344,V,515,453,-1
1788563851.8755,3368352,V,525,461,-1
1788563851.9252,3368366,V,520,457,46019
1788563851.9252,3368374,V,532,468,-1
1788563851.9252,3368382,V,517,454,-1
1788563851.9252,3368390,V,521,458,-1
1788563851.9252,3368398,V,511,449,-1
1788563851.9252,3368406,V,538,473,-1
1788563851.9734,3368420,V,516,454,46020
1788563851.9735,3368428,V,498,438,-1
1788563851.9735,3368436,V,510,448,-1
1788563851.9735,3368444,V,497,437,-1
1788563851.9735,3368452,V,506,445,-1
1788563851.9735,3368460,V,522,459,-1
1788563852.0234,3368474,V,517,454,46021
1788563852.0234,3368482,V,520,457,-1
1788563852.0234,3368490,V,524,461,-1
1788563852.0234,3368498,V,533,468,-1
1788563852.0234,3368506,V,497,437,-1
1788563852.0234,3368514,V,488,429,-1
1788563852.1678,3368527,V,503,442,46022
1788563852.1679,3368535,V,510,448,-1
1788563852.1679,3368543,V,495,435,-1
1788563852.1679,3368551,V,521,458,-1
1788563852.1679,3368559,V,521,458,-1
1788563852.1679,3368567,V,511,449,-1
1788563852.1686,3368581,V,533,468,46023
1788563852.1686,3368589,V,516,454,-1
1788563852.1687,3368597,V,507,446,-1
1788563852.1687,3368605,V,504,443,-1
1788563852.1687,3368613,V,533,468,-1
1788563852.1687,3368621,V,533,468,-1
1788563852.1706,3368635,V,501,440,46024
1788563852.1706,3368643,V,531,467,-1
1788563852.1707,3368651,V,494,434,-1
1788563852.1707,3368659,V,505,444,-1
1788563852.1707,3368667,V,513,451,-1
1788563852.1707,3368675,V,515,453,-1
1788563852.2200,3368688,V,504,443,46025
1788563852.2201,3368696,V,506,445,-1
1788563852.2201,3368704,V,503,442,-1
1788563852.2201,3368712,V,525,461,-1
1788563852.2201,3368720,V,511,449,-1
1788563852.2201,3368728,V,505,444,-1
1788563852.3160,3368742,V,500,439,46026
1788563852.3161,3368750,V,528,464,-1
1788563852.3161,3368758,V,500,439,-1
1788563852.3161,3368766,V,512,450,-1
1788563852.3161,3368774,V,499,439,-1
1788563852.3161,3368782,V,507,446,-1
1788563852.3165,3368796,V,500,439,46027
1788563852.3165,3368804,V,514,452,-1
1788563852.3165,3368812,V,535,470,-1
1788563852.3165,3368820,V,503,442,-1
1788563852.3165,3368828,V,510,448,-1
1788563852.3165,3368836,V,517,454,-1
1788563852.4134,3368850,V,508,446,46028
1788563852.4136,3368858,V,518,455,-1
1788563852.4136,3368866,V,483,425,-1
1788563852.4136,3368874,V,523,460,-1
1788563852.4136,3368882,V,505,444,-1
1788563852.4136,3368890,V,517,454,-1
1788563852.4613,3368903,V,502,441,46029
1788563852.4613,3368911,V,498,438,-1
1788563852.4613,3368919,V,527,463,-1
1788563852.4613,3368927,V,515,453,-1
1788563852.4613,3368935,V,520,457,-1
1788563852.4614,3368943,V,535,470,-1
1788563852.5088,3368957,V,524,461,46030
1788563852.5089,3368965,V,508,446,-1
1788563852.5089,3368973,V,532,468,-1
1788563852.5089,3368981,V,510,448,-1
1788563852.5089,3368989,V,515,453,-1
1788563852.5089,3368997,V,502,441,-1
1788563852.5577,3369011,V,499,439,46031
1788563852.5577,3369019,V,520,457,-1
1788563852.5577,3369027,V,525,461,-1
1788563852.5577,3369035,V,512,450,-1
1788563852.5577,3369043,V,519,456,-1
1788563852.5578,3369051,V,499,439,-1
1788563852.6063,3369065,V,518,455,46032
1788563852.6063,3369073,V,496,436,-1
1788563852.6063,3369081,V,519,456,-1
1788563852.6063,3369089,V,522,459,-1
1788563852.6063,3369097,V,516,454,-1
1788563852.6063,3369105,V,513,451,-1
1788563852.7058,3369118,V,505,444,46033
1788563852.7060,3369126,V,502,441,-1
1788563852.7061,3369134,V,528,464,-1
1788563852.7061,3369142,V,495,435,-1
1788563852.7061,3369150,V,515,453,-1
1788563852.7061,3369158,V,499,439,-1
1788563852.7064,3369172,V,521,458,46034
1788563852.7064,3369180,V,546,480,-1
1788563852.7064,3369188,V,514,452,-1
1788563852.7064,3369196,V,513,451,-1
1788563852.7064,3369204,V,482,424,-1
1788563852.7064,3369212,V,521,458,-1
1788563852.7543,3369226,V,503,442,46035
1788563852.7544,3369234,V,514,452,-1
1788563852.7544,3369242,V,504,443,-1
1788563852.7544,3369250,V,524,461,-1
1788563852.7544,3369258,V,512,450,-1
1788563852.7544,3369266,V,477,419,-1
1788563852.8503,3369280,V,512,450,46036
1788563852.8503,3369288,V,499,439,-1
1788563852.8505,3369296,V,521,458,-1
1788563852.8505,3369304,V,530,466,-1
1788563852.8505,3369312,V,515,453,-1
1788563852.8505,3369320,V,492,432,-1
1788563852.9000,3369333,V,482,424,46037
1788563852.9000,3369341,V,503,442,-1
1788563852.9000,3369349,V,531,467,-1
1788563852.9000,3369357,V,508,446,-1
1788563852.9000,3369365,V,509,447,-1
1788563852.9000,3369373,V,516,454,-1
1788563852.9475,3369387,V,509,447,46038
1788563852.9477,3369395,V,521,458,-1
1788563852.9477,3369403,V,503,442,-1
1788563852.9477,3369411,V,506,445,-1
1788563852.9477,3369419,V,499,439,-1
1788563852.9477,3369427,V,518,455,-1
1788563852.9977,3369441,V,525,461,46039
1788563852.9978,3369449,V,502,441,-1
1788563852.9978,3369457,V,517,454,-1
1788563852.9978,3369465,V,512,450,-1
1788563852.9978,3369473,V,512,450,-1
1788563852.9978,3369481,V,518,455,-1
1788563853.0452,3369495,V,509,447,46040
1788563853.0452,3369503,V,523,460,-1
1788563853.0452,3369511,V,522,459,-1
1788563853.0452,3369519,V,491,432,-1
1788563853.0452,3369527,V,494,434,-1
1788563853.0452,3369535,V,488,429,-1
1788563853.0939,3369549,V,516,454,46041
1788563853.0939,3369557,V,490,431,-1
1788563853.0939,3369565,V,533,468,-1
1788563853.0939,3369573,V,514,452,-1
1788563853.0939,3369581,V,527,463,-1
1788563853.0940,3369589,V,515,453,-1
1788563853.1427,3369602,V,494,434,46042
1788563853.1427,3369610,V,513,451,-1
1788563853.1427,3369618,V,500,439,-1
1788563853.1427,3369626,V,499,439,-1
1788563853.1427,3369634,V,515,453,-1
1788563853.1427,3369642,V,518,455,-1
1788563853.1911,3369656,V,491,432,46043
1788563853.1913,3369664,V,483,425,-1
1788563853.1913,3369672,V,530,466,-1
1788563853.1913,3369680,V,505,444,-1
1788563853.1913,3369688,V,527,463,-1
1788563853.1913,3369696,V,491,432,-1
1788563853.2417,3369710,V,510,448,46044
1788563853.2417,3369718,V,521,458,-1
1788563853.2418,3369726,V,548,482,-1
1788563853.2418,3369734,V,508,446,-1
1788563853.2418,3369742,V,530,466,-1
1788563853.2418,3369750,V,529,465,-1
1788563853.2904,3369763,V,489,430,46045
1788563853.2904,3369771,V,505,444,-1
1788563853.2904,3369779,V,473,416,-1
1788563853.2904,3369787,V,505,444,-1
1788563853.2904,3369795,V,485,426,-1
1788563853.2904,3369803,V,528,464,-1
1788563853.3382,3369817,V,562,494,46046
1788563853.3382,3369825,V,506,445,-1
1788563853.3382,3369833,V,499,439,-1
1788563853.3382,3369841,V,531,467,-1
1788563853.3382,3369849,V,510,448,-1
1788563853.3382,3369857,V,517,454,-1
1788563853.4349,3369871,V,496,436,46047
1788563853.4350,3369879,V,532,468,-1
1788563853.4350,3369887,V,503,442,-1
1788563853.4350,3369895,V,516,454,-1
1788563853.4350,3369903,V,498,438,-1
1788563853.4350,3369911,V,518,455,-1
1788563853.4834,3369925,V,518,455,46048
1788563853.4834,3369933,V,509,447,-1
1788563853.4834,3369941,V,535,470,-1
1788563853.4834,3369949,V,532,468,-1
1788563853.4834,3369957,V,504,443,-1
1788563853.4834,3369965,V,534,469,-1
1788563853.5324,3369978,V,514,452,46049
1788563853.5325,3369986,V,513,451,-1
1788563853.5326,3369994,V,507,446,-1
1788563853.5326,3370002,V,529,465,-1
1788563853.5326,3370010,V,501,440,-1
1788563853.5326,3370018,V,513,451,-1
1788563853.6319,3370032,V,499,439,46050
1788563853.6319,3370040,V,513,451,-1
1788563853.6319,3370048,V,518,455,-1
1788563853.6319,3370056,V,525,461,-1
1788563853.6319,3370064,V,503,442,-1
1788563853.6319,3370072,V,541,475,-1
1788563853.6322,3370086,V,504,443,46051
1788563853.6322,3370094,V,511,449,-1
1788563853.6322,3370102,V,535,470,-1
1788563853.6322,3370110,V,507,446,-1
1788563853.6322,3370118,V,525,461,-1
1788563853.6323,3370126,V,512,450,-1
1788563853.7276,3370140,V,528,464,46052
1788563853.7285,3370148,V,525,461,-1
1788563853.7286,3370156,V,527,463,-1
1788563853.7286,3370164,V,522,459,-1
1788563853.7286,3370172,V,510,448,-1
1788563853.7286,3370180,V,504,443,-1
1788563853.7300,3370193,V,504,443,46053
1788563853.7300,3370201,V,503,442,-1
1788563853.7300,3370209,V,505,444,-1
1788563853.7300,3370217,V,497,437,-1
1788563853.7300,3370225,V,506,445,-1
1788563853.7301,3370233,V,518,455,-1
1788563853.7761,3370247,V,535,470,46054
1788563853.7761,3370255,V,570,501,-1
1788563853.7761,3370263,V,509,447,-1
1788563853.7762,3370271,V,504,443,-1
1788563853.7762,3370279,V,514,452,-1
1788563853.7762,3370287,V,530,466,-1
1788563853.8248,3370301,V,515,453,46055
1788563853.8249,3370309,V,516,454,-1
1788563853.8249,3370317,V,527,463,-1
1788563853.8249,3370325,V,520,457,-1
1788563853.8249,3370333,V,529,465,-1
1788563853.8249,3370341,V,518,455,-1
1788563853.8737,3370355,V,515,453,46056
1788563853.8737,3370363,V,476,418,-1
1788563853.8737,3370371,V,537,472,-1
1788563853.8737,3370379,V,547,481,-1
1788563853.8737,3370387,V,507,446,-1
1788563853.8737,3370395,V,513,451,-1
1788563853.9729,3370408,V,517,454,46057
1788563853.9730,3370416,V,500,439,-1
1788563853.9730,3370424,V,515,453,-1
1788563853.9730,3370432,V,535,470,-1
1788563853.9730,3370440,V,528,464,-1
1788563853.9730,3370448,V,526,462,-1
1788563854.0199,3370462,V,522,459,46058
1788563854.0199,3370470,V,488,429,-1
1788563854.0199,3370478,V,507,446,-1
1788563854.0199,3370486,V,518,455,-1
1788563854.0199,3370494,V,507,446,-1
1788563854.0200,3370502,V,531,467,-1
1788563854.0685,3370516,V,511,449,46059
1788563854.0686,3370524,V,525,461,-1
1788563854.0686,3370532,V,538,473,-1
1788563854.0686,3370540,V,525,461,-1
1788563854.0686,3370548,V,533,468,-1
1788563854.0686,3370556,V,508,446,-1
1788563854.1172,3370569,V,513,451,46060
1788563854.1172,3370577,V,517,454,-1
1788563854.1172,3370585,V,523,460,-1
1788563854.1172,3370593,V,500,439,-1
1788563854.1172,3370601,V,532,468,-1
1788563854.1173,3370609,V,538,473,-1
1788563854.2165,3370623,V,514,452,46061
1788563854.2167,3370631,V,516,454,-1
1788563854.2167,3370639,V,520,457,-1
1788563854.2167,3370647,V,514,452,-1
1788563854.2167,3370655,V,497,437,-1
1788563854.2167,3370663,V,513,451,-1
1788563854.2169,3370677,V,478,420,46062
1788563854.2169,3370685,V,502,441,-1
1788563854.2169,3370693,V,516,454,-1
1788563854.2169,3370701,V,511,449,-1
1788563854.2169,3370709,V,493,433,-1
1788563854.2169,3370717,V,532,468,-1
1788563854.2651,3370731,V,539,474,46063
1788563854.2651,3370739,V,517,454,-1
1788563854.2651,3370747,V,511,449,-1
1788563854.2651,3370755,V,529,465,-1
1788563854.2651,3370763,V,502,441,-1
1788563854.2651,3370771,V,490,431,-1
1788563854.3122,3370784,V,524,461,46064
1788563854.3122,3370792,V,531,467,-1
1788563854.3123,3370800,V,495,435,-1
1788563854.3123,3370808,V,512,450,-1
1788563854.3123,3370816,V,528,464,-1
1788563854.3123,3370824,V,543,477,-1
1788563854.4098,3370838,V,538,473,46065
1788563854.4098,3370846,V,531,467,-1
1788563854.4098,3370854,V,506,445,-1
1788563854.4098,3370862,V,512,450,-1
1788563854.4098,3370870,V,521,458,-1
1788563854.4098,3370878,V,480,422,-1
1788563854.4110,3370892,V,508,446,46066
1788563854.4110,3370900,V,529,465,-1
1788563854.4111,3370908,V,520,457,-1
1788563854.4111,3370916,V,520,457,-1
1788563854.4111,3370924,V,507,446,-1
1788563854.4111,3370932,V,509,447,-1
1788563854.5090,3370945,V,528,464,46067
1788563854.5091,3370953,V,520,457,-1
1788563854.5091,3370961,V,511,449,-1
1788563854.5091,3370969,V,522,459,-1
1788563854.5092,3370977,V,517,454,-1
1788563854.5092,3370985,V,520,457,-1
1788563854.5582,3370999,V,510,448,46068
1788563854.5583,3371007,V,516,454,-1
1788563854.5583,3371015,V,506,445,-1
1788563854.5583,3371023,V,501,440,-1
1788563854.5583,3371031,V,522,459,-1
1788563854.5583,3371039,V,528,464,-1
1788563854.6049,3371053,V,524,461,46069
1788563854.6049,3371061,V,522,459,-1
1788563854.6049,3371069,V,498,438,-1
1788563854.6049,3371077,V,526,462,-1
1788563854.6050,3371085,V,483,425,-1
1788563854.6050,3371093,V,528,464,-1
1788563854.7034,3371107,V,516,454,46070
1788563854.7035,3371115,V,534,469,-1
1788563854.7035,3371123,V,521,458,-1
1788563854.7035,3371131,V,569,500,-1
1788563854.7035,3371139,V,519,456,-1
1788563854.7035,3371147,V,530,466,-1
1788563854.7046,3371160,V,541,475,46071
1788563854.7047,3371168,V,526,462,-1
1788563854.7047,3371176,V,509,447,-1
1788563854.7047,3371184,V,533,468,-1
1788563854.7047,3371192,V,523,460,-1
1788563854.7047,3371200,V,495,435,-1
1788563854.7520,3371214,V,511,449,46072
1788563854.7521,3371222,V,494,434,-1
1788563854.7521,3371230,V,481,423,-1
1788563854.7521,3371238,V,510,448,-1
1788563854.7521,3371246,V,513,451,-1
1788563854.7521,3371254,V,527,463,-1
1788563854.8049,3371268,V,515,453,46073
1788563854.8050,3371276,V,526,462,-1
1788563854.8050,3371284,V,508,446,-1
1788563854.8050,3371292,V,525,461,-1
1788563854.8050,3371300,V,515,453,-1
1788563854.8050,3371308,V,528,464,-1
1788563854.8517,3371322,V,504,443,46074
1788563854.8517,3371330,V,522,459,-1
1788563854.8517,3371338,V,514,452,-1
1788563854.8517,3371346,V,529,465,-1
1788563854.8518,3371354,V,498,438,-1
1788563854.8518,3371362,V,535,470,-1
1788563854.9494,3371375,V,497,437,46075
1788563854.9494,3371383,V,493,433,-1
1788563854.9494,3371391,V,529,465,-1
1788563854.9494,3371399,V,511,449,-1
1788563854.9494,3371407,V,544,478,-1
1788563854.9495,3371415,V,532,468,-1
1788563854.9498,3371429,V,522,459,46076
1788563854.9498,3371437,V,522,459,-1
1788563854.9498,3371445,V,503,442,-1
1788563854.9498,3371453,V,509,447,-1
1788563854.9498,3371461,V,532,468,-1
1788563854.9499,3371469,V,524,461,-1
1788563855.0439,3371483,V,507,446,46077
1788563855.0441,3371491,V,506,445,-1
1788563855.0441,3371499,V,492,432,-1
1788563855.0441,3371507,V,534,469,-1
1788563855.0441,3371515,V,511,449,-1
1788563855.0441,3371523,V,520,457,-1
1788563855.0935,3371536,V,524,461,46078
1788563855.0935,3371544,V,501,440,-1
1788563855.0935,3371552,V,523,460,-1
1788563855.0935,3371560,V,509,447,-1
1788563855.0935,3371568,V,574,504,-1
1788563855.0935,3371576,V,519,456,-1
1788563855.1421,3371590,V,525,461,46079
1788563855.1421,3371598,V,524,461,-1
1788563855.1421,3371606,V,530,466,-1
1788563855.1421,3371614,V,518,455,-1
1788563855.1422,3371622,V,525,461,-1
1788563855.1422,3371630,V,527,463,-1
1788563855.1900,3371644,V,498,438,46080
1788563855.1900,3371652,V,498,438,-1
1788563855.1900,3371660,V,528,464,-1
1788563855.1900,3371668,V,507,446,-1
1788563855.1900,3371676,V,512,450,-1
1788563855.1900,3371684,V,533,468,-1
1788563855.2404,3371698,V,493,433,46081
1788563855.2404,3371706,V,534,469,-1
1788563855.2404,3371714,V,484,425,-1
1788563855.2404,3371722,V,522,459,-1
1788563855.2405,3371730,V,517,454,-1
1788563855.2405,3371738,V,500,439,-1
1788563855.2878,3371751,V,524,461,46082
1788563855.2880,3371759,V,507,446,-1
1788563855.2880,3371767,V,511,449,-1
1788563855.2880,3371775,V,525,461,-1
1788563855.2880,3371783,V,512,450,-1
1788563855.2880,3371791,V,532,468,-1
1788563855.3876,3371805,V,515,453,46083
1788563855.3876,3371813,V,504,443,-1
1788563855.3876,3371821,V,506,445,-1
1788563855.3876,3371829,V,508,446,-1
1788563855.3876,3371837,V,498,438,-1
1788563855.3876,3371845,V,513,451,-1
1788563855.3880,3371859,V,515,453,46084
1788563855.3880,3371867,V,519,456,-1
1788563855.3880,3371875,V,471,414,-1
1788563855.3880,3371883,V,526,462,-1
1788563855.3880,3371891,V,518,455,-1
1788563855.3880,3371899,V,503,442,-1
1788563855.4350,3371913,V,524,461,46085
1788563855.4350,3371921,V,510,448,-1
1788563855.4350,3371929,V,510,448,-1
1788563855.4350,3371937,V,502,441,-1
1788563855.4351,3371945,V,502,441,-1
1788563855.4351,3371953,V,527,463,-1
1788563855.5313,3371966,V,514,452,46086
1788563855.5315,3371974,V,522,459,-1
1788563855.5315,3371982,V,512,450,-1
1788563855.5315,3371990,V,504,443,-1
1788563855.5315,3371998,V,553,486,-1
1788563855.5315,3372006,V,545,479,-1
1788563855.5804,3372020,V,532,468,46087
1788563855.5804,3372028,V,507,446,-1
1788563855.5804,3372036,V,526,462,-1
1788563855.5804,3372044,V,502,441,-1
1788563855.5804,3372052,V,509,447,-1
1788563855.5804,3372060,V,501,440,-1
1788563855.6298,3372074,V,499,439,46088
1788563855.6298,3372082,V,509,447,-1
1788563855.6298,3372090,V,503,442,-1
1788563855.6298,3372098,V,549,483,-1
1788563855.6298,3372106,V,496,436,-1
1788563855.6298,3372114,V,512,450,-1
1788563855.6802,3372128,V,504,443,46089
1788563855.6802,3372136,V,480,422,-1
1788563855.6802,3372144,V,489,430,-1
1788563855.6802,3372152,V,518,455,-1
1788563855.6802,3372160,V,488,429,-1
1788563855.6803,3372168,V,534,469,-1
1788563855.7289,3372181,V,517,454,46090
1788563855.7290,3372189,V,538,473,-1
1788563855.7290,3372197,V,496,436,-1
1788563855.7290,3372205,V,498,438,-1
1788563855.7290,3372213,V,502,441,-1
1788563855.7290,3372221,V,531,467,-1
1788563855.7749,3372235,V,519,456,46091
1788563855.7751,3372243,V,498,438,-1
1788563855.7751,3372251,V,500,439,-1
1788563855.7751,3372259,V,504,443,-1
1788563855.7751,3372267,V,498,438,-1
1788563855.7751,3372275,V,536,471,-1
1788563855.8737,3372289,V,529,465,46092
1788563855.8738,3372297,V,515,453,-1
1788563855.8738,3372305,V,534,469,-1
1788563855.8738,3372313,V,548,482,-1
1788563855.8738,3372321,V,513,451,-1
1788563855.8738,3372329,V,521,458,-1
1788563855.8750,3372342,V,486,427,46093
1788563855.8750,3372350,V,520,457,-1
1788563855.8750,3372358,V,517,454,-1
1788563855.8750,3372366,V,541,475,-1
1788563855.8750,3372374,V,504,443,-1
1788563855.8750,3372382,V,500,439,-1
1788563855.9216,3372396,V,500,439,46094
1788563855.9216,3372404,V,509,447,-1
1788563855.9216,3372412,V,524,461,-1
1788563855.9216,3372420,V,529,465,-1
1788563855.9216,3372428,V,530,466,-1
1788563855.9216,3372436,V,511,449,-1
1788563855.9705,3372450,V,571,502,46095
1788563855.9705,3372458,V,502,441,-1
1788563855.9705,3372466,V,501,440,-1
1788563855.9705,3372474,V,521,458,-1
1788563855.9705,3372482,V,517,454,-1
1788563855.9705,3372490,V,507,446,-1
1788563856.0691,3372504,V,530,466,46096
1788563856.0691,3372512,V,528,464,-1
1788563856.0691,3372520,V,516,454,-1
1788563856.0691,3372528,V,516,454,-1
1788563856.0691,3372536,V,500,439,-1
1788563856.0691,3372544,V,498,438,-1
1788563856.1160,3372557,V,528,464,46097
1788563856.1160,3372565,V,526,462,-1
1788563856.1160,3372573,V,517,454,-1
1788563856.1160,3372581,V,486,427,-1
1788563856.1160,3372589,V,505,444,-1
1788563856.1160,3372597,V,509,447,-1
1788563856.1647,3372611,V,506,445,46098
1788563856.1647,3372619,V,521,458,-1
1788563856.1647,3372627,V,501,440,-1
1788563856.1647,3372635,V,511,449,-1
1788563856.1647,3372643,V,514,452,-1
1788563856.1647,3372651,V,503,442,-1
1788563856.2134,3372665,V,529,465,46099
1788563856.2134,3372673,V,523,460,-1
1788563856.2134,3372681,V,553,486,-1
1788563856.2134,3372689,V,518,455,-1
1788563856.2134,3372697,V,533,468,-1
1788563856.2134,3372705,V,490,431,-1
1788563856.2646,3372719,V,507,446,46100
1788563856.2647,3372727,V,513,451,-1
1788563856.2647,3372735,V,487,428,-1
1788563856.2647,3372743,V,499,439,-1
1788563856.2647,3372751,V,484,425,-1
1788563856.2647,3372759,V,509,447,-1
1788563856.3119,3372772,V,522,459,46101
1788563856.3120,3372780,V,512,450,-1
1788563856.3120,3372788,V,502,441,-1
1788563856.3120,3372796,V,524,461,-1
1788563856.3120,3372804,V,506,445,-1
1788563856.3120,3372812,V,496,436,-1
1788563856.3611,3372826,V,506,445,46102
1788563856.3611,3372834,V,519,456,-1
1788563856.3611,3372842,V,531,467,-1
1788563856.3611,3372850,V,521,458,-1
1788563856.3611,3372858,V,496,436,-1
1788563856.3611,3372866,V,516,454,-1
1788563856.5061,3372880,V,526,462,46103
1788563856.5062,3372888,V,560,492,-1
1788563856.5062,3372896,V,518,455,-1
1788563856.5062,3372904,V,526,462,-1
1788563856.5062,3372912,V,503,442,-1
1788563856.5062,3372920,V,508,446,-1
1788563856.5074,3372933,V,527,463,46104
1788563856.5074,3372941,V,538,473,-1
1788563856.5074,3372949,V,506,445,-1
1788563856.5074,3372957,V,513,451,-1
1788563856.5074,3372965,V,523,460,-1
1788563856.5074,3372973,V,507,446,-1
1788563856.5076,3372987,V,528,464,46105
1788563856.5076,3372995,V,524,461,-1
1788563856.5076,3373003,V,537,472,-1
1788563856.5076,3373011,V,521,458,-1
1788563856.5076,3373019,V,514,452,-1
1788563856.5076,3373027,V,510,448,-1
1788563856.6049,3373041,V,509,447,46106
1788563856.6050,3373049,V,490,431,-1
1788563856.6050,3373057,V,508,446,-1
1788563856.6050,3373065,V,549,483,-1
1788563856.6050,3373073,V,500,439,-1
1788563856.6050,3373081,V,535,470,-1
1788563856.6541,3373095,V,512,450,46107
1788563856.6542,3373103,V,512,450,-1
1788563856.6542,3373111,V,505,444,-1
1788563856.6543,3373119,V,512,450,-1
1788563856.6543,3373127,V,537,472,-1
1788563856.6543,3373135,V,497,437,-1
1788563856.7012,3373148,V,515,453,46108
1788563856.7012,3373156,V,528,464,-1
1788563856.7012,3373164,V,503,442,-1
1788563856.7012,3373172,V,528,464,-1
1788563856.7013,3373180,V,506,445,-1
1788563856.7013,3373188,V,529,465,-1
1788563856.7497,3373202,V,527,463,46109
1788563856.7497,3373210,V,506,445,-1
1788563856.7498,3373218,V,530,466,-1
1788563856.7498,3373226,V,499,439,-1
1788563856.7498,3373234,V,502,441,-1
1788563856.7498,3373242,V,502,441,-1
1788563856.7986,3373256,V,532,468,46110
1788563856.7986,3373264,V,520,457,-1
1788563856.7986,3373272,V,521,458,-1
1788563856.7986,3373280,V,523,460,-1
1788563856.7987,3373288,V,533,468,-1
1788563856.7987,3373296,V,527,463,-1
1788563856.8984,3373310,V,489,430,46111
1788563856.8986,3373318,V,523,460,-1
1788563856.8986,3373326,V,564,496,-1
1788563856.8986,3373334,V,524,461,-1
1788563856.8986,3373342,V,535,470,-1
1788563856.8986,3373350,V,527,463,-1
1788563856.8988,3373363,V,489,430,46112
1788563856.8989,3373371,V,507,446,-1
1788563856.8989,3373379,V,512,450,-1
1788563856.8989,3373387,V,499,439,-1
1788563856.8989,3373395,V,521,458,-1
1788563856.8989,3373403,V,484,425,-1
1788563856.9453,3373417,V,515,453,46113
1788563856.9453,3373425,V,501,440,-1
1788563856.9453,3373433,V,530,466,-1
1788563856.9453,3373441,V,506,445,-1
1788563856.9453,3373449,V,540,475,-1
1788563856.9453,3373457,V,517,454,-1
1788563856.9936,3373471,V,489,430,46114
1788563856.9936,3373479,V,518,455,-1
1788563856.9936,3373487,V,500,439,-1
1788563856.9936,3373495,V,507,446,-1
1788563856.9936,3373503,V,502,441,-1
1788563856.9936,3373511,V,518,455,-1
1788563857.0424,3373525,V,516,454,46115
1788563857.0424,3373533,V,531,467,-1
1788563857.0424,3373541,V,511,449,-1
1788563857.0424,3373549,V,531,467,-1
1788563857.0424,3373557,V,535,470,-1
1788563857.0424,3373565,V,508,446,-1
1788563857.1399,3373578,V,506,445,46116
1788563857.1400,3373586,V,509,447,-1
1788563857.1400,3373594,V,529,465,-1
1788563857.1400,3373602,V,509,447,-1
1788563857.1400,3373610,V,507,446,-1
1788563857.1400,3373618,V,517,454,-1
1788563857.1901,3373632,V,509,447,46117
1788563857.1901,3373640,V,511,449,-1
1788563857.1901,3373648,V,525,461,-1
1788563857.1901,3373656,V,508,446,-1
1788563857.1901,3373664,V,523,460,-1
1788563857.1901,3373672,V,510,448,-1
1788563857.2869,3373686,V,523,460,46118
1788563857.2870,3373694,V,523,460,-1
1788563857.2870,3373702,V,517,454,-1
1788563857.2870,3373710,V,502,441,-1
1788563857.2870,3373718,V,504,443,-1
1788563857.2870,3373726,V,510,448,-1
1788563857.2892,3373739,V,527,463,46119
1788563857.2893,3373747,V,541,475,-1
1788563857.2893,3373755,V,507,446,-1
1788563857.2893,3373763,V,523,460,-1
1788563857.2893,3373771,V,499,439,-1
1788563857.2893,3373779,V,513,451,-1
1788563857.3348,3373793,V,530,466,46120
1788563857.3348,3373801,V,530,466,-1
1788563857.3348,3373809,V,518,455,-1
1788563857.3348,3373817,V,516,454,-1
1788563857.3348,3373825,V,513,451,-1
1788563857.3348,3373833,V,502,441,-1
1788563857.4324,3373847,V,480,422,46121
1788563857.4325,3373855,V,522,459,-1
1788563857.4325,3373863,V,509,447,-1
1788563857.4328,3373871,V,531,467,-1
1788563857.4328,3373879,V,503,442,-1
1788563857.4328,3373887,V,514,452,-1
1788563857.4336,3373901,V,508,446,46122
1788563857.4336,3373909,V,520,457,-1
1788563857.4336,3373917,V,522,459,-1
1788563857.4336,3373925,V,518,455,-1
1788563857.4336,3373933,V,502,441,-1
1788563857.4336,3373941,V,498,438,-1
1788563857.4816,3373954,V,505,444,46123
1788563857.4817,3373962,V,522,459,-1
1788563857.4817,3373970,V,510,448,-1
1788563857.4817,3373978,V,511,449,-1
1788563857.4817,3373986,V,520,457,-1
1788563857.4817,3373994,V,492,432,-1
1788563857.5308,3374008,V,505,444,46124
1788563857.5308,3374016,V,532,468,-1
1788563857.5308,3374024,V,535,470,-1
1788563857.5308,3374032,V,510,448,-1
1788563857.5308,3374040,V,514,452,-1
1788563857.5308,3374048,V,498,438,-1
1788563857.6275,3374062,V,528,464,46125
1788563857.6275,3374070,V,541,475,-1
1788563857.6275,3374078,V,516,454,-1
1788563857.6275,3374086,V,526,462,-1
1788563857.6275,3374094,V,528,464,-1
1788563857.6275,3374102,V,509,447,-1
1788563857.6761,3374116,V,499,439,46126
1788563857.6762,3374124,V,533,468,-1
1788563857.6762,3374132,V,525,461,-1
1788563857.6762,3374140,V,513,451,-1
1788563857.6762,3374148,V,482,424,-1
1788563857.6762,3374156,V,491,432,-1
1788563857.7259,3374169,V,522,459,46127
1788563857.7259,3374177,V,510,448,-1
1788563857.7259,3374185,V,512,450,-1
1788563857.7259,3374193,V,518,455,-1
1788563857.7259,3374201,V,572,503,-1
1788563857.7259,3374209,V,519,456,-1
1788563857.7759,3374223,V,530,466,46128
1788563857.7760,3374231,V,500,439,-1
1788563857.7760,3374239,V,527,463,-1
1788563857.7760,3374247,V,531,467,-1
1788563857.7760,3374255,V,489,430,-1
1788563857.7760,3374263,V,520,457,-1
1788563857.8239,3374277,V,498,438,46129
1788563857.8239,3374285,V,503,442,-1
1788563857.8239,3374293,V,523,460,-1
1788563857.8239,3374301,V,506,445,-1
1788563857.8239,3374309,V,514,452,-1
1788563857.8239,3374317,V,536,471,-1
1788563857.8733,3374330,V,492,432,46130
1788563857.8733,3374338,V,516,454,-1
1788563857.8733,3374346,V,502,441,-1
1788563857.8733,3374354,V,535,470,-1
1788563857.8733,3374362,V,538,473,-1
1788563857.8734,3374370,V,510,448,-1
1788563857.9202,3374384,V,539,474,46131
1788563857.9204,3374392,V,507,446,-1
1788563857.9204,3374400,V,513,451,-1
1788563857.9204,3374408,V,523,460,-1
1788563857.9204,3374416,V,525,461,-1
1788563857.9204,3374424,V,523,460,-1
1788563857.9689,3374438,V,505,444,46132
1788563857.9689,3374446,V,516,454,-1
1788563857.9689,3374454,V,501,440,-1
1788563857.9689,3374462,V,531,467,-1
1788563857.9689,3374470,V,506,445,-1
1788563857.9689,3374478,V,505,444,-1
1788563858.0176,3374492,V,514,452,46133
1788563858.0176,3374500,V,522,459,-1
1788563858.0176,3374508,V,505,444,-1
1788563858.0176,3374516,V,509,447,-1
1788563858.0177,3374524,V,504,443,-1
1788563858.0177,3374532,V,547,481,-1
1788563858.0663,3374545,V,516,454,46134
1788563858.0663,3374553,V,516,454,-1
1788563858.0663,3374561,V,516,454,-1
1788563858.0663,3374569,V,531,467,-1
1788563858.0663,3374577,V,504,443,-1
1788563858.0664,3374585,V,517,454,-1
1788563858.1659,3374599,V,545,479,46135
1788563858.1660,3374607,V,517,454,-1
1788563858.1661,3374615,V,491,432,-1
1788563858.1661,3374623,V,510,448,-1
1788563858.1661,3374631,V,513,451,-1
1788563858.1661,3374639,V,522,459,-1
1788563858.2131,3374653,V,512,450,46136
1788563858.2132,3374661,V,512,450,-1
1788563858.2134,3374669,V,521,458,-1
1788563858.2134,3374677,V,507,446,-1
1788563858.2134,3374685,V,516,454,-1
1788563858.2134,3374693,V,504,443,-1
1788563858.2632,3374707,V,503,442,46137
1788563858.2632,3374715,V,524,461,-1
1788563858.2632,3374723,V,491,432,-1
1788563858.2632,3374731,V,490,431,-1
1788563858.2632,3374739,V,509,447,-1
1788563858.2632,3374747,V,512,450,-1
1788563858.3100,3374760,V,525,461,46138
1788563858.3100,3374768,V,509,447,-1
1788563858.3100,3374776,V,519,456,-1
1788563858.3100,3374784,V,506,445,-1
1788563858.3100,3374792,V,521,458,-1
1788563858.3101,3374800,V,498,438,-1
1788563858.3589,3374814,V,540,475,46139
1788563858.3589,3374822,V,527,463,-1
1788563858.3589,3374830,V,512,450,-1
1788563858.3589,3374838,V,524,461,-1
1788563858.3589,3374846,V,496,436,-1
1788563858.3589,3374854,V,500,439,-1
1788563858.4095,3374868,V,497,437,46140
1788563858.4096,3374876,V,536,471,-1
1788563858.4096,3374884,V,534,469,-1
1788563858.4096,3374892,V,538,473,-1
1788563858.4096,3374900,V,503,442,-1
1788563858.4097,3374908,V,538,473,-1
1788563858.4586,3374921,V,498,438,46141
1788563858.4586,3374929,V,495,435,-1
1788563858.4586,3374937,V,504,443,-1
1788563858.4586,3374945,V,489,430,-1
1788563858.4586,3374953,V,502,441,-1
1788563858.4586,3374961,V,537,472,-1
1788563858.5049,3374975,V,527,463,46142
1788563858.5049,3374983,V,512,450,-1
1788563858.5049,3374991,V,496,436,-1
1788563858.5049,3374999,V,510,448,-1
1788563858.5049,3375007,V,531,467,-1
1788563858.5049,3375015,V,511,449,-1
1788563858.6026,3375029,V,520,457,46143
1788563858.6026,3375037,V,502,441,-1
1788563858.6026,3375045,V,522,459,-1
1788563858.6027,3375053,V,515,453,-1
1788563858.6027,3375061,V,515,453,-1
1788563858.6027,3375069,V,501,440,-1
1788563858.6037,3375083,V,516,454,46144
1788563858.6037,3375091,V,533,468,-1
1788563858.6038,3375099,V,502,441,-1
1788563858.6038,3375107,V,511,449,-1
1788563858.6038,3375115,V,487,428,-1
1788563858.6038,3375123,V,519,456,-1
1788563858.7018,3375137,V,534,469,46145
1788563858.7019,3375145,V,514,452,-1
1788563858.7020,3375153,V,519,456,-1
1788563858.7020,3375161,V,521,458,-1
1788563858.7020,3375169,V,500,439,-1
1788563858.7020,3375177,V,537,472,-1
1788563858.7504,3375190,V,519,456,46146
1788563858.7504,3375198,V,497,437,-1
1788563858.7504,3375206,V,503,442,-1
1788563858.7504,3375214,V,521,458,-1
1788563858.7504,3375222,V,528,464,-1
1788563858.7505,3375230,V,529,465,-1
1788563858.7984,3375244,V,509,447,46147
1788563858.7984,3375252,V,527,463,-1
1788563858.7984,3375260,V,497,437,-1
1788563858.7984,3375268,V,493,433,-1
1788563858.7984,3375276,V,535,470,-1
1788563858.7984,3375284,V,532,468,-1
1788563858.8472,3375298,V,500,439,46148
1788563858.8473,3375306,V,529,465,-1
1788563858.8473,3375314,V,514,452,-1
1788563858.8473,3375322,V,534,469,-1
1788563858.8473,3375330,V,510,448,-1
1788563858.8473,3375338,V,523,460,-1
1788563858.8961,3375351,V,537,472,46149
1788563858.8962,3375359,V,531,467,-1
1788563858.8962,3375367,V,515,453,-1
1788563858.8962,3375375,V,514,452,-1
1788563858.8962,3375383,V,498,438,-1
1788563858.8963,3375391,V,525,461,-1
1788563858.9437,3375405,V,516,454,46150
1788563858.9439,3375413,V,493,433,-1
1788563858.9439,3375421,V,509,447,-1
1788563858.9439,3375429,V,516,454,-1
1788563858.9439,3375437,V,512,450,-1
1788563858.9439,3375445,V,523,460,-1
1788563858.9946,3375459,V,500,439,46151
1788563858.9947,3375467,V,507,446,-1
1788563858.9947,3375475,V,518,455,-1
1788563858.9947,3375483,V,519,456,-1
1788563858.9947,3375491,V,524,461,-1
1788563858.9947,3375499,V,510,448,-1
1788563859.0430,3375513,V,518,455,46152
1788563859.0430,3375521,V,515,453,-1
1788563859.0430,3375529,V,516,454,-1
1788563859.0430,3375537,V,505,444,-1
1788563859.0430,3375545,V,504,443,-1
1788563859.0430,3375553,V,491,432,-1
1788563859.1390,3375566,V,545,479,46153
1788563859.1390,3375574,V,503,442,-1
1788563859.1390,3375582,V,505,444,-1
1788563859.1390,3375590,V,519,456,-1
1788563859.1390,3375598,V,523,460,-1
1788563859.1390,3375606,V,516,454,-1
1788563859.1401,3375620,V,531,467,46154
1788563859.1401,3375628,V,517,454,-1
1788563859.1401,3375636,V,484,425,-1
1788563859.1401,3375644,V,511,449,-1
1788563859.1401,3375652,V,495,435,-1
1788563859.1401,3375660,V,499,439,-1
1788563859.2364,3375674,V,538,473,46155
1788563859.2365,3375682,V,506,445,-1
1788563859.2365,3375690,V,509,447,-1
1788563859.2365,3375698,V,499,439,-1
1788563859.2365,3375706,V,492,432,-1
1788563859.2365,3375714,V,508,446,-1
1788563859.2884,3375728,V,496,436,46156
1788563859.2884,3375736,V,501,440,-1
1788563859.2884,3375744,V,512,450,-1
1788563859.2884,3375752,V,487,428,-1
1788563859.2884,3375760,V,534,469,-1
1788563859.2884,3375768,V,483,425,-1
1788563859.3362,3375781,V,506,445,46157
1788563859.3363,3375789,V,483,425,-1
1788563859.3363,3375797,V,534,469,-1
1788563859.3363,3375805,V,504,443,-1
1788563859.3363,3375813,V,530,466,-1
1788563859.3363,3375821,V,492,432,-1
1788563859.3367,3375845,KEYUP,,,
1788563859.3823,3375835,V,506,445,46158
1788563859.3823,3375843,V,492,432,-1
1788563859.3824,3375851,V,509,447,-1
1788563859.3824,3375859,V,514,452,-1
1788563859.3824,3375867,V,511,449,-1
1788563859.3824,3375875,V,535,470,-1
1788563859.4313,3375889,V,512,450,46159
1788563859.4313,3375897,V,500,439,-1
1788563859.4313,3375905,V,510,448,-1
1788563859.4313,3375913,V,519,456,-1
1788563859.4313,3375921,V,511,449,-1
1788563859.4313,3375929,V,508,446,-1
1788563859.4335,3375953,KEYDOWN,,,
1788563859.4798,3375943,V,510,448,46160
1788563859.4799,3375951,V,518,455,-1
1788563859.4799,3375959,V,524,461,-1
1788563859.4799,3375967,V,505,444,-1
1788563859.4800,3375975,V,502,441,-1
1788563859.4800,3375983,V,469,412,-1
1788563859.5287,3375997,V,493,433,46161
1788563859.5287,3376005,V,471,414,-1
1788563859.5287,3376013,V,502,441,-1
1788563859.5287,3376021,V,501,440,-1
1788563859.5287,3376029,V,515,453,-1
1788563859.5287,3376037,V,495,435,-1
1788563859.5785,3376051,V,505,444,46162
1788563859.5785,3376059,V,494,434,-1
1788563859.5785,3376067,V,522,459,-1
1788563859.5785,3376075,V,511,449,-1
1788563859.5785,3376083,V,519,456,-1
1788563859.5786,3376091,V,524,461,-1
1788563859.7237,3376104,V,528,464,46163
1788563859.7238,3376112,V,529,465,-1
1788563859.7238,3376120,V,531,467,-1
1788563859.7238,3376128,V,507,446,-1
1788563859.7238,3376136,V,508,446,-1
1788563859.7238,3376144,V,521,458,-1
1788563859.7248,3376158,V,526,462,46164
1788563859.7249,3376166,V,491,432,-1
1788563859.7249,3376174,V,526,462,-1
1788563859.7249,3376182,V,517,454,-1
1788563859.7249,3376190,V,541,475,-1
1788563859.7249,3376198,V,532,468,-1
1788563859.7724,3376212,V,518,455,46165
1788563859.7724,3376220,V,527,463,-1
1788563859.7724,3376228,V,504,443,-1
1788563859.7724,3376236,V,518,455,-1
1788563859.7724,3376244,V,511,449,-1
1788563859.7724,3376252,V,505,444,-1
1788563859.8212,3376266,V,532,468,46166
1788563859.8212,3376274,V,516,454,-1
1788563859.8212,3376282,V,525,461,-1
1788563859.8212,3376290,V,502,441,-1
1788563859.8212,3376298,V,576,506,-1
1788563859.8212,3376306,V,530,466,-1
1788563859.9202,3376319,V,528,464,46167
1788563859.9202,3376327,V,528,464,-1
1788563859.9202,3376335,V,506,445,-1
1788563859.9203,3376343,V,499,439,-1
1788563859.9203,3376351,V,524,461,-1
1788563859.9203,3376359,V,516,454,-1
1788563859.9205,3376373,V,518,455,46168
1788563859.9205,3376381,V,485,426,-1
1788563859.9205,3376389,V,518,455,-1
1788563859.9205,3376397,V,521,458,-1
1788563859.9205,3376405,V,514,452,-1
1788563859.9206,3376413,V,508,446,-1
1788563859.9691,3376427,V,511,449,46169
1788563859.9692,3376435,V,545,479,-1
1788563859.9692,3376443,V,529,465,-1
1788563859.9692,3376451,V,520,457,-1
1788563859.9693,3376459,V,516,454,-1
1788563859.9693,3376467,V,522,459,-1
1788563860.0160,3376481,V,509,447,46170
1788563860.0160,3376489,V,507,446,-1
1788563860.0160,3376497,V,501,440,-1
1788563860.0160,3376505,V,501,440,-1
1788563860.0160,3376513,V,513,451,-1
1788563860.0160,3376521,V,522,459,-1
1788563860.0649,3376534,V,522,459,46171
1788563860.0649,3376542,V,511,449,-1
1788563860.0649,3376550,V,497,437,-1
1788563860.0649,3376558,V,481,423,-1
1788563860.0649,3376566,V,537,472,-1
1788563860.0649,3376574,V,511,449,-1
1788563860.1136,3376588,V,511,449,46172
1788563860.1136,3376596,V,530,466,-1
1788563860.1137,3376604,V,501,440,-1
1788563860.1137,3376612,V,507,446,-1
1788563860.1137,3376620,V,525,461,-1
1788563860.1137,3376628,V,513,451,-1
1788563860.1624,3376642,V,511,449,46173
1788563860.1624,3376650,V,521,458,-1
1788563860.1624,3376658,V,497,437,-1
1788563860.1624,3376666,V,500,439,-1
1788563860.1624,3376674,V,524,461,-1
1788563860.1624,3376682,V,514,452,-1
1788563860.3087,3376695,V,495,435,46174
1788563860.3088,3376703,V,496,436,-1
1788563860.3088,3376711,V,527,463,-1
1788563860.3088,3376719,V,531,467,-1
1788563860.3088,3376727,V,522,459,-1
1788563860.3088,3376735,V,537,472,-1
1788563860.3098,3376749,V,514,452,46175
1788563860.3098,3376757,V,499,439,-1
1788563860.3098,3376765,V,501,440,-1
1788563860.3098,3376773,V,527,463,-1
1788563860.3098,3376781,V,516,454,-1
1788563860.3098,3376789,V,524,461,-1
1788563860.3574,3376803,V,506,445,46176
1788563860.3574,3376811,V,505,444,-1
1788563860.3574,3376819,V,518,455,-1
1788563860.3574,3376827,V,511,449,-1
1788563860.3574,3376835,V,497,437,-1
1788563860.3574,3376843,V,512,450,-1
1788563860.4548,3376857,V,492,432,46177
1788563860.4548,3376865,V,511,449,-1
1788563860.4548,3376873,V,495,435,-1
1788563860.4548,3376881,V,498,438,-1
1788563860.4549,3376889,V,491,432,-1
1788563860.4549,3376897,V,531,467,-1
1788563860.4558,3376910,V,486,427,46178
1788563860.4558,3376918,V,520,457,-1
1788563860.4558,3376926,V,516,454,-1
1788563860.4558,3376934,V,503,442,-1
1788563860.4559,3376942,V,512,450,-1
1788563860.4559,3376950,V,532,468,-1
1788563860.5544,3376964,V,509,447,46179
1788563860.5545,3376972,V,527,463,-1
1788563860.5546,3376980,V,555,488,-1
1788563860.5546,3376988,V,512,450,-1
1788563860.5546,3376996,V,539,474,-1
1788563860.5546,3377004,V,536,471,-1
1788563860.5548,3377018,V,486,427,46180
1788563860.5548,3377026,V,512,450,-1
1788563860.5548,3377034,V,539,474,-1
1788563860.5548,3377042,V,503,442,-1
1788563860.5548,3377050,V,524,461,-1
1788563860.5548,3377058,V,521,458,-1
1788563860.6011,3377072,V,507,446,46181
1788563860.6011,3377080,V,531,467,-1
1788563860.6011,3377088,V,519,456,-1
1788563860.6011,3377096,V,510,448,-1
1788563860.6011,3377104,V,507,446,-1
1788563860.6011,3377112,V,517,454,-1
1788563860.6986,3377125,V,509,447,46182
1788563860.6987,3377133,V,503,442,-1
1788563860.6987,3377141,V,509,447,-1
1788563860.6987,3377149,V,507,446,-1
1788563860.6987,3377157,V,492,432,-1
1788563860.6987,3377165,V,499,439,-1
1788563860.6999,3377179,V,521,458,46183
1788563860.6999,3377187,V,501,440,-1
1788563860.7000,3377195,V,541,475,-1
1788563860.7000,3377203,V,522,459,-1
1788563860.7000,3377211,V,534,469,-1
1788563860.7000,3377219,V,501,440,-1
1788563860.7966,3377233,V,502,441,46184
1788563860.7967,3377241,V,498,438,-1
1788563860.7967,3377249,V,520,457,-1
1788563860.7967,3377257,V,518,455,-1
1788563860.7967,3377265,V,525,461,-1
1788563860.7967,3377273,V,527,463,-1
1788563860.8460,3377287,V,466,410,46185
1788563860.8461,3377295,V,513,451,-1
1788563860.8461,3377303,V,506,445,-1
1788563860.8461,3377311,V,513,451,-1
1788563860.8461,3377319,V,518,455,-1
1788563860.8461,3377327,V,516,454,-1
1788563860.8935,3377340,V,502,441,46186
1788563860.8935,3377348,V,511,449,-1
1788563860.8935,3377356,V,519,456,-1
1788563860.8935,3377364,V,491,432,-1
1788563860.8935,3377372,V,529,465,-1
1788563860.8935,3377380,V,517,454,-1
1788563860.9425,3377394,V,520,457,46187
1788563860.9425,3377402,V,506,445,-1
1788563860.9425,3377410,V,499,439,-1
1788563860.9425,3377418,V,505,444,-1
1788563860.9425,3377426,V,519,456,-1
1788563860.9425,3377434,V,537,472,-1
1788563860.9910,3377448,V,529,465,46188
1788563860.9910,3377456,V,488,429,-1
1788563860.9910,3377464,V,512,450,-1
1788563860.9910,3377472,V,520,457,-1
1788563860.9910,3377480,V,511,449,-1
1788563860.9910,3377488,V,499,439,-1
1788563861.1380,3377501,V,503,442,46189
1788563861.1380,3377509,V,544,478,-1
1788563861.1380,3377517,V,526,462,-1
1788563861.1380,3377525,V,527,463,-1
1788563861.1380,3377533,V,522,459,-1
1788563861.1380,3377541,V,490,431,-1
1788563861.1392,3377555,V,516,454,46190
1788563861.1392,3377563,V,560,492,-1
1788563861.1392,3377571,V,506,445,-1
1788563861.1392,3377579,V,538,473,-1
1788563861.1392,3377587,V,519,456,-1
1788563861.1392,3377595,V,540,475,-1
1788563861.1393,3377609,V,530,466,46191
1788563861.1393,3377617,V,528,464,-1
1788563861.1393,3377625,V,520,457,-1
1788563861.1393,3377633,V,534,469,-1
1788563861.1393,3377641,V,543,477,-1
1788563861.1393,3377649,V,515,453,-1
1788563861.2852,3377663,V,511,449,46192
1788563861.2852,3377671,V,512,450,-1
1788563861.2852,3377679,V,534,469,-1
1788563861.2852,3377687,V,505,444,-1
1788563861.2852,3377695,V,512,450,-1
1788563861.2852,3377703,V,500,439,-1
1788563861.2855,3377716,V,475,417,46193
1788563861.2855,3377724,V,517,454,-1
1788563861.2855,3377732,V,537,472,-1
1788563861.2855,3377740,V,527,463,-1
1788563861.2855,3377748,V,514,452,-1
1788563861.2855,3377756,V,506,445,-1
1788563861.3324,3377770,V,513,451,46194
1788563861.3325,3377778,V,506,445,-1
1788563861.3325,3377786,V,535,470,-1
1788563861.3325,3377794,V,530,466,-1
1788563861.3325,3377802,V,519,456,-1
1788563861.3325,3377810,V,530,466,-1
1788563861.3829,3377824,V,538,473,46195
1788563861.3829,3377832,V,512,450,-1
1788563861.3830,3377840,V,515,453,-1
1788563861.3830,3377848,V,544,478,-1
1788563861.3830,3377856,V,521,458,-1
1788563861.3830,3377864,V,507,446,-1
1788563861.4310,3377877,V,490,431,46196
1788563861.4310,3377885,V,512,450,-1
1788563861.4310,3377893,V,520,457,-1
1788563861.4311,3377901,V,519,456,-1
1788563861.4311,3377909,V,528,464,-1
1788563861.4311,3377917,V,487,428,-1
1788563861.4783,3377931,V,484,425,46197
1788563861.4783,3377939,V,497,437,-1
1788563861.4783,3377947,V,535,470,-1
1788563861.4783,3377955,V,502,441,-1
1788563861.4783,3377963,V,521,458,-1
1788563861.4783,3377971,V,506,445,-1
1788563861.5272,3377985,V,544,478,46198
1788563861.5272,3377993,V,521,458,-1
1788563861.5272,3378001,V,548,482,-1
1788563861.5272,3378009,V,528,464,-1
1788563861.5272,3378017,V,508,446,-1
1788563861.5272,3378025,V,501,440,-1
1788563861.5760,3378039,V,505,444,46199
1788563861.5760,3378047,V,518,455,-1
1788563861.5760,3378055,V,534,469,-1
1788563861.5760,3378063,V,525,461,-1
1788563861.5760,3378071,V,513,451,-1
1788563861.5760,3378079,V,505,444,-1
1788563861.6248,3378093,V,525,461,46200
1788563861.6249,3378101,V,544,478,-1
1788563861.6249,3378109,V,492,432,-1
1788563861.6249,3378117,V,514,452,-1
1788563861.6250,3378125,V,525,461,-1
1788563861.6250,3378133,V,511,449,-1
1788563861.6749,3378146,V,516,454,46201
1788563861.6750,3378154,V,500,439,-1
1788563861.6750,3378162,V,519,456,-1
1788563861.6750,3378170,V,501,440,-1
1788563861.6750,3378178,V,518,455,-1
1788563861.6750,3378186,V,499,439,-1
1788563861.7242,3378200,V,501,440,46202
1788563861.7242,3378208,V,488,429,-1
1788563861.7242,3378216,V,496,436,-1
1788563861.7242,3378224,V,509,447,-1
1788563861.7242,3378232,V,531,467,-1
1788563861.7242,3378240,V,490,431,-1
1788563861.8199,3378254,V,534,469,46203
1788563861.8199,3378262,V,522,459,-1
1788563861.8199,3378270,V,508,446,-1
1788563861.8199,3378278,V,508,446,-1
1788563861.8199,3378286,V,478,420,-1
1788563861.8199,3378294,V,524,461,-1
1788563861.8685,3378307,V,501,440,46204
1788563861.8687,3378315,V,530,466,-1
1788563861.8687,3378323,V,502,441,-1
1788563861.8687,3378331,V,534,469,-1
1788563861.8687,3378339,V,498,438,-1
1788563861.8688,3378347,V,527,463,-1
1788563861.9182,3378361,V,509,447,46205
1788563861.9182,3378369,V,496,436,-1
1788563861.9182,3378377,V,495,435,-1
1788563861.9182,3378385,V,519,456,-1
1788563861.9182,3378393,V,532,468,-1
1788563861.9182,3378401,V,505,444,-1
1788563861.9671,3378415,V,509,447,46206
1788563861.9671,3378423,V,539,474,-1
1788563861.9672,3378431,V,517,454,-1
1788563861.9672,3378439,V,509,447,-1
1788563861.9672,3378447,V,499,439,-1
1788563861.9672,3378455,V,532,468,-1
1788563862.0167,3378469,V,514,452,46207
1788563862.0167,3378477,V,516,454,-1
1788563862.0167,3378485,V,479,421,-1
1788563862.0167,3378493,V,510,448,-1
1788563862.0167,3378501,V,522,459,-1
1788563862.0167,3378509,V,521,458,-1
1788563862.0657,3378523,V,547,481,46208
1788563862.0657,3378531,V,527,463,-1
1788563862.0657,3378539,V,522,459,-1
1788563862.0657,3378547,V,513,451,-1
1788563862.0657,3378555,V,503,442,-1
1788563862.0657,3378563,V,498,438,-1
1788563862.1124,3378576,V,497,437,46209
1788563862.1124,3378584,V,497,437,-1
1788563862.1125,3378592,V,543,477,-1
1788563862.1125,3378600,V,484,425,-1
1788563862.1125,3378608,V,509,447,-1
1788563862.1125,3378616,V,544,478,-1
1788563862.2097,3378630,V,497,437,46210
1788563862.2098,3378638,V,516,454,-1
1788563862.2098,3378646,V,489,430,-1
1788563862.2098,3378654,V,496,436,-1
1788563862.2098,3378662,V,517,454,-1
1788563862.2098,3378670,V,520,457,-1
1788563862.2111,3378684,V,516,454,46211
1788563862.2111,3378692,V,521,458,-1
1788563862.2111,3378700,V,501,440,-1
1788563862.2111,3378708,V,508,446,-1
1788563862.2111,3378716,V,496,436,-1
1788563862.2111,3378724,V,522,459,-1
1788563862.2586,3378737,V,522,459,46212
1788563862.2586,3378745,V,535,470,-1
1788563862.2586,3378753,V,515,453,-1
1788563862.2586,3378761,V,515,453,-1
1788563862.2586,3378769,V,514,452,-1
1788563862.2586,3378777,V,487,428,-1
1788563862.3581,3378791,V,543,477,46213
1788563862.3582,3378799,V,512,450,-1
1788563862.3582,3378807,V,523,460,-1
1788563862.3582,3378815,V,511,449,-1
1788563862.3583,3378823,V,491,432,-1
1788563862.3583,3378831,V,532,468,-1
1788563862.4048,3378845,V,490,431,46214
1788563862.4049,3378853,V,510,448,-1
1788563862.4049,3378861,V,514,452,-1
1788563862.4049,3378869,V,507,446,-1
1788563862.4049,3378877,V,537,472,-1
1788563862.4049,3378885,V,496,436,-1
1788563862.4536,3378899,V,514,452,46215
1788563862.4536,3378907,V,530,466,-1
1788563862.4536,3378915,V,510,448,-1
1788563862.4536,3378923,V,517,454,-1
1788563862.4536,3378931,V,502,441,-1
1788563862.4536,3378939,V,544,478,-1
1788563862.5512,3378953,V,522,459,46216
1788563862.5512,3378961,V,490,431,-1
1788563862.5512,3378969,V,520,457,-1
1788563862.5512,3378977,V,507,446,-1
1788563862.5512,3378985,V,483,425,-1
1788563862.5512,3378993,V,506,445,-1
1788563862.5525,3379006,V,509,447,46217
1788563862.5525,3379014,V,508,446,-1
1788563862.5525,3379022,V,496,436,-1
1788563862.5525,3379030,V,530,466,-1
1788563862.5525,3379038,V,517,454,-1
1788563862.5525,3379046,V,521,458,-1
1788563862.6020,3379060,V,518,455,46218
1788563862.6021,3379068,V,491,432,-1
1788563862.6021,3379076,V,539,474,-1
1788563862.6021,3379084,V,520,457,-1
1788563862.6021,3379092,V,534,469,-1
1788563862.6021,3379100,V,512,450,-1
1788563862.6496,3379114,V,514,452,46219
1788563862.6497,3379122,V,519,456,-1
1788563862.6497,3379130,V,518,455,-1
1788563862.6497,3379138,V,545,479,-1
1788563862.6497,3379146,V,511,449,-1
1788563862.6497,3379154,V,493,433,-1
1788563862.6972,3379167,V,522,459,46220
1788563862.6972,3379175,V,507,446,-1
1788563862.6972,3379183,V,518,455,-1
1788563862.6973,3379191,V,508,446,-1
1788563862.6973,3379199,V,522,459,-1
1788563862.6973,3379207,V,499,439,-1
1788563862.7462,3379221,V,522,459,46221
1788563862.7462,3379229,V,552,485,-1
1788563862.7462,3379237,V,505,444,-1
1788563862.7462,3379245,V,496,436,-1
1788563862.7462,3379253,V,507,446,-1
1788563862.7462,3379261,V,504,443,-1
1788563862.7948,3379275,V,556,489,46222
1788563862.7948,3379283,V,515,453,-1
1788563862.7948,3379291,V,520,457,-1
1788563862.7948,3379299,V,524,461,-1
1788563862.7948,3379307,V,516,454,-1
1788563862.7948,3379315,V,495,435,-1
1788563862.8938,3379329,V,512,450,46223
1788563862.8939,3379337,V,518,455,-1
1788563862.8939,3379345,V,530,466,-1
1788563862.8939,3379353,V,505,444,-1
1788563862.8939,3379361,V,505,444,-1
1788563862.8939,3379369,V,509,447,-1
1788563862.9414,3379382,V,530,466,46224
1788563862.9414,3379390,V,502,441,-1
1788563862.9415,3379398,V,483,425,-1
1788563862.9415,3379406,V,486,427,-1
1788563862.9415,3379414,V,490,431,-1
1788563862.9415,3379422,V,506,445,-1
1788563862.9910,3379436,V,506,445,46225
1788563862.9910,3379444,V,495,435,-1
1788563862.9911,3379452,V,529,465,-1
1788563862.9911,3379460,V,518,455,-1
1788563862.9911,3379468,V,498,438,-1
1788563862.9911,3379476,V,535,470,-1
1788563863.0386,3379490,V,509,447,46226
1788563863.0386,3379498,V,505,444,-1
1788563863.0386,3379506,V,498,438,-1
1788563863.0387,3379514,V,521,458,-1
1788563863.0387,3379522,V,526,462,-1
1788563863.0387,3379530,V,483,425,-1
1788563863.0873,3379543,V,519,456,46227
1788563863.0874,3379551,V,486,427,-1
1788563863.0874,3379559,V,509,447,-1
1788563863.0874,3379567,V,546,480,-1
1788563863.0874,3379575,V,507,446,-1
1788563863.0874,3379583,V,513,451,-1
1788563863.1361,3379597,V,528,464,46228
1788563863.1362,3379605,V,499,439,-1
1788563863.1362,3379613,V,531,467,-1
1788563863.1362,3379621,V,540,475,-1
1788563863.1362,3379629,V,541,475,-1
1788563863.1362,3379637,V,513,451,-1
1788563863.1870,3379651,V,526,462,46229
1788563863.1870,3379659,V,490,431,-1
1788563863.1870,3379667,V,536,471,-1
1788563863.1870,3379675,V,506,445,-1
1788563863.1870,3379683,V,515,453,-1
1788563863.1870,3379691,V,493,433,-1
1788563863.2348,3379705,V,524,461,46230
1788563863.2348,3379713,V,570,501,-1
1788563863.2348,3379721,V,512,450,-1
1788563863.2349,3379729,V,516,454,-1
1788563863.2349,3379737,V,491,432,-1
1788563863.2349,3379745,V,503,442,-1
1788563863.2839,3379758,V,478,420,46231
1788563863.2840,3379766,V,513,451,-1
1788563863.2840,3379774,V,517,454,-1
1788563863.2840,3379782,V,489,430,-1
1788563863.2840,3379790,V,530,466,-1
1788563863.2840,3379798,V,496,436,-1
1788563863.3315,3379812,V,502,441,46232
1788563863.3315,3379820,V,533,468,-1
1788563863.3315,3379828,V,531,467,-1
1788563863.3315,3379836,V,514,452,-1
1788563863.3315,3379844,V,518,455,-1
1788563863.3315,3379852,V,531,467,-1
1788563863.4287,3379866,V,521,458,46233
1788563863.4288,3379874,V,491,432,-1
1788563863.4288,3379882,V,515,453,-1
1788563863.4288,3379890,V,505,444,-1
1788563863.4288,3379898,V,526,462,-1
1788563863.4288,3379906,V,526,462,-1
1788563863.4790,3379920,V,512,450,46234
1788563863.4791,3379928,V,505,444,-1
1788563863.4793,3379936,V,512,450,-1
1788563863.4793,3379944,V,530,466,-1
1788563863.4793,3379952,V,502,441,-1
1788563863.4793,3379960,V,528,464,-1
1788563863.5262,3379973,V,494,434,46235
1788563863.5263,3379981,V,507,446,-1
1788563863.5263,3379989,V,497,437,-1
1788563863.5263,3379997,V,507,446,-1
1788563863.5263,3380005,V,506,445,-1
1788563863.5263,3380013,V,499,439,-1
1788563863.5748,3380027,V,506,445,46236
1788563863.5748,3380035,V,505,444,-1
1788563863.5749,3380043,V,528,464,-1
1788563863.5749,3380051,V,543,477,-1
1788563863.5749,3380059,V,501,440,-1
1788563863.5749,3380067,V,514,452,-1
1788563863.6237,3380081,V,498,438,46237
1788563863.6238,3380089,V,506,445,-1
1788563863.6238,3380097,V,504,443,-1
1788563863.6238,3380105,V,511,449,-1
1788563863.6238,3380113,V,519,456,-1
1788563863.6238,3380121,V,523,460,-1
1788563863.6723,3380134,V,522,459,46238
1788563863.6724,3380142,V,505,444,-1
1788563863.6724,3380150,V,564,496,-1
1788563863.6724,3380158,V,501,440,-1
1788563863.6724,3380166,V,511,449,-1
1788563863.6724,3380174,V,516,454,-1
1788563863.7211,3380188,V,514,452,46239
1788563863.7211,3380196,V,524,461,-1
1788563863.7211,3380204,V,517,454,-1
1788563863.7211,3380212,V,510,448,-1
1788563863.7211,3380220,V,510,448,-1
1788563863.7211,3380228,V,514,452,-1
1788563863.7700,3380242,V,534,469,46240
1788563863.7701,3380250,V,489,430,-1
1788563863.7701,3380258,V,527,463,-1
1788563863.7701,3380266,V,515,453,-1
1788563863.7701,3380274,V,506,445,-1
1788563863.7701,3380282,V,499,439,-1
1788563863.8195,3380296,V,499,439,46241
1788563863.8195,3380304,V,529,465,-1
1788563863.8195,3380312,V,505,444,-1
1788563863.8195,3380320,V,528,464,-1
1788563863.8195,3380328,V,530,466,-1
1788563863.8195,3380336,V,537,472,-1
1788563863.9161,3380349,V,482,424,46242
1788563863.9162,3380357,V,526,462,-1
1788563863.9162,3380365,V,505,444,-1
1788563863.9163,3380373,V,504,443,-1
1788563863.9163,3380381,V,510,448,-1
1788563863.9163,3380389,V,520,457,-1
1788563864.0623,3380403,V,519,456,46243
1788563864.0623,3380411,V,528,464,-1
1788563864.0623,3380419,V,527,463,-1
1788563864.0623,3380427,V,523,460,-1
1788563864.0623,3380435,V,561,493,-1
1788563864.0623,3380443,V,502,441,-1
1788563864.0635,3380457,V,521,458,46244
1788563864.0635,3380465,V,554,487,-1
1788563864.0635,3380473,V,502,441,-1
1788563864.0635,3380481,V,515,453,-1
1788563864.0635,3380489,V,530,466,-1
1788563864.0635,3380497,V,532,468,-1
1788563864.0636,3380510,V,526,462,46245
1788563864.0637,3380518,V,532,468,-1
1788563864.0637,3380526,V,493,433,-1
1788563864.0637,3380534,V,539,474,-1
1788563864.0637,3380542,V,510,448,-1
1788563864.0637,3380550,V,510,448,-1
1788563864.1127,3380564,V,505,444,46246
1788563864.1127,3380572,V,489,430,-1
1788563864.1127,3380580,V,502,441,-1
1788563864.1127,3380588,V,532,468,-1
1788563864.1127,3380596,V,497,437,-1
1788563864.1127,3380604,V,514,452,-1
1788563864.1617,3380618,V,515,453,46247
1788563864.1618,3380626,V,519,456,-1
1788563864.1618,3380634,V,504,443,-1
1788563864.1618,3380642,V,519,456,-1
1788563864.1618,3380650,V,519,456,-1
1788563864.1618,3380658,V,506,445,-1
1788563864.2087,3380672,V,522,459,46248
1788563864.2087,3380680,V,493,433,-1
1788563864.2087,3380688,V,492,432,-1
1788563864.2087,3380696,V,503,442,-1
1788563864.2087,3380704,V,525,461,-1
1788563864.2087,3380712,V,519,456,-1
1788563864.3078,3380726,V,527,463,46249
1788563864.3078,3380734,V,520,457,-1
1788563864.3079,3380742,V,554,487,-1
1788563864.3079,3380750,V,506,445,-1
1788563864.3079,3380758,V,513,451,-1
1788563864.3079,3380766,V,495,435,-1
1788563864.3081,3380779,V,505,444,46250
1788563864.3081,3380787,V,489,430,-1
1788563864.3081,3380795,V,523,460,-1
1788563864.3081,3380803,V,526,462,-1
1788563864.3081,3380811,V,491,432,-1
1788563864.3081,3380819,V,516,454,-1
1788563864.3549,3380833,V,525,461,46251
1788563864.3549,3380841,V,486,427,-1
1788563864.3549,3380849,V,506,445,-1
1788563864.3549,3380857,V,540,475,-1
1788563864.3549,3380865,V,496,436,-1
1788563864.3549,3380873,V,537,472,-1
1788563864.4544,3380887,V,498,438,46252
1788563864.4545,3380895,V,511,449,-1
1788563864.4545,3380903,V,529,465,-1
1788563864.4545,3380911,V,537,472,-1
1788563864.4545,3380919,V,498,438,-1
1788563864.4545,3380927,V,519,456,-1
1788563864.5012,3380940,V,526,462,46253
1788563864.5012,3380948,V,485,426,-1
1788563864.5012,3380956,V,540,475,-1
1788563864.5012,3380964,V,545,479,-1
1788563864.5012,3380972,V,530,466,-1
1788563864.5013,3380980,V,511,449,-1
1788563864.5496,3380994,V,502,441,46254
1788563864.5497,3381002,V,502,441,-1
1788563864.5497,3381010,V,497,437,-1
1788563864.5497,3381018,V,510,448,-1
1788563864.5497,3381026,V,545,479,-1
1788563864.5497,3381034,V,496,436,-1
1788563864.6479,3381048,V,483,425,46255
1788563864.6479,3381056,V,510,448,-1
1788563864.6479,3381064,V,499,439,-1
1788563864.6479,3381072,V,503,442,-1
1788563864.6479,3381080,V,516,454,-1
1788563864.6479,3381088,V,531,467,-1
1788563864.6498,3381102,V,525,461,46256
1788563864.6498,3381110,V,513,451,-1
1788563864.6498,3381118,V,501,440,-1
1788563864.6499,3381126,V,491,432,-1
1788563864.6499,3381134,V,507,446,-1
1788563864.6499,3381142,V,511,449,-1
1788563864.6982,3381155,V,514,452,46257
1788563864.6983,3381163,V,516,454,-1
1788563864.6983,3381171,V,514,452,-1
1788563864.6983,3381179,V,484,425,-1
1788563864.6983,3381187,V,501,440,-1
1788563864.6983,3381195,V,524,461,-1
1788563864.7467,3381209,V,521,458,46258
1788563864.7468,3381217,V,512,450,-1
1788563864.7468,3381225,V,521,458,-1
1788563864.7468,3381233,V,505,444,-1
1788563864.7468,3381241,V,509,447,-1
1788563864.7468,3381249,V,529,465,-1
1788563864.7936,3381263,V,525,461,46259
1788563864.7936,3381271,V,545,479,-1
1788563864.7936,3381279,V,507,446,-1
1788563864.7936,3381287,V,495,435,-1
1788563864.7936,3381295,V,484,425,-1
1788563864.7937,3381303,V,499,439,-1
1788563864.8423,3381317,V,520,457,46260
1788563864.8423,3381325,V,498,438,-1
1788563864.8423,3381333,V,527,463,-1
1788563864.8423,3381341,V,486,427,-1
1788563864.8423,3381349,V,514,452,-1
1788563864.8423,3381357,V,496,436,-1
1788563864.8912,3381370,V,509,447,46261
1788563864.8912,3381378,V,521,458,-1
1788563864.8912,3381386,V,514,452,-1
1788563864.8913,3381394,V,530,466,-1
1788563864.8913,3381402,V,516,454,-1
1788563864.8913,3381410,V,485,426,-1
1788563865.0382,3381424,V,544,478,46262
1788563865.0383,3381432,V,516,454,-1
1788563865.0384,3381440,V,496,436,-1
1788563865.0384,3381448,V,509,447,-1
1788563865.0384,3381456,V,523,460,-1
1788563865.0384,3381464,V,543,477,-1
1788563865.0391,3381478,V,512,450,46263
1788563865.0391,3381486,V,516,454,-1
1788563865.0392,3381494,V,517,454,-1
1788563865.0392,3381502,V,489,430,-1
1788563865.0392,3381510,V,501,440,-1
1788563865.0392,3381518,V,524,461,-1
1788563865.0864,3381531,V,531,467,46264
1788563865.0865,3381539,V,501,440,-1
1788563865.0865,3381547,V,522,459,-1
1788563865.0865,3381555,V,522,459,-1
1788563865.0865,3381563,V,493,433,-1
1788563865.0865,3381571,V,545,479,-1
1788563865.1353,3381585,V,531,467,46265
1788563865.1354,3381593,V,510,448,-1
1788563865.1354,3381601,V,483,425,-1
1788563865.1354,3381609,V,528,464,-1
1788563865.1354,3381617,V,511,449,-1
1788563865.1354,3381625,V,527,463,-1
1788563865.1847,3381639,V,519,456,46266
1788563865.1847,3381647,V,538,473,-1
1788563865.1847,3381655,V,499,439,-1
1788563865.1847,3381663,V,501,440,-1
1788563865.1848,3381671,V,512,450,-1
1788563865.1848,3381679,V,518,455,-1
1788563865.2335,3381693,V,507,446,46267
1788563865.2336,3381701,V,520,457,-1
1788563865.2336,3381709,V,521,458,-1
1788563865.2336,3381717,V,514,452,-1
1788563865.2336,3381725,V,516,454,-1
1788563865.2336,3381733,V,527,463,-1
1788563865.2814,3381746,V,527,463,46268
1788563865.2816,3381754,V,502,441,-1
1788563865.2816,3381762,V,519,456,-1
1788563865.2816,3381770,V,520,457,-1
1788563865.2816,3381778,V,527,463,-1
1788563865.2816,3381786,V,513,451,-1
1788563865.3331,3381800,V,502,441,46269
1788563865.3331,3381808,V,513,451,-1
1788563865.3331,3381816,V,520,457,-1
1788563865.3331,3381824,V,513,451,-1
1788563865.3334,3381832,V,511,449,-1
1788563865.3335,3381840,V,499,439,-1
1788563865.4277,3381854,V,528,464,46270
1788563865.4277,3381862,V,531,467,-1
1788563865.4277,3381870,V,516,454,-1
1788563865.4277,3381878,V,498,438,-1
1788563865.4277,3381886,V,492,432,-1
1788563865.4277,3381894,V,536,471,-1
1788563865.4289,3381908,V,512,450,46271
1788563865.4289,3381916,V,522,459,-1
1788563865.4290,3381924,V,473,416,-1
1788563865.4290,3381932,V,529,465,-1
1788563865.4290,3381940,V,482,424,-1
1788563865.4290,3381948,V,506,445,-1
1788563865.5249,3381961,V,517,454,46272
1788563865.5250,3381969,V,477,419,-1
1788563865.5250,3381977,V,519,456,-1
1788563865.5250,3381985,V,515,453,-1
1788563865.5250,3381993,V,512,450,-1
1788563865.5251,3382001,V,523,460,-1
1788563865.5758,3382015,V,515,453,46273
1788563865.5758,3382023,V,507,446,-1
1788563865.5758,3382031,V,522,459,-1
1788563865.5758,3382039,V,526,462,-1
1788563865.5758,3382047,V,500,439,-1
1788563865.5758,3382055,V,522,459,-1
1788563865.6233,3382069,V,492,432,46274
1788563865.6234,3382077,V,497,437,-1
1788563865.6234,3382085,V,516,454,-1
1788563865.6234,3382093,V,521,458,-1
1788563865.6234,3382101,V,503,442,-1
1788563865.6234,3382109,V,527,463,-1
1788563865.6749,3382122,V,515,453,46275
1788563865.6749,3382130,V,524,461,-1
1788563865.6749,3382138,V,520,457,-1
1788563865.6749,3382146,V,502,441,-1
1788563865.6749,3382154,V,504,443,-1
1788563865.6749,3382162,V,520,457,-1
1788563865.7209,3382176,V,488,429,46276
1788563865.7210,3382184,V,493,433,-1
1788563865.7210,3382192,V,528,464,-1
1788563865.7210,3382200,V,529,465,-1
1788563865.7210,3382208,V,537,472,-1
1788563865.7210,3382216,V,513,451,-1
1788563865.7686,3382230,V,522,459,46277
1788563865.7687,3382238,V,509,447,-1
1788563865.7687,3382246,V,525,461,-1
1788563865.7687,3382254,V,518,455,-1
1788563865.7687,3382262,V,507,446,-1
1788563865.7687,3382270,V,482,424,-1
1788563865.8184,3382284,V,511,449,46278
1788563865.8184,3382292,V,522,459,-1
1788563865.8184,3382300,V,502,441,-1
1788563865.8184,3382308,V,495,435,-1
1788563865.8184,3382316,V,511,449,-1
1788563865.8184,3382324,V,506,445,-1
1788563865.8670,3382337,V,521,458,46279
1788563865.8670,3382345,V,525,461,-1
1788563865.8670,3382353,V,512,450,-1
1788563865.8670,3382361,V,491,432,-1
1788563865.8670,3382369,V,492,432,-1
1788563865.8670,3382377,V,516,454,-1
1788563865.9160,3382391,V,529,465,46280
1788563865.9160,3382399,V,505,444,-1
1788563865.9160,3382407,V,511,449,-1
1788563865.9160,3382415,V,502,441,-1
1788563865.9160,3382423,V,508,446,-1
1788563865.9160,3382431,V,521,458,-1
1788563865.9657,3382445,V,512,450,46281
1788563865.9657,3382453,V,517,454,-1
1788563865.9657,3382461,V,485,426,-1
1788563865.9657,3382469,V,522,459,-1
1788563865.9657,3382477,V,512,450,-1
1788563865.9658,3382485,V,503,442,-1
1788563866.0610,3382499,V,529,465,46282
1788563866.0610,3382507,V,487,428,-1
1788563866.0610,3382515,V,503,442,-1
1788563866.0610,3382523,V,511,449,-1
1788563866.0610,3382531,V,522,459,-1
1788563866.0610,3382539,V,526,462,-1
1788563866.1096,3382552,V,524,461,46283
1788563866.1096,3382560,V,501,440,-1
1788563866.1096,3382568,V,516,454,-1
1788563866.1096,3382576,V,517,454,-1
1788563866.1096,3382584,V,494,434,-1
1788563866.1097,3382592,V,490,431,-1
1788563866.1583,3382606,V,522,459,46284
1788563866.1583,3382614,V,543,477,-1
1788563866.1584,3382622,V,508,446,-1
1788563866.1584,3382630,V,512,450,-1
1788563866.1584,3382638,V,503,442,-1
1788563866.1584,3382646,V,497,437,-1
1788563866.2089,3382660,V,528,464,46285
1788563866.2090,3382668,V,502,441,-1
1788563866.2090,3382676,V,507,446,-1
1788563866.2090,3382684,V,535,470,-1
1788563866.2090,3382692,V,493,433,-1
1788563866.2090,3382700,V,511,449,-1
1788563866.2580,3382714,V,533,468,46286
1788563866.2580,3382722,V,509,447,-1
1788563866.2580,3382730,V,501,440,-1
1788563866.2580,3382738,V,490,431,-1
1788563866.2580,3382746,V,513,451,-1
1788563866.2580,3382754,V,531,467,-1
1788563866.3064,3382767,V,531,467,46287
1788563866.3065,3382775,V,520,457,-1
1788563866.3065,3382783,V,507,446,-1
1788563866.3066,3382791,V,537,472,-1
1788563866.3066,3382799,V,493,433,-1
1788563866.3066,3382807,V,498,438,-1
1788563866.4024,3382821,V,484,425,46288
1788563866.4024,3382829,V,497,437,-1
1788563866.4025,3382837,V,506,445,-1
1788563866.4025,3382845,V,512,450,-1
1788563866.4025,3382853,V,520,457,-1
1788563866.4025,3382861,V,499,439,-1
1788563866.4035,3382875,V,502,441,46289
1788563866.4035,3382883,V,509,447,-1
1788563866.4035,3382891,V,516,454,-1
1788563866.4035,3382899,V,526,462,-1
1788563866.4035,3382907,V,507,446,-1
1788563866.4035,3382915,V,517,454,-1
1788563866.4512,3382929,V,508,446,46290
1788563866.4512,3382937,V,540,475,-1
1788563866.4512,3382945,V,512,450,-1
1788563866.4512,3382953,V,536,471,-1
1788563866.4512,3382961,V,515,453,-1
1788563866.4512,3382969,V,491,432,-1
1788563866.5014,3382982,V,509,447,46291
1788563866.5015,3382990,V,504,443,-1
1788563866.5015,3382998,V,513,451,-1
1788563866.5015,3383006,V,503,442,-1
1788563866.5015,3383014,V,505,444,-1
1788563866.5015,3383022,V,508,446,-1
1788563866.5975,3383036,V,532,468,46292
1788563866.5975,3383044,V,507,446,-1
1788563866.5976,3383052,V,518,455,-1
1788563866.5976,3383060,V,496,436,-1
1788563866.5976,3383068,V,508,446,-1
1788563866.5976,3383076,V,517,454,-1
1788563866.6462,3383090,V,529,465,46293
1788563866.6462,3383098,V,505,444,-1
1788563866.6462,3383106,V,509,447,-1
1788563866.6462,3383114,V,513,451,-1
1788563866.6463,3383122,V,548,482,-1
1788563866.6463,3383130,V,524,461,-1
1788563866.6948,3383144,V,507,446,46294
1788563866.6949,3383152,V,530,466,-1
1788563866.6949,3383160,V,508,446,-1
1788563866.6949,3383168,V,528,464,-1
1788563866.6949,3383176,V,512,450,-1
1788563866.6949,3383184,V,540,475,-1
1788563866.7435,3383197,V,512,450,46295
1788563866.7435,3383205,V,489,430,-1
1788563866.7435,3383213,V,489,430,-1
1788563866.7435,3383221,V,519,456,-1
1788563866.7435,3383229,V,514,452,-1
1788563866.7435,3383237,V,521,458,-1
1788563866.7942,3383251,V,514,452,46296
1788563866.7942,3383259,V,537,472,-1
1788563866.7942,3383267,V,518,455,-1
1788563866.7942,3383275,V,509,447,-1
1788563866.7942,3383283,V,485,426,-1
1788563866.7942,3383291,V,530,466,-1
1788563866.8424,3383305,V,514,452,46297
1788563866.8425,3383313,V,489,430,-1
1788563866.8425,3383321,V,525,461,-1
1788563866.8425,3383329,V,522,459,-1
1788563866.8425,3383337,V,508,446,-1
1788563866.8425,3383345,V,510,448,-1
1788563866.8900,3383359,V,516,454,46298
1788563866.8900,3383367,V,516,454,-1
1788563866.8900,3383375,V,522,459,-1
1788563866.8900,3383383,V,501,440,-1
1788563866.8900,3383391,V,504,443,-1
1788563866.8900,3383399,V,516,454,-1
1788563866.9385,3383412,V,504,443,46299
1788563866.9385,3383420,V,542,476,-1
1788563866.9385,3383428,V,501,440,-1
1788563866.9385,3383436,V,488,429,-1
1788563866.9385,3383444,V,486,427,-1
1788563866.9385,3383452,V,524,461,-1
1788563866.9872,3383466,V,533,468,46300
1788563866.9872,3383474,V,512,450,-1
1788563866.9873,3383482,V,510,448,-1
1788563866.9873,3383490,V,544,478,-1
1788563866.9873,3383498,V,495,435,-1
1788563866.9873,3383506,V,513,451,-1
1788563867.0869,3383520,V,541,475,46301
1788563867.0870,3383528,V,523,460,-1
1788563867.0870,3383536,V,517,454,-1
1788563867.0870,3383544,V,503,442,-1
1788563867.0870,3383552,V,520,457,-1
1788563867.0870,3383560,V,542,476,-1
1788563867.1350,3383573,V,526,462,46302
1788563867.1350,3383581,V,509,447,-1
1788563867.1351,3383589,V,527,463,-1
1788563867.1351,3383597,V,495,435,-1
1788563867.1351,3383605,V,508,446,-1
1788563867.1351,3383613,V,532,468,-1
1788563867.1823,3383627,V,503,442,46303
1788563867.1823,3383635,V,524,461,-1
1788563867.1823,3383643,V,510,448,-1
1788563867.1823,3383651,V,513,451,-1
1788563867.1823,3383659,V,523,460,-1
1788563867.1823,3383667,V,503,442,-1
1788563867.2311,3383681,V,526,462,46304
1788563867.2311,3383689,V,508,446,-1
1788563867.2311,3383697,V,518,455,-1
1788563867.2312,3383705,V,507,446,-1
1788563867.2312,3383713,V,493,433,-1
1788563867.2312,3383721,V,502,441,-1
1788563867.3305,3383735,V,502,441,46305
1788563867.3307,3383743,V,503,442,-1
1788563867.3307,3383751,V,532,468,-1
1788563867.3307,3383759,V,527,463,-1
1788563867.3308,3383767,V,525,461,-1
1788563867.3308,3383775,V,518,455,-1
1788563867.3309,3383788,V,523,460,46306
1788563867.3309,3383796,V,520,457,-1
1788563867.3309,3383804,V,490,431,-1
1788563867.3309,3383812,V,551,484,-1
1788563867.3310,3383820,V,501,440,-1
1788563867.3310,3383828,V,515,453,-1
1788563867.3787,3383842,V,522,459,46307
1788563867.3787,3383850,V,496,436,-1
1788563867.3787,3383858,V,511,449,-1
1788563867.3787,3383866,V,534,469,-1
1788563867.3787,3383874,V,512,450,-1
1788563867.3788,3383882,V,514,452,-1
1788563867.4265,3383896,V,538,473,46308
1788563867.4266,3383904,V,495,435,-1
1788563867.4266,3383912,V,517,454,-1
1788563867.4266,3383920,V,500,439,-1
1788563867.4266,3383928,V,525,461,-1
1788563867.4266,3383936,V,497,437,-1
1788563867.5724,3383949,V,519,456,46309
1788563867.5725,3383957,V,500,439,-1
1788563867.5726,3383965,V,526,462,-1
1788563867.5726,3383973,V,484,425,-1
1788563867.5726,3383981,V,540,475,-1
1788563867.5726,3383989,V,551,484,-1
1788563867.5737,3384003,V,532,468,46310
1788563867.5737,3384011,V,541,475,-1
1788563867.5737,3384019,V,526,462,-1
1788563867.5737,3384027,V,513,451,-1
1788563867.5737,3384035,V,507,446,-1
1788563867.5737,3384043,V,512,450,-1
1788563867.6212,3384057,V,524,461,46311
1788563867.6212,3384065,V,496,436,-1
1788563867.6213,3384073,V,552,485,-1
1788563867.6213,3384081,V,511,449,-1
1788563867.6213,3384089,V,522,459,-1
1788563867.6213,3384097,V,553,486,-1
1788563867.6699,3384111,V,506,445,46312
1788563867.6699,3384119,V,523,460,-1
1788563867.6700,3384127,V,497,437,-1
1788563867.6700,3384135,V,526,462,-1
1788563867.6700,3384143,V,521,458,-1
1788563867.6700,3384151,V,514,452,-1
1788563867.7197,3384165,V,498,438,46313
1788563867.7198,3384173,V,513,451,-1
1788563867.7198,3384181,V,509,447,-1
1788563867.7198,3384189,V,511,449,-1
1788563867.7198,3384197,V,528,464,-1
1788563867.7198,3384205,V,485,426,-1
1788563867.7691,3384218,V,485,426,46314
1788563867.7691,3384226,V,497,437,-1
1788563867.7691,3384234,V,506,445,-1
1788563867.7691,3384242,V,514,452,-1
1788563867.7692,3384250,V,510,448,-1
1788563867.7692,3384258,V,482,424,-1
1788563867.8162,3384272,V,497,437,46315
1788563867.8163,3384280,V,509,447,-1
1788563867.8163,3384288,V,508,446,-1
1788563867.8163,3384296,V,515,453,-1
1788563867.8163,3384304,V,514,452,-1
1788563867.8163,3384312,V,506,445,-1
1788563867.8649,3384326,V,530,466,46316
1788563867.8649,3384334,V,520,457,-1
1788563867.8649,3384342,V,511,449,-1
1788563867.8649,3384350,V,497,437,-1
1788563867.8650,3384358,V,535,470,-1
1788563867.8650,3384366,V,500,439,-1
1788563867.9134,3384379,V,513,451,46317
1788563867.9134,3384387,V,507,446,-1
1788563867.9134,3384395,V,526,462,-1
1788563867.9134,3384403,V,515,453,-1
1788563867.9134,3384411,V,510,448,-1
1788563867.9134,3384419,V,513,451,-1
1788563867.9623,3384433,V,511,449,46318
1788563867.9623,3384441,V,533,468,-1
1788563867.9623,3384449,V,501,440,-1
1788563867.9623,3384457,V,510,448,-1
1788563867.9623,3384465,V,507,446,-1
1788563867.9623,3384473,V,511,449,-1
1788563868.0140,3384487,V,503,442,46319
1788563868.0140,3384495,V,499,439,-1
1788563868.0140,3384503,V,570,501,-1
1788563868.0141,3384511,V,511,449,-1
1788563868.0141,3384519,V,511,449,-1
1788563868.0141,3384527,V,493,433,-1
1788563868.0619,3384541,V,537,472,46320
1788563868.0620,3384549,V,488,429,-1
1788563868.0620,3384557,V,519,456,-1
1788563868.0620,3384565,V,489,430,-1
1788563868.0620,3384573,V,530,466,-1
1788563868.0620,3384581,V,522,459,-1
1788563868.1574,3384594,V,519,456,46321
1788563868.1575,3384602,V,503,442,-1
1788563868.1575,3384610,V,518,455,-1
1788563868.1575,3384618,V,498,438,-1
1788563868.1575,3384626,V,520,457,-1
1788563868.1575,3384634,V,548,482,-1
1788563868.2060,3384648,V,511,449,46322
1788563868.2060,3384656,V,527,463,-1
1788563868.2060,3384664,V,529,465,-1
1788563868.2061,3384672,V,533,468,-1
1788563868.2061,3384680,V,510,448,-1
1788563868.2061,3384688,V,527,463,-1
1788563868.2548,3384702,V,511,449,46323
1788563868.2548,3384710,V,504,443,-1
1788563868.2548,3384718,V,501,440,-1
1788563868.2548,3384726,V,525,461,-1
1788563868.2548,3384734,V,503,442,-1
1788563868.2548,3384742,V,519,456,-1
1788563868.3055,3384756,V,523,460,46324
1788563868.3056,3384764,V,521,458,-1
1788563868.3056,3384772,V,500,439,-1
1788563868.3056,3384780,V,529,465,-1
1788563868.3056,3384788,V,505,444,-1
1788563868.3056,3384796,V,500,439,-1
1788563868.3547,3384809,V,519,456,46325
1788563868.3547,3384817,V,499,439,-1
1788563868.3547,3384825,V,511,449,-1
1788563868.3547,3384833,V,520,457,-1
1788563868.3547,3384841,V,510,448,-1
1788563868.3548,3384849,V,523,460,-1
1788563868.4012,3384863,V,472,415,46326
1788563868.4012,3384871,V,491,432,-1
1788563868.4012,3384879,V,568,499,-1
1788563868.4012,3384887,V,527,463,-1
1788563868.4012,3384895,V,486,427,-1
1788563868.4013,3384903,V,539,474,-1
1788563868.4501,3384917,V,481,423,46327
1788563868.4501,3384925,V,522,459,-1
1788563868.4501,3384933,V,504,443,-1
1788563868.4501,3384941,V,516,454,-1
1788563868.4501,3384949,V,509,447,-1
1788563868.4501,3384957,V,512,450,-1
1788563868.4989,3384970,V,544,478,46328
1788563868.4989,3384978,V,503,442,-1
1788563868.4989,3384986,V,508,446,-1
1788563868.4989,3384994,V,528,464,-1
1788563868.4989,3385002,V,526,462,-1
1788563868.4989,3385010,V,518,455,-1
1788563868.5477,3385024,V,492,432,46329
1788563868.5479,3385032,V,534,469,-1
1788563868.5479,3385040,V,539,474,-1
1788563868.5479,3385048,V,525,461,-1
1788563868.5479,3385056,V,497,437,-1
1788563868.5479,3385064,V,488,429,-1
1788563868.5980,3385078,V,510,448,46330
1788563868.5980,3385086,V,513,451,-1
1788563868.5980,3385094,V,497,437,-1
1788563868.5980,3385102,V,495,435,-1
1788563868.5981,3385110,V,516,454,-1
1788563868.5981,3385118,V,515,453,-1
1788563868.7916,3385132,V,495,435,46331
1788563868.7917,3385140,V,528,464,-1
1788563868.7917,3385148,V,521,458,-1
1788563868.7917,3385156,V,542,476,-1
1788563868.7918,3385164,V,535,470,-1
1788563868.7918,3385172,V,504,443,-1
1788563868.7928,3385185,V,525,461,46332
1788563868.7929,3385193,V,511,449,-1
1788563868.7929,3385201,V,521,458,-1
1788563868.7929,3385209,V,531,467,-1
1788563868.7929,3385217,V,506,445,-1
1788563868.7929,3385225,V,485,426,-1
1788563868.7932,3385239,V,509,447,46333
1788563868.7932,3385247,V,496,436,-1
1788563868.7932,3385255,V,517,454,-1
1788563868.7933,3385263,V,495,435,-1
1788563868.7933,3385271,V,491,432,-1
1788563868.7933,3385279,V,482,424,-1
1788563868.8404,3385293,V,525,461,46334
1788563868.8405,3385301,V,496,436,-1
1788563868.8405,3385309,V,498,438,-1
1788563868.8405,3385317,V,547,481,-1
1788563868.8405,3385325,V,554,487,-1
1788563868.8405,3385333,V,521,458,-1
1788563868.8910,3385347,V,486,427,46335
1788563868.8910,3385355,V,498,438,-1
1788563868.8910,3385363,V,533,468,-1
1788563868.8910,3385371,V,521,458,-1
1788563868.8910,3385379,V,510,448,-1
1788563868.8910,3385387,V,510,448,-1
1788563868.9376,3385400,V,517,454,46336
1788563868.9376,3385408,V,528,464,-1
1788563868.9378,3385416,V,531,467,-1
1788563868.9378,3385424,V,500,439,-1
1788563868.9378,3385432,V,507,446,-1
1788563868.9378,3385440,V,518,455,-1
1788563868.9862,3385454,V,533,468,46337
1788563868.9862,3385462,V,514,452,-1
1788563868.9862,3385470,V,519,456,-1
1788563868.9862,3385478,V,512,450,-1
1788563868.9862,3385486,V,509,447,-1
1788563868.9862,3385494,V,506,445,-1
1788563869.0350,3385508,V,499,439,46338
1788563869.0351,3385516,V,509,447,-1
1788563869.0351,3385524,V,547,481,-1
1788563869.0351,3385532,V,524,461,-1
1788563869.0351,3385540,V,500,439,-1
1788563869.0351,3385548,V,503,442,-1
1788563869.0842,3385562,V,501,440,46339
1788563869.0842,3385570,V,517,454,-1
1788563869.0842,3385578,V,534,469,-1
1788563869.0844,3385586,V,537,472,-1
1788563869.0844,3385594,V,500,439,-1
1788563869.0844,3385602,V,513,451,-1
1788563869.1328,3385615,V,503,442,46340
1788563869.1328,3385623,V,501,440,-1
1788563869.1328,3385631,V,524,461,-1
1788563869.1328,3385639,V,510,448,-1
1788563869.1328,3385647,V,505,444,-1
1788563869.1328,3385655,V,532,468,-1
1788563869.2312,3385669,V,494,434,46341
1788563869.2312,3385677,V,500,439,-1
1788563869.2312,3385685,V,490,431,-1
1788563869.2312,3385693,V,513,451,-1
1788563869.2312,3385701,V,504,443,-1
1788563869.2312,3385709,V,505,444,-1
1788563869.2832,3385723,V,499,439,46342
1788563869.2833,3385731,V,483,425,-1
1788563869.2833,3385739,V,554,487,-1
1788563869.2833,3385747,V,522,459,-1
1788563869.2833,3385755,V,539,474,-1
1788563869.2833,3385763,V,499,439,-1
1788563869.3295,3385777,V,546,480,46343
1788563869.3295,3385785,V,530,466,-1
1788563869.3295,3385793,V,537,472,-1
1788563869.3295,3385801,V,513,451,-1
1788563869.3295,3385809,V,511,449,-1
1788563869.3295,3385817,V,513,451,-1
1788563869.3763,3385831,V,509,447,46344
1788563869.3763,3385839,V,518,455,-1
1788563869.3763,3385847,V,513,451,-1
1788563869.3763,3385855,V,504,443,-1
1788563869.3764,3385863,V,512,450,-1
1788563869.3764,3385871,V,506,445,-1
1788563869.4248,3385884,V,494,434,46345
1788563869.4248,3385892,V,526,462,-1
1788563869.4248,3385900,V,519,456,-1
1788563869.4248,3385908,V,535,470,-1
1788563869.4248,3385916,V,491,432,-1
1788563869.4249,3385924,V,529,465,-1
1788563869.4750,3385938,V,522,459,46346
1788563869.4750,3385946,V,512,450,-1
1788563869.4750,3385954,V,535,470,-1
1788563869.4750,3385962,V,521,458,-1
1788563869.4750,3385970,V,499,439,-1
1788563869.4750,3385978,V,526,462,-1
1788563869.5238,3385992,V,517,454,46347
1788563869.5239,3386000,V,541,475,-1
1788563869.5239,3386008,V,502,441,-1
1788563869.5239,3386016,V,512,450,-1
1788563869.5239,3386024,V,489,430,-1
1788563869.5239,3386032,V,501,440,-1
1788563869.6199,3386045,V,522,459,46348
1788563869.6199,3386053,V,507,446,-1
1788563869.6200,3386061,V,543,477,-1
1788563869.6200,3386069,V,499,439,-1
1788563869.6200,3386077,V,499,439,-1
1788563869.6200,3386085,V,515,453,-1
1788563869.6213,3386099,V,541,475,46349
1788563869.6213,3386107,V,515,453,-1
1788563869.6213,3386115,V,504,443,-1
1788563869.6213,3386123,V,546,480,-1
1788563869.6213,3386131,V,499,439,-1
1788563869.6213,3386139,V,515,453,-1
1788563869.7180,3386153,V,505,444,46350
1788563869.7180,3386161,V,525,461,-1
1788563869.7180,3386169,V,511,449,-1
1788563869.7180,3386177,V,511,449,-1
1788563869.7181,3386185,V,500,439,-1
1788563869.7181,3386193,V,520,457,-1
1788563869.7661,3386207,V,495,435,46351
1788563869.7662,3386215,V,511,449,-1
1788563869.7662,3386223,V,490,431,-1
1788563869.7662,3386231,V,512,450,-1
1788563869.7663,3386239,V,492,432,-1
1788563869.7663,3386247,V,540,475,-1
1788563869.8153,3386260,V,526,462,46352
1788563869.8153,3386268,V,540,475,-1
1788563869.8154,3386276,V,527,463,-1
1788563869.8154,3386284,V,517,454,-1
1788563869.8154,3386292,V,509,447,-1
1788563869.8154,3386300,V,533,468,-1
1788563869.8657,3386314,V,513,451,46353
1788563869.8657,3386322,V,527,463,-1
1788563869.8657,3386330,V,512,450,-1
1788563869.8657,3386338,V,509,447,-1
1788563869.8657,3386346,V,523,460,-1
1788563869.8657,3386354,V,520,457,-1
1788563869.9123,3386368,V,519,456,46354
1788563869.9124,3386376,V,541,475,-1
1788563869.9124,3386384,V,489,430,-1
1788563869.9124,3386392,V,493,433,-1
1788563869.9124,3386400,V,501,440,-1
1788563869.9124,3386408,V,525,461,-1
1788563869.9611,3386421,V,507,446,46355
1788563869.9612,3386429,V,510,448,-1
1788563869.9612,3386437,V,550,483,-1
1788563869.9612,3386445,V,501,440,-1
1788563869.9612,3386453,V,533,468,-1
1788563869.9612,3386461,V,519,456,-1
1788563870.0099,3386475,V,507,446,46356
1788563870.0100,3386483,V,538,473,-1
1788563870.0100,3386491,V,528,464,-1
1788563870.0100,3386499,V,515,453,-1
1788563870.0100,3386507,V,507,446,-1
1788563870.0100,3386515,V,532,468,-1
1788563870.0587,3386529,V,508,446,46357
1788563870.0588,3386537,V,536,471,-1
1788563870.0588,3386545,V,520,457,-1
1788563870.0588,3386553,V,532,468,-1
1788563870.0588,3386561,V,516,454,-1
1788563870.0588,3386569,V,522,459,-1
1788563870.1093,3386583,V,502,441,46358
1788563870.1094,3386591,V,528,464,-1
1788563870.1094,3386599,V,514,452,-1
1788563870.1094,3386607,V,487,428,-1
1788563870.1094,3386615,V,517,454,-1
1788563870.1094,3386623,V,515,453,-1
1788563870.1599,3386637,V,487,428,46359
1788563870.1600,3386645,V,543,477,-1
1788563870.1600,3386653,V,517,454,-1
1788563870.1600,3386661,V,502,441,-1
1788563870.1600,3386669,V,507,446,-1
1788563870.1600,3386677,V,535,470,-1
1788563870.2536,3386690,V,480,422,46360
1788563870.2537,3386698,V,514,452,-1
1788563870.2537,3386706,V,541,475,-1
1788563870.2537,3386714,V,500,439,-1
1788563870.2537,3386722,V,523,460,-1
1788563870.2537,3386730,V,532,468,-1
1788563870.3024,3386744,V,511,449,46361
1788563870.3025,3386752,V,497,437,-1
1788563870.3025,3386760,V,544,478,-1
1788563870.3025,3386768,V,509,447,-1
1788563870.3025,3386776,V,510,448,-1
1788563870.3025,3386784,V,493,433,-1
1788563870.3527,3386798,V,537,472,46362
1788563870.3527,3386806,V,530,466,-1
1788563870.3527,3386814,V,519,456,-1
1788563870.3527,3386822,V,518,455,-1
1788563870.3527,3386830,V,506,445,-1
1788563870.3527,3386838,V,539,474,-1
1788563870.4004,3386852,V,509,447,46363
1788563870.4004,3386860,V,493,433,-1
1788563870.4004,3386868,V,491,432,-1
1788563870.4004,3386876,V,514,452,-1
1788563870.4004,3386884,V,531,467,-1
1788563870.4004,3386892,V,512,450,-1
1788563870.4500,3386905,V,510,448,46364
1788563870.4501,3386913,V,537,472,-1
1788563870.4501,3386921,V,511,449,-1
1788563870.4501,3386929,V,510,448,-1
1788563870.4501,3386937,V,517,454,-1
1788563870.4501,3386945,V,535,470,-1
1788563870.4973,3386959,V,480,422,46365
1788563870.4973,3386967,V,514,452,-1
1788563870.4973,3386975,V,562,494,-1
1788563870.4973,3386983,V,524,461,-1
1788563870.4973,3386991,V,513,451,-1
1788563870.4973,3386999,V,499,439,-1
1788563870.5463,3387013,V,522,459,46366
1788563870.5463,3387021,V,520,457,-1
1788563870.5463,3387029,V,525,461,-1
1788563870.5463,3387037,V,522,459,-1
1788563870.5463,3387045,V,504,443,-1
1788563870.5463,3387053,V,534,469,-1
1788563870.5948,3387067,V,531,467,46367
1788563870.5948,3387075,V,497,437,-1
1788563870.5948,3387083,V,536,471,-1
1788563870.5948,3387091,V,512,450,-1
1788563870.5948,3387099,V,503,442,-1
1788563870.5949,3387107,V,516,454,-1
1788563870.6435,3387120,V,521,458,46368
1788563870.6436,3387128,V,519,456,-1
1788563870.6436,3387136,V,511,449,-1
1788563870.6436,3387144,V,531,467,-1
1788563870.6436,3387152,V,523,460,-1
1788563870.6436,3387160,V,515,453,-1
1788563870.6959,3387174,V,523,460,46369
1788563870.6960,3387182,V,512,450,-1
1788563870.6960,3387190,V,517,454,-1
1788563870.6960,3387198,V,519,456,-1
1788563870.6961,3387206,V,530,466,-1
1788563870.6961,3387214,V,508,446,-1
1788563870.7899,3387228,V,507,446,46370
1788563870.7900,3387236,V,527,463,-1
1788563870.7900,3387244,V,539,474,-1
1788563870.7900,3387252,V,517,454,-1
1788563870.7900,3387260,V,523,460,-1
1788563870.7900,3387268,V,509,447,-1
1788563870.8399,3387281,V,552,485,46371
1788563870.8400,3387289,V,529,465,-1
1788563870.8400,3387297,V,515,453,-1
1788563870.8400,3387305,V,525,461,-1
1788563870.8400,3387313,V,513,451,-1
1788563870.8400,3387321,V,510,448,-1
1788563870.8885,3387335,V,545,479,46372
1788563870.8885,3387343,V,505,444,-1
1788563870.8885,3387351,V,546,480,-1
1788563870.8885,3387359,V,538,473,-1
1788563870.8885,3387367,V,505,444,-1
1788563870.8885,3387375,V,501,440,-1
1788563870.9379,3387389,V,500,439,46373
1788563870.9380,3387397,V,480,422,-1
1788563870.9380,3387405,V,545,479,-1
1788563870.9380,3387413,V,535,470,-1
1788563870.9380,3387421,V,528,464,-1
1788563870.9380,3387429,V,515,453,-1
1788563871.0347,3387443,V,502,441,46374
1788563871.0348,3387451,V,509,447,-1
1788563871.0348,3387459,V,521,458,-1
1788563871.0348,3387467,V,507,446,-1
1788563871.0348,3387475,V,517,454,-1
1788563871.0348,3387483,V,524,461,-1
1788563871.0349,3387496,V,539,474,46375
1788563871.0349,3387504,V,539,474,-1
1788563871.0349,3387512,V,544,478,-1
1788563871.0349,3387520,V,501,440,-1
1788563871.0349,3387528,V,481,423,-1
1788563871.0349,3387536,V,518,455,-1
1788563871.0824,3387550,V,496,436,46376
1788563871.0824,3387558,V,531,467,-1
1788563871.0824,3387566,V,497,437,-1
1788563871.0824,3387574,V,529,465,-1
1788563871.0824,3387582,V,533,468,-1
1788563871.0824,3387590,V,518,455,-1
1788563871.1309,3387604,V,508,446,46377
1788563871.1309,3387612,V,512,450,-1
1788563871.1309,3387620,V,502,441,-1
1788563871.1309,3387628,V,539,474,-1
1788563871.1309,3387636,V,510,448,-1
1788563871.1309,3387644,V,517,454,-1
1788563871.1804,3387657,V,527,463,46378
1788563871.1804,3387665,V,500,439,-1
1788563871.1804,3387673,V,517,454,-1
1788563871.1804,3387681,V,494,434,-1
1788563871.1804,3387689,V,525,461,-1
1788563871.1804,3387697,V,508,446,-1
1788563871.2289,3387711,V,535,470,46379
1788563871.2289,3387719,V,538,473,-1
1788563871.2289,3387727,V,513,451,-1
1788563871.2289,3387735,V,503,442,-1
1788563871.2289,3387743,V,508,446,-1
1788563871.2289,3387751,V,533,468,-1
1788563871.3276,3387765,V,511,449,46380
1788563871.3278,3387773,V,525,461,-1
1788563871.3278,3387781,V,505,444,-1
1788563871.3278,3387789,V,524,461,-1
1788563871.3278,3387797,V,536,471,-1
1788563871.3278,3387805,V,516,454,-1
1788563871.3748,3387819,V,519,456,46381
1788563871.3749,3387827,V,524,461,-1
1788563871.3749,3387835,V,506,445,-1
1788563871.3749,3387843,V,522,459,-1
1788563871.3749,3387851,V,556,489,-1
1788563871.3749,3387859,V,494,434,-1
1788563871.4236,3387872,V,503,442,46382
1788563871.4236,3387880,V,545,479,-1
1788563871.4237,3387888,V,496,436,-1
1788563871.4237,3387896,V,526,462,-1
1788563871.4237,3387904,V,533,468,-1
1788563871.4237,3387912,V,519,456,-1
1788563871.4728,3387926,V,510,448,46383
1788563871.4728,3387934,V,533,468,-1
1788563871.4728,3387942,V,523,460,-1
1788563871.4728,3387950,V,482,424,-1
1788563871.4729,3387958,V,534,469,-1
1788563871.4729,3387966,V,503,442,-1
1788563871.5216,3387980,V,495,435,46384
1788563871.5216,3387988,V,512,450,-1
1788563871.5216,3387996,V,513,451,-1
1788563871.5216,3388004,V,518,455,-1
1788563871.5216,3388012,V,503,442,-1
1788563871.5216,3388020,V,529,465,-1
1788563871.5708,3388034,V,524,461,46385
1788563871.5710,3388042,V,534,469,-1
1788563871.5710,3388050,V,526,462,-1
1788563871.5710,3388058,V,508,446,-1
1788563871.5710,3388066,V,558,490,-1
1788563871.5710,3388074,V,491,432,-1
1788563871.6203,3388087,V,513,451,46386
1788563871.6203,3388095,V,523,460,-1
1788563871.6203,3388103,V,534,469,-1
1788563871.6203,3388111,V,522,459,-1
1788563871.6203,3388119,V,535,470,-1
1788563871.6203,3388127,V,522,459,-1
1788563871.7168,3388141,V,527,463,46387
1788563871.7168,3388149,V,507,446,-1
1788563871.7168,3388157,V,531,467,-1
1788563871.7168,3388165,V,495,435,-1
1788563871.7168,3388173,V,532,468,-1
1788563871.7168,3388181,V,510,448,-1
1788563871.7175,3388195,V,514,452,46388
1788563871.7175,3388203,V,524,461,-1
1788563871.7175,3388211,V,520,457,-1
1788563871.7175,3388219,V,522,459,-1
1788563871.7175,3388227,V,491,432,-1
1788563871.7175,3388235,V,526,462,-1
1788563871.8141,3388248,V,513,451,46389
1788563871.8142,3388256,V,514,452,-1
1788563871.8142,3388264,V,513,451,-1
1788563871.8142,3388272,V,530,466,-1
1788563871.8142,3388280,V,495,435,-1
1788563871.8143,3388288,V,534,469,-1
1788563871.8631,3388302,V,523,460,46390
1788563871.8632,3388310,V,500,439,-1
1788563871.8632,3388318,V,508,446,-1
1788563871.8632,3388326,V,499,439,-1
1788563871.8632,3388334,V,494,434,-1
1788563871.8632,3388342,V,551,484,-1
1788563871.9132,3388356,V,538,473,46391
1788563871.9132,3388364,V,530,466,-1
1788563871.9132,3388372,V,514,452,-1
1788563871.9132,3388380,V,485,426,-1
1788563871.9132,3388388,V,508,446,-1
1788563871.9132,3388396,V,540,475,-1
1788563871.9615,3388410,V,509,447,46392
1788563871.9615,3388418,V,544,478,-1
1788563871.9615,3388426,V,513,451,-1
1788563871.9616,3388434,V,510,448,-1
1788563871.9616,3388442,V,519,456,-1
1788563871.9616,3388450,V,504,443,-1
1788563872.0089,3388464,V,520,457,46393
1788563872.0090,3388472,V,506,445,-1
1788563872.0090,3388480,V,504,443,-1
1788563872.0090,3388488,V,523,460,-1
1788563872.0090,3388496,V,520,457,-1
1788563872.0090,3388504,V,495,435,-1
1788563872.0577,3388517,V,517,454,46394
1788563872.0579,3388525,V,530,466,-1
1788563872.0579,3388533,V,496,436,-1
1788563872.0579,3388541,V,491,432,-1
1788563872.0579,3388549,V,530,466,-1
1788563872.0579,3388557,V,495,435,-1
1788563872.1066,3388571,V,512,450,46395
1788563872.1067,3388579,V,512,450,-1
1788563872.1067,3388587,V,508,446,-1
1788563872.1067,3388595,V,518,455,-1
1788563872.1067,3388603,V,544,478,-1
1788563872.1067,3388611,V,513,451,-1
1788563872.1550,3388625,V,522,459,46396
1788563872.1551,3388633,V,547,481,-1
1788563872.1551,3388641,V,517,454,-1
1788563872.1551,3388649,V,504,443,-1
1788563872.1551,3388657,V,502,441,-1
1788563872.1551,3388665,V,487,428,-1
1788563872.2053,3388678,V,467,410,46397
1788563872.2053,3388686,V,511,449,-1
1788563872.2053,3388694,V,508,446,-1
1788563872.2054,3388702,V,530,466,-1
1788563872.2054,3388710,V,522,459,-1
1788563872.2054,3388718,V,522,459,-1
1788563872.2563,3388732,V,571,502,46398
1788563872.2563,3388740,V,492,432,-1
1788563872.2564,3388748,V,515,453,-1
1788563872.2564,3388756,V,524,461,-1
1788563872.2564,3388764,V,516,454,-1
1788563872.2564,3388772,V,518,455,-1
1788563872.3517,3388786,V,513,451,46399
1788563872.3518,3388794,V,496,436,-1
1788563872.3518,3388802,V,483,425,-1
1788563872.3518,3388810,V,523,460,-1
1788563872.3518,3388818,V,508,446,-1
1788563872.3518,3388826,V,522,459,-1
1788563872.4000,3388840,V,518,455,46400
1788563872.4000,3388848,V,515,453,-1
1788563872.4001,3388856,V,537,472,-1
1788563872.4001,3388864,V,506,445,-1
1788563872.4001,3388872,V,515,453,-1
1788563872.4001,3388880,V,525,461,-1
1788563872.4476,3388893,V,507,446,46401
1788563872.4476,3388901,V,505,444,-1
1788563872.4476,3388909,V,484,425,-1
1788563872.4476,3388917,V,507,446,-1
1788563872.4476,3388925,V,508,446,-1
1788563872.4476,3388933,V,492,432,-1
1788563872.4995,3388947,V,496,436,46402
1788563872.4996,3388955,V,507,446,-1
1788563872.4996,3388963,V,527,463,-1
1788563872.4996,3388971,V,515,453,-1
1788563872.4996,3388979,V,535,470,-1
1788563872.4996,3388987,V,515,453,-1
1788563872.5467,3389001,V,517,454,46403
1788563872.5467,3389009,V,504,443,-1
1788563872.5467,3389017,V,526,462,-1
1788563872.5467,3389025,V,498,438,-1
1788563872.5467,3389033,V,495,435,-1
1788563872.5468,3389041,V,504,443,-1
1788563872.5939,3389055,V,502,441,46404
1788563872.5941,3389063,V,513,451,-1
1788563872.5941,3389071,V,515,453,-1
1788563872.5941,3389079,V,527,463,-1
1788563872.5941,3389087,V,516,454,-1
1788563872.5941,3389095,V,512,450,-1
1788563872.6429,3389108,V,525,461,46405
1788563872.6430,3389116,V,517,454,-1
1788563872.6430,3389124,V,521,458,-1
1788563872.6430,3389132,V,506,445,-1
1788563872.6430,3389140,V,493,433,-1
1788563872.6430,3389148,V,523,460,-1
1788563872.6912,3389162,V,515,453,46406
1788563872.6913,3389170,V,549,483,-1
1788563872.6913,3389178,V,492,432,-1
1788563872.6913,3389186,V,471,414,-1
1788563872.6913,3389194,V,510,448,-1
1788563872.6913,3389202,V,483,425,-1
1788563872.7399,3389216,V,504,443,46407
1788563872.7399,3389224,V,503,442,-1
1788563872.7400,3389232,V,485,426,-1
1788563872.7400,3389240,V,501,440,-1
1788563872.7400,3389248,V,523,460,-1
1788563872.7400,3389256,V,510,448,-1
1788563872.7900,3389270,V,499,439,46408
1788563872.7900,3389278,V,518,455,-1
1788563872.7900,3389286,V,534,469,-1
1788563872.7900,3389294,V,527,463,-1
1788563872.7900,3389302,V,493,433,-1
1788563872.7900,3389310,V,504,443,-1
1788563872.8862,3389323,V,537,472,46409
1788563872.8863,3389331,V,518,455,-1
1788563872.8863,3389339,V,528,464,-1
1788563872.8863,3389347,V,517,454,-1
1788563872.8863,3389355,V,509,447,-1
1788563872.8863,3389363,V,516,454,-1
1788563872.9350,3389377,V,492,432,46410
1788563872.9350,3389385,V,509,447,-1
1788563872.9350,3389393,V,531,467,-1
1788563872.9350,3389401,V,540,475,-1
1788563872.9350,3389409,V,506,445,-1
1788563872.9350,3389417,V,503,442,-1
1788563872.9837,3389431,V,511,449,46411
1788563872.9837,3389439,V,540,475,-1
1788563872.9837,3389447,V,494,434,-1
1788563872.9837,3389455,V,524,461,-1
1788563872.9837,3389463,V,517,454,-1
1788563872.9838,3389471,V,507,446,-1
1788563873.0324,3389484,V,522,459,46412
1788563873.0324,3389492,V,515,453,-1
1788563873.0324,3389500,V,501,440,-1
1788563873.0324,3389508,V,512,450,-1
1788563873.0324,3389516,V,508,446,-1
1788563873.0324,3389524,V,503,442,-1
1788563873.0849,3389538,V,513,451,46413
1788563873.0849,3389546,V,509,447,-1
1788563873.0849,3389554,V,508,446,-1
1788563873.0849,3389562,V,506,445,-1
1788563873.0849,3389570,V,509,447,-1
1788563873.0849,3389578,V,529,465,-1
1788563873.1787,3389592,V,520,457,46414
1788563873.1788,3389600,V,539,474,-1
1788563873.1788,3389608,V,552,485,-1
1788563873.1788,3389616,V,507,446,-1
1788563873.1788,3389624,V,509,447,-1
1788563873.1788,3389632,V,530,466,-1
1788563873.1800,3389646,V,507,446,46415
1788563873.1801,3389654,V,484,425,-1
1788563873.1801,3389662,V,513,451,-1
1788563873.1801,3389670,V,507,446,-1
1788563873.1801,3389678,V,517,454,-1
1788563873.1801,3389686,V,509,447,-1
1788563873.2275,3389699,V,521,458,46416
1788563873.2275,3389707,V,482,424,-1
1788563873.2275,3389715,V,497,437,-1
1788563873.2275,3389723,V,526,462,-1
1788563873.2275,3389731,V,524,461,-1
1788563873.2275,3389739,V,523,460,-1
1788563873.2762,3389753,V,506,445,46417
1788563873.2762,3389761,V,518,455,-1
1788563873.2762,3389769,V,504,443,-1
1788563873.2762,3389777,V,494,434,-1
1788563873.2762,3389785,V,516,454,-1
1788563873.2762,3389793,V,530,466,-1
1788563873.3250,3389807,V,486,427,46418
1788563873.3250,3389815,V,485,426,-1
1788563873.3250,3389823,V,538,473,-1
1788563873.3250,3389831,V,521,458,-1
1788563873.3250,3389839,V,518,455,-1
1788563873.3250,3389847,V,512,450,-1
1788563873.4235,3389861,V,501,440,46419
1788563873.4236,3389869,V,524,461,-1
1788563873.4236,3389877,V,505,444,-1
1788563873.4236,3389885,V,520,457,-1
1788563873.4236,3389893,V,505,444,-1
1788563873.4236,3389901,V,506,445,-1
1788563873.4725,3389914,V,495,435,46420
1788563873.4725,3389922,V,511,449,-1
1788563873.4725,3389930,V,518,455,-1
1788563873.4726,3389938,V,501,440,-1
1788563873.4726,3389946,V,517,454,-1
1788563873.4726,3389954,V,513,451,-1
1788563873.5199,3389968,V,509,447,46421
1788563873.5200,3389976,V,508,446,-1
1788563873.5200,3389984,V,518,455,-1
1788563873.5200,3389992,V,533,468,-1
1788563873.5200,3390000,V,496,436,-1
1788563873.5200,3390008,V,514,452,-1
1788563873.5687,3390022,V,507,446,46422
1788563873.5688,3390030,V,515,453,-1
1788563873.5688,3390038,V,513,451,-1
1788563873.5688,3390046,V,561,493,-1
1788563873.5688,3390054,V,512,450,-1
1788563873.5688,3390062,V,527,463,-1
1788563873.6174,3390075,V,532,468,46423
1788563873.6174,3390083,V,500,439,-1
1788563873.6174,3390091,V,517,454,-1
1788563873.6174,3390099,V,500,439,-1
1788563873.6174,3390107,V,504,443,-1
1788563873.6174,3390115,V,500,439,-1
1788563873.6688,3390129,V,521,458,46424
1788563873.6689,3390137,V,503,442,-1
1788563873.6689,3390145,V,501,440,-1
1788563873.6689,3390153,V,510,448,-1
1788563873.6689,3390161,V,513,451,-1
1788563873.6689,3390169,V,545,479,-1
1788563873.7172,3390183,V,528,464,46425
1788563873.7172,3390191,V,541,475,-1
1788563873.7172,3390199,V,501,440,-1
1788563873.7172,3390207,V,502,441,-1
1788563873.7172,3390215,V,505,444,-1
1788563873.7172,3390223,V,555,488,-1
1788563873.8123,3390237,V,503,442,46426
1788563873.8123,3390245,V,519,456,-1
1788563873.8123,3390253,V,513,451,-1
1788563873.8123,3390261,V,507,446,-1
1788563873.8123,3390269,V,524,461,-1
1788563873.8123,3390277,V,516,454,-1
1788563873.8137,3390290,V,515,453,46427
1788563873.8137,3390298,V,508,446,-1
1788563873.8137,3390306,V,509,447,-1
1788563873.8137,3390314,V,499,439,-1
1788563873.8137,3390322,V,527,463,-1
1788563873.8137,3390330,V,540,475,-1
1788563873.8612,3390344,V,474,417,46428
1788563873.8612,3390352,V,515,453,-1
1788563873.8613,3390360,V,519,456,-1
1788563873.8613,3390368,V,506,445,-1
1788563873.8613,3390376,V,504,443,-1
1788563873.8613,3390384,V,528,464,-1
1788563873.9595,3390398,V,526,462,46429
1788563873.9596,3390406,V,513,451,-1
1788563873.9596,3390414,V,493,433,-1
1788563873.9596,3390422,V,504,443,-1
1788563873.9596,3390430,V,515,453,-1
1788563873.9596,3390438,V,537,472,-1
1788563874.0087,3390451,V,510,448,46430
1788563874.0087,3390459,V,518,455,-1
1788563874.0087,3390467,V,516,454,-1
1788563874.0087,3390475,V,549,483,-1
1788563874.0087,3390483,V,568,499,-1
1788563874.0087,3390491,V,498,438,-1
1788563874.0561,3390505,V,496,436,46431
1788563874.0561,3390513,V,512,450,-1
1788563874.0561,3390521,V,506,445,-1
1788563874.0561,3390529,V,506,445,-1
1788563874.0561,3390537,V,516,454,-1
1788563874.0561,3390545,V,531,467,-1
1788563874.1050,3390559,V,516,454,46432
1788563874.1051,3390567,V,504,443,-1
1788563874.1051,3390575,V,507,446,-1
1788563874.1051,3390583,V,493,433,-1
1788563874.1051,3390591,V,512,450,-1
1788563874.1051,3390599,V,503,442,-1
1788563874.1539,3390613,V,514,452,46433
1788563874.1540,3390621,V,521,458,-1
1788563874.1540,3390629,V,495,435,-1
1788563874.1540,3390637,V,506,445,-1
1788563874.1540,3390645,V,521,458,-1
1788563874.1540,3390653,V,518,455,-1
1788563874.2025,3390666,V,511,449,46434
1788563874.2026,3390674,V,489,430,-1
1788563874.2026,3390682,V,530,466,-1
1788563874.2026,3390690,V,527,463,-1
1788563874.2026,3390698,V,511,449,-1
1788563874.2026,3390706,V,542,476,-1
1788563874.2515,3390720,V,499,439,46435
1788563874.2516,3390728,V,494,434,-1
1788563874.2516,3390736,V,503,442,-1
1788563874.2516,3390744,V,542,476,-1
1788563874.2516,3390752,V,520,457,-1
1788563874.2516,3390760,V,512,450,-1
1788563874.3027,3390774,V,503,442,46436
1788563874.3027,3390782,V,512,450,-1
1788563874.3028,3390790,V,514,452,-1
1788563874.3028,3390798,V,539,474,-1
1788563874.3028,3390806,V,488,429,-1
1788563874.3028,3390814,V,511,449,-1
1788563874.3994,3390828,V,497,437,46437
1788563874.3995,3390836,V,503,442,-1
1788563874.3995,3390844,V,487,428,-1
1788563874.3995,3390852,V,506,445,-1
1788563874.3995,3390860,V,485,426,-1
1788563874.3995,3390868,V,529,465,-1
1788563874.4466,3390881,V,556,489,46438
1788563874.4468,3390889,V,533,468,-1
1788563874.4468,3390897,V,558,490,-1
1788563874.4468,3390905,V,550,483,-1
1788563874.4468,3390913,V,509,447,-1
1788563874.4468,3390921,V,562,494,-1
1788563874.5446,3390935,V,503,442,46439
1788563874.5447,3390943,V,481,423,-1
1788563874.5447,3390951,V,519,456,-1
1788563874.5447,3390959,V,495,435,-1
1788563874.5447,3390967,V,504,443,-1
1788563874.5447,3390975,V,529,465,-1
1788563874.5464,3390989,V,526,462,46440
1788563874.5464,3390997,V,511,449,-1
1788563874.5464,3391005,V,514,452,-1
1788563874.5464,3391013,V,504,443,-1
1788563874.5464,3391021,V,520,457,-1
1788563874.5464,3391029,V,511,449,-1
1788563874.5924,3391043,V,517,454,46441
1788563874.5925,3391051,V,528,464,-1
1788563874.5925,3391059,V,512,450,-1
1788563874.5925,3391067,V,520,457,-1
1788563874.5925,3391075,V,513,451,-1
1788563874.5925,3391083,V,484,425,-1
1788563874.6436,3391096,V,491,432,46442
1788563874.6436,3391104,V,519,456,-1
1788563874.6436,3391112,V,488,429,-1
1788563874.6436,3391120,V,480,422,-1
1788563874.6436,3391128,V,520,457,-1
1788563874.6436,3391136,V,492,432,-1
1788563874.6904,3391150,V,519,456,46443
1788563874.6906,3391158,V,508,446,-1
1788563874.6906,3391166,V,520,457,-1
1788563874.6906,3391174,V,506,445,-1
1788563874.6906,3391182,V,524,461,-1
1788563874.6906,3391190,V,500,439,-1
1788563874.7389,3391204,V,516,454,46444
1788563874.7389,3391212,V,504,443,-1
1788563874.7389,3391220,V,511,449,-1
1788563874.7389,3391228,V,515,453,-1
1788563874.7389,3391236,V,503,442,-1
1788563874.7389,3391244,V,510,448,-1
1788563874.7875,3391257,V,507,446,46445
1788563874.7875,3391265,V,515,453,-1
1788563874.7875,3391273,V,490,431,-1
1788563874.7875,3391281,V,523,460,-1
1788563874.7875,3391289,V,515,453,-1
1788563874.7875,3391297,V,492,432,-1
1788563874.8362,3391311,V,508,446,46446
1788563874.8362,3391319,V,508,446,-1
1788563874.8362,3391327,V,522,459,-1
1788563874.8362,3391335,V,536,471,-1
1788563874.8362,3391343,V,497,437,-1
1788563874.8362,3391351,V,514,452,-1
1788563874.8870,3391365,V,575,505,46447
1788563874.8870,3391373,V,510,448,-1
1788563874.8870,3391381,V,529,465,-1
1788563874.8870,3391389,V,519,456,-1
1788563874.8870,3391397,V,505,444,-1
1788563874.8870,3391405,V,525,461,-1
1788563874.9829,3391419,V,519,456,46448
1788563874.9831,3391427,V,528,464,-1
1788563874.9831,3391435,V,532,468,-1
1788563874.9831,3391443,V,500,439,-1
1788563874.9831,3391451,V,520,457,-1
1788563874.9831,3391459,V,521,458,-1
1788563875.0316,3391472,V,524,461,46449
1788563875.0316,3391480,V,503,442,-1
1788563875.0316,3391488,V,518,455,-1
1788563875.0316,3391496,V,537,472,-1
1788563875.0316,3391504,V,518,455,-1
1788563875.0316,3391512,V,489,430,-1
1788563875.0805,3391526,V,509,447,46450
1788563875.0805,3391534,V,513,451,-1
1788563875.0805,3391542,V,499,439,-1
1788563875.0805,3391550,V,512,450,-1
1788563875.0805,3391558,V,534,469,-1
1788563875.0805,3391566,V,516,454,-1
1788563875.1289,3391580,V,517,454,46451
1788563875.1289,3391588,V,507,446,-1
1788563875.1289,3391596,V,520,457,-1
1788563875.1289,3391604,V,497,437,-1
1788563875.1289,3391612,V,514,452,-1
1788563875.1289,3391620,V,499,439,-1
1788563875.2267,3391634,V,509,447,46452
1788563875.2268,3391642,V,502,441,-1
1788563875.2268,3391650,V,475,417,-1
1788563875.2268,3391658,V,525,461,-1
1788563875.2268,3391666,V,523,460,-1
1788563875.2269,3391674,V,518,455,-1
1788563875.2282,3391687,V,504,443,46453
1788563875.2282,3391695,V,527,463,-1
1788563875.2282,3391703,V,533,468,-1
1788563875.2282,3391711,V,523,460,-1
1788563875.2282,3391719,V,496,436,-1
1788563875.2282,3391727,V,542,476,-1
1788563875.2757,3391741,V,518,455,46454
1788563875.2757,3391749,V,495,435,-1
1788563875.2757,3391757,V,498,438,-1
1788563875.2758,3391765,V,499,439,-1
1788563875.2758,3391773,V,548,482,-1
1788563875.2758,3391781,V,511,449,-1
1788563875.3730,3391795,V,528,464,46455
1788563875.3731,3391803,V,563,495,-1
1788563875.3731,3391811,V,524,461,-1
1788563875.3731,3391819,V,503,442,-1
1788563875.3731,3391827,V,538,473,-1
1788563875.3731,3391835,V,517,454,-1
1788563875.3740,3391848,V,517,454,46456
1788563875.3740,3391856,V,507,446,-1
1788563875.3740,3391864,V,509,447,-1
1788563875.3740,3391872,V,521,458,-1
1788563875.3740,3391880,V,528,464,-1
1788563875.3740,3391888,V,502,441,-1
1788563875.4233,3391902,V,527,463,46457
1788563875.4233,3391910,V,521,458,-1
1788563875.4233,3391918,V,517,454,-1
1788563875.4234,3391926,V,520,457,-1
1788563875.4234,3391934,V,519,456,-1
1788563875.4234,3391942,V,524,461,-1
1788563875.5680,3391956,V,526,462,46458
1788563875.5682,3391964,V,496,436,-1
1788563875.5682,3391972,V,524,461,-1
1788563875.5682,3391980,V,533,468,-1
1788563875.5682,3391988,V,499,439,-1
1788563875.5682,3391996,V,509,447,-1
1788563875.5690,3392010,V,486,427,46459
1788563875.5690,3392018,V,545,479,-1
1788563875.5691,3392026,V,521,458,-1
1788563875.5691,3392034,V,548,482,-1
1788563875.5691,3392042,V,505,444,-1
1788563875.5691,3392050,V,541,475,-1
1788563875.6166,3392063,V,535,470,46460
1788563875.6167,3392071,V,516,454,-1
1788563875.6167,3392079,V,505,444,-1
1788563875.6167,3392087,V,516,454,-1
1788563875.6167,3392095,V,521,458,-1
1788563875.6167,3392103,V,556,489,-1
1788563875.6654,3392117,V,524,461,46461
1788563875.6654,3392125,V,487,428,-1
1788563875.6654,3392133,V,514,452,-1
1788563875.6654,3392141,V,523,460,-1
1788563875.6654,3392149,V,557,490,-1
1788563875.6654,3392157,V,506,445,-1
1788563875.7140,3392171,V,515,453,46462
1788563875.7140,3392179,V,514,452,-1
1788563875.7140,3392187,V,518,455,-1
1788563875.7140,3392195,V,501,440,-1
1788563875.7140,3392203,V,511,449,-1
1788563875.7140,3392211,V,499,439,-1
1788563875.7640,3392224,V,502,441,46463
1788563875.7640,3392232,V,509,447,-1
1788563875.7640,3392240,V,552,485,-1
1788563875.7640,3392248,V,528,464,-1
1788563875.7640,3392256,V,506,445,-1
1788563875.7640,3392264,V,510,448,-1
1788563875.8111,3392278,V,515,453,46464
1788563875.8113,3392286,V,515,453,-1
1788563875.8113,3392294,V,523,460,-1
1788563875.8113,3392302,V,498,438,-1
1788563875.8113,3392310,V,517,454,-1
1788563875.8113,3392318,V,489,430,-1
1788563875.9092,3392332,V,533,468,46465
1788563875.9093,3392340,V,532,468,-1
1788563875.9093,3392348,V,498,438,-1
1788563875.9093,3392356,V,504,443,-1
1788563875.9093,3392364,V,508,446,-1
1788563875.9093,3392372,V,522,459,-1
1788563875.9103,3392386,V,536,471,46466
1788563875.9103,3392394,V,502,441,-1
1788563875.9103,3392402,V,505,444,-1
1788563875.9103,3392410,V,494,434,-1
1788563875.9103,3392418,V,517,454,-1
1788563875.9104,3392426,V,526,462,-1
1788563875.9578,3392439,V,528,464,46467
1788563875.9579,3392447,V,508,446,-1
1788563875.9579,3392455,V,505,444,-1
1788563875.9579,3392463,V,526,462,-1
1788563875.9579,3392471,V,507,446,-1
1788563875.9579,3392479,V,523,460,-1
1788563876.0550,3392493,V,527,463,46468
1788563876.0551,3392501,V,537,472,-1
1788563876.0551,3392509,V,493,433,-1
1788563876.0551,3392517,V,529,465,-1
1788563876.0551,3392525,V,505,444,-1
1788563876.0551,3392533,V,521,458,-1
1788563876.1538,3392547,V,521,458,46469
1788563876.1538,3392555,V,527,463,-1
1788563876.1538,3392563,V,501,440,-1
1788563876.1538,3392571,V,522,459,-1
1788563876.1538,3392579,V,502,441,-1
1788563876.1538,3392587,V,516,454,-1
1788563876.1539,3392601,V,534,469,46470
1788563876.1539,3392609,V,488,429,-1
1788563876.1539,3392617,V,512,450,-1
1788563876.1539,3392625,V,512,450,-1
1788563876.1539,3392633,V,506,445,-1
1788563876.1539,3392641,V,522,459,-1
1788563876.2009,3392654,V,535,470,46471
1788563876.2009,3392662,V,523,460,-1
1788563876.2009,3392670,V,510,448,-1
1788563876.2009,3392678,V,556,489,-1
1788563876.2009,3392686,V,514,452,-1
1788563876.2009,3392694,V,529,465,-1
1788563876.2501,3392708,V,505,444,46472
1788563876.2501,3392716,V,500,439,-1
1788563876.2501,3392724,V,511,449,-1
1788563876.2501,3392732,V,519,456,-1
1788563876.2501,3392740,V,493,433,-1
1788563876.2501,3392748,V,543,477,-1
1788563876.2987,3392762,V,539,474,46473
1788563876.2988,3392770,V,527,463,-1
1788563876.2988,3392778,V,531,467,-1
1788563876.2988,3392786,V,505,444,-1
1788563876.2988,3392794,V,519,456,-1
1788563876.2988,3392802,V,495,435,-1
1788563876.3477,3392815,V,510,448,46474
1788563876.3477,3392823,V,512,450,-1
1788563876.3477,3392831,V,510,448,-1
1788563876.3478,3392839,V,503,442,-1
1788563876.3478,3392847,V,526,462,-1
1788563876.3478,3392855,V,495,435,-1
1788563876.4468,3392869,V,520,457,46475
1788563876.4468,3392877,V,520,457,-1
1788563876.4468,3392885,V,549,483,-1
1788563876.4468,3392893,V,536,471,-1
1788563876.4468,3392901,V,498,438,-1
1788563876.4468,3392909,V,531,467,-1
1788563876.4470,3392923,V,519,456,46476
1788563876.4470,3392931,V,526,462,-1
1788563876.4470,3392939,V,513,451,-1
1788563876.4470,3392947,V,543,477,-1
1788563876.4470,3392955,V,515,453,-1
1788563876.4470,3392963,V,503,442,-1
1788563876.4937,3392977,V,514,452,46477
1788563876.4937,3392985,V,504,443,-1
1788563876.4938,3392993,V,506,445,-1
1788563876.4938,3393001,V,514,452,-1
1788563876.4938,3393009,V,499,439,-1
1788563876.4938,3393017,V,482,424,-1
1788563876.5912,3393030,V,518,455,46478
1788563876.5913,3393038,V,545,479,-1
1788563876.5914,3393046,V,512,450,-1
1788563876.5914,3393054,V,511,449,-1
1788563876.5914,3393062,V,493,433,-1
1788563876.5914,3393070,V,504,443,-1
1788563876.6401,3393084,V,519,456,46479
1788563876.6401,3393092,V,500,439,-1
1788563876.6401,3393100,V,495,435,-1
1788563876.6401,3393108,V,518,455,-1
1788563876.6401,3393116,V,543,477,-1
1788563876.6401,3393124,V,537,472,-1
1788563876.6903,3393138,V,532,468,46480
1788563876.6904,3393146,V,521,458,-1
1788563876.6904,3393154,V,522,459,-1
1788563876.6904,3393162,V,507,446,-1
1788563876.6904,3393170,V,530,466,-1
1788563876.6905,3393178,V,510,448,-1
1788563876.7395,3393192,V,505,444,46481
1788563876.7396,3393200,V,536,471,-1
1788563876.7396,3393208,V,528,464,-1
1788563876.7396,3393216,V,509,447,-1
1788563876.7396,3393224,V,495,435,-1
1788563876.7396,3393232,V,507,446,-1
1788563876.8352,3393245,V,511,449,46482
1788563876.8353,3393253,V,517,454,-1
1788563876.8353,3393261,V,515,453,-1
1788563876.8353,3393269,V,512,450,-1
1788563876.8353,3393277,V,519,456,-1
1788563876.8353,3393285,V,493,433,-1
1788563876.8369,3393299,V,529,465,46483
1788563876.8369,3393307,V,526,462,-1
1788563876.8369,3393315,V,540,475,-1
1788563876.8369,3393323,V,508,446,-1
1788563876.8369,3393331,V,517,454,-1
1788563876.8369,3393339,V,512,450,-1
1788563876.8838,3393353,V,521,458,46484
1788563876.8838,3393361,V,520,457,-1
1788563876.8839,3393369,V,504,443,-1
1788563876.8839,3393377,V,507,446,-1
1788563876.8839,3393385,V,522,459,-1
1788563876.8839,3393393,V,501,440,-1
1788563876.9325,3393407,V,497,437,46485
1788563876.9325,3393415,V,524,461,-1
1788563876.9326,3393423,V,516,454,-1
1788563876.9326,3393431,V,515,453,-1
1788563876.9326,3393439,V,508,446,-1
1788563876.9326,3393447,V,532,468,-1
1788563876.9828,3393460,V,515,453,46486
1788563876.9828,3393468,V,514,452,-1
1788563876.9828,3393476,V,514,452,-1
1788563876.9828,3393484,V,542,476,-1
1788563876.9828,3393492,V,523,460,-1
1788563876.9828,3393500,V,523,460,-1
1788563877.0788,3393514,V,510,448,46487
1788563877.0789,3393522,V,512,450,-1
1788563877.0789,3393530,V,515,453,-1
1788563877.0789,3393538,V,503,442,-1
1788563877.0789,3393546,V,499,439,-1
1788563877.0789,3393554,V,561,493,-1
1788563877.1277,3393568,V,515,453,46488
1788563877.1277,3393576,V,514,452,-1
1788563877.1277,3393584,V,513,451,-1
1788563877.1277,3393592,V,521,458,-1
1788563877.1277,3393600,V,509,447,-1
1788563877.1277,3393608,V,521,458,-1
1788563877.1763,3393622,V,511,449,46489
1788563877.1763,3393630,V,504,443,-1
1788563877.1763,3393638,V,508,446,-1
1788563877.1763,3393646,V,522,459,-1
1788563877.1763,3393654,V,517,454,-1
1788563877.1763,3393662,V,501,440,-1
1788563877.2250,3393675,V,506,445,46490
1788563877.2250,3393683,V,519,456,-1
1788563877.2250,3393691,V,498,438,-1
1788563877.2250,3393699,V,510,448,-1
1788563877.2251,3393707,V,514,452,-1
1788563877.2251,3393715,V,514,452,-1
1788563877.2755,3393729,V,514,452,46491
1788563877.2755,3393737,V,500,439,-1
1788563877.2755,3393745,V,532,468,-1
1788563877.2755,3393753,V,518,455,-1
1788563877.2755,3393761,V,518,455,-1
1788563877.2756,3393769,V,493,433,-1
1788563877.3243,3393783,V,511,449,46492
1788563877.3244,3393791,V,491,432,-1
1788563877.3244,3393799,V,520,457,-1
1788563877.3244,3393807,V,510,448,-1
1788563877.3244,3393815,V,518,455,-1
1788563877.3244,3393823,V,521,458,-1
1788563877.3709,3393836,V,524,461,46493
1788563877.3710,3393844,V,510,448,-1
1788563877.3710,3393852,V,516,454,-1
1788563877.3710,3393860,V,504,443,-1
1788563877.3710,3393868,V,532,468,-1
1788563877.3710,3393876,V,499,439,-1
1788563877.4215,3393890,V,512,450,46494
1788563877.4215,3393898,V,520,457,-1
1788563877.4215,3393906,V,508,446,-1
1788563877.4216,3393914,V,507,446,-1
1788563877.4216,3393922,V,524,461,-1
1788563877.4216,3393930,V,514,452,-1
1788563877.4688,3393944,V,518,455,46495
1788563877.4689,3393952,V,529,465,-1
1788563877.4689,3393960,V,541,475,-1
1788563877.4689,3393968,V,524,461,-1
1788563877.4689,3393976,V,508,446,-1
1788563877.4689,3393984,V,500,439,-1
1788563877.5186,3393998,V,534,469,46496
1788563877.5187,3394006,V,491,432,-1
1788563877.5187,3394014,V,529,465,-1
1788563877.5187,3394022,V,509,447,-1
1788563877.5187,3394030,V,509,447,-1
1788563877.5187,3394038,V,477,419,-1
1788563877.6162,3394051,V,516,454,46497
1788563877.6163,3394059,V,500,439,-1
1788563877.6163,3394067,V,518,455,-1
1788563877.6163,3394075,V,524,461,-1
1788563877.6163,3394083,V,539,474,-1
1788563877.6163,3394091,V,539,474,-1
1788563877.6652,3394105,V,514,452,46498
1788563877.6652,3394113,V,541,475,-1
1788563877.6652,3394121,V,513,451,-1
1788563877.6652,3394129,V,497,437,-1
1788563877.6652,3394137,V,498,438,-1
1788563877.6652,3394145,V,513,451,-1
1788563877.7137,3394159,V,509,447,46499
1788563877.7137,3394167,V,504,443,-1
1788563877.7137,3394175,V,538,473,-1
1788563877.7137,3394183,V,495,435,-1
1788563877.7137,3394191,V,514,452,-1
1788563877.7137,3394199,V,503,442,-1
1788563877.7624,3394212,V,520,457,46500
1788563877.7624,3394220,V,514,452,-1
1788563877.7624,3394228,V,512,450,-1
1788563877.7624,3394236,V,504,443,-1
1788563877.7624,3394244,V,514,452,-1
1788563877.7624,3394252,V,491,432,-1
1788563877.8616,3394266,V,496,436,46501
1788563877.8618,3394274,V,502,441,-1
1788563877.8618,3394282,V,533,468,-1
1788563877.8618,3394290,V,535,470,-1
1788563877.8618,3394298,V,510,448,-1
1788563877.8619,3394306,V,534,469,-1
1788563877.8620,3394320,V,501,440,46502
1788563877.8621,3394328,V,507,446,-1
1788563877.8621,3394336,V,486,427,-1
1788563877.8621,3394344,V,495,435,-1
1788563877.8621,3394352,V,533,468,-1
1788563877.8621,3394360,V,486,427,-1
1788563877.9084,3394374,V,525,461,46503
1788563877.9084,3394382,V,530,466,-1
1788563877.9084,3394390,V,496,436,-1
1788563877.9084,3394398,V,505,444,-1
1788563877.9084,3394406,V,505,444,-1
1788563877.9084,3394414,V,498,438,-1
1788563878.0056,3394427,V,519,456,46504
1788563878.0057,3394435,V,583,512,-1
1788563878.0057,3394443,V,525,461,-1
1788563878.0057,3394451,V,492,432,-1
1788563878.0057,3394459,V,510,448,-1
1788563878.0057,3394467,V,530,466,-1
1788563878.0065,3394481,V,521,458,46505
1788563878.0065,3394489,V,496,436,-1
1788563878.0065,3394497,V,519,456,-1
1788563878.0065,3394505,V,506,445,-1
1788563878.0065,3394513,V,513,451,-1
1788563878.0065,3394521,V,531,467,-1
1788563878.0540,3394535,V,485,426,46506
1788563878.0541,3394543,V,498,438,-1
1788563878.0541,3394551,V,513,451,-1
1788563878.0541,3394559,V,532,468,-1
1788563878.0541,3394567,V,499,439,-1
1788563878.0541,3394575,V,528,464,-1
1788563878.1513,3394589,V,517,454,46507
1788563878.1515,3394597,V,538,473,-1
1788563878.1515,3394605,V,494,434,-1
1788563878.1515,3394613,V,522,459,-1
1788563878.1515,3394621,V,523,460,-1
1788563878.1515,3394629,V,528,464,-1
1788563878.2023,3394642,V,514,452,46508
1788563878.2024,3394650,V,529,465,-1
1788563878.2024,3394658,V,514,452,-1
1788563878.2024,3394666,V,486,427,-1
1788563878.2024,3394674,V,535,470,-1
1788563878.2024,3394682,V,513,451,-1
1788563878.2502,3394696,V,504,443,46509
1788563878.2502,3394704,V,493,433,-1
1788563878.2502,3394712,V,493,433,-1
1788563878.2502,3394720,V,517,454,-1
1788563878.2502,3394728,V,515,453,-1
1788563878.2502,3394736,V,501,440,-1
1788563878.2985,3394750,V,526,462,46510
1788563878.2986,3394758,V,529,465,-1
1788563878.2986,3394766,V,538,473,-1
1788563878.2986,3394774,V,513,451,-1
1788563878.2986,3394782,V,506,445,-1
1788563878.2986,3394790,V,502,441,-1
1788563878.3474,3394804,V,523,460,46511
1788563878.3474,3394812,V,503,442,-1
1788563878.3474,3394820,V,522,459,-1
1788563878.3474,3394828,V,494,434,-1
1788563878.3474,3394836,V,521,458,-1
1788563878.3474,3394844,V,503,442,-1
1788563878.3965,3394857,V,514,452,46512
1788563878.3967,3394865,V,529,465,-1
1788563878.3967,3394873,V,577,507,-1
1788563878.3968,3394881,V,524,461,-1
1788563878.3968,3394889,V,550,483,-1
1788563878.3968,3394897,V,515,453,-1
1788563878.4459,3394911,V,504,443,46513
1788563878.4459,3394919,V,512,450,-1
1788563878.4459,3394927,V,515,453,-1
1788563878.4459,3394935,V,496,436,-1
1788563878.4459,3394943,V,523,460,-1
1788563878.4460,3394951,V,508,446,-1
1788563878.4947,3394965,V,533,468,46514
1788563878.4948,3394973,V,519,456,-1
1788563878.4948,3394981,V,517,454,-1
1788563878.4948,3394989,V,512,450,-1
1788563878.4948,3394997,V,502,441,-1
1788563878.4948,3395005,V,491,432,-1
1788563878.5429,3395018,V,535,470,46515
1788563878.5429,3395026,V,498,438,-1
1788563878.5429,3395034,V,501,440,-1
1788563878.5429,3395042,V,524,461,-1
1788563878.5429,3395050,V,497,437,-1
1788563878.5429,3395058,V,510,448,-1
1788563878.5903,3395072,V,521,458,46516
1788563878.5903,3395080,V,523,460,-1
1788563878.5903,3395088,V,501,440,-1
1788563878.5903,3395096,V,504,443,-1
1788563878.5904,3395104,V,505,444,-1
1788563878.5904,3395112,V,517,454,-1
1788563878.6879,3395126,V,513,451,46517
1788563878.6880,3395134,V,498,438,-1
1788563878.6880,3395142,V,517,454,-1
1788563878.6880,3395150,V,508,446,-1
1788563878.6880,3395158,V,516,454,-1
1788563878.6880,3395166,V,534,469,-1
1788563878.7368,3395180,V,522,459,46518
1788563878.7369,3395188,V,526,462,-1
1788563878.7369,3395196,V,521,458,-1
1788563878.7369,3395204,V,514,452,-1
1788563878.7369,3395212,V,518,455,-1
1788563878.7369,3395220,V,532,468,-1
1788563878.8831,3395233,V,494,434,46519
1788563878.8832,3395241,V,529,465,-1
1788563878.8832,3395249,V,507,446,-1
1788563878.8832,3395257,V,498,438,-1
1788563878.8832,3395265,V,498,438,-1
1788563878.8832,3395273,V,515,453,-1
1788563878.8841,3395287,V,501,440,46520
1788563878.8841,3395295,V,515,453,-1
1788563878.8841,3395303,V,535,470,-1
1788563878.8841,3395311,V,571,502,-1
1788563878.8841,3395319,V,525,461,-1
1788563878.8841,3395327,V,534,469,-1
1788563878.8845,3395341,V,523,460,46521
1788563878.8845,3395349,V,513,451,-1
1788563878.8845,3395357,V,496,436,-1
1788563878.8845,3395365,V,501,440,-1
1788563878.8845,3395373,V,506,445,-1
1788563878.8845,3395381,V,523,460,-1
1788563879.0798,3395394,V,512,450,46522
1788563879.0801,3395402,V,531,467,-1
1788563879.0801,3395410,V,548,482,-1
1788563879.0801,3395418,V,512,450,-1
1788563879.0801,3395426,V,532,468,-1
1788563879.0801,3395434,V,503,442,-1
1788563879.0804,3395448,V,505,444,46523
1788563879.0804,3395456,V,530,466,-1
1788563879.0804,3395464,V,513,451,-1
1788563879.0805,3395472,V,525,461,-1
1788563879.0805,3395480,V,518,455,-1
1788563879.0805,3395488,V,536,471,-1
1788563879.0807,3395502,V,510,448,46524
1788563879.0807,3395510,V,503,442,-1
1788563879.0807,3395518,V,493,433,-1
1788563879.0808,3395526,V,518,455,-1
1788563879.0808,3395534,V,522,459,-1
1788563879.0808,3395542,V,512,450,-1
1788563879.1288,3395555,V,550,483,46525
1788563879.1288,3395563,V,529,465,-1
1788563879.1288,3395571,V,504,443,-1
1788563879.1288,3395579,V,495,435,-1
1788563879.1288,3395587,V,528,464,-1
1788563879.1289,3395595,V,519,456,-1
1788563879.1294,3395609,V,524,461,46526
1788563879.1294,3395617,V,513,451,-1
1788563879.1294,3395625,V,531,467,-1
1788563879.1295,3395633,V,512,450,-1
1788563879.1295,3395641,V,496,436,-1
1788563879.1295,3395649,V,540,475,-1
1788563879.2251,3395663,V,540,475,46527
1788563879.2251,3395671,V,497,437,-1
1788563879.2251,3395679,V,522,459,-1
1788563879.2251,3395687,V,511,449,-1
1788563879.2251,3395695,V,507,446,-1
1788563879.2251,3395703,V,512,450,-1
1788563879.2736,3395716,V,544,478,46528
1788563879.2736,3395724,V,551,484,-1
1788563879.2736,3395732,V,510,448,-1
1788563879.2736,3395740,V,493,433,-1
1788563879.2736,3395748,V,518,455,-1
1788563879.2736,3395756,V,509,447,-1
1788563879.3222,3395770,V,516,454,46529
1788563879.3224,3395778,V,505,444,-1
1788563879.3224,3395786,V,513,451,-1
1788563879.3224,3395794,V,502,441,-1
1788563879.3224,3395802,V,513,451,-1
1788563879.3224,3395810,V,546,480,-1
1788563879.3718,3395824,V,506,445,46530
1788563879.3718,3395832,V,500,439,-1
1788563879.3719,3395840,V,514,452,-1
1788563879.3719,3395848,V,513,451,-1
1788563879.3719,3395856,V,526,462,-1
1788563879.3719,3395864,V,489,430,-1
1788563879.4225,3395878,V,495,435,46531
1788563879.4225,3395886,V,502,441,-1
1788563879.4225,3395894,V,522,459,-1
1788563879.4225,3395902,V,510,448,-1
1788563879.4225,3395910,V,508,446,-1
1788563879.4225,3395918,V,534,469,-1
1788563879.4686,3395931,V,528,464,46532
1788563879.4687,3395939,V,523,460,-1
1788563879.4687,3395947,V,502,441,-1
1788563879.4687,3395955,V,534,469,-1
1788563879.4687,3395963,V,531,467,-1
1788563879.4687,3395971,V,508,446,-1
1788563879.5175,3395985,V,513,451,46533
1788563879.5176,3395993,V,486,427,-1
1788563879.5176,3396001,V,503,442,-1
1788563879.5176,3396009,V,503,442,-1
1788563879.5176,3396017,V,534,469,-1
1788563879.5176,3396025,V,533,468,-1
1788563879.5653,3396039,V,504,443,46534
1788563879.5655,3396047,V,505,444,-1
1788563879.5655,3396055,V,528,464,-1
1788563879.5655,3396063,V,521,458,-1
1788563879.5655,3396071,V,536,471,-1
1788563879.5655,3396079,V,527,463,-1
1788563879.6145,3396093,V,519,456,46535
1788563879.6145,3396101,V,508,446,-1
1788563879.6145,3396109,V,526,462,-1
1788563879.6145,3396117,V,500,439,-1
1788563879.6145,3396125,V,487,428,-1
1788563879.6146,3396133,V,513,451,-1
1788563879.7123,3396146,V,533,468,46536
1788563879.7123,3396154,V,509,447,-1
1788563879.7124,3396162,V,522,459,-1
1788563879.7124,3396170,V,540,475,-1
1788563879.7125,3396178,V,517,454,-1
1788563879.7125,3396186,V,526,462,-1
1788563879.7602,3396200,V,499,439,46537
1788563879.7602,3396208,V,530,466,-1
1788563879.7602,3396216,V,515,453,-1
1788563879.7602,3396224,V,524,461,-1
1788563879.7602,3396232,V,512,450,-1
1788563879.7602,3396240,V,517,454,-1
1788563879.8089,3396254,V,524,461,46538
1788563879.8090,3396262,V,490,431,-1
1788563879.8090,3396270,V,486,427,-1
1788563879.8090,3396278,V,518,455,-1
1788563879.8090,3396286,V,511,449,-1
1788563879.8090,3396294,V,492,432,-1
1788563879.9064,3396308,V,518,455,46539
1788563879.9065,3396316,V,516,454,-1
1788563879.9065,3396324,V,524,461,-1
1788563879.9065,3396332,V,522,459,-1
1788563879.9065,3396340,V,508,446,-1
1788563879.9065,3396348,V,500,439,-1
1788563879.9075,3396361,V,532,468,46540
1788563879.9076,3396369,V,504,443,-1
1788563879.9076,3396377,V,505,444,-1
1788563879.9076,3396385,V,522,459,-1
1788563879.9076,3396393,V,522,459,-1
1788563879.9076,3396401,V,533,468,-1
1788563879.9553,3396415,V,511,449,46541
1788563879.9553,3396423,V,501,440,-1
1788563879.9553,3396431,V,511,449,-1
1788563879.9553,3396439,V,510,448,-1
1788563879.9553,3396447,V,508,446,-1
1788563879.9553,3396455,V,525,461,-1
1788563880.0054,3396469,V,554,487,46542
1788563880.0055,3396477,V,517,454,-1
1788563880.0055,3396485,V,487,428,-1
1788563880.0055,3396493,V,536,471,-1
1788563880.0055,3396501,V,506,445,-1
1788563880.0055,3396509,V,508,446,-1
1788563880.1014,3396523,V,538,473,46543
1788563880.1015,3396531,V,510,448,-1
1788563880.1015,3396539,V,518,455,-1
1788563880.1015,3396547,V,506,445,-1
1788563880.1016,3396555,V,497,437,-1
1788563880.1016,3396563,V,514,452,-1
1788563880.1028,3396576,V,515,453,46544
1788563880.1028,3396584,V,498,438,-1
1788563880.1028,3396592,V,504,443,-1
1788563880.1028,3396600,V,536,471,-1
1788563880.1028,3396608,V,492,432,-1
1788563880.1028,3396616,V,517,454,-1
1788563880.1511,3396630,V,570,501,46545
1788563880.1511,3396638,V,516,454,-1
1788563880.1511,3396646,V,514,452,-1
1788563880.1511,3396654,V,524,461,-1
1788563880.1512,3396662,V,498,438,-1
1788563880.1512,3396670,V,529,465,-1
1788563880.2477,3396684,V,505,444,46546
1788563880.2477,3396692,V,504,443,-1
1788563880.2477,3396700,V,525,461,-1
1788563880.2477,3396708,V,500,439,-1
1788563880.2477,3396716,V,530,466,-1
1788563880.2477,3396724,V,502,441,-1
1788563880.2972,3396738,V,502,441,46547
1788563880.2972,3396746,V,517,454,-1
1788563880.2972,3396754,V,528,464,-1
1788563880.2972,3396762,V,488,429,-1
1788563880.2972,3396770,V,505,444,-1
1788563880.2972,3396778,V,520,457,-1
1788563880.3490,3396791,V,539,474,46548
1788563880.3491,3396799,V,539,474,-1
1788563880.3491,3396807,V,525,461,-1
1788563880.3491,3396815,V,493,433,-1
1788563880.3491,3396823,V,522,459,-1
1788563880.3491,3396831,V,518,455,-1
1788563880.4451,3396845,V,523,460,46549
1788563880.4451,3396853,V,514,452,-1
1788563880.4451,3396861,V,499,439,-1
1788563880.4451,3396869,V,536,471,-1
1788563880.4451,3396877,V,513,451,-1
1788563880.4451,3396885,V,502,441,-1
1788563880.4454,3396899,V,513,451,46550
1788563880.4455,3396907,V,544,478,-1
1788563880.4455,3396915,V,534,469,-1
1788563880.4455,3396923,V,505,444,-1
1788563880.4455,3396931,V,515,453,-1
1788563880.4455,3396939,V,501,440,-1
1788563880.4922,3396953,V,506,445,46551
1788563880.4922,3396961,V,519,456,-1
1788563880.4922,3396969,V,517,454,-1
1788563880.4922,3396977,V,550,483,-1
1788563880.4923,3396985,V,488,429,-1
1788563880.4923,3396993,V,513,451,-1
1788563880.5401,3397006,V,513,451,46552
1788563880.5402,3397014,V,515,453,-1
1788563880.5402,3397022,V,514,452,-1
1788563880.5403,3397030,V,512,450,-1
1788563880.5403,3397038,V,526,462,-1
1788563880.5403,3397046,V,501,440,-1
1788563880.5905,3397060,V,530,466,46553
1788563880.5906,3397068,V,569,500,-1
1788563880.5906,3397076,V,509,447,-1
1788563880.5906,3397084,V,516,454,-1
1788563880.5906,3397092,V,504,443,-1
1788563880.5906,3397100,V,530,466,-1
1788563880.6394,3397114,V,537,472,46554
1788563880.6395,3397122,V,515,453,-1
1788563880.6395,3397130,V,497,437,-1
1788563880.6395,3397138,V,519,456,-1
1788563880.6395,3397146,V,488,429,-1
1788563880.6395,3397154,V,508,446,-1
1788563880.6862,3397168,V,498,438,46555
1788563880.6862,3397176,V,502,441,-1
1788563880.6862,3397184,V,497,437,-1
1788563880.6862,3397192,V,526,462,-1
1788563880.6862,3397200,V,514,452,-1
1788563880.6863,3397208,V,510,448,-1
1788563880.7838,3397221,V,520,457,46556
1788563880.7839,3397229,V,505,444,-1
1788563880.7839,3397237,V,528,464,-1
1788563880.7839,3397245,V,504,443,-1
1788563880.7839,3397253,V,504,443,-1
1788563880.7839,3397261,V,509,447,-1
1788563880.8325,3397275,V,543,477,46557
1788563880.8326,3397283,V,510,448,-1
1788563880.8326,3397291,V,504,443,-1
1788563880.8326,3397299,V,532,468,-1
1788563880.8327,3397307,V,530,466,-1
1788563880.8327,3397315,V,514,452,-1
1788563880.8831,3397329,V,521,458,46558
1788563880.8832,3397337,V,518,455,-1
1788563880.8832,3397345,V,518,455,-1
1788563880.8833,3397353,V,501,440,-1
1788563880.8833,3397361,V,512,450,-1
1788563880.8833,3397369,V,518,455,-1
1788563880.9310,3397383,V,530,466,46559
1788563880.9310,3397391,V,509,447,-1
1788563880.9310,3397399,V,534,469,-1
1788563880.9310,3397407,V,534,469,-1
1788563880.9310,3397415,V,515,453,-1
1788563880.9310,3397423,V,513,451,-1
1788563880.9787,3397436,V,495,435,46560
1788563880.9788,3397444,V,494,434,-1
1788563880.9788,3397452,V,540,475,-1
1788563880.9788,3397460,V,505,444,-1
1788563880.9788,3397468,V,542,476,-1
1788563880.9788,3397476,V,506,445,-1
1788563881.0273,3397490,V,539,474,46561
1788563881.0273,3397498,V,499,439,-1
1788563881.0273,3397506,V,484,425,-1
1788563881.0273,3397514,V,528,464,-1
1788563881.0273,3397522,V,494,434,-1
1788563881.0273,3397530,V,504,443,-1
1788563881.0762,3397544,V,488,429,46562
1788563881.0762,3397552,V,483,425,-1
1788563881.0762,3397560,V,501,440,-1
1788563881.0762,3397568,V,524,461,-1
1788563881.0762,3397576,V,498,438,-1
1788563881.0762,3397584,V,528,464,-1
1788563881.1250,3397598,V,522,459,46563
1788563881.1250,3397606,V,507,446,-1
1788563881.1250,3397614,V,528,464,-1
1788563881.1250,3397622,V,510,448,-1
1788563881.1250,3397630,V,500,439,-1
1788563881.1250,3397638,V,526,462,-1
1788563881.1755,3397651,V,519,456,46564
1788563881.1755,3397659,V,504,443,-1
1788563881.1755,3397667,V,533,468,-1
1788563881.1755,3397675,V,509,447,-1
1788563881.1755,3397683,V,509,447,-1
1788563881.1755,3397691,V,520,457,-1
1788563881.2236,3397705,V,522,459,46565
1788563881.2236,3397713,V,510,448,-1
1788563881.2236,3397721,V,527,463,-1
1788563881.2237,3397729,V,535,470,-1
1788563881.2237,3397737,V,523,460,-1
1788563881.2237,3397745,V,518,455,-1
1788563881.3206,3397759,V,519,456,46566
1788563881.3207,3397767,V,536,471,-1
1788563881.3207,3397775,V,519,456,-1
1788563881.3207,3397783,V,529,465,-1
1788563881.3207,3397791,V,500,439,-1
1788563881.3208,3397799,V,517,454,-1
1788563881.3692,3397813,V,516,454,46567
1788563881.3692,3397821,V,520,457,-1
1788563881.3692,3397829,V,510,448,-1
1788563881.3693,3397837,V,508,446,-1
1788563881.3693,3397845,V,524,461,-1
1788563881.3693,3397853,V,498,438,-1
1788563881.4179,3397866,V,511,449,46568
1788563881.4179,3397874,V,500,439,-1
1788563881.4179,3397882,V,510,448,-1
1788563881.4179,3397890,V,512,450,-1
1788563881.4179,3397898,V,520,457,-1
1788563881.4179,3397906,V,516,454,-1
1788563881.4677,3397920,V,511,449,46569
1788563881.4678,3397928,V,537,472,-1
1788563881.4678,3397936,V,527,463,-1
1788563881.4678,3397944,V,499,439,-1
1788563881.4692,3397952,V,533,468,-1
1788563881.4692,3397960,V,532,468,-1
1788563881.5152,3397974,V,492,432,46570
1788563881.5153,3397982,V,514,452,-1
1788563881.5153,3397990,V,533,468,-1
1788563881.5153,3397998,V,528,464,-1
1788563881.5153,3398006,V,485,426,-1
1788563881.5153,3398014,V,515,453,-1
1788563881.5641,3398028,V,493,433,46571
1788563881.5643,3398036,V,483,425,-1
1788563881.5644,3398044,V,532,468,-1
1788563881.5644,3398052,V,536,471,-1
1788563881.5644,3398060,V,540,475,-1
1788563881.5644,3398068,V,521,458,-1
1788563881.6132,3398081,V,504,443,46572
1788563881.6132,3398089,V,507,446,-1
1788563881.6132,3398097,V,518,455,-1
1788563881.6132,3398105,V,496,436,-1
1788563881.6132,3398113,V,526,462,-1
1788563881.6132,3398121,V,523,460,-1
1788563881.6615,3398135,V,515,453,46573
1788563881.6615,3398143,V,534,469,-1
1788563881.6615,3398151,V,523,460,-1
1788563881.6615,3398159,V,524,461,-1
1788563881.6615,3398167,V,510,448,-1
1788563881.6616,3398175,V,503,442,-1
1788563881.7103,3398189,V,534,469,46574
1788563881.7103,3398197,V,512,450,-1
1788563881.7103,3398205,V,489,430,-1
1788563881.7103,3398213,V,521,458,-1
1788563881.7103,3398221,V,517,454,-1
1788563881.7103,3398229,V,520,457,-1
1788563881.8098,3398242,V,466,410,46575
1788563881.8100,3398250,V,542,476,-1
1788563881.8100,3398258,V,511,449,-1
1788563881.8100,3398266,V,514,452,-1
1788563881.8101,3398274,V,529,465,-1
1788563881.8101,3398282,V,513,451,-1
1788563881.8585,3398296,V,527,463,46576
1788563881.8586,3398304,V,505,444,-1
1788563881.8586,3398312,V,510,448,-1
1788563881.8586,3398320,V,537,472,-1
1788563881.8586,3398328,V,500,439,-1
1788563881.8586,3398336,V,520,457,-1
1788563881.9054,3398350,V,537,472,46577
1788563881.9054,3398358,V,507,446,-1
1788563881.9054,3398366,V,517,454,-1
1788563881.9054,3398374,V,529,465,-1
1788563881.9054,3398382,V,534,469,-1
1788563881.9054,3398390,V,538,473,-1
1788563881.9542,3398404,V,511,449,46578
1788563881.9542,3398412,V,489,430,-1
1788563881.9542,3398420,V,517,454,-1
1788563881.9542,3398428,V,513,451,-1
1788563881.9542,3398436,V,487,428,-1
1788563881.9542,3398444,V,508,446,-1
1788563882.0027,3398458,V,514,452,46579
1788563882.0028,3398466,V,501,440,-1
1788563882.0028,3398474,V,523,460,-1
1788563882.0028,3398482,V,501,440,-1
1788563882.0028,3398490,V,492,432,-1
1788563882.0028,3398498,V,507,446,-1
1788563882.0517,3398511,V,514,452,46580
1788563882.0518,3398519,V,498,438,-1
1788563882.0519,3398527,V,499,439,-1
1788563882.0519,3398535,V,483,425,-1
1788563882.0519,3398543,V,525,461,-1
1788563882.0519,3398551,V,526,462,-1
1788563882.1010,3398565,V,499,439,46581
1788563882.1011,3398573,V,519,456,-1
1788563882.1011,3398581,V,498,438,-1
1788563882.1011,3398589,V,507,446,-1
1788563882.1011,3398597,V,519,456,-1
1788563882.1011,3398605,V,528,464,-1
1788563882.1983,3398619,V,515,453,46582
1788563882.1983,3398627,V,487,428,-1
1788563882.1983,3398635,V,491,432,-1
1788563882.1984,3398643,V,503,442,-1
1788563882.1984,3398651,V,503,442,-1
1788563882.1984,3398659,V,500,439,-1
1788563882.2003,3398673,V,525,461,46583
1788563882.2003,3398681,V,507,446,-1
1788563882.2003,3398689,V,517,454,-1
1788563882.2003,3398697,V,514,452,-1
1788563882.2003,3398705,V,510,448,-1
1788563882.2003,3398713,V,529,465,-1
1788563882.2467,3398726,V,549,483,46584
1788563882.2467,3398734,V,490,431,-1
1788563882.2467,3398742,V,513,451,-1
1788563882.2467,3398750,V,496,436,-1
1788563882.2467,3398758,V,493,433,-1
1788563882.2467,3398766,V,498,438,-1
1788563882.3443,3398780,V,527,463,46585
1788563882.3445,3398788,V,523,460,-1
1788563882.3445,3398796,V,493,433,-1
1788563882.3445,3398804,V,491,432,-1
1788563882.3445,3398812,V,499,439,-1
1788563882.3445,3398820,V,522,459,-1
1788563882.3950,3398834,V,516,454,46586
1788563882.3950,3398842,V,513,451,-1
1788563882.3950,3398850,V,512,450,-1
1788563882.3950,3398858,V,507,446,-1
1788563882.3950,3398866,V,509,447,-1
1788563882.3950,3398874,V,527,463,-1
1788563882.4436,3398887,V,527,463,46587
1788563882.4436,3398895,V,529,465,-1
1788563882.4436,3398903,V,526,462,-1
1788563882.4436,3398911,V,530,466,-1
1788563882.4436,3398919,V,508,446,-1
1788563882.4436,3398927,V,538,473,-1
1788563882.4925,3398941,V,495,435,46588
1788563882.4925,3398949,V,530,466,-1
1788563882.4925,3398957,V,507,446,-1
1788563882.4926,3398965,V,528,464,-1
1788563882.4926,3398973,V,509,447,-1
1788563882.4926,3398981,V,527,463,-1
1788563882.5402,3398995,V,519,456,46589
1788563882.5403,3399003,V,519,456,-1
1788563882.5403,3399011,V,520,457,-1
1788563882.5403,3399019,V,512,450,-1
1788563882.5403,3399027,V,505,444,-1
1788563882.5403,3399035,V,496,436,-1
1788563882.5888,3399049,V,480,422,46590
1788563882.5889,3399057,V,528,464,-1
1788563882.5889,3399065,V,479,421,-1
1788563882.5889,3399073,V,503,442,-1
1788563882.5889,3399081,V,529,465,-1
1788563882.5890,3399089,V,499,439,-1
1788563882.6380,3399102,V,506,445,46591
1788563882.6381,3399110,V,536,471,-1
1788563882.6381,3399118,V,534,469,-1
1788563882.6381,3399126,V,520,457,-1
1788563882.6381,3399134,V,521,458,-1
1788563882.6381,3399142,V,501,440,-1
1788563882.7363,3399156,V,523,460,46592
1788563882.7363,3399164,V,559,491,-1
1788563882.7363,3399172,V,510,448,-1
1788563882.7363,3399180,V,516,454,-1
1788563882.7363,3399188,V,517,454,-1
1788563882.7363,3399196,V,526,462,-1
1788563882.7367,3399210,V,520,457,46593
1788563882.7367,3399218,V,507,446,-1
1788563882.7367,3399226,V,527,463,-1
1788563882.7367,3399234,V,494,434,-1
1788563882.7367,3399242,V,496,436,-1
1788563882.7367,3399250,V,507,446,-1
1788563882.7828,3399264,V,508,446,46594
1788563882.7828,3399272,V,518,455,-1
1788563882.7829,3399280,V,504,443,-1
1788563882.7829,3399288,V,521,458,-1
1788563882.7829,3399296,V,531,467,-1
1788563882.7829,3399304,V,523,460,-1
1788563882.8806,3399317,V,529,465,46595
1788563882.8807,3399325,V,543,477,-1
1788563882.8808,3399333,V,481,423,-1
1788563882.8808,3399341,V,518,455,-1
1788563882.8808,3399349,V,522,459,-1
1788563882.8808,3399357,V,553,486,-1
1788563882.9297,3399371,V,532,468,46596
1788563882.9297,3399379,V,548,482,-1
1788563882.9297,3399387,V,495,435,-1
1788563882.9297,3399395,V,534,469,-1
1788563882.9297,3399403,V,491,432,-1
1788563882.9298,3399411,V,520,457,-1
1788563882.9791,3399425,V,497,437,46597
1788563882.9792,3399433,V,508,446,-1
1788563882.9792,3399441,V,502,441,-1
1788563882.9792,3399449,V,513,451,-1
1788563882.9792,3399457,V,514,452,-1
1788563882.9792,3399465,V,520,457,-1
1788563883.0265,3399478,V,505,444,46598
1788563883.0265,3399486,V,498,438,-1
1788563883.0265,3399494,V,517,454,-1
1788563883.0266,3399502,V,521,458,-1
1788563883.0266,3399510,V,525,461,-1
1788563883.0266,3399518,V,505,444,-1
1788563883.1244,3399532,V,515,453,46599
1788563883.1246,3399540,V,507,446,-1
1788563883.1246,3399548,V,498,438,-1
1788563883.1246,3399556,V,526,462,-1
1788563883.1246,3399564,V,506,445,-1
1788563883.1246,3399572,V,492,432,-1
1788563883.1255,3399586,V,530,466,46600
1788563883.1255,3399594,V,496,436,-1
1788563883.1255,3399602,V,527,463,-1
1788563883.1255,3399610,V,516,454,-1
1788563883.1255,3399618,V,527,463,-1
1788563883.1255,3399626,V,501,440,-1
1788563883.1732,3399640,V,527,463,46601
1788563883.1732,3399648,V,495,435,-1
1788563883.1732,3399656,V,511,449,-1
1788563883.1732,3399664,V,505,444,-1
1788563883.1732,3399672,V,506,445,-1
1788563883.1732,3399680,V,490,431,-1
1788563883.2216,3399693,V,494,434,46602
1788563883.2217,3399701,V,524,461,-1
1788563883.2217,3399709,V,532,468,-1
1788563883.2217,3399717,V,508,446,-1
1788563883.2217,3399725,V,539,474,-1
1788563883.2217,3399733,V,484,425,-1
1788563883.3204,3399747,V,506,445,46603
1788563883.3205,3399755,V,549,483,-1
1788563883.3205,3399763,V,504,443,-1
1788563883.3205,3399771,V,511,449,-1
1788563883.3205,3399779,V,516,454,-1
1788563883.3205,3399787,V,514,452,-1
1788563883.3209,3399801,V,492,432,46604
1788563883.3209,3399809,V,507,446,-1
1788563883.3209,3399817,V,526,462,-1
1788563883.3209,3399825,V,523,460,-1
1788563883.3209,3399833,V,491,432,-1
1788563883.3209,3399841,V,494,434,-1
1788563883.4179,3399854,V,527,463,46605
1788563883.4181,3399862,V,492,432,-1
1788563883.4181,3399870,V,497,437,-1
1788563883.4181,3399878,V,536,471,-1
1788563883.4181,3399886,V,502,441,-1
1788563883.4181,3399894,V,510,448,-1
1788563883.4656,3399908,V,510,448,46606
1788563883.4656,3399916,V,487,428,-1
1788563883.4656,3399924,V,510,448,-1
1788563883.4656,3399932,V,499,439,-1
1788563883.4656,3399940,V,508,446,-1
1788563883.4656,3399948,V,509,447,-1
1788563883.5159,3399962,V,531,467,46607
1788563883.5159,3399970,V,503,442,-1
1788563883.5160,3399978,V,536,471,-1
1788563883.5160,3399986,V,469,412,-1
1788563883.5160,3399994,V,508,446,-1
1788563883.5160,3400002,V,523,460,-1
1788563883.5632,3400016,V,493,433,46608
1788563883.5632,3400024,V,518,455,-1
1788563883.5632,3400032,V,532,468,-1
1788563883.5632,3400040,V,532,468,-1
1788563883.5632,3400048,V,513,451,-1
1788563883.5633,3400056,V,476,418,-1
1788563883.6137,3400070,V,523,460,46609
1788563883.6137,3400078,V,514,452,-1
1788563883.6137,3400086,V,529,465,-1
1788563883.6137,3400094,V,515,453,-1
1788563883.6137,3400102,V,528,464,-1
1788563883.6137,3400110,V,501,440,-1
1788563883.7090,3400123,V,513,451,46610
1788563883.7091,3400131,V,511,449,-1
1788563883.7091,3400139,V,502,441,-1
1788563883.7091,3400147,V,500,439,-1
1788563883.7091,3400155,V,523,460,-1
1788563883.7091,3400163,V,519,456,-1
1788563883.7103,3400177,V,525,461,46611
1788563883.7104,3400185,V,516,454,-1
1788563883.7104,3400193,V,532,468,-1
1788563883.7104,3400201,V,510,448,-1
1788563883.7104,3400209,V,529,465,-1
1788563883.7104,3400217,V,513,451,-1
1788563883.7576,3400231,V,497,437,46612
1788563883.7576,3400239,V,516,454,-1
1788563883.7576,3400247,V,504,443,-1
1788563883.7576,3400255,V,517,454,-1
1788563883.7576,3400263,V,488,429,-1
1788563883.7576,3400271,V,520,457,-1
1788563883.8063,3400284,V,531,467,46613
1788563883.8063,3400292,V,503,442,-1
1788563883.8063,3400300,V,492,432,-1
1788563883.8063,3400308,V,498,438,-1
1788563883.8063,3400316,V,510,448,-1
1788563883.8063,3400324,V,505,444,-1
1788563883.8552,3400338,V,513,451,46614
1788563883.8552,3400346,V,518,455,-1
1788563883.8552,3400354,V,495,435,-1
1788563883.8553,3400362,V,492,432,-1
1788563883.8553,3400370,V,497,437,-1
1788563883.8553,3400378,V,521,458,-1
1788563884.0015,3400392,V,477,419,46615
1788563884.0016,3400400,V,520,457,-1
1788563884.0017,3400408,V,526,462,-1
1788563884.0017,3400416,V,519,456,-1
1788563884.0017,3400424,V,519,456,-1
1788563884.0017,3400432,V,508,446,-1
1788563884.0027,3400446,V,516,454,46616
1788563884.0028,3400454,V,538,473,-1
1788563884.0028,3400462,V,505,444,-1
1788563884.0028,3400470,V,487,428,-1
1788563884.0028,3400478,V,561,493,-1
1788563884.0028,3400486,V,500,439,-1
1788563884.0503,3400499,V,501,440,46617
1788563884.0503,3400507,V,519,456,-1
1788563884.0503,3400515,V,522,459,-1
1788563884.0503,3400523,V,520,457,-1
1788563884.0503,3400531,V,535,470,-1
1788563884.0503,3400539,V,482,424,-1
1788563884.0990,3400553,V,524,461,46618
1788563884.0990,3400561,V,495,435,-1
1788563884.0990,3400569,V,512,450,-1
1788563884.0991,3400577,V,513,451,-1
1788563884.0991,3400585,V,513,451,-1
1788563884.0991,3400593,V,516,454,-1
1788563884.1478,3400607,V,488,429,46619
1788563884.1478,3400615,V,501,440,-1
1788563884.1478,3400623,V,525,461,-1
1788563884.1478,3400631,V,486,427,-1
1788563884.1478,3400639,V,530,466,-1
1788563884.1478,3400647,V,493,433,-1
1788563884.1980,3400661,V,536,471,46620
1788563884.1981,3400669,V,497,437,-1
1788563884.1981,3400677,V,488,429,-1
1788563884.1981,3400685,V,515,453,-1
1788563884.1981,3400693,V,500,439,-1
1788563884.1981,3400701,V,512,450,-1
1788563884.2940,3400714,V,514,452,46621
1788563884.2941,3400722,V,508,446,-1
1788563884.2941,3400730,V,523,460,-1
1788563884.2941,3400738,V,532,468,-1
1788563884.2942,3400746,V,499,439,-1
1788563884.2942,3400754,V,490,431,-1
1788563884.2954,3400768,V,537,472,46622
1788563884.2954,3400776,V,532,468,-1
1788563884.2954,3400784,V,488,429,-1
1788563884.2954,3400792,V,506,445,-1
1788563884.2954,3400800,V,504,443,-1
1788563884.2954,3400808,V,509,447,-1
1788563884.3426,3400822,V,519,456,46623
1788563884.3426,3400830,V,514,452,-1
1788563884.3426,3400838,V,528,464,-1
1788563884.3426,3400846,V,491,432,-1
1788563884.3426,3400854,V,526,462,-1
1788563884.3426,3400862,V,494,434,-1
1788563884.4403,3400876,V,505,444,46624
1788563884.4403,3400884,V,517,454,-1
1788563884.4403,3400892,V,501,440,-1
1788563884.4403,3400900,V,509,447,-1
1788563884.4403,3400908,V,511,449,-1
1788563884.4403,3400916,V,552,485,-1
1788563884.4906,3400929,V,520,457,46625
1788563884.4906,3400937,V,494,434,-1
1788563884.4906,3400945,V,514,452,-1
1788563884.4907,3400953,V,502,441,-1
1788563884.4907,3400961,V,522,459,-1
1788563884.4907,3400969,V,536,471,-1
1788563884.5396,3400983,V,512,450,46626
1788563884.5396,3400991,V,496,436,-1
1788563884.5396,3400999,V,508,446,-1
1788563884.5396,3401007,V,528,464,-1
1788563884.5396,3401015,V,512,450,-1
1788563884.5396,3401023,V,514,452,-1
1788563884.5866,3401037,V,537,472,46627
1788563884.5866,3401045,V,507,446,-1
1788563884.5866,3401053,V,521,458,-1
1788563884.5866,3401061,V,510,448,-1
1788563884.5866,3401069,V,510,448,-1
1788563884.5866,3401077,V,489,430,-1
1788563884.6351,3401090,V,492,432,46628
1788563884.6351,3401098,V,526,462,-1
1788563884.6351,3401106,V,488,429,-1
1788563884.6351,3401114,V,516,454,-1
1788563884.6351,3401122,V,492,432,-1
1788563884.6352,3401130,V,504,443,-1
1788563884.6841,3401144,V,512,450,46629
1788563884.6841,3401152,V,512,450,-1
1788563884.6841,3401160,V,522,459,-1
1788563884.6841,3401168,V,505,444,-1
1788563884.6841,3401176,V,510,448,-1
1788563884.6841,3401184,V,535,470,-1
1788563884.7331,3401198,V,498,438,46630
1788563884.7331,3401206,V,531,467,-1
1788563884.7331,3401214,V,517,454,-1
1788563884.7331,3401222,V,482,424,-1
1788563884.7331,3401230,V,481,423,-1
1788563884.7331,3401238,V,520,457,-1
1788563884.8321,3401252,V,501,440,46631
1788563884.8323,3401260,V,509,447,-1
1788563884.8323,3401268,V,522,459,-1
1788563884.8323,3401276,V,508,446,-1
1788563884.8323,3401284,V,511,449,-1
1788563884.8323,3401292,V,498,438,-1
1788563884.8325,3401305,V,501,440,46632
1788563884.8325,3401313,V,523,460,-1
1788563884.8325,3401321,V,500,439,-1
1788563884.8325,3401329,V,488,429,-1
1788563884.8325,3401337,V,507,446,-1
1788563884.8325,3401345,V,518,455,-1
1788563884.9278,3401359,V,570,501,46633
1788563884.9278,3401367,V,519,456,-1
1788563884.9278,3401375,V,519,456,-1
1788563884.9278,3401383,V,533,468,-1
1788563884.9278,3401391,V,504,443,-1
1788563884.9278,3401399,V,517,454,-1
1788563884.9765,3401413,V,492,432,46634
1788563884.9765,3401421,V,507,446,-1
1788563884.9765,3401429,V,534,469,-1
1788563884.9765,3401437,V,503,442,-1
1788563884.9766,3401445,V,498,438,-1
1788563884.9766,3401453,V,523,460,-1
1788563885.0256,3401467,V,540,475,46635
1788563885.0256,3401475,V,514,452,-1
1788563885.0256,3401483,V,516,454,-1
1788563885.0256,3401491,V,521,458,-1
1788563885.0256,3401499,V,481,423,-1
1788563885.0257,3401507,V,510,448,-1
1788563885.0757,3401520,V,518,455,46636
1788563885.0758,3401528,V,494,434,-1
1788563885.0760,3401536,V,513,451,-1
1788563885.0760,3401544,V,523,460,-1
1788563885.0760,3401552,V,517,454,-1
1788563885.0760,3401560,V,509,447,-1
1788563885.1233,3401574,V,507,446,46637
1788563885.1233,3401582,V,506,445,-1
1788563885.1233,3401590,V,541,475,-1
1788563885.1233,3401598,V,533,468,-1
1788563885.1233,3401606,V,525,461,-1
1788563885.1233,3401614,V,495,435,-1
1788563885.1718,3401628,V,484,425,46638
1788563885.1719,3401636,V,520,457,-1
1788563885.1719,3401644,V,502,441,-1
1788563885.1719,3401652,V,520,457,-1
1788563885.1719,3401660,V,513,451,-1
1788563885.1719,3401668,V,534,469,-1
1788563885.2203,3401681,V,518,455,46639
1788563885.2204,3401689,V,500,439,-1
1788563885.2204,3401697,V,511,449,-1
1788563885.2204,3401705,V,479,421,-1
1788563885.2204,3401713,V,541,475,-1
1788563885.2204,3401721,V,496,436,-1
1788563885.3180,3401735,V,516,454,46640
1788563885.3181,3401743,V,546,480,-1
1788563885.3181,3401751,V,516,454,-1
1788563885.3181,3401759,V,504,443,-1
1788563885.3181,3401767,V,514,452,-1
1788563885.3181,3401775,V,515,453,-1
1788563885.3191,3401789,V,496,436,46641
1788563885.3191,3401797,V,514,452,-1
1788563885.3191,3401805,V,530,466,-1
1788563885.3192,3401813,V,527,463,-1
1788563885.3192,3401821,V,524,461,-1
1788563885.3192,3401829,V,531,467,-1
1788563885.3687,3401843,V,506,445,46642
1788563885.3688,3401851,V,511,449,-1
1788563885.3688,3401859,V,504,443,-1
1788563885.3688,3401867,V,494,434,-1
1788563885.3688,3401875,V,520,457,-1
1788563885.3688,3401883,V,513,451,-1
1788563885.4162,3401896,V,509,447,46643
1788563885.4162,3401904,V,513,451,-1
1788563885.4162,3401912,V,517,454,-1
1788563885.4162,3401920,V,500,439,-1
1788563885.4162,3401928,V,501,440,-1
1788563885.4162,3401936,V,522,459,-1
1788563885.5150,3401950,V,502,441,46644
1788563885.5150,3401958,V,515,453,-1
1788563885.5150,3401966,V,512,450,-1
1788563885.5150,3401974,V,510,448,-1
1788563885.5150,3401982,V,521,458,-1
1788563885.5150,3401990,V,517,454,-1
1788563885.5620,3402004,V,517,454,46645
1788563885.5621,3402012,V,497,437,-1
1788563885.5622,3402020,V,505,444,-1
1788563885.5622,3402028,V,510,448,-1
1788563885.5622,3402036,V,549,483,-1
1788563885.5622,3402044,V,503,442,-1
1788563885.6108,3402058,V,512,450,46646
1788563885.6108,3402066,V,501,440,-1
1788563885.6108,3402074,V,509,447,-1
1788563885.6108,3402082,V,513,451,-1
1788563885.6108,3402090,V,499,439,-1
1788563885.6108,3402098,V,507,446,-1
1788563885.6615,3402111,V,517,454,46647
1788563885.6615,3402119,V,522,459,-1
1788563885.6615,3402127,V,514,452,-1
1788563885.6615,3402135,V,523,460,-1
1788563885.6615,3402143,V,506,445,-1
1788563885.6615,3402151,V,506,445,-1
1788563885.7100,3402165,V,541,475,46648
1788563885.7100,3402173,V,511,449,-1
1788563885.7100,3402181,V,549,483,-1
1788563885.7100,3402189,V,527,463,-1
1788563885.7100,3402197,V,524,461,-1
1788563885.7100,3402205,V,522,459,-1
1788563885.7586,3402219,V,497,437,46649
1788563885.7587,3402227,V,532,468,-1
1788563885.7587,3402235,V,528,464,-1
1788563885.7587,3402243,V,523,460,-1
1788563885.7587,3402251,V,507,446,-1
1788563885.7587,3402259,V,511,449,-1
1788563885.8066,3402273,V,503,442,46650
1788563885.8068,3402281,V,523,460,-1
1788563885.8068,3402289,V,520,457,-1
1788563885.8068,3402297,V,534,469,-1
1788563885.8068,3402305,V,487,428,-1
1788563885.8068,3402313,V,514,452,-1
1788563885.8546,3402326,V,514,452,46651
1788563885.8546,3402334,V,508,446,-1
1788563885.8546,3402342,V,549,483,-1
1788563885.8547,3402350,V,512,450,-1
1788563885.8547,3402358,V,518,455,-1
1788563885.8547,3402366,V,479,421,-1
1788563885.9039,3402380,V,511,449,46652
1788563885.9039,3402388,V,519,456,-1
1788563885.9039,3402396,V,498,438,-1
1788563885.9039,3402404,V,508,446,-1
1788563885.9039,3402412,V,505,444,-1
1788563885.9039,3402420,V,507,446,-1
1788563885.9527,3402434,V,512,450,46653
1788563885.9527,3402442,V,523,460,-1
1788563885.9527,3402450,V,498,438,-1
1788563885.9527,3402458,V,519,456,-1
1788563885.9528,3402466,V,505,444,-1
1788563885.9528,3402474,V,510,448,-1
1788563886.0509,3402488,V,492,432,46654
1788563886.0509,3402496,V,509,447,-1
1788563886.0510,3402504,V,529,465,-1
1788563886.0510,3402512,V,525,461,-1
1788563886.0510,3402520,V,526,462,-1
1788563886.0510,3402528,V,523,460,-1
1788563886.0979,3402541,V,501,440,46655
1788563886.0979,3402549,V,515,453,-1
1788563886.0979,3402557,V,522,459,-1
1788563886.0979,3402565,V,533,468,-1
1788563886.0979,3402573,V,508,446,-1
1788563886.0979,3402581,V,517,454,-1
1788563886.1462,3402595,V,514,452,46656
1788563886.1462,3402603,V,506,445,-1
1788563886.1462,3402611,V,500,439,-1
1788563886.1463,3402619,V,508,446,-1
1788563886.1463,3402627,V,473,416,-1
1788563886.1463,3402635,V,550,483,-1
1788563886.1951,3402649,V,514,452,46657
1788563886.1951,3402657,V,525,461,-1
1788563886.1951,3402665,V,506,445,-1
1788563886.1951,3402673,V,489,430,-1
1788563886.1951,3402681,V,530,466,-1
1788563886.1951,3402689,V,503,442,-1
1788563886.2953,3402703,V,537,472,46658
1788563886.2955,3402711,V,483,425,-1
1788563886.2956,3402719,V,495,435,-1
1788563886.2956,3402727,V,522,459,-1
1788563886.2956,3402735,V,500,439,-1
1788563886.2956,3402743,V,512,450,-1
1788563886.2962,3402756,V,496,436,46659
1788563886.2962,3402764,V,531,467,-1
1788563886.2962,3402772,V,503,442,-1
1788563886.2962,3402780,V,516,454,-1
1788563886.2962,3402788,V,515,453,-1
1788563886.2962,3402796,V,496,436,-1
1788563886.4397,3402810,V,513,451,46660
1788563886.4400,3402818,V,506,445,-1
1788563886.4401,3402826,V,513,451,-1
1788563886.4401,3402834,V,509,447,-1
1788563886.4401,3402842,V,516,454,-1
1788563886.4401,3402850,V,516,454,-1
1788563886.4407,3402864,V,506,445,46661
1788563886.4408,3402872,V,516,454,-1
1788563886.4408,3402880,V,508,446,-1
1788563886.4408,3402888,V,491,432,-1
1788563886.4408,3402896,V,521,458,-1
1788563886.4408,3402904,V,511,449,-1
1788563886.4409,3402918,V,520,457,46662
1788563886.4409,3402926,V,526,462,-1
1788563886.4409,3402934,V,502,441,-1
1788563886.4409,3402942,V,505,444,-1
1788563886.4409,3402950,V,534,469,-1
1788563886.4409,3402958,V,503,442,-1
1788563886.5384,3402971,V,505,444,46663
1788563886.5385,3402979,V,532,468,-1
1788563886.5386,3402987,V,525,461,-1
1788563886.5386,3402995,V,526,462,-1
1788563886.5386,3403003,V,502,441,-1
1788563886.5386,3403011,V,503,442,-1
1788563886.5876,3403025,V,525,461,46664
1788563886.5876,3403033,V,535,470,-1
1788563886.5876,3403041,V,515,453,-1
1788563886.5876,3403049,V,516,454,-1
1788563886.5876,3403057,V,502,441,-1
1788563886.5876,3403065,V,515,453,-1
1788563886.6830,3403079,V,509,447,46665
1788563886.6831,3403087,V,506,445,-1
1788563886.6831,3403095,V,512,450,-1
1788563886.6831,3403103,V,515,453,-1
1788563886.6831,3403111,V,524,461,-1
1788563886.6831,3403119,V,510,448,-1
1788563886.6839,3403133,V,505,444,46666
1788563886.6839,3403141,V,493,433,-1
1788563886.6839,3403149,V,504,443,-1
1788563886.6839,3403157,V,547,481,-1
1788563886.6839,3403165,V,514,452,-1
1788563886.6839,3403173,V,497,437,-1
1788563886.7315,3403186,V,535,470,46667
1788563886.7315,3403194,V,493,433,-1
1788563886.7315,3403202,V,477,419,-1
1788563886.7315,3403210,V,502,441,-1
1788563886.7315,3403218,V,530,466,-1
1788563886.7315,3403226,V,516,454,-1
1788563886.7803,3403240,V,511,449,46668
1788563886.7804,3403248,V,527,463,-1
1788563886.7804,3403256,V,499,439,-1
1788563886.7804,3403264,V,498,438,-1
1788563886.7804,3403272,V,530,466,-1
1788563886.7804,3403280,V,521,458,-1
1788563886.8290,3403294,V,498,438,46669
1788563886.8291,3403302,V,501,440,-1
1788563886.8291,3403310,V,487,428,-1
1788563886.8291,3403318,V,522,459,-1
1788563886.8292,3403326,V,486,427,-1
1788563886.8292,3403334,V,529,465,-1
1788563886.9279,3403348,V,508,446,46670
1788563886.9279,3403356,V,482,424,-1
1788563886.9279,3403364,V,500,439,-1
1788563886.9279,3403372,V,522,459,-1
1788563886.9279,3403380,V,517,454,-1
1788563886.9279,3403388,V,525,461,-1
1788563886.9282,3403401,V,500,439,46671
1788563886.9282,3403409,V,520,457,-1
1788563886.9282,3403417,V,526,462,-1
1788563886.9282,3403425,V,490,431,-1
1788563886.9282,3403433,V,534,469,-1
1788563886.9282,3403441,V,513,451,-1
1788563886.9753,3403455,V,554,487,46672
1788563886.9753,3403463,V,492,432,-1
1788563886.9753,3403471,V,516,454,-1
1788563886.9753,3403479,V,524,461,-1
1788563886.9753,3403487,V,513,451,-1
1788563886.9753,3403495,V,510,448,-1
1788563887.0728,3403509,V,507,446,46673
1788563887.0729,3403517,V,520,457,-1
1788563887.0730,3403525,V,516,454,-1
1788563887.0730,3403533,V,503,442,-1
1788563887.0730,3403541,V,518,455,-1
1788563887.0730,3403549,V,524,461,-1
1788563887.1217,3403563,V,529,465,46674
1788563887.1217,3403571,V,529,465,-1
1788563887.1217,3403579,V,515,453,-1
1788563887.1217,3403587,V,491,432,-1
1788563887.1217,3403595,V,506,445,-1
1788563887.1217,3403603,V,505,444,-1
1788563887.1721,3403616,V,497,437,46675
1788563887.1721,3403624,V,499,439,-1
1788563887.1721,3403632,V,502,441,-1
1788563887.1721,3403640,V,519,456,-1
1788563887.1721,3403648,V,534,469,-1
1788563887.1721,3403656,V,525,461,-1
1788563887.2200,3403670,V,491,432,46676
1788563887.2200,3403678,V,524,461,-1
1788563887.2200,3403686,V,485,426,-1
1788563887.2200,3403694,V,525,461,-1
1788563887.2200,3403702,V,483,425,-1
1788563887.2200,3403710,V,519,456,-1
1788563887.2677,3403724,V,516,454,46677
1788563887.2678,3403732,V,510,448,-1
1788563887.2678,3403740,V,510,448,-1
1788563887.2678,3403748,V,518,455,-1
1788563887.2678,3403756,V,498,438,-1
1788563887.2678,3403764,V,539,474,-1
1788563887.3175,3403778,V,520,457,46678
1788563887.3176,3403786,V,505,444,-1
1788563887.3176,3403794,V,491,432,-1
1788563887.3176,3403802,V,519,456,-1
1788563887.3176,3403810,V,502,441,-1
1788563887.3176,3403818,V,516,454,-1
1788563887.3662,3403831,V,529,465,46679
1788563887.3663,3403839,V,515,453,-1
1788563887.3663,3403847,V,523,460,-1
1788563887.3663,3403855,V,490,431,-1
1788563887.3663,3403863,V,499,439,-1
1788563887.3663,3403871,V,479,421,-1
1788563887.4141,3403885,V,529,465,46680
1788563887.4141,3403893,V,562,494,-1
1788563887.4141,3403901,V,509,447,-1
1788563887.4141,3403909,V,508,446,-1
1788563887.4141,3403917,V,527,463,-1
1788563887.4141,3403925,V,503,442,-1
1788563887.4658,3403939,V,506,445,46681
1788563887.4658,3403947,V,502,441,-1
1788563887.4658,3403955,V,506,445,-1
1788563887.4658,3403963,V,509,447,-1
1788563887.4658,3403971,V,514,452,-1
1788563887.4658,3403979,V,499,439,-1
1788563887.5120,3403993,V,518,455,46682
1788563887.5120,3404001,V,501,440,-1
1788563887.5120,3404009,V,505,444,-1
1788563887.5120,3404017,V,484,425,-1
1788563887.5120,3404025,V,525,461,-1
1788563887.5121,3404033,V,535,470,-1
1788563887.6100,3404046,V,506,445,46683
1788563887.6101,3404054,V,519,456,-1
1788563887.6102,3404062,V,518,455,-1
1788563887.6102,3404070,V,512,450,-1
1788563887.6102,3404078,V,516,454,-1
1788563887.6102,3404086,V,532,468,-1
1788563887.6579,3404100,V,530,466,46684
1788563887.6579,3404108,V,502,441,-1
1788563887.6579,3404116,V,531,467,-1
1788563887.6579,3404124,V,507,446,-1
1788563887.6579,3404132,V,524,461,-1
1788563887.6580,3404140,V,517,454,-1
1788563887.7065,3404154,V,514,452,46685
1788563887.7065,3404162,V,510,448,-1
1788563887.7065,3404170,V,523,460,-1
1788563887.7065,3404178,V,516,454,-1
1788563887.7065,3404186,V,505,444,-1
1788563887.7065,3404194,V,513,451,-1
1788563887.7554,3404208,V,512,450,46686
1788563887.7554,3404216,V,523,460,-1
1788563887.7554,3404224,V,489,430,-1
1788563887.7554,3404232,V,505,444,-1
1788563887.7554,3404240,V,510,448,-1
1788563887.7554,3404248,V,523,460,-1
1788563887.8051,3404261,V,502,441,46687
1788563887.8051,3404269,V,523,460,-1
1788563887.8052,3404277,V,513,451,-1
1788563887.8052,3404285,V,509,447,-1
1788563887.8052,3404293,V,516,454,-1
1788563887.8052,3404301,V,513,451,-1
1788563887.8543,3404315,V,484,425,46688
1788563887.8544,3404323,V,524,461,-1
1788563887.8544,3404331,V,531,467,-1
1788563887.8544,3404339,V,507,446,-1
1788563887.8544,3404347,V,496,436,-1
1788563887.8544,3404355,V,515,453,-1
1788563887.9016,3404369,V,521,458,46689
1788563887.9016,3404377,V,517,454,-1
1788563887.9017,3404385,V,528,464,-1
1788563887.9017,3404393,V,515,453,-1
1788563887.9017,3404401,V,533,468,-1
1788563887.9017,3404409,V,516,454,-1
1788563887.9518,3404423,V,502,441,46690
1788563887.9518,3404431,V,512,450,-1
1788563887.9518,3404439,V,512,450,-1
1788563887.9518,3404447,V,526,462,-1
1788563887.9518,3404455,V,488,429,-1
1788563887.9518,3404463,V,493,433,-1
1788563887.9991,3404476,V,526,462,46691
1788563887.9991,3404484,V,519,456,-1
1788563887.9991,3404492,V,510,448,-1
1788563887.9991,3404500,V,528,464,-1
1788563887.9991,3404508,V,503,442,-1
1788563887.9991,3404516,V,497,437,-1
1788563888.0476,3404530,V,515,453,46692
1788563888.0476,3404538,V,502,441,-1
1788563888.0476,3404546,V,535,470,-1
1788563888.0476,3404554,V,517,454,-1
1788563888.0476,3404562,V,516,454,-1
1788563888.0476,3404570,V,512,450,-1
1788563888.1476,3404584,V,528,464,46693
1788563888.1478,3404592,V,511,449,-1
1788563888.1478,3404600,V,506,445,-1
1788563888.1478,3404608,V,519,456,-1
1788563888.1478,3404616,V,513,451,-1
1788563888.1478,3404624,V,499,439,-1
1788563888.1946,3404638,V,521,458,46694
1788563888.1946,3404646,V,506,445,-1
1788563888.1946,3404654,V,519,456,-1
1788563888.1947,3404662,V,501,440,-1
1788563888.1947,3404670,V,531,467,-1
1788563888.1947,3404678,V,503,442,-1
1788563888.2430,3404691,V,535,470,46695
1788563888.2430,3404699,V,531,467,-1
1788563888.2430,3404707,V,503,442,-1
1788563888.2430,3404715,V,494,434,-1
1788563888.2430,3404723,V,515,453,-1
1788563888.2430,3404731,V,487,428,-1
1788563888.2915,3404745,V,542,476,46696
1788563888.2915,3404753,V,498,438,-1
1788563888.2915,3404761,V,528,464,-1
1788563888.2915,3404769,V,502,441,-1
1788563888.2915,3404777,V,528,464,-1
1788563888.2915,3404785,V,513,451,-1
1788563888.3404,3404799,V,520,457,46697
1788563888.3404,3404807,V,542,476,-1
1788563888.3404,3404815,V,531,467,-1
1788563888.3404,3404823,V,499,439,-1
1788563888.3404,3404831,V,536,471,-1
1788563888.3404,3404839,V,498,438,-1
1788563888.3931,3404853,V,541,475,46698
1788563888.3933,3404861,V,508,446,-1
1788563888.3933,3404869,V,516,454,-1
1788563888.3933,3404877,V,501,440,-1
1788563888.3933,3404885,V,499,439,-1
1788563888.3933,3404893,V,532,468,-1
1788563888.4869,3404906,V,532,468,46699
1788563888.4870,3404914,V,495,435,-1
1788563888.4870,3404922,V,488,429,-1
1788563888.4870,3404930,V,517,454,-1
1788563888.4870,3404938,V,540,475,-1
1788563888.4870,3404946,V,499,439,-1
1788563888.4881,3404960,V,501,440,46700
1788563888.4881,3404968,V,496,436,-1
1788563888.4881,3404976,V,529,465,-1
1788563888.4881,3404984,V,507,446,-1
1788563888.4881,3404992,V,493,433,-1
1788563888.4881,3405000,V,539,474,-1
1788563888.5389,3405014,V,512,450,46701
1788563888.5389,3405022,V,544,478,-1
1788563888.5389,3405030,V,537,472,-1
1788563888.5389,3405038,V,508,446,-1
1788563888.5389,3405046,V,511,449,-1
1788563888.5389,3405054,V,500,439,-1
1788563888.6335,3405067,V,500,439,46702
1788563888.6337,3405075,V,516,454,-1
1788563888.6337,3405083,V,509,447,-1
1788563888.6337,3405091,V,513,451,-1
1788563888.6337,3405099,V,529,465,-1
1788563888.6337,3405107,V,517,454,-1
1788563888.6847,3405121,V,492,432,46703
1788563888.6848,3405129,V,515,453,-1
1788563888.6848,3405137,V,526,462,-1
1788563888.6848,3405145,V,521,458,-1
1788563888.6848,3405153,V,513,451,-1
1788563888.6848,3405161,V,495,435,-1
1788563888.7306,3405175,V,507,446,46704
1788563888.7306,3405183,V,507,446,-1
1788563888.7306,3405191,V,504,443,-1
1788563888.7307,3405199,V,522,459,-1
1788563888.7307,3405207,V,524,461,-1
1788563888.7307,3405215,V,484,425,-1
1788563888.7791,3405229,V,512,450,46705
1788563888.7791,3405237,V,506,445,-1
1788563888.7791,3405245,V,536,471,-1
1788563888.7792,3405253,V,480,422,-1
1788563888.7792,3405261,V,502,441,-1
1788563888.7792,3405269,V,530,466,-1
1788563888.8281,3405283,V,502,441,46706
1788563888.8281,3405291,V,523,460,-1
1788563888.8281,3405299,V,514,452,-1
1788563888.8281,3405307,V,528,464,-1
1788563888.8281,3405315,V,519,456,-1
1788563888.8281,3405323,V,518,455,-1
1788563888.8768,3405336,V,524,461,46707
1788563888.8769,3405344,V,509,447,-1
1788563888.8769,3405352,V,512,450,-1
1788563888.8769,3405360,V,555,488,-1
1788563888.8769,3405368,V,513,451,-1
1788563888.8769,3405376,V,494,434,-1
1788563888.9260,3405390,V,518,455,46708
1788563888.9260,3405398,V,465,409,-1
1788563888.9260,3405406,V,491,432,-1
1788563888.9260,3405414,V,509,447,-1
1788563888.9260,3405422,V,507,446,-1
1788563888.9260,3405430,V,516,454,-1
1788563889.0258,3405444,V,468,411,46709
1788563889.0258,3405452,V,509,447,-1
1788563889.0258,3405460,V,507,446,-1
1788563889.0258,3405468,V,523,460,-1
1788563889.0258,3405476,V,529,465,-1
1788563889.0258,3405484,V,501,440,-1
1788563889.0262,3405497,V,516,454,46710
1788563889.0262,3405505,V,506,445,-1
1788563889.0262,3405513,V,513,451,-1
1788563889.0262,3405521,V,518,455,-1
1788563889.0262,3405529,V,513,451,-1
1788563889.0262,3405537,V,515,453,-1
1788563889.0718,3405551,V,585,514,46711
1788563889.0719,3405559,V,487,428,-1
1788563889.0719,3405567,V,504,443,-1
1788563889.0719,3405575,V,522,459,-1
1788563889.0719,3405583,V,504,443,-1
1788563889.0719,3405591,V,512,450,-1
1788563889.1706,3405605,V,502,441,46712
1788563889.1708,3405613,V,505,444,-1
1788563889.1708,3405621,V,510,448,-1
1788563889.1708,3405629,V,501,440,-1
1788563889.1708,3405637,V,518,455,-1
1788563889.1708,3405645,V,503,442,-1
1788563889.2194,3405659,V,516,454,46713
1788563889.2194,3405667,V,523,460,-1
1788563889.2194,3405675,V,492,432,-1
1788563889.2194,3405683,V,509,447,-1
1788563889.2194,3405691,V,487,428,-1
1788563889.2194,3405699,V,488,429,-1
1788563889.2675,3405713,V,517,454,46714
1788563889.2675,3405721,V,513,451,-1
1788563889.2675,3405729,V,494,434,-1
1788563889.2676,3405737,V,528,464,-1
1788563889.2676,3405745,V,502,441,-1
1788563889.2676,3405753,V,515,453,-1
1788563889.3160,3405766,V,508,446,46715
1788563889.3160,3405774,V,513,451,-1
1788563889.3161,3405782,V,481,423,-1
1788563889.3161,3405790,V,516,454,-1
1788563889.3161,3405798,V,511,449,-1
1788563889.3161,3405806,V,485,426,-1
1788563889.3654,3405820,V,501,440,46716
1788563889.3654,3405828,V,509,447,-1
1788563889.3654,3405836,V,493,433,-1
1788563889.3654,3405844,V,509,447,-1
1788563889.3654,3405852,V,540,475,-1
1788563889.3654,3405860,V,512,450,-1
1788563889.4140,3405874,V,519,456,46717
1788563889.4142,3405882,V,521,458,-1
1788563889.4142,3405890,V,522,459,-1
1788563889.4142,3405898,V,542,476,-1
1788563889.4142,3405906,V,502,441,-1
1788563889.4142,3405914,V,513,451,-1
1788563889.4621,3405928,V,524,461,46718
1788563889.4622,3405936,V,531,467,-1
1788563889.4622,3405944,V,521,458,-1
1788563889.4622,3405952,V,526,462,-1
1788563889.4622,3405960,V,539,474,-1
1788563889.4622,3405968,V,512,450,-1
1788563889.5106,3405981,V,512,450,46719
1788563889.5106,3405989,V,532,468,-1
1788563889.5106,3405997,V,491,432,-1
1788563889.5106,3406005,V,537,472,-1
1788563889.5106,3406013,V,525,461,-1
1788563889.5106,3406021,V,514,452,-1
1788563889.5638,3406035,V,505,444,46720
1788563889.5639,3406043,V,502,441,-1
1788563889.5639,3406051,V,517,454,-1
1788563889.5639,3406059,V,514,452,-1
1788563889.5639,3406067,V,511,449,-1
1788563889.5639,3406075,V,492,432,-1
1788563889.6089,3406089,V,501,440,46721
1788563889.6089,3406097,V,518,455,-1
1788563889.6089,3406105,V,488,429,-1
1788563889.6089,3406113,V,526,462,-1
1788563889.6090,3406121,V,516,454,-1
1788563889.6090,3406129,V,514,452,-1
1788563889.7056,3406143,V,546,480,46722
1788563889.7057,3406151,V,507,446,-1
1788563889.7058,3406159,V,521,458,-1
1788563889.7058,3406167,V,491,432,-1
1788563889.7058,3406175,V,505,444,-1
1788563889.7058,3406183,V,520,457,-1
1788563889.7547,3406196,V,506,445,46723
1788563889.7548,3406204,V,518,455,-1
1788563889.7548,3406212,V,521,458,-1
1788563889.7548,3406220,V,501,440,-1
1788563889.7548,3406228,V,532,468,-1
1788563889.7548,3406236,V,523,460,-1
1788563889.8042,3406250,V,509,447,46724
1788563889.8042,3406258,V,519,456,-1
1788563889.8042,3406266,V,525,461,-1
1788563889.8043,3406274,V,508,446,-1
1788563889.8043,3406282,V,514,452,-1
1788563889.8043,3406290,V,526,462,-1
1788563889.8530,3406304,V,505,444,46725
1788563889.8531,3406312,V,536,471,-1
1788563889.8531,3406320,V,489,430,-1
1788563889.8531,3406328,V,534,469,-1
1788563889.8531,3406336,V,510,448,-1
1788563889.8531,3406344,V,504,443,-1
1788563889.9029,3406358,V,525,461,46726
1788563889.9029,3406366,V,490,431,-1
1788563889.9029,3406374,V,527,463,-1
1788563889.9029,3406382,V,517,454,-1
1788563889.9029,3406390,V,495,435,-1
1788563889.9029,3406398,V,509,447,-1
1788563889.9532,3406412,V,521,458,46727
1788563889.9534,3406420,V,550,483,-1
1788563889.9534,3406428,V,527,463,-1
1788563889.9534,3406436,V,498,438,-1
1788563889.9534,3406444,V,505,444,-1
1788563889.9534,3406452,V,543,477,-1
1788563889.9984,3406465,V,519,456,46728
1788563889.9984,3406473,V,495,435,-1
1788563889.9984,3406481,V,493,433,-1
1788563889.9984,3406489,V,537,472,-1
1788563889.9984,3406497,V,506,445,-1
1788563889.9984,3406505,V,507,446,-1
1788563890.0470,3406519,V,506,445,46729
1788563890.0470,3406527,V,517,454,-1
1788563890.0470,3406535,V,491,432,-1
1788563890.0470,3406543,V,489,430,-1
1788563890.0470,3406551,V,539,474,-1
1788563890.0470,3406559,V,523,460,-1
1788563890.0959,3406573,V,509,447,46730
1788563890.0959,3406581,V,499,439,-1
1788563890.0959,3406589,V,491,432,-1
1788563890.0959,3406597,V,513,451,-1
1788563890.0959,3406605,V,507,446,-1
1788563890.0959,3406613,V,519,456,-1
1788563890.1444,3406626,V,518,455,46731
1788563890.1444,3406634,V,505,444,-1
1788563890.1444,3406642,V,526,462,-1
1788563890.1445,3406650,V,492,432,-1
1788563890.1445,3406658,V,506,445,-1
1788563890.1445,3406666,V,515,453,-1
1788563890.2435,3406680,V,521,458,46732
1788563890.2436,3406688,V,515,453,-1
1788563890.2436,3406696,V,520,457,-1
1788563890.2436,3406704,V,530,466,-1
1788563890.2436,3406712,V,479,421,-1
1788563890.2436,3406720,V,509,447,-1
1788563890.2903,3406734,V,533,468,46733
1788563890.2903,3406742,V,503,442,-1
1788563890.2903,3406750,V,501,440,-1
1788563890.2903,3406758,V,518,455,-1
1788563890.2903,3406766,V,532,468,-1
1788563890.2903,3406774,V,507,446,-1
1788563890.3391,3406788,V,500,439,46734
1788563890.3391,3406796,V,535,470,-1
1788563890.3391,3406804,V,505,444,-1
1788563890.3391,3406812,V,537,472,-1
1788563890.3391,3406820,V,519,456,-1
1788563890.3391,3406828,V,537,472,-1
1788563890.3879,3406841,V,491,432,46735
1788563890.3880,3406849,V,486,427,-1
1788563890.3880,3406857,V,533,468,-1
1788563890.3880,3406865,V,521,458,-1
1788563890.3880,3406873,V,518,455,-1
1788563890.3880,3406881,V,496,436,-1
1788563890.4375,3406895,V,530,466,46736
1788563890.4375,3406903,V,518,455,-1
1788563890.4376,3406911,V,510,448,-1
1788563890.4376,3406919,V,502,441,-1
1788563890.4376,3406927,V,515,453,-1
1788563890.4376,3406935,V,489,430,-1
1788563890.4864,3406949,V,542,476,46737
1788563890.4865,3406957,V,504,443,-1
1788563890.4865,3406965,V,524,461,-1
1788563890.4866,3406973,V,513,451,-1
1788563890.4866,3406981,V,499,439,-1
1788563890.4866,3406989,V,500,439,-1
1788563890.5843,3407002,V,519,456,46738
1788563890.5843,3407010,V,497,437,-1
1788563890.5843,3407018,V,501,440,-1
1788563890.5843,3407026,V,516,454,-1
1788563890.5843,3407034,V,505,444,-1
1788563890.5843,3407042,V,508,446,-1
1788563890.5846,3407056,V,527,463,46739
1788563890.5846,3407064,V,480,422,-1
1788563890.5846,3407072,V,514,452,-1
1788563890.5846,3407080,V,503,442,-1
1788563890.5846,3407088,V,492,432,-1
1788563890.5846,3407096,V,504,443,-1
1788563890.6804,3407110,V,540,475,46740
1788563890.6804,3407118,V,523,460,-1
1788563890.6804,3407126,V,512,450,-1
1788563890.6804,3407134,V,510,448,-1
1788563890.6804,3407142,V,524,461,-1
1788563890.6804,3407150,V,510,448,-1
1788563890.7291,3407164,V,500,439,46741
1788563890.7293,3407172,V,510,448,-1
1788563890.7293,3407180,V,525,461,-1
1788563890.7293,3407188,V,527,463,-1
1788563890.7293,3407196,V,519,456,-1
1788563890.7293,3407204,V,531,467,-1
1788563890.7797,3407217,V,503,442,46742
1788563890.7797,3407225,V,522,459,-1
1788563890.7798,3407233,V,505,444,-1
1788563890.7798,3407241,V,493,433,-1
1788563890.7798,3407249,V,530,466,-1
1788563890.7798,3407257,V,498,438,-1
1788563890.8275,3407271,V,502,441,46743
1788563890.8275,3407279,V,532,468,-1
1788563890.8275,3407287,V,496,436,-1
1788563890.8275,3407295,V,535,470,-1
1788563890.8275,3407303,V,518,455,-1
1788563890.8275,3407311,V,537,472,-1
1788563890.8753,3407325,V,502,441,46744
1788563890.8753,3407333,V,523,460,-1
1788563890.8753,3407341,V,515,453,-1
1788563890.8753,3407349,V,504,443,-1
1788563890.8753,3407357,V,499,439,-1
1788563890.8754,3407365,V,503,442,-1
1788563890.9242,3407379,V,503,442,46745
1788563890.9242,3407387,V,520,457,-1
1788563890.9242,3407395,V,493,433,-1
1788563890.9242,3407403,V,502,441,-1
1788563890.9242,3407411,V,510,448,-1
1788563890.9242,3407419,V,504,443,-1
1788563890.9729,3407432,V,494,434,46746
1788563890.9730,3407440,V,468,411,-1
1788563890.9731,3407448,V,500,439,-1
1788563890.9731,3407456,V,490,431,-1
1788563890.9731,3407464,V,506,445,-1
1788563890.9731,3407472,V,514,452,-1
1788563891.0214,3407531,KEYUP,,,
1788563891.0228,3407486,V,508,446,46747
1788563891.0228,3407494,V,498,438,-1
1788563891.0228,3407502,V,501,440,-1
1788563891.0228,3407510,V,501,440,-1
1788563891.0228,3407518,V,546,480,-1
1788563891.0228,3407526,V,513,451,-1
1788563891.1200,3407540,V,514,452,46748
1788563891.1200,3407548,V,498,438,-1
1788563891.1200,3407556,V,529,465,-1
1788563891.1200,3407564,V,508,446,-1
1788563891.1200,3407572,V,530,466,-1
1788563891.1200,3407580,V,514,452,-1
1788563891.1201,3407594,V,512,450,46749
1788563891.1201,3407602,V,520,457,-1
1788563891.1201,3407610,V,532,468,-1
1788563891.1201,3407618,V,491,432,-1
1788563891.1201,3407626,V,502,441,-1
1788563891.1201,3407634,V,522,459,-1
1788563891.1679,3407648,KEYDOWN,,,
1788563891.1701,3407647,V,569,500,46750
1788563891.1701,3407655,V,489,430,-1
1788563891.1701,3407663,V,532,468,-1
1788563891.1701,3407671,V,532,468,-1
1788563891.1701,3407679,V,518,455,-1
1788563891.1701,3407687,V,540,475,-1
1788563891.3142,3407702,V,520,457,46751
1788563891.3143,3407710,V,504,443,-1
1788563891.3144,3407718,V,522,459,-1
1788563891.3144,3407726,V,517,454,-1
1788563891.3144,3407734,V,501,440,-1
1788563891.3144,3407742,V,502,441,-1
1788563891.3154,3407755,V,524,461,46752
1788563891.3154,3407763,V,509,447,-1
1788563891.3154,3407771,V,521,458,-1
1788563891.3154,3407779,V,516,454,-1
1788563891.3154,3407787,V,510,448,-1
1788563891.3154,3407795,V,503,442,-1
1788563891.3641,3407809,V,515,453,46753
1788563891.3641,3407817,V,515,453,-1
1788563891.3641,3407825,V,493,433,-1
1788563891.3641,3407833,V,505,444,-1
1788563891.3641,3407841,V,507,446,-1
1788563891.3641,3407849,V,510,448,-1
1788563891.4127,3407863,V,485,426,46754
1788563891.4128,3407871,V,518,455,-1
1788563891.4128,3407879,V,505,444,-1
1788563891.4128,3407887,V,516,454,-1
1788563891.4128,3407895,V,521,458,-1
1788563891.4128,3407903,V,526,462,-1
1788563891.5091,3407916,V,521,458,46755
1788563891.5091,3407924,V,521,458,-1
1788563891.5091,3407932,V,510,448,-1
1788563891.5091,3407940,V,530,466,-1
1788563891.5092,3407948,V,521,458,-1
1788563891.5092,3407956,V,511,449,-1
1788563891.5104,3407970,V,507,446,46756
1788563891.5104,3407978,V,495,435,-1
1788563891.5104,3407986,V,524,461,-1
1788563891.5104,3407994,V,518,455,-1
1788563891.5104,3408002,V,539,474,-1
1788563891.5105,3408010,V,525,461,-1
1788563891.5596,3408024,V,512,450,46757
1788563891.5597,3408032,V,514,452,-1
1788563891.5597,3408040,V,498,438,-1
1788563891.5597,3408048,V,521,458,-1
1788563891.5597,3408056,V,522,459,-1
1788563891.5597,3408064,V,507,446,-1
1788563891.6070,3408078,V,518,455,46758
1788563891.6070,3408086,V,519,456,-1
1788563891.6070,3408094,V,510,448,-1
1788563891.6070,3408102,V,528,464,-1
1788563891.6070,3408110,V,502,441,-1
1788563891.6071,3408118,V,513,451,-1
1788563891.6556,3408131,V,504,443,46759
1788563891.6556,3408139,V,488,429,-1
1788563891.6556,3408147,V,512,450,-1
1788563891.6556,3408155,V,531,467,-1
1788563891.6556,3408163,V,501,440,-1
1788563891.6557,3408171,V,534,469,-1
1788563891.7059,3408185,V,498,438,46760
1788563891.7059,3408193,V,484,425,-1
1788563891.7059,3408201,V,516,454,-1
1788563891.7059,3408209,V,515,453,-1
1788563891.7060,3408217,V,521,458,-1
1788563891.7060,3408225,V,535,470,-1
1788563891.8021,3408239,V,482,424,46761
1788563891.8022,3408247,V,494,434,-1
1788563891.8022,3408255,V,527,463,-1
1788563891.8022,3408263,V,491,432,-1
1788563891.8022,3408271,V,505,444,-1
1788563891.8022,3408279,V,537,472,-1
1788563891.8508,3408293,V,503,442,46762
1788563891.8508,3408301,V,512,450,-1
1788563891.8508,3408309,V,536,471,-1
1788563891.8508,3408317,V,491,432,-1
1788563891.8509,3408325,V,503,442,-1
1788563891.8509,3408333,V,538,473,-1
1788563891.8994,3408346,V,491,432,46763
1788563891.8995,3408354,V,527,463,-1
1788563891.8995,3408362,V,524,461,-1
1788563891.8995,3408370,V,512,450,-1
1788563891.8995,3408378,V,486,427,-1
1788563891.8995,3408386,V,543,477,-1
1788563891.9483,3408400,V,512,450,46764
1788563891.9483,3408408,V,525,461,-1
1788563891.9483,3408416,V,494,434,-1
1788563891.9483,3408424,V,532,468,-1
1788563891.9483,3408432,V,510,448,-1
1788563891.9483,3408440,V,499,439,-1
1788563891.9987,3408454,V,489,430,46765
1788563891.9987,3408462,V,558,490,-1
1788563891.9988,3408470,V,496,436,-1
1788563891.9988,3408478,V,538,473,-1
1788563891.9988,3408486,V,516,454,-1
1788563891.9988,3408494,V,537,472,-1
1788563892.0479,3408507,V,516,454,46766
1788563892.0480,3408515,V,505,444,-1
1788563892.0480,3408523,V,536,471,-1
1788563892.0480,3408531,V,517,454,-1
1788563892.0481,3408539,V,526,462,-1
1788563892.0481,3408547,V,507,446,-1
1788563892.1434,3408561,V,515,453,46767
1788563892.1434,3408569,V,513,451,-1
1788563892.1435,3408577,V,511,449,-1
1788563892.1435,3408585,V,515,453,-1
1788563892.1435,3408593,V,503,442,-1
1788563892.1435,3408601,V,488,429,-1
1788563892.1445,3408615,V,511,449,46768
1788563892.1445,3408623,V,516,454,-1
1788563892.1445,3408631,V,481,423,-1
1788563892.1445,3408639,V,510,448,-1
1788563892.1445,3408647,V,507,446,-1
1788563892.1445,3408655,V,498,438,-1
1788563892.1918,3408669,V,486,427,46769
1788563892.1918,3408677,V,522,459,-1
1788563892.1918,3408685,V,505,444,-1
1788563892.1918,3408693,V,496,436,-1
1788563892.1920,3408701,V,529,465,-1
1788563892.1920,3408709,V,503,442,-1
1788563892.2409,3408722,V,515,453,46770
1788563892.2410,3408730,V,490,431,-1
1788563892.2410,3408738,V,501,440,-1
1788563892.2410,3408746,V,504,443,-1
1788563892.2410,3408754,V,513,451,-1
1788563892.2410,3408762,V,506,445,-1
1788563892.3403,3408776,V,489,430,46771
1788563892.3404,3408784,V,517,454,-1
1788563892.3404,3408792,V,518,455,-1
1788563892.3404,3408800,V,522,459,-1
1788563892.3404,3408808,V,510,448,-1
1788563892.3404,3408816,V,525,461,-1
1788563892.3872,3408830,V,526,462,46772
1788563892.3873,3408838,V,510,448,-1
1788563892.3873,3408846,V,492,432,-1
1788563892.3873,3408854,V,517,454,-1
1788563892.3873,3408862,V,523,460,-1
1788563892.3874,3408870,V,501,440,-1
1788563892.4352,3408884,V,517,454,46773
1788563892.4352,3408892,V,488,429,-1
1788563892.4352,3408900,V,494,434,-1
1788563892.4352,3408908,V,518,455,-1
1788563892.4352,3408916,V,508,446,-1
1788563892.4352,3408924,V,510,448,-1
1788563892.4843,3408937,V,532,468,46774
1788563892.4843,3408945,V,506,445,-1
1788563892.4843,3408953,V,484,425,-1
1788563892.4843,3408961,V,493,433,-1
1788563892.4843,3408969,V,493,433,-1
1788563892.4843,3408977,V,509,447,-1
1788563892.5331,3408991,V,506,445,46775
1788563892.5331,3408999,V,506,445,-1
1788563892.5331,3409007,V,537,472,-1
1788563892.5331,3409015,V,511,449,-1
1788563892.5331,3409023,V,486,427,-1
1788563892.5331,3409031,V,481,423,-1
1788563892.5835,3409045,V,510,448,46776
1788563892.5836,3409053,V,501,440,-1
1788563892.5836,3409061,V,501,440,-1
1788563892.5836,3409069,V,493,433,-1
1788563892.5836,3409077,V,516,454,-1
1788563892.5836,3409085,V,490,431,-1
1788563892.6312,3409099,V,538,473,46777
1788563892.6312,3409107,V,506,445,-1
1788563892.6312,3409115,V,480,422,-1
1788563892.6312,3409123,V,479,421,-1
1788563892.6312,3409131,V,527,463,-1
1788563892.6312,3409139,V,512,450,-1
1788563892.6790,3409180,KEYUP,,,
1788563892.6803,3409152,V,516,454,46778
1788563892.6803,3409160,V,506,445,-1
1788563892.6803,3409168,V,501,440,-1
1788563892.6803,3409176,V,511,449,-1
1788563892.6803,3409184,V,513,451,-1
1788563892.6803,3409192,V,496,436,-1
1788563892.7280,3409206,V,493,433,46779
1788563892.7280,3409214,V,473,416,-1
1788563892.7280,3409222,V,533,468,-1
1788563892.7280,3409230,V,512,450,-1
1788563892.7280,3409238,V,532,468,-1
1788563892.7280,3409246,V,491,432,-1
1788563892.7767,3409270,KEYDOWN,,,
1788563892.8256,3409260,V,505,444,46780
1788563892.8257,3409268,V,513,451,-1
1788563892.8257,3409276,V,488,429,-1
1788563892.8257,3409284,V,508,446,-1
1788563892.8257,3409292,V,489,430,-1
1788563892.8257,3409300,V,550,483,-1
1788563892.8762,3409314,V,522,459,46781
1788563892.8762,3409322,V,535,470,-1
1788563892.8762,3409330,V,489,430,-1
1788563892.8762,3409338,V,523,460,-1
1788563892.8762,3409346,V,502,441,-1
1788563892.8762,3409354,V,514,452,-1
1788563892.9246,3409368,V,496,436,46782
1788563892.9246,3409376,V,503,442,-1
1788563892.9246,3409384,V,514,452,-1
1788563892.9246,3409392,V,516,454,-1
1788563892.9246,3409400,V,507,446,-1
1788563892.9246,3409408,V,499,439,-1
1788563892.9755,3409421,V,504,443,46783
1788563892.9755,3409429,V,518,455,-1
1788563892.9755,3409437,V,499,439,-1
1788563892.9755,3409445,V,502,441,-1
1788563892.9755,3409453,V,530,466,-1
1788563892.9755,3409461,V,532,468,-1
1788563893.0227,3409475,V,512,450,46784
1788563893.0227,3409483,V,510,448,-1
1788563893.0228,3409491,V,512,450,-1
1788563893.0228,3409499,V,515,453,-1
1788563893.0228,3409507,V,524,461,-1
1788563893.0228,3409515,V,515,453,-1
1788563893.0699,3409529,V,525,461,46785
1788563893.0700,3409537,V,515,453,-1
1788563893.0700,3409545,V,517,454,-1
1788563893.0700,3409553,V,541,475,-1
1788563893.0700,3409561,V,512,450,-1
1788563893.0700,3409569,V,521,458,-1
1788563893.1177,3409583,V,527,463,46786
1788563893.1177,3409591,V,525,461,-1
1788563893.1177,3409599,V,543,477,-1
1788563893.1177,3409607,V,521,458,-1
1788563893.1177,3409615,V,521,458,-1
1788563893.1177,3409623,V,513,451,-1
1788563893.2160,3409636,V,503,442,46787
1788563893.2160,3409644,V,531,467,-1
1788563893.2160,3409652,V,502,441,-1
1788563893.2160,3409660,V,493,433,-1
1788563893.2160,3409668,V,487,428,-1
1788563893.2160,3409676,V,517,454,-1
1788563893.2171,3409690,V,494,434,46788
1788563893.2171,3409698,V,514,452,-1
1788563893.2171,3409706,V,533,468,-1
1788563893.2171,3409714,V,523,460,-1
1788563893.2172,3409722,V,510,448,-1
1788563893.2172,3409730,V,508,446,-1
1788563893.2662,3409744,V,540,475,46789
1788563893.2662,3409752,V,501,440,-1
1788563893.2662,3409760,V,504,443,-1
1788563893.2662,3409768,V,504,443,-1
1788563893.2662,3409776,V,516,454,-1
1788563893.2662,3409784,V,510,448,-1
1788563893.3644,3409798,V,535,470,46790
1788563893.3645,3409806,V,512,450,-1
1788563893.3645,3409814,V,514,452,-1
1788563893.3645,3409822,V,516,454,-1
1788563893.3645,3409830,V,509,447,-1
1788563893.3645,3409838,V,492,432,-1
1788563893.4116,3409851,V,512,450,46791
1788563893.4116,3409859,V,503,442,-1
1788563893.4116,3409867,V,502,441,-1
1788563893.4116,3409875,V,499,439,-1
1788563893.4116,3409883,V,515,453,-1
1788563893.4116,3409891,V,508,446,-1
1788563893.4609,3409905,V,518,455,46792
1788563893.4609,3409913,V,505,444,-1
1788563893.4609,3409921,V,502,441,-1
1788563893.4609,3409929,V,497,437,-1
1788563893.4609,3409937,V,530,466,-1
1788563893.4609,3409945,V,485,426,-1
1788563893.5091,3409959,V,503,442,46793
1788563893.5091,3409967,V,530,466,-1
1788563893.5091,3409975,V,487,428,-1
1788563893.5091,3409983,V,516,454,-1
1788563893.5091,3409991,V,518,455,-1
1788563893.5091,3409999,V,499,439,-1
1788563893.5570,3410013,V,508,446,46794
1788563893.5570,3410021,V,496,436,-1
1788563893.5570,3410029,V,511,449,-1
1788563893.5570,3410037,V,515,453,-1
1788563893.5570,3410045,V,537,472,-1
1788563893.5570,3410053,V,517,454,-1
1788563893.6054,3410066,V,512,450,46795
1788563893.6055,3410074,V,508,446,-1
1788563893.6055,3410082,V,511,449,-1
1788563893.6055,3410090,V,520,457,-1
1788563893.6055,3410098,V,518,455,-1
1788563893.6055,3410106,V,514,452,-1
1788563893.6560,3410120,V,496,436,46796
1788563893.6560,3410128,V,498,438,-1
1788563893.6560,3410136,V,500,439,-1
1788563893.6560,3410144,V,505,444,-1
1788563893.6560,3410152,V,511,449,-1
1788563893.6560,3410160,V,501,440,-1
1788563893.7048,3410174,V,507,446,46797
1788563893.7048,3410182,V,490,431,-1
1788563893.7049,3410190,V,510,448,-1
1788563893.7049,3410198,V,507,446,-1
1788563893.7049,3410206,V,478,420,-1
1788563893.7049,3410214,V,510,448,-1
1788563893.7520,3410228,V,507,446,46798
1788563893.7520,3410236,V,526,462,-1
1788563893.7520,3410244,V,497,437,-1
1788563893.7520,3410252,V,535,470,-1
1788563893.7520,3410260,V,529,465,-1
1788563893.7520,3410268,V,508,446,-1
1788563893.8015,3410281,V,516,454,46799
1788563893.8016,3410289,V,511,449,-1
1788563893.8016,3410297,V,503,442,-1
1788563893.8016,3410305,V,509,447,-1
1788563893.8016,3410313,V,477,419,-1
1788563893.8016,3410321,V,505,444,-1
1788563893.9003,3410335,V,531,467,46800
1788563893.9004,3410343,V,540,475,-1
1788563893.9004,3410351,V,523,460,-1
1788563893.9005,3410359,V,508,446,-1
1788563893.9005,3410367,V,525,461,-1
1788563893.9005,3410375,V,512,450,-1
1788563893.9478,3410389,V,518,455,46801
1788563893.9478,3410397,V,496,436,-1
1788563893.9478,3410405,V,501,440,-1
1788563893.9478,3410413,V,499,439,-1
1788563893.9478,3410421,V,524,461,-1
1788563893.9478,3410429,V,487,428,-1
1788563893.9968,3410443,V,530,466,46802
1788563893.9968,3410451,V,505,444,-1
1788563893.9968,3410459,V,549,483,-1
1788563893.9968,3410467,V,521,458,-1
1788563893.9969,3410475,V,518,455,-1
1788563893.9969,3410483,V,517,454,-1
1788563894.0457,3410496,V,504,443,46803
1788563894.0457,3410504,V,480,422,-1
1788563894.0457,3410512,V,504,443,-1
1788563894.0457,3410520,V,544,478,-1
1788563894.0457,3410528,V,514,452,-1
1788563894.0457,3410536,V,497,437,-1
1788563894.0946,3410550,V,479,421,46804
1788563894.0946,3410558,V,526,462,-1
1788563894.0946,3410566,V,508,446,-1
1788563894.0946,3410574,V,517,454,-1
1788563894.0946,3410582,V,504,443,-1
1788563894.0946,3410590,V,525,461,-1
1788563894.1436,3410604,V,515,453,46805
1788563894.1437,3410612,V,488,429,-1
1788563894.1437,3410620,V,506,445,-1
1788563894.1437,3410628,V,529,465,-1
1788563894.1437,3410636,V,499,439,-1
1788563894.1437,3410644,V,516,454,-1
1788563894.1920,3410658,V,501,440,46806
1788563894.1920,3410666,V,533,468,-1
1788563894.1920,3410674,V,501,440,-1
1788563894.1920,3410682,V,515,453,-1
1788563894.1921,3410690,V,514,452,-1
1788563894.1921,3410698,V,499,439,-1
1788563894.2407,3410711,V,493,433,46807
1788563894.2407,3410719,V,497,437,-1
1788563894.2407,3410727,V,502,441,-1
1788563894.2408,3410735,V,515,453,-1
1788563894.2408,3410743,V,503,442,-1
1788563894.2408,3410751,V,521,458,-1
1788563894.2899,3410765,V,535,470,46808
1788563894.2899,3410773,V,481,423,-1
1788563894.2899,3410781,V,506,445,-1
1788563894.2899,3410789,V,509,447,-1
1788563894.2899,3410797,V,544,478,-1
1788563894.2899,3410805,V,519,456,-1
1788563894.3387,3410819,V,506,445,46809
1788563894.3387,3410827,V,533,468,-1
1788563894.3387,3410835,V,516,454,-1
1788563894.3387,3410843,V,506,445,-1
1788563894.3387,3410851,V,497,437,-1
1788563894.3387,3410859,V,515,453,-1
1788563894.4828,3410873,V,530,466,46810
1788563894.4829,3410881,V,530,466,-1
1788563894.4829,3410889,V,503,442,-1
1788563894.4829,3410897,V,515,453,-1
1788563894.4829,3410905,V,515,453,-1
1788563894.4829,3410913,V,518,455,-1
1788563894.4844,3410926,V,508,446,46811
1788563894.4844,3410934,V,528,464,-1
1788563894.4844,3410942,V,521,458,-1
1788563894.4844,3410950,V,499,439,-1
1788563894.4844,3410958,V,536,471,-1
1788563894.4844,3410966,V,510,448,-1
1788563894.5318,3410980,V,496,436,46812
1788563894.5318,3410988,V,531,467,-1
1788563894.5318,3410996,V,498,438,-1
1788563894.5318,3411004,V,515,453,-1
1788563894.5318,3411012,V,494,434,-1
1788563894.5318,3411020,V,514,452,-1
1788563894.6293,3411034,V,494,434,46813
1788563894.6293,3411042,V,525,461,-1
1788563894.6293,3411050,V,497,437,-1
1788563894.6294,3411058,V,494,434,-1
1788563894.6294,3411066,V,507,446,-1
1788563894.6294,3411074,V,494,434,-1
1788563894.6308,3411087,V,496,436,46814
1788563894.6308,3411095,V,500,439,-1
1788563894.6308,3411103,V,522,459,-1
1788563894.6308,3411111,V,514,452,-1
1788563894.6308,3411119,V,484,425,-1
1788563894.6308,3411127,V,505,444,-1
1788563894.6784,3411169,KEYUP,,,
1788563894.6798,3411141,V,475,417,46815
1788563894.6798,3411149,V,509,447,-1
1788563894.6798,3411157,V,495,435,-1
1788563894.6798,3411165,V,503,442,-1
1788563894.6798,3411173,V,496,436,-1
1788563894.6798,3411181,V,499,439,-1
1788563894.7765,3411195,V,506,445,46816
1788563894.7767,3411203,V,529,465,-1
1788563894.7767,3411211,V,506,445,-1
1788563894.7767,3411219,V,531,467,-1
1788563894.7767,3411227,V,497,437,-1
1788563894.7767,3411235,V,519,456,-1
1788563894.7770,3411249,V,534,469,46817
1788563894.7770,3411257,V,522,459,-1
1788563894.7770,3411265,V,514,452,-1
1788563894.7770,3411273,V,516,454,-1
1788563894.7770,3411281,V,517,454,-1
1788563894.7770,3411289,V,500,439,-1
1788563894.8264,3411339,KEYDOWN,,,
1788563894.8268,3411303,V,498,438,46818
1788563894.8268,3411311,V,490,431,-1
1788563894.8268,3411319,V,511,449,-1
1788563894.8268,3411327,V,507,446,-1
1788563894.8268,3411335,V,532,468,-1
1788563894.8268,3411343,V,510,448,-1
1788563894.9246,3411357,V,519,456,46819
1788563894.9246,3411365,V,502,441,-1
1788563894.9246,3411373,V,523,460,-1
1788563894.9246,3411381,V,511,449,-1
1788563894.9246,3411389,V,500,439,-1
1788563894.9246,3411397,V,549,483,-1
1788563894.9728,3411410,V,496,436,46820
1788563894.9729,3411418,V,513,451,-1
1788563894.9729,3411426,V,507,446,-1
1788563894.9729,3411434,V,538,473,-1
1788563894.9729,3411442,V,475,417,-1
1788563894.9729,3411450,V,527,463,-1
1788563895.0222,3411464,V,543,477,46821
1788563895.0223,3411472,V,515,453,-1
1788563895.0223,3411480,V,519,456,-1
1788563895.0223,3411488,V,482,424,-1
1788563895.0223,3411496,V,497,437,-1
1788563895.0223,3411504,V,511,449,-1
1788563895.0703,3411518,V,488,429,46822
1788563895.0703,3411526,V,505,444,-1
1788563895.0703,3411534,V,493,433,-1
1788563895.0703,3411542,V,516,454,-1
1788563895.0703,3411550,V,481,423,-1
1788563895.0703,3411558,V,519,456,-1
1788563895.1184,3411571,V,491,432,46823
1788563895.1184,3411579,V,498,438,-1
1788563895.1184,3411587,V,521,458,-1
1788563895.1184,3411595,V,495,435,-1
1788563895.1184,3411603,V,499,439,-1
1788563895.1184,3411611,V,531,467,-1
1788563895.1670,3411625,V,530,466,46824
1788563895.1670,3411633,V,512,450,-1
1788563895.1670,3411641,V,555,488,-1
1788563895.1670,3411649,V,521,458,-1
1788563895.1670,3411657,V,515,453,-1
1788563895.1670,3411665,V,484,425,-1
1788563895.2166,3411679,V,480,422,46825
1788563895.2166,3411687,V,479,421,-1
1788563895.2166,3411695,V,500,439,-1
1788563895.2166,3411703,V,520,457,-1
1788563895.2166,3411711,V,524,461,-1
1788563895.2166,3411719,V,487,428,-1
1788563895.3140,3411733,V,497,437,46826
1788563895.3140,3411741,V,488,429,-1
1788563895.3140,3411749,V,511,449,-1
1788563895.3140,3411757,V,490,431,-1
1788563895.3140,3411765,V,515,453,-1
1788563895.3140,3411773,V,531,467,-1
1788563895.3622,3411786,V,503,442,46827
1788563895.3622,3411794,V,524,461,-1
1788563895.3622,3411802,V,524,461,-1
1788563895.3622,3411810,V,518,455,-1
1788563895.3622,3411818,V,506,445,-1
1788563895.3622,3411826,V,531,467,-1
1788563895.3624,3411840,V,565,497,46828
1788563895.3624,3411848,V,498,438,-1
1788563895.3624,3411856,V,500,439,-1
1788563895.3624,3411864,V,535,470,-1
1788563895.3624,3411872,V,519,456,-1
1788563895.3624,3411880,V,515,453,-1
1788563895.4580,3411894,V,498,438,46829
1788563895.4580,3411902,V,486,427,-1
1788563895.4580,3411910,V,499,439,-1
1788563895.4580,3411918,V,515,453,-1
1788563895.4580,3411926,V,533,468,-1
1788563895.4580,3411934,V,507,446,-1
1788563895.5081,3411947,V,533,468,46830
1788563895.5081,3411955,V,524,461,-1
1788563895.5081,3411963,V,505,444,-1
1788563895.5081,3411971,V,486,427,-1
1788563895.5081,3411979,V,496,436,-1
1788563895.5081,3411987,V,500,439,-1
1788563895.5557,3412001,V,488,429,46831
1788563895.5558,3412009,V,507,446,-1
1788563895.5558,3412017,V,518,455,-1
1788563895.5558,3412025,V,500,439,-1
1788563895.5558,3412033,V,517,454,-1
1788563895.5558,3412041,V,543,477,-1
1788563895.6064,3412055,V,509,447,46832
1788563895.6064,3412063,V,516,454,-1
1788563895.6064,3412071,V,522,459,-1
1788563895.6064,3412079,V,515,453,-1
1788563895.6064,3412087,V,525,461,-1
1788563895.6064,3412095,V,520,457,-1
1788563895.6546,3412109,V,502,441,46833
1788563895.6546,3412117,V,505,444,-1
1788563895.6546,3412125,V,528,464,-1
1788563895.6546,3412133,V,510,448,-1
1788563895.6546,3412141,V,517,454,-1
1788563895.6546,3412149,V,532,468,-1
1788563895.7031,3412162,V,512,450,46834
1788563895.7031,3412170,V,518,455,-1
1788563895.7031,3412178,V,530,466,-1
1788563895.7031,3412186,V,502,441,-1
1788563895.7031,3412194,V,523,460,-1
1788563895.7031,3412202,V,501,440,-1
1788563895.7523,3412216,V,505,444,46835
1788563895.7523,3412224,V,517,454,-1
1788563895.7523,3412232,V,501,440,-1
1788563895.7523,3412240,V,523,460,-1
1788563895.7523,3412248,V,499,439,-1
1788563895.7523,3412256,V,501,440,-1
1788563895.8012,3412270,V,532,468,46836
1788563895.8013,3412278,V,568,499,-1
1788563895.8014,3412286,V,490,431,-1
1788563895.8014,3412294,V,519,456,-1
1788563895.8014,3412302,V,489,430,-1
1788563895.8014,3412310,V,510,448,-1
1788563895.8497,3412324,V,512,450,46837
1788563895.8497,3412332,V,534,469,-1
1788563895.8497,3412340,V,506,445,-1
1788563895.8497,3412348,V,502,441,-1
1788563895.8497,3412356,V,499,439,-1
1788563895.8498,3412364,V,517,454,-1
1788563895.8995,3412377,V,523,460,46838
1788563895.8996,3412385,V,510,448,-1
1788563895.8996,3412393,V,504,443,-1
1788563895.8996,3412401,V,491,432,-1
1788563895.8996,3412409,V,505,444,-1
1788563895.8996,3412417,V,543,477,-1
1788563895.9964,3412431,V,471,414,46839
1788563895.9964,3412439,V,521,458,-1
1788563895.9965,3412447,V,503,442,-1
1788563895.9965,3412455,V,511,449,-1
1788563895.9965,3412463,V,481,423,-1
1788563895.9965,3412471,V,523,460,-1
1788563896.0428,3412485,V,493,433,46840
1788563896.0429,3412493,V,498,438,-1
1788563896.0429,3412501,V,497,437,-1
1788563896.0429,3412509,V,503,442,-1
1788563896.0429,3412517,V,490,431,-1
1788563896.0429,3412525,V,495,435,-1
1788563896.0930,3412584,KEYUP,,,
1788563896.0931,3412538,V,528,464,46841
1788563896.0931,3412546,V,493,433,-1
1788563896.0931,3412554,V,521,458,-1
1788563896.0931,3412562,V,504,443,-1
1788563896.0931,3412570,V,513,451,-1
1788563896.0931,3412578,V,523,460,-1
1788563896.1420,3412592,V,486,427,46842
1788563896.1420,3412600,V,513,451,-1
1788563896.1420,3412608,V,495,435,-1
1788563896.1420,3412616,V,506,445,-1
1788563896.1420,3412624,V,509,447,-1
1788563896.1420,3412632,V,535,470,-1
1788563896.1911,3412646,V,484,425,46843
1788563896.1911,3412654,V,487,428,-1
1788563896.1911,3412662,V,495,435,-1
1788563896.1911,3412670,V,523,460,-1
1788563896.1911,3412678,V,509,447,-1
1788563896.1911,3412686,V,508,446,-1
1788563896.2383,3412728,KEYDOWN,,,
1788563896.2399,3412700,V,510,448,46844
1788563896.2399,3412708,V,491,432,-1
1788563896.2399,3412716,V,501,440,-1
1788563896.2399,3412724,V,512,450,-1
1788563896.2399,3412732,V,515,453,-1
1788563896.2399,3412740,V,568,499,-1
1788563896.2887,3412754,V,516,454,46845
1788563896.2888,3412762,V,469,412,-1
1788563896.2888,3412770,V,497,437,-1
1788563896.2888,3412778,V,509,447,-1
1788563896.2888,3412786,V,520,457,-1
1788563896.2889,3412794,V,495,435,-1
1788563896.3374,3412808,V,515,453,46846
1788563896.3375,3412816,V,513,451,-1
1788563896.3375,3412824,V,526,462,-1
1788563896.3375,3412832,V,527,463,-1
1788563896.3375,3412840,V,513,451,-1
1788563896.3375,3412848,V,496,436,-1
1788563896.3867,3412862,V,520,457,46847
1788563896.3867,3412870,V,506,445,-1
1788563896.3867,3412878,V,509,447,-1
1788563896.3867,3412886,V,485,426,-1
1788563896.3867,3412894,V,519,456,-1
1788563896.3867,3412902,V,497,437,-1
