host_epoch_s,device_ms,kind,raw_adc,millivolts,seq
1788813348.4970,251915,V,706,621,2712
1788813348.4970,251923,V,930,817,-1
1788813348.4970,251931,V,965,848,-1
1788813348.4970,251939,V,993,873,-1
1788813348.4970,251947,V,1006,884,-1
1788813348.4970,251955,V,1009,887,-1
1788813348.5446,251968,V,1006,884,2713
1788813348.5446,251976,V,1001,880,-1
1788813348.5447,251984,V,994,874,-1
1788813348.5447,251992,V,991,871,-1
1788813348.5447,252000,V,992,872,-1
1788813348.5447,252008,V,998,877,-1
1788813348.5941,252050,KEYDOWN,,,
1788813348.5958,252022,V,1003,882,2714
1788813348.5958,252030,V,1005,883,-1
1788813348.5958,252038,V,1008,886,-1
1788813348.5958,252046,V,1009,887,-1
1788813348.5958,252054,V,1007,885,-1
1788813348.5959,252062,V,1006,884,-1
1788813348.6421,252076,V,1005,883,2715
1788813348.6421,252084,V,1004,882,-1
1788813348.6421,252092,V,1005,883,-1
1788813348.6421,252100,V,1005,883,-1
1788813348.6421,252108,V,1006,884,-1
1788813348.6421,252116,V,1006,884,-1
1788813348.6907,252130,V,1006,884,2716
1788813348.6908,252138,V,1006,884,-1
1788813348.6909,252146,V,1005,883,-1
1788813348.6909,252154,V,1005,883,-1
1788813348.6909,252162,V,1005,883,-1
1788813348.6909,252170,V,1006,884,-1
1788813348.7888,252184,V,1005,883,2717
1788813348.7888,252192,V,1006,884,-1
1788813348.7888,252200,V,1005,883,-1
1788813348.7888,252208,V,1005,883,-1
1788813348.7888,252216,V,1004,882,-1
1788813348.7888,252224,V,1004,882,-1
1788813348.7905,252237,V,1004,882,2718
1788813348.7905,252245,V,1004,882,-1
1788813348.7905,252253,V,1004,882,-1
1788813348.7905,252261,V,1003,882,-1
1788813348.7905,252269,V,1002,881,-1
1788813348.7905,252277,V,1002,881,-1
1788813348.8386,252291,V,1002,881,2719
1788813348.8386,252299,V,1003,882,-1
1788813348.8386,252307,V,1002,881,-1
1788813348.8386,252315,V,1001,880,-1
1788813348.8387,252323,V,1002,881,-1
1788813348.8387,252331,V,1001,880,-1
1788813348.8854,252345,V,1000,879,2720
1788813348.8854,252353,V,1000,879,-1
1788813348.8854,252361,V,1000,879,-1
1788813348.8854,252369,V,1000,879,-1
1788813348.8854,252377,V,999,878,-1
1788813348.8854,252385,V,1000,879,-1
1788813348.9835,252398,V,1001,880,2721
1788813348.9837,252406,V,999,878,-1
1788813348.9837,252414,V,1001,880,-1
1788813348.9837,252422,V,999,878,-1
1788813348.9837,252430,V,1000,879,-1
1788813348.9837,252438,V,1000,879,-1
1788813349.0323,252452,V,998,877,2722
1788813349.0323,252460,V,998,877,-1
1788813349.0323,252468,V,998,877,-1
1788813349.0323,252476,V,998,877,-1
1788813349.0323,252484,V,998,877,-1
1788813349.0323,252492,V,997,876,-1
1788813349.0808,252506,V,997,876,2723
1788813349.0808,252514,V,997,876,-1
1788813349.0808,252522,V,997,876,-1
1788813349.0808,252530,V,996,875,-1
1788813349.0808,252538,V,995,875,-1
1788813349.0809,252546,V,996,875,-1
1788813349.1295,252559,V,995,875,2724
1788813349.1295,252567,V,995,875,-1
1788813349.1295,252575,V,995,875,-1
1788813349.1296,252583,V,995,875,-1
1788813349.1296,252591,V,994,874,-1
1788813349.1296,252599,V,993,873,-1
1788813349.2271,252613,V,993,873,2725
1788813349.2273,252621,V,995,875,-1
1788813349.2273,252629,V,994,874,-1
1788813349.2273,252637,V,994,874,-1
1788813349.2273,252645,V,994,874,-1
1788813349.2273,252653,V,994,874,-1
1788813349.2283,252667,V,994,874,2726
1788813349.2283,252675,V,995,875,-1
1788813349.2284,252683,V,994,874,-1
1788813349.2284,252691,V,994,874,-1
1788813349.2284,252699,V,994,874,-1
1788813349.2284,252707,V,994,874,-1
1788813349.2760,252720,V,994,874,2727
1788813349.2761,252728,V,993,873,-1
1788813349.2761,252736,V,995,875,-1
1788813349.2761,252744,V,995,875,-1
1788813349.2761,252752,V,995,875,-1
1788813349.2761,252760,V,994,874,-1
1788813349.3242,252774,V,995,875,2728
1788813349.3242,252782,V,994,874,-1
1788813349.3242,252790,V,995,875,-1
1788813349.3242,252798,V,994,874,-1
1788813349.3242,252806,V,994,874,-1
1788813349.3242,252814,V,994,874,-1
1788813349.3729,252828,V,995,875,2729
1788813349.3730,252836,V,996,875,-1
1788813349.3730,252844,V,994,874,-1
1788813349.3730,252852,V,995,875,-1
1788813349.3730,252860,V,994,874,-1
1788813349.3730,252868,V,994,874,-1
1788813349.4216,252881,V,994,874,2730
1788813349.4217,252889,V,994,874,-1
1788813349.4217,252897,V,994,874,-1
1788813349.4217,252905,V,995,875,-1
1788813349.4217,252913,V,995,875,-1
1788813349.4217,252921,V,995,875,-1
1788813349.5190,252935,V,995,875,2731
1788813349.5190,252943,V,994,874,-1
1788813349.5190,252951,V,995,875,-1
1788813349.5190,252959,V,995,875,-1
1788813349.5190,252967,V,994,874,-1
1788813349.5190,252975,V,994,874,-1
1788813349.5681,252989,V,994,874,2732
1788813349.5681,252997,V,995,875,-1
1788813349.5681,253005,V,994,874,-1
1788813349.5681,253013,V,995,875,-1
1788813349.5681,253021,V,994,874,-1
1788813349.5681,253029,V,995,875,-1
1788813349.6166,253043,V,994,874,2733
1788813349.6166,253051,V,995,875,-1
1788813349.6166,253059,V,994,874,-1
1788813349.6166,253067,V,995,875,-1
1788813349.6166,253075,V,996,875,-1
1788813349.6166,253083,V,995,875,-1
1788813349.6654,253096,V,995,875,2734
1788813349.6654,253104,V,994,874,-1
1788813349.6654,253112,V,995,875,-1
1788813349.6654,253120,V,994,874,-1
1788813349.6654,253128,V,994,874,-1
1788813349.6654,253136,V,994,874,-1
1788813349.7141,253150,V,995,875,2735
1788813349.7141,253158,V,994,874,-1
1788813349.7141,253166,V,994,874,-1
1788813349.7141,253174,V,994,874,-1
1788813349.7141,253182,V,994,874,-1
1788813349.7141,253190,V,994,874,-1
1788813349.7632,253204,V,995,875,2736
1788813349.7633,253212,V,996,875,-1
1788813349.7633,253220,V,993,873,-1
1788813349.7633,253228,V,995,875,-1
1788813349.7633,253236,V,993,873,-1
1788813349.7633,253244,V,993,873,-1
1788813349.8115,253257,V,994,874,2737
1788813349.8115,253265,V,994,874,-1
1788813349.8115,253273,V,994,874,-1
1788813349.8115,253281,V,995,875,-1
1788813349.8115,253289,V,995,875,-1
1788813349.8115,253297,V,995,875,-1
1788813349.8605,253311,V,993,873,2738
1788813349.8605,253319,V,994,874,-1
1788813349.8605,253327,V,993,873,-1
1788813349.8605,253335,V,994,874,-1
1788813349.8605,253343,V,993,873,-1
1788813349.8605,253351,V,994,874,-1
1788813349.9102,253365,V,995,875,2739
1788813349.9102,253373,V,995,875,-1
1788813349.9102,253381,V,993,873,-1
1788813349.9103,253389,V,995,875,-1
1788813349.9103,253397,V,994,874,-1
1788813349.9103,253405,V,993,873,-1
1788813350.0071,253419,V,995,875,2740
1788813350.0073,253427,V,995,875,-1
1788813350.0073,253435,V,994,874,-1
1788813350.0073,253443,V,996,875,-1
1788813350.0073,253451,V,995,875,-1
1788813350.0073,253459,V,995,875,-1
1788813350.0570,253472,V,995,875,2741
1788813350.0570,253480,V,995,875,-1
1788813350.0570,253488,V,994,874,-1
1788813350.0570,253496,V,995,875,-1
1788813350.0570,253504,V,995,875,-1
1788813350.0570,253512,V,995,875,-1
1788813350.1042,253526,V,994,874,2742
1788813350.1042,253534,V,994,874,-1
1788813350.1042,253542,V,993,873,-1
1788813350.1042,253550,V,996,875,-1
1788813350.1043,253558,V,994,874,-1
1788813350.1043,253566,V,994,874,-1
1788813350.1533,253580,V,995,875,2743
1788813350.1533,253588,V,994,874,-1
1788813350.1533,253596,V,994,874,-1
1788813350.1533,253604,V,996,875,-1
1788813350.1533,253612,V,993,873,-1
1788813350.1533,253620,V,994,874,-1
1788813350.2506,253633,V,994,874,2744
1788813350.2508,253641,V,993,873,-1
1788813350.2508,253649,V,995,875,-1
1788813350.2508,253657,V,994,874,-1
1788813350.2508,253665,V,994,874,-1
1788813350.2508,253673,V,994,874,-1
1788813350.2522,253687,V,994,874,2745
1788813350.2522,253695,V,994,874,-1
1788813350.2524,253703,V,994,874,-1
1788813350.2524,253711,V,994,874,-1
1788813350.2524,253719,V,994,874,-1
1788813350.2524,253727,V,995,875,-1
1788813350.3005,253741,V,995,875,2746
1788813350.3005,253749,V,995,875,-1
1788813350.3006,253757,V,995,875,-1
1788813350.3006,253765,V,995,875,-1
1788813350.3006,253773,V,995,875,-1
1788813350.3006,253781,V,995,875,-1
1788813350.3496,253794,V,995,875,2747
1788813350.3497,253802,V,996,875,-1
1788813350.3497,253810,V,995,875,-1
1788813350.3497,253818,V,995,875,-1
1788813350.3497,253826,V,996,875,-1
1788813350.3497,253834,V,995,875,-1
1788813350.3967,253848,V,996,875,2748
1788813350.3967,253856,V,995,875,-1
1788813350.3967,253864,V,996,875,-1
1788813350.3967,253872,V,996,875,-1
1788813350.3967,253880,V,995,875,-1
1788813350.3967,253888,V,995,875,-1
1788813350.4457,253901,V,995,875,2749
1788813350.4457,253909,V,996,875,-1
1788813350.4457,253917,V,996,875,-1
1788813350.4457,253925,V,995,875,-1
1788813350.4457,253933,V,995,875,-1
1788813350.4457,253941,V,995,875,-1
1788813350.5429,253955,V,995,875,2750
1788813350.5430,253963,V,996,875,-1
1788813350.5430,253971,V,996,875,-1
1788813350.5430,253979,V,995,875,-1
1788813350.5430,253987,V,997,876,-1
1788813350.5430,253995,V,996,875,-1
1788813350.5925,254009,V,997,876,2751
1788813350.5925,254017,V,995,875,-1
1788813350.5925,254025,V,997,876,-1
1788813350.5925,254033,V,996,875,-1
1788813350.5925,254041,V,996,875,-1
1788813350.5925,254049,V,996,875,-1
1788813350.6405,254063,V,997,876,2752
1788813350.6405,254071,V,996,875,-1
1788813350.6405,254079,V,995,875,-1
1788813350.6405,254087,V,996,875,-1
1788813350.6405,254095,V,996,875,-1
1788813350.6405,254103,V,995,875,-1
1788813350.6889,254116,V,996,875,2753
1788813350.6889,254124,V,997,876,-1
1788813350.6889,254132,V,995,875,-1
1788813350.6889,254140,V,995,875,-1
1788813350.6889,254148,V,997,876,-1
1788813350.6889,254156,V,996,875,-1
1788813350.7384,254170,V,997,876,2754
1788813350.7384,254178,V,996,875,-1
1788813350.7384,254186,V,996,875,-1
1788813350.7384,254194,V,996,875,-1
1788813350.7384,254202,V,996,875,-1
1788813350.7384,254210,V,995,875,-1
1788813350.7872,254224,V,996,875,2755
1788813350.7874,254232,V,994,874,-1
1788813350.7874,254240,V,996,875,-1
1788813350.7874,254248,V,996,875,-1
1788813350.7874,254256,V,994,874,-1
1788813350.7874,254264,V,995,875,-1
1788813350.8375,254277,V,995,875,2756
1788813350.8375,254285,V,996,875,-1
1788813350.8375,254293,V,996,875,-1
1788813350.8375,254301,V,996,875,-1
1788813350.8375,254309,V,995,875,-1
1788813350.8375,254317,V,995,875,-1
1788813350.8848,254331,V,996,875,2757
1788813350.8848,254339,V,995,875,-1
1788813350.8848,254347,V,995,875,-1
1788813350.8848,254355,V,995,875,-1
1788813350.8848,254363,V,996,875,-1
1788813350.8848,254371,V,995,875,-1
1788813350.9335,254384,V,995,875,2758
1788813350.9335,254392,V,995,875,-1
1788813350.9335,254400,V,995,875,-1
1788813350.9335,254408,V,995,875,-1
1788813350.9335,254416,V,995,875,-1
1788813350.9336,254424,V,996,875,-1
1788813350.9819,254438,V,996,875,2759
1788813350.9819,254446,V,996,875,-1
1788813350.9819,254454,V,995,875,-1
1788813350.9819,254462,V,995,875,-1
1788813350.9819,254470,V,995,875,-1
1788813350.9819,254478,V,995,875,-1
1788813351.0806,254492,V,995,875,2760
1788813351.0808,254500,V,995,875,-1
1788813351.0808,254508,V,995,875,-1
1788813351.0808,254516,V,995,875,-1
1788813351.0808,254524,V,995,875,-1
1788813351.0808,254532,V,996,875,-1
1788813351.1286,254545,V,994,874,2761
1788813351.1286,254553,V,994,874,-1
1788813351.1286,254561,V,995,875,-1
1788813351.1286,254569,V,995,875,-1
1788813351.1286,254577,V,996,875,-1
1788813351.1286,254585,V,996,875,-1
1788813351.1770,254599,V,994,874,2762
1788813351.1770,254607,V,996,875,-1
1788813351.1770,254615,V,996,875,-1
1788813351.1770,254623,V,997,876,-1
1788813351.1770,254631,V,996,875,-1
1788813351.1770,254639,V,995,875,-1
1788813351.2258,254652,V,996,875,2763
1788813351.2258,254660,V,997,876,-1
1788813351.2258,254668,V,996,875,-1
1788813351.2258,254676,V,995,875,-1
1788813351.2258,254684,V,995,875,-1
1788813351.2258,254692,V,995,875,-1
1788813351.2743,254706,V,995,875,2764
1788813351.2743,254714,V,996,875,-1
1788813351.2743,254722,V,996,875,-1
1788813351.2743,254730,V,995,875,-1
1788813351.2743,254738,V,996,875,-1
1788813351.2743,254746,V,996,875,-1
1788813351.3233,254760,V,995,875,2765
1788813351.3235,254768,V,996,875,-1
1788813351.3235,254776,V,996,875,-1
1788813351.3235,254784,V,996,875,-1
1788813351.3235,254792,V,995,875,-1
1788813351.3235,254800,V,995,875,-1
1788813351.3732,254813,V,996,875,2766
1788813351.3732,254821,V,994,874,-1
1788813351.3732,254829,V,994,874,-1
1788813351.3732,254837,V,995,875,-1
1788813351.3732,254845,V,995,875,-1
1788813351.3732,254853,V,996,875,-1
1788813351.4216,254867,V,995,875,2767
1788813351.4216,254875,V,995,875,-1
1788813351.4216,254883,V,995,875,-1
1788813351.4216,254891,V,995,875,-1
1788813351.4216,254899,V,995,875,-1
1788813351.4216,254907,V,995,875,-1
1788813351.4702,254921,V,996,875,2768
1788813351.4702,254929,V,996,875,-1
1788813351.4702,254937,V,995,875,-1
1788813351.4702,254945,V,996,875,-1
1788813351.4702,254953,V,995,875,-1
1788813351.4702,254961,V,995,875,-1
1788813351.5190,254974,V,996,875,2769
1788813351.5190,254982,V,996,875,-1
1788813351.5190,254990,V,996,875,-1
1788813351.5190,254998,V,996,875,-1
1788813351.5190,255006,V,996,875,-1
1788813351.5191,255014,V,996,875,-1
1788813351.6163,255028,V,997,876,2770
1788813351.6165,255036,V,997,876,-1
1788813351.6165,255044,V,995,875,-1
1788813351.6165,255052,V,996,875,-1
1788813351.6165,255060,V,995,875,-1
1788813351.6165,255068,V,996,875,-1
1788813351.6648,255082,V,995,875,2771
1788813351.6648,255090,V,996,875,-1
1788813351.6648,255098,V,996,875,-1
1788813351.6648,255106,V,997,876,-1
1788813351.6648,255114,V,996,875,-1
1788813351.6649,255122,V,995,875,-1
1788813351.7132,255135,V,995,875,2772
1788813351.7132,255143,V,995,875,-1
1788813351.7132,255151,V,996,875,-1
1788813351.7132,255159,V,995,875,-1
1788813351.7132,255167,V,995,875,-1
1788813351.7132,255175,V,996,875,-1
1788813351.7620,255189,V,995,875,2773
1788813351.7621,255197,V,996,875,-1
1788813351.7621,255205,V,995,875,-1
1788813351.7621,255213,V,995,875,-1
1788813351.7621,255221,V,995,875,-1
1788813351.7621,255229,V,994,874,-1
1788813351.8106,255242,V,995,875,2774
1788813351.8106,255250,V,996,875,-1
1788813351.8106,255258,V,995,875,-1
1788813351.8107,255266,V,995,875,-1
1788813351.8107,255274,V,994,874,-1
1788813351.8107,255282,V,995,875,-1
1788813351.8629,255296,V,995,875,2775
1788813351.8630,255304,V,995,875,-1
1788813351.8630,255312,V,995,875,-1
1788813351.8630,255320,V,994,874,-1
1788813351.8630,255328,V,995,875,-1
1788813351.8630,255336,V,994,874,-1
1788813351.9081,255350,V,994,874,2776
1788813351.9081,255358,V,994,874,-1
1788813351.9081,255366,V,995,875,-1
1788813351.9081,255374,V,994,874,-1
1788813351.9081,255382,V,994,874,-1
1788813351.9081,255390,V,995,875,-1
1788813351.9579,255403,V,994,874,2777
1788813351.9579,255411,V,995,875,-1
1788813351.9579,255419,V,995,875,-1
1788813351.9579,255427,V,994,874,-1
1788813351.9579,255435,V,993,873,-1
1788813351.9579,255443,V,993,873,-1
1788813352.0055,255457,V,994,874,2778
1788813352.0056,255465,V,994,874,-1
1788813352.0056,255473,V,994,874,-1
1788813352.0056,255481,V,996,875,-1
1788813352.0057,255489,V,996,875,-1
1788813352.0057,255497,V,996,875,-1
1788813352.0554,255511,V,997,876,2779
1788813352.0554,255519,V,996,875,-1
1788813352.0554,255527,V,994,874,-1
1788813352.0555,255535,V,995,875,-1
1788813352.0555,255543,V,995,875,-1
1788813352.0555,255551,V,995,875,-1
1788813352.1529,255564,V,995,875,2780
1788813352.1531,255572,V,994,874,-1
1788813352.1531,255580,V,996,875,-1
1788813352.1531,255588,V,995,875,-1
1788813352.1531,255596,V,995,875,-1
1788813352.1531,255604,V,996,875,-1
1788813352.2007,255618,V,996,875,2781
1788813352.2007,255626,V,994,874,-1
1788813352.2007,255634,V,996,875,-1
1788813352.2007,255642,V,995,875,-1
1788813352.2007,255650,V,996,875,-1
1788813352.2007,255658,V,995,875,-1
1788813352.2495,255672,V,994,874,2782
1788813352.2495,255680,V,996,875,-1
1788813352.2495,255688,V,995,875,-1
1788813352.2496,255696,V,994,874,-1
1788813352.2496,255704,V,994,874,-1
1788813352.2496,255712,V,994,874,-1
1788813352.2982,255725,V,994,874,2783
1788813352.2982,255733,V,995,875,-1
1788813352.2982,255741,V,997,876,-1
1788813352.2982,255749,V,995,875,-1
1788813352.2982,255757,V,995,875,-1
1788813352.2982,255765,V,994,874,-1
1788813352.3470,255779,V,994,874,2784
1788813352.3470,255787,V,995,875,-1
1788813352.3470,255795,V,994,874,-1
1788813352.3470,255803,V,995,875,-1
1788813352.3470,255811,V,994,874,-1
1788813352.3470,255819,V,996,875,-1
1788813352.3965,255833,V,994,874,2785
1788813352.3967,255841,V,995,875,-1
1788813352.3967,255849,V,995,875,-1
1788813352.3967,255857,V,994,874,-1
1788813352.3967,255865,V,994,874,-1
1788813352.3967,255873,V,994,874,-1
1788813352.4456,255887,V,994,874,2786
1788813352.4456,255895,V,994,874,-1
1788813352.4456,255903,V,993,873,-1
1788813352.4457,255911,V,994,874,-1
1788813352.4457,255919,V,994,874,-1
1788813352.4457,255927,V,994,874,-1
1788813352.4939,255940,V,994,874,2787
1788813352.4939,255948,V,994,874,-1
1788813352.4940,255956,V,993,873,-1
1788813352.4940,255964,V,994,874,-1
1788813352.4940,255972,V,994,874,-1
1788813352.4940,255980,V,993,873,-1
1788813352.5428,255994,V,993,873,2788
1788813352.5428,256002,V,994,874,-1
1788813352.5428,256010,V,993,873,-1
1788813352.5428,256018,V,993,873,-1
1788813352.5428,256026,V,994,874,-1
1788813352.5428,256034,V,994,874,-1
1788813352.5915,256048,V,993,873,2789
1788813352.5915,256056,V,993,873,-1
1788813352.5916,256064,V,993,873,-1
1788813352.5916,256072,V,993,873,-1
1788813352.5916,256080,V,994,874,-1
1788813352.5916,256088,V,993,873,-1
1788813352.6883,256101,V,993,873,2790
1788813352.6885,256109,V,993,873,-1
1788813352.6885,256117,V,992,872,-1
1788813352.6885,256125,V,992,872,-1
1788813352.6885,256133,V,992,872,-1
1788813352.6885,256141,V,992,872,-1
1788813352.7374,256155,V,994,874,2791
1788813352.7375,256163,V,993,873,-1
1788813352.7375,256171,V,993,873,-1
1788813352.7375,256179,V,994,874,-1
1788813352.7375,256187,V,993,873,-1
1788813352.7375,256195,V,993,873,-1
1788813352.7863,256209,V,994,874,2792
1788813352.7863,256217,V,993,873,-1
1788813352.7863,256225,V,993,873,-1
1788813352.7863,256233,V,992,872,-1
1788813352.7863,256241,V,993,873,-1
1788813352.7863,256249,V,993,873,-1
1788813352.8344,256262,V,994,874,2793
1788813352.8344,256270,V,993,873,-1
1788813352.8344,256278,V,994,874,-1
1788813352.8344,256286,V,994,874,-1
1788813352.8344,256294,V,993,873,-1
1788813352.8344,256302,V,993,873,-1
1788813352.8831,256316,V,993,873,2794
1788813352.8831,256324,V,993,873,-1
1788813352.8831,256332,V,993,873,-1
1788813352.8832,256340,V,992,872,-1
1788813352.8832,256348,V,994,874,-1
1788813352.8832,256356,V,993,873,-1
1788813352.9328,256370,V,993,873,2795
1788813352.9329,256378,V,994,874,-1
1788813352.9329,256386,V,994,874,-1
1788813352.9329,256394,V,993,873,-1
1788813352.9329,256402,V,993,873,-1
1788813352.9329,256410,V,993,873,-1
1788813352.9822,256423,V,993,873,2796
1788813352.9822,256431,V,993,873,-1
1788813352.9822,256439,V,993,873,-1
1788813352.9822,256447,V,993,873,-1
1788813352.9822,256455,V,993,873,-1
1788813352.9822,256463,V,992,872,-1
1788813353.0303,256477,V,993,873,2797
1788813353.0303,256485,V,994,874,-1
1788813353.0303,256493,V,992,872,-1
1788813353.0303,256501,V,993,873,-1
1788813353.0303,256509,V,993,873,-1
1788813353.0304,256517,V,992,872,-1
1788813353.0782,256531,V,993,873,2798
1788813353.0783,256539,V,993,873,-1
1788813353.0783,256547,V,992,872,-1
1788813353.0783,256555,V,993,873,-1
1788813353.0783,256563,V,994,874,-1
1788813353.0783,256571,V,992,872,-1
1788813353.1273,256584,V,993,873,2799
1788813353.1273,256592,V,993,873,-1
1788813353.1273,256600,V,991,871,-1
1788813353.1273,256608,V,994,874,-1
1788813353.1273,256616,V,993,873,-1
1788813353.1273,256624,V,993,873,-1
1788813353.2244,256638,V,994,874,2800
1788813353.2245,256646,V,994,874,-1
1788813353.2245,256654,V,993,873,-1
1788813353.2245,256662,V,993,873,-1
1788813353.2245,256670,V,993,873,-1
1788813353.2245,256678,V,993,873,-1
1788813353.2733,256692,V,993,873,2801
1788813353.2733,256700,V,994,874,-1
1788813353.2733,256708,V,994,874,-1
1788813353.2733,256716,V,994,874,-1
1788813353.2733,256724,V,993,873,-1
1788813353.2733,256732,V,993,873,-1
1788813353.3219,256745,V,992,872,2802
1788813353.3219,256753,V,993,873,-1
1788813353.3219,256761,V,993,873,-1
1788813353.3219,256769,V,994,874,-1
1788813353.3219,256777,V,994,874,-1
1788813353.3219,256785,V,994,874,-1
1788813353.3708,256799,V,993,873,2803
1788813353.3708,256807,V,992,872,-1
1788813353.3708,256815,V,994,874,-1
1788813353.3709,256823,V,994,874,-1
1788813353.3709,256831,V,994,874,-1
1788813353.3709,256839,V,995,875,-1
1788813353.4191,256853,V,993,873,2804
1788813353.4192,256861,V,994,874,-1
1788813353.4192,256869,V,995,875,-1
1788813353.4192,256877,V,994,874,-1
1788813353.4192,256885,V,994,874,-1
1788813353.4192,256893,V,994,874,-1
1788813353.4682,256906,V,993,873,2805
1788813353.4683,256914,V,993,873,-1
1788813353.4683,256922,V,995,875,-1
1788813353.4683,256930,V,994,874,-1
1788813353.4683,256938,V,994,874,-1
1788813353.4683,256946,V,994,874,-1
1788813353.5173,256960,V,994,874,2806
1788813353.5174,256968,V,994,874,-1
1788813353.5174,256976,V,994,874,-1
1788813353.5174,256984,V,993,873,-1
1788813353.5174,256992,V,994,874,-1
1788813353.5174,257000,V,996,875,-1
1788813353.5657,257014,V,994,874,2807
1788813353.5657,257022,V,993,873,-1
1788813353.5657,257030,V,994,874,-1
1788813353.5657,257038,V,994,874,-1
1788813353.5657,257046,V,994,874,-1
1788813353.5657,257054,V,995,875,-1
1788813353.6145,257067,V,994,874,2808
1788813353.6145,257075,V,993,873,-1
1788813353.6145,257083,V,995,875,-1
1788813353.6145,257091,V,993,873,-1
1788813353.6145,257099,V,994,874,-1
1788813353.6145,257107,V,994,874,-1
1788813353.6634,257121,V,993,873,2809
1788813353.6634,257129,V,994,874,-1
1788813353.6634,257137,V,994,874,-1
1788813353.6634,257145,V,995,875,-1
1788813353.6634,257153,V,994,874,-1
1788813353.6634,257161,V,994,874,-1
1788813353.8097,257175,V,994,874,2810
1788813353.8098,257183,V,994,874,-1
1788813353.8098,257191,V,994,874,-1
1788813353.8099,257199,V,994,874,-1
1788813353.8099,257207,V,992,872,-1
1788813353.8099,257215,V,993,873,-1
1788813353.8107,257228,V,993,873,2811
1788813353.8107,257236,V,993,873,-1
1788813353.8107,257244,V,994,874,-1
1788813353.8107,257252,V,993,873,-1
1788813353.8107,257260,V,994,874,-1
1788813353.8107,257268,V,994,874,-1
1788813353.8601,257282,V,994,874,2812
1788813353.8601,257290,V,993,873,-1
1788813353.8601,257298,V,994,874,-1
1788813353.8602,257306,V,993,873,-1
1788813353.8602,257314,V,995,875,-1
1788813353.8602,257322,V,993,873,-1
1788813353.9070,257336,V,994,874,2813
1788813353.9071,257344,V,993,873,-1
1788813353.9071,257352,V,994,874,-1
1788813353.9071,257360,V,994,874,-1
1788813353.9071,257368,V,994,874,-1
1788813353.9071,257376,V,995,875,-1
1788813353.9574,257389,V,993,873,2814
1788813353.9574,257397,V,994,874,-1
1788813353.9574,257405,V,994,874,-1
1788813353.9574,257413,V,993,873,-1
1788813353.9574,257421,V,994,874,-1
1788813353.9574,257429,V,993,873,-1
1788813354.0056,257443,V,994,874,2815
1788813354.0056,257451,V,993,873,-1
1788813354.0056,257459,V,995,875,-1
1788813354.0056,257467,V,995,875,-1
1788813354.0056,257475,V,993,873,-1
1788813354.0056,257483,V,993,873,-1
1788813354.0532,257497,V,993,873,2816
1788813354.0533,257505,V,994,874,-1
1788813354.0534,257513,V,995,875,-1
1788813354.0534,257521,V,994,874,-1
1788813354.0534,257529,V,994,874,-1
1788813354.0534,257537,V,994,874,-1
1788813354.1024,257551,V,993,873,2817
1788813354.1024,257559,V,995,875,-1
1788813354.1024,257567,V,994,874,-1
1788813354.1024,257575,V,994,874,-1
1788813354.1024,257583,V,995,875,-1
1788813354.1024,257591,V,994,874,-1
1788813354.1508,257604,V,994,874,2818
1788813354.1508,257612,V,993,873,-1
1788813354.1508,257620,V,993,873,-1
1788813354.1509,257628,V,993,873,-1
1788813354.1509,257636,V,994,874,-1
1788813354.1509,257644,V,993,873,-1
1788813354.1994,257658,V,995,875,2819
1788813354.1994,257666,V,993,873,-1
1788813354.1994,257674,V,994,874,-1
1788813354.1994,257682,V,993,873,-1
1788813354.1994,257690,V,994,874,-1
1788813354.1994,257698,V,993,873,-1
1788813354.2970,257712,V,994,874,2820
1788813354.2971,257720,V,993,873,-1
1788813354.2971,257728,V,992,872,-1
1788813354.2971,257736,V,992,872,-1
1788813354.2971,257744,V,994,874,-1
1788813354.2971,257752,V,993,873,-1
1788813354.3461,257765,V,994,874,2821
1788813354.3461,257773,V,994,874,-1
1788813354.3461,257781,V,992,872,-1
1788813354.3461,257789,V,993,873,-1
1788813354.3461,257797,V,994,874,-1
1788813354.3461,257805,V,993,873,-1
1788813354.3947,257819,V,993,873,2822
1788813354.3947,257827,V,993,873,-1
1788813354.3947,257835,V,993,873,-1
1788813354.3947,257843,V,994,874,-1
1788813354.3947,257851,V,993,873,-1
1788813354.3947,257859,V,995,875,-1
1788813354.4432,257873,V,993,873,2823
1788813354.4433,257881,V,994,874,-1
1788813354.4433,257889,V,993,873,-1
1788813354.4433,257897,V,996,875,-1
1788813354.4433,257905,V,992,872,-1
1788813354.4433,257913,V,993,873,-1
1788813354.4920,257926,V,993,873,2824
1788813354.4920,257934,V,994,874,-1
1788813354.4920,257942,V,993,873,-1
1788813354.4920,257950,V,993,873,-1
1788813354.4920,257958,V,995,875,-1
1788813354.4920,257966,V,994,874,-1
1788813354.5408,257980,V,993,873,2825
1788813354.5410,257988,V,992,872,-1
1788813354.5410,257996,V,993,873,-1
1788813354.5410,258004,V,993,873,-1
1788813354.5410,258012,V,993,873,-1
1788813354.5410,258020,V,994,874,-1
1788813354.5895,258034,V,994,874,2826
1788813354.5895,258042,V,993,873,-1
1788813354.5895,258050,V,993,873,-1
1788813354.5895,258058,V,993,873,-1
1788813354.5895,258066,V,992,872,-1
1788813354.5895,258074,V,992,872,-1
1788813354.6382,258087,V,993,873,2827
1788813354.6382,258095,V,993,873,-1
1788813354.6382,258103,V,994,874,-1
1788813354.6383,258111,V,994,874,-1
1788813354.6383,258119,V,994,874,-1
1788813354.6383,258127,V,994,874,-1
1788813354.6867,258141,V,994,874,2828
1788813354.6867,258149,V,993,873,-1
1788813354.6867,258157,V,992,872,-1
1788813354.6868,258165,V,992,872,-1
1788813354.6868,258173,V,994,874,-1
1788813354.6868,258181,V,993,873,-1
1788813354.7357,258195,V,993,873,2829
1788813354.7357,258203,V,994,874,-1
1788813354.7357,258211,V,993,873,-1
1788813354.7357,258219,V,994,874,-1
1788813354.7357,258227,V,994,874,-1
1788813354.7357,258235,V,995,875,-1
1788813354.8333,258248,V,995,875,2830
1788813354.8334,258256,V,994,874,-1
1788813354.8334,258264,V,995,875,-1
1788813354.8334,258272,V,993,873,-1
1788813354.8334,258280,V,992,872,-1
1788813354.8335,258288,V,993,873,-1
1788813354.8847,258302,V,993,873,2831
1788813354.8847,258310,V,993,873,-1
1788813354.8847,258318,V,993,873,-1
1788813354.8847,258326,V,993,873,-1
1788813354.8847,258334,V,993,873,-1
1788813354.8848,258342,V,992,872,-1
1788813354.9308,258356,V,993,873,2832
1788813354.9308,258364,V,993,873,-1
1788813354.9308,258372,V,994,874,-1
1788813354.9308,258380,V,994,874,-1
1788813354.9308,258388,V,993,873,-1
1788813354.9308,258396,V,993,873,-1
1788813354.9797,258410,V,994,874,2833
1788813354.9797,258418,V,994,874,-1
1788813354.9797,258426,V,993,873,-1
1788813354.9797,258434,V,994,874,-1
1788813354.9797,258442,V,993,873,-1
1788813354.9797,258450,V,993,873,-1
1788813355.0283,258463,V,993,873,2834
1788813355.0283,258471,V,993,873,-1
1788813355.0283,258479,V,993,873,-1
1788813355.0283,258487,V,994,874,-1
1788813355.0283,258495,V,994,874,-1
1788813355.0283,258503,V,993,873,-1
1788813355.0773,258517,V,993,873,2835
1788813355.0774,258525,V,994,874,-1
1788813355.0775,258533,V,993,873,-1
1788813355.0775,258541,V,994,874,-1
1788813355.0775,258549,V,995,875,-1
1788813355.0775,258557,V,993,873,-1
1788813355.1261,258571,V,993,873,2836
1788813355.1261,258579,V,994,874,-1
1788813355.1261,258587,V,993,873,-1
1788813355.1262,258595,V,994,874,-1
1788813355.1262,258603,V,994,874,-1
1788813355.1262,258611,V,993,873,-1
1788813355.1741,258624,V,993,873,2837
1788813355.1741,258632,V,994,874,-1
1788813355.1741,258640,V,992,872,-1
1788813355.1741,258648,V,993,873,-1
1788813355.1741,258656,V,993,873,-1
1788813355.1741,258664,V,993,873,-1
1788813355.2251,258678,V,993,873,2838
1788813355.2251,258686,V,993,873,-1
1788813355.2251,258694,V,993,873,-1
1788813355.2251,258702,V,993,873,-1
1788813355.2251,258710,V,994,874,-1
1788813355.2251,258718,V,993,873,-1
1788813355.3211,258732,V,993,873,2839
1788813355.3213,258740,V,992,872,-1
1788813355.3213,258748,V,995,875,-1
1788813355.3213,258756,V,994,874,-1
1788813355.3213,258764,V,994,874,-1
1788813355.3213,258772,V,995,875,-1
1788813355.3701,258785,V,993,873,2840
1788813355.3701,258793,V,994,874,-1
1788813355.3701,258801,V,995,875,-1
1788813355.3701,258809,V,993,873,-1
1788813355.3701,258817,V,994,874,-1
1788813355.3701,258825,V,994,874,-1
1788813355.4183,258839,V,993,873,2841
1788813355.4183,258847,V,995,875,-1
1788813355.4183,258855,V,994,874,-1
1788813355.4183,258863,V,993,873,-1
1788813355.4183,258871,V,994,874,-1
1788813355.4183,258879,V,992,872,-1
1788813355.4667,258893,V,994,874,2842
1788813355.4667,258901,V,994,874,-1
1788813355.4668,258909,V,992,872,-1
1788813355.4668,258917,V,993,873,-1
1788813355.4668,258925,V,994,874,-1
1788813355.4668,258933,V,993,873,-1
1788813355.5156,258947,V,994,874,2843
1788813355.5156,258955,V,994,874,-1
1788813355.5156,258963,V,994,874,-1
1788813355.5156,258971,V,993,873,-1
1788813355.5156,258979,V,993,873,-1
1788813355.5156,258987,V,993,873,-1
1788813355.5643,259000,V,994,874,2844
1788813355.5644,259008,V,993,873,-1
1788813355.5644,259016,V,994,874,-1
1788813355.5644,259024,V,993,873,-1
1788813355.5644,259032,V,994,874,-1
1788813355.5644,259040,V,995,875,-1
1788813355.6143,259054,V,993,873,2845
1788813355.6143,259062,V,992,872,-1
1788813355.6143,259070,V,994,874,-1
1788813355.6143,259078,V,994,874,-1
1788813355.6143,259086,V,994,874,-1
1788813355.6143,259094,V,992,872,-1
1788813355.6617,259108,V,994,874,2846
1788813355.6617,259116,V,994,874,-1
1788813355.6617,259124,V,995,875,-1
1788813355.6617,259132,V,995,875,-1
1788813355.6617,259140,V,993,873,-1
1788813355.6617,259148,V,995,875,-1
1788813355.7104,259161,V,994,874,2847
1788813355.7104,259169,V,994,874,-1
1788813355.7104,259177,V,995,875,-1
1788813355.7104,259185,V,994,874,-1
1788813355.7104,259193,V,994,874,-1
1788813355.7104,259201,V,994,874,-1
1788813355.7598,259215,V,994,874,2848
1788813355.7599,259223,V,994,874,-1
1788813355.7599,259231,V,993,873,-1
1788813355.7599,259239,V,994,874,-1
1788813355.7599,259247,V,993,873,-1
1788813355.7599,259255,V,994,874,-1
1788813355.9060,259269,V,995,875,2849
1788813355.9062,259277,V,993,873,-1
1788813355.9062,259285,V,993,873,-1
1788813355.9062,259293,V,995,875,-1
1788813355.9062,259301,V,995,875,-1
1788813355.9062,259309,V,995,875,-1
1788813355.9070,259323,V,994,874,2850
1788813355.9070,259331,V,994,874,-1
1788813355.9070,259339,V,995,875,-1
1788813355.9070,259347,V,994,874,-1
1788813355.9071,259355,V,994,874,-1
1788813355.9071,259363,V,994,874,-1
1788813355.9549,259376,V,994,874,2851
1788813355.9549,259384,V,995,875,-1
1788813355.9549,259392,V,994,874,-1
1788813355.9549,259400,V,994,874,-1
1788813355.9549,259408,V,994,874,-1
1788813355.9549,259416,V,994,874,-1
1788813356.0034,259430,V,994,874,2852
1788813356.0034,259438,V,993,873,-1
1788813356.0034,259446,V,994,874,-1
1788813356.0034,259454,V,993,873,-1
1788813356.0034,259462,V,993,873,-1
1788813356.0034,259470,V,994,874,-1
1788813356.0521,259484,V,993,873,2853
1788813356.0521,259492,V,994,874,-1
1788813356.0521,259500,V,995,875,-1
1788813356.0521,259508,V,993,873,-1
1788813356.0522,259516,V,994,874,-1
1788813356.0522,259524,V,994,874,-1
1788813356.1005,259537,V,994,874,2854
1788813356.1005,259545,V,994,874,-1
1788813356.1005,259553,V,995,875,-1
1788813356.1005,259561,V,994,874,-1
1788813356.1005,259569,V,994,874,-1
1788813356.1005,259577,V,994,874,-1
1788813356.1514,259591,V,993,873,2855
1788813356.1515,259599,V,993,873,-1
1788813356.1515,259607,V,994,874,-1
1788813356.1515,259615,V,993,873,-1
1788813356.1516,259623,V,994,874,-1
1788813356.1516,259631,V,994,874,-1
1788813356.1999,259645,V,993,873,2856
1788813356.1999,259653,V,995,875,-1
1788813356.1999,259661,V,994,874,-1
1788813356.1999,259669,V,993,873,-1
1788813356.1999,259677,V,995,875,-1
1788813356.1999,259685,V,993,873,-1
1788813356.2483,259698,V,993,873,2857
1788813356.2483,259706,V,994,874,-1
1788813356.2484,259714,V,994,874,-1
1788813356.2484,259722,V,994,874,-1
1788813356.2484,259730,V,995,875,-1
1788813356.2484,259738,V,993,873,-1
1788813356.2967,259752,V,994,874,2858
1788813356.2968,259760,V,994,874,-1
1788813356.2968,259768,V,995,875,-1
1788813356.2968,259776,V,994,874,-1
1788813356.2968,259784,V,993,873,-1
1788813356.2968,259792,V,992,872,-1
1788813356.3945,259806,V,994,874,2859
1788813356.3946,259814,V,993,873,-1
1788813356.3946,259822,V,994,874,-1
1788813356.3946,259830,V,993,873,-1
1788813356.3946,259838,V,993,873,-1
1788813356.3947,259846,V,993,873,-1
1788813356.4426,259860,V,995,875,2860
1788813356.4426,259868,V,994,874,-1
1788813356.4426,259876,V,994,874,-1
1788813356.4426,259884,V,994,874,-1
1788813356.4427,259892,V,994,874,-1
1788813356.4427,259900,V,994,874,-1
1788813356.4917,259913,V,993,873,2861
1788813356.4917,259921,V,993,873,-1
1788813356.4917,259929,V,993,873,-1
1788813356.4917,259937,V,994,874,-1
1788813356.4917,259945,V,993,873,-1
1788813356.4918,259953,V,993,873,-1
1788813356.5408,259967,V,994,874,2862
1788813356.5408,259975,V,994,874,-1
1788813356.5408,259983,V,993,873,-1
1788813356.5408,259991,V,993,873,-1
1788813356.5408,259999,V,993,873,-1
1788813356.5408,260007,V,994,874,-1
1788813356.5905,260021,V,994,874,2863
1788813356.5906,260029,V,993,873,-1
1788813356.5906,260037,V,994,874,-1
1788813356.5906,260045,V,992,872,-1
1788813356.5906,260053,V,994,874,-1
1788813356.5906,260061,V,994,874,-1
1788813356.6377,260074,V,994,874,2864
1788813356.6379,260082,V,993,873,-1
1788813356.6379,260090,V,994,874,-1
1788813356.6379,260098,V,994,874,-1
1788813356.6379,260106,V,994,874,-1
1788813356.6379,260114,V,993,873,-1
1788813356.6865,260128,V,993,873,2865
1788813356.6865,260136,V,994,874,-1
1788813356.6865,260144,V,993,873,-1
1788813356.6865,260152,V,993,873,-1
1788813356.6865,260160,V,993,873,-1
1788813356.6865,260168,V,994,874,-1
1788813356.7354,260182,V,993,873,2866
1788813356.7354,260190,V,996,875,-1
1788813356.7354,260198,V,994,874,-1
1788813356.7354,260206,V,993,873,-1
1788813356.7354,260214,V,994,874,-1
1788813356.7354,260222,V,995,875,-1
1788813356.7832,260235,V,993,873,2867
1788813356.7832,260243,V,993,873,-1
1788813356.7832,260251,V,993,873,-1
1788813356.7832,260259,V,994,874,-1
1788813356.7832,260267,V,993,873,-1
1788813356.7833,260275,V,994,874,-1
1788813356.8329,260289,V,994,874,2868
1788813356.8329,260297,V,994,874,-1
1788813356.8329,260305,V,994,874,-1
1788813356.8329,260313,V,993,873,-1
1788813356.8329,260321,V,993,873,-1
1788813356.8329,260329,V,993,873,-1
1788813356.9296,260343,V,992,872,2869
1788813356.9297,260351,V,993,873,-1
1788813356.9297,260359,V,993,873,-1
1788813356.9297,260367,V,993,873,-1
1788813356.9297,260375,V,994,874,-1
1788813356.9297,260383,V,993,873,-1
1788813356.9790,260396,V,994,874,2870
1788813356.9791,260404,V,994,874,-1
1788813356.9791,260412,V,994,874,-1
1788813356.9791,260420,V,994,874,-1
1788813356.9791,260428,V,994,874,-1
1788813356.9791,260436,V,994,874,-1
1788813357.0273,260450,V,993,873,2871
1788813357.0273,260458,V,993,873,-1
1788813357.0273,260466,V,995,875,-1
1788813357.0273,260474,V,993,873,-1
1788813357.0274,260482,V,994,874,-1
1788813357.0274,260490,V,993,873,-1
1788813357.0759,260504,V,993,873,2872
1788813357.0759,260512,V,993,873,-1
1788813357.0759,260520,V,994,874,-1
1788813357.0759,260528,V,993,873,-1
1788813357.0759,260536,V,994,874,-1
1788813357.0759,260544,V,993,873,-1
1788813357.1254,260557,V,993,873,2873
1788813357.1254,260565,V,993,873,-1
1788813357.1254,260573,V,993,873,-1
1788813357.1254,260581,V,993,873,-1
1788813357.1254,260589,V,994,874,-1
1788813357.1254,260597,V,993,873,-1
1788813357.1732,260611,V,993,873,2874
1788813357.1733,260619,V,994,874,-1
1788813357.1733,260627,V,994,874,-1
1788813357.1733,260635,V,993,873,-1
1788813357.1733,260643,V,993,873,-1
1788813357.1733,260651,V,994,874,-1
1788813357.2225,260665,V,993,873,2875
1788813357.2226,260673,V,994,874,-1
1788813357.2226,260681,V,993,873,-1
1788813357.2226,260689,V,995,875,-1
1788813357.2226,260697,V,992,872,-1
1788813357.2226,260705,V,994,874,-1
1788813357.2707,260719,V,993,873,2876
1788813357.2707,260727,V,994,874,-1
1788813357.2707,260735,V,994,874,-1
1788813357.2707,260743,V,993,873,-1
1788813357.2707,260751,V,994,874,-1
1788813357.2708,260759,V,993,873,-1
1788813357.3193,260772,V,994,874,2877
1788813357.3193,260780,V,994,874,-1
1788813357.3193,260788,V,992,872,-1
1788813357.3193,260796,V,994,874,-1
1788813357.3193,260804,V,994,874,-1
1788813357.3193,260812,V,993,873,-1
1788813357.3684,260826,V,994,874,2878
1788813357.3684,260834,V,994,874,-1
1788813357.3684,260842,V,993,873,-1
1788813357.3684,260850,V,994,874,-1
1788813357.3686,260858,V,994,874,-1
1788813357.3686,260866,V,993,873,-1
1788813357.4655,260880,V,992,872,2879
1788813357.4655,260888,V,994,874,-1
1788813357.4655,260896,V,993,873,-1
1788813357.4655,260904,V,995,875,-1
1788813357.4655,260912,V,993,873,-1
1788813357.4655,260920,V,993,873,-1
1788813357.5145,260933,V,994,874,2880
1788813357.5145,260941,V,994,874,-1
1788813357.5145,260949,V,993,873,-1
1788813357.5145,260957,V,993,873,-1
1788813357.5145,260965,V,994,874,-1
1788813357.5145,260973,V,992,872,-1
1788813357.5629,260987,V,994,874,2881
1788813357.5629,260995,V,993,873,-1
1788813357.5629,261003,V,994,874,-1
1788813357.5629,261011,V,994,874,-1
1788813357.5629,261019,V,994,874,-1
1788813357.5629,261027,V,994,874,-1
1788813357.6139,261041,V,994,874,2882
1788813357.6139,261049,V,994,874,-1
1788813357.6139,261057,V,995,875,-1
1788813357.6139,261065,V,995,875,-1
1788813357.6139,261073,V,993,873,-1
1788813357.6139,261081,V,995,875,-1
1788813357.6607,261095,V,994,874,2883
1788813357.6607,261103,V,994,874,-1
1788813357.6607,261111,V,994,874,-1
1788813357.6607,261119,V,993,873,-1
1788813357.6607,261127,V,994,874,-1
1788813357.6607,261135,V,994,874,-1
1788813357.7094,261148,V,993,873,2884
1788813357.7096,261156,V,993,873,-1
1788813357.7096,261164,V,994,874,-1
1788813357.7096,261172,V,994,874,-1
1788813357.7096,261180,V,995,875,-1
1788813357.7096,261188,V,994,874,-1
1788813357.7586,261202,V,993,873,2885
1788813357.7587,261210,V,993,873,-1
1788813357.7587,261218,V,994,874,-1
1788813357.7587,261226,V,995,875,-1
1788813357.7587,261234,V,994,874,-1
1788813357.7587,261242,V,994,874,-1
1788813357.8070,261256,V,994,874,2886
1788813357.8071,261264,V,994,874,-1
1788813357.8071,261272,V,994,874,-1
1788813357.8071,261280,V,994,874,-1
1788813357.8071,261288,V,994,874,-1
1788813357.8071,261296,V,993,873,-1
1788813357.8558,261309,V,993,873,2887
1788813357.8558,261317,V,994,874,-1
1788813357.8558,261325,V,995,875,-1
1788813357.8559,261333,V,994,874,-1
1788813357.8559,261341,V,994,874,-1
1788813357.8559,261349,V,995,875,-1
1788813357.9046,261363,V,995,875,2888
1788813357.9046,261371,V,993,873,-1
1788813357.9046,261379,V,993,873,-1
1788813357.9046,261387,V,993,873,-1
1788813357.9046,261395,V,995,875,-1
1788813357.9046,261403,V,995,875,-1
1788813358.0027,261417,V,994,874,2889
1788813358.0029,261425,V,994,874,-1
1788813358.0029,261433,V,993,873,-1
1788813358.0029,261441,V,994,874,-1
1788813358.0029,261449,V,994,874,-1
1788813358.0029,261457,V,994,874,-1
1788813358.0510,261470,V,994,874,2890
1788813358.0511,261478,V,992,872,-1
1788813358.0511,261486,V,994,874,-1
1788813358.0511,261494,V,994,874,-1
1788813358.0511,261502,V,992,872,-1
1788813358.0511,261510,V,995,875,-1
1788813358.0992,261524,V,994,874,2891
1788813358.0992,261532,V,995,875,-1
1788813358.0992,261540,V,994,874,-1
1788813358.0992,261548,V,994,874,-1
1788813358.0992,261556,V,994,874,-1
1788813358.0992,261564,V,993,873,-1
1788813358.1485,261578,V,994,874,2892
1788813358.1485,261586,V,993,873,-1
1788813358.1485,261594,V,993,873,-1
1788813358.1485,261602,V,993,873,-1
1788813358.1485,261610,V,994,874,-1
1788813358.1485,261618,V,993,873,-1
1788813358.1966,261632,V,994,874,2893
1788813358.1966,261640,V,994,874,-1
1788813358.1966,261648,V,994,874,-1
1788813358.1966,261656,V,994,874,-1
1788813358.1966,261664,V,994,874,-1
1788813358.1966,261672,V,994,874,-1
1788813358.2459,261685,V,994,874,2894
1788813358.2460,261693,V,993,873,-1
1788813358.2461,261701,V,994,874,-1
1788813358.2461,261709,V,994,874,-1
1788813358.2461,261717,V,994,874,-1
1788813358.2461,261725,V,993,873,-1
1788813358.2948,261739,V,993,873,2895
1788813358.2948,261747,V,992,872,-1
1788813358.2948,261755,V,992,872,-1
1788813358.2948,261763,V,991,871,-1
1788813358.2948,261771,V,992,872,-1
1788813358.2949,261779,V,992,872,-1
1788813358.3433,261793,V,991,871,2896
1788813358.3433,261801,V,992,872,-1
1788813358.3433,261809,V,990,870,-1
1788813358.3434,261817,V,989,869,-1
1788813358.3434,261825,V,987,867,-1
1788813358.3434,261833,V,985,866,-1
1788813358.3919,261846,V,985,866,2897
1788813358.3920,261854,V,978,860,-1
1788813358.3920,261862,V,971,853,-1
1788813358.3920,261870,V,965,848,-1
1788813358.3920,261878,V,960,844,-1
1788813358.3920,261886,V,950,835,-1
1788813358.4896,261900,V,932,819,2898
1788813358.4897,261908,V,906,796,-1
1788813358.4897,261916,V,841,739,-1
1788813358.4898,261924,V,753,662,-1
1788813358.4898,261932,V,712,626,-1
1788813358.4898,261940,V,684,601,-1
1788813358.5402,261954,V,662,582,2899
1788813358.5403,261962,V,648,570,-1
1788813358.5403,261970,V,636,559,-1
1788813358.5403,261978,V,626,550,-1
1788813358.5403,261986,V,616,541,-1
1788813358.5403,261994,V,612,538,-1
1788813358.5880,262008,V,604,531,2900
1788813358.5880,262016,V,602,529,-1
1788813358.5880,262024,V,598,526,-1
1788813358.5880,262032,V,594,522,-1
1788813358.5880,262040,V,592,520,-1
1788813358.5880,262048,V,588,517,-1
1788813358.6358,262107,KEYUP,,,
1788813358.6369,262062,V,586,515,2901
1788813358.6369,262070,V,585,514,-1
1788813358.6369,262078,V,582,512,-1
1788813358.6369,262086,V,581,511,-1
1788813358.6369,262094,V,580,510,-1
1788813358.6369,262102,V,579,509,-1
1788813358.6845,262116,V,578,508,2902
1788813358.6845,262124,V,576,506,-1
1788813358.6845,262132,V,574,504,-1
1788813358.6845,262140,V,575,505,-1
1788813358.6845,262148,V,575,505,-1
1788813358.6845,262156,V,574,504,-1
1788813358.7333,262169,V,573,504,2903
1788813358.7334,262177,V,573,504,-1
1788813358.7334,262185,V,575,505,-1
1788813358.7334,262193,V,572,503,-1
1788813358.7334,262201,V,573,504,-1
1788813358.7334,262209,V,572,503,-1
1788813358.7834,262223,V,572,503,2904
1788813358.7834,262231,V,571,502,-1
1788813358.7834,262239,V,573,504,-1
1788813358.7834,262247,V,570,501,-1
1788813358.7834,262255,V,572,503,-1
1788813358.7834,262263,V,570,501,-1
1788813358.8307,262277,V,571,502,2905
1788813358.8308,262285,V,573,504,-1
1788813358.8308,262293,V,571,502,-1
1788813358.8308,262301,V,570,501,-1
1788813358.8308,262309,V,571,502,-1
1788813358.8308,262317,V,571,502,-1
1788813358.8809,262330,V,571,502,2906
1788813358.8810,262338,V,572,503,-1
1788813358.8810,262346,V,572,503,-1
1788813358.8810,262354,V,570,501,-1
1788813358.8810,262362,V,571,502,-1
1788813358.8810,262370,V,572,503,-1
1788813358.9291,262384,V,586,515,2907
1788813358.9291,262392,V,571,502,-1
1788813358.9291,262400,V,570,501,-1
1788813358.9291,262408,V,572,503,-1
1788813358.9292,262416,V,571,502,-1
1788813358.9292,262424,V,570,501,-1
1788813359.0257,262438,V,571,502,2908
1788813359.0258,262446,V,571,502,-1
1788813359.0258,262454,V,572,503,-1
1788813359.0258,262462,V,570,501,-1
1788813359.0258,262470,V,571,502,-1
1788813359.0258,262478,V,569,500,-1
1788813359.0749,262492,V,571,502,2909
1788813359.0750,262500,V,571,502,-1
1788813359.0750,262508,V,571,502,-1
1788813359.0750,262516,V,569,500,-1
1788813359.0750,262524,V,571,502,-1
1788813359.0750,262532,V,571,502,-1
1788813359.1232,262545,V,572,503,2910
1788813359.1233,262553,V,570,501,-1
1788813359.1233,262561,V,570,501,-1
1788813359.1233,262569,V,571,502,-1
1788813359.1233,262577,V,571,502,-1
1788813359.1233,262585,V,572,503,-1
1788813359.1740,262599,V,570,501,2911
1788813359.1740,262607,V,571,502,-1
1788813359.1740,262615,V,571,502,-1
1788813359.1740,262623,V,572,503,-1
1788813359.1740,262631,V,572,503,-1
1788813359.1740,262639,V,569,500,-1
1788813359.2208,262653,V,571,502,2912
1788813359.2208,262661,V,570,501,-1
1788813359.2208,262669,V,571,502,-1
1788813359.2208,262677,V,571,502,-1
1788813359.2208,262685,V,571,502,-1
1788813359.2208,262693,V,570,501,-1
1788813359.2697,262706,V,570,501,2913
1788813359.2698,262714,V,571,502,-1
1788813359.2698,262722,V,573,504,-1
1788813359.2698,262730,V,571,502,-1
1788813359.2698,262738,V,571,502,-1
1788813359.2699,262746,V,571,502,-1
1788813359.3195,262760,V,571,502,2914
1788813359.3195,262768,V,570,501,-1
1788813359.3195,262776,V,570,501,-1
1788813359.3195,262784,V,570,501,-1
1788813359.3195,262792,V,571,502,-1
1788813359.3195,262800,V,570,501,-1
1788813359.3668,262814,V,571,502,2915
1788813359.3668,262822,V,576,506,-1
1788813359.3668,262830,V,571,502,-1
1788813359.3668,262838,V,570,501,-1
1788813359.3669,262846,V,570,501,-1
1788813359.3669,262854,V,572,503,-1
1788813359.4157,262867,V,570,501,2916
1788813359.4157,262875,V,570,501,-1
1788813359.4157,262883,V,569,500,-1
1788813359.4157,262891,V,570,501,-1
1788813359.4158,262899,V,571,502,-1
1788813359.4158,262907,V,571,502,-1
1788813359.4647,262921,V,577,507,2917
1788813359.4647,262929,V,570,501,-1
1788813359.4647,262937,V,571,502,-1
1788813359.4648,262945,V,570,501,-1
1788813359.4648,262953,V,570,501,-1
1788813359.4648,262961,V,570,501,-1
1788813359.5622,262975,V,569,500,2918
1788813359.5624,262983,V,570,501,-1
1788813359.5624,262991,V,571,502,-1
1788813359.5624,262999,V,571,502,-1
1788813359.5624,263007,V,572,503,-1
1788813359.5624,263015,V,571,502,-1
1788813359.6111,263028,V,570,501,2919
1788813359.6111,263036,V,572,503,-1
1788813359.6111,263044,V,571,502,-1
1788813359.6111,263052,V,570,501,-1
1788813359.6111,263060,V,570,501,-1
1788813359.6111,263068,V,571,502,-1
1788813359.6597,263082,V,571,502,2920
1788813359.6597,263090,V,572,503,-1
1788813359.6597,263098,V,572,503,-1
1788813359.6597,263106,V,571,502,-1
1788813359.6597,263114,V,571,502,-1
1788813359.6597,263122,V,571,502,-1
1788813359.7572,263136,V,571,502,2921
1788813359.7572,263144,V,570,501,-1
1788813359.7572,263152,V,570,501,-1
1788813359.7572,263160,V,574,504,-1
1788813359.7572,263168,V,571,502,-1
1788813359.7572,263176,V,572,503,-1
1788813359.7583,263189,V,572,503,2922
1788813359.7583,263197,V,571,502,-1
1788813359.7583,263205,V,573,504,-1
1788813359.7583,263213,V,572,503,-1
1788813359.7583,263221,V,572,503,-1
1788813359.7583,263229,V,571,502,-1
1788813359.8058,263243,V,570,501,2923
1788813359.8060,263251,V,571,502,-1
1788813359.8060,263259,V,572,503,-1
1788813359.8060,263267,V,571,502,-1
1788813359.8060,263275,V,571,502,-1
1788813359.8060,263283,V,570,501,-1
1788813359.8548,263297,V,571,502,2924
1788813359.8548,263305,V,571,502,-1
1788813359.8548,263313,V,571,502,-1
1788813359.8548,263321,V,572,503,-1
1788813359.8548,263329,V,572,503,-1
1788813359.8548,263337,V,570,501,-1
1788813359.9052,263350,V,572,503,2925
1788813359.9052,263358,V,586,515,-1
1788813359.9052,263366,V,571,502,-1
1788813359.9052,263374,V,572,503,-1
1788813359.9052,263382,V,570,501,-1
1788813359.9052,263390,V,571,502,-1
1788813359.9520,263404,V,572,503,2926
1788813359.9520,263412,V,572,503,-1
1788813359.9520,263420,V,572,503,-1
1788813359.9520,263428,V,572,503,-1
1788813359.9520,263436,V,572,503,-1
1788813359.9520,263444,V,571,502,-1
1788813360.0005,263458,V,572,503,2927
1788813360.0005,263466,V,570,501,-1
1788813360.0005,263474,V,571,502,-1
1788813360.0005,263482,V,570,501,-1
1788813360.0005,263490,V,571,502,-1
1788813360.0005,263498,V,571,502,-1
1788813360.0983,263511,V,571,502,2928
1788813360.0984,263519,V,571,502,-1
1788813360.0985,263527,V,571,502,-1
1788813360.0985,263535,V,571,502,-1
1788813360.0985,263543,V,571,502,-1
1788813360.0985,263551,V,572,503,-1
1788813360.1471,263565,V,570,501,2929
1788813360.1471,263573,V,571,502,-1
1788813360.1471,263581,V,571,502,-1
1788813360.1471,263589,V,571,502,-1
1788813360.1471,263597,V,571,502,-1
1788813360.1471,263605,V,571,502,-1
1788813360.1957,263619,V,572,503,2930
1788813360.1957,263627,V,572,503,-1
1788813360.1957,263635,V,571,502,-1
1788813360.1957,263643,V,569,500,-1
1788813360.1957,263651,V,571,502,-1
1788813360.1958,263659,V,571,502,-1
1788813360.2446,263672,V,572,503,2931
1788813360.2446,263680,V,571,502,-1
1788813360.2446,263688,V,572,503,-1
1788813360.2447,263696,V,576,506,-1
1788813360.2447,263704,V,570,501,-1
1788813360.2447,263712,V,572,503,-1
1788813360.2943,263726,V,571,502,2932
1788813360.2944,263734,V,571,502,-1
1788813360.2944,263742,V,571,502,-1
1788813360.2944,263750,V,571,502,-1
1788813360.2944,263758,V,571,502,-1
1788813360.2944,263766,V,571,502,-1
1788813360.3420,263779,V,571,502,2933
1788813360.3422,263787,V,571,502,-1
1788813360.3422,263795,V,575,505,-1
1788813360.3422,263803,V,570,501,-1
1788813360.3422,263811,V,571,502,-1
1788813360.3422,263819,V,569,500,-1
1788813360.3911,263833,V,571,502,2934
1788813360.3911,263841,V,572,503,-1
1788813360.3911,263849,V,571,502,-1
1788813360.3912,263857,V,571,502,-1
1788813360.3912,263865,V,572,503,-1
1788813360.3912,263873,V,572,503,-1
1788813360.4396,263887,V,572,503,2935
1788813360.4396,263895,V,572,503,-1
1788813360.4396,263903,V,570,501,-1
1788813360.4396,263911,V,571,502,-1
1788813360.4396,263919,V,572,503,-1
1788813360.4396,263927,V,572,503,-1
1788813360.4892,263941,V,572,503,2936
1788813360.4893,263949,V,573,504,-1
1788813360.4893,263957,V,570,501,-1
1788813360.4893,263965,V,571,502,-1
1788813360.4893,263973,V,572,503,-1
1788813360.4893,263981,V,573,504,-1
1788813360.5377,263994,V,572,503,2937
1788813360.5377,264002,V,571,502,-1
1788813360.5377,264010,V,572,503,-1
1788813360.5377,264018,V,572,503,-1
1788813360.5377,264026,V,572,503,-1
1788813360.5377,264034,V,571,502,-1
1788813360.6353,264048,V,571,502,2938
1788813360.6354,264056,V,571,502,-1
1788813360.6354,264064,V,571,502,-1
1788813360.6354,264072,V,573,504,-1
1788813360.6354,264080,V,573,504,-1
1788813360.6354,264088,V,572,503,-1
1788813360.6841,264102,V,571,502,2939
1788813360.6841,264110,V,570,501,-1
1788813360.6841,264118,V,572,503,-1
1788813360.6841,264126,V,571,502,-1
1788813360.6841,264134,V,575,505,-1
1788813360.6841,264142,V,572,503,-1
1788813360.7320,264156,V,572,503,2940
1788813360.7320,264164,V,571,502,-1
1788813360.7320,264172,V,573,504,-1
1788813360.7320,264180,V,572,503,-1
1788813360.7320,264188,V,571,502,-1
1788813360.7321,264196,V,570,501,-1
1788813360.7819,264209,V,571,502,2941
1788813360.7819,264217,V,571,502,-1
1788813360.7820,264225,V,572,503,-1
1788813360.7820,264233,V,574,504,-1
1788813360.7820,264241,V,572,503,-1
1788813360.7820,264249,V,571,502,-1
1788813360.8306,264263,V,570,501,2942
1788813360.8306,264271,V,571,502,-1
1788813360.8306,264279,V,572,503,-1
1788813360.8307,264287,V,572,503,-1
1788813360.8307,264295,V,572,503,-1
1788813360.8307,264303,V,572,503,-1
1788813360.8800,264317,V,572,503,2943
1788813360.8801,264325,V,571,502,-1
1788813360.8801,264333,V,579,509,-1
1788813360.8801,264341,V,572,503,-1
1788813360.8801,264349,V,571,502,-1
1788813360.8801,264357,V,573,504,-1
1788813360.9273,264370,V,572,503,2944
1788813360.9274,264378,V,572,503,-1
1788813360.9274,264386,V,571,502,-1
1788813360.9274,264394,V,572,503,-1
1788813360.9274,264402,V,572,503,-1
1788813360.9274,264410,V,571,502,-1
1788813360.9757,264424,V,571,502,2945
1788813360.9757,264432,V,571,502,-1
1788813360.9758,264440,V,572,503,-1
1788813360.9758,264448,V,570,501,-1
1788813360.9758,264456,V,570,501,-1
1788813360.9759,264464,V,572,503,-1
1788813361.0247,264478,V,571,502,2946
1788813361.0247,264486,V,572,503,-1
1788813361.0247,264494,V,571,502,-1
1788813361.0247,264502,V,573,504,-1
1788813361.0247,264510,V,571,502,-1
1788813361.0247,264518,V,571,502,-1
1788813361.0732,264531,V,571,502,2947
1788813361.0732,264539,V,570,501,-1
1788813361.0732,264547,V,572,503,-1
1788813361.0732,264555,V,570,501,-1
1788813361.0732,264563,V,571,502,-1
1788813361.0732,264571,V,575,505,-1
1788813361.1741,264585,V,571,502,2948
1788813361.1743,264593,V,571,502,-1
1788813361.1743,264601,V,571,502,-1
1788813361.1743,264609,V,571,502,-1
1788813361.1743,264617,V,570,501,-1
1788813361.1743,264625,V,571,502,-1
1788813361.2198,264639,V,571,502,2949
1788813361.2199,264647,V,572,503,-1
1788813361.2199,264655,V,571,502,-1
1788813361.2199,264663,V,573,504,-1
1788813361.2199,264671,V,572,503,-1
1788813361.2199,264679,V,572,503,-1
1788813361.2684,264692,V,571,502,2950
1788813361.2684,264700,V,571,502,-1
1788813361.2684,264708,V,572,503,-1
1788813361.2684,264716,V,571,502,-1
1788813361.2684,264724,V,572,503,-1
1788813361.2684,264732,V,570,501,-1
1788813361.3179,264746,V,572,503,2951
1788813361.3179,264754,V,571,502,-1
1788813361.3180,264762,V,572,503,-1
1788813361.3180,264770,V,587,516,-1
1788813361.3180,264778,V,572,503,-1
1788813361.3180,264786,V,572,503,-1
1788813361.3667,264800,V,572,503,2952
1788813361.3667,264808,V,570,501,-1
1788813361.3667,264816,V,571,502,-1
1788813361.3667,264824,V,571,502,-1
1788813361.3668,264832,V,570,501,-1
1788813361.3668,264840,V,571,502,-1
1788813361.4154,264854,V,571,502,2953
1788813361.4155,264862,V,572,503,-1
1788813361.4155,264870,V,571,502,-1
1788813361.4155,264878,V,572,503,-1
1788813361.4156,264886,V,572,503,-1
1788813361.4156,264894,V,572,503,-1
1788813361.4635,264907,V,572,503,2954
1788813361.4635,264915,V,573,504,-1
1788813361.4635,264923,V,573,504,-1
1788813361.4635,264931,V,572,503,-1
1788813361.4636,264939,V,571,502,-1
1788813361.4636,264947,V,571,502,-1
1788813361.5132,264961,V,573,504,2955
1788813361.5132,264969,V,571,502,-1
1788813361.5132,264977,V,571,502,-1
1788813361.5132,264985,V,571,502,-1
1788813361.5132,264993,V,572,503,-1
1788813361.5133,265001,V,572,503,-1
1788813361.5620,265015,V,574,504,2956
1788813361.5620,265023,V,571,502,-1
1788813361.5620,265031,V,572,503,-1
1788813361.5620,265039,V,571,502,-1
1788813361.5620,265047,V,574,504,-1
1788813361.5620,265055,V,571,502,-1
1788813361.6097,265068,V,571,502,2957
1788813361.6098,265076,V,571,502,-1
1788813361.6098,265084,V,571,502,-1
1788813361.6098,265092,V,572,503,-1
1788813361.6098,265100,V,571,502,-1
1788813361.6098,265108,V,575,505,-1
1788813361.7083,265122,V,572,503,2958
1788813361.7084,265130,V,571,502,-1
1788813361.7084,265138,V,573,504,-1
1788813361.7084,265146,V,573,504,-1
1788813361.7084,265154,V,572,503,-1
1788813361.7084,265162,V,573,504,-1
1788813361.7562,265176,V,572,503,2959
1788813361.7563,265184,V,572,503,-1
1788813361.7563,265192,V,572,503,-1
1788813361.7563,265200,V,572,503,-1
1788813361.7563,265208,V,581,511,-1
1788813361.7563,265216,V,572,503,-1
1788813361.8044,265229,V,571,502,2960
1788813361.8044,265237,V,573,504,-1
1788813361.8044,265245,V,571,502,-1
1788813361.8044,265253,V,572,503,-1
1788813361.8044,265261,V,571,502,-1
1788813361.8044,265269,V,571,502,-1
1788813361.8542,265283,V,571,502,2961
1788813361.8542,265291,V,572,503,-1
1788813361.8542,265299,V,572,503,-1
1788813361.8543,265307,V,572,503,-1
1788813361.8543,265315,V,573,504,-1
1788813361.8543,265323,V,573,504,-1
1788813361.9039,265337,V,572,503,2962
1788813361.9039,265345,V,572,503,-1
1788813361.9039,265353,V,571,502,-1
1788813361.9039,265361,V,573,504,-1
1788813361.9039,265369,V,572,503,-1
1788813361.9039,265377,V,572,503,-1
1788813361.9508,265391,V,572,503,2963
1788813361.9510,265399,V,571,502,-1
1788813361.9510,265407,V,572,503,-1
1788813361.9510,265415,V,572,503,-1
1788813361.9510,265423,V,572,503,-1
1788813361.9510,265431,V,573,504,-1
1788813361.9999,265444,V,572,503,2964
1788813361.9999,265452,V,572,503,-1
1788813361.9999,265460,V,572,503,-1
1788813362.0000,265468,V,571,502,-1
1788813362.0000,265476,V,572,503,-1
1788813362.0000,265484,V,571,502,-1
1788813362.0486,265498,V,571,502,2965
1788813362.0486,265506,V,571,502,-1
1788813362.0486,265514,V,573,504,-1
1788813362.0487,265522,V,571,502,-1
1788813362.0487,265530,V,572,503,-1
1788813362.0487,265538,V,572,503,-1
1788813362.0967,265552,V,575,505,2966
1788813362.0968,265560,V,572,503,-1
1788813362.0968,265568,V,571,502,-1
1788813362.0968,265576,V,572,503,-1
1788813362.0968,265584,V,572,503,-1
1788813362.0968,265592,V,572,503,-1
1788813362.1948,265605,V,573,504,2967
1788813362.1949,265613,V,571,502,-1
1788813362.1949,265621,V,573,504,-1
1788813362.1950,265629,V,574,504,-1
1788813362.1950,265637,V,573,504,-1
1788813362.1950,265645,V,576,506,-1
1788813362.2438,265659,V,572,503,2968
1788813362.2439,265667,V,572,503,-1
1788813362.2439,265675,V,572,503,-1
1788813362.2439,265683,V,571,502,-1
1788813362.2439,265691,V,571,502,-1
1788813362.2439,265699,V,572,503,-1
1788813362.2920,265713,V,572,503,2969
1788813362.2921,265721,V,571,502,-1
1788813362.2921,265729,V,571,502,-1
1788813362.2921,265737,V,572,503,-1
1788813362.2921,265745,V,575,505,-1
1788813362.2921,265753,V,571,502,-1
1788813362.3413,265766,V,571,502,2970
1788813362.3413,265774,V,572,503,-1
1788813362.3414,265782,V,572,503,-1
1788813362.3414,265790,V,573,504,-1
1788813362.3414,265798,V,572,503,-1
1788813362.3414,265806,V,572,503,-1
1788813362.3895,265820,V,572,503,2971
1788813362.3895,265828,V,572,503,-1
1788813362.3895,265836,V,572,503,-1
1788813362.3895,265844,V,572,503,-1
1788813362.3895,265852,V,571,502,-1
1788813362.3895,265860,V,573,504,-1
1788813362.4383,265874,V,573,504,2972
1788813362.4384,265882,V,573,504,-1
1788813362.4384,265890,V,572,503,-1
1788813362.4384,265898,V,573,504,-1
1788813362.4385,265906,V,573,504,-1
1788813362.4385,265914,V,574,504,-1
1788813362.4874,265928,V,573,504,2973
1788813362.4874,265936,V,573,504,-1
1788813362.4874,265944,V,573,504,-1
1788813362.4874,265952,V,572,503,-1
1788813362.4875,265960,V,572,503,-1
1788813362.4875,265968,V,573,504,-1
1788813362.5358,265981,V,573,504,2974
1788813362.5358,265989,V,577,507,-1
1788813362.5358,265997,V,572,503,-1
1788813362.5358,266005,V,573,504,-1
1788813362.5358,266013,V,573,504,-1
1788813362.5359,266021,V,574,504,-1
1788813362.5845,266035,V,573,504,2975
1788813362.5845,266043,V,575,505,-1
1788813362.5846,266051,V,574,504,-1
1788813362.5846,266059,V,573,504,-1
1788813362.5846,266067,V,572,503,-1
1788813362.5846,266075,V,572,503,-1
1788813362.6334,266089,V,579,509,2976
1788813362.6334,266097,V,574,504,-1
1788813362.6334,266105,V,575,505,-1
1788813362.6334,266113,V,573,504,-1
1788813362.6334,266121,V,574,504,-1
1788813362.6334,266129,V,574,504,-1
1788813362.7310,266142,V,572,503,2977
1788813362.7312,266150,V,573,504,-1
1788813362.7312,266158,V,574,504,-1
1788813362.7312,266166,V,573,504,-1
1788813362.7312,266174,V,574,504,-1
1788813362.7312,266182,V,575,505,-1
1788813362.7799,266196,V,575,505,2978
1788813362.7799,266204,V,575,505,-1
1788813362.7799,266212,V,574,504,-1
1788813362.7799,266220,V,574,504,-1
1788813362.7801,266228,V,574,504,-1
1788813362.7801,266236,V,574,504,-1
1788813362.8283,266250,V,575,505,2979
1788813362.8283,266258,V,574,504,-1
1788813362.8283,266266,V,575,505,-1
1788813362.8283,266274,V,575,505,-1
1788813362.8283,266282,V,575,505,-1
1788813362.8283,266290,V,575,505,-1
1788813362.8771,266304,V,576,506,2980
1788813362.8771,266312,V,575,505,-1
1788813362.8771,266320,V,574,504,-1
1788813362.8771,266328,V,575,505,-1
1788813362.8771,266336,V,575,505,-1
1788813362.8771,266344,V,575,505,-1
1788813362.9259,266357,V,576,506,2981
1788813362.9259,266365,V,575,505,-1
1788813362.9259,266373,V,576,506,-1
1788813362.9259,266381,V,575,505,-1
1788813362.9259,266389,V,575,505,-1
1788813362.9259,266397,V,575,505,-1
1788813362.9743,266411,V,575,505,2982
1788813362.9744,266419,V,575,505,-1
1788813362.9744,266427,V,579,509,-1
1788813362.9744,266435,V,576,506,-1
1788813362.9744,266443,V,576,506,-1
1788813362.9744,266451,V,576,506,-1
1788813363.0243,266465,V,576,506,2983
1788813363.0244,266473,V,574,504,-1
1788813363.0244,266481,V,576,506,-1
1788813363.0244,266489,V,576,506,-1
1788813363.0244,266497,V,575,505,-1
1788813363.0244,266505,V,575,505,-1
1788813363.0733,266518,V,576,506,2984
1788813363.0735,266526,V,578,508,-1
1788813363.0736,266534,V,575,505,-1
1788813363.0736,266542,V,577,507,-1
1788813363.0736,266550,V,576,506,-1
1788813363.0736,266558,V,576,506,-1
1788813363.1219,266572,V,575,505,2985
1788813363.1220,266580,V,575,505,-1
1788813363.1220,266588,V,576,506,-1
1788813363.1220,266596,V,575,505,-1
1788813363.1220,266604,V,576,506,-1
1788813363.1220,266612,V,576,506,-1
1788813363.1708,266626,V,577,507,2986
1788813363.1708,266634,V,577,507,-1
1788813363.1708,266642,V,575,505,-1
1788813363.1708,266650,V,576,506,-1
1788813363.1708,266658,V,575,505,-1
1788813363.1709,266666,V,575,505,-1
1788813363.2679,266680,V,576,506,2987
1788813363.2680,266688,V,576,506,-1
1788813363.2680,266696,V,575,505,-1
1788813363.2680,266704,V,576,506,-1
1788813363.2680,266712,V,577,507,-1
1788813363.2680,266720,V,576,506,-1
1788813363.3162,266733,V,577,507,2988
1788813363.3162,266741,V,578,508,-1
1788813363.3162,266749,V,577,507,-1
1788813363.3162,266757,V,578,508,-1
1788813363.3162,266765,V,580,510,-1
1788813363.3162,266773,V,579,509,-1
1788813363.3647,266787,V,581,511,2989
1788813363.3647,266795,V,582,512,-1
1788813363.3647,266803,V,583,512,-1
1788813363.3647,266811,V,584,513,-1
1788813363.3648,266819,V,585,514,-1
1788813363.3648,266827,V,587,516,-1
1788813363.4134,266841,V,588,517,2990
1788813363.4134,266849,V,591,519,-1
1788813363.4134,266857,V,593,521,-1
1788813363.4134,266865,V,600,527,-1
1788813363.4134,266873,V,601,528,-1
1788813363.4134,266881,V,602,529,-1
1788813363.4619,266894,V,608,534,2991
1788813363.4619,266902,V,614,540,-1
1788813363.4620,266910,V,622,547,-1
1788813363.4620,266918,V,633,556,-1
1788813363.4620,266926,V,647,569,-1
1788813363.4620,266934,V,676,594,-1
1788813363.5107,266948,V,896,788,2992
1788813363.5108,266956,V,954,838,-1
1788813363.5108,266964,V,985,866,-1
1788813363.5108,266972,V,994,874,-1
1788813363.5108,266980,V,997,876,-1
1788813363.5108,266988,V,994,874,-1
1788813363.6086,267002,V,991,871,2993
1788813363.6087,267010,V,987,867,-1
1788813363.6087,267018,V,983,864,-1
1788813363.6087,267026,V,984,865,-1
1788813363.6087,267034,V,989,869,-1
1788813363.6087,267042,V,993,873,-1
1788813363.6100,267083,KEYDOWN,,,
1788813363.6103,267056,V,998,877,2994
1788813363.6103,267064,V,1000,879,-1
1788813363.6103,267072,V,1000,879,-1
1788813363.6103,267080,V,999,878,-1
1788813363.6103,267088,V,1001,880,-1
1788813363.6103,267096,V,1002,881,-1
1788813363.6571,267110,V,1002,881,2995
1788813363.6572,267118,V,1001,880,-1
1788813363.6572,267126,V,1004,882,-1
1788813363.6572,267134,V,1004,882,-1
1788813363.6572,267142,V,1005,883,-1
1788813363.6572,267150,V,1004,882,-1
1788813363.7059,267164,V,1006,884,2996
1788813363.7059,267172,V,1005,883,-1
1788813363.7059,267180,V,1005,883,-1
1788813363.7059,267188,V,1006,884,-1
1788813363.7059,267196,V,1006,884,-1
1788813363.7059,267204,V,1006,884,-1
1788813363.8034,267217,V,1006,884,2997
1788813363.8035,267225,V,1008,886,-1
1788813363.8036,267233,V,1007,885,-1
1788813363.8036,267241,V,1008,886,-1
1788813363.8036,267249,V,1008,886,-1
1788813363.8036,267257,V,1007,885,-1
1788813363.8527,267271,V,1005,883,2998
1788813363.8527,267279,V,1006,884,-1
1788813363.8527,267287,V,1005,883,-1
1788813363.8527,267295,V,1005,883,-1
1788813363.8527,267303,V,1006,884,-1
1788813363.8527,267311,V,1005,883,-1
1788813363.9016,267325,V,1004,882,2999
1788813363.9016,267333,V,1004,882,-1
1788813363.9016,267341,V,1004,882,-1
1788813363.9016,267349,V,1002,881,-1
1788813363.9017,267357,V,1002,881,-1
1788813363.9017,267365,V,1002,881,-1
1788813363.9497,267378,V,1001,880,3000
1788813363.9497,267386,V,1001,880,-1
1788813363.9497,267394,V,1000,879,-1
1788813363.9497,267402,V,1000,879,-1
1788813363.9497,267410,V,1001,880,-1
1788813363.9497,267418,V,1000,879,-1
1788813363.9984,267432,V,1000,879,3001
1788813363.9984,267440,V,1000,879,-1
1788813363.9984,267448,V,1001,880,-1
1788813363.9984,267456,V,1000,879,-1
1788813363.9984,267464,V,1001,880,-1
1788813363.9984,267472,V,1001,880,-1
1788813364.0473,267486,V,1000,879,3002
1788813364.0475,267494,V,1001,880,-1
1788813364.0475,267502,V,1001,880,-1
1788813364.0475,267510,V,1000,879,-1
1788813364.0475,267518,V,1001,880,-1
1788813364.0475,267526,V,1001,880,-1
1788813364.0959,267539,V,1001,880,3003
1788813364.0960,267547,V,1001,880,-1
1788813364.0960,267555,V,1001,880,-1
1788813364.0960,267563,V,1001,880,-1
1788813364.0960,267571,V,1001,880,-1
1788813364.0960,267579,V,1002,881,-1
1788813364.1446,267593,V,1001,880,3004
1788813364.1446,267601,V,1002,881,-1
1788813364.1446,267609,V,1001,880,-1
1788813364.1447,267617,V,1001,880,-1
1788813364.1447,267625,V,1000,879,-1
1788813364.1447,267633,V,1002,881,-1
1788813364.1930,267647,V,1001,880,3005
1788813364.1931,267655,V,1002,881,-1
1788813364.1931,267663,V,1001,880,-1
1788813364.1931,267671,V,1002,881,-1
1788813364.1931,267679,V,1002,881,-1
1788813364.1931,267687,V,1002,881,-1
1788813364.2908,267700,V,1002,881,3006
1788813364.2909,267708,V,1002,881,-1
1788813364.2909,267716,V,1003,882,-1
1788813364.2909,267724,V,1002,881,-1
1788813364.2909,267732,V,1001,880,-1
1788813364.2910,267740,V,1001,880,-1
1788813364.3399,267754,V,1002,881,3007
1788813364.3399,267762,V,1002,881,-1
1788813364.3399,267770,V,1002,881,-1
1788813364.3399,267778,V,1001,880,-1
1788813364.3400,267786,V,1001,880,-1
1788813364.3400,267794,V,1001,880,-1
1788813364.3885,267808,V,1001,880,3008
1788813364.3885,267816,V,1002,881,-1
1788813364.3885,267824,V,1002,881,-1
1788813364.3885,267832,V,1002,881,-1
1788813364.3885,267840,V,1002,881,-1
1788813364.3885,267848,V,1001,880,-1
1788813364.4371,267861,V,1001,880,3009
1788813364.4371,267869,V,1002,881,-1
1788813364.4371,267877,V,1000,879,-1
1788813364.4371,267885,V,1002,881,-1
1788813364.4371,267893,V,1001,880,-1
1788813364.4372,267901,V,1001,880,-1
1788813364.4856,267915,V,1001,880,3010
1788813364.4856,267923,V,1002,881,-1
1788813364.4856,267931,V,1002,881,-1
1788813364.4856,267939,V,1002,881,-1
1788813364.4856,267947,V,1002,881,-1
1788813364.4856,267955,V,1002,881,-1
1788813364.5345,267969,V,1001,880,3011
1788813364.5346,267977,V,1002,881,-1
1788813364.5347,267985,V,1003,882,-1
1788813364.5347,267993,V,1002,881,-1
1788813364.5347,268001,V,1002,881,-1
1788813364.5347,268009,V,1001,880,-1
1788813364.5845,268023,V,1002,881,3012
1788813364.5845,268031,V,1002,881,-1
1788813364.5845,268039,V,1001,880,-1
1788813364.5845,268047,V,1001,880,-1
1788813364.5846,268055,V,1001,880,-1
1788813364.5846,268063,V,1001,880,-1
1788813364.6329,268076,V,1001,880,3013
1788813364.6330,268084,V,1002,881,-1
1788813364.6330,268092,V,1002,881,-1
1788813364.6330,268100,V,1003,882,-1
1788813364.6330,268108,V,1002,881,-1
1788813364.6330,268116,V,1002,881,-1
1788813364.7304,268130,V,1003,882,3014
1788813364.7304,268138,V,1004,882,-1
1788813364.7304,268146,V,1003,882,-1
1788813364.7305,268154,V,1001,880,-1
1788813364.7305,268162,V,1002,881,-1
1788813364.7305,268170,V,1001,880,-1
1788813364.7316,268184,V,1002,881,3015
1788813364.7317,268192,V,1002,881,-1
1788813364.7317,268200,V,1002,881,-1
1788813364.7317,268208,V,1002,881,-1
1788813364.7317,268216,V,1002,881,-1
1788813364.7317,268224,V,1003,882,-1
1788813364.7780,268237,V,1002,881,3016
1788813364.7781,268245,V,1003,882,-1
1788813364.7781,268253,V,1002,881,-1
1788813364.7781,268261,V,1001,880,-1
1788813364.7781,268269,V,1002,881,-1
1788813364.7781,268277,V,1002,881,-1
1788813364.8769,268291,V,1003,882,3017
1788813364.8770,268299,V,1002,881,-1
1788813364.8770,268307,V,1002,881,-1
1788813364.8770,268315,V,1002,881,-1
1788813364.8770,268323,V,1002,881,-1
1788813364.8770,268331,V,1002,881,-1
1788813364.9261,268345,V,1003,882,3018
1788813364.9261,268353,V,1001,880,-1
1788813364.9261,268361,V,1002,881,-1
1788813364.9261,268369,V,1002,881,-1
1788813364.9261,268377,V,1002,881,-1
1788813364.9261,268385,V,1002,881,-1
1788813364.9732,268399,V,1002,881,3019
1788813364.9732,268407,V,1000,879,-1
1788813364.9732,268415,V,1001,880,-1
1788813364.9732,268423,V,1001,880,-1
1788813364.9732,268431,V,1002,881,-1
1788813364.9732,268439,V,1001,880,-1
1788813365.0219,268452,V,1003,882,3020
1788813365.0220,268460,V,1002,881,-1
1788813365.0220,268468,V,1002,881,-1
1788813365.0220,268476,V,1003,882,-1
1788813365.0220,268484,V,1002,881,-1
1788813365.0220,268492,V,1001,880,-1
1788813365.0726,268506,V,1002,881,3021
1788813365.0726,268514,V,1001,880,-1
1788813365.0726,268522,V,1001,880,-1
1788813365.0726,268530,V,1002,881,-1
1788813365.0726,268538,V,1001,880,-1
1788813365.0726,268546,V,1003,882,-1
1788813365.1197,268560,V,1001,880,3022
1788813365.1197,268568,V,1002,881,-1
1788813365.1197,268576,V,1002,881,-1
1788813365.1197,268584,V,1001,880,-1
1788813365.1197,268592,V,1001,880,-1
1788813365.1197,268600,V,1002,881,-1
1788813365.1682,268613,V,1002,881,3023
1788813365.1682,268621,V,1001,880,-1
1788813365.1682,268629,V,1002,881,-1
1788813365.1682,268637,V,1002,881,-1
1788813365.1682,268645,V,1002,881,-1
1788813365.1682,268653,V,1002,881,-1
1788813365.2171,268667,V,1002,881,3024
1788813365.2172,268675,V,1002,881,-1
1788813365.2172,268683,V,1001,880,-1
1788813365.2172,268691,V,1002,881,-1
1788813365.2172,268699,V,1003,882,-1
1788813365.2172,268707,V,1002,881,-1
1788813365.2660,268720,V,1003,882,3025
1788813365.2661,268728,V,1004,882,-1
1788813365.2661,268736,V,1002,881,-1
1788813365.2661,268744,V,1004,882,-1
1788813365.2661,268752,V,1002,881,-1
1788813365.2661,268760,V,1002,881,-1
1788813365.3636,268774,V,1002,881,3026
1788813365.3636,268782,V,1003,882,-1
1788813365.3636,268790,V,1003,882,-1
1788813365.3636,268798,V,1002,881,-1
1788813365.3636,268806,V,1002,881,-1
1788813365.3636,268814,V,1002,881,-1
1788813365.4121,268828,V,1004,882,3027
1788813365.4121,268836,V,1002,881,-1
1788813365.4121,268844,V,1003,882,-1
1788813365.4121,268852,V,1003,882,-1
1788813365.4121,268860,V,1002,881,-1
1788813365.4121,268868,V,1003,882,-1
1788813365.4609,268882,V,1004,882,3028
1788813365.4610,268890,V,1004,882,-1
1788813365.4610,268898,V,1003,882,-1
1788813365.4610,268906,V,1003,882,-1
1788813365.4610,268914,V,1002,881,-1
1788813365.4610,268922,V,1003,882,-1
1788813365.5095,268935,V,1003,882,3029
1788813365.5096,268943,V,1003,882,-1
1788813365.5096,268951,V,1003,882,-1
1788813365.5096,268959,V,1003,882,-1
1788813365.5096,268967,V,1003,882,-1
1788813365.5096,268975,V,1002,881,-1
1788813365.5581,268989,V,1003,882,3030
1788813365.5581,268997,V,1004,882,-1
1788813365.5581,269005,V,1003,882,-1
1788813365.5581,269013,V,1003,882,-1
1788813365.5581,269021,V,1003,882,-1
1788813365.5581,269029,V,1003,882,-1
1788813365.6069,269043,V,1003,882,3031
1788813365.6069,269051,V,1003,882,-1
1788813365.6069,269059,V,1003,882,-1
1788813365.6069,269067,V,1002,881,-1
1788813365.6069,269075,V,1003,882,-1
1788813365.6069,269083,V,1003,882,-1
1788813365.6556,269096,V,1003,882,3032
1788813365.6556,269104,V,1003,882,-1
1788813365.6556,269112,V,1003,882,-1
1788813365.6557,269120,V,1003,882,-1
1788813365.6557,269128,V,1003,882,-1
1788813365.6557,269136,V,1003,882,-1
1788813365.7040,269150,V,1002,881,3033
1788813365.7040,269158,V,1002,881,-1
1788813365.7040,269166,V,1002,881,-1
1788813365.7040,269174,V,1003,882,-1
1788813365.7040,269182,V,1002,881,-1
1788813365.7040,269190,V,1002,881,-1
1788813365.7535,269203,V,1002,881,3034
1788813365.7537,269211,V,1002,881,-1
1788813365.7537,269219,V,1003,882,-1
1788813365.7537,269227,V,1002,881,-1
1788813365.7537,269235,V,1002,881,-1
1788813365.7537,269243,V,1002,881,-1
1788813365.8021,269257,V,1004,882,3035
1788813365.8022,269265,V,1002,881,-1
1788813365.8022,269273,V,1004,882,-1
1788813365.8022,269281,V,1003,882,-1
1788813365.8022,269289,V,1002,881,-1
1788813365.8022,269297,V,1002,881,-1
1788813365.8997,269311,V,1003,882,3036
1788813365.8998,269319,V,1002,881,-1
1788813365.8998,269327,V,1003,882,-1
1788813365.8998,269335,V,1002,881,-1
1788813365.8998,269343,V,1004,882,-1
1788813365.8998,269351,V,1002,881,-1
1788813365.9499,269365,V,1002,881,3037
1788813365.9499,269373,V,1002,881,-1
1788813365.9499,269381,V,1002,881,-1
1788813365.9499,269389,V,1003,882,-1
1788813365.9499,269397,V,1003,882,-1
1788813365.9499,269405,V,1003,882,-1
1788813365.9967,269418,V,1003,882,3038
1788813365.9969,269426,V,1003,882,-1
1788813365.9969,269434,V,1003,882,-1
1788813365.9969,269442,V,1002,881,-1
1788813365.9969,269450,V,1002,881,-1
1788813365.9969,269458,V,1004,882,-1
1788813366.0462,269472,V,1004,882,3039
1788813366.0462,269480,V,1002,881,-1
1788813366.0462,269488,V,1002,881,-1
1788813366.0462,269496,V,1003,882,-1
1788813366.0462,269504,V,1003,882,-1
1788813366.0462,269512,V,1002,881,-1
1788813366.0943,269526,V,1003,882,3040
1788813366.0943,269534,V,1003,882,-1
1788813366.0943,269542,V,1003,882,-1
1788813366.0943,269550,V,1003,882,-1
1788813366.0943,269558,V,1002,881,-1
1788813366.0943,269566,V,1002,881,-1
1788813366.1456,269579,V,1002,881,3041
1788813366.1456,269587,V,1001,880,-1
1788813366.1456,269595,V,1003,882,-1
1788813366.1456,269603,V,1002,881,-1
1788813366.1456,269611,V,1003,882,-1
1788813366.1456,269619,V,1004,882,-1
1788813366.1926,269633,V,1004,882,3042
1788813366.1926,269641,V,1002,881,-1
1788813366.1926,269649,V,1003,882,-1
1788813366.1926,269657,V,1002,881,-1
1788813366.1926,269665,V,1004,882,-1
1788813366.1926,269673,V,1002,881,-1
1788813366.2419,269687,V,1001,880,3043
1788813366.2420,269695,V,1003,882,-1
1788813366.2421,269703,V,1002,881,-1
1788813366.2421,269711,V,1003,882,-1
1788813366.2421,269719,V,1003,882,-1
1788813366.2421,269727,V,1003,882,-1
1788813366.2904,269741,V,1002,881,3044
1788813366.2904,269749,V,1003,882,-1
1788813366.2905,269757,V,1003,882,-1
1788813366.2905,269765,V,1003,882,-1
1788813366.2905,269773,V,1002,881,-1
1788813366.2905,269781,V,1002,881,-1
1788813366.3871,269794,V,1003,882,3045
1788813366.3871,269802,V,1003,882,-1
1788813366.3873,269810,V,1002,881,-1
1788813366.3873,269818,V,1004,882,-1
1788813366.3873,269826,V,1003,882,-1
1788813366.3873,269834,V,1003,882,-1
1788813366.4367,269848,V,1004,882,3046
1788813366.4367,269856,V,1003,882,-1
1788813366.4367,269864,V,1004,882,-1
1788813366.4367,269872,V,1003,882,-1
1788813366.4368,269880,V,1003,882,-1
1788813366.4368,269888,V,1004,882,-1
1788813366.4844,269902,V,1003,882,3047
1788813366.4846,269910,V,1004,882,-1
1788813366.4846,269918,V,1003,882,-1
1788813366.4846,269926,V,1004,882,-1
1788813366.4846,269934,V,1003,882,-1
1788813366.4846,269942,V,1002,881,-1
1788813366.5826,269955,V,1003,882,3048
1788813366.5826,269963,V,1002,881,-1
1788813366.5826,269971,V,1003,882,-1
1788813366.5826,269979,V,1003,882,-1
1788813366.5826,269987,V,1003,882,-1
1788813366.5826,269995,V,1003,882,-1
1788813366.5831,270009,V,1003,882,3049
1788813366.5832,270017,V,1004,882,-1
1788813366.5832,270025,V,1002,881,-1
1788813366.5832,270033,V,1002,881,-1
1788813366.5832,270041,V,1002,881,-1
1788813366.5832,270049,V,1004,882,-1
1788813366.6317,270063,V,1002,881,3050
1788813366.6317,270071,V,1002,881,-1
1788813366.6317,270079,V,1004,882,-1
1788813366.6317,270087,V,1004,882,-1
1788813366.6317,270095,V,1004,882,-1
1788813366.6317,270103,V,1003,882,-1
1788813366.6797,270116,V,1002,881,3051
1788813366.6797,270124,V,1003,882,-1
1788813366.6797,270132,V,1004,882,-1
1788813366.6797,270140,V,1002,881,-1
1788813366.6797,270148,V,1002,881,-1
1788813366.6797,270156,V,1001,880,-1
1788813366.7283,270170,V,1002,881,3052
1788813366.7284,270178,V,1003,882,-1
1788813366.7284,270186,V,1003,882,-1
1788813366.7284,270194,V,1003,882,-1
1788813366.7284,270202,V,1002,881,-1
1788813366.7284,270210,V,1003,882,-1
1788813366.7776,270224,V,1003,882,3053
1788813366.7776,270232,V,1006,884,-1
1788813366.7776,270240,V,1004,882,-1
1788813366.7776,270248,V,1003,882,-1
1788813366.7776,270256,V,1002,881,-1
1788813366.7776,270264,V,1002,881,-1
1788813366.8261,270277,V,1002,881,3054
1788813366.8261,270285,V,1003,882,-1
1788813366.8261,270293,V,1004,882,-1
1788813366.8261,270301,V,1001,880,-1
1788813366.8261,270309,V,1003,882,-1
1788813366.8261,270317,V,1004,882,-1
1788813366.8745,270331,V,1003,882,3055
1788813366.8745,270339,V,1003,882,-1
1788813366.8745,270347,V,1003,882,-1
1788813366.8745,270355,V,1003,882,-1
1788813366.8745,270363,V,1003,882,-1
1788813366.8745,270371,V,1002,881,-1
1788813366.9757,270385,V,1003,882,3056
1788813366.9758,270393,V,1003,882,-1
1788813366.9758,270401,V,1002,881,-1
1788813366.9759,270409,V,1002,881,-1
1788813366.9759,270417,V,1002,881,-1
1788813366.9759,270425,V,1003,882,-1
1788813367.0213,270438,V,1003,882,3057
1788813367.0213,270446,V,1002,881,-1
1788813367.0213,270454,V,1002,881,-1
1788813367.0214,270462,V,1002,881,-1
1788813367.0214,270470,V,1003,882,-1
1788813367.0214,270478,V,1003,882,-1
1788813367.1185,270492,V,1003,882,3058
1788813367.1185,270500,V,1001,880,-1
1788813367.1186,270508,V,1002,881,-1
1788813367.1186,270516,V,1002,881,-1
1788813367.1186,270524,V,1003,882,-1
1788813367.1186,270532,V,1002,881,-1
1788813367.1196,270546,V,1003,882,3059
1788813367.1196,270554,V,1001,880,-1
1788813367.1196,270562,V,1001,880,-1
1788813367.1196,270570,V,1002,881,-1
1788813367.1196,270578,V,1002,881,-1
1788813367.1196,270586,V,1002,881,-1
1788813367.1666,270599,V,1003,882,3060
1788813367.1666,270607,V,1003,882,-1
1788813367.1666,270615,V,1003,882,-1
1788813367.1666,270623,V,1004,882,-1
1788813367.1666,270631,V,1004,882,-1
1788813367.1666,270639,V,1003,882,-1
1788813367.2158,270653,V,1003,882,3061
1788813367.2160,270661,V,1003,882,-1
1788813367.2160,270669,V,1004,882,-1
1788813367.2160,270677,V,1002,881,-1
1788813367.2160,270685,V,1004,882,-1
1788813367.2160,270693,V,1003,882,-1
1788813367.2649,270707,V,1003,882,3062
1788813367.2649,270715,V,1002,881,-1
1788813367.2649,270723,V,1002,881,-1
1788813367.2649,270731,V,1003,882,-1
1788813367.2649,270739,V,1003,882,-1
1788813367.2649,270747,V,1003,882,-1
1788813367.3132,270761,V,1003,882,3063
1788813367.3132,270769,V,1004,882,-1
1788813367.3132,270777,V,1002,881,-1
1788813367.3132,270785,V,1003,882,-1
1788813367.3132,270793,V,1003,882,-1
1788813367.3132,270801,V,1004,882,-1
1788813367.3629,270814,V,1002,881,3064
1788813367.3630,270822,V,1004,882,-1
1788813367.3630,270830,V,1003,882,-1
1788813367.3630,270838,V,1003,882,-1
1788813367.3630,270846,V,1003,882,-1
1788813367.3630,270854,V,1003,882,-1
1788813367.4107,270868,V,1003,882,3065
1788813367.4108,270876,V,1004,882,-1
1788813367.4108,270884,V,1003,882,-1
1788813367.4108,270892,V,1004,882,-1
1788813367.4108,270900,V,1003,882,-1
1788813367.4108,270908,V,1003,882,-1
1788813367.5573,270921,V,1002,881,3066
1788813367.5575,270929,V,1002,881,-1
1788813367.5575,270937,V,1003,882,-1
1788813367.5575,270945,V,1002,881,-1
1788813367.5575,270953,V,1002,881,-1
1788813367.5575,270961,V,1003,882,-1
1788813367.5584,270975,V,1003,882,3067
1788813367.5584,270983,V,1003,882,-1
1788813367.5584,270991,V,1003,882,-1
1788813367.5584,270999,V,1003,882,-1
1788813367.5584,271007,V,1004,882,-1
1788813367.5584,271015,V,1003,882,-1
1788813367.6063,271029,V,1003,882,3068
1788813367.6063,271037,V,1003,882,-1
1788813367.6063,271045,V,1002,881,-1
1788813367.6063,271053,V,1003,882,-1
1788813367.6063,271061,V,1003,882,-1
1788813367.6063,271069,V,1003,882,-1
1788813367.6547,271082,V,1003,882,3069
1788813367.6548,271090,V,1004,882,-1
1788813367.6548,271098,V,1003,882,-1
1788813367.6548,271106,V,1003,882,-1
1788813367.6548,271114,V,1003,882,-1
1788813367.6548,271122,V,1002,881,-1
1788813367.7033,271136,V,1002,881,3070
1788813367.7033,271144,V,1002,881,-1
1788813367.7033,271152,V,1002,881,-1
1788813367.7033,271160,V,1002,881,-1
1788813367.7033,271168,V,1002,881,-1
1788813367.7033,271176,V,1004,882,-1
1788813367.7522,271189,V,1003,882,3071
1788813367.7522,271197,V,1003,882,-1
1788813367.7522,271205,V,1004,882,-1
1788813367.7522,271213,V,1004,882,-1
1788813367.7522,271221,V,1003,882,-1
1788813367.7522,271229,V,1003,882,-1
1788813367.8004,271243,V,1003,882,3072
1788813367.8006,271251,V,1003,882,-1
1788813367.8006,271259,V,1002,881,-1
1788813367.8006,271267,V,1002,881,-1
1788813367.8006,271275,V,1003,882,-1
1788813367.8006,271283,V,1003,882,-1
1788813367.8498,271297,V,1003,882,3073
1788813367.8499,271305,V,1003,882,-1
1788813367.8499,271313,V,1004,882,-1
1788813367.8499,271321,V,1004,882,-1
1788813367.8499,271329,V,1002,881,-1
1788813367.8499,271337,V,1002,881,-1
1788813367.8983,271350,V,1003,882,3074
1788813367.8983,271358,V,1003,882,-1
1788813367.8984,271366,V,1002,881,-1
1788813367.8984,271374,V,1002,881,-1
1788813367.8984,271382,V,1003,882,-1
1788813367.8984,271390,V,1002,881,-1
1788813367.9471,271404,V,1003,882,3075
1788813367.9471,271412,V,1004,882,-1
1788813367.9471,271420,V,1002,881,-1
1788813367.9471,271428,V,1003,882,-1
1788813367.9471,271436,V,1003,882,-1
1788813367.9472,271444,V,1002,881,-1
1788813368.0449,271458,V,1003,882,3076
1788813368.0451,271466,V,1002,881,-1
1788813368.0451,271474,V,1003,882,-1
1788813368.0451,271482,V,1004,882,-1
1788813368.0451,271490,V,1002,881,-1
1788813368.0451,271498,V,1003,882,-1
1788813368.0944,271511,V,1003,882,3077
1788813368.0944,271519,V,1003,882,-1
1788813368.0944,271527,V,1002,881,-1
1788813368.0944,271535,V,1003,882,-1
1788813368.0944,271543,V,1003,882,-1
1788813368.0944,271551,V,1003,882,-1
1788813368.1421,271565,V,1003,882,3078
1788813368.1421,271573,V,1002,881,-1
1788813368.1421,271581,V,1002,881,-1
1788813368.1421,271589,V,1002,881,-1
1788813368.1423,271597,V,1003,882,-1
1788813368.1423,271605,V,1002,881,-1
1788813368.1911,271619,V,1002,881,3079
1788813368.1911,271627,V,1003,882,-1
1788813368.1911,271635,V,1004,882,-1
1788813368.1911,271643,V,1003,882,-1
1788813368.1911,271651,V,1004,882,-1
1788813368.1911,271659,V,1003,882,-1
1788813368.2405,271672,V,1004,882,3080
1788813368.2406,271680,V,1002,881,-1
1788813368.2406,271688,V,1003,882,-1
1788813368.2406,271696,V,1003,882,-1
1788813368.2406,271704,V,1003,882,-1
1788813368.2406,271712,V,1002,881,-1
1788813368.2893,271726,V,1003,882,3081
1788813368.2895,271734,V,1003,882,-1
1788813368.2895,271742,V,1004,882,-1
1788813368.2895,271750,V,1002,881,-1
1788813368.2895,271758,V,1003,882,-1
1788813368.2895,271766,V,1002,881,-1
1788813368.3383,271780,V,1003,882,3082
1788813368.3383,271788,V,1004,882,-1
1788813368.3384,271796,V,1003,882,-1
1788813368.3384,271804,V,1003,882,-1
1788813368.3384,271812,V,1003,882,-1
1788813368.3384,271820,V,1002,881,-1
1788813368.3866,271833,V,1003,882,3083
1788813368.3867,271841,V,1003,882,-1
1788813368.3867,271849,V,1002,881,-1
1788813368.3867,271857,V,1003,882,-1
1788813368.3867,271865,V,1003,882,-1
1788813368.3867,271873,V,1002,881,-1
1788813368.4835,271887,V,1003,882,3084
1788813368.4836,271895,V,1003,882,-1
1788813368.4836,271903,V,1004,882,-1
1788813368.4836,271911,V,1003,882,-1
1788813368.4836,271919,V,1003,882,-1
1788813368.4836,271927,V,1003,882,-1
1788813368.4846,271940,V,1002,881,3085
1788813368.4847,271948,V,1003,882,-1
1788813368.4847,271956,V,1002,881,-1
1788813368.4847,271964,V,1002,881,-1
1788813368.4847,271972,V,1001,880,-1
1788813368.4847,271980,V,1003,882,-1
1788813368.5813,271994,V,1003,882,3086
1788813368.5814,272002,V,1003,882,-1
1788813368.5814,272010,V,1003,882,-1
1788813368.5814,272018,V,1004,882,-1
1788813368.5815,272026,V,1003,882,-1
1788813368.5815,272034,V,1004,882,-1
1788813368.6307,272048,V,1004,882,3087
1788813368.6307,272056,V,1002,881,-1
1788813368.6307,272064,V,1004,882,-1
1788813368.6307,272072,V,1004,882,-1
1788813368.6307,272080,V,1003,882,-1
1788813368.6307,272088,V,1003,882,-1
1788813368.6790,272101,V,1003,882,3088
1788813368.6791,272109,V,1003,882,-1
1788813368.6791,272117,V,1003,882,-1
1788813368.6791,272125,V,1003,882,-1
1788813368.6791,272133,V,1003,882,-1
1788813368.6791,272141,V,1004,882,-1
1788813368.7271,272155,V,1004,882,3089
1788813368.7271,272163,V,1002,881,-1
1788813368.7271,272171,V,1002,881,-1
1788813368.7272,272179,V,1004,882,-1
1788813368.7272,272187,V,1003,882,-1
1788813368.7272,272195,V,1004,882,-1
1788813368.7759,272209,V,1003,882,3090
1788813368.7760,272217,V,1004,882,-1
1788813368.7760,272225,V,1004,882,-1
1788813368.7760,272233,V,1003,882,-1
1788813368.7760,272241,V,1002,881,-1
1788813368.7760,272249,V,1003,882,-1
1788813368.8245,272262,V,1003,882,3091
1788813368.8246,272270,V,1004,882,-1
1788813368.8246,272278,V,1006,884,-1
1788813368.8246,272286,V,1003,882,-1
1788813368.8246,272294,V,1004,882,-1
1788813368.8246,272302,V,1004,882,-1
1788813368.8737,272316,V,1003,882,3092
1788813368.8737,272324,V,1002,881,-1
1788813368.8737,272332,V,1002,881,-1
1788813368.8737,272340,V,1002,881,-1
1788813368.8737,272348,V,1003,882,-1
1788813368.8737,272356,V,1003,882,-1
1788813368.9221,272370,V,1002,881,3093
1788813368.9222,272378,V,1003,882,-1
1788813368.9222,272386,V,1004,882,-1
1788813368.9222,272394,V,1004,882,-1
1788813368.9222,272402,V,1002,881,-1
1788813368.9222,272410,V,1004,882,-1
1788813368.9705,272423,V,1003,882,3094
1788813368.9706,272431,V,1003,882,-1
1788813368.9706,272439,V,1004,882,-1
1788813368.9706,272447,V,1005,883,-1
1788813368.9706,272455,V,1003,882,-1
1788813368.9706,272463,V,1003,882,-1
1788813369.0195,272477,V,1002,881,3095
1788813369.0195,272485,V,1003,882,-1
1788813369.0195,272493,V,1004,882,-1
1788813369.0195,272501,V,1003,882,-1
1788813369.0195,272509,V,1002,881,-1
1788813369.0196,272517,V,1004,882,-1
1788813369.1170,272531,V,1004,882,3096
1788813369.1172,272539,V,1002,881,-1
1788813369.1172,272547,V,1001,880,-1
1788813369.1172,272555,V,1003,882,-1
1788813369.1172,272563,V,1002,881,-1
1788813369.1172,272571,V,1003,882,-1
1788813369.1685,272584,V,1002,881,3097
1788813369.1685,272592,V,1003,882,-1
1788813369.1685,272600,V,1003,882,-1
1788813369.1685,272608,V,1002,881,-1
1788813369.1686,272616,V,1004,882,-1
1788813369.1686,272624,V,1003,882,-1
1788813369.2145,272638,V,1003,882,3098
1788813369.2145,272646,V,1003,882,-1
1788813369.2145,272654,V,1003,882,-1
1788813369.2145,272662,V,1004,882,-1
1788813369.2145,272670,V,1003,882,-1
1788813369.2145,272678,V,1003,882,-1
1788813369.2638,272692,V,1003,882,3099
1788813369.2638,272700,V,1002,881,-1
1788813369.2638,272708,V,1003,882,-1
1788813369.2638,272716,V,1004,882,-1
1788813369.2638,272724,V,1003,882,-1
1788813369.2638,272732,V,1004,882,-1
1788813369.3129,272745,V,1003,882,3100
1788813369.3129,272753,V,1004,882,-1
1788813369.3129,272761,V,1004,882,-1
1788813369.3129,272769,V,1002,881,-1
1788813369.3129,272777,V,1002,881,-1
1788813369.3129,272785,V,1003,882,-1
1788813369.3608,272799,V,1004,882,3101
1788813369.3609,272807,V,1003,882,-1
1788813369.3609,272815,V,1004,882,-1
1788813369.3609,272823,V,1003,882,-1
1788813369.3610,272831,V,1003,882,-1
1788813369.3610,272839,V,1003,882,-1
1788813369.4097,272853,V,1003,882,3102
1788813369.4097,272861,V,1003,882,-1
1788813369.4097,272869,V,1003,882,-1
1788813369.4097,272877,V,1004,882,-1
1788813369.4097,272885,V,1003,882,-1
1788813369.4097,272893,V,1004,882,-1
1788813369.4586,272906,V,1003,882,3103
1788813369.4586,272914,V,1003,882,-1
1788813369.4586,272922,V,1003,882,-1
1788813369.4586,272930,V,1003,882,-1
1788813369.4586,272938,V,1002,881,-1
1788813369.4586,272946,V,1003,882,-1
1788813369.5071,272960,V,1003,882,3104
1788813369.5072,272968,V,1002,881,-1
1788813369.5072,272976,V,1004,882,-1
1788813369.5072,272984,V,1003,882,-1
1788813369.5072,272992,V,1004,882,-1
1788813369.5072,273000,V,1004,882,-1
1788813369.5560,273014,V,1002,881,3105
1788813369.5560,273022,V,1003,882,-1
1788813369.5560,273030,V,1004,882,-1
1788813369.5560,273038,V,1003,882,-1
1788813369.5560,273046,V,1003,882,-1
1788813369.5560,273054,V,1003,882,-1
1788813369.6535,273067,V,1004,882,3106
1788813369.6537,273075,V,1004,882,-1
1788813369.6538,273083,V,1003,882,-1
1788813369.6538,273091,V,1005,883,-1
1788813369.6538,273099,V,1004,882,-1
1788813369.6538,273107,V,1004,882,-1
1788813369.7025,273121,V,1003,882,3107
1788813369.7025,273129,V,1004,882,-1
1788813369.7025,273137,V,1004,882,-1
1788813369.7026,273145,V,1003,882,-1
1788813369.7026,273153,V,1005,883,-1
1788813369.7026,273161,V,1004,882,-1
1788813369.7510,273174,V,1004,882,3108
1788813369.7511,273182,V,1004,882,-1
1788813369.7511,273190,V,1004,882,-1
1788813369.7511,273198,V,1003,882,-1
1788813369.7511,273206,V,1005,883,-1
1788813369.7511,273214,V,1004,882,-1
1788813369.7996,273228,V,1004,882,3109
1788813369.7996,273236,V,1003,882,-1
1788813369.7996,273244,V,1002,881,-1
1788813369.7996,273252,V,1005,883,-1
1788813369.7996,273260,V,1003,882,-1
1788813369.7996,273268,V,1004,882,-1
1788813369.8487,273282,V,1003,882,3110
1788813369.8488,273290,V,1004,882,-1
1788813369.8488,273298,V,1002,881,-1
1788813369.8488,273306,V,1003,882,-1
1788813369.8488,273314,V,1002,881,-1
1788813369.8488,273322,V,1004,882,-1
1788813369.8971,273335,V,1003,882,3111
1788813369.8972,273343,V,1005,883,-1
1788813369.8973,273351,V,1004,882,-1
1788813369.8973,273359,V,1004,882,-1
1788813369.8973,273367,V,1003,882,-1
1788813369.8973,273375,V,1005,883,-1
1788813369.9462,273389,V,1004,882,3112
1788813369.9462,273397,V,1004,882,-1
1788813369.9463,273405,V,1003,882,-1
1788813369.9463,273413,V,1005,883,-1
1788813369.9463,273421,V,1004,882,-1
1788813369.9463,273429,V,1003,882,-1
1788813369.9964,273443,V,1004,882,3113
1788813369.9964,273451,V,1004,882,-1
1788813369.9964,273459,V,1004,882,-1
1788813369.9964,273467,V,1004,882,-1
1788813369.9964,273475,V,1005,883,-1
1788813369.9964,273483,V,1004,882,-1
1788813370.0439,273496,V,1004,882,3114
1788813370.0439,273504,V,1004,882,-1
1788813370.0439,273512,V,1002,881,-1
1788813370.0439,273520,V,1004,882,-1
1788813370.0439,273528,V,1004,882,-1
1788813370.0439,273536,V,1005,883,-1
1788813370.0919,273550,V,1003,882,3115
1788813370.0920,273558,V,1003,882,-1
1788813370.0920,273566,V,1003,882,-1
1788813370.0920,273574,V,1003,882,-1
1788813370.0920,273582,V,1004,882,-1
1788813370.0920,273590,V,1004,882,-1
1788813370.1899,273603,V,1003,882,3116
1788813370.1900,273611,V,1003,882,-1
1788813370.1900,273619,V,1004,882,-1
1788813370.1900,273627,V,1003,882,-1
1788813370.1900,273635,V,1003,882,-1
1788813370.1901,273643,V,1004,882,-1
1788813370.2384,273657,V,1003,882,3117
1788813370.2384,273665,V,1002,881,-1
1788813370.2384,273673,V,1003,882,-1
1788813370.2384,273681,V,1004,882,-1
1788813370.2384,273689,V,1004,882,-1
1788813370.2385,273697,V,1002,881,-1
1788813370.2869,273711,V,1003,882,3118
1788813370.2869,273719,V,1002,881,-1
1788813370.2869,273727,V,1004,882,-1
1788813370.2869,273735,V,1004,882,-1
1788813370.2869,273743,V,1004,882,-1
1788813370.2869,273751,V,1003,882,-1
1788813370.3356,273764,V,1002,881,3119
1788813370.3356,273772,V,1003,882,-1
1788813370.3356,273780,V,1002,881,-1
1788813370.3356,273788,V,1003,882,-1
1788813370.3356,273796,V,1002,881,-1
1788813370.3356,273804,V,1002,881,-1
1788813370.3847,273818,V,1004,882,3120
1788813370.3847,273826,V,1002,881,-1
1788813370.3847,273834,V,1002,881,-1
1788813370.3847,273842,V,1003,882,-1
1788813370.3847,273850,V,1003,882,-1
1788813370.3847,273858,V,1003,882,-1
1788813370.4335,273872,V,1003,882,3121
1788813370.4336,273880,V,1004,882,-1
1788813370.4336,273888,V,1002,881,-1
1788813370.4336,273896,V,1003,882,-1
1788813370.4336,273904,V,1003,882,-1
1788813370.4336,273912,V,1002,881,-1
1788813370.4823,273925,V,1003,882,3122
1788813370.4823,273933,V,1003,882,-1
1788813370.4823,273941,V,1003,882,-1
1788813370.4823,273949,V,1004,882,-1
1788813370.4823,273957,V,1003,882,-1
1788813370.4823,273965,V,1003,882,-1
1788813370.6283,273979,V,1004,882,3123
1788813370.6283,273987,V,1003,882,-1
1788813370.6283,273995,V,1004,882,-1
1788813370.6283,274003,V,1005,883,-1
1788813370.6283,274011,V,1004,882,-1
1788813370.6283,274019,V,1004,882,-1
1788813370.6294,274033,V,1004,882,3124
1788813370.6294,274041,V,1004,882,-1
1788813370.6294,274049,V,1004,882,-1
1788813370.6294,274057,V,1004,882,-1
1788813370.6294,274065,V,1004,882,-1
1788813370.6294,274073,V,1003,882,-1
1788813370.6295,274086,V,1003,882,3125
1788813370.6295,274094,V,1003,882,-1
1788813370.6295,274102,V,1003,882,-1
1788813370.6295,274110,V,1003,882,-1
1788813370.6295,274118,V,1004,882,-1
1788813370.6295,274126,V,1003,882,-1
1788813370.7259,274140,V,1004,882,3126
1788813370.7260,274148,V,1003,882,-1
1788813370.7260,274156,V,1004,882,-1
1788813370.7260,274164,V,1004,882,-1
1788813370.7260,274172,V,1005,883,-1
1788813370.7260,274180,V,1003,882,-1
1788813370.7746,274193,V,1004,882,3127
1788813370.7746,274201,V,1004,882,-1
1788813370.7746,274209,V,1004,882,-1
1788813370.7746,274217,V,1004,882,-1
1788813370.7747,274225,V,1003,882,-1
1788813370.7747,274233,V,1003,882,-1
1788813370.8234,274247,V,1003,882,3128
1788813370.8234,274255,V,1004,882,-1
1788813370.8234,274263,V,1003,882,-1
1788813370.8234,274271,V,1004,882,-1
1788813370.8234,274279,V,1004,882,-1
1788813370.8234,274287,V,1003,882,-1
1788813370.8721,274300,V,1003,882,3129
1788813370.8721,274308,V,1004,882,-1
1788813370.8721,274316,V,1005,883,-1
1788813370.8721,274324,V,1003,882,-1
1788813370.8722,274332,V,1003,882,-1
1788813370.8722,274340,V,1004,882,-1
1788813370.9209,274354,V,1004,882,3130
1788813370.9209,274362,V,1003,882,-1
1788813370.9209,274370,V,1004,882,-1
1788813370.9210,274378,V,1004,882,-1
1788813370.9210,274386,V,1005,883,-1
1788813370.9210,274394,V,1004,882,-1
1788813370.9696,274408,V,1004,882,3131
1788813370.9697,274416,V,1004,882,-1
1788813370.9697,274424,V,1004,882,-1
1788813370.9697,274432,V,1004,882,-1
1788813370.9697,274440,V,1005,883,-1
1788813370.9697,274448,V,1005,883,-1
1788813371.0204,274461,V,1004,882,3132
1788813371.0204,274469,V,1002,881,-1
1788813371.0205,274477,V,1003,882,-1
1788813371.0205,274485,V,1003,882,-1
1788813371.0205,274493,V,1004,882,-1
1788813371.0205,274501,V,1003,882,-1
1788813371.0680,274515,V,1004,882,3133
1788813371.0681,274523,V,1002,881,-1
1788813371.0681,274531,V,1002,881,-1
1788813371.0681,274539,V,1002,881,-1
1788813371.0681,274547,V,1004,882,-1
1788813371.0681,274555,V,1002,881,-1
1788813371.1158,274569,V,1003,882,3134
1788813371.1159,274577,V,1003,882,-1
1788813371.1159,274585,V,1004,882,-1
1788813371.1159,274593,V,1005,883,-1
1788813371.1159,274601,V,1003,882,-1
1788813371.1159,274609,V,1004,882,-1
1788813371.1646,274622,V,1003,882,3135
1788813371.1646,274630,V,1003,882,-1
1788813371.1646,274638,V,1003,882,-1
1788813371.1646,274646,V,1004,882,-1
1788813371.1646,274654,V,1003,882,-1
1788813371.1646,274662,V,1003,882,-1
1788813371.2622,274676,V,1003,882,3136
1788813371.2624,274684,V,1002,881,-1
1788813371.2624,274692,V,1004,882,-1
1788813371.2624,274700,V,1003,882,-1
1788813371.2624,274708,V,1003,882,-1
1788813371.2624,274716,V,1003,882,-1
1788813371.3111,274730,V,1003,882,3137
1788813371.3111,274738,V,1003,882,-1
1788813371.3111,274746,V,1003,882,-1
1788813371.3111,274754,V,1003,882,-1
1788813371.3111,274762,V,1004,882,-1
1788813371.3112,274770,V,1004,882,-1
1788813371.4090,274783,V,1003,882,3138
1788813371.4091,274791,V,1003,882,-1
1788813371.4091,274799,V,1002,881,-1
1788813371.4091,274807,V,1004,882,-1
1788813371.4091,274815,V,1004,882,-1
1788813371.4091,274823,V,1003,882,-1
1788813371.4108,274837,V,1004,882,3139
1788813371.4108,274845,V,1003,882,-1
1788813371.4108,274853,V,1004,882,-1
1788813371.4108,274861,V,1003,882,-1
1788813371.4108,274869,V,1004,882,-1
1788813371.4108,274877,V,1004,882,-1
1788813371.4580,274890,V,1004,882,3140
1788813371.4580,274898,V,1005,883,-1
1788813371.4580,274906,V,1004,882,-1
1788813371.4581,274914,V,1003,882,-1
1788813371.4581,274922,V,1003,882,-1
1788813371.4581,274930,V,1003,882,-1
1788813371.5067,274944,V,1004,882,3141
1788813371.5068,274952,V,1003,882,-1
1788813371.5068,274960,V,1005,883,-1
1788813371.5068,274968,V,1004,882,-1
1788813371.5068,274976,V,1004,882,-1
1788813371.5068,274984,V,1003,882,-1
1788813371.5561,274998,V,1003,882,3142
1788813371.5561,275006,V,1003,882,-1
1788813371.5561,275014,V,1003,882,-1
1788813371.5561,275022,V,1003,882,-1
1788813371.5561,275030,V,1003,882,-1
1788813371.5561,275038,V,1003,882,-1
1788813371.6032,275051,V,1004,882,3143
1788813371.6032,275059,V,1004,882,-1
1788813371.6032,275067,V,1003,882,-1
1788813371.6032,275075,V,1004,882,-1
1788813371.6032,275083,V,1004,882,-1
1788813371.6032,275091,V,1003,882,-1
1788813371.6529,275105,V,1003,882,3144
1788813371.6530,275113,V,1004,882,-1
1788813371.6530,275121,V,1003,882,-1
1788813371.6530,275129,V,1003,882,-1
1788813371.6530,275137,V,1003,882,-1
1788813371.6530,275145,V,1003,882,-1
1788813371.7006,275159,V,1003,882,3145
1788813371.7006,275167,V,1003,882,-1
1788813371.7008,275175,V,1003,882,-1
1788813371.7008,275183,V,1004,882,-1
1788813371.7008,275191,V,1003,882,-1
1788813371.7008,275199,V,1003,882,-1
1788813371.7993,275212,V,1004,882,3146
1788813371.7994,275220,V,1003,882,-1
1788813371.7995,275228,V,1003,882,-1
1788813371.7995,275236,V,1003,882,-1
1788813371.7995,275244,V,1003,882,-1
1788813371.7995,275252,V,1004,882,-1
1788813371.8483,275266,V,1003,882,3147
1788813371.8483,275274,V,1004,882,-1
1788813371.8484,275282,V,1004,882,-1
1788813371.8484,275290,V,1004,882,-1
1788813371.8484,275298,V,1003,882,-1
1788813371.8484,275306,V,1002,881,-1
1788813371.8959,275319,V,1003,882,3148
1788813371.8959,275327,V,1003,882,-1
1788813371.8960,275335,V,1003,882,-1
1788813371.8960,275343,V,1003,882,-1
1788813371.8960,275351,V,1004,882,-1
1788813371.8960,275359,V,1003,882,-1
1788813371.9446,275373,V,1003,882,3149
1788813371.9446,275381,V,1003,882,-1
1788813371.9446,275389,V,1003,882,-1
1788813371.9447,275397,V,1004,882,-1
1788813371.9447,275405,V,1003,882,-1
1788813371.9447,275413,V,1003,882,-1
1788813371.9930,275427,V,1003,882,3150
1788813371.9931,275435,V,1004,882,-1
1788813371.9931,275443,V,1003,882,-1
1788813371.9931,275451,V,1003,882,-1
1788813371.9931,275459,V,1004,882,-1
1788813371.9931,275467,V,1004,882,-1
1788813372.0422,275480,V,1004,882,3151
1788813372.0423,275488,V,1004,882,-1
1788813372.0423,275496,V,1005,883,-1
1788813372.0423,275504,V,1005,883,-1
1788813372.0423,275512,V,1003,882,-1
1788813372.0423,275520,V,1004,882,-1
1788813372.0912,275534,V,1003,882,3152
1788813372.0913,275542,V,1005,883,-1
1788813372.0913,275550,V,1004,882,-1
1788813372.0913,275558,V,1002,881,-1
1788813372.0913,275566,V,1004,882,-1
1788813372.0913,275574,V,1003,882,-1
1788813372.1398,275588,V,1003,882,3153
1788813372.1398,275596,V,1004,882,-1
1788813372.1398,275604,V,1005,883,-1
1788813372.1398,275612,V,1003,882,-1
1788813372.1398,275620,V,1004,882,-1
1788813372.1398,275628,V,1004,882,-1
1788813372.1889,275641,V,1004,882,3154
1788813372.1889,275649,V,1004,882,-1
1788813372.1890,275657,V,1004,882,-1
1788813372.1890,275665,V,1003,882,-1
1788813372.1890,275673,V,1003,882,-1
1788813372.1890,275681,V,1004,882,-1
1788813372.2375,275695,V,1005,883,3155
1788813372.2375,275703,V,1003,882,-1
1788813372.2375,275711,V,1003,882,-1
1788813372.2375,275719,V,1003,882,-1
1788813372.2375,275727,V,1002,881,-1
1788813372.2375,275735,V,1003,882,-1
1788813372.3358,275749,V,1002,881,3156
1788813372.3360,275757,V,1003,882,-1
1788813372.3360,275765,V,1003,882,-1
1788813372.3360,275773,V,1003,882,-1
1788813372.3360,275781,V,1005,883,-1
1788813372.3360,275789,V,1003,882,-1
1788813372.3843,275802,V,1003,882,3157
1788813372.3843,275810,V,1003,882,-1
1788813372.3843,275818,V,1005,883,-1
1788813372.3843,275826,V,1003,882,-1
1788813372.3843,275834,V,1004,882,-1
1788813372.3844,275842,V,1004,882,-1
1788813372.4332,275856,V,1003,882,3158
1788813372.4332,275864,V,1005,883,-1
1788813372.4332,275872,V,1004,882,-1
1788813372.4332,275880,V,1004,882,-1
1788813372.4332,275888,V,1003,882,-1
1788813372.4332,275896,V,1003,882,-1
1788813372.4819,275909,V,1004,882,3159
1788813372.4819,275917,V,1004,882,-1
1788813372.4819,275925,V,1003,882,-1
1788813372.4819,275933,V,1005,883,-1
1788813372.4819,275941,V,1003,882,-1
1788813372.4819,275949,V,1004,882,-1
1788813372.5305,275963,V,1004,882,3160
1788813372.5306,275971,V,1003,882,-1
1788813372.5306,275979,V,1004,882,-1
1788813372.5306,275987,V,1003,882,-1
1788813372.5306,275995,V,1003,882,-1
1788813372.5306,276003,V,1003,882,-1
1788813372.5789,276017,V,1003,882,3161
1788813372.5790,276025,V,1004,882,-1
1788813372.5790,276033,V,1004,882,-1
1788813372.5790,276041,V,1004,882,-1
1788813372.5791,276049,V,1005,883,-1
1788813372.5791,276057,V,1003,882,-1
1788813372.6761,276070,V,1003,882,3162
1788813372.6761,276078,V,1003,882,-1
1788813372.6761,276086,V,1003,882,-1
1788813372.6761,276094,V,1003,882,-1
1788813372.6761,276102,V,1003,882,-1
1788813372.6761,276110,V,1004,882,-1
1788813372.6771,276124,V,1004,882,3163
1788813372.6771,276132,V,1004,882,-1
1788813372.6771,276140,V,1004,882,-1
1788813372.6772,276148,V,1003,882,-1
1788813372.6772,276156,V,1005,883,-1
1788813372.6772,276164,V,1003,882,-1
1788813372.7254,276177,V,1004,882,3164
1788813372.7254,276185,V,1004,882,-1
1788813372.7254,276193,V,1004,882,-1
1788813372.7254,276201,V,1003,882,-1
1788813372.7254,276209,V,1004,882,-1
1788813372.7254,276217,V,1003,882,-1
1788813372.7732,276231,V,1003,882,3165
1788813372.7733,276239,V,1004,882,-1
1788813372.7733,276247,V,1004,882,-1
1788813372.7733,276255,V,1003,882,-1
1788813372.7733,276263,V,1002,881,-1
1788813372.7733,276271,V,1004,882,-1
1788813372.8715,276284,V,1003,882,3166
1788813372.8716,276292,V,1004,882,-1
1788813372.8717,276300,V,1004,882,-1
1788813372.8717,276308,V,1004,882,-1
1788813372.8717,276316,V,1004,882,-1
1788813372.8717,276324,V,1004,882,-1
1788813372.9208,276338,V,1004,882,3167
1788813372.9209,276346,V,1003,882,-1
1788813372.9209,276354,V,1004,882,-1
1788813372.9209,276362,V,1003,882,-1
1788813372.9209,276370,V,1004,882,-1
1788813372.9209,276378,V,1003,882,-1
1788813372.9691,276392,V,1004,882,3168
1788813372.9692,276400,V,1002,881,-1
1788813372.9692,276408,V,1003,882,-1
1788813372.9692,276416,V,1004,882,-1
1788813372.9692,276424,V,1004,882,-1
1788813372.9692,276432,V,1003,882,-1
1788813373.0195,276445,V,1003,882,3169
1788813373.0195,276453,V,1002,881,-1
1788813373.0195,276461,V,1003,882,-1
1788813373.0195,276469,V,1004,882,-1
1788813373.0195,276477,V,1002,881,-1
1788813373.0195,276485,V,1003,882,-1
1788813373.0661,276499,V,1003,882,3170
1788813373.0661,276507,V,1003,882,-1
1788813373.0661,276515,V,1004,882,-1
1788813373.0661,276523,V,1004,882,-1
1788813373.0661,276531,V,1005,883,-1
1788813373.0661,276539,V,1004,882,-1
1788813373.1158,276553,V,1002,881,3171
1788813373.1159,276561,V,1004,882,-1
1788813373.1159,276569,V,1004,882,-1
1788813373.1159,276577,V,1003,882,-1
1788813373.1159,276585,V,1004,882,-1
1788813373.1159,276593,V,1003,882,-1
1788813373.1639,276606,V,1004,882,3172
1788813373.1639,276614,V,1005,883,-1
1788813373.1639,276622,V,1004,882,-1
1788813373.1639,276630,V,1005,883,-1
1788813373.1639,276638,V,1005,883,-1
1788813373.1639,276646,V,1003,882,-1
1788813373.2121,276660,V,1002,881,3173
1788813373.2122,276668,V,1003,882,-1
1788813373.2122,276676,V,1004,882,-1
1788813373.2122,276684,V,1002,881,-1
1788813373.2122,276692,V,1002,881,-1
1788813373.2122,276700,V,1003,882,-1
1788813373.2610,276714,V,1003,882,3174
1788813373.2610,276722,V,1003,882,-1
1788813373.2610,276730,V,1003,882,-1
1788813373.2610,276738,V,1004,882,-1
1788813373.2610,276746,V,1003,882,-1
1788813373.2611,276754,V,1003,882,-1
1788813373.3096,276767,V,1003,882,3175
1788813373.3096,276775,V,1003,882,-1
1788813373.3096,276783,V,1003,882,-1
1788813373.3097,276791,V,1003,882,-1
1788813373.3097,276799,V,1004,882,-1
1788813373.3097,276807,V,1003,882,-1
1788813373.4071,276821,V,1002,881,3176
1788813373.4072,276829,V,1002,881,-1
1788813373.4072,276837,V,1003,882,-1
1788813373.4072,276845,V,1003,882,-1
1788813373.4072,276853,V,1003,882,-1
1788813373.4072,276861,V,1003,882,-1
1788813373.4563,276875,V,1003,882,3177
1788813373.4563,276883,V,1003,882,-1
1788813373.4563,276891,V,1003,882,-1
1788813373.4563,276899,V,1002,881,-1
1788813373.4563,276907,V,1004,882,-1
1788813373.4563,276915,V,1003,882,-1
1788813373.5044,276928,V,1004,882,3178
1788813373.5045,276936,V,1003,882,-1
1788813373.5045,276944,V,1003,882,-1
1788813373.5045,276952,V,1003,882,-1
1788813373.5046,276960,V,1003,882,-1
1788813373.5046,276968,V,1004,882,-1
1788813373.5533,276982,V,1003,882,3179
1788813373.5533,276990,V,1005,883,-1
1788813373.5533,276998,V,1003,882,-1
1788813373.5533,277006,V,1003,882,-1
1788813373.5533,277014,V,1004,882,-1
1788813373.5533,277022,V,1004,882,-1
1788813373.6022,277035,V,1004,882,3180
1788813373.6022,277043,V,1004,882,-1
1788813373.6022,277051,V,1003,882,-1
1788813373.6022,277059,V,1004,882,-1
1788813373.6022,277067,V,1004,882,-1
1788813373.6022,277075,V,1004,882,-1
1788813373.6509,277089,V,1004,882,3181
1788813373.6510,277097,V,1003,882,-1
1788813373.6510,277105,V,1003,882,-1
1788813373.6510,277113,V,1002,881,-1
1788813373.6510,277121,V,1002,881,-1
1788813373.6510,277129,V,1003,882,-1
1788813373.6996,277143,V,1003,882,3182
1788813373.6996,277151,V,1002,881,-1
1788813373.6996,277159,V,1003,882,-1
1788813373.6996,277167,V,1003,882,-1
1788813373.6996,277175,V,1001,880,-1
1788813373.6997,277183,V,1003,882,-1
1788813373.7483,277196,V,1002,881,3183
1788813373.7483,277204,V,1002,881,-1
1788813373.7483,277212,V,1002,881,-1
1788813373.7483,277220,V,1001,880,-1
1788813373.7483,277228,V,1000,879,-1
1788813373.7483,277236,V,998,877,-1
1788813373.7969,277250,V,998,877,3184
1788813373.7969,277258,V,994,874,-1
1788813373.7969,277266,V,990,870,-1
1788813373.7969,277274,V,980,861,-1
1788813373.7969,277282,V,962,846,-1
1788813373.7969,277290,V,935,822,-1
1788813373.8457,277304,V,857,753,3185
1788813373.8457,277312,V,789,693,-1
1788813373.8458,277320,V,751,660,-1
1788813373.8458,277328,V,722,635,-1
1788813373.8458,277336,V,701,616,-1
1788813373.8458,277344,V,687,604,-1
1788813373.9437,277357,V,671,590,3186
1788813373.9438,277365,V,661,581,-1
1788813373.9439,277373,V,651,572,-1
1788813373.9439,277381,V,641,563,-1
1788813373.9439,277389,V,632,555,-1
1788813373.9439,277397,V,625,549,-1
1788813373.9924,277411,V,620,545,3187
1788813373.9925,277419,V,614,540,-1
1788813373.9925,277427,V,609,535,-1
1788813373.9925,277435,V,604,531,-1
1788813373.9925,277443,V,601,528,-1
1788813373.9925,277451,V,595,523,-1
1788813374.0427,277510,KEYUP,,,
1788813374.0430,277465,V,592,520,3188
1788813374.0430,277473,V,590,519,-1
1788813374.0430,277481,V,587,516,-1
1788813374.0430,277489,V,586,515,-1
1788813374.0430,277497,V,583,512,-1
1788813374.0431,277505,V,580,510,-1
1788813374.0895,277519,V,579,509,3189
1788813374.0895,277527,V,577,507,-1
1788813374.0895,277535,V,577,507,-1
1788813374.0896,277543,V,591,519,-1
1788813374.0896,277551,V,576,506,-1
1788813374.0896,277559,V,576,506,-1
1788813374.1383,277572,V,575,505,3190
1788813374.1384,277580,V,574,504,-1
1788813374.1384,277588,V,574,504,-1
1788813374.1384,277596,V,573,504,-1
1788813374.1384,277604,V,573,504,-1
1788813374.1384,277612,V,573,504,-1
1788813374.1871,277626,V,573,504,3191
1788813374.1872,277634,V,572,503,-1
1788813374.1872,277642,V,572,503,-1
1788813374.1872,277650,V,571,502,-1
1788813374.1872,277658,V,571,502,-1
1788813374.1872,277666,V,571,502,-1
1788813374.2362,277680,V,572,503,3192
1788813374.2362,277688,V,571,502,-1
1788813374.2362,277696,V,571,502,-1
1788813374.2362,277704,V,570,501,-1
1788813374.2362,277712,V,571,502,-1
1788813374.2362,277720,V,570,501,-1
1788813374.2847,277734,V,571,502,3193
1788813374.2847,277742,V,571,502,-1
1788813374.2847,277750,V,571,502,-1
1788813374.2847,277758,V,572,503,-1
1788813374.2847,277766,V,572,503,-1
1788813374.2847,277774,V,570,501,-1
1788813374.3336,277787,V,576,506,3194
1788813374.3336,277795,V,572,503,-1
1788813374.3336,277803,V,572,503,-1
1788813374.3336,277811,V,571,502,-1
1788813374.3336,277819,V,572,503,-1
1788813374.3336,277827,V,572,503,-1
1788813374.4310,277841,V,571,502,3195
1788813374.4311,277849,V,571,502,-1
1788813374.4311,277857,V,571,502,-1
1788813374.4311,277865,V,570,501,-1
1788813374.4311,277873,V,571,502,-1
1788813374.4311,277881,V,572,503,-1
1788813374.4800,277895,V,570,501,3196
1788813374.4800,277903,V,571,502,-1
1788813374.4800,277911,V,572,503,-1
1788813374.4800,277919,V,571,502,-1
1788813374.4801,277927,V,571,502,-1
1788813374.4801,277935,V,570,501,-1
1788813374.5285,277949,V,571,502,3197
1788813374.5285,277957,V,572,503,-1
1788813374.5285,277965,V,570,501,-1
1788813374.5285,277973,V,571,502,-1
1788813374.5286,277981,V,574,504,-1
1788813374.5286,277989,V,571,502,-1
1788813374.5774,278002,V,571,502,3198
1788813374.5775,278010,V,572,503,-1
1788813374.5775,278018,V,573,504,-1
1788813374.5775,278026,V,571,502,-1
1788813374.5775,278034,V,572,503,-1
1788813374.5775,278042,V,571,502,-1
1788813374.6261,278056,V,572,503,3199
1788813374.6262,278064,V,571,502,-1
1788813374.6262,278072,V,571,502,-1
1788813374.6262,278080,V,571,502,-1
1788813374.6262,278088,V,571,502,-1
1788813374.6262,278096,V,572,503,-1
1788813374.6746,278110,V,572,503,3200
1788813374.6748,278118,V,571,502,-1
1788813374.6748,278126,V,570,501,-1
1788813374.6748,278134,V,569,500,-1
1788813374.6748,278142,V,571,502,-1
1788813374.6748,278150,V,571,502,-1
1788813374.7725,278163,V,572,503,3201
1788813374.7726,278171,V,572,503,-1
1788813374.7726,278179,V,569,500,-1
1788813374.7726,278187,V,571,502,-1
1788813374.7726,278195,V,572,503,-1
1788813374.7726,278203,V,571,502,-1
1788813374.7734,278217,V,571,502,3202
1788813374.7735,278225,V,575,505,-1
1788813374.7735,278233,V,570,501,-1
1788813374.7735,278241,V,570,501,-1
1788813374.7735,278249,V,571,502,-1
1788813374.7735,278257,V,571,502,-1
1788813374.8209,278271,V,571,502,3203
1788813374.8209,278279,V,571,502,-1
1788813374.8209,278287,V,571,502,-1
1788813374.8209,278295,V,571,502,-1
1788813374.8209,278303,V,571,502,-1
1788813374.8209,278311,V,570,501,-1
1788813374.8696,278324,V,574,504,3204
1788813374.8696,278332,V,571,502,-1
1788813374.8696,278340,V,570,501,-1
1788813374.8696,278348,V,571,502,-1
1788813374.8696,278356,V,571,502,-1
1788813374.8696,278364,V,571,502,-1
1788813374.9673,278378,V,570,501,3205
1788813374.9675,278386,V,571,502,-1
1788813374.9675,278394,V,571,502,-1
1788813374.9675,278402,V,570,501,-1
1788813374.9675,278410,V,571,502,-1
1788813374.9675,278418,V,572,503,-1
1788813375.0173,278432,V,571,502,3206
1788813375.0173,278440,V,571,502,-1
1788813375.0173,278448,V,571,502,-1
1788813375.0173,278456,V,571,502,-1
1788813375.0174,278464,V,570,501,-1
1788813375.0174,278472,V,571,502,-1
1788813375.0647,278486,V,570,501,3207
1788813375.0647,278494,V,570,501,-1
1788813375.0647,278502,V,571,502,-1
1788813375.0647,278510,V,572,503,-1
1788813375.0647,278518,V,571,502,-1
1788813375.0647,278526,V,571,502,-1
1788813375.1132,278539,V,571,502,3208
1788813375.1132,278547,V,570,501,-1
1788813375.1132,278555,V,571,502,-1
1788813375.1132,278563,V,571,502,-1
1788813375.1132,278571,V,572,503,-1
1788813375.1132,278579,V,571,502,-1
1788813375.1628,278593,V,572,503,3209
1788813375.1628,278601,V,571,502,-1
1788813375.1628,278609,V,571,502,-1
1788813375.1629,278617,V,571,502,-1
1788813375.1629,278625,V,572,503,-1
1788813375.1629,278633,V,571,502,-1
1788813375.2107,278647,V,570,501,3210
1788813375.2108,278655,V,572,503,-1
1788813375.2108,278663,V,574,504,-1
1788813375.2108,278671,V,572,503,-1
1788813375.2108,278679,V,571,502,-1
1788813375.2108,278687,V,571,502,-1
1788813375.2600,278700,V,572,503,3211
1788813375.2600,278708,V,571,502,-1
1788813375.2600,278716,V,572,503,-1
1788813375.2600,278724,V,571,502,-1
1788813375.2600,278732,V,571,502,-1
1788813375.2600,278740,V,571,502,-1
1788813375.3107,278754,V,571,502,3212
1788813375.3107,278762,V,572,503,-1
1788813375.3107,278770,V,571,502,-1
1788813375.3107,278778,V,572,503,-1
1788813375.3107,278786,V,571,502,-1
1788813375.3108,278794,V,571,502,-1
1788813375.3579,278808,V,571,502,3213
1788813375.3580,278816,V,571,502,-1
1788813375.3580,278824,V,571,502,-1
1788813375.3580,278832,V,571,502,-1
1788813375.3580,278840,V,571,502,-1
1788813375.3580,278848,V,570,501,-1
1788813375.4061,278861,V,586,515,3214
1788813375.4061,278869,V,572,503,-1
1788813375.4062,278877,V,572,503,-1
1788813375.4062,278885,V,571,502,-1
1788813375.4062,278893,V,571,502,-1
1788813375.4062,278901,V,570,501,-1
1788813375.5035,278915,V,572,503,3215
1788813375.5037,278923,V,571,502,-1
1788813375.5037,278931,V,571,502,-1
1788813375.5037,278939,V,570,501,-1
1788813375.5037,278947,V,571,502,-1
1788813375.5037,278955,V,572,503,-1
1788813375.5520,278969,V,571,502,3216
1788813375.5520,278977,V,573,504,-1
1788813375.5520,278985,V,571,502,-1
1788813375.5520,278993,V,571,502,-1
1788813375.5520,279001,V,572,503,-1
1788813375.5520,279009,V,571,502,-1
1788813375.6006,279022,V,571,502,3217
1788813375.6006,279030,V,572,503,-1
1788813375.6006,279038,V,573,504,-1
1788813375.6006,279046,V,572,503,-1
1788813375.6006,279054,V,571,502,-1
1788813375.6006,279062,V,572,503,-1
1788813375.6493,279076,V,571,502,3218
1788813375.6493,279084,V,570,501,-1
1788813375.6493,279092,V,571,502,-1
1788813375.6493,279100,V,572,503,-1
1788813375.6493,279108,V,570,501,-1
1788813375.6493,279116,V,572,503,-1
1788813375.6985,279130,V,571,502,3219
1788813375.6985,279138,V,572,503,-1
1788813375.6985,279146,V,571,502,-1
1788813375.6985,279154,V,572,503,-1
1788813375.6985,279162,V,571,502,-1
1788813375.6985,279170,V,572,503,-1
1788813375.7472,279183,V,572,503,3220
1788813375.7473,279191,V,571,502,-1
1788813375.7474,279199,V,576,506,-1
1788813375.7474,279207,V,572,503,-1
1788813375.7474,279215,V,571,502,-1
1788813375.7474,279223,V,571,502,-1
1788813375.7962,279237,V,572,503,3221
1788813375.7962,279245,V,571,502,-1
1788813375.7962,279253,V,570,501,-1
1788813375.7962,279261,V,570,501,-1
1788813375.7962,279269,V,570,501,-1
1788813375.7962,279277,V,571,502,-1
1788813375.8449,279291,V,572,503,3222
1788813375.8449,279299,V,576,506,-1
1788813375.8450,279307,V,572,503,-1
1788813375.8450,279315,V,572,503,-1
1788813375.8450,279323,V,570,501,-1
1788813375.8450,279331,V,571,502,-1
1788813375.8933,279345,V,571,502,3223
1788813375.8933,279353,V,572,503,-1
1788813375.8933,279361,V,571,502,-1
1788813375.8933,279369,V,570,501,-1
1788813375.8933,279377,V,571,502,-1
1788813375.8934,279385,V,571,502,-1
1788813375.9421,279398,V,571,502,3224
1788813375.9421,279406,V,570,501,-1
1788813375.9421,279414,V,571,502,-1
1788813375.9421,279422,V,570,501,-1
1788813375.9421,279430,V,572,503,-1
1788813375.9421,279438,V,571,502,-1
1788813376.0413,279452,V,571,502,3225
1788813376.0415,279460,V,571,502,-1
1788813376.0415,279468,V,571,502,-1
1788813376.0415,279476,V,570,501,-1
1788813376.0415,279484,V,571,502,-1
1788813376.0415,279492,V,572,503,-1
1788813376.0891,279505,V,571,502,3226
1788813376.0891,279513,V,570,501,-1
1788813376.0891,279521,V,570,501,-1
1788813376.0891,279529,V,571,502,-1
1788813376.0891,279537,V,570,501,-1
1788813376.0891,279545,V,570,501,-1
1788813376.1389,279559,V,571,502,3227
1788813376.1389,279567,V,571,502,-1
1788813376.1389,279575,V,571,502,-1
1788813376.1389,279583,V,571,502,-1
1788813376.1389,279591,V,572,503,-1
1788813376.1389,279599,V,572,503,-1
1788813376.2347,279613,V,571,502,3228
1788813376.2347,279621,V,571,502,-1
1788813376.2347,279629,V,570,501,-1
1788813376.2347,279637,V,575,505,-1
1788813376.2347,279645,V,571,502,-1
1788813376.2347,279653,V,572,503,-1
1788813376.2356,279666,V,570,501,3229
1788813376.2356,279674,V,572,503,-1
1788813376.2356,279682,V,570,501,-1
1788813376.2356,279690,V,572,503,-1
1788813376.2356,279698,V,572,503,-1
1788813376.2356,279706,V,571,502,-1
1788813376.2832,279720,V,572,503,3230
1788813376.2834,279728,V,572,503,-1
1788813376.2834,279736,V,573,504,-1
1788813376.2834,279744,V,571,502,-1
1788813376.2834,279752,V,572,503,-1
1788813376.2834,279760,V,571,502,-1
1788813376.3324,279774,V,572,503,3231
1788813376.3325,279782,V,571,502,-1
1788813376.3325,279790,V,571,502,-1
1788813376.3325,279798,V,570,501,-1
1788813376.3325,279806,V,570,501,-1
1788813376.3325,279814,V,571,502,-1
1788813376.3818,279827,V,570,501,3232
1788813376.3818,279835,V,586,515,-1
1788813376.3819,279843,V,571,502,-1
1788813376.3819,279851,V,570,501,-1
1788813376.3819,279859,V,571,502,-1
1788813376.3819,279867,V,572,503,-1
1788813376.4298,279881,V,572,503,3233
1788813376.4298,279889,V,571,502,-1
1788813376.4298,279897,V,571,502,-1
1788813376.4298,279905,V,571,502,-1
1788813376.4298,279913,V,571,502,-1
1788813376.4298,279921,V,572,503,-1
1788813376.5282,279935,V,572,503,3234
1788813376.5283,279943,V,570,501,-1
1788813376.5283,279951,V,571,502,-1
1788813376.5283,279959,V,571,502,-1
1788813376.5283,279967,V,570,501,-1
1788813376.5283,279975,V,571,502,-1
1788813376.5772,279989,V,570,501,3235
1788813376.5772,279997,V,571,502,-1
1788813376.5772,280005,V,577,507,-1
1788813376.5772,280013,V,574,504,-1
1788813376.5772,280021,V,572,503,-1
1788813376.5772,280029,V,572,503,-1
1788813376.6256,280042,V,570,501,3236
1788813376.6256,280050,V,572,503,-1
1788813376.6256,280058,V,571,502,-1
1788813376.6256,280066,V,573,504,-1
1788813376.6256,280074,V,572,503,-1
1788813376.6256,280082,V,570,501,-1
1788813376.6742,280096,V,572,503,3237
1788813376.6742,280104,V,570,501,-1
1788813376.6742,280112,V,571,502,-1
1788813376.6742,280120,V,571,502,-1
1788813376.6742,280128,V,571,502,-1
1788813376.6742,280136,V,571,502,-1
1788813376.7222,280150,V,571,502,3238
1788813376.7222,280158,V,572,503,-1
1788813376.7222,280166,V,571,502,-1
1788813376.7222,280174,V,573,504,-1
1788813376.7223,280182,V,572,503,-1
1788813376.7223,280190,V,570,501,-1
1788813376.7707,280203,V,571,502,3239
1788813376.7708,280211,V,572,503,-1
1788813376.7708,280219,V,571,502,-1
1788813376.7708,280227,V,572,503,-1
1788813376.7709,280235,V,572,503,-1
1788813376.7709,280243,V,572,503,-1
1788813376.8692,280257,V,573,504,3240
1788813376.8692,280265,V,571,502,-1
1788813376.8692,280273,V,584,513,-1
1788813376.8692,280281,V,571,502,-1
1788813376.8692,280289,V,572,503,-1
1788813376.8692,280297,V,571,502,-1
1788813376.8706,280311,V,572,503,3241
1788813376.8707,280319,V,570,501,-1
1788813376.8707,280327,V,571,502,-1
1788813376.8707,280335,V,570,501,-1
1788813376.8707,280343,V,571,502,-1
1788813376.8707,280351,V,570,501,-1
1788813376.9171,280364,V,571,502,3242
1788813376.9171,280372,V,579,509,-1
1788813376.9171,280380,V,572,503,-1
1788813376.9171,280388,V,572,503,-1
1788813376.9171,280396,V,571,502,-1
1788813376.9171,280404,V,572,503,-1
1788813376.9657,280418,V,571,502,3243
1788813376.9657,280426,V,572,503,-1
1788813376.9657,280434,V,571,502,-1
1788813376.9657,280442,V,571,502,-1
1788813376.9657,280450,V,572,503,-1
1788813376.9657,280458,V,571,502,-1
1788813377.0146,280472,V,573,504,3244
1788813377.0148,280480,V,570,501,-1
1788813377.0148,280488,V,572,503,-1
1788813377.0148,280496,V,571,502,-1
1788813377.0148,280504,V,572,503,-1
1788813377.0148,280512,V,571,502,-1
1788813377.1123,280526,V,572,503,3245
1788813377.1123,280534,V,569,500,-1
1788813377.1125,280542,V,571,502,-1
1788813377.1125,280550,V,572,503,-1
1788813377.1125,280558,V,571,502,-1
1788813377.1125,280566,V,571,502,-1
1788813377.1608,280579,V,572,503,3246
1788813377.1608,280587,V,571,502,-1
1788813377.1608,280595,V,572,503,-1
1788813377.1609,280603,V,571,502,-1
1788813377.1609,280611,V,576,506,-1
1788813377.1609,280619,V,571,502,-1
1788813377.2096,280633,V,572,503,3247
1788813377.2096,280641,V,572,503,-1
1788813377.2096,280649,V,571,502,-1
1788813377.2096,280657,V,572,503,-1
1788813377.2097,280665,V,572,503,-1
1788813377.2097,280673,V,571,502,-1
1788813377.2584,280687,V,572,503,3248
1788813377.2586,280695,V,571,502,-1
1788813377.2586,280703,V,571,502,-1
1788813377.2586,280711,V,578,508,-1
1788813377.2586,280719,V,572,503,-1
1788813377.2586,280727,V,572,503,-1
1788813377.3073,280740,V,571,502,3249
1788813377.3073,280748,V,571,502,-1
1788813377.3073,280756,V,573,504,-1
1788813377.3073,280764,V,571,502,-1
1788813377.3073,280772,V,573,504,-1
1788813377.3073,280780,V,571,502,-1
1788813377.3560,280794,V,571,502,3250
1788813377.3560,280802,V,571,502,-1
1788813377.3560,280810,V,572,503,-1
1788813377.3560,280818,V,571,502,-1
1788813377.3560,280826,V,571,502,-1
1788813377.3561,280834,V,571,502,-1
1788813377.4043,280848,V,573,504,3251
1788813377.4044,280856,V,572,503,-1
1788813377.4044,280864,V,572,503,-1
1788813377.4044,280872,V,571,502,-1
1788813377.4044,280880,V,571,502,-1
1788813377.4044,280888,V,572,503,-1
1788813377.4534,280901,V,572,503,3252
1788813377.4534,280909,V,572,503,-1
1788813377.4534,280917,V,573,504,-1
1788813377.4534,280925,V,571,502,-1
1788813377.4534,280933,V,573,504,-1
1788813377.4535,280941,V,571,502,-1
1788813377.5024,280955,V,573,504,3253
1788813377.5025,280963,V,572,503,-1
1788813377.5025,280971,V,571,502,-1
1788813377.5025,280979,V,572,503,-1
1788813377.5025,280987,V,572,503,-1
1788813377.5025,280995,V,571,502,-1
1788813377.5512,281009,V,572,503,3254
1788813377.5512,281017,V,573,504,-1
1788813377.5512,281025,V,572,503,-1
1788813377.5512,281033,V,571,502,-1
1788813377.5512,281041,V,571,502,-1
1788813377.5512,281049,V,576,506,-1
1788813377.6488,281062,V,572,503,3255
1788813377.6489,281070,V,572,503,-1
1788813377.6489,281078,V,572,503,-1
1788813377.6489,281086,V,572,503,-1
1788813377.6489,281094,V,571,502,-1
1788813377.6489,281102,V,572,503,-1
1788813377.6970,281116,V,572,503,3256
1788813377.6970,281124,V,572,503,-1
1788813377.6970,281132,V,572,503,-1
1788813377.6970,281140,V,573,504,-1
1788813377.6971,281148,V,574,504,-1
1788813377.6971,281156,V,572,503,-1
1788813377.7460,281170,V,572,503,3257
1788813377.7461,281178,V,573,504,-1
1788813377.7461,281186,V,572,503,-1
1788813377.7462,281194,V,573,504,-1
1788813377.7462,281202,V,572,503,-1
1788813377.7462,281210,V,572,503,-1
1788813377.7948,281223,V,573,504,3258
1788813377.7949,281231,V,573,504,-1
1788813377.7949,281239,V,573,504,-1
1788813377.7949,281247,V,579,509,-1
1788813377.7949,281255,V,572,503,-1
1788813377.7949,281263,V,572,503,-1
1788813377.8442,281277,V,572,503,3259
1788813377.8442,281285,V,573,504,-1
1788813377.8442,281293,V,572,503,-1
1788813377.8442,281301,V,573,504,-1
1788813377.8442,281309,V,572,503,-1
1788813377.8442,281317,V,573,504,-1
1788813377.8921,281331,V,573,504,3260
1788813377.8921,281339,V,573,504,-1
1788813377.8921,281347,V,572,503,-1
1788813377.8921,281355,V,573,504,-1
1788813377.8921,281363,V,572,503,-1
1788813377.8921,281371,V,572,503,-1
1788813377.9417,281385,V,573,504,3261
1788813377.9417,281393,V,574,504,-1
1788813377.9417,281401,V,573,504,-1
1788813377.9418,281409,V,574,504,-1
1788813377.9418,281417,V,573,504,-1
1788813377.9418,281425,V,574,504,-1
1788813377.9894,281438,V,573,504,3262
1788813377.9896,281446,V,572,503,-1
1788813377.9896,281454,V,573,504,-1
1788813377.9896,281462,V,573,504,-1
1788813377.9896,281470,V,572,503,-1
1788813377.9896,281478,V,573,504,-1
1788813378.0401,281492,V,577,507,3263
1788813378.0401,281500,V,572,503,-1
1788813378.0401,281508,V,573,504,-1
1788813378.0401,281516,V,572,503,-1
1788813378.0401,281524,V,573,504,-1
1788813378.0401,281532,V,572,503,-1
1788813378.0877,281546,V,572,503,3264
1788813378.0877,281554,V,572,503,-1
1788813378.0877,281562,V,573,504,-1
1788813378.0878,281570,V,573,504,-1
1788813378.0878,281578,V,573,504,-1
1788813378.0878,281586,V,574,504,-1
1788813378.1849,281599,V,571,502,3265
1788813378.1850,281607,V,571,502,-1
1788813378.1850,281615,V,572,503,-1
1788813378.1850,281623,V,572,503,-1
1788813378.1850,281631,V,574,504,-1
1788813378.1850,281639,V,574,504,-1
1788813378.2340,281653,V,573,504,3266
1788813378.2341,281661,V,574,504,-1
1788813378.2341,281669,V,572,503,-1
1788813378.2342,281677,V,573,504,-1
1788813378.2342,281685,V,585,514,-1
1788813378.2342,281693,V,574,504,-1
1788813378.2823,281707,V,574,504,3267
1788813378.2823,281715,V,573,504,-1
1788813378.2823,281723,V,573,504,-1
1788813378.2823,281731,V,574,504,-1
1788813378.2823,281739,V,573,504,-1
1788813378.2823,281747,V,574,504,-1
1788813378.3310,281760,V,575,505,3268
1788813378.3310,281768,V,572,503,-1
1788813378.3310,281776,V,574,504,-1
1788813378.3310,281784,V,573,504,-1
1788813378.3310,281792,V,574,504,-1
1788813378.3310,281800,V,574,504,-1
1788813378.3796,281814,V,574,504,3269
1788813378.3796,281822,V,574,504,-1
1788813378.3797,281830,V,573,504,-1
1788813378.3797,281838,V,574,504,-1
1788813378.3797,281846,V,575,505,-1
1788813378.3797,281854,V,574,504,-1
1788813378.4284,281868,V,575,505,3270
1788813378.4284,281876,V,573,504,-1
1788813378.4284,281884,V,575,505,-1
1788813378.4284,281892,V,575,505,-1
1788813378.4284,281900,V,575,505,-1
1788813378.4284,281908,V,576,506,-1
1788813378.4780,281921,V,576,506,3271
1788813378.4782,281929,V,575,505,-1
1788813378.4782,281937,V,578,508,-1
1788813378.4782,281945,V,578,508,-1
1788813378.4782,281953,V,579,509,-1
1788813378.4783,281961,V,579,509,-1
1788813378.5262,281975,V,578,508,3272
1788813378.5262,281983,V,579,509,-1
1788813378.5263,281991,V,581,511,-1
1788813378.5263,281999,V,583,512,-1
1788813378.5263,282007,V,583,512,-1
1788813378.5263,282015,V,584,513,-1
1788813378.5745,282029,V,588,517,3273
1788813378.5745,282037,V,586,515,-1
1788813378.5745,282045,V,588,517,-1
1788813378.5745,282053,V,590,519,-1
1788813378.5745,282061,V,592,520,-1
1788813378.5745,282069,V,596,524,-1
1788813378.6722,282082,V,601,528,3274
1788813378.6722,282090,V,604,531,-1
1788813378.6722,282098,V,611,537,-1
1788813378.6722,282106,V,621,546,-1
1788813378.6722,282114,V,635,558,-1
1788813378.6723,282122,V,660,580,-1
1788813378.7210,282136,V,707,621,3275
1788813378.7211,282144,V,919,808,-1
1788813378.7211,282152,V,970,853,-1
1788813378.7212,282160,V,993,873,-1
1788813378.7212,282168,V,998,877,-1
1788813378.7212,282176,V,997,876,-1
1788813378.7699,282190,V,994,874,3276
1788813378.7699,282198,V,989,869,-1
1788813378.7700,282206,V,985,866,-1
1788813378.7700,282214,V,985,866,-1
1788813378.7700,282222,V,985,866,-1
1788813378.7700,282230,V,989,869,-1
1788813378.8183,282280,KEYDOWN,,,
1788813378.8195,282244,V,993,873,3277
1788813378.8195,282252,V,995,875,-1
1788813378.8195,282260,V,997,876,-1
1788813378.8196,282268,V,996,875,-1
1788813378.8196,282276,V,996,875,-1
1788813378.8196,282284,V,997,876,-1
1788813378.8668,282298,V,997,876,3278
1788813378.8668,282306,V,996,875,-1
1788813378.8668,282314,V,997,876,-1
1788813378.8668,282322,V,998,877,-1
1788813378.8669,282330,V,999,878,-1
1788813378.8669,282338,V,999,878,-1
1788813378.9648,282351,V,1001,880,3279
1788813378.9649,282359,V,999,878,-1
1788813378.9650,282367,V,1000,879,-1
1788813378.9650,282375,V,999,878,-1
1788813378.9650,282383,V,999,878,-1
1788813378.9650,282391,V,999,878,-1
1788813378.9661,282405,V,1000,879,3280
1788813378.9661,282413,V,998,877,-1
1788813378.9661,282421,V,999,878,-1
1788813378.9661,282429,V,999,878,-1
1788813378.9661,282437,V,1001,880,-1
1788813378.9662,282445,V,1000,879,-1
1788813379.0139,282459,V,1000,879,3281
1788813379.0139,282467,V,1000,879,-1
1788813379.0139,282475,V,1000,879,-1
1788813379.0139,282483,V,999,878,-1
1788813379.0139,282491,V,999,878,-1
1788813379.0139,282499,V,999,878,-1
1788813379.0639,282512,V,1000,879,3282
1788813379.0639,282520,V,1000,879,-1
1788813379.0639,282528,V,1000,879,-1
1788813379.0639,282536,V,1001,880,-1
1788813379.0639,282544,V,1000,879,-1
1788813379.0639,282552,V,1000,879,-1
1788813379.1112,282566,V,1000,879,3283
1788813379.1112,282574,V,1000,879,-1
1788813379.1113,282582,V,1000,879,-1
1788813379.1113,282590,V,999,878,-1
1788813379.1113,282598,V,999,878,-1
1788813379.1113,282606,V,1000,879,-1
1788813379.2082,282620,V,999,878,3284
1788813379.2084,282628,V,999,878,-1
1788813379.2084,282636,V,999,878,-1
1788813379.2084,282644,V,999,878,-1
1788813379.2084,282652,V,999,878,-1
1788813379.2084,282660,V,1000,879,-1
1788813379.2575,282673,V,998,877,3285
1788813379.2575,282681,V,999,878,-1
1788813379.2576,282689,V,999,878,-1
1788813379.2576,282697,V,999,878,-1
1788813379.2576,282705,V,1000,879,-1
1788813379.2576,282713,V,1000,879,-1
1788813379.3059,282727,V,1000,879,3286
1788813379.3060,282735,V,1000,879,-1
1788813379.3060,282743,V,1001,880,-1
1788813379.3060,282751,V,1000,879,-1
1788813379.3060,282759,V,999,878,-1
1788813379.3060,282767,V,1000,879,-1
1788813379.3547,282781,V,999,878,3287
1788813379.3547,282789,V,998,877,-1
1788813379.3547,282797,V,1000,879,-1
1788813379.3547,282805,V,1000,879,-1
1788813379.3547,282813,V,999,878,-1
1788813379.3547,282821,V,999,878,-1
1788813379.4043,282834,V,1000,879,3288
1788813379.4043,282842,V,999,878,-1
1788813379.4043,282850,V,999,878,-1
1788813379.4044,282858,V,1000,879,-1
1788813379.4044,282866,V,999,878,-1
1788813379.4044,282874,V,1001,880,-1
1788813379.4522,282888,V,1000,879,3289
1788813379.4523,282896,V,1000,879,-1
1788813379.4523,282904,V,1001,880,-1
1788813379.4523,282912,V,1001,880,-1
1788813379.4523,282920,V,1001,880,-1
1788813379.4523,282928,V,999,878,-1
1788813379.5003,282942,V,999,878,3290
1788813379.5003,282950,V,1000,879,-1
1788813379.5003,282958,V,1000,879,-1
1788813379.5003,282966,V,1000,879,-1
1788813379.5003,282974,V,999,878,-1
1788813379.5003,282982,V,1002,881,-1
1788813379.5496,282996,V,1000,879,3291
1788813379.5496,283004,V,1000,879,-1
1788813379.5496,283012,V,997,876,-1
1788813379.5496,283020,V,997,876,-1
1788813379.5496,283028,V,999,878,-1
1788813379.5496,283036,V,1002,881,-1
1788813379.5983,283049,V,1003,882,3292
1788813379.5983,283057,V,1005,883,-1
1788813379.5984,283065,V,1005,883,-1
1788813379.5984,283073,V,1004,882,-1
1788813379.5984,283081,V,1005,883,-1
1788813379.5984,283089,V,1005,883,-1
1788813379.6479,283103,V,1005,883,3293
1788813379.6479,283111,V,1004,882,-1
1788813379.6479,283119,V,1006,884,-1
1788813379.6479,283127,V,1005,883,-1
1788813379.6479,283135,V,1005,883,-1
1788813379.6479,283143,V,1005,883,-1
1788813379.7460,283157,V,1005,883,3294
1788813379.7461,283165,V,1004,882,-1
1788813379.7461,283173,V,1005,883,-1
1788813379.7461,283181,V,1004,882,-1
1788813379.7461,283189,V,1005,883,-1
1788813379.7462,283197,V,1004,882,-1
1788813379.7937,283210,V,1006,884,3295
1788813379.7938,283218,V,1005,883,-1
1788813379.7938,283226,V,1005,883,-1
1788813379.7938,283234,V,1005,883,-1
1788813379.7938,283242,V,1005,883,-1
1788813379.7938,283250,V,1005,883,-1
1788813379.8421,283264,V,1005,883,3296
1788813379.8422,283272,V,1004,882,-1
1788813379.8422,283280,V,1005,883,-1
1788813379.8422,283288,V,1006,884,-1
1788813379.8422,283296,V,1008,886,-1
1788813379.8422,283304,V,1007,885,-1
1788813379.8910,283318,V,1007,885,3297
1788813379.8910,283326,V,1007,885,-1
1788813379.8910,283334,V,1006,884,-1
1788813379.8910,283342,V,1007,885,-1
1788813379.8910,283350,V,1006,884,-1
1788813379.8910,283358,V,1006,884,-1
1788813379.9397,283371,V,1007,885,3298
1788813379.9397,283379,V,1007,885,-1
1788813379.9397,283387,V,1007,885,-1
1788813379.9397,283395,V,1007,885,-1
1788813379.9397,283403,V,1007,885,-1
1788813379.9398,283411,V,1007,885,-1
1788813379.9885,283425,V,1007,885,3299
1788813379.9886,283433,V,1008,886,-1
1788813379.9887,283441,V,1007,885,-1
1788813379.9887,283449,V,1007,885,-1
1788813379.9887,283457,V,1007,885,-1
1788813379.9887,283465,V,1008,886,-1
1788813380.0370,283479,V,1008,886,3300
1788813380.0370,283487,V,1006,884,-1
1788813380.0370,283495,V,1008,886,-1
1788813380.0370,283503,V,1007,885,-1
1788813380.0371,283511,V,1007,885,-1
1788813380.0371,283519,V,1007,885,-1
1788813380.0855,283532,V,1008,886,3301
1788813380.0855,283540,V,1009,887,-1
1788813380.0855,283548,V,1008,886,-1
1788813380.0855,283556,V,1007,885,-1
1788813380.0855,283564,V,1007,885,-1
1788813380.0855,283572,V,1008,886,-1
1788813380.1343,283586,V,1008,886,3302
1788813380.1344,283594,V,1007,885,-1
1788813380.1344,283602,V,1008,886,-1
1788813380.1344,283610,V,1009,887,-1
1788813380.1344,283618,V,1008,886,-1
1788813380.1344,283626,V,1009,887,-1
1788813380.1835,283640,V,1009,887,3303
1788813380.1836,283648,V,1008,886,-1
1788813380.1836,283656,V,1008,886,-1
1788813380.1836,283664,V,1009,887,-1
1788813380.1836,283672,V,1009,887,-1
1788813380.1836,283680,V,1008,886,-1
1788813380.2813,283693,V,1008,886,3304
1788813380.2815,283701,V,1009,887,-1
1788813380.2815,283709,V,1010,888,-1
1788813380.2815,283717,V,1010,888,-1
1788813380.2815,283725,V,1009,887,-1
1788813380.2815,283733,V,1009,887,-1
1788813380.3301,283747,V,1009,887,3305
1788813380.3302,283755,V,1010,888,-1
1788813380.3302,283763,V,1008,886,-1
1788813380.3302,283771,V,1009,887,-1
1788813380.3302,283779,V,1010,888,-1
1788813380.3302,283787,V,1009,887,-1
1788813380.3783,283801,V,1009,887,3306
1788813380.3783,283809,V,1008,886,-1
1788813380.3783,283817,V,1010,888,-1
1788813380.3783,283825,V,1011,889,-1
1788813380.3783,283833,V,1010,888,-1
1788813380.3783,283841,V,1009,887,-1
1788813380.4272,283854,V,1010,888,3307
1788813380.4273,283862,V,1009,887,-1
1788813380.4273,283870,V,1010,888,-1
1788813380.4273,283878,V,1009,887,-1
1788813380.4273,283886,V,1008,886,-1
1788813380.4273,283894,V,1009,887,-1
1788813380.4757,283908,V,1009,887,3308
1788813380.4758,283916,V,1009,887,-1
1788813380.4758,283924,V,1010,888,-1
1788813380.4758,283932,V,1010,888,-1
1788813380.4758,283940,V,1009,887,-1
1788813380.4758,283948,V,1010,888,-1
1788813380.5244,283962,V,1009,887,3309
1788813380.5244,283970,V,1009,887,-1
1788813380.5244,283978,V,1009,887,-1
1788813380.5244,283986,V,1009,887,-1
1788813380.5244,283994,V,1009,887,-1
1788813380.5244,284002,V,1009,887,-1
1788813380.5732,284016,V,1009,887,3310
1788813380.5732,284024,V,1009,887,-1
1788813380.5732,284032,V,1008,886,-1
1788813380.5732,284040,V,1009,887,-1
1788813380.5732,284048,V,1009,887,-1
1788813380.5732,284056,V,1009,887,-1
1788813380.6217,284069,V,1010,888,3311
1788813380.6217,284077,V,1009,887,-1
1788813380.6217,284085,V,1009,887,-1
1788813380.6217,284093,V,1009,887,-1
1788813380.6217,284101,V,1008,886,-1
1788813380.6217,284109,V,1008,886,-1
1788813380.6702,284123,V,1010,888,3312
1788813380.6702,284131,V,1010,888,-1
1788813380.6702,284139,V,1010,888,-1
1788813380.6702,284147,V,1009,887,-1
1788813380.6702,284155,V,1010,888,-1
1788813380.6702,284163,V,1009,887,-1
1788813380.7197,284176,V,1009,887,3313
1788813380.7198,284184,V,1008,886,-1
1788813380.7198,284192,V,1008,886,-1
1788813380.7198,284200,V,1009,887,-1
1788813380.7198,284208,V,1010,888,-1
1788813380.7198,284216,V,1009,887,-1
1788813380.8173,284230,V,1010,888,3314
1788813380.8174,284238,V,1011,889,-1
1788813380.8175,284246,V,1010,888,-1
1788813380.8175,284254,V,1009,887,-1
1788813380.8175,284262,V,1008,886,-1
1788813380.8175,284270,V,1008,886,-1
1788813380.8672,284284,V,1008,886,3315
1788813380.8672,284292,V,1008,886,-1
1788813380.8672,284300,V,1008,886,-1
1788813380.8672,284308,V,1008,886,-1
1788813380.8672,284316,V,1009,887,-1
1788813380.8672,284324,V,1008,886,-1
1788813380.9156,284338,V,1008,886,3316
1788813380.9156,284346,V,1008,886,-1
1788813380.9156,284354,V,1008,886,-1
1788813380.9156,284362,V,1007,885,-1
1788813380.9157,284370,V,1007,885,-1
1788813380.9157,284378,V,1006,884,-1
1788813380.9639,284391,V,1006,884,3317
1788813380.9640,284399,V,1006,884,-1
1788813380.9640,284407,V,1005,883,-1
1788813380.9640,284415,V,1005,883,-1
1788813380.9640,284423,V,1004,882,-1
1788813380.9640,284431,V,1004,882,-1
1788813381.0630,284445,V,1003,882,3318
1788813381.0632,284453,V,1006,884,-1
1788813381.0632,284461,V,1005,883,-1
1788813381.0633,284469,V,1004,882,-1
1788813381.0633,284477,V,1004,882,-1
1788813381.0633,284485,V,1004,882,-1
1788813381.0635,284498,V,1004,882,3319
1788813381.0635,284506,V,1005,883,-1
1788813381.0635,284514,V,1005,883,-1
1788813381.0635,284522,V,1003,882,-1
1788813381.0635,284530,V,1004,882,-1
1788813381.0635,284538,V,1003,882,-1
1788813381.1109,284552,V,1004,882,3320
1788813381.1109,284560,V,1005,883,-1
1788813381.1109,284568,V,1005,883,-1
1788813381.1109,284576,V,1005,883,-1
1788813381.1110,284584,V,1005,883,-1
1788813381.1110,284592,V,1004,882,-1
1788813381.1585,284606,V,1005,883,3321
1788813381.1585,284614,V,1005,883,-1
1788813381.1585,284622,V,1006,884,-1
1788813381.1585,284630,V,1004,882,-1
1788813381.1585,284638,V,1005,883,-1
1788813381.1585,284646,V,1005,883,-1
1788813381.2564,284659,V,1004,882,3322
1788813381.2564,284667,V,1005,883,-1
1788813381.2564,284675,V,1005,883,-1
1788813381.2565,284683,V,1004,882,-1
1788813381.2565,284691,V,1004,882,-1
1788813381.2565,284699,V,1005,883,-1
1788813381.2576,284713,V,1004,882,3323
1788813381.2576,284721,V,1006,884,-1
1788813381.2576,284729,V,1004,882,-1
1788813381.2576,284737,V,1005,883,-1
1788813381.2576,284745,V,1004,882,-1
1788813381.2577,284753,V,1003,882,-1
1788813381.3545,284767,V,1004,882,3324
1788813381.3546,284775,V,1003,882,-1
1788813381.3546,284783,V,1003,882,-1
1788813381.3546,284791,V,1004,882,-1
1788813381.3546,284799,V,1003,882,-1
1788813381.3547,284807,V,1004,882,-1
1788813381.4034,284820,V,1004,882,3325
1788813381.4034,284828,V,1004,882,-1
1788813381.4034,284836,V,1004,882,-1
1788813381.4035,284844,V,1005,883,-1
1788813381.4035,284852,V,1006,884,-1
1788813381.4035,284860,V,1005,883,-1
1788813381.4518,284874,V,1004,882,3326
1788813381.4518,284882,V,1004,882,-1
1788813381.4518,284890,V,1005,883,-1
1788813381.4518,284898,V,1004,882,-1
1788813381.4518,284906,V,1003,882,-1
1788813381.4518,284914,V,1004,882,-1
1788813381.5006,284928,V,1004,882,3327
1788813381.5006,284936,V,1004,882,-1
1788813381.5006,284944,V,1003,882,-1
1788813381.5006,284952,V,1004,882,-1
1788813381.5006,284960,V,1004,882,-1
1788813381.5006,284968,V,1005,883,-1
1788813381.5489,284981,V,1004,882,3328
1788813381.5489,284989,V,1005,883,-1
1788813381.5489,284997,V,1005,883,-1
1788813381.5489,285005,V,1005,883,-1
1788813381.5490,285013,V,1004,882,-1
1788813381.5490,285021,V,1003,882,-1
1788813381.5969,285035,V,1004,882,3329
1788813381.5971,285043,V,1005,883,-1
1788813381.5971,285051,V,1004,882,-1
1788813381.5971,285059,V,1003,882,-1
1788813381.5971,285067,V,1004,882,-1
1788813381.5971,285075,V,1003,882,-1
1788813381.6463,285089,V,1005,883,3330
1788813381.6463,285097,V,1005,883,-1
1788813381.6463,285105,V,1005,883,-1
1788813381.6463,285113,V,1005,883,-1
1788813381.6463,285121,V,1004,882,-1
1788813381.6463,285129,V,1004,882,-1
1788813381.6948,285143,V,1004,882,3331
1788813381.6948,285151,V,1005,883,-1
1788813381.6948,285159,V,1004,882,-1
1788813381.6948,285167,V,1005,883,-1
1788813381.6948,285175,V,1004,882,-1
1788813381.6948,285183,V,1005,883,-1
1788813381.7443,285196,V,1005,883,3332
1788813381.7443,285204,V,1004,882,-1
1788813381.7443,285212,V,1004,882,-1
1788813381.7443,285220,V,1004,882,-1
1788813381.7443,285228,V,1004,882,-1
1788813381.7443,285236,V,1004,882,-1
1788813381.7931,285250,V,1004,882,3333
1788813381.7931,285258,V,1002,881,-1
1788813381.7931,285266,V,1002,881,-1
1788813381.7931,285274,V,1004,882,-1
1788813381.7931,285282,V,1004,882,-1
1788813381.7931,285290,V,1005,883,-1
1788813381.8902,285304,V,1005,883,3334
1788813381.8903,285312,V,1004,882,-1
1788813381.8904,285320,V,1004,882,-1
1788813381.8904,285328,V,1004,882,-1
1788813381.8904,285336,V,1003,882,-1
1788813381.8904,285344,V,1003,882,-1
1788813381.9396,285357,V,1004,882,3335
1788813381.9397,285365,V,1004,882,-1
1788813381.9397,285373,V,1004,882,-1
1788813381.9397,285381,V,1004,882,-1
1788813381.9397,285389,V,1005,883,-1
1788813381.9397,285397,V,1004,882,-1
1788813381.9881,285411,V,1003,882,3336
1788813381.9881,285419,V,1004,882,-1
1788813381.9881,285427,V,1004,882,-1
1788813381.9881,285435,V,1004,882,-1
1788813381.9881,285443,V,1004,882,-1
1788813381.9881,285451,V,1005,883,-1
1788813382.0359,285465,V,1003,882,3337
1788813382.0359,285473,V,1003,882,-1
1788813382.0359,285481,V,1005,883,-1
1788813382.0359,285489,V,1005,883,-1
1788813382.0360,285497,V,1004,882,-1
1788813382.0360,285505,V,1004,882,-1
1788813382.0864,285518,V,1003,882,3338
1788813382.0865,285526,V,1003,882,-1
1788813382.0865,285534,V,1003,882,-1
1788813382.0865,285542,V,1005,883,-1
1788813382.0865,285550,V,1005,883,-1
1788813382.0865,285558,V,1004,882,-1
1788813382.1344,285572,V,1004,882,3339
1788813382.1345,285580,V,1005,883,-1
1788813382.1345,285588,V,1003,882,-1
1788813382.1345,285596,V,1004,882,-1
1788813382.1345,285604,V,1004,882,-1
1788813382.1346,285612,V,1003,882,-1
1788813382.1821,285626,V,1004,882,3340
1788813382.1821,285634,V,1004,882,-1
1788813382.1821,285642,V,1004,882,-1
1788813382.1821,285650,V,1004,882,-1
1788813382.1821,285658,V,1003,882,-1
1788813382.1821,285666,V,1003,882,-1
1788813382.2311,285679,V,1004,882,3341
1788813382.2311,285687,V,1004,882,-1
1788813382.2311,285695,V,1003,882,-1
1788813382.2312,285703,V,1004,882,-1
1788813382.2312,285711,V,1004,882,-1
1788813382.2312,285719,V,1004,882,-1
1788813382.2797,285733,V,1004,882,3342
1788813382.2797,285741,V,1004,882,-1
1788813382.2797,285749,V,1003,882,-1
1788813382.2797,285757,V,1004,882,-1
1788813382.2797,285765,V,1004,882,-1
1788813382.2797,285773,V,1004,882,-1
1788813382.3293,285787,V,1004,882,3343
1788813382.3293,285795,V,1003,882,-1
1788813382.3294,285803,V,1003,882,-1
1788813382.3294,285811,V,1005,883,-1
1788813382.3294,285819,V,1004,882,-1
1788813382.3294,285827,V,1006,884,-1
1788813382.4262,285840,V,1004,882,3344
1788813382.4263,285848,V,1005,883,-1
1788813382.4263,285856,V,1006,884,-1
1788813382.4263,285864,V,1005,883,-1
1788813382.4263,285872,V,1005,883,-1
1788813382.4263,285880,V,1005,883,-1
1788813382.4747,285894,V,1004,882,3345
1788813382.4747,285902,V,1005,883,-1
1788813382.4749,285910,V,1004,882,-1
1788813382.4749,285918,V,1004,882,-1
1788813382.4749,285926,V,1006,884,-1
1788813382.4749,285934,V,1006,884,-1
1788813382.5235,285948,V,1006,884,3346
1788813382.5236,285956,V,1005,883,-1
1788813382.5236,285964,V,1005,883,-1
1788813382.5236,285972,V,1004,882,-1
1788813382.5236,285980,V,1006,884,-1
1788813382.5236,285988,V,1005,883,-1
1788813382.5721,286001,V,1005,883,3347
1788813382.5722,286009,V,1006,884,-1
1788813382.5722,286017,V,1005,883,-1
1788813382.5722,286025,V,1005,883,-1
1788813382.5722,286033,V,1005,883,-1
1788813382.5722,286041,V,1005,883,-1
1788813382.6210,286055,V,1005,883,3348
1788813382.6210,286063,V,1005,883,-1
1788813382.6210,286071,V,1005,883,-1
1788813382.6210,286079,V,1006,884,-1
1788813382.6210,286087,V,1005,883,-1
1788813382.6210,286095,V,1005,883,-1
1788813382.6705,286109,V,1006,884,3349
1788813382.6707,286117,V,1004,882,-1
1788813382.6707,286125,V,1006,884,-1
1788813382.6707,286133,V,1006,884,-1
1788813382.6707,286141,V,1006,884,-1
1788813382.6707,286149,V,1006,884,-1
1788813382.7190,286162,V,1006,884,3350
1788813382.7190,286170,V,1006,884,-1
1788813382.7190,286178,V,1006,884,-1
1788813382.7190,286186,V,1007,885,-1
1788813382.7190,286194,V,1005,883,-1
1788813382.7190,286202,V,1006,884,-1
1788813382.7669,286216,V,1006,884,3351
1788813382.7670,286224,V,1003,882,-1
1788813382.7670,286232,V,1004,882,-1
1788813382.7670,286240,V,1005,883,-1
1788813382.7670,286248,V,1006,884,-1
1788813382.7670,286256,V,1006,884,-1
1788813382.8173,286270,V,1007,885,3352
1788813382.8173,286278,V,1005,883,-1
1788813382.8173,286286,V,1005,883,-1
1788813382.8173,286294,V,1005,883,-1
1788813382.8173,286302,V,1006,884,-1
1788813382.8173,286310,V,1005,883,-1
1788813382.9147,286323,V,1006,884,3353
1788813382.9149,286331,V,1005,883,-1
1788813382.9149,286339,V,1005,883,-1
1788813382.9149,286347,V,1004,882,-1
1788813382.9149,286355,V,1004,882,-1
1788813382.9149,286363,V,1005,883,-1
1788813382.9635,286377,V,1005,883,3354
1788813382.9635,286385,V,1005,883,-1
1788813382.9635,286393,V,1005,883,-1
1788813382.9635,286401,V,1005,883,-1
1788813382.9635,286409,V,1006,884,-1
1788813382.9635,286417,V,1004,882,-1
1788813383.0122,286431,V,1006,884,3355
1788813383.0122,286439,V,1004,882,-1
1788813383.0122,286447,V,1004,882,-1
1788813383.0122,286455,V,1005,883,-1
1788813383.0122,286463,V,1004,882,-1
1788813383.0122,286471,V,1003,882,-1
1788813383.0627,286485,V,1004,882,3356
1788813383.0628,286493,V,1005,883,-1
1788813383.0628,286501,V,1005,883,-1
1788813383.0628,286509,V,1005,883,-1
1788813383.0628,286517,V,1004,882,-1
1788813383.0628,286525,V,1005,883,-1
1788813383.1582,286538,V,1006,884,3357
1788813383.1584,286546,V,1005,883,-1
1788813383.1584,286554,V,1005,883,-1
1788813383.1584,286562,V,1006,884,-1
1788813383.1584,286570,V,1006,884,-1
1788813383.1584,286578,V,1005,883,-1
1788813383.1588,286592,V,1005,883,3358
1788813383.1589,286600,V,1005,883,-1
1788813383.1589,286608,V,1005,883,-1
1788813383.1589,286616,V,1004,882,-1
1788813383.1589,286624,V,1004,882,-1
1788813383.1589,286632,V,1005,883,-1
1788813383.2074,286646,V,1005,883,3359
1788813383.2074,286654,V,1006,884,-1
1788813383.2074,286662,V,1005,883,-1
1788813383.2074,286670,V,1006,884,-1
1788813383.2074,286678,V,1006,884,-1
1788813383.2074,286686,V,1006,884,-1
1788813383.2552,286699,V,1006,884,3360
1788813383.2553,286707,V,1006,884,-1
1788813383.2553,286715,V,1006,884,-1
1788813383.2553,286723,V,1006,884,-1
1788813383.2553,286731,V,1006,884,-1
1788813383.2553,286739,V,1006,884,-1
1788813383.3037,286753,V,1006,884,3361
1788813383.3038,286761,V,1006,884,-1
1788813383.3038,286769,V,1006,884,-1
1788813383.3038,286777,V,1006,884,-1
1788813383.3038,286785,V,1006,884,-1
1788813383.3038,286793,V,1004,882,-1
1788813383.3534,286807,V,1006,884,3362
1788813383.3534,286815,V,1006,884,-1
1788813383.3534,286823,V,1005,883,-1
1788813383.3534,286831,V,1006,884,-1
1788813383.3534,286839,V,1006,884,-1
1788813383.3534,286847,V,1006,884,-1
1788813383.4502,286861,V,1005,883,3363
1788813383.4504,286869,V,1006,884,-1
1788813383.4504,286877,V,1005,883,-1
1788813383.4504,286885,V,1006,884,-1
1788813383.4504,286893,V,1007,885,-1
1788813383.4504,286901,V,1007,885,-1
1788813383.4998,286914,V,1005,883,3364
1788813383.4998,286922,V,1006,884,-1
1788813383.4998,286930,V,1006,884,-1
1788813383.4998,286938,V,1006,884,-1
1788813383.4998,286946,V,1007,885,-1
1788813383.4999,286954,V,1007,885,-1
1788813383.5960,286968,V,1005,883,3365
1788813383.5960,286976,V,1007,885,-1
1788813383.5960,286984,V,1007,885,-1
1788813383.5961,286992,V,1006,884,-1
1788813383.5961,287000,V,1007,885,-1
1788813383.5961,287008,V,1007,885,-1
1788813383.5973,287022,V,1007,885,3366
1788813383.5973,287030,V,1006,884,-1
1788813383.5973,287038,V,1006,884,-1
1788813383.5973,287046,V,1006,884,-1
1788813383.5974,287054,V,1006,884,-1
1788813383.5974,287062,V,1006,884,-1
1788813383.6449,287075,V,1006,884,3367
1788813383.6449,287083,V,1006,884,-1
1788813383.6449,287091,V,1005,883,-1
1788813383.6449,287099,V,1007,885,-1
1788813383.6449,287107,V,1006,884,-1
1788813383.6449,287115,V,1007,885,-1
1788813383.6931,287129,V,1005,883,3368
1788813383.6933,287137,V,1006,884,-1
1788813383.6933,287145,V,1005,883,-1
1788813383.6933,287153,V,1006,884,-1
1788813383.6933,287161,V,1007,885,-1
1788813383.6934,287169,V,1005,883,-1
1788813383.7426,287183,V,1005,883,3369
1788813383.7426,287191,V,1006,884,-1
1788813383.7426,287199,V,1006,884,-1
1788813383.7426,287207,V,1005,883,-1
1788813383.7427,287215,V,1005,883,-1
1788813383.7427,287223,V,1006,884,-1
1788813383.7909,287236,V,1007,885,3370
1788813383.7909,287244,V,1006,884,-1
1788813383.7909,287252,V,1006,884,-1
1788813383.7909,287260,V,1006,884,-1
1788813383.7909,287268,V,1007,885,-1
1788813383.7909,287276,V,1007,885,-1
1788813383.8397,287290,V,1006,884,3371
1788813383.8397,287298,V,1007,885,-1
1788813383.8397,287306,V,1007,885,-1
1788813383.8397,287314,V,1006,884,-1
1788813383.8397,287322,V,1006,884,-1
1788813383.8397,287330,V,1006,884,-1
1788813383.8884,287344,V,1007,885,3372
1788813383.8884,287352,V,1006,884,-1
1788813383.8884,287360,V,1007,885,-1
1788813383.8884,287368,V,1006,884,-1
1788813383.8884,287376,V,1006,884,-1
1788813383.8884,287384,V,1005,883,-1
1788813383.9857,287398,V,1006,884,3373
1788813383.9857,287406,V,1007,885,-1
1788813383.9858,287414,V,1007,885,-1
1788813383.9858,287422,V,1007,885,-1
1788813383.9858,287430,V,1006,884,-1
1788813383.9858,287438,V,1007,885,-1
1788813384.0348,287452,V,1006,884,3374
1788813384.0349,287460,V,1006,884,-1
1788813384.0349,287468,V,1008,886,-1
1788813384.0349,287476,V,1008,886,-1
1788813384.0349,287484,V,1006,884,-1
1788813384.0349,287492,V,1007,885,-1
1788813384.0855,287505,V,1007,885,3375
1788813384.0855,287513,V,1007,885,-1
1788813384.0855,287521,V,1006,884,-1
1788813384.0855,287529,V,1007,885,-1
1788813384.0855,287537,V,1007,885,-1
1788813384.0855,287545,V,1007,885,-1
1788813384.1322,287559,V,1007,885,3376
1788813384.1323,287567,V,1007,885,-1
1788813384.1323,287575,V,1007,885,-1
1788813384.1323,287583,V,1007,885,-1
1788813384.1323,287591,V,1008,886,-1
1788813384.1323,287599,V,1008,886,-1
1788813384.1810,287613,V,1006,884,3377
1788813384.1810,287621,V,1005,883,-1
1788813384.1810,287629,V,1006,884,-1
1788813384.1810,287637,V,1007,885,-1
1788813384.1810,287645,V,1006,884,-1
1788813384.1810,287653,V,1007,885,-1
1788813384.2302,287666,V,1006,884,3378
1788813384.2303,287674,V,1006,884,-1
1788813384.2303,287682,V,1007,885,-1
1788813384.2303,287690,V,1008,886,-1
1788813384.2304,287698,V,1006,884,-1
1788813384.2305,287706,V,1006,884,-1
1788813384.2790,287720,V,1008,886,3379
1788813384.2791,287728,V,1007,885,-1
1788813384.2791,287736,V,1007,885,-1
1788813384.2791,287744,V,1008,886,-1
1788813384.2791,287752,V,1006,884,-1
1788813384.2791,287760,V,1008,886,-1
1788813384.3272,287774,V,1007,885,3380
1788813384.3272,287782,V,1008,886,-1
1788813384.3272,287790,V,1006,884,-1
1788813384.3272,287798,V,1006,884,-1
1788813384.3272,287806,V,1006,884,-1
1788813384.3272,287814,V,1007,885,-1
1788813384.3759,287827,V,1007,885,3381
1788813384.3759,287835,V,1005,883,-1
1788813384.3759,287843,V,1007,885,-1
1788813384.3759,287851,V,1006,884,-1
1788813384.3759,287859,V,1007,885,-1
1788813384.3759,287867,V,1007,885,-1
1788813384.4250,287881,V,1007,885,3382
1788813384.4251,287889,V,1006,884,-1
1788813384.4251,287897,V,1007,885,-1
1788813384.4251,287905,V,1006,884,-1
1788813384.4251,287913,V,1008,886,-1
1788813384.4251,287921,V,1007,885,-1
1788813384.5225,287935,V,1006,884,3383
1788813384.5226,287943,V,1006,884,-1
1788813384.5226,287951,V,1006,884,-1
1788813384.5226,287959,V,1007,885,-1
1788813384.5226,287967,V,1006,884,-1
1788813384.5227,287975,V,1007,885,-1
1788813384.5711,287989,V,1006,884,3384
1788813384.5711,287997,V,1006,884,-1
1788813384.5711,288005,V,1007,885,-1
1788813384.5711,288013,V,1006,884,-1
1788813384.5711,288021,V,1006,884,-1
1788813384.5711,288029,V,1006,884,-1
1788813384.6199,288042,V,1006,884,3385
1788813384.6199,288050,V,1006,884,-1
1788813384.6199,288058,V,1006,884,-1
1788813384.6199,288066,V,1007,885,-1
1788813384.6199,288074,V,1006,884,-1
1788813384.6199,288082,V,1006,884,-1
1788813384.6684,288096,V,1006,884,3386
1788813384.6685,288104,V,1005,883,-1
1788813384.6685,288112,V,1006,884,-1
1788813384.6685,288120,V,1005,883,-1
1788813384.6685,288128,V,1005,883,-1
1788813384.6685,288136,V,1005,883,-1
1788813384.7174,288150,V,1005,883,3387
1788813384.7175,288158,V,1005,883,-1
1788813384.7175,288166,V,1006,884,-1
1788813384.7175,288174,V,1005,883,-1
1788813384.7175,288182,V,1005,883,-1
1788813384.7175,288190,V,1005,883,-1
1788813384.7660,288203,V,1004,882,3388
1788813384.7661,288211,V,1004,882,-1
1788813384.7661,288219,V,1007,885,-1
1788813384.7661,288227,V,1005,883,-1
1788813384.7661,288235,V,1005,883,-1
1788813384.7661,288243,V,1006,884,-1
1788813384.8151,288257,V,1005,883,3389
1788813384.8151,288265,V,1005,883,-1
1788813384.8151,288273,V,1004,882,-1
1788813384.8152,288281,V,1005,883,-1
1788813384.8152,288289,V,1006,884,-1
1788813384.8152,288297,V,1006,884,-1
1788813384.8633,288311,V,1005,883,3390
1788813384.8633,288319,V,1006,884,-1
1788813384.8633,288327,V,1005,883,-1
1788813384.8633,288335,V,1005,883,-1
1788813384.8633,288343,V,1005,883,-1
1788813384.8634,288351,V,1004,882,-1
1788813384.9122,288364,V,1005,883,3391
1788813384.9122,288372,V,1006,884,-1
1788813384.9122,288380,V,1006,884,-1
1788813384.9122,288388,V,1006,884,-1
1788813384.9122,288396,V,1006,884,-1
1788813384.9122,288404,V,1006,884,-1
1788813384.9610,288418,V,1004,882,3392
1788813384.9610,288426,V,1006,884,-1
1788813384.9610,288434,V,1005,883,-1
1788813384.9610,288442,V,1006,884,-1
1788813384.9610,288450,V,1005,883,-1
1788813384.9610,288458,V,1005,883,-1
1788813385.0596,288472,V,1006,884,3393
1788813385.0598,288480,V,1006,884,-1
1788813385.0598,288488,V,1006,884,-1
1788813385.0598,288496,V,1006,884,-1
1788813385.0598,288504,V,1006,884,-1
1788813385.0598,288512,V,1006,884,-1
1788813385.1112,288525,V,1005,883,3394
1788813385.1112,288533,V,1005,883,-1
1788813385.1112,288541,V,1006,884,-1
1788813385.1112,288549,V,1006,884,-1
1788813385.1112,288557,V,1006,884,-1
1788813385.1112,288565,V,1005,883,-1
1788813385.1569,288579,V,1005,883,3395
1788813385.1569,288587,V,1006,884,-1
1788813385.1569,288595,V,1005,883,-1
1788813385.1569,288603,V,1006,884,-1
1788813385.1569,288611,V,1006,884,-1
1788813385.1570,288619,V,1005,883,-1
1788813385.2536,288633,V,1006,884,3396
1788813385.2536,288641,V,1005,883,-1
1788813385.2536,288649,V,1005,883,-1
1788813385.2536,288657,V,1005,883,-1
1788813385.2536,288665,V,1005,883,-1
1788813385.2537,288673,V,1006,884,-1
1788813385.2547,288686,V,1005,883,3397
1788813385.2547,288694,V,1006,884,-1
1788813385.2547,288702,V,1005,883,-1
1788813385.2547,288710,V,1006,884,-1
1788813385.2547,288718,V,1007,885,-1
1788813385.2547,288726,V,1005,883,-1
1788813385.3021,288740,V,1006,884,3398
1788813385.3022,288748,V,1004,882,-1
1788813385.3022,288756,V,1006,884,-1
1788813385.3022,288764,V,1005,883,-1
1788813385.3022,288772,V,1006,884,-1
1788813385.3022,288780,V,1006,884,-1
1788813385.3510,288794,V,1007,885,3399
1788813385.3510,288802,V,1006,884,-1
1788813385.3510,288810,V,1007,885,-1
1788813385.3510,288818,V,1005,883,-1
1788813385.3510,288826,V,1007,885,-1
1788813385.3510,288834,V,1005,883,-1
1788813385.3996,288847,V,1007,885,3400
1788813385.3996,288855,V,1006,884,-1
1788813385.3996,288863,V,1006,884,-1
1788813385.3996,288871,V,1006,884,-1
1788813385.3996,288879,V,1005,883,-1
1788813385.3997,288887,V,1006,884,-1
1788813385.4486,288901,V,1005,883,3401
1788813385.4486,288909,V,1006,884,-1
1788813385.4486,288917,V,1006,884,-1
1788813385.4486,288925,V,1006,884,-1
1788813385.4486,288933,V,1006,884,-1
1788813385.4486,288941,V,1007,885,-1
1788813385.4969,288955,V,1006,884,3402
1788813385.4969,288963,V,1006,884,-1
1788813385.4969,288971,V,1006,884,-1
1788813385.4969,288979,V,1005,883,-1
1788813385.4969,288987,V,1006,884,-1
1788813385.4969,288995,V,1006,884,-1
1788813385.5948,289008,V,1005,883,3403
1788813385.5949,289016,V,1007,885,-1
1788813385.5949,289024,V,1006,884,-1
1788813385.5949,289032,V,1004,882,-1
1788813385.5949,289040,V,1005,883,-1
1788813385.5949,289048,V,1007,885,-1
1788813385.6461,289062,V,1006,884,3404
1788813385.6461,289070,V,1006,884,-1
1788813385.6461,289078,V,1007,885,-1
1788813385.6461,289086,V,1007,885,-1
1788813385.6461,289094,V,1007,885,-1
1788813385.6461,289102,V,1007,885,-1
1788813385.6927,289116,V,1007,885,3405
1788813385.6927,289124,V,1006,884,-1
1788813385.6927,289132,V,1007,885,-1
1788813385.6927,289140,V,1006,884,-1
1788813385.6927,289148,V,1006,884,-1
1788813385.6927,289156,V,1007,885,-1
1788813385.7413,289169,V,1007,885,3406
1788813385.7414,289177,V,1007,885,-1
1788813385.7414,289185,V,1005,883,-1
1788813385.7414,289193,V,1007,885,-1
1788813385.7414,289201,V,1005,883,-1
1788813385.7414,289209,V,1006,884,-1
1788813385.7921,289223,V,1006,884,3407
1788813385.7921,289231,V,1008,886,-1
1788813385.7921,289239,V,1007,885,-1
1788813385.7921,289247,V,1006,884,-1
1788813385.7921,289255,V,1006,884,-1
1788813385.7922,289263,V,1006,884,-1
1788813385.8383,289277,V,1006,884,3408
1788813385.8385,289285,V,1006,884,-1
1788813385.8385,289293,V,1007,885,-1
1788813385.8385,289301,V,1006,884,-1
1788813385.8385,289309,V,1006,884,-1
1788813385.8385,289317,V,1006,884,-1
1788813385.8875,289330,V,1007,885,3409
1788813385.8876,289338,V,1006,884,-1
1788813385.8876,289346,V,1007,885,-1
1788813385.8876,289354,V,1006,884,-1
1788813385.8876,289362,V,1006,884,-1
1788813385.8876,289370,V,1005,883,-1
1788813385.9360,289384,V,1007,885,3410
1788813385.9360,289392,V,1007,885,-1
1788813385.9360,289400,V,1006,884,-1
1788813385.9360,289408,V,1007,885,-1
1788813385.9360,289416,V,1008,886,-1
1788813385.9360,289424,V,1007,885,-1
1788813385.9849,289438,V,1007,885,3411
1788813385.9850,289446,V,1006,884,-1
1788813385.9850,289454,V,1005,883,-1
1788813385.9850,289462,V,1007,885,-1
1788813385.9850,289470,V,1007,885,-1
1788813385.9850,289478,V,1006,884,-1
1788813386.0337,289491,V,1005,883,3412
1788813386.0338,289499,V,1006,884,-1
1788813386.0338,289507,V,1006,884,-1
1788813386.0338,289515,V,1006,884,-1
1788813386.0338,289523,V,1006,884,-1
1788813386.0338,289531,V,1007,885,-1
1788813386.1312,289545,V,1006,884,3413
1788813386.1313,289553,V,1006,884,-1
1788813386.1314,289561,V,1006,884,-1
1788813386.1314,289569,V,1006,884,-1
1788813386.1314,289577,V,1006,884,-1
1788813386.1314,289585,V,1007,885,-1
1788813386.1801,289598,V,1007,885,3414
1788813386.1802,289606,V,1006,884,-1
1788813386.1802,289614,V,1006,884,-1
1788813386.1802,289622,V,1006,884,-1
1788813386.1802,289630,V,1007,885,-1
1788813386.1802,289638,V,1006,884,-1
1788813386.2286,289652,V,1007,885,3415
1788813386.2286,289660,V,1005,883,-1
1788813386.2286,289668,V,1005,883,-1
1788813386.2286,289676,V,1005,883,-1
1788813386.2286,289684,V,1005,883,-1
1788813386.2286,289692,V,1006,884,-1
1788813386.2773,289706,V,1006,884,3416
1788813386.2773,289714,V,1006,884,-1
1788813386.2773,289722,V,1005,883,-1
1788813386.2773,289730,V,1007,885,-1
1788813386.2773,289738,V,1007,885,-1
1788813386.2773,289746,V,1007,885,-1
1788813386.3265,289760,V,1007,885,3417
1788813386.3265,289768,V,1006,884,-1
1788813386.3265,289776,V,1008,886,-1
1788813386.3265,289784,V,1005,883,-1
1788813386.3265,289792,V,1005,883,-1
1788813386.3265,289800,V,1006,884,-1
1788813386.3765,289813,V,1007,885,3418
1788813386.3766,289821,V,1007,885,-1
1788813386.3766,289829,V,1006,884,-1
1788813386.3766,289837,V,1006,884,-1
1788813386.3766,289845,V,1006,884,-1
1788813386.3766,289853,V,1007,885,-1
1788813386.4239,289867,V,1006,884,3419
1788813386.4239,289875,V,1005,883,-1
1788813386.4239,289883,V,1007,885,-1
1788813386.4239,289891,V,1005,883,-1
1788813386.4239,289899,V,1007,885,-1
1788813386.4239,289907,V,1007,885,-1
1788813386.4724,289921,V,1006,884,3420
1788813386.4724,289929,V,1007,885,-1
1788813386.4724,289937,V,1007,885,-1
1788813386.4724,289945,V,1007,885,-1
1788813386.4724,289953,V,1007,885,-1
1788813386.4724,289961,V,1006,884,-1
1788813386.5211,289974,V,1006,884,3421
1788813386.5211,289982,V,1006,884,-1
1788813386.5211,289990,V,1006,884,-1
1788813386.5211,289998,V,1006,884,-1
1788813386.5211,290006,V,1007,885,-1
1788813386.5211,290014,V,1006,884,-1
1788813386.5698,290028,V,1006,884,3422
1788813386.5698,290036,V,1006,884,-1
1788813386.5698,290044,V,1006,884,-1
1788813386.5698,290052,V,1006,884,-1
1788813386.5698,290060,V,1005,883,-1
1788813386.5698,290068,V,1006,884,-1
1788813386.6679,290082,V,1005,883,3423
1788813386.6680,290090,V,1006,884,-1
1788813386.6681,290098,V,1006,884,-1
1788813386.6681,290106,V,1006,884,-1
1788813386.6681,290114,V,1007,885,-1
1788813386.6681,290122,V,1005,883,-1
1788813386.7173,290135,V,1005,883,3424
1788813386.7173,290143,V,1004,882,-1
1788813386.7173,290151,V,1006,884,-1
1788813386.7173,290159,V,1005,883,-1
1788813386.7173,290167,V,1006,884,-1
1788813386.7174,290175,V,1005,883,-1
1788813386.7649,290189,V,1006,884,3425
1788813386.7650,290197,V,1005,883,-1
1788813386.7650,290205,V,1006,884,-1
1788813386.7650,290213,V,1006,884,-1
1788813386.7650,290221,V,1006,884,-1
1788813386.7650,290229,V,1006,884,-1
1788813386.8135,290243,V,1005,883,3426
1788813386.8135,290251,V,1005,883,-1
1788813386.8136,290259,V,1005,883,-1
1788813386.8136,290267,V,1006,884,-1
1788813386.8136,290275,V,1006,884,-1
1788813386.8136,290283,V,1006,884,-1
1788813386.8624,290296,V,1005,883,3427
1788813386.8625,290304,V,1005,883,-1
1788813386.8625,290312,V,1007,885,-1
1788813386.8625,290320,V,1005,883,-1
1788813386.8625,290328,V,1006,884,-1
1788813386.8625,290336,V,1006,884,-1
1788813386.9113,290350,V,1004,882,3428
1788813386.9114,290358,V,1007,885,-1
1788813386.9114,290366,V,1005,883,-1
1788813386.9114,290374,V,1005,883,-1
1788813386.9114,290382,V,1005,883,-1
1788813386.9114,290390,V,1007,885,-1
1788813386.9603,290404,V,1006,884,3429
1788813386.9604,290412,V,1006,884,-1
1788813386.9604,290420,V,1006,884,-1
1788813386.9604,290428,V,1004,882,-1
1788813386.9604,290436,V,1006,884,-1
1788813386.9604,290444,V,1006,884,-1
1788813387.0095,290457,V,1005,883,3430
1788813387.0095,290465,V,1006,884,-1
1788813387.0095,290473,V,1007,885,-1
1788813387.0095,290481,V,1006,884,-1
1788813387.0095,290489,V,1006,884,-1
1788813387.0095,290497,V,1005,883,-1
1788813387.0573,290511,V,1006,884,3431
1788813387.0573,290519,V,1007,885,-1
1788813387.0573,290527,V,1005,883,-1
1788813387.0573,290535,V,1006,884,-1
1788813387.0573,290543,V,1004,882,-1
1788813387.0573,290551,V,1007,885,-1
1788813387.1551,290565,V,1006,884,3432
1788813387.1552,290573,V,1006,884,-1
1788813387.1552,290581,V,1006,884,-1
1788813387.1552,290589,V,1007,885,-1
1788813387.1553,290597,V,1006,884,-1
1788813387.1553,290605,V,1008,886,-1
1788813387.2039,290619,V,1007,885,3433
1788813387.2039,290627,V,1007,885,-1
1788813387.2039,290635,V,1006,884,-1
1788813387.2039,290643,V,1006,884,-1
1788813387.2039,290651,V,1007,885,-1
1788813387.2039,290659,V,1007,885,-1
1788813387.2524,290672,V,1007,885,3434
1788813387.2524,290680,V,1007,885,-1
1788813387.2524,290688,V,1007,885,-1
1788813387.2524,290696,V,1007,885,-1
1788813387.2524,290704,V,1006,884,-1
1788813387.2524,290712,V,1006,884,-1
1788813387.3500,290726,V,1007,885,3435
1788813387.3500,290734,V,1007,885,-1
1788813387.3501,290742,V,1008,886,-1
1788813387.3501,290750,V,1007,885,-1
1788813387.3501,290758,V,1008,886,-1
1788813387.3501,290766,V,1007,885,-1
1788813387.3510,290779,V,1006,884,3436
1788813387.3510,290787,V,1006,884,-1
1788813387.3510,290795,V,1007,885,-1
1788813387.3510,290803,V,1006,884,-1
1788813387.3510,290811,V,1006,884,-1
1788813387.3510,290819,V,1006,884,-1
1788813387.3985,290833,V,1008,886,3437
1788813387.3986,290841,V,1007,885,-1
1788813387.3986,290849,V,1007,885,-1
1788813387.3986,290857,V,1006,884,-1
1788813387.3986,290865,V,1006,884,-1
1788813387.3986,290873,V,1007,885,-1
1788813387.4477,290887,V,1006,884,3438
1788813387.4477,290895,V,1007,885,-1
1788813387.4477,290903,V,1007,885,-1
1788813387.4478,290911,V,1006,884,-1
1788813387.4478,290919,V,1006,884,-1
1788813387.4478,290927,V,1007,885,-1
1788813387.4963,290940,V,1007,885,3439
1788813387.4963,290948,V,1007,885,-1
1788813387.4963,290956,V,1006,884,-1
1788813387.4963,290964,V,1007,885,-1
1788813387.4963,290972,V,1007,885,-1
1788813387.4963,290980,V,1007,885,-1
1788813387.5448,290994,V,1005,883,3440
1788813387.5448,291002,V,1008,886,-1
1788813387.5448,291010,V,1006,884,-1
1788813387.5448,291018,V,1007,885,-1
1788813387.5449,291026,V,1007,885,-1
1788813387.5449,291034,V,1007,885,-1
1788813387.5931,291048,V,1007,885,3441
1788813387.5931,291056,V,1007,885,-1
1788813387.5931,291064,V,1007,885,-1
1788813387.5931,291072,V,1007,885,-1
1788813387.5931,291080,V,1006,884,-1
1788813387.5931,291088,V,1006,884,-1
1788813387.6913,291102,V,1007,885,3442
1788813387.6914,291110,V,1006,884,-1
1788813387.6915,291118,V,1007,885,-1
1788813387.6915,291126,V,1007,885,-1
1788813387.6915,291134,V,1007,885,-1
1788813387.6915,291142,V,1006,884,-1
1788813387.7403,291156,V,1007,885,3443
1788813387.7403,291164,V,1007,885,-1
1788813387.7403,291172,V,1007,885,-1
1788813387.7403,291180,V,1006,884,-1
1788813387.7403,291188,V,1007,885,-1
1788813387.7403,291196,V,1007,885,-1
1788813387.7897,291209,V,1007,885,3444
1788813387.7897,291217,V,1008,886,-1
1788813387.7897,291225,V,1008,886,-1
1788813387.7897,291233,V,1008,886,-1
1788813387.7897,291241,V,1007,885,-1
1788813387.7898,291249,V,1007,885,-1
1788813387.8374,291263,V,1006,884,3445
1788813387.8374,291271,V,1008,886,-1
1788813387.8376,291279,V,1006,884,-1
1788813387.8376,291287,V,1007,885,-1
1788813387.8376,291295,V,1007,885,-1
1788813387.8376,291303,V,1007,885,-1
1788813387.9348,291317,V,1007,885,3446
1788813387.9350,291325,V,1006,884,-1
1788813387.9350,291333,V,1008,886,-1
1788813387.9350,291341,V,1006,884,-1
1788813387.9350,291349,V,1007,885,-1
1788813387.9350,291357,V,1006,884,-1
1788813387.9362,291370,V,1008,886,3447
1788813387.9362,291378,V,1007,885,-1
1788813387.9362,291386,V,1007,885,-1
1788813387.9362,291394,V,1006,884,-1
1788813387.9362,291402,V,1007,885,-1
1788813387.9362,291410,V,1005,883,-1
1788813387.9839,291424,V,1006,884,3448
1788813387.9839,291432,V,1006,884,-1
1788813387.9839,291440,V,1006,884,-1
1788813387.9839,291448,V,1006,884,-1
1788813387.9839,291456,V,1007,885,-1
1788813387.9839,291464,V,1006,884,-1
1788813388.0325,291478,V,1007,885,3449
1788813388.0325,291486,V,1007,885,-1
1788813388.0325,291494,V,1006,884,-1
1788813388.0325,291502,V,1008,886,-1
1788813388.0325,291510,V,1007,885,-1
1788813388.0325,291518,V,1007,885,-1
1788813388.0816,291531,V,1008,886,3450
1788813388.0817,291539,V,1008,886,-1
1788813388.0817,291547,V,1007,885,-1
1788813388.0817,291555,V,1008,886,-1
1788813388.0817,291563,V,1008,886,-1
1788813388.0817,291571,V,1009,887,-1
1788813388.1304,291585,V,1007,885,3451
1788813388.1304,291593,V,1008,886,-1
1788813388.1304,291601,V,1007,885,-1
1788813388.1304,291609,V,1008,886,-1
1788813388.1304,291617,V,1008,886,-1
1788813388.1304,291625,V,1007,885,-1
1788813388.2285,291639,V,1007,885,3452
1788813388.2285,291647,V,1008,886,-1
1788813388.2285,291655,V,1007,885,-1
1788813388.2285,291663,V,1008,886,-1
1788813388.2285,291671,V,1008,886,-1
1788813388.2285,291679,V,1008,886,-1
1788813388.2769,291692,V,1007,885,3453
1788813388.2770,291700,V,1007,885,-1
1788813388.2770,291708,V,1006,884,-1
1788813388.2770,291716,V,1007,885,-1
1788813388.2770,291724,V,1007,885,-1
1788813388.2770,291732,V,1006,884,-1
1788813388.3258,291746,V,1006,884,3454
1788813388.3259,291754,V,1007,885,-1
1788813388.3259,291762,V,1007,885,-1
1788813388.3259,291770,V,1007,885,-1
1788813388.3259,291778,V,1007,885,-1
1788813388.3259,291786,V,1007,885,-1
1788813388.3736,291800,V,1006,884,3455
1788813388.3737,291808,V,1007,885,-1
1788813388.3737,291816,V,1007,885,-1
1788813388.3737,291824,V,1007,885,-1
1788813388.3737,291832,V,1006,884,-1
1788813388.3737,291840,V,1007,885,-1
1788813388.4232,291854,V,1005,883,3456
1788813388.4232,291862,V,1006,884,-1
1788813388.4232,291870,V,1006,884,-1
1788813388.4232,291878,V,1006,884,-1
1788813388.4232,291886,V,1006,884,-1
1788813388.4232,291894,V,1007,885,-1
1788813388.4708,291907,V,1007,885,3457
1788813388.4709,291915,V,1006,884,-1
1788813388.4709,291923,V,1007,885,-1
1788813388.4709,291931,V,1007,885,-1
1788813388.4710,291939,V,1006,884,-1
1788813388.4710,291947,V,1006,884,-1
1788813388.5202,291961,V,1006,884,3458
1788813388.5202,291969,V,1007,885,-1
1788813388.5203,291977,V,1006,884,-1
1788813388.5203,291985,V,1006,884,-1
1788813388.5203,291993,V,1006,884,-1
1788813388.5203,292001,V,1006,884,-1
1788813388.5695,292015,V,1006,884,3459
1788813388.5695,292023,V,1007,885,-1
1788813388.5695,292031,V,1006,884,-1
1788813388.5695,292039,V,1007,885,-1
1788813388.5695,292047,V,1006,884,-1
1788813388.5696,292055,V,1008,886,-1
1788813388.6182,292068,V,1006,884,3460
1788813388.6182,292076,V,1008,886,-1
1788813388.6182,292084,V,1005,883,-1
1788813388.6182,292092,V,1005,883,-1
1788813388.6182,292100,V,1003,882,-1
1788813388.6182,292108,V,1002,881,-1
1788813388.7157,292122,V,1001,880,3461
1788813388.7159,292130,V,1000,879,-1
1788813388.7159,292138,V,999,878,-1
1788813388.7159,292146,V,997,876,-1
1788813388.7159,292154,V,993,873,-1
1788813388.7159,292162,V,991,871,-1
1788813388.7638,292175,V,988,868,3462
1788813388.7638,292183,V,978,860,-1
1788813388.7638,292191,V,965,848,-1
1788813388.7639,292199,V,951,836,-1
1788813388.7639,292207,V,910,800,-1
1788813388.7639,292215,V,875,769,-1
1788813388.8133,292229,V,758,666,3463
1788813388.8133,292237,V,716,629,-1
1788813388.8133,292245,V,688,605,-1
1788813388.8133,292253,V,665,584,-1
1788813388.8133,292261,V,647,569,-1
1788813388.8133,292269,V,634,557,-1
1788813388.8618,292283,V,623,548,3464
1788813388.8618,292291,V,614,540,-1
1788813388.8618,292299,V,605,532,-1
1788813388.8618,292307,V,600,527,-1
1788813388.8618,292315,V,595,523,-1
1788813388.8618,292323,V,591,519,-1
1788813388.9599,292337,V,588,517,3465
1788813388.9600,292345,V,586,515,-1
1788813388.9600,292353,V,584,513,-1
1788813388.9601,292361,V,584,513,-1
1788813388.9601,292369,V,579,509,-1
1788813388.9601,292377,V,578,508,-1
1788813388.9610,292409,KEYUP,,,
1788813388.9613,292390,V,577,507,3466
1788813388.9613,292398,V,577,507,-1
1788813388.9613,292406,V,575,505,-1
1788813388.9613,292414,V,575,505,-1
1788813388.9613,292422,V,575,505,-1
1788813388.9613,292430,V,575,505,-1
1788813389.0073,292444,V,573,504,3467
1788813389.0074,292452,V,574,504,-1
1788813389.0074,292460,V,585,514,-1
1788813389.0074,292468,V,572,503,-1
1788813389.0074,292476,V,571,502,-1
1788813389.0074,292484,V,571,502,-1
1788813389.0565,292498,V,573,504,3468
1788813389.0565,292506,V,571,502,-1
1788813389.0565,292514,V,572,503,-1
1788813389.0565,292522,V,572,503,-1
1788813389.0565,292530,V,572,503,-1
1788813389.0565,292538,V,571,502,-1
1788813389.1076,292552,V,572,503,3469
1788813389.1076,292560,V,571,502,-1
1788813389.1076,292568,V,572,503,-1
1788813389.1076,292576,V,571,502,-1
1788813389.1076,292584,V,573,504,-1
1788813389.1076,292592,V,572,503,-1
1788813389.1535,292605,V,573,504,3470
1788813389.1536,292613,V,572,503,-1
1788813389.1536,292621,V,571,502,-1
1788813389.1536,292629,V,571,502,-1
1788813389.1536,292637,V,571,502,-1
1788813389.1536,292645,V,571,502,-1
1788813389.2023,292659,V,573,504,3471
1788813389.2024,292667,V,572,503,-1
1788813389.2024,292675,V,571,502,-1
1788813389.2024,292683,V,573,504,-1
1788813389.2024,292691,V,572,503,-1
1788813389.2025,292699,V,572,503,-1
1788813389.3002,292713,V,572,503,3472
1788813389.3002,292721,V,571,502,-1
1788813389.3002,292729,V,571,502,-1
1788813389.3002,292737,V,571,502,-1
1788813389.3002,292745,V,571,502,-1
1788813389.3003,292753,V,571,502,-1
1788813389.3492,292767,V,572,503,3473
1788813389.3492,292775,V,570,501,-1
1788813389.3492,292783,V,571,502,-1
1788813389.3492,292791,V,571,502,-1
1788813389.3492,292799,V,574,504,-1
1788813389.3492,292807,V,572,503,-1
1788813389.4461,292820,V,572,503,3474
1788813389.4463,292828,V,571,502,-1
1788813389.4463,292836,V,572,503,-1
1788813389.4463,292844,V,572,503,-1
1788813389.4463,292852,V,572,503,-1
1788813389.4463,292860,V,571,502,-1
1788813389.4474,292874,V,571,502,3475
1788813389.4474,292882,V,570,501,-1
1788813389.4474,292890,V,570,501,-1
1788813389.4474,292898,V,581,511,-1
1788813389.4474,292906,V,573,504,-1
1788813389.4474,292914,V,571,502,-1
1788813389.4953,292928,V,571,502,3476
1788813389.4953,292936,V,571,502,-1
1788813389.4953,292944,V,571,502,-1
1788813389.4953,292952,V,571,502,-1
1788813389.4953,292960,V,572,503,-1
1788813389.4953,292968,V,571,502,-1
1788813389.5437,292981,V,572,503,3477
1788813389.5438,292989,V,572,503,-1
1788813389.5438,292997,V,571,502,-1
1788813389.5438,293005,V,571,502,-1
1788813389.5438,293013,V,572,503,-1
1788813389.5438,293021,V,572,503,-1
1788813389.5924,293035,V,571,502,3478
1788813389.5924,293043,V,571,502,-1
1788813389.5924,293051,V,572,503,-1
1788813389.5925,293059,V,572,503,-1
1788813389.5926,293067,V,572,503,-1
1788813389.5926,293075,V,572,503,-1
1788813389.6430,293089,V,571,502,3479
1788813389.6430,293097,V,571,502,-1
1788813389.6430,293105,V,572,503,-1
1788813389.6430,293113,V,572,503,-1
1788813389.6430,293121,V,572,503,-1
1788813389.6430,293129,V,571,502,-1
1788813389.6897,293142,V,571,502,3480
1788813389.6898,293150,V,571,502,-1
1788813389.6898,293158,V,571,502,-1
1788813389.6898,293166,V,571,502,-1
1788813389.6898,293174,V,572,503,-1
1788813389.6898,293182,V,571,502,-1
1788813389.7395,293196,V,571,502,3481
1788813389.7395,293204,V,570,501,-1
1788813389.7396,293212,V,571,502,-1
1788813389.7396,293220,V,571,502,-1
1788813389.7396,293228,V,572,503,-1
1788813389.7396,293236,V,575,505,-1
1788813389.8370,293250,V,570,501,3482
1788813389.8370,293258,V,571,502,-1
1788813389.8370,293266,V,572,503,-1
1788813389.8370,293274,V,572,503,-1
1788813389.8370,293282,V,571,502,-1
1788813389.8370,293290,V,572,503,-1
1788813389.8857,293303,V,571,502,3483
1788813389.8857,293311,V,572,503,-1
1788813389.8857,293319,V,571,502,-1
1788813389.8857,293327,V,571,502,-1
1788813389.8857,293335,V,573,504,-1
1788813389.8857,293343,V,572,503,-1
1788813389.9826,293357,V,571,502,3484
1788813389.9828,293365,V,570,501,-1
1788813389.9828,293373,V,571,502,-1
1788813389.9828,293381,V,571,502,-1
1788813389.9828,293389,V,571,502,-1
1788813389.9828,293397,V,571,502,-1
1788813389.9838,293411,V,571,502,3485
1788813389.9838,293419,V,572,503,-1
1788813389.9838,293427,V,572,503,-1
1788813389.9838,293435,V,573,504,-1
1788813389.9838,293443,V,571,502,-1
1788813389.9838,293451,V,571,502,-1
1788813390.0313,293464,V,571,502,3486
1788813390.0313,293472,V,570,501,-1
1788813390.0314,293480,V,571,502,-1
1788813390.0314,293488,V,570,501,-1
1788813390.0314,293496,V,570,501,-1
1788813390.0314,293504,V,572,503,-1
1788813390.0800,293518,V,572,503,3487
1788813390.0800,293526,V,572,503,-1
1788813390.0800,293534,V,572,503,-1
1788813390.0800,293542,V,571,502,-1
1788813390.0800,293550,V,571,502,-1
1788813390.0800,293558,V,572,503,-1
1788813390.1287,293572,V,572,503,3488
1788813390.1287,293580,V,571,502,-1
1788813390.1287,293588,V,571,502,-1
1788813390.1287,293596,V,571,502,-1
1788813390.1287,293604,V,571,502,-1
1788813390.1287,293612,V,572,503,-1
1788813390.1775,293625,V,571,502,3489
1788813390.1776,293633,V,571,502,-1
1788813390.1776,293641,V,572,503,-1
1788813390.1776,293649,V,571,502,-1
1788813390.1776,293657,V,570,501,-1
1788813390.1776,293665,V,571,502,-1
1788813390.2262,293679,V,574,504,3490
1788813390.2263,293687,V,572,503,-1
1788813390.2263,293695,V,573,504,-1
1788813390.2263,293703,V,573,504,-1
1788813390.2263,293711,V,572,503,-1
1788813390.2263,293719,V,572,503,-1
1788813390.2749,293733,V,571,502,3491
1788813390.2750,293741,V,571,502,-1
1788813390.2750,293749,V,572,503,-1
1788813390.2750,293757,V,572,503,-1
1788813390.2750,293765,V,572,503,-1
1788813390.2750,293773,V,574,504,-1
1788813390.3728,293786,V,571,502,3492
1788813390.3728,293794,V,572,503,-1
1788813390.3728,293802,V,572,503,-1
1788813390.3728,293810,V,571,502,-1
1788813390.3728,293818,V,571,502,-1
1788813390.3728,293826,V,572,503,-1
1788813390.4214,293840,V,572,503,3493
1788813390.4214,293848,V,571,502,-1
1788813390.4214,293856,V,572,503,-1
1788813390.4214,293864,V,572,503,-1
1788813390.4214,293872,V,582,512,-1
1788813390.4214,293880,V,571,502,-1
1788813390.4700,293894,V,570,501,3494
1788813390.4701,293902,V,572,503,-1
1788813390.4701,293910,V,571,502,-1
1788813390.4702,293918,V,571,502,-1
1788813390.4702,293926,V,572,503,-1
1788813390.4702,293934,V,571,502,-1
1788813390.5189,293947,V,573,504,3495
1788813390.5190,293955,V,572,503,-1
1788813390.5190,293963,V,572,503,-1
1788813390.5190,293971,V,572,503,-1
1788813390.5190,293979,V,572,503,-1
1788813390.5190,293987,V,572,503,-1
1788813390.5669,294001,V,571,502,3496
1788813390.5669,294009,V,572,503,-1
1788813390.5669,294017,V,572,503,-1
1788813390.5669,294025,V,572,503,-1
1788813390.5669,294033,V,572,503,-1
1788813390.5669,294041,V,571,502,-1
1788813390.6161,294055,V,572,503,3497
1788813390.6161,294063,V,572,503,-1
1788813390.6161,294071,V,572,503,-1
1788813390.6161,294079,V,572,503,-1
1788813390.6161,294087,V,572,503,-1
1788813390.6161,294095,V,572,503,-1
1788813390.7134,294108,V,571,502,3498
1788813390.7135,294116,V,572,503,-1
1788813390.7135,294124,V,571,502,-1
1788813390.7135,294132,V,572,503,-1
1788813390.7135,294140,V,572,503,-1
1788813390.7135,294148,V,571,502,-1
1788813390.7147,294162,V,572,503,3499
1788813390.7147,294170,V,573,504,-1
1788813390.7147,294178,V,572,503,-1
1788813390.7147,294186,V,571,502,-1
1788813390.7147,294194,V,573,504,-1
1788813390.7147,294202,V,572,503,-1
1788813390.7625,294216,V,576,506,3500
1788813390.7625,294224,V,572,503,-1
1788813390.7625,294232,V,571,502,-1
1788813390.7625,294240,V,572,503,-1
1788813390.7625,294248,V,572,503,-1
1788813390.7625,294256,V,572,503,-1
1788813390.8111,294269,V,572,503,3501
1788813390.8111,294277,V,572,503,-1
1788813390.8111,294285,V,571,502,-1
1788813390.8111,294293,V,572,503,-1
1788813390.8111,294301,V,572,503,-1
1788813390.8111,294309,V,573,504,-1
1788813390.9084,294323,V,572,503,3502
1788813390.9084,294331,V,573,504,-1
1788813390.9085,294339,V,571,502,-1
1788813390.9085,294347,V,573,504,-1
1788813390.9085,294355,V,571,502,-1
1788813390.9085,294363,V,573,504,-1
1788813391.0066,294377,V,572,503,3503
1788813391.0068,294385,V,571,502,-1
1788813391.0068,294393,V,571,502,-1
1788813391.0068,294401,V,570,501,-1
1788813391.0068,294409,V,581,511,-1
1788813391.0068,294417,V,572,503,-1
1788813391.0077,294430,V,572,503,3504
1788813391.0077,294438,V,572,503,-1
1788813391.0077,294446,V,570,501,-1
1788813391.0077,294454,V,571,502,-1
1788813391.0077,294462,V,572,503,-1
1788813391.0077,294470,V,571,502,-1
1788813391.0554,294484,V,571,502,3505
1788813391.0555,294492,V,571,502,-1
1788813391.0555,294500,V,572,503,-1
1788813391.0555,294508,V,572,503,-1
1788813391.0555,294516,V,571,502,-1
1788813391.0555,294524,V,572,503,-1
1788813391.1052,294538,V,571,502,3506
1788813391.1053,294546,V,572,503,-1
1788813391.1053,294554,V,571,502,-1
1788813391.1053,294562,V,572,503,-1
1788813391.1053,294570,V,572,503,-1
1788813391.1053,294578,V,571,502,-1
1788813391.1525,294591,V,572,503,3507
1788813391.1525,294599,V,571,502,-1
1788813391.1525,294607,V,572,503,-1
1788813391.1525,294615,V,571,502,-1
1788813391.1526,294623,V,569,500,-1
1788813391.1526,294631,V,571,502,-1
1788813391.2010,294645,V,571,502,3508
1788813391.2011,294653,V,575,505,-1
1788813391.2011,294661,V,571,502,-1
1788813391.2011,294669,V,572,503,-1
1788813391.2011,294677,V,571,502,-1
1788813391.2011,294685,V,572,503,-1
1788813391.2989,294699,V,571,502,3509
1788813391.2990,294707,V,571,502,-1
1788813391.2990,294715,V,572,503,-1
1788813391.2990,294723,V,571,502,-1
1788813391.2991,294731,V,572,503,-1
1788813391.2991,294739,V,571,502,-1
1788813391.3001,294752,V,573,504,3510
1788813391.3001,294760,V,572,503,-1
1788813391.3001,294768,V,572,503,-1
1788813391.3001,294776,V,572,503,-1
1788813391.3001,294784,V,573,504,-1
1788813391.3001,294792,V,571,502,-1
1788813391.3975,294806,V,571,502,3511
1788813391.3975,294814,V,571,502,-1
1788813391.3975,294822,V,571,502,-1
1788813391.3975,294830,V,572,503,-1
1788813391.3975,294838,V,572,503,-1
1788813391.3975,294846,V,581,511,-1
1788813391.4458,294860,V,571,502,3512
1788813391.4458,294868,V,571,502,-1
1788813391.4459,294876,V,571,502,-1
1788813391.4459,294884,V,572,503,-1
1788813391.4459,294892,V,572,503,-1
1788813391.4459,294900,V,572,503,-1
1788813391.5426,294913,V,573,504,3513
1788813391.5428,294921,V,572,503,-1
1788813391.5428,294929,V,572,503,-1
1788813391.5428,294937,V,572,503,-1
1788813391.5428,294945,V,572,503,-1
1788813391.5428,294953,V,572,503,-1
1788813391.5438,294967,V,570,501,3514
1788813391.5439,294975,V,571,502,-1
1788813391.5439,294983,V,572,503,-1
1788813391.5439,294991,V,573,504,-1
1788813391.5439,294999,V,572,503,-1
1788813391.5439,295007,V,572,503,-1
1788813391.5925,295021,V,571,502,3515
1788813391.5925,295029,V,572,503,-1
1788813391.5925,295037,V,571,502,-1
1788813391.5925,295045,V,572,503,-1
1788813391.5925,295053,V,571,502,-1
1788813391.5925,295061,V,572,503,-1
1788813391.6400,295074,V,572,503,3516
1788813391.6400,295082,V,572,503,-1
1788813391.6400,295090,V,572,503,-1
1788813391.6400,295098,V,571,502,-1
1788813391.6400,295106,V,570,501,-1
1788813391.6400,295114,V,571,502,-1
1788813391.6886,295128,V,572,503,3517
1788813391.6887,295136,V,570,501,-1
1788813391.6887,295144,V,572,503,-1
1788813391.6887,295152,V,571,502,-1
1788813391.6887,295160,V,571,502,-1
1788813391.6887,295168,V,572,503,-1
1788813391.7866,295181,V,571,502,3518
1788813391.7867,295189,V,575,505,-1
1788813391.7867,295197,V,572,503,-1
1788813391.7868,295205,V,572,503,-1
1788813391.7868,295213,V,572,503,-1
1788813391.7868,295221,V,572,503,-1
1788813391.7880,295235,V,572,503,3519
1788813391.7880,295243,V,571,502,-1
1788813391.7880,295251,V,571,502,-1
1788813391.7880,295259,V,570,501,-1
1788813391.7880,295267,V,572,503,-1
1788813391.7880,295275,V,571,502,-1
1788813391.8352,295289,V,573,504,3520
1788813391.8353,295297,V,572,503,-1
1788813391.8353,295305,V,571,502,-1
1788813391.8353,295313,V,570,501,-1
1788813391.8353,295321,V,571,502,-1
1788813391.8353,295329,V,570,501,-1
1788813391.9325,295342,V,571,502,3521
1788813391.9325,295350,V,571,502,-1
1788813391.9325,295358,V,571,502,-1
1788813391.9326,295366,V,571,502,-1
1788813391.9326,295374,V,571,502,-1
1788813391.9326,295382,V,584,513,-1
1788813391.9811,295396,V,569,500,3522
1788813391.9811,295404,V,571,502,-1
1788813391.9812,295412,V,571,502,-1
1788813391.9812,295420,V,571,502,-1
1788813391.9812,295428,V,572,503,-1
1788813391.9812,295436,V,571,502,-1
1788813392.0301,295450,V,571,502,3523
1788813392.0302,295458,V,571,502,-1
1788813392.0302,295466,V,571,502,-1
1788813392.0302,295474,V,571,502,-1
1788813392.0303,295482,V,571,502,-1
1788813392.0303,295490,V,571,502,-1
1788813392.0788,295503,V,570,501,3524
1788813392.0788,295511,V,571,502,-1
1788813392.0788,295519,V,571,502,-1
1788813392.0788,295527,V,571,502,-1
1788813392.0789,295535,V,572,503,-1
1788813392.0789,295543,V,572,503,-1
1788813392.1315,295557,V,571,502,3525
1788813392.1315,295565,V,572,503,-1
1788813392.1315,295573,V,571,502,-1
1788813392.1315,295581,V,572,503,-1
1788813392.1315,295589,V,571,502,-1
1788813392.1315,295597,V,572,503,-1
1788813392.1762,295611,V,571,502,3526
1788813392.1762,295619,V,571,502,-1
1788813392.1762,295627,V,571,502,-1
1788813392.1762,295635,V,572,503,-1
1788813392.1762,295643,V,572,503,-1
1788813392.1762,295651,V,571,502,-1
1788813392.2258,295664,V,572,503,3527
1788813392.2258,295672,V,571,502,-1
1788813392.2258,295680,V,571,502,-1
1788813392.2258,295688,V,571,502,-1
1788813392.2258,295696,V,571,502,-1
1788813392.2258,295704,V,571,502,-1
1788813392.2737,295718,V,572,503,3528
1788813392.2739,295726,V,575,505,-1
1788813392.2739,295734,V,573,504,-1
1788813392.2739,295742,V,570,501,-1
1788813392.2739,295750,V,571,502,-1
1788813392.2739,295758,V,572,503,-1
1788813392.3723,295772,V,572,503,3529
1788813392.3723,295780,V,572,503,-1
1788813392.3723,295788,V,572,503,-1
1788813392.3723,295796,V,571,502,-1
1788813392.3723,295804,V,572,503,-1
1788813392.3723,295812,V,571,502,-1
1788813392.3739,295825,V,577,507,3530
1788813392.3739,295833,V,571,502,-1
1788813392.3739,295841,V,572,503,-1
1788813392.3740,295849,V,573,504,-1
1788813392.3740,295857,V,572,503,-1
1788813392.3740,295865,V,572,503,-1
1788813392.4696,295879,V,572,503,3531
1788813392.4697,295887,V,571,502,-1
1788813392.4697,295895,V,572,503,-1
1788813392.4697,295903,V,572,503,-1
1788813392.4698,295911,V,569,500,-1
1788813392.4698,295919,V,574,504,-1
1788813392.5184,295933,V,571,502,3532
1788813392.5186,295941,V,571,502,-1
1788813392.5186,295949,V,571,502,-1
1788813392.5186,295957,V,572,503,-1
1788813392.5186,295965,V,571,502,-1
1788813392.5186,295973,V,571,502,-1
1788813392.5666,295987,V,572,503,3533
1788813392.5666,295995,V,570,501,-1
1788813392.5666,296003,V,570,501,-1
1788813392.5666,296011,V,572,503,-1
1788813392.5666,296019,V,573,504,-1
1788813392.5666,296027,V,573,504,-1
1788813392.6159,296040,V,573,504,3534
1788813392.6159,296048,V,572,503,-1
1788813392.6159,296056,V,571,502,-1
1788813392.6159,296064,V,572,503,-1
1788813392.6159,296072,V,571,502,-1
1788813392.6159,296080,V,571,502,-1
1788813392.6634,296094,V,570,501,3535
1788813392.6635,296102,V,571,502,-1
1788813392.6635,296110,V,571,502,-1
1788813392.6635,296118,V,571,502,-1
1788813392.6635,296126,V,571,502,-1
1788813392.6635,296134,V,571,502,-1
1788813392.7125,296148,V,572,503,3536
1788813392.7125,296156,V,572,503,-1
1788813392.7126,296164,V,575,505,-1
1788813392.7126,296172,V,572,503,-1
1788813392.7126,296180,V,571,502,-1
1788813392.7126,296188,V,572,503,-1
1788813392.7621,296201,V,571,502,3537
1788813392.7623,296209,V,571,502,-1
1788813392.7623,296217,V,571,502,-1
1788813392.7623,296225,V,571,502,-1
1788813392.7623,296233,V,570,501,-1
1788813392.7623,296241,V,571,502,-1
1788813392.8113,296255,V,572,503,3538
1788813392.8114,296263,V,573,504,-1
1788813392.8114,296271,V,572,503,-1
1788813392.8114,296279,V,571,502,-1
1788813392.8114,296287,V,571,502,-1
1788813392.8114,296295,V,572,503,-1
1788813392.8597,296309,V,571,502,3539
1788813392.8598,296317,V,571,502,-1
1788813392.8598,296325,V,572,503,-1
1788813392.8598,296333,V,572,503,-1
1788813392.8598,296341,V,571,502,-1
1788813392.8598,296349,V,573,504,-1
1788813392.9084,296363,V,573,504,3540
1788813392.9085,296371,V,573,504,-1
1788813392.9085,296379,V,572,503,-1
1788813392.9085,296387,V,572,503,-1
1788813392.9085,296395,V,571,502,-1
1788813392.9085,296403,V,572,503,-1
1788813393.0048,296416,V,573,504,3541
1788813393.0049,296424,V,573,504,-1
1788813393.0049,296432,V,573,504,-1
1788813393.0049,296440,V,573,504,-1
1788813393.0049,296448,V,574,504,-1
1788813393.0049,296456,V,572,503,-1
1788813393.0540,296470,V,573,504,3542
1788813393.0540,296478,V,573,504,-1
1788813393.0540,296486,V,574,504,-1
1788813393.0540,296494,V,572,503,-1
1788813393.0540,296502,V,573,504,-1
1788813393.0540,296510,V,572,503,-1
1788813393.1045,296524,V,573,504,3543
1788813393.1045,296532,V,574,504,-1
1788813393.1045,296540,V,574,504,-1
1788813393.1045,296548,V,573,504,-1
1788813393.1045,296556,V,573,504,-1
1788813393.1045,296564,V,572,503,-1
1788813393.1514,296577,V,572,503,3544
1788813393.1515,296585,V,573,504,-1
1788813393.1515,296593,V,573,504,-1
1788813393.1515,296601,V,578,508,-1
1788813393.1515,296609,V,574,504,-1
1788813393.1515,296617,V,574,504,-1
1788813393.2005,296631,V,575,505,3545
1788813393.2005,296639,V,575,505,-1
1788813393.2007,296647,V,575,505,-1
1788813393.2007,296655,V,575,505,-1
1788813393.2007,296663,V,576,506,-1
1788813393.2007,296671,V,576,506,-1
1788813393.2490,296685,V,575,505,3546
1788813393.2491,296693,V,575,505,-1
1788813393.2491,296701,V,576,506,-1
1788813393.2491,296709,V,576,506,-1
1788813393.2491,296717,V,577,507,-1
1788813393.2491,296725,V,575,505,-1
1788813393.2975,296738,V,576,506,3547
1788813393.2976,296746,V,577,507,-1
1788813393.2976,296754,V,576,506,-1
1788813393.2976,296762,V,576,506,-1
1788813393.2976,296770,V,576,506,-1
1788813393.2976,296778,V,577,507,-1
1788813393.3463,296792,V,578,508,3548
1788813393.3464,296800,V,593,521,-1
1788813393.3464,296808,V,579,509,-1
1788813393.3464,296816,V,578,508,-1
1788813393.3464,296824,V,579,509,-1
1788813393.3464,296832,V,578,508,-1
1788813393.3950,296846,V,580,510,3549
1788813393.3950,296854,V,580,510,-1
1788813393.3950,296862,V,580,510,-1
1788813393.3950,296870,V,581,511,-1
1788813393.3950,296878,V,581,511,-1
1788813393.3950,296886,V,582,512,-1
1788813393.4438,296899,V,583,512,3550
1788813393.4438,296907,V,584,513,-1
1788813393.4438,296915,V,584,513,-1
1788813393.4438,296923,V,585,514,-1
1788813393.4438,296931,V,586,515,-1
1788813393.4438,296939,V,588,517,-1
1788813393.5426,296953,V,588,517,3551
1788813393.5428,296961,V,591,519,-1
1788813393.5428,296969,V,593,521,-1
1788813393.5428,296977,V,596,524,-1
1788813393.5428,296985,V,599,526,-1
1788813393.5428,296993,V,601,528,-1
1788813393.5904,297007,V,605,532,3552
1788813393.5904,297015,V,612,538,-1
1788813393.5904,297023,V,618,543,-1
1788813393.5904,297031,V,625,549,-1
1788813393.5904,297039,V,633,556,-1
1788813393.5904,297047,V,648,570,-1
1788813393.6388,297060,V,667,586,3553
1788813393.6389,297068,V,710,624,-1
1788813393.6389,297076,V,894,786,-1
1788813393.6389,297084,V,942,828,-1
1788813393.6389,297092,V,951,836,-1
1788813393.6389,297100,V,965,848,-1
1788813393.6884,297114,V,979,860,3554
1788813393.6885,297122,V,992,872,-1
1788813393.6885,297130,V,994,874,-1
1788813393.6885,297138,V,998,877,-1
1788813393.6885,297146,V,997,876,-1
1788813393.6885,297154,V,997,876,-1
1788813393.7362,297213,KEYDOWN,,,
1788813393.7373,297168,V,995,875,3555
1788813393.7374,297176,V,995,875,-1
1788813393.7374,297184,V,996,875,-1
1788813393.7374,297192,V,999,878,-1
1788813393.7374,297200,V,999,878,-1
1788813393.7374,297208,V,1000,879,-1
1788813393.7850,297222,V,1001,880,3556
1788813393.7851,297230,V,1000,879,-1
1788813393.7851,297238,V,1001,880,-1
1788813393.7851,297246,V,1001,880,-1
1788813393.7851,297254,V,1001,880,-1
1788813393.7852,297262,V,1001,880,-1
1788813393.8350,297276,V,1003,882,3557
1788813393.8351,297284,V,1003,882,-1
1788813393.8351,297292,V,1004,882,-1
1788813393.8353,297300,V,1003,882,-1
1788813393.8353,297308,V,1003,882,-1
1788813393.8353,297316,V,1003,882,-1
1788813393.8835,297329,V,1004,882,3558
1788813393.8835,297337,V,1004,882,-1
1788813393.8835,297345,V,1003,882,-1
1788813393.8835,297353,V,1004,882,-1
1788813393.8835,297361,V,1004,882,-1
1788813393.8835,297369,V,1004,882,-1
1788813393.9322,297383,V,1003,882,3559
1788813393.9323,297391,V,1003,882,-1
1788813393.9323,297399,V,1003,882,-1
1788813393.9323,297407,V,1003,882,-1
1788813393.9323,297415,V,1003,882,-1
1788813393.9323,297423,V,1003,882,-1
1788813393.9809,297436,V,1004,882,3560
1788813393.9810,297444,V,1004,882,-1
1788813393.9810,297452,V,1003,882,-1
1788813393.9810,297460,V,1004,882,-1
1788813393.9810,297468,V,1004,882,-1
1788813393.9810,297476,V,1005,883,-1
1788813394.0788,297490,V,1004,882,3561
1788813394.0789,297498,V,1004,882,-1
1788813394.0789,297506,V,1003,882,-1
1788813394.0790,297514,V,1005,883,-1
1788813394.0790,297522,V,1005,883,-1
1788813394.0790,297530,V,1005,883,-1
1788813394.1281,297544,V,1006,884,3562
1788813394.1281,297552,V,1005,883,-1
1788813394.1281,297560,V,1004,882,-1
1788813394.1281,297568,V,1004,882,-1
1788813394.1281,297576,V,1004,882,-1
1788813394.1281,297584,V,1005,883,-1
1788813394.1746,297597,V,1008,886,3563
1788813394.1747,297605,V,1009,887,-1
1788813394.1747,297613,V,1009,887,-1
1788813394.1747,297621,V,1011,889,-1
1788813394.1747,297629,V,1010,888,-1
1788813394.1747,297637,V,1012,889,-1
1788813394.2238,297651,V,1010,888,3564
1788813394.2238,297659,V,1010,888,-1
1788813394.2238,297667,V,1010,888,-1
1788813394.2238,297675,V,1011,889,-1
1788813394.2239,297683,V,1010,888,-1
1788813394.2239,297691,V,1011,889,-1
1788813394.2725,297705,V,1009,887,3565
1788813394.2725,297713,V,1009,887,-1
1788813394.2725,297721,V,1009,887,-1
1788813394.2725,297729,V,1009,887,-1
1788813394.2725,297737,V,1009,887,-1
1788813394.2725,297745,V,1010,888,-1
1788813394.3214,297759,V,1009,887,3566
1788813394.3216,297767,V,1009,887,-1
1788813394.3216,297775,V,1010,888,-1
1788813394.3216,297783,V,1011,889,-1
1788813394.3216,297791,V,1010,888,-1
1788813394.3216,297799,V,1009,887,-1
1788813394.3703,297812,V,1009,887,3567
1788813394.3703,297820,V,1009,887,-1
1788813394.3703,297828,V,1011,889,-1
1788813394.3704,297836,V,1010,888,-1
1788813394.3704,297844,V,1011,889,-1
1788813394.3704,297852,V,1011,889,-1
1788813394.4190,297866,V,1010,888,3568
1788813394.4191,297874,V,1010,888,-1
1788813394.4191,297882,V,1010,888,-1
1788813394.4191,297890,V,1011,889,-1
1788813394.4191,297898,V,1010,888,-1
1788813394.4191,297906,V,1011,889,-1
1788813394.4673,297920,V,1009,887,3569
1788813394.4673,297928,V,1010,888,-1
1788813394.4673,297936,V,1010,888,-1
1788813394.4674,297944,V,1010,888,-1
1788813394.4674,297952,V,1010,888,-1
1788813394.4674,297960,V,1010,888,-1
1788813394.5163,297973,V,1011,889,3570
1788813394.5163,297981,V,1012,889,-1
1788813394.5163,297989,V,1011,889,-1
1788813394.5163,297997,V,1011,889,-1
1788813394.5163,298005,V,1012,889,-1
1788813394.5163,298013,V,1011,889,-1
1788813394.6142,298027,V,1011,889,3571
1788813394.6143,298035,V,1011,889,-1
1788813394.6143,298043,V,1011,889,-1
1788813394.6143,298051,V,1011,889,-1
1788813394.6143,298059,V,1010,888,-1
1788813394.6143,298067,V,1010,888,-1
1788813394.6629,298081,V,1010,888,3572
1788813394.6630,298089,V,1010,888,-1
1788813394.6630,298097,V,1010,888,-1
1788813394.6630,298105,V,1010,888,-1
1788813394.6630,298113,V,1011,889,-1
1788813394.6630,298121,V,1011,889,-1
1788813394.7114,298134,V,1011,889,3573
1788813394.7114,298142,V,1010,888,-1
1788813394.7114,298150,V,1010,888,-1
1788813394.7114,298158,V,1010,888,-1
1788813394.7114,298166,V,1011,889,-1
1788813394.7114,298174,V,1010,888,-1
1788813394.7605,298188,V,1011,889,3574
1788813394.7605,298196,V,1011,889,-1
1788813394.7605,298204,V,1010,888,-1
1788813394.7605,298212,V,1012,889,-1
1788813394.7605,298220,V,1010,888,-1
1788813394.7605,298228,V,1010,888,-1
1788813394.8087,298242,V,1011,889,3575
1788813394.8087,298250,V,1010,888,-1
1788813394.8087,298258,V,1012,889,-1
1788813394.8087,298266,V,1011,889,-1
1788813394.8087,298274,V,1011,889,-1
1788813394.8087,298282,V,1011,889,-1
1788813394.8577,298295,V,1011,889,3576
1788813394.8578,298303,V,1011,889,-1
1788813394.8578,298311,V,1011,889,-1
1788813394.8578,298319,V,1012,889,-1
1788813394.8578,298327,V,1011,889,-1
1788813394.8579,298335,V,1012,889,-1
1788813394.9066,298349,V,1011,889,3577
1788813394.9066,298357,V,1012,889,-1
1788813394.9066,298365,V,1011,889,-1
1788813394.9066,298373,V,1011,889,-1
1788813394.9066,298381,V,1012,889,-1
1788813394.9066,298389,V,1013,890,-1
1788813394.9552,298403,V,1012,889,3578
1788813394.9552,298411,V,1012,889,-1
1788813394.9552,298419,V,1011,889,-1
1788813394.9552,298427,V,1011,889,-1
1788813394.9554,298435,V,1011,889,-1
1788813394.9554,298443,V,1011,889,-1
1788813395.0040,298456,V,1012,889,3579
1788813395.0041,298464,V,1011,889,-1
1788813395.0041,298472,V,1011,889,-1
1788813395.0041,298480,V,1012,889,-1
1788813395.0041,298488,V,1012,889,-1
1788813395.0041,298496,V,1012,889,-1
1788813395.0527,298510,V,1011,889,3580
1788813395.0527,298518,V,1010,888,-1
1788813395.0527,298526,V,1011,889,-1
1788813395.0527,298534,V,1011,889,-1
1788813395.0527,298542,V,1012,889,-1
1788813395.0528,298550,V,1012,889,-1
1788813395.1503,298563,V,1013,890,3581
1788813395.1505,298571,V,1011,889,-1
1788813395.1505,298579,V,1012,889,-1
1788813395.1505,298587,V,1012,889,-1
1788813395.1505,298595,V,1012,889,-1
1788813395.1505,298603,V,1011,889,-1
1788813395.1992,298617,V,1012,889,3582
1788813395.1993,298625,V,1013,890,-1
1788813395.1993,298633,V,1010,888,-1
1788813395.1993,298641,V,1011,889,-1
1788813395.1993,298649,V,1012,889,-1
1788813395.1993,298657,V,1011,889,-1
1788813395.2477,298671,V,1012,889,3583
1788813395.2477,298679,V,1011,889,-1
1788813395.2477,298687,V,1011,889,-1
1788813395.2477,298695,V,1012,889,-1
1788813395.2477,298703,V,1011,889,-1
1788813395.2477,298711,V,1011,889,-1
1788813395.2964,298724,V,1012,889,3584
1788813395.2964,298732,V,1012,889,-1
1788813395.2964,298740,V,1011,889,-1
1788813395.2964,298748,V,1012,889,-1
1788813395.2964,298756,V,1012,889,-1
1788813395.2964,298764,V,1012,889,-1
1788813395.3454,298778,V,1011,889,3585
1788813395.3454,298786,V,1011,889,-1
1788813395.3454,298794,V,1012,889,-1
1788813395.3454,298802,V,1012,889,-1
1788813395.3454,298810,V,1011,889,-1
1788813395.3455,298818,V,1010,888,-1
1788813395.3938,298831,V,1010,888,3586
1788813395.3940,298839,V,1011,889,-1
1788813395.3940,298847,V,1011,889,-1
1788813395.3940,298855,V,1011,889,-1
1788813395.3940,298863,V,1012,889,-1
1788813395.3940,298871,V,1013,890,-1
1788813395.4429,298885,V,1012,889,3587
1788813395.4429,298893,V,1012,889,-1
1788813395.4429,298901,V,1012,889,-1
1788813395.4429,298909,V,1010,888,-1
1788813395.4429,298917,V,1011,889,-1
1788813395.4430,298925,V,1010,888,-1
1788813395.4914,298939,V,1012,889,3588
1788813395.4914,298947,V,1011,889,-1
1788813395.4914,298955,V,1012,889,-1
1788813395.4914,298963,V,1010,888,-1
1788813395.4914,298971,V,1012,889,-1
1788813395.4914,298979,V,1011,889,-1
1788813395.5401,298992,V,1012,889,3589
1788813395.5401,299000,V,1012,889,-1
1788813395.5401,299008,V,1012,889,-1
1788813395.5401,299016,V,1012,889,-1
1788813395.5401,299024,V,1013,890,-1
1788813395.5401,299032,V,1012,889,-1
1788813395.5886,299046,V,1012,889,3590
1788813395.5886,299054,V,1012,889,-1
1788813395.5886,299062,V,1012,889,-1
1788813395.5886,299070,V,1012,889,-1
1788813395.5886,299078,V,1011,889,-1
1788813395.5886,299086,V,1011,889,-1
1788813395.6859,299100,V,1012,889,3591
1788813395.6860,299108,V,1013,890,-1
1788813395.6860,299116,V,1012,889,-1
1788813395.6860,299124,V,1012,889,-1
1788813395.6860,299132,V,1011,889,-1
1788813395.6860,299140,V,1012,889,-1
1788813395.7350,299153,V,1012,889,3592
1788813395.7350,299161,V,1012,889,-1
1788813395.7350,299169,V,1013,890,-1
1788813395.7350,299177,V,1012,889,-1
1788813395.7350,299185,V,1013,890,-1
1788813395.7350,299193,V,1012,889,-1
1788813395.7850,299207,V,1012,889,3593
1788813395.7850,299215,V,1012,889,-1
1788813395.7850,299223,V,1011,889,-1
1788813395.7850,299231,V,1011,889,-1
1788813395.7851,299239,V,1011,889,-1
1788813395.7851,299247,V,1012,889,-1
1788813395.8326,299260,V,1012,889,3594
1788813395.8327,299268,V,1010,888,-1
1788813395.8327,299276,V,1012,889,-1
1788813395.8327,299284,V,1013,890,-1
1788813395.8327,299292,V,1012,889,-1
1788813395.8327,299300,V,1010,888,-1
1788813395.8813,299314,V,1012,889,3595
1788813395.8814,299322,V,1012,889,-1
1788813395.8814,299330,V,1011,889,-1
1788813395.8814,299338,V,1012,889,-1
1788813395.8814,299346,V,1011,889,-1
1788813395.8814,299354,V,1012,889,-1
1788813395.9426,299368,V,1010,888,3596
1788813395.9428,299376,V,1010,888,-1
1788813395.9428,299384,V,1011,889,-1
1788813395.9428,299392,V,1011,889,-1
1788813395.9428,299400,V,1011,889,-1
1788813395.9428,299408,V,1011,889,-1
1788813395.9801,299421,V,1011,889,3597
1788813395.9801,299429,V,1011,889,-1
1788813395.9801,299437,V,1010,888,-1
1788813395.9801,299445,V,1011,889,-1
1788813395.9801,299453,V,1010,888,-1
1788813395.9802,299461,V,1011,889,-1
1788813396.0287,299475,V,1010,888,3598
1788813396.0287,299483,V,1011,889,-1
1788813396.0287,299491,V,1011,889,-1
1788813396.0287,299499,V,1011,889,-1
1788813396.0288,299507,V,1011,889,-1
1788813396.0288,299515,V,1011,889,-1
1788813396.0763,299528,V,1011,889,3599
1788813396.0763,299536,V,1012,889,-1
1788813396.0764,299544,V,1011,889,-1
1788813396.0764,299552,V,1010,888,-1
1788813396.0764,299560,V,1011,889,-1
1788813396.0764,299568,V,1012,889,-1
1788813396.1265,299582,V,1011,889,3600
1788813396.1266,299590,V,1012,889,-1
1788813396.1266,299598,V,1012,889,-1
1788813396.1266,299606,V,1011,889,-1
1788813396.1266,299614,V,1011,889,-1
1788813396.1266,299622,V,1010,888,-1
1788813396.2716,299635,V,1012,889,3601
1788813396.2717,299643,V,1012,889,-1
1788813396.2717,299651,V,1012,889,-1
1788813396.2718,299659,V,1012,889,-1
1788813396.2718,299667,V,1013,890,-1
1788813396.2718,299675,V,1012,889,-1
1788813396.2725,299689,V,1011,889,3602
1788813396.2725,299697,V,1014,891,-1
1788813396.2725,299705,V,1012,889,-1
1788813396.2725,299713,V,1012,889,-1
1788813396.2725,299721,V,1013,890,-1
1788813396.2725,299729,V,1012,889,-1
1788813396.3204,299743,V,1013,890,3603
1788813396.3204,299751,V,1013,890,-1
1788813396.3204,299759,V,1012,889,-1
1788813396.3204,299767,V,1012,889,-1
1788813396.3204,299775,V,1013,890,-1
1788813396.3204,299783,V,1011,889,-1
1788813396.3689,299796,V,1012,889,3604
1788813396.3689,299804,V,1011,889,-1
1788813396.3689,299812,V,1011,889,-1
1788813396.3689,299820,V,1012,889,-1
1788813396.3689,299828,V,1011,889,-1
1788813396.3689,299836,V,1011,889,-1
1788813396.4176,299850,V,1012,889,3605
1788813396.4177,299858,V,1012,889,-1
1788813396.4177,299866,V,1011,889,-1
1788813396.4177,299874,V,1012,889,-1
1788813396.4177,299882,V,1012,889,-1
1788813396.4177,299890,V,1011,889,-1
1788813396.4664,299904,V,1011,889,3606
1788813396.4664,299912,V,1011,889,-1
1788813396.4664,299920,V,1012,889,-1
1788813396.4664,299928,V,1012,889,-1
1788813396.4664,299936,V,1011,889,-1
1788813396.4664,299944,V,1011,889,-1
1788813396.5152,299957,V,1011,889,3607
1788813396.5153,299965,V,1011,889,-1
1788813396.5153,299973,V,1012,889,-1
1788813396.5153,299981,V,1012,889,-1
1788813396.5153,299989,V,1013,890,-1
1788813396.5153,299997,V,1012,889,-1
1788813396.5658,300011,V,1012,889,3608
1788813396.5658,300019,V,1013,890,-1
1788813396.5658,300027,V,1012,889,-1
1788813396.5658,300035,V,1012,889,-1
1788813396.5658,300043,V,1012,889,-1
1788813396.5658,300051,V,1012,889,-1
1788813396.6147,300065,V,1011,889,3609
1788813396.6148,300073,V,1013,890,-1
1788813396.6148,300081,V,1012,889,-1
1788813396.6148,300089,V,1012,889,-1
1788813396.6148,300097,V,1012,889,-1
1788813396.6148,300105,V,1012,889,-1
1788813396.6612,300118,V,1012,889,3610
1788813396.6612,300126,V,1012,889,-1
1788813396.6612,300134,V,1012,889,-1
1788813396.6612,300142,V,1012,889,-1
1788813396.6612,300150,V,1011,889,-1
1788813396.6612,300158,V,1012,889,-1
1788813396.7590,300172,V,1011,889,3611
1788813396.7591,300180,V,1012,889,-1
1788813396.7592,300188,V,1012,889,-1
1788813396.7592,300196,V,1013,890,-1
1788813396.7592,300204,V,1013,890,-1
1788813396.7592,300212,V,1012,889,-1
1788813396.8075,300225,V,1013,890,3612
1788813396.8075,300233,V,1013,890,-1
1788813396.8075,300241,V,1013,890,-1
1788813396.8075,300249,V,1011,889,-1
1788813396.8075,300257,V,1013,890,-1
1788813396.8075,300265,V,1011,889,-1
1788813396.8559,300279,V,1011,889,3613
1788813396.8559,300287,V,1011,889,-1
1788813396.8559,300295,V,1012,889,-1
1788813396.8559,300303,V,1012,889,-1
1788813396.8559,300311,V,1011,889,-1
1788813396.8559,300319,V,1013,890,-1
1788813396.9048,300333,V,1012,889,3614
1788813396.9048,300341,V,1013,890,-1
1788813396.9048,300349,V,1013,890,-1
1788813396.9048,300357,V,1014,891,-1
1788813396.9048,300365,V,1011,889,-1
1788813396.9048,300373,V,1012,889,-1
1788813396.9540,300387,V,1011,889,3615
1788813396.9541,300395,V,1012,889,-1
1788813396.9541,300403,V,1012,889,-1
1788813396.9541,300411,V,1013,890,-1
1788813396.9541,300419,V,1013,890,-1
1788813396.9541,300427,V,1012,889,-1
1788813397.0028,300440,V,1012,889,3616
1788813397.0029,300448,V,1011,889,-1
1788813397.0029,300456,V,1012,889,-1
1788813397.0030,300464,V,1013,890,-1
1788813397.0030,300472,V,1013,890,-1
1788813397.0030,300480,V,1012,889,-1
1788813397.0517,300494,V,1013,890,3617
1788813397.0517,300502,V,1013,890,-1
1788813397.0518,300510,V,1013,890,-1
1788813397.0518,300518,V,1013,890,-1
1788813397.0518,300526,V,1012,889,-1
1788813397.0518,300534,V,1012,889,-1
1788813397.1001,300548,V,1012,889,3618
1788813397.1002,300556,V,1012,889,-1
1788813397.1002,300564,V,1012,889,-1
1788813397.1002,300572,V,1013,890,-1
1788813397.1002,300580,V,1013,890,-1
1788813397.1002,300588,V,1013,890,-1
1788813397.1504,300601,V,1012,889,3619
1788813397.1505,300609,V,1013,890,-1
1788813397.1505,300617,V,1012,889,-1
1788813397.1505,300625,V,1011,889,-1
1788813397.1505,300633,V,1013,890,-1
1788813397.1505,300641,V,1013,890,-1
1788813397.1973,300655,V,1013,890,3620
1788813397.1973,300663,V,1013,890,-1
1788813397.1973,300671,V,1013,890,-1
1788813397.1973,300679,V,1013,890,-1
1788813397.1974,300687,V,1014,891,-1
1788813397.1974,300695,V,1014,891,-1
1788813397.2952,300708,V,1013,890,3621
1788813397.2953,300716,V,1013,890,-1
1788813397.2954,300724,V,1012,889,-1
1788813397.2954,300732,V,1013,890,-1
1788813397.2954,300740,V,1012,889,-1
1788813397.2954,300748,V,1013,890,-1
1788813397.3450,300762,V,1012,889,3622
1788813397.3450,300770,V,1012,889,-1
1788813397.3450,300778,V,1012,889,-1
1788813397.3450,300786,V,1012,889,-1
1788813397.3450,300794,V,1013,890,-1
1788813397.3450,300802,V,1012,889,-1
1788813397.3926,300816,V,1013,890,3623
1788813397.3927,300824,V,1012,889,-1
1788813397.3927,300832,V,1013,890,-1
1788813397.3927,300840,V,1012,889,-1
1788813397.3927,300848,V,1013,890,-1
1788813397.3927,300856,V,1013,890,-1
1788813397.4414,300870,V,1013,890,3624
1788813397.4415,300878,V,1013,890,-1
1788813397.4415,300886,V,1012,889,-1
1788813397.4415,300894,V,1014,891,-1
1788813397.4415,300902,V,1013,890,-1
1788813397.4415,300910,V,1013,890,-1
1788813397.4907,300923,V,1012,889,3625
1788813397.4907,300931,V,1012,889,-1
1788813397.4907,300939,V,1013,890,-1
1788813397.4907,300947,V,1012,889,-1
1788813397.4907,300955,V,1013,890,-1
1788813397.4907,300963,V,1012,889,-1
1788813397.5389,300977,V,1013,890,3626
1788813397.5390,300985,V,1012,889,-1
1788813397.5390,300993,V,1014,891,-1
1788813397.5390,301001,V,1013,890,-1
1788813397.5390,301009,V,1013,890,-1
1788813397.5390,301017,V,1014,891,-1
1788813397.5880,301031,V,1013,890,3627
1788813397.5880,301039,V,1013,890,-1
1788813397.5880,301047,V,1013,890,-1
1788813397.5880,301055,V,1013,890,-1
1788813397.5880,301063,V,1013,890,-1
1788813397.5880,301071,V,1012,889,-1
1788813397.6366,301084,V,1013,890,3628
1788813397.6366,301092,V,1013,890,-1
1788813397.6366,301100,V,1015,892,-1
1788813397.6366,301108,V,1012,889,-1
1788813397.6367,301116,V,1013,890,-1
1788813397.6367,301124,V,1013,890,-1
1788813397.6851,301138,V,1013,890,3629
1788813397.6851,301146,V,1013,890,-1
1788813397.6851,301154,V,1013,890,-1
1788813397.6852,301162,V,1013,890,-1
1788813397.6852,301170,V,1013,890,-1
1788813397.6852,301178,V,1012,889,-1
1788813397.7339,301191,V,1013,890,3630
1788813397.7339,301199,V,1013,890,-1
1788813397.7339,301207,V,1010,888,-1
1788813397.7340,301215,V,1012,889,-1
1788813397.7340,301223,V,1013,890,-1
1788813397.7340,301231,V,1014,891,-1
1788813397.8315,301245,V,1012,889,3631
1788813397.8317,301253,V,1013,890,-1
1788813397.8317,301261,V,1013,890,-1
1788813397.8317,301269,V,1013,890,-1
1788813397.8317,301277,V,1012,889,-1
1788813397.8317,301285,V,1012,889,-1
1788813397.8804,301299,V,1012,889,3632
1788813397.8805,301307,V,1012,889,-1
1788813397.8805,301315,V,1012,889,-1
1788813397.8805,301323,V,1013,890,-1
1788813397.8805,301331,V,1013,890,-1
1788813397.8805,301339,V,1013,890,-1
1788813397.9289,301352,V,1013,890,3633
1788813397.9289,301360,V,1012,889,-1
1788813397.9289,301368,V,1013,890,-1
1788813397.9289,301376,V,1012,889,-1
1788813397.9289,301384,V,1013,890,-1
1788813397.9290,301392,V,1013,890,-1
1788813397.9775,301406,V,1014,891,3634
1788813397.9775,301414,V,1014,891,-1
1788813397.9775,301422,V,1012,889,-1
1788813397.9776,301430,V,1013,890,-1
1788813397.9776,301438,V,1013,890,-1
1788813397.9776,301446,V,1013,890,-1
1788813398.0270,301460,V,1013,890,3635
1788813398.0271,301468,V,1013,890,-1
1788813398.0271,301476,V,1012,889,-1
1788813398.0271,301484,V,1013,890,-1
1788813398.0271,301492,V,1014,891,-1
1788813398.0271,301500,V,1014,891,-1
1788813398.0751,301513,V,1013,890,3636
1788813398.0752,301521,V,1014,891,-1
1788813398.0752,301529,V,1013,890,-1
1788813398.0752,301537,V,1013,890,-1
1788813398.0752,301545,V,1013,890,-1
1788813398.0752,301553,V,1014,891,-1
1788813398.1263,301567,V,1015,892,3637
1788813398.1263,301575,V,1014,891,-1
1788813398.1263,301583,V,1013,890,-1
1788813398.1263,301591,V,1013,890,-1
1788813398.1263,301599,V,1012,889,-1
1788813398.1264,301607,V,1013,890,-1
1788813398.1746,301621,V,1012,889,3638
1788813398.1746,301629,V,1013,890,-1
1788813398.1746,301637,V,1013,890,-1
1788813398.1746,301645,V,1013,890,-1
1788813398.1746,301653,V,1013,890,-1
1788813398.1746,301661,V,1014,891,-1
1788813398.2225,301674,V,1013,890,3639
1788813398.2225,301682,V,1012,889,-1
1788813398.2225,301690,V,1014,891,-1
1788813398.2226,301698,V,1013,890,-1
1788813398.2226,301706,V,1014,891,-1
1788813398.2226,301714,V,1012,889,-1
1788813398.2711,301728,V,1012,889,3640
1788813398.2711,301736,V,1014,891,-1
1788813398.2711,301744,V,1013,890,-1
1788813398.2711,301752,V,1013,890,-1
1788813398.2711,301760,V,1013,890,-1
1788813398.2711,301768,V,1013,890,-1
1788813398.3677,301782,V,1013,890,3641
1788813398.3679,301790,V,1013,890,-1
1788813398.3679,301798,V,1013,890,-1
1788813398.3679,301806,V,1013,890,-1
1788813398.3679,301814,V,1013,890,-1
1788813398.3679,301822,V,1013,890,-1
1788813398.4177,301835,V,1014,891,3642
1788813398.4178,301843,V,1013,890,-1
1788813398.4178,301851,V,1013,890,-1
1788813398.4178,301859,V,1013,890,-1
1788813398.4178,301867,V,1014,891,-1
1788813398.4178,301875,V,1014,891,-1
1788813398.4652,301889,V,1013,890,3643
1788813398.4652,301897,V,1013,890,-1
1788813398.4652,301905,V,1014,891,-1
1788813398.4652,301913,V,1013,890,-1
1788813398.4652,301921,V,1014,891,-1
1788813398.4652,301929,V,1013,890,-1
1788813398.5148,301943,V,1014,891,3644
1788813398.5149,301951,V,1013,890,-1
1788813398.5149,301959,V,1013,890,-1
1788813398.5149,301967,V,1013,890,-1
1788813398.5149,301975,V,1013,890,-1
1788813398.5149,301983,V,1013,890,-1
1788813398.5627,301996,V,1011,889,3645
1788813398.5628,302004,V,1013,890,-1
1788813398.5629,302012,V,1014,891,-1
1788813398.5629,302020,V,1013,890,-1
1788813398.5629,302028,V,1012,889,-1
1788813398.5629,302036,V,1013,890,-1
1788813398.6115,302050,V,1013,890,3646
1788813398.6116,302058,V,1013,890,-1
1788813398.6116,302066,V,1013,890,-1
1788813398.6116,302074,V,1014,891,-1
1788813398.6116,302082,V,1014,891,-1
1788813398.6116,302090,V,1014,891,-1
1788813398.6619,302104,V,1014,891,3647
1788813398.6619,302112,V,1015,892,-1
1788813398.6619,302120,V,1012,889,-1
1788813398.6619,302128,V,1014,891,-1
1788813398.6619,302136,V,1014,891,-1
1788813398.6619,302144,V,1014,891,-1
1788813398.7089,302157,V,1013,890,3648
1788813398.7089,302165,V,1014,891,-1
1788813398.7089,302173,V,1014,891,-1
1788813398.7089,302181,V,1012,889,-1
1788813398.7089,302189,V,1014,891,-1
1788813398.7089,302197,V,1012,889,-1
1788813398.7578,302211,V,1014,891,3649
1788813398.7578,302219,V,1013,890,-1
1788813398.7578,302227,V,1014,891,-1
1788813398.7578,302235,V,1013,890,-1
1788813398.7578,302243,V,1013,890,-1
1788813398.7578,302251,V,1014,891,-1
1788813398.8555,302265,V,1014,891,3650
1788813398.8556,302273,V,1014,891,-1
1788813398.8557,302281,V,1014,891,-1
1788813398.8557,302289,V,1014,891,-1
1788813398.8557,302297,V,1014,891,-1
1788813398.8557,302305,V,1015,892,-1
1788813398.9043,302319,V,1013,890,3651
1788813398.9043,302327,V,1014,891,-1
1788813398.9043,302335,V,1014,891,-1
1788813398.9043,302343,V,1013,890,-1
1788813398.9043,302351,V,1014,891,-1
1788813398.9043,302359,V,1014,891,-1
1788813398.9527,302372,V,1013,890,3652
1788813398.9528,302380,V,1013,890,-1
1788813398.9528,302388,V,1013,890,-1
1788813398.9528,302396,V,1012,889,-1
1788813398.9528,302404,V,1014,891,-1
1788813398.9528,302412,V,1013,890,-1
1788813399.0012,302426,V,1014,891,3653
1788813399.0012,302434,V,1014,891,-1
1788813399.0012,302442,V,1013,890,-1
1788813399.0012,302450,V,1013,890,-1
1788813399.0012,302458,V,1014,891,-1
1788813399.0012,302466,V,1014,891,-1
1788813399.0501,302480,V,1014,891,3654
1788813399.0501,302488,V,1013,890,-1
1788813399.0501,302496,V,1013,890,-1
1788813399.0501,302504,V,1013,890,-1
1788813399.0501,302512,V,1015,892,-1
1788813399.0501,302520,V,1014,891,-1
1788813399.0989,302533,V,1014,891,3655
1788813399.0991,302541,V,1014,891,-1
1788813399.0991,302549,V,1014,891,-1
1788813399.0991,302557,V,1013,890,-1
1788813399.0991,302565,V,1015,892,-1
1788813399.0991,302573,V,1013,890,-1
1788813399.1499,302587,V,1013,890,3656
1788813399.1499,302595,V,1013,890,-1
1788813399.1499,302603,V,1013,890,-1
1788813399.1500,302611,V,1013,890,-1
1788813399.1500,302619,V,1013,890,-1
1788813399.1500,302627,V,1014,891,-1
1788813399.1985,302641,V,1014,891,3657
1788813399.1985,302649,V,1015,892,-1
1788813399.1985,302657,V,1015,892,-1
1788813399.1985,302665,V,1013,890,-1
1788813399.1985,302673,V,1014,891,-1
1788813399.1986,302681,V,1014,891,-1
1788813399.2454,302694,V,1013,890,3658
1788813399.2455,302702,V,1014,891,-1
1788813399.2455,302710,V,1013,890,-1
1788813399.2455,302718,V,1014,891,-1
1788813399.2455,302726,V,1014,891,-1
1788813399.2455,302734,V,1014,891,-1
1788813399.2937,302748,V,1014,891,3659
1788813399.2938,302756,V,1014,891,-1
1788813399.2938,302764,V,1013,890,-1
1788813399.2938,302772,V,1014,891,-1
1788813399.2938,302780,V,1014,891,-1
1788813399.2938,302788,V,1015,892,-1
1788813399.3915,302802,V,1014,891,3660
1788813399.3916,302810,V,1014,891,-1
1788813399.3916,302818,V,1014,891,-1
1788813399.3916,302826,V,1015,892,-1
1788813399.3916,302834,V,1014,891,-1
1788813399.3917,302842,V,1016,893,-1
1788813399.4404,302855,V,1015,892,3661
1788813399.4404,302863,V,1015,892,-1
1788813399.4404,302871,V,1014,891,-1
1788813399.4405,302879,V,1014,891,-1
1788813399.4405,302887,V,1014,891,-1
1788813399.4405,302895,V,1015,892,-1
1788813399.4891,302909,V,1014,891,3662
1788813399.4891,302917,V,1014,891,-1
1788813399.4891,302925,V,1014,891,-1
1788813399.4891,302933,V,1015,892,-1
1788813399.4891,302941,V,1015,892,-1
1788813399.4891,302949,V,1014,891,-1
1788813399.5395,302963,V,1013,890,3663
1788813399.5396,302971,V,1014,891,-1
1788813399.5396,302979,V,1014,891,-1
1788813399.5396,302987,V,1014,891,-1
1788813399.5396,302995,V,1013,890,-1
1788813399.5396,303003,V,1014,891,-1
1788813399.5860,303016,V,1013,890,3664
1788813399.5860,303024,V,1014,891,-1
1788813399.5861,303032,V,1014,891,-1
1788813399.5861,303040,V,1014,891,-1
1788813399.5861,303048,V,1013,890,-1
1788813399.5861,303056,V,1014,891,-1
1788813399.6360,303070,V,1014,891,3665
1788813399.6362,303078,V,1013,890,-1
1788813399.6362,303086,V,1014,891,-1
1788813399.6362,303094,V,1015,892,-1
1788813399.6362,303102,V,1015,892,-1
1788813399.6362,303110,V,1015,892,-1
1788813399.6841,303124,V,1016,893,3666
1788813399.6842,303132,V,1014,891,-1
1788813399.6842,303140,V,1014,891,-1
1788813399.6842,303148,V,1014,891,-1
1788813399.6842,303156,V,1015,892,-1
1788813399.6842,303164,V,1013,890,-1
1788813399.7326,303177,V,1014,891,3667
1788813399.7327,303185,V,1015,892,-1
1788813399.7327,303193,V,1014,891,-1
1788813399.7327,303201,V,1013,890,-1
1788813399.7327,303209,V,1013,890,-1
1788813399.7327,303217,V,1015,892,-1
1788813399.7813,303231,V,1014,891,3668
1788813399.7814,303239,V,1013,890,-1
1788813399.7814,303247,V,1015,892,-1
1788813399.7814,303255,V,1014,891,-1
1788813399.7814,303263,V,1014,891,-1
1788813399.7814,303271,V,1013,890,-1
1788813399.8301,303285,V,1015,892,3669
1788813399.8301,303293,V,1014,891,-1
1788813399.8301,303301,V,1015,892,-1
1788813399.8301,303309,V,1014,891,-1
1788813399.8301,303317,V,1014,891,-1
1788813399.8302,303325,V,1015,892,-1
1788813399.9279,303338,V,1015,892,3670
1788813399.9281,303346,V,1014,891,-1
1788813399.9281,303354,V,1014,891,-1
1788813399.9281,303362,V,1014,891,-1
1788813399.9281,303370,V,1014,891,-1
1788813399.9281,303378,V,1014,891,-1
1788813399.9764,303392,V,1013,890,3671
1788813399.9764,303400,V,1014,891,-1
1788813399.9765,303408,V,1014,891,-1
1788813399.9765,303416,V,1015,892,-1
1788813399.9765,303424,V,1014,891,-1
1788813399.9765,303432,V,1015,892,-1
1788813400.0251,303446,V,1015,892,3672
1788813400.0251,303454,V,1015,892,-1
1788813400.0251,303462,V,1014,891,-1
1788813400.0251,303470,V,1016,893,-1
1788813400.0251,303478,V,1013,890,-1
1788813400.0251,303486,V,1014,891,-1
1788813400.0737,303499,V,1014,891,3673
1788813400.0737,303507,V,1014,891,-1
1788813400.0737,303515,V,1014,891,-1
1788813400.0737,303523,V,1014,891,-1
1788813400.0737,303531,V,1013,890,-1
1788813400.0737,303539,V,1013,890,-1
1788813400.1716,303553,V,1014,891,3674
1788813400.1717,303561,V,1015,892,-1
1788813400.1717,303569,V,1014,891,-1
1788813400.1717,303577,V,1014,891,-1
1788813400.1718,303585,V,1014,891,-1
1788813400.1718,303593,V,1014,891,-1
1788813400.1725,303607,V,1014,891,3675
1788813400.1725,303615,V,1014,891,-1
1788813400.1725,303623,V,1015,892,-1
1788813400.1725,303631,V,1014,891,-1
1788813400.1725,303639,V,1013,890,-1
1788813400.1725,303647,V,1014,891,-1
1788813400.2214,303660,V,1014,891,3676
1788813400.2215,303668,V,1014,891,-1
1788813400.2215,303676,V,1014,891,-1
1788813400.2215,303684,V,1015,892,-1
1788813400.2215,303692,V,1015,892,-1
1788813400.2215,303700,V,1015,892,-1
1788813400.2689,303714,V,1013,890,3677
1788813400.2689,303722,V,1014,891,-1
1788813400.2689,303730,V,1012,889,-1
1788813400.2689,303738,V,1014,891,-1
1788813400.2689,303746,V,1014,891,-1
1788813400.2689,303754,V,1014,891,-1
1788813400.3180,303768,V,1015,892,3678
1788813400.3180,303776,V,1014,891,-1
1788813400.3181,303784,V,1015,892,-1
1788813400.3181,303792,V,1015,892,-1
1788813400.3181,303800,V,1014,891,-1
1788813400.3181,303808,V,1014,891,-1
1788813400.3666,303821,V,1016,893,3679
1788813400.3666,303829,V,1016,893,-1
1788813400.3666,303837,V,1014,891,-1
1788813400.3666,303845,V,1016,893,-1
1788813400.3666,303853,V,1015,892,-1
1788813400.3666,303861,V,1015,892,-1
1788813400.4640,303875,V,1016,893,3680
1788813400.4641,303883,V,1016,893,-1
1788813400.4641,303891,V,1015,892,-1
1788813400.4641,303899,V,1015,892,-1
1788813400.4641,303907,V,1016,893,-1
1788813400.4641,303915,V,1015,892,-1
1788813400.5134,303929,V,1014,891,3681
1788813400.5134,303937,V,1014,891,-1
1788813400.5134,303945,V,1015,892,-1
1788813400.5134,303953,V,1014,891,-1
1788813400.5134,303961,V,1015,892,-1
1788813400.5134,303969,V,1014,891,-1
1788813400.5611,303982,V,1015,892,3682
1788813400.5611,303990,V,1015,892,-1
1788813400.5612,303998,V,1014,891,-1
1788813400.5612,304006,V,1015,892,-1
1788813400.5612,304014,V,1015,892,-1
1788813400.5612,304022,V,1015,892,-1
1788813400.6101,304036,V,1015,892,3683
1788813400.6101,304044,V,1014,891,-1
1788813400.6101,304052,V,1014,891,-1
1788813400.6101,304060,V,1015,892,-1
1788813400.6101,304068,V,1015,892,-1
1788813400.6101,304076,V,1015,892,-1
1788813400.6586,304090,V,1016,893,3684
1788813400.6586,304098,V,1016,893,-1
1788813400.6586,304106,V,1014,891,-1
1788813400.6586,304114,V,1014,891,-1
1788813400.6586,304122,V,1013,890,-1
1788813400.6586,304130,V,1015,892,-1
1788813400.7074,304143,V,1015,892,3685
1788813400.7074,304151,V,1014,891,-1
1788813400.7074,304159,V,1016,893,-1
1788813400.7074,304167,V,1014,891,-1
1788813400.7074,304175,V,1015,892,-1
1788813400.7074,304183,V,1014,891,-1
1788813400.7566,304197,V,1015,892,3686
1788813400.7566,304205,V,1014,891,-1
1788813400.7567,304213,V,1014,891,-1
1788813400.7567,304221,V,1015,892,-1
1788813400.7567,304229,V,1016,893,-1
1788813400.7567,304237,V,1014,891,-1
1788813400.8052,304251,V,1014,891,3687
1788813400.8053,304259,V,1014,891,-1
1788813400.8053,304267,V,1015,892,-1
1788813400.8053,304275,V,1014,891,-1
1788813400.8053,304283,V,1016,893,-1
1788813400.8053,304291,V,1014,891,-1
1788813400.8541,304304,V,1015,892,3688
1788813400.8542,304312,V,1015,892,-1
1788813400.8542,304320,V,1014,891,-1
1788813400.8542,304328,V,1015,892,-1
1788813400.8542,304336,V,1015,892,-1
1788813400.8542,304344,V,1015,892,-1
1788813400.9027,304358,V,1015,892,3689
1788813400.9027,304366,V,1013,890,-1
1788813400.9027,304374,V,1013,890,-1
1788813400.9027,304382,V,1013,890,-1
1788813400.9027,304390,V,1014,891,-1
1788813400.9027,304398,V,1014,891,-1
1788813401.0002,304412,V,1014,891,3690
1788813401.0003,304420,V,1013,890,-1
1788813401.0003,304428,V,1014,891,-1
1788813401.0003,304436,V,1014,891,-1
1788813401.0003,304444,V,1013,890,-1
1788813401.0003,304452,V,1013,890,-1
1788813401.0491,304465,V,1014,891,3691
1788813401.0491,304473,V,1014,891,-1
1788813401.0491,304481,V,1014,891,-1
1788813401.0491,304489,V,1014,891,-1
1788813401.0491,304497,V,1014,891,-1
1788813401.0492,304505,V,1014,891,-1
1788813401.0973,304519,V,1013,890,3692
1788813401.0973,304527,V,1013,890,-1
1788813401.0973,304535,V,1013,890,-1
1788813401.0973,304543,V,1015,892,-1
1788813401.0973,304551,V,1012,889,-1
1788813401.0973,304559,V,1014,891,-1
1788813401.1477,304573,V,1013,890,3693
1788813401.1478,304581,V,1014,891,-1
1788813401.1478,304589,V,1014,891,-1
1788813401.1478,304597,V,1014,891,-1
1788813401.1478,304605,V,1014,891,-1
1788813401.1478,304613,V,1015,892,-1
1788813401.1954,304626,V,1014,891,3694
1788813401.1954,304634,V,1016,893,-1
1788813401.1954,304642,V,1014,891,-1
1788813401.1954,304650,V,1014,891,-1
1788813401.1954,304658,V,1014,891,-1
1788813401.1954,304666,V,1014,891,-1
1788813401.2438,304680,V,1013,890,3695
1788813401.2440,304688,V,1014,891,-1
1788813401.2440,304696,V,1014,891,-1
1788813401.2440,304704,V,1015,892,-1
1788813401.2440,304712,V,1015,892,-1
1788813401.2440,304720,V,1014,891,-1
1788813401.2930,304734,V,1014,891,3696
1788813401.2931,304742,V,1013,890,-1
1788813401.2931,304750,V,1013,890,-1
1788813401.2931,304758,V,1014,891,-1
1788813401.2931,304766,V,1014,891,-1
1788813401.2931,304774,V,1015,892,-1
1788813401.3434,304787,V,1014,891,3697
1788813401.3435,304795,V,1015,892,-1
1788813401.3435,304803,V,1013,890,-1
1788813401.3435,304811,V,1014,891,-1
1788813401.3435,304819,V,1016,893,-1
1788813401.3435,304827,V,1013,890,-1
1788813401.3900,304841,V,1014,891,3698
1788813401.3900,304849,V,1015,892,-1
1788813401.3900,304857,V,1015,892,-1
1788813401.3901,304865,V,1015,892,-1
1788813401.3901,304873,V,1016,893,-1
1788813401.3901,304881,V,1016,893,-1
1788813401.4389,304895,V,1015,892,3699
1788813401.4390,304903,V,1014,891,-1
1788813401.4390,304911,V,1015,892,-1
1788813401.4390,304919,V,1014,891,-1
1788813401.4390,304927,V,1014,891,-1
1788813401.4390,304935,V,1014,891,-1
1788813401.5366,304948,V,1014,891,3700
1788813401.5368,304956,V,1015,892,-1
1788813401.5368,304964,V,1014,891,-1
1788813401.5368,304972,V,1016,893,-1
1788813401.5368,304980,V,1014,891,-1
1788813401.5368,304988,V,1015,892,-1
1788813401.5857,305002,V,1015,892,3701
1788813401.5857,305010,V,1014,891,-1
1788813401.5857,305018,V,1015,892,-1
1788813401.5857,305026,V,1016,893,-1
1788813401.5857,305034,V,1015,892,-1
1788813401.5857,305042,V,1014,891,-1
1788813401.6340,305056,V,1013,890,3702
1788813401.6341,305064,V,1015,892,-1
1788813401.6341,305072,V,1015,892,-1
1788813401.6341,305080,V,1015,892,-1
1788813401.6341,305088,V,1014,891,-1
1788813401.6341,305096,V,1015,892,-1
1788813401.6835,305109,V,1014,891,3703
1788813401.6835,305117,V,1014,891,-1
1788813401.6835,305125,V,1014,891,-1
1788813401.6835,305133,V,1016,893,-1
1788813401.6835,305141,V,1015,892,-1
1788813401.6835,305149,V,1014,891,-1
1788813401.7312,305163,V,1014,891,3704
1788813401.7312,305171,V,1014,891,-1
1788813401.7312,305179,V,1014,891,-1
1788813401.7312,305187,V,1014,891,-1
1788813401.7312,305195,V,1014,891,-1
1788813401.7312,305203,V,1015,892,-1
1788813401.7801,305217,V,1014,891,3705
1788813401.7803,305225,V,1014,891,-1
1788813401.7803,305233,V,1014,891,-1
1788813401.7803,305241,V,1014,891,-1
1788813401.7803,305249,V,1015,892,-1
1788813401.7803,305257,V,1014,891,-1
1788813401.8292,305270,V,1015,892,3706
1788813401.8292,305278,V,1015,892,-1
1788813401.8292,305286,V,1014,891,-1
1788813401.8292,305294,V,1015,892,-1
1788813401.8292,305302,V,1015,892,-1
1788813401.8293,305310,V,1015,892,-1
1788813401.8778,305324,V,1014,891,3707
1788813401.8778,305332,V,1015,892,-1
1788813401.8778,305340,V,1014,891,-1
1788813401.8778,305348,V,1015,892,-1
1788813401.8778,305356,V,1015,892,-1
1788813401.8778,305364,V,1015,892,-1
1788813401.9265,305378,V,1015,892,3708
1788813401.9265,305386,V,1015,892,-1
1788813401.9266,305394,V,1013,890,-1
1788813401.9266,305402,V,1014,891,-1
1788813401.9266,305410,V,1013,890,-1
1788813401.9266,305418,V,1014,891,-1
1788813401.9748,305431,V,1014,891,3709
1788813401.9749,305439,V,1015,892,-1
1788813401.9749,305447,V,1014,891,-1
1788813401.9749,305455,V,1014,891,-1
1788813401.9749,305463,V,1014,891,-1
1788813401.9749,305471,V,1014,891,-1
1788813402.0727,305485,V,1014,891,3710
1788813402.0728,305493,V,1014,891,-1
1788813402.0728,305501,V,1014,891,-1
1788813402.0728,305509,V,1015,892,-1
1788813402.0728,305517,V,1015,892,-1
1788813402.0728,305525,V,1015,892,-1
1788813402.1216,305539,V,1015,892,3711
1788813402.1217,305547,V,1013,890,-1
1788813402.1217,305555,V,1014,891,-1
1788813402.1217,305563,V,1014,891,-1
1788813402.1217,305571,V,1014,891,-1
1788813402.1217,305579,V,1014,891,-1
1788813402.1718,305592,V,1014,891,3712
1788813402.1718,305600,V,1014,891,-1
1788813402.1718,305608,V,1015,892,-1
1788813402.1718,305616,V,1015,892,-1
1788813402.1718,305624,V,1016,893,-1
1788813402.1718,305632,V,1015,892,-1
1788813402.2189,305646,V,1015,892,3713
1788813402.2189,305654,V,1015,892,-1
1788813402.2190,305662,V,1015,892,-1
1788813402.2190,305670,V,1016,893,-1
1788813402.2190,305678,V,1015,892,-1
1788813402.2190,305686,V,1015,892,-1
1788813402.2677,305700,V,1014,891,3714
1788813402.2677,305708,V,1014,891,-1
1788813402.2677,305716,V,1014,891,-1
1788813402.2677,305724,V,1015,892,-1
1788813402.2677,305732,V,1015,892,-1
1788813402.2677,305740,V,1015,892,-1
1788813402.3165,305753,V,1014,891,3715
1788813402.3166,305761,V,1015,892,-1
1788813402.3166,305769,V,1016,893,-1
1788813402.3166,305777,V,1015,892,-1
1788813402.3166,305785,V,1015,892,-1
1788813402.3166,305793,V,1014,891,-1
1788813402.3664,305807,V,1016,893,3716
1788813402.3664,305815,V,1014,891,-1
1788813402.3664,305823,V,1015,892,-1
1788813402.3664,305831,V,1014,891,-1
1788813402.3665,305839,V,1015,892,-1
1788813402.3665,305847,V,1015,892,-1
1788813402.4149,305861,V,1015,892,3717
1788813402.4149,305869,V,1016,893,-1
1788813402.4149,305877,V,1014,891,-1
1788813402.4149,305885,V,1015,892,-1
1788813402.4150,305893,V,1015,892,-1
1788813402.4150,305901,V,1016,893,-1
1788813402.4636,305915,V,1015,892,3718
1788813402.4636,305923,V,1014,891,-1
1788813402.4636,305931,V,1014,891,-1
1788813402.4636,305939,V,1013,890,-1
1788813402.4636,305947,V,1014,891,-1
1788813402.4636,305955,V,1014,891,-1
1788813402.5115,305968,V,1014,891,3719
1788813402.5115,305976,V,1015,892,-1
1788813402.5115,305984,V,1015,892,-1
1788813402.5115,305992,V,1016,893,-1
1788813402.5115,306000,V,1015,892,-1
1788813402.5115,306008,V,1016,893,-1
1788813402.6100,306022,V,1015,892,3720
1788813402.6102,306030,V,1013,890,-1
1788813402.6102,306038,V,1014,891,-1
1788813402.6102,306046,V,1014,891,-1
1788813402.6103,306054,V,1013,890,-1
1788813402.6103,306062,V,1014,891,-1
1788813402.6580,306076,V,1014,891,3721
1788813402.6580,306084,V,1014,891,-1
1788813402.6580,306092,V,1015,892,-1
1788813402.6580,306100,V,1014,891,-1
1788813402.6580,306108,V,1015,892,-1
1788813402.6580,306116,V,1015,892,-1
1788813402.7064,306130,V,1013,890,3722
1788813402.7065,306138,V,1015,892,-1
1788813402.7065,306146,V,1015,892,-1
1788813402.7065,306154,V,1015,892,-1
1788813402.7065,306162,V,1014,891,-1
1788813402.7065,306170,V,1014,891,-1
1788813402.7561,306183,V,1014,891,3723
1788813402.7561,306191,V,1014,891,-1
1788813402.7561,306199,V,1014,891,-1
1788813402.7561,306207,V,1016,893,-1
1788813402.7561,306215,V,1013,890,-1
1788813402.7561,306223,V,1014,891,-1
1788813402.8048,306237,V,1014,891,3724
1788813402.8048,306245,V,1014,891,-1
1788813402.8048,306253,V,1015,892,-1
1788813402.8048,306261,V,1015,892,-1
1788813402.8048,306269,V,1014,891,-1
1788813402.8048,306277,V,1013,890,-1
1788813402.8525,306291,V,1015,892,3725
1788813402.8526,306299,V,1015,892,-1
1788813402.8526,306307,V,1014,891,-1
1788813402.8526,306315,V,1014,891,-1
1788813402.8526,306323,V,1014,891,-1
1788813402.8527,306331,V,1015,892,-1
1788813402.9010,306344,V,1015,892,3726
1788813402.9010,306352,V,1015,892,-1
1788813402.9010,306360,V,1014,891,-1
1788813402.9010,306368,V,1014,891,-1
1788813402.9010,306376,V,1015,892,-1
1788813402.9010,306384,V,1015,892,-1
1788813402.9503,306398,V,1016,893,3727
1788813402.9504,306406,V,1015,892,-1
1788813402.9504,306414,V,1014,891,-1
1788813402.9504,306422,V,1014,891,-1
1788813402.9504,306430,V,1015,892,-1
1788813402.9504,306438,V,1015,892,-1
1788813402.9989,306452,V,1014,891,3728
1788813402.9989,306460,V,1015,892,-1
1788813402.9989,306468,V,1013,890,-1
1788813402.9989,306476,V,1014,891,-1
1788813402.9990,306484,V,1014,891,-1
1788813402.9990,306492,V,1014,891,-1
1788813403.0480,306505,V,1014,891,3729
1788813403.0480,306513,V,1013,890,-1
1788813403.0480,306521,V,1014,891,-1
1788813403.0480,306529,V,1015,892,-1
1788813403.0480,306537,V,1014,891,-1
1788813403.0480,306545,V,1015,892,-1
1788813403.1477,306559,V,1014,891,3730
1788813403.1479,306567,V,1015,892,-1
1788813403.1480,306575,V,1016,893,-1
1788813403.1492,306583,V,1015,892,-1
1788813403.1495,306591,V,1014,891,-1
1788813403.1495,306599,V,1014,891,-1
1788813403.1941,306613,V,1014,891,3731
1788813403.1942,306621,V,1014,891,-1
1788813403.1942,306629,V,1014,891,-1
1788813403.1942,306637,V,1016,893,-1
1788813403.1942,306645,V,1014,891,-1
1788813403.1942,306653,V,1013,890,-1
1788813403.2432,306666,V,1015,892,3732
1788813403.2432,306674,V,1014,891,-1
1788813403.2432,306682,V,1014,891,-1
1788813403.2433,306690,V,1015,892,-1
1788813403.2433,306698,V,1014,891,-1
1788813403.2433,306706,V,1013,890,-1
1788813403.2914,306720,V,1014,891,3733
1788813403.2914,306728,V,1014,891,-1
1788813403.2915,306736,V,1015,892,-1
1788813403.2915,306744,V,1014,891,-1
1788813403.2915,306752,V,1015,892,-1
1788813403.2915,306760,V,1015,892,-1
1788813403.3402,306774,V,1014,891,3734
1788813403.3402,306782,V,1014,891,-1
1788813403.3402,306790,V,1015,892,-1
1788813403.3402,306798,V,1014,891,-1
1788813403.3403,306806,V,1014,891,-1
1788813403.3403,306814,V,1014,891,-1
1788813403.3889,306827,V,1015,892,3735
1788813403.3890,306835,V,1014,891,-1
1788813403.3890,306843,V,1014,891,-1
1788813403.3890,306851,V,1014,891,-1
1788813403.3890,306859,V,1014,891,-1
1788813403.3890,306867,V,1015,892,-1
1788813403.4382,306881,V,1015,892,3736
1788813403.4382,306889,V,1014,891,-1
1788813403.4382,306897,V,1014,891,-1
1788813403.4382,306905,V,1014,891,-1
1788813403.4383,306913,V,1014,891,-1
1788813403.4383,306921,V,1015,892,-1
1788813403.4867,306934,V,1013,890,3737
1788813403.4867,306942,V,1014,891,-1
1788813403.4867,306950,V,1014,891,-1
1788813403.4868,306958,V,1015,892,-1
1788813403.4868,306966,V,1013,890,-1
1788813403.4868,306974,V,1013,890,-1
1788813403.5352,306988,V,1014,891,3738
1788813403.5352,306996,V,1013,890,-1
1788813403.5352,307004,V,1014,891,-1
1788813403.5352,307012,V,1013,890,-1
1788813403.5352,307020,V,1013,890,-1
1788813403.5352,307028,V,1014,891,-1
1788813403.5839,307042,V,1013,890,3739
1788813403.5839,307050,V,1014,891,-1
1788813403.5840,307058,V,1012,889,-1
1788813403.5840,307066,V,1013,890,-1
1788813403.5840,307074,V,1013,890,-1
1788813403.5840,307082,V,1013,890,-1
1788813403.6817,307096,V,1012,889,3740
1788813403.6818,307104,V,1012,889,-1
1788813403.6818,307112,V,1012,889,-1
1788813403.6818,307120,V,1012,889,-1
1788813403.6819,307128,V,1011,889,-1
1788813403.6819,307136,V,1011,889,-1
1788813403.7307,307149,V,1010,888,3741
1788813403.7307,307157,V,1010,888,-1
1788813403.7308,307165,V,1011,889,-1
1788813403.7308,307173,V,1010,888,-1
1788813403.7308,307181,V,1010,888,-1
1788813403.7308,307189,V,1009,887,-1
1788813403.7788,307203,V,1007,885,3742
1788813403.7788,307211,V,1006,884,-1
1788813403.7788,307219,V,1004,882,-1
1788813403.7788,307227,V,1001,880,-1
1788813403.7788,307235,V,998,877,-1
1788813403.7788,307243,V,992,872,-1
1788813403.8277,307257,V,977,859,3743
1788813403.8277,307265,V,960,844,-1
1788813403.8277,307273,V,928,816,-1
1788813403.8277,307281,V,894,786,-1
1788813403.8277,307289,V,819,720,-1
1788813403.8277,307297,V,760,668,-1
1788813403.8765,307310,V,725,637,3744
1788813403.8765,307318,V,698,613,-1
1788813403.8765,307326,V,678,596,-1
1788813403.8765,307334,V,660,580,-1
1788813403.8765,307342,V,645,567,-1
1788813403.8765,307350,V,635,558,-1
1788813403.9251,307364,V,624,548,3745
1788813403.9253,307372,V,616,541,-1
1788813403.9254,307380,V,609,535,-1
1788813403.9254,307388,V,605,532,-1
1788813403.9254,307396,V,600,527,-1
1788813403.9254,307404,V,595,523,-1
1788813403.9743,307418,V,593,521,3746
1788813403.9744,307426,V,591,519,-1
1788813403.9744,307434,V,587,516,-1
1788813403.9744,307442,V,585,514,-1
1788813403.9744,307450,V,583,512,-1
1788813403.9744,307458,V,581,511,-1
1788813404.0231,307490,KEYUP,,,
1788813404.0245,307471,V,579,509,3747
1788813404.0245,307479,V,578,508,-1
1788813404.0245,307487,V,577,507,-1
1788813404.0245,307495,V,574,504,-1
1788813404.0245,307503,V,575,505,-1
1788813404.0245,307511,V,574,504,-1
1788813404.0714,307525,V,576,506,3748
1788813404.0714,307533,V,574,504,-1
1788813404.0714,307541,V,574,504,-1
1788813404.0714,307549,V,571,502,-1
1788813404.0714,307557,V,573,504,-1
1788813404.0714,307565,V,572,503,-1
1788813404.1708,307579,V,571,502,3749
1788813404.1709,307587,V,572,503,-1
1788813404.1710,307595,V,572,503,-1
1788813404.1710,307603,V,571,502,-1
1788813404.1710,307611,V,570,501,-1
1788813404.1710,307619,V,584,513,-1
1788813404.2182,307633,V,570,501,3750
1788813404.2182,307641,V,571,502,-1
1788813404.2182,307649,V,571,502,-1
1788813404.2182,307657,V,571,502,-1
1788813404.2182,307665,V,570,501,-1
1788813404.2182,307673,V,570,501,-1
1788813404.2668,307686,V,571,502,3751
1788813404.2668,307694,V,570,501,-1
1788813404.2668,307702,V,570,501,-1
1788813404.2668,307710,V,570,501,-1
1788813404.2668,307718,V,571,502,-1
1788813404.2668,307726,V,570,501,-1
1788813404.3151,307740,V,571,502,3752
1788813404.3151,307748,V,571,502,-1
1788813404.3151,307756,V,572,503,-1
1788813404.3151,307764,V,572,503,-1
1788813404.3151,307772,V,570,501,-1
1788813404.3151,307780,V,571,502,-1
1788813404.3636,307794,V,572,503,3753
1788813404.3636,307802,V,571,502,-1
1788813404.3636,307810,V,571,502,-1
1788813404.3637,307818,V,570,501,-1
1788813404.3637,307826,V,570,501,-1
1788813404.3637,307834,V,571,502,-1
1788813404.4136,307848,V,570,501,3754
1788813404.4137,307856,V,571,502,-1
1788813404.4137,307864,V,572,503,-1
1788813404.4137,307872,V,570,501,-1
1788813404.4137,307880,V,571,502,-1
1788813404.4137,307888,V,571,502,-1
1788813404.4624,307901,V,571,502,3755
1788813404.4624,307909,V,572,503,-1
1788813404.4624,307917,V,572,503,-1
1788813404.4624,307925,V,570,501,-1
1788813404.4624,307933,V,570,501,-1
1788813404.4625,307941,V,571,502,-1
1788813404.5110,307955,V,571,502,3756
1788813404.5110,307963,V,572,503,-1
1788813404.5111,307971,V,572,503,-1
1788813404.5111,307979,V,572,503,-1
1788813404.5111,307987,V,571,502,-1
1788813404.5111,307995,V,571,502,-1
1788813404.5604,308009,V,573,504,3757
1788813404.5605,308017,V,572,503,-1
1788813404.5605,308025,V,573,504,-1
1788813404.5605,308033,V,572,503,-1
1788813404.5605,308041,V,570,501,-1
1788813404.5605,308049,V,571,502,-1
1788813404.6080,308062,V,586,515,3758
1788813404.6080,308070,V,570,501,-1
1788813404.6081,308078,V,572,503,-1
1788813404.6081,308086,V,571,502,-1
1788813404.6081,308094,V,572,503,-1
1788813404.6081,308102,V,571,502,-1
1788813404.7056,308116,V,570,501,3759
1788813404.7058,308124,V,571,502,-1
1788813404.7059,308132,V,573,504,-1
1788813404.7059,308140,V,572,503,-1
1788813404.7059,308148,V,571,502,-1
1788813404.7059,308156,V,572,503,-1
1788813404.7567,308170,V,572,503,3760
1788813404.7567,308178,V,571,502,-1
1788813404.7567,308186,V,572,503,-1
1788813404.7567,308194,V,570,501,-1
1788813404.7567,308202,V,571,502,-1
1788813404.7567,308210,V,572,503,-1
1788813404.8029,308223,V,571,502,3761
1788813404.8029,308231,V,571,502,-1
1788813404.8029,308239,V,572,503,-1
1788813404.8029,308247,V,571,502,-1
1788813404.8029,308255,V,571,502,-1
1788813404.8029,308263,V,571,502,-1
1788813404.8517,308277,V,572,503,3762
1788813404.8517,308285,V,572,503,-1
1788813404.8517,308293,V,571,502,-1
1788813404.8517,308301,V,571,502,-1
1788813404.8517,308309,V,572,503,-1
1788813404.8518,308317,V,570,501,-1
1788813404.9003,308331,V,571,502,3763
1788813404.9003,308339,V,572,503,-1
1788813404.9003,308347,V,569,500,-1
1788813404.9004,308355,V,571,502,-1
1788813404.9004,308363,V,572,503,-1
1788813404.9004,308371,V,571,502,-1
1788813404.9490,308384,V,572,503,3764
1788813404.9492,308392,V,571,502,-1
1788813404.9492,308400,V,575,505,-1
1788813404.9492,308408,V,572,503,-1
1788813404.9492,308416,V,571,502,-1
1788813404.9492,308424,V,572,503,-1
1788813404.9979,308438,V,571,502,3765
1788813404.9979,308446,V,572,503,-1
1788813404.9979,308454,V,571,502,-1
1788813404.9979,308462,V,571,502,-1
1788813404.9979,308470,V,571,502,-1
1788813404.9979,308478,V,572,503,-1
1788813405.0462,308492,V,572,503,3766
1788813405.0462,308500,V,578,508,-1
1788813405.0462,308508,V,571,502,-1
1788813405.0462,308516,V,571,502,-1
1788813405.0462,308524,V,570,501,-1
1788813405.0462,308532,V,570,501,-1
1788813405.0952,308546,V,571,502,3767
1788813405.0953,308554,V,570,501,-1
1788813405.0953,308562,V,572,503,-1
1788813405.0953,308570,V,570,501,-1
1788813405.0953,308578,V,571,502,-1
1788813405.0953,308586,V,572,503,-1
1788813405.1945,308599,V,571,502,3768
1788813405.1947,308607,V,570,501,-1
1788813405.1947,308615,V,570,501,-1
1788813405.1947,308623,V,571,502,-1
1788813405.1947,308631,V,571,502,-1
1788813405.1947,308639,V,571,502,-1
1788813405.2419,308653,V,571,502,3769
1788813405.2420,308661,V,572,503,-1
1788813405.2420,308669,V,572,503,-1
1788813405.2420,308677,V,571,502,-1
1788813405.2420,308685,V,572,503,-1
1788813405.2420,308693,V,572,503,-1
1788813405.2900,308707,V,572,503,3770
1788813405.2900,308715,V,571,502,-1
1788813405.2900,308723,V,571,502,-1
1788813405.2900,308731,V,570,501,-1
1788813405.2900,308739,V,571,502,-1
1788813405.2900,308747,V,571,502,-1
1788813405.3393,308760,V,571,502,3771
1788813405.3394,308768,V,570,501,-1
1788813405.3394,308776,V,570,501,-1
1788813405.3394,308784,V,571,502,-1
1788813405.3394,308792,V,571,502,-1
1788813405.3394,308800,V,572,503,-1
1788813405.3877,308814,V,572,503,3772
1788813405.3878,308822,V,572,503,-1
1788813405.3878,308830,V,572,503,-1
1788813405.3878,308838,V,575,505,-1
1788813405.3878,308846,V,571,502,-1
1788813405.3878,308854,V,570,501,-1
1788813405.4364,308868,V,571,502,3773
1788813405.4366,308876,V,571,502,-1
1788813405.4366,308884,V,572,503,-1
1788813405.4366,308892,V,571,502,-1
1788813405.4366,308900,V,572,503,-1
1788813405.4366,308908,V,572,503,-1
1788813405.4853,308921,V,571,502,3774
1788813405.4853,308929,V,572,503,-1
1788813405.4853,308937,V,575,505,-1
1788813405.4853,308945,V,570,501,-1
1788813405.4853,308953,V,570,501,-1
1788813405.4853,308961,V,570,501,-1
1788813405.5347,308975,V,572,503,3775
1788813405.5347,308983,V,571,502,-1
1788813405.5347,308991,V,571,502,-1
1788813405.5347,308999,V,571,502,-1
1788813405.5347,309007,V,571,502,-1
1788813405.5348,309015,V,572,503,-1
1788813405.5830,309029,V,570,501,3776
1788813405.5830,309037,V,572,503,-1
1788813405.5830,309045,V,571,502,-1
1788813405.5830,309053,V,571,502,-1
1788813405.5830,309061,V,571,502,-1
1788813405.5830,309069,V,572,503,-1
1788813405.6321,309083,V,572,503,3777
1788813405.6321,309091,V,573,504,-1
1788813405.6321,309099,V,572,503,-1
1788813405.6321,309107,V,572,503,-1
1788813405.6321,309115,V,571,502,-1
1788813405.6321,309123,V,571,502,-1
1788813405.6799,309137,V,571,502,3778
1788813405.6799,309145,V,571,502,-1
1788813405.6799,309153,V,570,501,-1
1788813405.6799,309161,V,571,502,-1
1788813405.6800,309169,V,572,503,-1
1788813405.6800,309177,V,571,502,-1
1788813405.7775,309190,V,571,502,3779
1788813405.7776,309198,V,571,502,-1
1788813405.7776,309206,V,572,503,-1
1788813405.7776,309214,V,572,503,-1
1788813405.7776,309222,V,570,501,-1
1788813405.7776,309230,V,571,502,-1
1788813405.8264,309244,V,572,503,3780
1788813405.8264,309252,V,572,503,-1
1788813405.8264,309260,V,571,502,-1
1788813405.8264,309268,V,571,502,-1
1788813405.8264,309276,V,576,506,-1
1788813405.8265,309284,V,571,502,-1
1788813405.8749,309298,V,572,503,3781
1788813405.8749,309306,V,571,502,-1
1788813405.8749,309314,V,572,503,-1
1788813405.8749,309322,V,573,504,-1
1788813405.8750,309330,V,572,503,-1
1788813405.8750,309338,V,572,503,-1
1788813405.9238,309351,V,571,502,3782
1788813405.9239,309359,V,571,502,-1
1788813405.9239,309367,V,572,503,-1
1788813405.9239,309375,V,575,505,-1
1788813405.9239,309383,V,570,501,-1
1788813405.9239,309391,V,572,503,-1
1788813405.9732,309405,V,572,503,3783
1788813405.9732,309413,V,572,503,-1
1788813405.9732,309421,V,571,502,-1
1788813405.9732,309429,V,570,501,-1
1788813405.9732,309437,V,570,501,-1
1788813405.9732,309445,V,571,502,-1
1788813406.0215,309459,V,570,501,3784
1788813406.0215,309467,V,571,502,-1
1788813406.0215,309475,V,571,502,-1
1788813406.0216,309483,V,571,502,-1
1788813406.0216,309491,V,571,502,-1
1788813406.0216,309499,V,571,502,-1
1788813406.0701,309513,V,572,503,3785
1788813406.0701,309521,V,570,501,-1
1788813406.0701,309529,V,569,500,-1
1788813406.0701,309537,V,571,502,-1
1788813406.0701,309545,V,571,502,-1
1788813406.0701,309553,V,571,502,-1
1788813406.1189,309566,V,569,500,3786
1788813406.1189,309574,V,571,502,-1
1788813406.1190,309582,V,571,502,-1
1788813406.1190,309590,V,570,501,-1
1788813406.1190,309598,V,570,501,-1
1788813406.1190,309606,V,572,503,-1
1788813406.1695,309620,V,572,503,3787
1788813406.1697,309628,V,571,502,-1
1788813406.1697,309636,V,570,501,-1
1788813406.1697,309644,V,571,502,-1
1788813406.1697,309652,V,571,502,-1
1788813406.1697,309660,V,571,502,-1
1788813406.2166,309674,V,572,503,3788
1788813406.2167,309682,V,570,501,-1
1788813406.2167,309690,V,570,501,-1
1788813406.2167,309698,V,571,502,-1
1788813406.2167,309706,V,571,502,-1
1788813406.2167,309714,V,575,505,-1
1788813406.3142,309727,V,571,502,3789
1788813406.3142,309735,V,572,503,-1
1788813406.3142,309743,V,571,502,-1
1788813406.3142,309751,V,573,504,-1
1788813406.3143,309759,V,571,502,-1
1788813406.3143,309767,V,571,502,-1
1788813406.3625,309781,V,570,501,3790
1788813406.3625,309789,V,572,503,-1
1788813406.3626,309797,V,571,502,-1
1788813406.3626,309805,V,572,503,-1
1788813406.3626,309813,V,575,505,-1
1788813406.3626,309821,V,572,503,-1
1788813406.4114,309835,V,572,503,3791
1788813406.4115,309843,V,573,504,-1
1788813406.4115,309851,V,571,502,-1
1788813406.4115,309859,V,571,502,-1
1788813406.4115,309867,V,570,501,-1
1788813406.4115,309875,V,570,501,-1
1788813406.5134,309888,V,572,503,3792
1788813406.5134,309896,V,571,502,-1
1788813406.5134,309904,V,571,502,-1
1788813406.5134,309912,V,578,508,-1
1788813406.5134,309920,V,570,501,-1
1788813406.5134,309928,V,572,503,-1
1788813406.5137,309942,V,572,503,3793
1788813406.5137,309950,V,571,502,-1
1788813406.5137,309958,V,571,502,-1
1788813406.5137,309966,V,573,504,-1
1788813406.5137,309974,V,572,503,-1
1788813406.5137,309982,V,571,502,-1
1788813406.5591,309996,V,572,503,3794
1788813406.5591,310004,V,572,503,-1
1788813406.5591,310012,V,571,502,-1
1788813406.5591,310020,V,572,503,-1
1788813406.5591,310028,V,571,502,-1
1788813406.5591,310036,V,571,502,-1
1788813406.6078,310050,V,571,502,3795
1788813406.6078,310058,V,572,503,-1
1788813406.6078,310066,V,572,503,-1
1788813406.6079,310074,V,572,503,-1
1788813406.6079,310082,V,570,501,-1
1788813406.6079,310090,V,570,501,-1
1788813406.6571,310103,V,570,501,3796
1788813406.6573,310111,V,571,502,-1
1788813406.6573,310119,V,571,502,-1
1788813406.6573,310127,V,572,503,-1
1788813406.6573,310135,V,571,502,-1
1788813406.6573,310143,V,571,502,-1
1788813406.7532,310157,V,575,505,3797
1788813406.7533,310165,V,572,503,-1
1788813406.7533,310173,V,571,502,-1
1788813406.7533,310181,V,572,503,-1
1788813406.7533,310189,V,572,503,-1
1788813406.7533,310197,V,572,503,-1
1788813406.7541,310211,V,571,502,3798
1788813406.7542,310219,V,571,502,-1
1788813406.7542,310227,V,571,502,-1
1788813406.7542,310235,V,571,502,-1
1788813406.7542,310243,V,570,501,-1
1788813406.7542,310251,V,572,503,-1
1788813406.8502,310265,V,571,502,3799
1788813406.8503,310273,V,572,503,-1
1788813406.8503,310281,V,571,502,-1
1788813406.8503,310289,V,572,503,-1
1788813406.8503,310297,V,571,502,-1
1788813406.8503,310305,V,571,502,-1
1788813406.8991,310318,V,572,503,3800
1788813406.8993,310326,V,572,503,-1
1788813406.8993,310334,V,572,503,-1
1788813406.8993,310342,V,571,502,-1
1788813406.8993,310350,V,577,507,-1
1788813406.8993,310358,V,570,501,-1
1788813406.9481,310372,V,572,503,3801
1788813406.9481,310380,V,572,503,-1
1788813406.9482,310388,V,573,504,-1
1788813406.9482,310396,V,571,502,-1
1788813406.9482,310404,V,572,503,-1
1788813406.9482,310412,V,573,504,-1
1788813406.9965,310426,V,573,504,3802
1788813406.9966,310434,V,572,503,-1
1788813406.9966,310442,V,572,503,-1
1788813406.9966,310450,V,571,502,-1
1788813406.9966,310458,V,572,503,-1
1788813406.9966,310466,V,573,504,-1
1788813407.0452,310479,V,572,503,3803
1788813407.0452,310487,V,572,503,-1
1788813407.0452,310495,V,572,503,-1
1788813407.0452,310503,V,572,503,-1
1788813407.0452,310511,V,571,502,-1
1788813407.0452,310519,V,573,504,-1
1788813407.0940,310533,V,572,503,3804
1788813407.0940,310541,V,572,503,-1
1788813407.0940,310549,V,572,503,-1
1788813407.0941,310557,V,571,502,-1
1788813407.0941,310565,V,571,502,-1
1788813407.0941,310573,V,572,503,-1
1788813407.1424,310587,V,572,503,3805
1788813407.1425,310595,V,575,505,-1
1788813407.1425,310603,V,571,502,-1
1788813407.1425,310611,V,571,502,-1
1788813407.1425,310619,V,572,503,-1
1788813407.1425,310627,V,571,502,-1
1788813407.1948,310640,V,571,502,3806
1788813407.1948,310648,V,573,504,-1
1788813407.1948,310656,V,572,503,-1
1788813407.1948,310664,V,572,503,-1
1788813407.1948,310672,V,572,503,-1
1788813407.1949,310680,V,573,504,-1
1788813407.2402,310694,V,572,503,3807
1788813407.2402,310702,V,571,502,-1
1788813407.2403,310710,V,572,503,-1
1788813407.2403,310718,V,572,503,-1
1788813407.2403,310726,V,572,503,-1
1788813407.2403,310734,V,571,502,-1
1788813407.3387,310748,V,572,503,3808
1788813407.3387,310756,V,572,503,-1
1788813407.3387,310764,V,571,502,-1
1788813407.3387,310772,V,572,503,-1
1788813407.3387,310780,V,572,503,-1
1788813407.3387,310788,V,584,513,-1
1788813407.3866,310801,V,571,502,3809
1788813407.3867,310809,V,570,501,-1
1788813407.3868,310817,V,571,502,-1
1788813407.3868,310825,V,571,502,-1
1788813407.3868,310833,V,571,502,-1
1788813407.3868,310841,V,571,502,-1
1788813407.4361,310855,V,572,503,3810
1788813407.4362,310863,V,572,503,-1
1788813407.4362,310871,V,572,503,-1
1788813407.4362,310879,V,572,503,-1
1788813407.4362,310887,V,572,503,-1
1788813407.4362,310895,V,572,503,-1
1788813407.4840,310909,V,572,503,3811
1788813407.4840,310917,V,572,503,-1
1788813407.4840,310925,V,572,503,-1
1788813407.4840,310933,V,572,503,-1
1788813407.4840,310941,V,572,503,-1
1788813407.4840,310949,V,572,503,-1
1788813407.5327,310962,V,572,503,3812
1788813407.5327,310970,V,572,503,-1
1788813407.5327,310978,V,571,502,-1
1788813407.5327,310986,V,571,502,-1
1788813407.5327,310994,V,572,503,-1
1788813407.5327,311002,V,572,503,-1
1788813407.5815,311016,V,572,503,3813
1788813407.5815,311024,V,572,503,-1
1788813407.5816,311032,V,573,504,-1
1788813407.5816,311040,V,572,503,-1
1788813407.5816,311048,V,573,504,-1
1788813407.5816,311056,V,573,504,-1
1788813407.6301,311069,V,572,503,3814
1788813407.6303,311077,V,571,502,-1
1788813407.6303,311085,V,571,502,-1
1788813407.6303,311093,V,572,503,-1
1788813407.6303,311101,V,573,504,-1
1788813407.6303,311109,V,572,503,-1
1788813407.6794,311123,V,571,502,3815
1788813407.6794,311131,V,575,505,-1
1788813407.6794,311139,V,572,503,-1
1788813407.6795,311147,V,572,503,-1
1788813407.6795,311155,V,572,503,-1
1788813407.6795,311163,V,571,502,-1
1788813407.7275,311177,V,571,502,3816
1788813407.7275,311185,V,572,503,-1
1788813407.7276,311193,V,571,502,-1
1788813407.7276,311201,V,572,503,-1
1788813407.7276,311209,V,572,503,-1
1788813407.7276,311217,V,571,502,-1
1788813407.7765,311231,V,578,508,3817
1788813407.7765,311239,V,572,503,-1
1788813407.7765,311247,V,572,503,-1
1788813407.7765,311255,V,571,502,-1
1788813407.7765,311263,V,572,503,-1
1788813407.7765,311271,V,571,502,-1
1788813407.9230,311285,V,572,503,3818
1788813407.9232,311293,V,572,503,-1
1788813407.9232,311301,V,573,504,-1
1788813407.9232,311309,V,572,503,-1
1788813407.9232,311317,V,573,504,-1
1788813407.9232,311325,V,575,505,-1
1788813407.9241,311338,V,572,503,3819
1788813407.9241,311346,V,572,503,-1
1788813407.9241,311354,V,571,502,-1
1788813407.9241,311362,V,572,503,-1
1788813407.9241,311370,V,572,503,-1
1788813407.9241,311378,V,572,503,-1
1788813407.9718,311392,V,571,502,3820
1788813407.9718,311400,V,572,503,-1
1788813407.9718,311408,V,572,503,-1
1788813407.9718,311416,V,572,503,-1
1788813407.9718,311424,V,572,503,-1
1788813407.9718,311432,V,572,503,-1
1788813408.0204,311446,V,573,504,3821
1788813408.0205,311454,V,572,503,-1
1788813408.0205,311462,V,572,503,-1
1788813408.0205,311470,V,573,504,-1
1788813408.0205,311478,V,571,502,-1
1788813408.0205,311486,V,572,503,-1
1788813408.0693,311499,V,572,503,3822
1788813408.0694,311507,V,572,503,-1
1788813408.0694,311515,V,572,503,-1
1788813408.0694,311523,V,572,503,-1
1788813408.0694,311531,V,571,502,-1
1788813408.0694,311539,V,573,504,-1
1788813408.1191,311553,V,572,503,3823
1788813408.1191,311561,V,572,503,-1
1788813408.1192,311569,V,576,506,-1
1788813408.1192,311577,V,573,504,-1
1788813408.1192,311585,V,572,503,-1
1788813408.1192,311593,V,571,502,-1
1788813408.1677,311606,V,573,504,3824
1788813408.1679,311614,V,572,503,-1
1788813408.1679,311622,V,573,504,-1
1788813408.1679,311630,V,573,504,-1
1788813408.1679,311638,V,572,503,-1
1788813408.1679,311646,V,572,503,-1
1788813408.2195,311660,V,571,502,3825
1788813408.2195,311668,V,574,504,-1
1788813408.2195,311676,V,572,503,-1
1788813408.2195,311684,V,572,503,-1
1788813408.2196,311692,V,573,504,-1
1788813408.2196,311700,V,573,504,-1
1788813408.2644,311714,V,573,504,3826
1788813408.2644,311722,V,573,504,-1
1788813408.2644,311730,V,572,503,-1
1788813408.2644,311738,V,574,504,-1
1788813408.2644,311746,V,572,503,-1
1788813408.2644,311754,V,573,504,-1
1788813408.3129,311767,V,587,516,3827
1788813408.3129,311775,V,572,503,-1
1788813408.3129,311783,V,573,504,-1
1788813408.3129,311791,V,573,504,-1
1788813408.3129,311799,V,575,505,-1
1788813408.3130,311807,V,573,504,-1
1788813408.4102,311821,V,574,504,3828
1788813408.4103,311829,V,574,504,-1
1788813408.4103,311837,V,574,504,-1
1788813408.4103,311845,V,574,504,-1
1788813408.4103,311853,V,574,504,-1
1788813408.4103,311861,V,576,506,-1
1788813408.4593,311875,V,577,507,3829
1788813408.4593,311883,V,577,507,-1
1788813408.4593,311891,V,579,509,-1
1788813408.4593,311899,V,579,509,-1
1788813408.4594,311907,V,580,510,-1
1788813408.4594,311915,V,581,511,-1
1788813408.5079,311928,V,582,512,3830
1788813408.5079,311936,V,584,513,-1
1788813408.5079,311944,V,586,515,-1
1788813408.5079,311952,V,587,516,-1
1788813408.5079,311960,V,591,519,-1
1788813408.5079,311968,V,595,523,-1
1788813408.5565,311982,V,597,525,3831
1788813408.5566,311990,V,604,531,-1
1788813408.5566,311998,V,608,534,-1
1788813408.5566,312006,V,618,543,-1
1788813408.5566,312014,V,629,553,-1
1788813408.5566,312022,V,641,563,-1
1788813408.6053,312036,V,657,577,3832
1788813408.6054,312044,V,680,598,-1
1788813408.6054,312052,V,718,631,-1
1788813408.6054,312060,V,923,811,-1
1788813408.6054,312068,V,935,822,-1
1788813408.6054,312076,V,955,839,-1
1788813408.6536,312089,V,984,865,3833
1788813408.6537,312097,V,1003,882,-1
1788813408.6537,312105,V,1012,889,-1
1788813408.6537,312113,V,1014,891,-1
1788813408.6538,312121,V,1018,895,-1
1788813408.6538,312129,V,1016,893,-1
1788813408.7037,312188,KEYDOWN,,,
1788813408.7063,312143,V,1014,891,3834
1788813408.7063,312151,V,1012,889,-1
1788813408.7063,312159,V,1011,889,-1
1788813408.7063,312167,V,1011,889,-1
1788813408.7063,312175,V,1012,889,-1
1788813408.7063,312183,V,1013,890,-1
1788813408.7523,312197,V,1014,891,3835
1788813408.7523,312205,V,1015,892,-1
1788813408.7523,312213,V,1013,890,-1
1788813408.7523,312221,V,1014,891,-1
1788813408.7523,312229,V,1014,891,-1
1788813408.7524,312237,V,1013,890,-1
1788813408.8003,312251,V,1014,891,3836
1788813408.8003,312259,V,1015,892,-1
1788813408.8003,312267,V,1015,892,-1
1788813408.8003,312275,V,1015,892,-1
1788813408.8003,312283,V,1015,892,-1
1788813408.8003,312291,V,1015,892,-1
1788813408.8489,312305,V,1016,893,3837
1788813408.8490,312313,V,1014,891,-1
1788813408.8490,312321,V,1016,893,-1
1788813408.8490,312329,V,1014,891,-1
1788813408.8490,312337,V,1013,890,-1
1788813408.8490,312345,V,1014,891,-1
1788813408.9463,312358,V,1013,890,3838
1788813408.9464,312366,V,1015,892,-1
1788813408.9465,312374,V,1013,890,-1
1788813408.9465,312382,V,1014,891,-1
1788813408.9465,312390,V,1015,892,-1
1788813408.9465,312398,V,1012,889,-1
1788813408.9955,312412,V,1014,891,3839
1788813408.9956,312420,V,1013,890,-1
1788813408.9956,312428,V,1014,891,-1
1788813408.9956,312436,V,1013,890,-1
1788813408.9956,312444,V,1013,890,-1
1788813408.9956,312452,V,1012,889,-1
1788813409.0449,312466,V,1014,891,3840
1788813409.0449,312474,V,1013,890,-1
1788813409.0449,312482,V,1014,891,-1
1788813409.0449,312490,V,1013,890,-1
1788813409.0449,312498,V,1012,889,-1
1788813409.0449,312506,V,1013,890,-1
1788813409.0937,312519,V,1012,889,3841
1788813409.0937,312527,V,1011,889,-1
1788813409.0938,312535,V,1013,890,-1
1788813409.0938,312543,V,1013,890,-1
1788813409.0938,312551,V,1013,890,-1
1788813409.0938,312559,V,1012,889,-1
1788813409.1424,312573,V,1013,890,3842
1788813409.1424,312581,V,1012,889,-1
1788813409.1424,312589,V,1013,890,-1
1788813409.1424,312597,V,1013,890,-1
1788813409.1424,312605,V,1013,890,-1
1788813409.1424,312613,V,1013,890,-1
1788813409.1936,312627,V,1014,891,3843
1788813409.1937,312635,V,1014,891,-1
1788813409.1938,312643,V,1014,891,-1
1788813409.1938,312651,V,1012,889,-1
1788813409.1938,312659,V,1013,890,-1
1788813409.1938,312667,V,1012,889,-1
1788813409.2400,312680,V,1013,890,3844
1788813409.2400,312688,V,1013,890,-1
1788813409.2400,312696,V,1013,890,-1
1788813409.2400,312704,V,1013,890,-1
1788813409.2400,312712,V,1013,890,-1
1788813409.2400,312720,V,1012,889,-1
1788813409.2878,312734,V,1012,889,3845
1788813409.2879,312742,V,1012,889,-1
1788813409.2880,312750,V,1012,889,-1
1788813409.2880,312758,V,1012,889,-1
1788813409.2880,312766,V,1012,889,-1
1788813409.2880,312774,V,1012,889,-1
1788813409.3365,312788,V,1013,890,3846
1788813409.3365,312796,V,1012,889,-1
1788813409.3365,312804,V,1013,890,-1
1788813409.3365,312812,V,1012,889,-1
1788813409.3365,312820,V,1013,890,-1
1788813409.3365,312828,V,1013,890,-1
1788813409.3852,312841,V,1012,889,3847
1788813409.3852,312849,V,1013,890,-1
1788813409.3852,312857,V,1014,891,-1
1788813409.3852,312865,V,1014,891,-1
1788813409.3853,312873,V,1014,891,-1
1788813409.3853,312881,V,1013,890,-1
1788813409.4831,312895,V,1012,889,3848
1788813409.4832,312903,V,1013,890,-1
1788813409.4832,312911,V,1013,890,-1
1788813409.4832,312919,V,1013,890,-1
1788813409.4834,312927,V,1014,891,-1
1788813409.4835,312935,V,1012,889,-1
1788813409.5334,312949,V,1013,890,3849
1788813409.5334,312957,V,1012,889,-1
1788813409.5334,312965,V,1014,891,-1
1788813409.5334,312973,V,1014,891,-1
1788813409.5334,312981,V,1014,891,-1
1788813409.5334,312989,V,1012,889,-1
1788813409.5825,313002,V,1013,890,3850
1788813409.5825,313010,V,1012,889,-1
1788813409.5825,313018,V,1012,889,-1
1788813409.5825,313026,V,1012,889,-1
1788813409.5825,313034,V,1014,891,-1
1788813409.5825,313042,V,1012,889,-1
1788813409.6292,313056,V,1012,889,3851
1788813409.6292,313064,V,1013,890,-1
1788813409.6292,313072,V,1013,890,-1
1788813409.6292,313080,V,1012,889,-1
1788813409.6292,313088,V,1013,890,-1
1788813409.6292,313096,V,1013,890,-1
1788813409.6780,313110,V,1013,890,3852
1788813409.6780,313118,V,1013,890,-1
1788813409.6780,313126,V,1013,890,-1
1788813409.6780,313134,V,1013,890,-1
1788813409.6780,313142,V,1013,890,-1
1788813409.6780,313150,V,1014,891,-1
1788813409.7267,313163,V,1012,889,3853
1788813409.7268,313171,V,1013,890,-1
1788813409.7268,313179,V,1014,891,-1
1788813409.7269,313187,V,1013,890,-1
1788813409.7269,313195,V,1012,889,-1
1788813409.7269,313203,V,1012,889,-1
1788813409.7754,313217,V,1013,890,3854
1788813409.7754,313225,V,1013,890,-1
1788813409.7754,313233,V,1013,890,-1
1788813409.7754,313241,V,1013,890,-1
1788813409.7754,313249,V,1013,890,-1
1788813409.7754,313257,V,1013,890,-1
1788813409.8247,313270,V,1013,890,3855
1788813409.8248,313278,V,1014,891,-1
1788813409.8248,313286,V,1013,890,-1
1788813409.8248,313294,V,1014,891,-1
1788813409.8248,313302,V,1013,890,-1
1788813409.8248,313310,V,1014,891,-1
1788813409.8730,313324,V,1014,891,3856
1788813409.8730,313332,V,1013,890,-1
1788813409.8730,313340,V,1014,891,-1
1788813409.8730,313348,V,1013,890,-1
1788813409.8730,313356,V,1014,891,-1
1788813409.8730,313364,V,1015,892,-1
1788813409.9215,313378,V,1013,890,3857
1788813409.9215,313386,V,1015,892,-1
1788813409.9215,313394,V,1013,890,-1
1788813409.9215,313402,V,1013,890,-1
1788813409.9215,313410,V,1013,890,-1
1788813409.9216,313418,V,1014,891,-1
1788813410.0192,313431,V,1014,891,3858
1788813410.0194,313439,V,1014,891,-1
1788813410.0194,313447,V,1013,890,-1
1788813410.0194,313455,V,1014,891,-1
1788813410.0194,313463,V,1013,890,-1
1788813410.0194,313471,V,1013,890,-1
1788813410.0681,313485,V,1013,890,3859
1788813410.0682,313493,V,1014,891,-1
1788813410.0682,313501,V,1013,890,-1
1788813410.0682,313509,V,1013,890,-1
1788813410.0682,313517,V,1014,891,-1
1788813410.0682,313525,V,1013,890,-1
1788813410.1168,313539,V,1013,890,3860
1788813410.1168,313547,V,1015,892,-1
1788813410.1168,313555,V,1012,889,-1
1788813410.1169,313563,V,1014,891,-1
1788813410.1169,313571,V,1013,890,-1
1788813410.1169,313579,V,1012,889,-1
1788813410.1650,313592,V,1013,890,3861
1788813410.1650,313600,V,1013,890,-1
1788813410.1650,313608,V,1012,889,-1
1788813410.1650,313616,V,1015,892,-1
1788813410.1650,313624,V,1013,890,-1
1788813410.1650,313632,V,1012,889,-1
1788813410.2154,313646,V,1014,891,3862
1788813410.2154,313654,V,1012,889,-1
1788813410.2154,313662,V,1014,891,-1
1788813410.2154,313670,V,1014,891,-1
1788813410.2154,313678,V,1013,890,-1
1788813410.2154,313686,V,1012,889,-1
1788813410.2627,313699,V,1013,890,3863
1788813410.2628,313707,V,1012,889,-1
1788813410.2628,313715,V,1015,892,-1
1788813410.2628,313723,V,1013,890,-1
1788813410.2628,313731,V,1012,889,-1
1788813410.2628,313739,V,1012,889,-1
1788813410.3603,313753,V,1013,890,3864
1788813410.3603,313761,V,1013,890,-1
1788813410.3603,313769,V,1013,890,-1
1788813410.3603,313777,V,1013,890,-1
1788813410.3603,313785,V,1012,889,-1
1788813410.3603,313793,V,1012,889,-1
1788813410.3613,313807,V,1013,890,3865
1788813410.3613,313815,V,1013,890,-1
1788813410.3613,313823,V,1012,889,-1
1788813410.3613,313831,V,1012,889,-1
1788813410.3613,313839,V,1014,891,-1
1788813410.3613,313847,V,1013,890,-1
1788813410.4094,313860,V,1012,889,3866
1788813410.4094,313868,V,1013,890,-1
1788813410.4094,313876,V,1014,891,-1
1788813410.4094,313884,V,1015,892,-1
1788813410.4094,313892,V,1014,891,-1
1788813410.4095,313900,V,1012,889,-1
1788813410.4575,313914,V,1015,892,3867
1788813410.4576,313922,V,1014,891,-1
1788813410.4576,313930,V,1013,890,-1
1788813410.4576,313938,V,1015,892,-1
1788813410.4576,313946,V,1013,890,-1
1788813410.4576,313954,V,1013,890,-1
1788813410.5551,313968,V,1013,890,3868
1788813410.5551,313976,V,1014,891,-1
1788813410.5551,313984,V,1014,891,-1
1788813410.5551,313992,V,1013,890,-1
1788813410.5551,314000,V,1013,890,-1
1788813410.5551,314008,V,1014,891,-1
1788813410.6050,314021,V,1014,891,3869
1788813410.6050,314029,V,1013,890,-1
1788813410.6050,314037,V,1014,891,-1
1788813410.6050,314045,V,1013,890,-1
1788813410.6050,314053,V,1015,892,-1
1788813410.6050,314061,V,1013,890,-1
1788813410.6534,314075,V,1013,890,3870
1788813410.6534,314083,V,1014,891,-1
1788813410.6534,314091,V,1014,891,-1
1788813410.6534,314099,V,1015,892,-1
1788813410.6535,314107,V,1015,892,-1
1788813410.6535,314115,V,1013,890,-1
1788813410.7022,314129,V,1014,891,3871
1788813410.7022,314137,V,1014,891,-1
1788813410.7022,314145,V,1014,891,-1
1788813410.7022,314153,V,1014,891,-1
1788813410.7022,314161,V,1014,891,-1
1788813410.7022,314169,V,1014,891,-1
1788813410.7499,314183,V,1014,891,3872
1788813410.7499,314191,V,1014,891,-1
1788813410.7499,314199,V,1014,891,-1
1788813410.7499,314207,V,1014,891,-1
1788813410.7499,314215,V,1014,891,-1
1788813410.7499,314223,V,1012,889,-1
1788813410.7993,314236,V,1013,890,3873
1788813410.7995,314244,V,1013,890,-1
1788813410.7995,314252,V,1014,891,-1
1788813410.7995,314260,V,1014,891,-1
1788813410.7995,314268,V,1015,892,-1
1788813410.7995,314276,V,1014,891,-1
1788813410.8482,314290,V,1015,892,3874
1788813410.8482,314298,V,1014,891,-1
1788813410.8482,314306,V,1015,892,-1
1788813410.8482,314314,V,1014,891,-1
1788813410.8482,314322,V,1014,891,-1
1788813410.8482,314330,V,1013,890,-1
1788813410.8967,314343,V,1014,891,3875
1788813410.8967,314351,V,1014,891,-1
1788813410.8967,314359,V,1014,891,-1
1788813410.8967,314367,V,1013,890,-1
1788813410.8967,314375,V,1014,891,-1
1788813410.8967,314383,V,1015,892,-1
1788813410.9455,314397,V,1014,891,3876
1788813410.9456,314405,V,1014,891,-1
1788813410.9456,314413,V,1014,891,-1
1788813410.9456,314421,V,1014,891,-1
1788813410.9456,314429,V,1014,891,-1
1788813410.9456,314437,V,1014,891,-1
1788813410.9946,314451,V,1015,892,3877
1788813410.9947,314459,V,1014,891,-1
1788813410.9947,314467,V,1015,892,-1
1788813410.9947,314475,V,1014,891,-1
1788813410.9947,314483,V,1015,892,-1
1788813410.9947,314491,V,1013,890,-1
1788813411.0919,314504,V,1013,890,3878
1788813411.0921,314512,V,1014,891,-1
1788813411.0921,314520,V,1014,891,-1
1788813411.0921,314528,V,1014,891,-1
1788813411.0923,314536,V,1013,890,-1
1788813411.0923,314544,V,1014,891,-1
1788813411.1406,314558,V,1014,891,3879
1788813411.1406,314566,V,1014,891,-1
1788813411.1406,314574,V,1013,890,-1
1788813411.1406,314582,V,1014,891,-1
1788813411.1406,314590,V,1014,891,-1
1788813411.1406,314598,V,1014,891,-1
1788813411.1891,314611,V,1013,890,3880
1788813411.1892,314619,V,1013,890,-1
1788813411.1892,314627,V,1014,891,-1
1788813411.1892,314635,V,1014,891,-1
1788813411.1892,314643,V,1012,889,-1
1788813411.1892,314651,V,1014,891,-1
1788813411.2395,314665,V,1014,891,3881
1788813411.2396,314673,V,1014,891,-1
1788813411.2396,314681,V,1015,892,-1
1788813411.2396,314689,V,1014,891,-1
1788813411.2396,314697,V,1013,890,-1
1788813411.2396,314705,V,1013,890,-1
1788813411.2867,314719,V,1013,890,3882
1788813411.2867,314727,V,1012,889,-1
1788813411.2867,314735,V,1013,890,-1
1788813411.2867,314743,V,1014,891,-1
1788813411.2867,314751,V,1014,891,-1
1788813411.2867,314759,V,1016,893,-1
1788813411.3841,314773,V,1015,892,3883
1788813411.3842,314781,V,1014,891,-1
1788813411.3842,314789,V,1013,890,-1
1788813411.3842,314797,V,1013,890,-1
1788813411.3842,314805,V,1014,891,-1
1788813411.3843,314813,V,1015,892,-1
1788813411.3851,314826,V,1014,891,3884
1788813411.3851,314834,V,1013,890,-1
1788813411.3851,314842,V,1014,891,-1
1788813411.3851,314850,V,1014,891,-1
1788813411.3851,314858,V,1013,890,-1
1788813411.3851,314866,V,1014,891,-1
1788813411.4332,314880,V,1013,890,3885
1788813411.4332,314888,V,1015,892,-1
1788813411.4332,314896,V,1014,891,-1
1788813411.4332,314904,V,1013,890,-1
1788813411.4333,314912,V,1014,891,-1
1788813411.4333,314920,V,1012,889,-1
1788813411.4817,314933,V,1014,891,3886
1788813411.4817,314941,V,1014,891,-1
1788813411.4817,314949,V,1014,891,-1
1788813411.4817,314957,V,1016,893,-1
1788813411.4817,314965,V,1013,890,-1
1788813411.4817,314973,V,1014,891,-1
1788813411.5304,314987,V,1014,891,3887
1788813411.5304,314995,V,1014,891,-1
1788813411.5304,315003,V,1015,892,-1
1788813411.5304,315011,V,1014,891,-1
1788813411.5304,315019,V,1013,890,-1
1788813411.5304,315027,V,1013,890,-1
1788813411.6278,315041,V,1015,892,3888
1788813411.6279,315049,V,1014,891,-1
1788813411.6279,315057,V,1014,891,-1
1788813411.6279,315065,V,1014,891,-1
1788813411.6280,315073,V,1013,890,-1
1788813411.6280,315081,V,1014,891,-1
1788813411.6769,315094,V,1015,892,3889
1788813411.6770,315102,V,1013,890,-1
1788813411.6770,315110,V,1013,890,-1
1788813411.6770,315118,V,1014,891,-1
1788813411.6770,315126,V,1015,892,-1
1788813411.6770,315134,V,1014,891,-1
1788813411.7254,315148,V,1014,891,3890
1788813411.7254,315156,V,1012,889,-1
1788813411.7255,315164,V,1013,890,-1
1788813411.7255,315172,V,1013,890,-1
1788813411.7255,315180,V,1015,892,-1
1788813411.7255,315188,V,1013,890,-1
1788813411.7742,315202,V,1014,891,3891
1788813411.7742,315210,V,1014,891,-1
1788813411.7742,315218,V,1013,890,-1
1788813411.7742,315226,V,1015,892,-1
1788813411.7742,315234,V,1014,891,-1
1788813411.7742,315242,V,1014,891,-1
1788813411.8229,315255,V,1014,891,3892
1788813411.8229,315263,V,1014,891,-1
1788813411.8229,315271,V,1014,891,-1
1788813411.8229,315279,V,1014,891,-1
1788813411.8229,315287,V,1012,889,-1
1788813411.8230,315295,V,1013,890,-1
1788813411.8714,315309,V,1013,890,3893
1788813411.8715,315317,V,1014,891,-1
1788813411.8715,315325,V,1014,891,-1
1788813411.8715,315333,V,1013,890,-1
1788813411.8715,315341,V,1014,891,-1
1788813411.8715,315349,V,1012,889,-1
1788813411.9203,315363,V,1013,890,3894
1788813411.9203,315371,V,1014,891,-1
1788813411.9203,315379,V,1013,890,-1
1788813411.9203,315387,V,1013,890,-1
1788813411.9203,315395,V,1014,891,-1
1788813411.9203,315403,V,1014,891,-1
1788813411.9694,315416,V,1013,890,3895
1788813411.9694,315424,V,1013,890,-1
1788813411.9694,315432,V,1013,890,-1
1788813411.9694,315440,V,1013,890,-1
1788813411.9694,315448,V,1014,891,-1
1788813411.9694,315456,V,1014,891,-1
1788813412.0179,315470,V,1014,891,3896
1788813412.0179,315478,V,1015,892,-1
1788813412.0179,315486,V,1014,891,-1
1788813412.0179,315494,V,1014,891,-1
1788813412.0180,315502,V,1014,891,-1
1788813412.0180,315510,V,1013,890,-1
1788813412.0665,315523,V,1013,890,3897
1788813412.0666,315531,V,1014,891,-1
1788813412.0666,315539,V,1014,891,-1
1788813412.0666,315547,V,1014,891,-1
1788813412.0666,315555,V,1014,891,-1
1788813412.0666,315563,V,1014,891,-1
1788813412.1641,315577,V,1013,890,3898
1788813412.1642,315585,V,1016,893,-1
1788813412.1642,315593,V,1014,891,-1
1788813412.1642,315601,V,1014,891,-1
1788813412.1642,315609,V,1014,891,-1
1788813412.1642,315617,V,1013,890,-1
1788813412.2134,315631,V,1014,891,3899
1788813412.2134,315639,V,1013,890,-1
1788813412.2134,315647,V,1014,891,-1
1788813412.2134,315655,V,1013,890,-1
1788813412.2134,315663,V,1014,891,-1
1788813412.2134,315671,V,1015,892,-1
1788813412.2613,315684,V,1013,890,3900
1788813412.2613,315692,V,1015,892,-1
1788813412.2613,315700,V,1014,891,-1
1788813412.2614,315708,V,1014,891,-1
1788813412.2614,315716,V,1014,891,-1
1788813412.2614,315724,V,1014,891,-1
1788813412.3104,315738,V,1014,891,3901
1788813412.3105,315746,V,1014,891,-1
1788813412.3105,315754,V,1015,892,-1
1788813412.3105,315762,V,1016,893,-1
1788813412.3105,315770,V,1014,891,-1
1788813412.3105,315778,V,1015,892,-1
1788813412.4086,315791,V,1015,892,3902
1788813412.4088,315799,V,1015,892,-1
1788813412.4088,315807,V,1014,891,-1
1788813412.4088,315815,V,1014,891,-1
1788813412.4088,315823,V,1015,892,-1
1788813412.4088,315831,V,1015,892,-1
1788813412.4108,315845,V,1014,891,3903
1788813412.4108,315853,V,1015,892,-1
1788813412.4108,315861,V,1015,892,-1
1788813412.4108,315869,V,1015,892,-1
1788813412.4108,315877,V,1015,892,-1
1788813412.4108,315885,V,1014,891,-1
1788813412.4569,315899,V,1014,891,3904
1788813412.4570,315907,V,1014,891,-1
1788813412.4570,315915,V,1014,891,-1
1788813412.4570,315923,V,1015,892,-1
1788813412.4570,315931,V,1014,891,-1
1788813412.4570,315939,V,1014,891,-1
1788813412.5055,315952,V,1015,892,3905
1788813412.5055,315960,V,1014,891,-1
1788813412.5055,315968,V,1014,891,-1
1788813412.5055,315976,V,1013,890,-1
1788813412.5056,315984,V,1015,892,-1
1788813412.5056,315992,V,1014,891,-1
1788813412.5537,316006,V,1014,891,3906
1788813412.5537,316014,V,1015,892,-1
1788813412.5537,316022,V,1014,891,-1
1788813412.5538,316030,V,1015,892,-1
1788813412.5538,316038,V,1015,892,-1
1788813412.5538,316046,V,1014,891,-1
1788813412.6029,316059,V,1014,891,3907
1788813412.6029,316067,V,1015,892,-1
1788813412.6029,316075,V,1014,891,-1
1788813412.6030,316083,V,1014,891,-1
1788813412.6030,316091,V,1014,891,-1
1788813412.6030,316099,V,1013,890,-1
1788813412.7005,316113,V,1015,892,3908
1788813412.7007,316121,V,1014,891,-1
1788813412.7007,316129,V,1014,891,-1
1788813412.7007,316137,V,1014,891,-1
1788813412.7007,316145,V,1014,891,-1
1788813412.7007,316153,V,1014,891,-1
1788813412.7496,316167,V,1014,891,3909
1788813412.7496,316175,V,1014,891,-1
1788813412.7496,316183,V,1013,890,-1
1788813412.7496,316191,V,1013,890,-1
1788813412.7496,316199,V,1015,892,-1
1788813412.7496,316207,V,1014,891,-1
1788813412.7980,316220,V,1013,890,3910
1788813412.7981,316228,V,1015,892,-1
1788813412.7981,316236,V,1015,892,-1
1788813412.7981,316244,V,1013,890,-1
1788813412.7981,316252,V,1014,891,-1
1788813412.7981,316260,V,1015,892,-1
1788813412.8471,316274,V,1014,891,3911
1788813412.8471,316282,V,1014,891,-1
1788813412.8471,316290,V,1014,891,-1
1788813412.8471,316298,V,1015,892,-1
1788813412.8471,316306,V,1014,891,-1
1788813412.8471,316314,V,1014,891,-1
1788813412.8962,316328,V,1014,891,3912
1788813412.8962,316336,V,1014,891,-1
1788813412.8962,316344,V,1014,891,-1
1788813412.8962,316352,V,1014,891,-1
1788813412.8962,316360,V,1016,893,-1
1788813412.8962,316368,V,1016,893,-1
1788813412.9440,316381,V,1013,890,3913
1788813412.9442,316389,V,1014,891,-1
1788813412.9442,316397,V,1014,891,-1
1788813412.9442,316405,V,1014,891,-1
1788813412.9442,316413,V,1014,891,-1
1788813412.9442,316421,V,1014,891,-1
1788813412.9931,316435,V,1015,892,3914
1788813412.9932,316443,V,1015,892,-1
1788813412.9932,316451,V,1014,891,-1
1788813412.9932,316459,V,1013,890,-1
1788813412.9932,316467,V,1013,890,-1
1788813412.9932,316475,V,1013,890,-1
1788813413.0420,316488,V,1013,890,3915
1788813413.0420,316496,V,1013,890,-1
1788813413.0420,316504,V,1014,891,-1
1788813413.0420,316512,V,1014,891,-1
1788813413.0420,316520,V,1014,891,-1
1788813413.0420,316528,V,1014,891,-1
1788813413.0907,316542,V,1016,893,3916
1788813413.0907,316550,V,1014,891,-1
1788813413.0907,316558,V,1014,891,-1
1788813413.0907,316566,V,1014,891,-1
1788813413.0907,316574,V,1014,891,-1
1788813413.0907,316582,V,1015,892,-1
1788813413.1393,316596,V,1014,891,3917
1788813413.1393,316604,V,1015,892,-1
1788813413.1393,316612,V,1014,891,-1
1788813413.1393,316620,V,1015,892,-1
1788813413.1393,316628,V,1014,891,-1
1788813413.1393,316636,V,1015,892,-1
1788813413.2385,316649,V,1014,891,3918
1788813413.2387,316657,V,1015,892,-1
1788813413.2387,316665,V,1014,891,-1
1788813413.2387,316673,V,1015,892,-1
1788813413.2387,316681,V,1015,892,-1
1788813413.2387,316689,V,1014,891,-1
1788813413.2858,316703,V,1014,891,3919
1788813413.2858,316711,V,1014,891,-1
1788813413.2858,316719,V,1015,892,-1
1788813413.2858,316727,V,1014,891,-1
1788813413.2858,316735,V,1015,892,-1
1788813413.2858,316743,V,1014,891,-1
1788813413.3351,316757,V,1014,891,3920
1788813413.3352,316765,V,1015,892,-1
1788813413.3352,316773,V,1014,891,-1
1788813413.3352,316781,V,1015,892,-1
1788813413.3352,316789,V,1015,892,-1
1788813413.3352,316797,V,1015,892,-1
1788813413.3828,316810,V,1015,892,3921
1788813413.3828,316818,V,1016,893,-1
1788813413.3828,316826,V,1014,891,-1
1788813413.3828,316834,V,1016,893,-1
1788813413.3828,316842,V,1014,891,-1
1788813413.3828,316850,V,1015,892,-1
1788813413.4321,316864,V,1015,892,3922
1788813413.4321,316872,V,1013,890,-1
1788813413.4321,316880,V,1016,893,-1
1788813413.4321,316888,V,1014,891,-1
1788813413.4321,316896,V,1015,892,-1
1788813413.4322,316904,V,1014,891,-1
1788813413.4812,316918,V,1015,892,3923
1788813413.4814,316926,V,1015,892,-1
1788813413.4814,316934,V,1015,892,-1
1788813413.4814,316942,V,1015,892,-1
1788813413.4814,316950,V,1015,892,-1
1788813413.4814,316958,V,1016,893,-1
1788813413.5781,316971,V,1016,893,3924
1788813413.5782,316979,V,1015,892,-1
1788813413.5782,316987,V,1015,892,-1
1788813413.5782,316995,V,1014,891,-1
1788813413.5782,317003,V,1015,892,-1
1788813413.5782,317011,V,1015,892,-1
1788813413.5792,317025,V,1014,891,3925
1788813413.5792,317033,V,1014,891,-1
1788813413.5792,317041,V,1014,891,-1
1788813413.5792,317049,V,1015,892,-1
1788813413.5793,317057,V,1015,892,-1
1788813413.5793,317065,V,1015,892,-1
1788813413.6276,317079,V,1015,892,3926
1788813413.6276,317087,V,1015,892,-1
1788813413.6276,317095,V,1015,892,-1
1788813413.6276,317103,V,1015,892,-1
1788813413.6277,317111,V,1014,891,-1
1788813413.6277,317119,V,1016,893,-1
1788813413.6755,317132,V,1015,892,3927
1788813413.6755,317140,V,1016,893,-1
1788813413.6755,317148,V,1015,892,-1
1788813413.6755,317156,V,1015,892,-1
1788813413.6756,317164,V,1016,893,-1
1788813413.6756,317172,V,1015,892,-1
1788813413.7738,317186,V,1015,892,3928
1788813413.7740,317194,V,1014,891,-1
1788813413.7740,317202,V,1014,891,-1
1788813413.7740,317210,V,1015,892,-1
1788813413.7740,317218,V,1015,892,-1
1788813413.7740,317226,V,1015,892,-1
1788813413.8219,317240,V,1014,891,3929
1788813413.8220,317248,V,1015,892,-1
1788813413.8220,317256,V,1015,892,-1
1788813413.8220,317264,V,1015,892,-1
1788813413.8220,317272,V,1014,891,-1
1788813413.8220,317280,V,1014,891,-1
1788813413.8713,317293,V,1014,891,3930
1788813413.8713,317301,V,1013,890,-1
1788813413.8714,317309,V,1014,891,-1
1788813413.8714,317317,V,1013,890,-1
1788813413.8714,317325,V,1014,891,-1
1788813413.8714,317333,V,1015,892,-1
1788813413.9200,317347,V,1015,892,3931
1788813413.9200,317355,V,1014,891,-1
1788813413.9200,317363,V,1016,893,-1
1788813413.9200,317371,V,1016,893,-1
1788813413.9200,317379,V,1015,892,-1
1788813413.9200,317387,V,1013,890,-1
1788813413.9678,317401,V,1015,892,3932
1788813413.9679,317409,V,1015,892,-1
1788813413.9679,317417,V,1014,891,-1
1788813413.9679,317425,V,1014,891,-1
1788813413.9679,317433,V,1014,891,-1
1788813413.9679,317441,V,1015,892,-1
1788813414.0179,317454,V,1015,892,3933
1788813414.0181,317462,V,1014,891,-1
1788813414.0181,317470,V,1015,892,-1
1788813414.0181,317478,V,1014,891,-1
1788813414.0181,317486,V,1014,891,-1
1788813414.0181,317494,V,1014,891,-1
1788813414.0653,317508,V,1014,891,3934
1788813414.0654,317516,V,1014,891,-1
1788813414.0654,317524,V,1015,892,-1
1788813414.0654,317532,V,1013,890,-1
1788813414.0654,317540,V,1014,891,-1
1788813414.0654,317548,V,1015,892,-1
1788813414.1142,317562,V,1014,891,3935
1788813414.1142,317570,V,1014,891,-1
1788813414.1142,317578,V,1014,891,-1
1788813414.1142,317586,V,1013,890,-1
1788813414.1142,317594,V,1014,891,-1
1788813414.1142,317602,V,1014,891,-1
1788813414.1630,317615,V,1015,892,3936
1788813414.1630,317623,V,1015,892,-1
1788813414.1630,317631,V,1015,892,-1
1788813414.1630,317639,V,1015,892,-1
1788813414.1630,317647,V,1015,892,-1
1788813414.1630,317655,V,1014,891,-1
1788813414.2116,317669,V,1014,891,3937
1788813414.2116,317677,V,1014,891,-1
1788813414.2116,317685,V,1014,891,-1
1788813414.2116,317693,V,1014,891,-1
1788813414.2116,317701,V,1014,891,-1
1788813414.2116,317709,V,1016,893,-1
1788813414.3095,317723,V,1015,892,3938
1788813414.3096,317731,V,1015,892,-1
1788813414.3096,317739,V,1014,891,-1
1788813414.3096,317747,V,1016,893,-1
1788813414.3097,317755,V,1016,893,-1
1788813414.3097,317763,V,1015,892,-1
1788813414.3580,317776,V,1015,892,3939
1788813414.3580,317784,V,1014,891,-1
1788813414.3580,317792,V,1015,892,-1
1788813414.3580,317800,V,1014,891,-1
1788813414.3580,317808,V,1015,892,-1
1788813414.3581,317816,V,1015,892,-1
1788813414.4067,317830,V,1015,892,3940
1788813414.4067,317838,V,1014,891,-1
1788813414.4067,317846,V,1015,892,-1
1788813414.4067,317854,V,1014,891,-1
1788813414.4067,317862,V,1014,891,-1
1788813414.4067,317870,V,1015,892,-1
1788813414.4553,317884,V,1014,891,3941
1788813414.4553,317892,V,1015,892,-1
1788813414.4553,317900,V,1014,891,-1
1788813414.4553,317908,V,1015,892,-1
1788813414.4553,317916,V,1015,892,-1
1788813414.4553,317924,V,1016,893,-1
1788813414.5050,317937,V,1015,892,3942
1788813414.5050,317945,V,1016,893,-1
1788813414.5050,317953,V,1015,892,-1
1788813414.5050,317961,V,1016,893,-1
1788813414.5051,317969,V,1016,893,-1
1788813414.5051,317977,V,1016,893,-1
1788813414.5529,317991,V,1014,891,3943
1788813414.5531,317999,V,1014,891,-1
1788813414.5531,318007,V,1015,892,-1
1788813414.5531,318015,V,1015,892,-1
1788813414.5531,318023,V,1014,891,-1
1788813414.5531,318031,V,1013,890,-1
1788813414.6038,318045,V,1015,892,3944
1788813414.6038,318053,V,1014,891,-1
1788813414.6038,318061,V,1015,892,-1
1788813414.6038,318069,V,1015,892,-1
1788813414.6038,318077,V,1015,892,-1
1788813414.6038,318085,V,1016,893,-1
1788813414.6500,318098,V,1015,892,3945
1788813414.6501,318106,V,1014,891,-1
1788813414.6502,318114,V,1014,891,-1
1788813414.6502,318122,V,1015,892,-1
1788813414.6502,318130,V,1014,891,-1
1788813414.6502,318138,V,1015,892,-1
1788813414.6991,318152,V,1014,891,3946
1788813414.6991,318160,V,1015,892,-1
1788813414.6991,318168,V,1014,891,-1
1788813414.6991,318176,V,1014,891,-1
1788813414.6991,318184,V,1015,892,-1
1788813414.6991,318192,V,1016,893,-1
1788813414.7969,318206,V,1015,892,3947
1788813414.7971,318214,V,1013,890,-1
1788813414.7971,318222,V,1015,892,-1
1788813414.7971,318230,V,1014,891,-1
1788813414.7971,318238,V,1015,892,-1
1788813414.7971,318246,V,1015,892,-1
1788813414.8458,318260,V,1015,892,3948
1788813414.8458,318268,V,1014,891,-1
1788813414.8458,318276,V,1015,892,-1
1788813414.8459,318284,V,1015,892,-1
1788813414.8459,318292,V,1014,891,-1
1788813414.8459,318300,V,1016,893,-1
1788813414.8947,318313,V,1014,891,3949
1788813414.8947,318321,V,1014,891,-1
1788813414.8947,318329,V,1014,891,-1
1788813414.8947,318337,V,1015,892,-1
1788813414.8947,318345,V,1016,893,-1
1788813414.8947,318353,V,1014,891,-1
1788813414.9428,318367,V,1014,891,3950
1788813414.9428,318375,V,1015,892,-1
1788813414.9428,318383,V,1015,892,-1
1788813414.9428,318391,V,1015,892,-1
1788813414.9428,318399,V,1015,892,-1
1788813414.9428,318407,V,1013,890,-1
1788813414.9918,318421,V,1014,891,3951
1788813414.9918,318429,V,1016,893,-1
1788813414.9918,318437,V,1014,891,-1
1788813414.9918,318445,V,1014,891,-1
1788813414.9918,318453,V,1014,891,-1
1788813414.9918,318461,V,1014,891,-1
1788813415.0405,318474,V,1014,891,3952
1788813415.0407,318482,V,1014,891,-1
1788813415.0407,318490,V,1016,893,-1
1788813415.0407,318498,V,1015,892,-1
1788813415.0407,318506,V,1015,892,-1
1788813415.0408,318514,V,1016,893,-1
1788813415.0895,318528,V,1015,892,3953
1788813415.0895,318536,V,1014,891,-1
1788813415.0895,318544,V,1015,892,-1
1788813415.0896,318552,V,1015,892,-1
1788813415.0896,318560,V,1014,891,-1
1788813415.0896,318568,V,1015,892,-1
1788813415.1378,318581,V,1014,891,3954
1788813415.1378,318589,V,1015,892,-1
1788813415.1378,318597,V,1014,891,-1
1788813415.1378,318605,V,1015,892,-1
1788813415.1378,318613,V,1015,892,-1
1788813415.1378,318621,V,1015,892,-1
1788813415.1870,318635,V,1016,893,3955
1788813415.1870,318643,V,1016,893,-1
1788813415.1870,318651,V,1015,892,-1
1788813415.1870,318659,V,1015,892,-1
1788813415.1870,318667,V,1015,892,-1
1788813415.1870,318675,V,1014,891,-1
1788813415.2356,318689,V,1015,892,3956
1788813415.2356,318697,V,1014,891,-1
1788813415.2356,318705,V,1015,892,-1
1788813415.2356,318713,V,1016,893,-1
1788813415.2356,318721,V,1016,893,-1
1788813415.2356,318729,V,1015,892,-1
1788813415.3331,318742,V,1014,891,3957
1788813415.3333,318750,V,1015,892,-1
1788813415.3333,318758,V,1015,892,-1
1788813415.3333,318766,V,1015,892,-1
1788813415.3333,318774,V,1016,893,-1
1788813415.3333,318782,V,1016,893,-1
1788813415.3821,318796,V,1017,894,3958
1788813415.3821,318804,V,1016,893,-1
1788813415.3821,318812,V,1015,892,-1
1788813415.3821,318820,V,1014,891,-1
1788813415.3821,318828,V,1016,893,-1
1788813415.3821,318836,V,1016,893,-1
1788813415.4307,318850,V,1016,893,3959
1788813415.4307,318858,V,1016,893,-1
1788813415.4307,318866,V,1015,892,-1
1788813415.4307,318874,V,1017,894,-1
1788813415.4307,318882,V,1015,892,-1
1788813415.4307,318890,V,1014,891,-1
1788813415.4795,318903,V,1016,893,3960
1788813415.4795,318911,V,1015,892,-1
1788813415.4795,318919,V,1014,891,-1
1788813415.4795,318927,V,1015,892,-1
1788813415.4795,318935,V,1017,894,-1
1788813415.4795,318943,V,1015,892,-1
1788813415.5278,318957,V,1015,892,3961
1788813415.5278,318965,V,1015,892,-1
1788813415.5278,318973,V,1016,893,-1
1788813415.5278,318981,V,1014,891,-1
1788813415.5278,318989,V,1015,892,-1
1788813415.5278,318997,V,1016,893,-1
1788813415.5764,319011,V,1015,892,3962
1788813415.5765,319019,V,1017,894,-1
1788813415.5765,319027,V,1016,893,-1
1788813415.5765,319035,V,1015,892,-1
1788813415.5765,319043,V,1016,893,-1
1788813415.5765,319051,V,1015,892,-1
1788813415.6742,319064,V,1015,892,3963
1788813415.6742,319072,V,1016,893,-1
1788813415.6742,319080,V,1016,893,-1
1788813415.6742,319088,V,1016,893,-1
1788813415.6742,319096,V,1015,892,-1
1788813415.6742,319104,V,1015,892,-1
1788813415.6758,319118,V,1014,891,3964
1788813415.6758,319126,V,1016,893,-1
1788813415.6758,319134,V,1015,892,-1
1788813415.6758,319142,V,1015,892,-1
1788813415.6758,319150,V,1015,892,-1
1788813415.6758,319158,V,1016,893,-1
1788813415.7227,319171,V,1016,893,3965
1788813415.7227,319179,V,1015,892,-1
1788813415.7227,319187,V,1015,892,-1
1788813415.7227,319195,V,1016,893,-1
1788813415.7227,319203,V,1016,893,-1
1788813415.7227,319211,V,1015,892,-1
1788813415.8211,319225,V,1016,893,3966
1788813415.8213,319233,V,1015,892,-1
1788813415.8213,319241,V,1015,892,-1
1788813415.8213,319249,V,1016,893,-1
1788813415.8213,319257,V,1015,892,-1
1788813415.8213,319265,V,1016,893,-1
1788813415.8695,319279,V,1015,892,3967
1788813415.8695,319287,V,1016,893,-1
1788813415.8695,319295,V,1015,892,-1
1788813415.8696,319303,V,1016,893,-1
1788813415.8696,319311,V,1015,892,-1
1788813415.8696,319319,V,1017,894,-1
1788813415.9180,319333,V,1016,893,3968
1788813415.9181,319341,V,1017,894,-1
1788813415.9181,319349,V,1014,891,-1
1788813415.9181,319357,V,1015,892,-1
1788813415.9181,319365,V,1013,890,-1
1788813415.9181,319373,V,1014,891,-1
1788813415.9666,319386,V,1014,891,3969
1788813415.9666,319394,V,1016,893,-1
1788813415.9666,319402,V,1014,891,-1
1788813415.9666,319410,V,1014,891,-1
1788813415.9666,319418,V,1015,892,-1
1788813415.9666,319426,V,1015,892,-1
1788813416.0153,319440,V,1015,892,3970
1788813416.0153,319448,V,1015,892,-1
1788813416.0153,319456,V,1015,892,-1
1788813416.0153,319464,V,1015,892,-1
1788813416.0153,319472,V,1015,892,-1
1788813416.0153,319480,V,1015,892,-1
1788813416.0640,319494,V,1014,891,3971
1788813416.0641,319502,V,1015,892,-1
1788813416.0641,319510,V,1014,891,-1
1788813416.0641,319518,V,1016,893,-1
1788813416.0641,319526,V,1013,890,-1
1788813416.0641,319534,V,1014,891,-1
1788813416.1132,319547,V,1014,891,3972
1788813416.1132,319555,V,1014,891,-1
1788813416.1132,319563,V,1015,892,-1
1788813416.1132,319571,V,1015,892,-1
1788813416.1132,319579,V,1013,890,-1
1788813416.1132,319587,V,1015,892,-1
1788813416.1625,319601,V,1014,891,3973
1788813416.1625,319609,V,1015,892,-1
1788813416.1625,319617,V,1016,893,-1
1788813416.1625,319625,V,1016,893,-1
1788813416.1625,319633,V,1015,892,-1
1788813416.1625,319641,V,1015,892,-1
1788813416.2104,319655,V,1016,893,3974
1788813416.2104,319663,V,1015,892,-1
1788813416.2104,319671,V,1013,890,-1
1788813416.2105,319679,V,1014,891,-1
1788813416.2105,319687,V,1014,891,-1
1788813416.2105,319695,V,1015,892,-1
1788813416.2611,319708,V,1014,891,3975
1788813416.2611,319716,V,1014,891,-1
1788813416.2611,319724,V,1014,891,-1
1788813416.2611,319732,V,1014,891,-1
1788813416.2611,319740,V,1013,890,-1
1788813416.2611,319748,V,1014,891,-1
1788813416.3081,319762,V,1016,893,3976
1788813416.3083,319770,V,1014,891,-1
1788813416.3083,319778,V,1015,892,-1
1788813416.3083,319786,V,1014,891,-1
1788813416.3083,319794,V,1015,892,-1
1788813416.3083,319802,V,1014,891,-1
1788813416.4073,319815,V,1014,891,3977
1788813416.4074,319823,V,1014,891,-1
1788813416.4074,319831,V,1013,890,-1
1788813416.4074,319839,V,1013,890,-1
1788813416.4074,319847,V,1014,891,-1
1788813416.4074,319855,V,1015,892,-1
1788813416.4538,319869,V,1014,891,3978
1788813416.4538,319877,V,1015,892,-1
1788813416.4538,319885,V,1015,892,-1
1788813416.4538,319893,V,1016,893,-1
1788813416.4539,319901,V,1014,891,-1
1788813416.4540,319909,V,1015,892,-1
1788813416.5029,319923,V,1014,891,3979
1788813416.5029,319931,V,1014,891,-1
1788813416.5030,319939,V,1014,891,-1
1788813416.5030,319947,V,1014,891,-1
1788813416.5030,319955,V,1014,891,-1
1788813416.5030,319963,V,1014,891,-1
1788813416.5526,319976,V,1013,890,3980
1788813416.5527,319984,V,1014,891,-1
1788813416.5527,319992,V,1015,892,-1
1788813416.5527,320000,V,1014,891,-1
1788813416.5528,320008,V,1013,890,-1
1788813416.5528,320016,V,1015,892,-1
1788813416.6019,320030,V,1015,892,3981
1788813416.6019,320038,V,1014,891,-1
1788813416.6019,320046,V,1015,892,-1
1788813416.6019,320054,V,1014,891,-1
1788813416.6019,320062,V,1014,891,-1
1788813416.6019,320070,V,1014,891,-1
1788813416.6493,320084,V,1015,892,3982
1788813416.6493,320092,V,1013,890,-1
1788813416.6493,320100,V,1013,890,-1
1788813416.6494,320108,V,1014,891,-1
1788813416.6494,320116,V,1015,892,-1
1788813416.6494,320124,V,1014,891,-1
1788813416.6982,320137,V,1015,892,3983
1788813416.6983,320145,V,1015,892,-1
1788813416.6983,320153,V,1014,891,-1
1788813416.6983,320161,V,1014,891,-1
1788813416.6983,320169,V,1014,891,-1
1788813416.6983,320177,V,1014,891,-1
1788813416.7465,320191,V,1015,892,3984
1788813416.7465,320199,V,1014,891,-1
1788813416.7465,320207,V,1015,892,-1
1788813416.7465,320215,V,1014,891,-1
1788813416.7465,320223,V,1015,892,-1
1788813416.7465,320231,V,1013,890,-1
1788813416.7955,320245,V,1015,892,3985
1788813416.7956,320253,V,1016,893,-1
1788813416.7956,320261,V,1014,891,-1
1788813416.7956,320269,V,1014,891,-1
1788813416.7957,320277,V,1014,891,-1
1788813416.7957,320285,V,1013,890,-1
1788813416.8444,320298,V,1016,893,3986
1788813416.8444,320306,V,1015,892,-1
1788813416.8444,320314,V,1013,890,-1
1788813416.8444,320322,V,1014,891,-1
1788813416.8444,320330,V,1012,889,-1
1788813416.8444,320338,V,1015,892,-1
1788813416.9435,320352,V,1015,892,3987
1788813416.9435,320360,V,1015,892,-1
1788813416.9436,320368,V,1015,892,-1
1788813416.9436,320376,V,1016,893,-1
1788813416.9436,320384,V,1015,892,-1
1788813416.9436,320392,V,1014,891,-1
1788813416.9917,320406,V,1015,892,3988
1788813416.9917,320414,V,1015,892,-1
1788813416.9917,320422,V,1015,892,-1
1788813416.9917,320430,V,1014,891,-1
1788813416.9917,320438,V,1014,891,-1
1788813416.9917,320446,V,1016,893,-1
1788813417.0406,320459,V,1014,891,3989
1788813417.0407,320467,V,1013,890,-1
1788813417.0408,320475,V,1014,891,-1
1788813417.0408,320483,V,1015,892,-1
1788813417.0408,320491,V,1015,892,-1
1788813417.0408,320499,V,1015,892,-1
1788813417.0883,320513,V,1015,892,3990
1788813417.0884,320521,V,1014,891,-1
1788813417.0884,320529,V,1014,891,-1
1788813417.0884,320537,V,1013,890,-1
1788813417.0884,320545,V,1014,891,-1
1788813417.0884,320553,V,1013,890,-1
1788813417.1366,320567,V,1015,892,3991
1788813417.1367,320575,V,1015,892,-1
1788813417.1367,320583,V,1015,892,-1
1788813417.1367,320591,V,1015,892,-1
1788813417.1367,320599,V,1014,891,-1
1788813417.1367,320607,V,1014,891,-1
1788813417.1854,320620,V,1014,891,3992
1788813417.1854,320628,V,1014,891,-1
1788813417.1855,320636,V,1015,892,-1
1788813417.1855,320644,V,1013,890,-1
1788813417.1855,320652,V,1015,892,-1
1788813417.1855,320660,V,1013,890,-1
1788813417.2343,320674,V,1014,891,3993
1788813417.2343,320682,V,1014,891,-1
1788813417.2343,320690,V,1013,890,-1
1788813417.2343,320698,V,1014,891,-1
1788813417.2343,320706,V,1015,892,-1
1788813417.2344,320714,V,1013,890,-1
1788813417.2828,320728,V,1015,892,3994
1788813417.2830,320736,V,1014,891,-1
1788813417.2830,320744,V,1014,891,-1
1788813417.2830,320752,V,1013,890,-1
1788813417.2830,320760,V,1015,892,-1
1788813417.2830,320768,V,1015,892,-1
1788813417.3322,320782,V,1015,892,3995
1788813417.3322,320790,V,1014,891,-1
1788813417.3322,320798,V,1014,891,-1
1788813417.3322,320806,V,1014,891,-1
1788813417.3323,320814,V,1014,891,-1
1788813417.3323,320822,V,1015,892,-1
1788813417.3806,320835,V,1015,892,3996
1788813417.3806,320843,V,1013,890,-1
1788813417.3806,320851,V,1014,891,-1
1788813417.3806,320859,V,1014,891,-1
1788813417.3806,320867,V,1015,892,-1
1788813417.3806,320875,V,1014,891,-1
1788813417.4781,320889,V,1014,891,3997
1788813417.4781,320897,V,1015,892,-1
1788813417.4781,320905,V,1015,892,-1
1788813417.4782,320913,V,1015,892,-1
1788813417.4782,320921,V,1015,892,-1
1788813417.4782,320929,V,1014,891,-1
1788813417.5269,320942,V,1015,892,3998
1788813417.5271,320950,V,1014,891,-1
1788813417.5271,320958,V,1014,891,-1
1788813417.5271,320966,V,1013,890,-1
1788813417.5271,320974,V,1014,891,-1
1788813417.5271,320982,V,1014,891,-1
1788813417.5755,320996,V,1015,892,3999
1788813417.5755,321004,V,1014,891,-1
1788813417.5756,321012,V,1014,891,-1
1788813417.5756,321020,V,1014,891,-1
1788813417.5756,321028,V,1014,891,-1
1788813417.5756,321036,V,1014,891,-1
1788813417.6242,321050,V,1014,891,4000
1788813417.6243,321058,V,1015,892,-1
1788813417.6243,321066,V,1013,890,-1
1788813417.6243,321074,V,1014,891,-1
1788813417.6243,321082,V,1014,891,-1
1788813417.6243,321090,V,1015,892,-1
1788813417.6729,321103,V,1015,892,4001
1788813417.6729,321111,V,1014,891,-1
1788813417.6730,321119,V,1014,891,-1
1788813417.6730,321127,V,1014,891,-1
1788813417.6730,321135,V,1014,891,-1
1788813417.6730,321143,V,1015,892,-1
1788813417.7705,321157,V,1014,891,4002
1788813417.7706,321165,V,1014,891,-1
1788813417.7706,321173,V,1015,892,-1
1788813417.7706,321181,V,1015,892,-1
1788813417.7706,321189,V,1014,891,-1
1788813417.7706,321197,V,1014,891,-1
1788813417.7717,321210,V,1013,890,4003
1788813417.7717,321218,V,1014,891,-1
1788813417.7717,321226,V,1014,891,-1
1788813417.7717,321234,V,1015,892,-1
1788813417.7717,321242,V,1015,892,-1
1788813417.7717,321250,V,1014,891,-1
1788813417.8205,321264,V,1015,892,4004
1788813417.8206,321272,V,1014,891,-1
1788813417.8206,321280,V,1014,891,-1
1788813417.8206,321288,V,1014,891,-1
1788813417.8206,321296,V,1015,892,-1
1788813417.8206,321304,V,1015,892,-1
1788813417.8695,321318,V,1015,892,4005
1788813417.8695,321326,V,1016,893,-1
1788813417.8695,321334,V,1015,892,-1
1788813417.8695,321342,V,1014,891,-1
1788813417.8695,321350,V,1014,891,-1
1788813417.8695,321358,V,1015,892,-1
1788813417.9167,321371,V,1016,893,4006
1788813417.9167,321379,V,1015,892,-1
1788813417.9167,321387,V,1016,893,-1
1788813417.9167,321395,V,1015,892,-1
1788813417.9167,321403,V,1015,892,-1
1788813417.9167,321411,V,1013,890,-1
1788813418.0147,321425,V,1014,891,4007
1788813418.0148,321433,V,1014,891,-1
1788813418.0148,321441,V,1014,891,-1
1788813418.0149,321449,V,1014,891,-1
1788813418.0149,321457,V,1014,891,-1
1788813418.0149,321465,V,1014,891,-1
1788813418.0635,321479,V,1013,890,4008
1788813418.0635,321487,V,1014,891,-1
1788813418.0635,321495,V,1014,891,-1
1788813418.0635,321503,V,1015,892,-1
1788813418.0635,321511,V,1015,892,-1
1788813418.0635,321519,V,1014,891,-1
1788813418.1122,321532,V,1015,892,4009
1788813418.1122,321540,V,1015,892,-1
1788813418.1122,321548,V,1014,891,-1
1788813418.1122,321556,V,1014,891,-1
1788813418.1122,321564,V,1015,892,-1
1788813418.1122,321572,V,1015,892,-1
1788813418.1611,321586,V,1014,891,4010
1788813418.1612,321594,V,1015,892,-1
1788813418.1612,321602,V,1015,892,-1
1788813418.1612,321610,V,1015,892,-1
1788813418.1612,321618,V,1016,893,-1
1788813418.1612,321626,V,1013,890,-1
1788813418.2097,321639,V,1013,890,4011
1788813418.2097,321647,V,1014,891,-1
1788813418.2097,321655,V,1015,892,-1
1788813418.2097,321663,V,1014,891,-1
1788813418.2097,321671,V,1014,891,-1
1788813418.2097,321679,V,1015,892,-1
1788813418.2594,321693,V,1014,891,4012
1788813418.2595,321701,V,1016,893,-1
1788813418.2596,321709,V,1015,892,-1
1788813418.2596,321717,V,1014,891,-1
1788813418.2596,321725,V,1015,892,-1
1788813418.2596,321733,V,1015,892,-1
1788813418.3072,321747,V,1014,891,4013
1788813418.3072,321755,V,1014,891,-1
1788813418.3072,321763,V,1014,891,-1
1788813418.3072,321771,V,1014,891,-1
1788813418.3072,321779,V,1014,891,-1
1788813418.3072,321787,V,1015,892,-1
1788813418.3556,321800,V,1015,892,4014
1788813418.3557,321808,V,1015,892,-1
1788813418.3557,321816,V,1014,891,-1
1788813418.3557,321824,V,1014,891,-1
1788813418.3557,321832,V,1013,890,-1
1788813418.3557,321840,V,1014,891,-1
1788813418.4045,321854,V,1013,890,4015
1788813418.4045,321862,V,1014,891,-1
1788813418.4045,321870,V,1013,890,-1
1788813418.4045,321878,V,1014,891,-1
1788813418.4045,321886,V,1013,890,-1
1788813418.4045,321894,V,1015,892,-1
1788813418.4533,321908,V,1015,892,4016
1788813418.4533,321916,V,1014,891,-1
1788813418.4533,321924,V,1015,892,-1
1788813418.4533,321932,V,1014,891,-1
1788813418.4533,321940,V,1013,890,-1
1788813418.4533,321948,V,1015,892,-1
1788813418.5506,321961,V,1014,891,4017
1788813418.5508,321969,V,1014,891,-1
1788813418.5508,321977,V,1013,890,-1
1788813418.5508,321985,V,1015,892,-1
1788813418.5508,321993,V,1013,890,-1
1788813418.5508,322001,V,1014,891,-1
1788813418.5997,322015,V,1014,891,4018
1788813418.5997,322023,V,1014,891,-1
1788813418.5997,322031,V,1013,890,-1
1788813418.5997,322039,V,1014,891,-1
1788813418.5997,322047,V,1012,889,-1
1788813418.5997,322055,V,1014,891,-1
1788813418.6490,322069,V,1013,890,4019
1788813418.6490,322077,V,1012,889,-1
1788813418.6490,322085,V,1013,890,-1
1788813418.6490,322093,V,1012,889,-1
1788813418.6490,322101,V,1012,889,-1
1788813418.6490,322109,V,1011,889,-1
1788813418.6976,322122,V,1010,888,4020
1788813418.6976,322130,V,1011,889,-1
1788813418.6977,322138,V,1010,888,-1
1788813418.6977,322146,V,1010,888,-1
1788813418.6977,322154,V,1008,886,-1
1788813418.6977,322162,V,1008,886,-1
1788813418.7464,322176,V,1005,883,4021
1788813418.7465,322184,V,1002,881,-1
1788813418.7465,322192,V,996,875,-1
1788813418.7465,322200,V,987,867,-1
1788813418.7465,322208,V,970,853,-1
1788813418.7465,322216,V,952,837,-1
1788813418.7942,322230,V,916,805,4022
1788813418.7942,322238,V,853,750,-1
1788813418.7942,322246,V,780,686,-1
1788813418.7942,322254,V,735,646,-1
1788813418.7942,322262,V,705,620,-1
1788813418.7942,322270,V,682,599,-1
1788813418.8438,322284,V,664,584,4023
1788813418.8438,322292,V,647,569,-1
1788813418.8438,322300,V,636,559,-1
1788813418.8438,322308,V,625,549,-1
1788813418.8438,322316,V,619,544,-1
1788813418.8438,322324,V,611,537,-1
1788813418.8919,322338,V,604,531,4024
1788813418.8919,322346,V,601,528,-1
1788813418.8919,322354,V,596,524,-1
1788813418.8919,322362,V,592,520,-1
1788813418.8919,322370,V,590,519,-1
1788813418.8919,322378,V,587,516,-1
1788813418.9406,322437,KEYUP,,,
1788813418.9417,322391,V,584,513,4025
1788813418.9417,322399,V,582,512,-1
1788813418.9417,322407,V,579,509,-1
1788813418.9417,322415,V,578,508,-1
1788813418.9417,322423,V,577,507,-1
1788813418.9417,322431,V,577,507,-1
1788813418.9900,322445,V,576,506,4026
1788813418.9900,322453,V,576,506,-1
1788813418.9900,322461,V,575,505,-1
1788813418.9900,322469,V,574,504,-1
1788813418.9900,322477,V,574,504,-1
1788813418.9900,322485,V,574,504,-1
1788813419.0867,322499,V,573,504,4027
1788813419.0868,322507,V,573,504,-1
1788813419.0868,322515,V,573,504,-1
1788813419.0869,322523,V,572,503,-1
1788813419.0869,322531,V,572,503,-1
1788813419.0869,322539,V,573,504,-1
1788813419.1369,322553,V,572,503,4028
1788813419.1369,322561,V,572,503,-1
1788813419.1369,322569,V,571,502,-1
1788813419.1369,322577,V,571,502,-1
1788813419.1369,322585,V,575,505,-1
1788813419.1369,322593,V,572,503,-1
1788813419.1874,322606,V,571,502,4029
1788813419.1874,322614,V,571,502,-1
1788813419.1874,322622,V,571,502,-1
1788813419.1874,322630,V,571,502,-1
1788813419.1874,322638,V,572,503,-1
1788813419.1874,322646,V,572,503,-1
1788813419.2339,322660,V,573,504,4030
1788813419.2339,322668,V,571,502,-1
1788813419.2339,322676,V,571,502,-1
1788813419.2339,322684,V,581,511,-1
1788813419.2339,322692,V,572,503,-1
1788813419.2339,322700,V,571,502,-1
1788813419.2836,322714,V,572,503,4031
1788813419.2837,322722,V,571,502,-1
1788813419.2837,322730,V,571,502,-1
1788813419.2837,322738,V,571,502,-1
1788813419.2837,322746,V,570,501,-1
1788813419.2837,322754,V,571,502,-1
1788813419.3310,322767,V,571,502,4032
1788813419.3312,322775,V,573,504,-1
1788813419.3312,322783,V,573,504,-1
1788813419.3312,322791,V,572,503,-1
1788813419.3312,322799,V,572,503,-1
1788813419.3312,322807,V,570,501,-1
1788813419.3791,322821,V,571,502,4033
1788813419.3791,322829,V,572,503,-1
1788813419.3791,322837,V,572,503,-1
1788813419.3791,322845,V,571,502,-1
1788813419.3791,322853,V,572,503,-1
1788813419.3791,322861,V,572,503,-1
1788813419.4276,322875,V,572,503,4034
1788813419.4276,322883,V,571,502,-1
1788813419.4276,322891,V,572,503,-1
1788813419.4276,322899,V,570,501,-1
1788813419.4276,322907,V,571,502,-1
1788813419.4276,322915,V,572,503,-1
1788813419.4765,322928,V,572,503,4035
1788813419.4765,322936,V,571,502,-1
1788813419.4766,322944,V,570,501,-1
1788813419.4766,322952,V,571,502,-1
1788813419.4766,322960,V,571,502,-1
1788813419.4766,322968,V,571,502,-1
1788813419.5257,322982,V,572,503,4036
1788813419.5258,322990,V,571,502,-1
1788813419.5258,322998,V,570,501,-1
1788813419.5258,323006,V,572,503,-1
1788813419.5258,323014,V,571,502,-1
1788813419.5258,323022,V,575,505,-1
1788813419.6233,323036,V,571,502,4037
1788813419.6235,323044,V,570,501,-1
1788813419.6235,323052,V,571,502,-1
1788813419.6235,323060,V,572,503,-1
1788813419.6235,323068,V,571,502,-1
1788813419.6235,323076,V,572,503,-1
1788813419.6719,323089,V,571,502,4038
1788813419.6719,323097,V,572,503,-1
1788813419.6719,323105,V,571,502,-1
1788813419.6720,323113,V,571,502,-1
1788813419.6720,323121,V,573,504,-1
1788813419.6720,323129,V,571,502,-1
1788813419.7226,323143,V,570,501,4039
1788813419.7226,323151,V,572,503,-1
1788813419.7226,323159,V,571,502,-1
1788813419.7226,323167,V,572,503,-1
1788813419.7226,323175,V,572,503,-1
1788813419.7226,323183,V,571,502,-1
1788813419.7692,323197,V,572,503,4040
1788813419.7693,323205,V,570,501,-1
1788813419.7693,323213,V,573,504,-1
1788813419.7693,323221,V,579,509,-1
1788813419.7693,323229,V,570,501,-1
1788813419.7693,323237,V,571,502,-1
1788813419.8672,323251,V,571,502,4041
1788813419.8673,323259,V,572,503,-1
1788813419.8673,323267,V,571,502,-1
1788813419.8673,323275,V,571,502,-1
1788813419.8674,323283,V,572,503,-1
1788813419.8674,323291,V,570,501,-1
1788813419.8683,323304,V,572,503,4042
1788813419.8683,323312,V,571,502,-1
1788813419.8683,323320,V,571,502,-1
1788813419.8683,323328,V,571,502,-1
1788813419.8683,323336,V,571,502,-1
1788813419.8683,323344,V,572,503,-1
1788813419.9155,323358,V,571,502,4043
1788813419.9155,323366,V,571,502,-1
1788813419.9155,323374,V,572,503,-1
1788813419.9155,323382,V,571,502,-1
1788813419.9155,323390,V,571,502,-1
1788813419.9155,323398,V,571,502,-1
1788813419.9642,323411,V,572,503,4044
1788813419.9642,323419,V,571,502,-1
1788813419.9643,323427,V,571,502,-1
1788813419.9643,323435,V,570,501,-1
1788813419.9643,323443,V,570,501,-1
1788813419.9643,323451,V,571,502,-1
1788813420.0135,323465,V,574,504,4045
1788813420.0135,323473,V,572,503,-1
1788813420.0137,323481,V,571,502,-1
1788813420.0137,323489,V,570,501,-1
1788813420.0137,323497,V,571,502,-1
1788813420.0137,323505,V,570,501,-1
1788813420.0619,323519,V,571,502,4046
1788813420.0619,323527,V,571,502,-1
1788813420.0619,323535,V,571,502,-1
1788813420.0619,323543,V,571,502,-1
1788813420.0619,323551,V,571,502,-1
1788813420.0619,323559,V,574,504,-1
1788813420.1596,323572,V,571,502,4047
1788813420.1597,323580,V,571,502,-1
1788813420.1598,323588,V,571,502,-1
1788813420.1598,323596,V,571,502,-1
1788813420.1598,323604,V,572,503,-1
1788813420.1598,323612,V,571,502,-1
1788813420.2085,323626,V,571,502,4048
1788813420.2085,323634,V,572,503,-1
1788813420.2085,323642,V,572,503,-1
1788813420.2085,323650,V,572,503,-1
1788813420.2085,323658,V,578,508,-1
1788813420.2085,323666,V,572,503,-1
1788813420.2568,323680,V,571,502,4049
1788813420.2569,323688,V,571,502,-1
1788813420.2569,323696,V,569,500,-1
1788813420.2569,323704,V,571,502,-1
1788813420.2569,323712,V,571,502,-1
1788813420.2569,323720,V,572,503,-1
1788813420.3056,323733,V,572,503,4050
1788813420.3057,323741,V,571,502,-1
1788813420.3057,323749,V,570,501,-1
1788813420.3057,323757,V,573,504,-1
1788813420.3057,323765,V,571,502,-1
1788813420.3057,323773,V,571,502,-1
1788813420.3547,323787,V,571,502,4051
1788813420.3548,323795,V,573,504,-1
1788813420.3548,323803,V,573,504,-1
1788813420.3548,323811,V,572,503,-1
1788813420.3548,323819,V,571,502,-1
1788813420.3548,323827,V,571,502,-1
1788813420.4031,323841,V,572,503,4052
1788813420.4032,323849,V,572,503,-1
1788813420.4033,323857,V,572,503,-1
1788813420.4033,323865,V,572,503,-1
1788813420.4033,323873,V,571,502,-1
1788813420.4033,323881,V,571,502,-1
1788813420.4517,323894,V,572,503,4053
1788813420.4517,323902,V,572,503,-1
1788813420.4517,323910,V,571,502,-1
1788813420.4517,323918,V,571,502,-1
1788813420.4517,323926,V,571,502,-1
1788813420.4517,323934,V,571,502,-1
1788813420.5005,323948,V,571,502,4054
1788813420.5005,323956,V,571,502,-1
1788813420.5005,323964,V,570,501,-1
1788813420.5005,323972,V,573,504,-1
1788813420.5006,323980,V,570,501,-1
1788813420.5006,323988,V,571,502,-1
1788813420.5507,324001,V,575,505,4055
1788813420.5507,324009,V,572,503,-1
1788813420.5507,324017,V,574,504,-1
1788813420.5507,324025,V,572,503,-1
1788813420.5507,324033,V,572,503,-1
1788813420.5507,324041,V,572,503,-1
1788813420.5975,324055,V,571,502,4056
1788813420.5975,324063,V,572,503,-1
1788813420.5975,324071,V,572,503,-1
1788813420.5975,324079,V,572,503,-1
1788813420.5975,324087,V,571,502,-1
1788813420.5975,324095,V,574,504,-1
1788813420.6964,324109,V,573,504,4057
1788813420.6964,324117,V,573,504,-1
1788813420.6964,324125,V,570,501,-1
1788813420.6964,324133,V,572,503,-1
1788813420.6964,324141,V,572,503,-1
1788813420.6964,324149,V,571,502,-1
1788813420.7446,324163,V,571,502,4058
1788813420.7446,324171,V,572,503,-1
1788813420.7446,324179,V,572,503,-1
1788813420.7446,324187,V,573,504,-1
1788813420.7446,324195,V,584,513,-1
1788813420.7446,324203,V,573,504,-1
1788813420.7938,324216,V,572,503,4059
1788813420.7938,324224,V,572,503,-1
1788813420.7938,324232,V,572,503,-1
1788813420.7938,324240,V,571,502,-1
1788813420.7938,324248,V,571,502,-1
1788813420.7938,324256,V,571,502,-1
1788813420.8428,324270,V,571,502,4060
1788813420.8428,324278,V,572,503,-1
1788813420.8428,324286,V,571,502,-1
1788813420.8428,324294,V,572,503,-1
1788813420.8428,324302,V,571,502,-1
1788813420.8429,324310,V,570,501,-1
1788813420.8904,324324,V,572,503,4061
1788813420.8904,324332,V,569,500,-1
1788813420.8904,324340,V,571,502,-1
1788813420.8904,324348,V,571,502,-1
1788813420.8904,324356,V,570,501,-1
1788813420.8904,324364,V,571,502,-1
1788813420.9395,324377,V,571,502,4062
1788813420.9396,324385,V,572,503,-1
1788813420.9397,324393,V,572,503,-1
1788813420.9397,324401,V,572,503,-1
1788813420.9397,324409,V,572,503,-1
1788813420.9397,324417,V,572,503,-1
1788813420.9885,324431,V,571,502,4063
1788813420.9886,324439,V,573,504,-1
1788813420.9886,324447,V,572,503,-1
1788813420.9886,324455,V,572,503,-1
1788813420.9886,324463,V,572,503,-1
1788813420.9886,324471,V,571,502,-1
1788813421.0368,324485,V,571,502,4064
1788813421.0369,324493,V,572,503,-1
1788813421.0369,324501,V,572,503,-1
1788813421.0369,324509,V,573,504,-1
1788813421.0369,324517,V,573,504,-1
1788813421.0369,324525,V,572,503,-1
1788813421.0864,324538,V,576,506,4065
1788813421.0864,324546,V,571,502,-1
1788813421.0864,324554,V,572,503,-1
1788813421.0864,324562,V,571,502,-1
1788813421.0864,324570,V,572,503,-1
1788813421.0864,324578,V,573,504,-1
1788813421.1839,324592,V,572,503,4066
1788813421.1840,324600,V,571,502,-1
1788813421.1841,324608,V,572,503,-1
1788813421.1841,324616,V,571,502,-1
1788813421.1841,324624,V,572,503,-1
1788813421.1841,324632,V,576,506,-1
1788813421.2323,324646,V,572,503,4067
1788813421.2323,324654,V,572,503,-1
1788813421.2323,324662,V,573,504,-1
1788813421.2323,324670,V,572,503,-1
1788813421.2323,324678,V,571,502,-1
1788813421.2323,324686,V,573,504,-1
1788813421.2829,324699,V,574,504,4068
1788813421.2830,324707,V,572,503,-1
1788813421.2830,324715,V,572,503,-1
1788813421.2830,324723,V,573,504,-1
1788813421.2830,324731,V,574,504,-1
1788813421.2830,324739,V,572,503,-1
1788813421.3295,324753,V,571,502,4069
1788813421.3295,324761,V,571,502,-1
1788813421.3295,324769,V,572,503,-1
1788813421.3296,324777,V,573,504,-1
1788813421.3296,324785,V,572,503,-1
1788813421.3296,324793,V,571,502,-1
1788813421.3780,324807,V,573,504,4070
1788813421.3781,324815,V,573,504,-1
1788813421.3781,324823,V,572,503,-1
1788813421.3781,324831,V,573,504,-1
1788813421.3781,324839,V,572,503,-1
1788813421.3781,324847,V,572,503,-1
1788813421.4268,324860,V,573,504,4071
1788813421.4269,324868,V,572,503,-1
1788813421.4269,324876,V,573,504,-1
1788813421.4269,324884,V,573,504,-1
1788813421.4269,324892,V,571,502,-1
1788813421.4269,324900,V,573,504,-1
1788813421.4752,324914,V,573,504,4072
1788813421.4753,324922,V,573,504,-1
1788813421.4753,324930,V,572,503,-1
1788813421.4753,324938,V,572,503,-1
1788813421.4753,324946,V,573,504,-1
1788813421.4753,324954,V,572,503,-1
1788813421.5244,324968,V,571,502,4073
1788813421.5244,324976,V,576,506,-1
1788813421.5244,324984,V,572,503,-1
1788813421.5244,324992,V,573,504,-1
1788813421.5244,325000,V,573,504,-1
1788813421.5244,325008,V,573,504,-1
1788813421.5729,325022,V,572,503,4074
1788813421.5729,325030,V,573,504,-1
1788813421.5730,325038,V,571,502,-1
1788813421.5730,325046,V,572,503,-1
1788813421.5730,325054,V,573,504,-1
1788813421.5730,325062,V,573,504,-1
1788813421.6218,325075,V,577,507,4075
1788813421.6218,325083,V,572,503,-1
1788813421.6218,325091,V,574,504,-1
1788813421.6218,325099,V,573,504,-1
1788813421.6218,325107,V,572,503,-1
1788813421.6218,325115,V,573,504,-1
1788813421.7196,325129,V,572,503,4076
1788813421.7198,325137,V,572,503,-1
1788813421.7198,325145,V,573,504,-1
1788813421.7198,325153,V,573,504,-1
1788813421.7198,325161,V,572,503,-1
1788813421.7198,325169,V,573,504,-1
1788813421.7681,325183,V,572,503,4077
1788813421.7682,325191,V,573,504,-1
1788813421.7682,325199,V,573,504,-1
1788813421.7682,325207,V,573,504,-1
1788813421.7682,325215,V,572,503,-1
1788813421.7682,325223,V,573,504,-1
1788813421.8170,325237,V,573,504,4078
1788813421.8171,325245,V,573,504,-1
1788813421.8171,325253,V,572,503,-1
1788813421.8171,325261,V,573,504,-1
1788813421.8172,325269,V,573,504,-1
1788813421.8172,325277,V,572,503,-1
1788813421.8656,325290,V,575,505,4079
1788813421.8656,325298,V,573,504,-1
1788813421.8656,325306,V,573,504,-1
1788813421.8656,325314,V,573,504,-1
1788813421.8656,325322,V,573,504,-1
1788813421.8656,325330,V,572,503,-1
1788813421.9637,325344,V,573,504,4080
1788813421.9638,325352,V,574,504,-1
1788813421.9638,325360,V,573,504,-1
1788813421.9638,325368,V,574,504,-1
1788813421.9639,325376,V,573,504,-1
1788813421.9639,325384,V,573,504,-1
1788813421.9652,325397,V,574,504,4081
1788813421.9652,325405,V,573,504,-1
1788813421.9652,325413,V,576,506,-1
1788813421.9652,325421,V,573,504,-1
1788813421.9652,325429,V,573,504,-1
1788813421.9652,325437,V,574,504,-1
1788813422.0124,325451,V,573,504,4082
1788813422.0124,325459,V,575,505,-1
1788813422.0124,325467,V,573,504,-1
1788813422.0124,325475,V,573,504,-1
1788813422.0124,325483,V,573,504,-1
1788813422.0124,325491,V,573,504,-1
1788813422.0606,325504,V,573,504,4083
1788813422.0606,325512,V,576,506,-1
1788813422.0606,325520,V,574,504,-1
1788813422.0606,325528,V,574,504,-1
1788813422.0607,325536,V,573,504,-1
1788813422.0607,325544,V,573,504,-1
1788813422.1094,325558,V,575,505,4084
1788813422.1094,325566,V,575,505,-1
1788813422.1094,325574,V,573,504,-1
1788813422.1094,325582,V,573,504,-1
1788813422.1094,325590,V,573,504,-1
1788813422.1094,325598,V,573,504,-1
1788813422.1580,325612,V,583,512,4085
1788813422.1580,325620,V,573,504,-1
1788813422.1580,325628,V,573,504,-1
1788813422.1580,325636,V,573,504,-1
1788813422.1580,325644,V,573,504,-1
1788813422.1580,325652,V,573,504,-1
1788813422.2560,325665,V,572,503,4086
1788813422.2562,325673,V,574,504,-1
1788813422.2562,325681,V,572,503,-1
1788813422.2562,325689,V,574,504,-1
1788813422.2562,325697,V,573,504,-1
1788813422.2562,325705,V,575,505,-1
1788813422.3063,325719,V,573,504,4087
1788813422.3064,325727,V,574,504,-1
1788813422.3064,325735,V,574,504,-1
1788813422.3064,325743,V,574,504,-1
1788813422.3064,325751,V,573,504,-1
1788813422.3064,325759,V,574,504,-1
1788813422.3534,325773,V,573,504,4088
1788813422.3534,325781,V,574,504,-1
1788813422.3534,325789,V,574,504,-1
1788813422.3534,325797,V,575,505,-1
1788813422.3534,325805,V,573,504,-1
1788813422.3534,325813,V,574,504,-1
1788813422.4016,325826,V,575,505,4089
1788813422.4016,325834,V,574,504,-1
1788813422.4016,325842,V,574,504,-1
1788813422.4016,325850,V,574,504,-1
1788813422.4016,325858,V,575,505,-1
1788813422.4016,325866,V,575,505,-1
1788813422.4505,325880,V,575,505,4090
1788813422.4505,325888,V,575,505,-1
1788813422.4505,325896,V,574,504,-1
1788813422.4505,325904,V,574,504,-1
1788813422.4505,325912,V,574,504,-1
1788813422.4505,325920,V,576,506,-1
1788813422.4995,325934,V,576,506,4091
1788813422.4996,325942,V,575,505,-1
1788813422.4996,325950,V,578,508,-1
1788813422.4996,325958,V,575,505,-1
1788813422.4996,325966,V,574,504,-1
1788813422.4996,325974,V,575,505,-1
1788813422.5486,325987,V,575,505,4092
1788813422.5487,325995,V,576,506,-1
1788813422.5487,326003,V,576,506,-1
1788813422.5487,326011,V,577,507,-1
1788813422.5487,326019,V,575,505,-1
1788813422.5487,326027,V,576,506,-1
1788813422.5968,326041,V,577,507,4093
1788813422.5968,326049,V,577,507,-1
1788813422.5968,326057,V,575,505,-1
1788813422.5969,326065,V,575,505,-1
1788813422.5969,326073,V,575,505,-1
1788813422.5969,326081,V,576,506,-1
1788813422.6457,326095,V,576,506,4094
1788813422.6457,326103,V,575,505,-1
1788813422.6457,326111,V,576,506,-1
1788813422.6457,326119,V,576,506,-1
1788813422.6457,326127,V,576,506,-1
1788813422.6457,326135,V,576,506,-1
1788813422.6941,326148,V,591,519,4095
1788813422.6941,326156,V,576,506,-1
1788813422.6941,326164,V,576,506,-1
1788813422.6941,326172,V,576,506,-1
1788813422.6941,326180,V,576,506,-1
1788813422.6941,326188,V,576,506,-1
1788813422.7921,326202,V,576,506,4096
1788813422.7923,326210,V,577,507,-1
1788813422.7923,326218,V,575,505,-1
1788813422.7923,326226,V,577,507,-1
1788813422.7923,326234,V,576,506,-1
1788813422.7923,326242,V,577,507,-1
1788813422.8410,326256,V,576,506,4097
1788813422.8410,326264,V,574,504,-1
1788813422.8410,326272,V,576,506,-1
1788813422.8411,326280,V,576,506,-1
1788813422.8411,326288,V,577,507,-1
1788813422.8411,326296,V,576,506,-1
1788813422.8893,326309,V,576,506,4098
1788813422.8893,326317,V,577,507,-1
1788813422.8893,326325,V,577,507,-1
1788813422.8893,326333,V,577,507,-1
1788813422.8894,326341,V,577,507,-1
1788813422.8894,326349,V,576,506,-1
1788813422.9382,326363,V,577,507,4099
1788813422.9382,326371,V,577,507,-1
1788813422.9382,326379,V,576,506,-1
1788813422.9382,326387,V,577,507,-1
1788813422.9382,326395,V,577,507,-1
1788813422.9382,326403,V,578,508,-1
1788813422.9866,326416,V,579,509,4100
1788813422.9866,326424,V,578,508,-1
1788813422.9866,326432,V,578,508,-1
1788813422.9866,326440,V,579,509,-1
1788813422.9866,326448,V,579,509,-1
1788813422.9866,326456,V,579,509,-1
1788813423.0359,326470,V,580,510,4101
1788813423.0361,326478,V,579,509,-1
1788813423.0361,326486,V,584,513,-1
1788813423.0361,326494,V,580,510,-1
1788813423.0361,326502,V,581,511,-1
1788813423.0361,326510,V,582,512,-1
1788813423.1336,326524,V,583,512,4102
1788813423.1336,326532,V,583,512,-1
1788813423.1336,326540,V,584,513,-1
1788813423.1336,326548,V,584,513,-1
1788813423.1336,326556,V,585,514,-1
1788813423.1337,326564,V,585,514,-1
1788813423.1344,326578,V,585,514,4103
1788813423.1344,326586,V,589,518,-1
1788813423.1344,326594,V,588,517,-1
1788813423.1344,326602,V,589,518,-1
1788813423.1344,326610,V,590,519,-1
1788813423.1344,326618,V,590,519,-1
1788813423.1828,326631,V,592,520,4104
1788813423.1829,326639,V,593,521,-1
1788813423.1829,326647,V,595,523,-1
1788813423.1829,326655,V,596,524,-1
1788813423.1829,326663,V,598,526,-1
1788813423.1829,326671,V,598,526,-1
1788813423.2311,326685,V,607,533,4105
1788813423.2311,326693,V,602,529,-1
1788813423.2311,326701,V,605,532,-1
1788813423.2311,326709,V,608,534,-1
1788813423.2311,326717,V,611,537,-1
1788813423.2311,326725,V,615,541,-1
1788813423.3292,326739,V,619,544,4106
1788813423.3293,326747,V,625,549,-1
1788813423.3293,326755,V,631,555,-1
1788813423.3294,326763,V,641,563,-1
1788813423.3294,326771,V,654,575,-1
1788813423.3294,326779,V,670,589,-1
1788813423.3781,326792,V,707,621,4107
1788813423.3781,326800,V,916,805,-1
1788813423.3781,326808,V,929,817,-1
1788813423.3781,326816,V,966,849,-1
1788813423.3782,326824,V,990,870,-1
1788813423.3782,326832,V,994,874,-1
1788813423.4262,326846,V,998,877,4108
1788813423.4262,326854,V,1000,879,-1
1788813423.4262,326862,V,1000,879,-1
1788813423.4262,326870,V,996,875,-1
1788813423.4262,326878,V,994,874,-1
1788813423.4262,326886,V,995,875,-1
1788813423.4280,326927,KEYDOWN,,,
1788813423.4743,326900,V,997,876,4109
1788813423.4744,326908,V,1001,880,-1
1788813423.4744,326916,V,1003,882,-1
1788813423.4744,326924,V,1008,886,-1
1788813423.4744,326932,V,1011,889,-1
1788813423.4744,326940,V,1015,892,-1
1788813423.5232,326954,V,1015,892,4110
1788813423.5232,326962,V,1017,894,-1
1788813423.5232,326970,V,1017,894,-1
1788813423.5233,326978,V,1014,891,-1
1788813423.5233,326986,V,1014,891,-1
1788813423.5233,326994,V,1014,891,-1
1788813423.5716,327008,V,1014,891,4111
1788813423.5717,327016,V,1016,893,-1
1788813423.5717,327024,V,1015,892,-1
1788813423.5717,327032,V,1014,891,-1
1788813423.5717,327040,V,1014,891,-1
1788813423.5718,327048,V,1014,891,-1
1788813423.6208,327062,V,1015,892,4112
1788813423.6209,327070,V,1014,891,-1
1788813423.6209,327078,V,1014,891,-1
1788813423.6209,327086,V,1015,892,-1
1788813423.6209,327094,V,1014,891,-1
1788813423.6209,327102,V,1014,891,-1
1788813423.6694,327115,V,1014,891,4113
1788813423.6695,327123,V,1013,890,-1
1788813423.6695,327131,V,1013,890,-1
1788813423.6695,327139,V,1012,889,-1
1788813423.6695,327147,V,1013,890,-1
1788813423.6695,327155,V,1014,891,-1
1788813423.7181,327169,V,1013,890,4114
1788813423.7182,327177,V,1012,889,-1
1788813423.7182,327185,V,1014,891,-1
1788813423.7184,327193,V,1012,889,-1
1788813423.7184,327201,V,1012,889,-1
1788813423.7184,327209,V,1012,889,-1
1788813423.7669,327223,V,1012,889,4115
1788813423.7669,327231,V,1013,890,-1
1788813423.7669,327239,V,1011,889,-1
1788813423.7669,327247,V,1012,889,-1
1788813423.7669,327255,V,1012,889,-1
1788813423.7669,327263,V,1011,889,-1
1788813423.8652,327276,V,1013,890,4116
1788813423.8653,327284,V,1012,889,-1
1788813423.8653,327292,V,1012,889,-1
1788813423.8654,327300,V,1012,889,-1
1788813423.8654,327308,V,1012,889,-1
1788813423.8654,327316,V,1011,889,-1
1788813423.9136,327330,V,1011,889,4117
1788813423.9136,327338,V,1011,889,-1
1788813423.9136,327346,V,1011,889,-1
1788813423.9136,327354,V,1012,889,-1
1788813423.9136,327362,V,1013,890,-1
1788813423.9136,327370,V,1012,889,-1
1788813423.9631,327383,V,1011,889,4118
1788813423.9631,327391,V,1012,889,-1
1788813423.9632,327399,V,1012,889,-1
1788813423.9632,327407,V,1011,889,-1
1788813423.9632,327415,V,1013,890,-1
1788813423.9632,327423,V,1013,890,-1
1788813424.0597,327437,V,1012,889,4119
1788813424.0597,327445,V,1014,891,-1
1788813424.0597,327453,V,1012,889,-1
1788813424.0597,327461,V,1014,891,-1
1788813424.0597,327469,V,1013,890,-1
1788813424.0597,327477,V,1013,890,-1
1788813424.0608,327491,V,1013,890,4120
1788813424.0608,327499,V,1013,890,-1
1788813424.0608,327507,V,1013,890,-1
1788813424.0608,327515,V,1014,891,-1
1788813424.0608,327523,V,1014,891,-1
1788813424.0608,327531,V,1014,891,-1
1788813424.1081,327544,V,1013,890,4121
1788813424.1083,327552,V,1014,891,-1
1788813424.1083,327560,V,1015,892,-1
1788813424.1083,327568,V,1014,891,-1
1788813424.1083,327576,V,1014,891,-1
1788813424.1083,327584,V,1014,891,-1
1788813424.1571,327598,V,1014,891,4122
1788813424.1571,327606,V,1014,891,-1
1788813424.1571,327614,V,1015,892,-1
1788813424.1571,327622,V,1013,890,-1
1788813424.1571,327630,V,1015,892,-1
1788813424.1572,327638,V,1015,892,-1
1788813424.2059,327652,V,1014,891,4123
1788813424.2060,327660,V,1014,891,-1
1788813424.2060,327668,V,1014,891,-1
1788813424.2060,327676,V,1015,892,-1
1788813424.2060,327684,V,1014,891,-1
1788813424.2060,327692,V,1014,891,-1
1788813424.2545,327705,V,1015,892,4124
1788813424.2546,327713,V,1014,891,-1
1788813424.2546,327721,V,1014,891,-1
1788813424.2546,327729,V,1014,891,-1
1788813424.2546,327737,V,1015,892,-1
1788813424.2546,327745,V,1015,892,-1
1788813424.3043,327759,V,1015,892,4125
1788813424.3044,327767,V,1015,892,-1
1788813424.3044,327775,V,1015,892,-1
1788813424.3044,327783,V,1015,892,-1
1788813424.3044,327791,V,1014,891,-1
1788813424.3044,327799,V,1015,892,-1
1788813424.4017,327813,V,1016,893,4126
1788813424.4019,327821,V,1015,892,-1
1788813424.4019,327829,V,1014,891,-1
1788813424.4019,327837,V,1016,893,-1
1788813424.4019,327845,V,1016,893,-1
1788813424.4019,327853,V,1015,892,-1
1788813424.4507,327866,V,1015,892,4127
1788813424.4507,327874,V,1015,892,-1
1788813424.4507,327882,V,1015,892,-1
1788813424.4507,327890,V,1015,892,-1
1788813424.4507,327898,V,1016,893,-1
1788813424.4507,327906,V,1016,893,-1
1788813424.4988,327920,V,1014,891,4128
1788813424.4988,327928,V,1014,891,-1
1788813424.4988,327936,V,1016,893,-1
1788813424.4988,327944,V,1016,893,-1
1788813424.4988,327952,V,1016,893,-1
1788813424.4988,327960,V,1017,894,-1
1788813424.5469,327973,V,1016,893,4129
1788813424.5469,327981,V,1017,894,-1
1788813424.5469,327989,V,1017,894,-1
1788813424.5469,327997,V,1018,895,-1
1788813424.5469,328005,V,1017,894,-1
1788813424.5470,328013,V,1016,893,-1
1788813424.5966,328027,V,1016,893,4130
1788813424.5966,328035,V,1016,893,-1
1788813424.5966,328043,V,1016,893,-1
1788813424.5966,328051,V,1015,892,-1
1788813424.5966,328059,V,1017,894,-1
1788813424.5966,328067,V,1017,894,-1
1788813424.6444,328081,V,1018,895,4131
1788813424.6445,328089,V,1017,894,-1
1788813424.6445,328097,V,1018,895,-1
1788813424.6445,328105,V,1017,894,-1
1788813424.6445,328113,V,1016,893,-1
1788813424.6445,328121,V,1016,893,-1
1788813424.6935,328135,V,1017,894,4132
1788813424.6936,328143,V,1016,893,-1
1788813424.6936,328151,V,1017,894,-1
1788813424.6936,328159,V,1016,893,-1
1788813424.6936,328167,V,1017,894,-1
1788813424.6936,328175,V,1016,893,-1
1788813424.7429,328188,V,1017,894,4133
1788813424.7429,328196,V,1016,893,-1
1788813424.7429,328204,V,1015,892,-1
1788813424.7429,328212,V,1016,893,-1
1788813424.7429,328220,V,1016,893,-1
1788813424.7429,328228,V,1017,894,-1
1788813424.7912,328242,V,1017,894,4134
1788813424.7912,328250,V,1017,894,-1
1788813424.7912,328258,V,1017,894,-1
1788813424.7912,328266,V,1016,893,-1
1788813424.7912,328274,V,1017,894,-1
1788813424.7912,328282,V,1017,894,-1
1788813424.8403,328296,V,1017,894,4135
1788813424.8403,328304,V,1017,894,-1
1788813424.8403,328312,V,1016,893,-1
1788813424.8403,328320,V,1015,892,-1
1788813424.8403,328328,V,1016,893,-1
1788813424.8403,328336,V,1016,893,-1
1788813424.9379,328349,V,1015,892,4136
1788813424.9380,328357,V,1016,893,-1
1788813424.9380,328365,V,1016,893,-1
1788813424.9380,328373,V,1016,893,-1
1788813424.9380,328381,V,1015,892,-1
1788813424.9380,328389,V,1017,894,-1
1788813424.9867,328403,V,1017,894,4137
1788813424.9867,328411,V,1015,892,-1
1788813424.9867,328419,V,1016,893,-1
1788813424.9867,328427,V,1016,893,-1
1788813424.9867,328435,V,1017,894,-1
1788813424.9868,328443,V,1016,893,-1
1788813425.0354,328456,V,1015,892,4138
1788813425.0354,328464,V,1016,893,-1
1788813425.0354,328472,V,1015,892,-1
1788813425.0354,328480,V,1016,893,-1
1788813425.0354,328488,V,1016,893,-1
1788813425.0354,328496,V,1016,893,-1
1788813425.0829,328510,V,1016,893,4139
1788813425.0829,328518,V,1015,892,-1
1788813425.0830,328526,V,1015,892,-1
1788813425.0830,328534,V,1015,892,-1
1788813425.0830,328542,V,1015,892,-1
1788813425.0830,328550,V,1015,892,-1
1788813425.1329,328564,V,1016,893,4140
1788813425.1329,328572,V,1015,892,-1
1788813425.1329,328580,V,1016,893,-1
1788813425.1329,328588,V,1017,894,-1
1788813425.1329,328596,V,1017,894,-1
1788813425.1329,328604,V,1016,893,-1
1788813425.1806,328618,V,1017,894,4141
1788813425.1807,328626,V,1017,894,-1
1788813425.1807,328634,V,1017,894,-1
1788813425.1807,328642,V,1016,893,-1
1788813425.1807,328650,V,1017,894,-1
1788813425.1807,328658,V,1016,893,-1
1788813425.2297,328671,V,1017,894,4142
1788813425.2298,328679,V,1016,893,-1
1788813425.2298,328687,V,1017,894,-1
1788813425.2298,328695,V,1016,893,-1
1788813425.2298,328703,V,1016,893,-1
1788813425.2298,328711,V,1015,892,-1
1788813425.2784,328725,V,1016,893,4143
1788813425.2784,328733,V,1017,894,-1
1788813425.2784,328741,V,1017,894,-1
1788813425.2784,328749,V,1016,893,-1
1788813425.2784,328757,V,1016,893,-1
1788813425.2784,328765,V,1016,893,-1
1788813425.3288,328779,V,1017,894,4144
1788813425.3288,328787,V,1017,894,-1
1788813425.3288,328795,V,1016,893,-1
1788813425.3288,328803,V,1017,894,-1
1788813425.3288,328811,V,1017,894,-1
1788813425.3288,328819,V,1016,893,-1
1788813425.3755,328832,V,1016,893,4145
1788813425.3755,328840,V,1017,894,-1
1788813425.3757,328848,V,1015,892,-1
1788813425.3757,328856,V,1016,893,-1
1788813425.3757,328864,V,1017,894,-1
1788813425.3757,328872,V,1016,893,-1
1788813425.4735,328886,V,1018,895,4146
1788813425.4736,328894,V,1017,894,-1
1788813425.4737,328902,V,1016,893,-1
1788813425.4737,328910,V,1015,892,-1
1788813425.4737,328918,V,1016,893,-1
1788813425.4737,328926,V,1016,893,-1
1788813425.5223,328939,V,1016,893,4147
1788813425.5223,328947,V,1017,894,-1
1788813425.5223,328955,V,1015,892,-1
1788813425.5223,328963,V,1016,893,-1
1788813425.5223,328971,V,1018,895,-1
1788813425.5223,328979,V,1017,894,-1
1788813425.5705,328993,V,1017,894,4148
1788813425.5705,329001,V,1016,893,-1
1788813425.5705,329009,V,1016,893,-1
1788813425.5705,329017,V,1015,892,-1
1788813425.5705,329025,V,1016,893,-1
1788813425.5705,329033,V,1017,894,-1
1788813425.6194,329047,V,1016,893,4149
1788813425.6194,329055,V,1017,894,-1
1788813425.6194,329063,V,1016,893,-1
1788813425.6194,329071,V,1018,895,-1
1788813425.6194,329079,V,1017,894,-1
1788813425.6194,329087,V,1017,894,-1
1788813425.6678,329101,V,1016,893,4150
1788813425.6678,329109,V,1017,894,-1
1788813425.6678,329117,V,1015,892,-1
1788813425.6678,329125,V,1015,892,-1
1788813425.6678,329133,V,1016,893,-1
1788813425.6678,329141,V,1016,893,-1
1788813425.7167,329154,V,1017,894,4151
1788813425.7168,329162,V,1017,894,-1
1788813425.7168,329170,V,1017,894,-1
1788813425.7168,329178,V,1016,893,-1
1788813425.7168,329186,V,1016,893,-1
1788813425.7168,329194,V,1016,893,-1
1788813425.7659,329208,V,1017,894,4152
1788813425.7659,329216,V,1017,894,-1
1788813425.7659,329224,V,1016,893,-1
1788813425.7659,329232,V,1017,894,-1
1788813425.7659,329240,V,1016,893,-1
1788813425.7659,329248,V,1016,893,-1
1788813425.8147,329261,V,1015,892,4153
1788813425.8147,329269,V,1015,892,-1
1788813425.8147,329277,V,1015,892,-1
1788813425.8148,329285,V,1016,893,-1
1788813425.8148,329293,V,1016,893,-1
1788813425.8148,329301,V,1016,893,-1
1788813425.8633,329315,V,1015,892,4154
1788813425.8633,329323,V,1017,894,-1
1788813425.8633,329331,V,1016,893,-1
1788813425.8633,329339,V,1017,894,-1
1788813425.8633,329347,V,1015,892,-1
1788813425.8634,329355,V,1016,893,-1
1788813425.9120,329369,V,1016,893,4155
1788813425.9120,329377,V,1016,893,-1
1788813425.9120,329385,V,1016,893,-1
1788813425.9120,329393,V,1016,893,-1
1788813425.9120,329401,V,1015,892,-1
1788813425.9120,329409,V,1015,892,-1
1788813426.0097,329422,V,1015,892,4156
1788813426.0099,329430,V,1015,892,-1
1788813426.0099,329438,V,1016,893,-1
1788813426.0099,329446,V,1015,892,-1
1788813426.0100,329454,V,1016,893,-1
1788813426.0101,329462,V,1015,892,-1
1788813426.0586,329476,V,1015,892,4157
1788813426.0586,329484,V,1015,892,-1
1788813426.0587,329492,V,1015,892,-1
1788813426.0587,329500,V,1015,892,-1
1788813426.0587,329508,V,1016,893,-1
1788813426.0587,329516,V,1015,892,-1
1788813426.1579,329530,V,1015,892,4158
1788813426.1579,329538,V,1015,892,-1
1788813426.1579,329546,V,1015,892,-1
1788813426.1579,329554,V,1015,892,-1
1788813426.1580,329562,V,1016,893,-1
1788813426.1580,329570,V,1016,893,-1
1788813426.1583,329583,V,1016,893,4159
1788813426.1583,329591,V,1016,893,-1
1788813426.1583,329599,V,1016,893,-1
1788813426.1583,329607,V,1017,894,-1
1788813426.1583,329615,V,1016,893,-1
1788813426.1583,329623,V,1016,893,-1
1788813426.2044,329637,V,1016,893,4160
1788813426.2044,329645,V,1017,894,-1
1788813426.2045,329653,V,1016,893,-1
1788813426.2045,329661,V,1017,894,-1
1788813426.2045,329669,V,1016,893,-1
1788813426.2045,329677,V,1015,892,-1
1788813426.2534,329691,V,1016,893,4161
1788813426.2535,329699,V,1016,893,-1
1788813426.2535,329707,V,1017,894,-1
1788813426.2535,329715,V,1015,892,-1
1788813426.2535,329723,V,1016,893,-1
1788813426.2535,329731,V,1015,892,-1
1788813426.3026,329744,V,1016,893,4162
1788813426.3027,329752,V,1016,893,-1
1788813426.3027,329760,V,1016,893,-1
1788813426.3027,329768,V,1014,891,-1
1788813426.3027,329776,V,1016,893,-1
1788813426.3027,329784,V,1015,892,-1
1788813426.3519,329798,V,1017,894,4163
1788813426.3519,329806,V,1016,893,-1
1788813426.3519,329814,V,1016,893,-1
1788813426.3519,329822,V,1017,894,-1
1788813426.3519,329830,V,1016,893,-1
1788813426.3519,329838,V,1016,893,-1
1788813426.3992,329852,V,1016,893,4164
1788813426.3992,329860,V,1015,892,-1
1788813426.3992,329868,V,1016,893,-1
1788813426.3992,329876,V,1016,893,-1
1788813426.3992,329884,V,1016,893,-1
1788813426.3993,329892,V,1017,894,-1
1788813426.4481,329905,V,1016,893,4165
1788813426.4482,329913,V,1015,892,-1
1788813426.4482,329921,V,1016,893,-1
1788813426.4482,329929,V,1015,892,-1
1788813426.4482,329937,V,1017,894,-1
1788813426.4482,329945,V,1017,894,-1
1788813426.5467,329959,V,1016,893,4166
1788813426.5468,329967,V,1015,892,-1
1788813426.5469,329975,V,1016,893,-1
1788813426.5469,329983,V,1016,893,-1
1788813426.5469,329991,V,1017,894,-1
1788813426.5469,329999,V,1016,893,-1
1788813426.5954,330013,V,1015,892,4167
1788813426.5954,330021,V,1015,892,-1
1788813426.5954,330029,V,1016,893,-1
1788813426.5954,330037,V,1016,893,-1
1788813426.5954,330045,V,1016,893,-1
1788813426.5954,330053,V,1015,892,-1
1788813426.6432,330066,V,1015,892,4168
1788813426.6432,330074,V,1016,893,-1
1788813426.6432,330082,V,1015,892,-1
1788813426.6432,330090,V,1017,894,-1
1788813426.6432,330098,V,1017,894,-1
1788813426.6432,330106,V,1016,893,-1
1788813426.6921,330120,V,1016,893,4169
1788813426.6921,330128,V,1016,893,-1
1788813426.6921,330136,V,1016,893,-1
1788813426.6921,330144,V,1016,893,-1
1788813426.6921,330152,V,1015,892,-1
1788813426.6921,330160,V,1015,892,-1
1788813426.7407,330174,V,1016,893,4170
1788813426.7407,330182,V,1016,893,-1
1788813426.7407,330190,V,1015,892,-1
1788813426.7407,330198,V,1016,893,-1
1788813426.7408,330206,V,1015,892,-1
1788813426.7408,330214,V,1016,893,-1
1788813426.7894,330227,V,1015,892,4171
1788813426.7895,330235,V,1016,893,-1
1788813426.7896,330243,V,1015,892,-1
1788813426.7896,330251,V,1015,892,-1
1788813426.7896,330259,V,1016,893,-1
1788813426.7896,330267,V,1015,892,-1
1788813426.8387,330281,V,1015,892,4172
1788813426.8388,330289,V,1016,893,-1
1788813426.8388,330297,V,1016,893,-1
1788813426.8388,330305,V,1015,892,-1
1788813426.8388,330313,V,1015,892,-1
1788813426.8388,330321,V,1015,892,-1
1788813426.8868,330334,V,1015,892,4173
1788813426.8869,330342,V,1015,892,-1
1788813426.8869,330350,V,1015,892,-1
1788813426.8869,330358,V,1014,891,-1
1788813426.8869,330366,V,1016,893,-1
1788813426.8869,330374,V,1015,892,-1
1788813426.9359,330388,V,1015,892,4174
1788813426.9359,330396,V,1016,893,-1
1788813426.9359,330404,V,1015,892,-1
1788813426.9359,330412,V,1015,892,-1
1788813426.9360,330420,V,1016,893,-1
1788813426.9360,330428,V,1015,892,-1
1788813426.9846,330442,V,1017,894,4175
1788813426.9846,330450,V,1015,892,-1
1788813426.9846,330458,V,1016,893,-1
1788813426.9846,330466,V,1016,893,-1
1788813426.9846,330474,V,1015,892,-1
1788813426.9846,330482,V,1016,893,-1
1788813427.0822,330495,V,1016,893,4176
1788813427.0824,330503,V,1017,894,-1
1788813427.0824,330511,V,1016,893,-1
1788813427.0824,330519,V,1015,892,-1
1788813427.0824,330527,V,1016,893,-1
1788813427.0824,330535,V,1016,893,-1
1788813427.1313,330549,V,1016,893,4177
1788813427.1313,330557,V,1016,893,-1
1788813427.1313,330565,V,1015,892,-1
1788813427.1313,330573,V,1016,893,-1
1788813427.1313,330581,V,1016,893,-1
1788813427.1313,330589,V,1015,892,-1
1788813427.1795,330602,V,1016,893,4178
1788813427.1796,330610,V,1015,892,-1
1788813427.1796,330618,V,1015,892,-1
1788813427.1796,330626,V,1016,893,-1
1788813427.1797,330634,V,1015,892,-1
1788813427.1797,330642,V,1014,891,-1
1788813427.2283,330656,V,1015,892,4179
1788813427.2283,330664,V,1015,892,-1
1788813427.2283,330672,V,1015,892,-1
1788813427.2283,330680,V,1017,894,-1
1788813427.2283,330688,V,1016,893,-1
1788813427.2284,330696,V,1017,894,-1
1788813427.2771,330710,V,1017,894,4180
1788813427.2772,330718,V,1016,893,-1
1788813427.2772,330726,V,1016,893,-1
1788813427.2772,330734,V,1016,893,-1
1788813427.2772,330742,V,1015,892,-1
1788813427.2772,330750,V,1015,892,-1
1788813427.3257,330763,V,1015,892,4181
1788813427.3259,330771,V,1016,893,-1
1788813427.3259,330779,V,1016,893,-1
1788813427.3259,330787,V,1016,893,-1
1788813427.3259,330795,V,1015,892,-1
1788813427.3259,330803,V,1015,892,-1
1788813427.3747,330817,V,1016,893,4182
1788813427.3747,330825,V,1015,892,-1
1788813427.3747,330833,V,1015,892,-1
1788813427.3747,330841,V,1015,892,-1
1788813427.3747,330849,V,1016,893,-1
1788813427.3747,330857,V,1016,893,-1
1788813427.4232,330871,V,1014,891,4183
1788813427.4232,330879,V,1016,893,-1
1788813427.4232,330887,V,1017,894,-1
1788813427.4232,330895,V,1016,893,-1
1788813427.4232,330903,V,1016,893,-1
1788813427.4232,330911,V,1016,893,-1
1788813427.4716,330924,V,1015,892,4184
1788813427.4716,330932,V,1015,892,-1
1788813427.4716,330940,V,1016,893,-1
1788813427.4716,330948,V,1016,893,-1
1788813427.4716,330956,V,1016,893,-1
1788813427.4716,330964,V,1016,893,-1
1788813427.5206,330978,V,1017,894,4185
1788813427.5206,330986,V,1016,893,-1
1788813427.5206,330994,V,1015,892,-1
1788813427.5206,331002,V,1016,893,-1
1788813427.5206,331010,V,1015,892,-1
1788813427.5206,331018,V,1016,893,-1
1788813427.6186,331032,V,1015,892,4186
1788813427.6188,331040,V,1017,894,-1
1788813427.6188,331048,V,1016,893,-1
1788813427.6188,331056,V,1015,892,-1
1788813427.6188,331064,V,1015,892,-1
1788813427.6188,331072,V,1015,892,-1
1788813427.6674,331085,V,1016,893,4187
1788813427.6674,331093,V,1016,893,-1
1788813427.6674,331101,V,1014,891,-1
1788813427.6674,331109,V,1015,892,-1
1788813427.6674,331117,V,1015,892,-1
1788813427.6674,331125,V,1014,891,-1
1788813427.7158,331139,V,1015,892,4188
1788813427.7158,331147,V,1015,892,-1
1788813427.7158,331155,V,1015,892,-1
1788813427.7159,331163,V,1016,893,-1
1788813427.7159,331171,V,1016,893,-1
1788813427.7159,331179,V,1016,893,-1
1788813427.7646,331193,V,1015,892,4189
1788813427.7647,331201,V,1015,892,-1
1788813427.7647,331209,V,1015,892,-1
1788813427.7647,331217,V,1016,893,-1
1788813427.7647,331225,V,1014,891,-1
1788813427.7647,331233,V,1015,892,-1
1788813427.8132,331246,V,1015,892,4190
1788813427.8132,331254,V,1016,893,-1
1788813427.8132,331262,V,1016,893,-1
1788813427.8133,331270,V,1015,892,-1
1788813427.8133,331278,V,1016,893,-1
1788813427.8133,331286,V,1016,893,-1
1788813427.8621,331300,V,1015,892,4191
1788813427.8623,331308,V,1015,892,-1
1788813427.8623,331316,V,1015,892,-1
1788813427.8623,331324,V,1015,892,-1
1788813427.8623,331332,V,1016,893,-1
1788813427.8623,331340,V,1015,892,-1
1788813427.9111,331353,V,1015,892,4192
1788813427.9112,331361,V,1016,893,-1
1788813427.9112,331369,V,1016,893,-1
1788813427.9112,331377,V,1015,892,-1
1788813427.9112,331385,V,1016,893,-1
1788813427.9112,331393,V,1016,893,-1
1788813427.9596,331407,V,1014,891,4193
1788813427.9596,331415,V,1015,892,-1
1788813427.9596,331423,V,1016,893,-1
1788813427.9596,331431,V,1016,893,-1
1788813427.9596,331439,V,1015,892,-1
1788813427.9597,331447,V,1016,893,-1
1788813428.0087,331460,V,1014,891,4194
1788813428.0087,331468,V,1017,894,-1
1788813428.0087,331476,V,1015,892,-1
1788813428.0087,331484,V,1015,892,-1
1788813428.0087,331492,V,1015,892,-1
1788813428.0087,331500,V,1014,891,-1
1788813428.0569,331514,V,1016,893,4195
1788813428.0569,331522,V,1016,893,-1
1788813428.0570,331530,V,1015,892,-1
1788813428.0570,331538,V,1014,891,-1
1788813428.0570,331546,V,1016,893,-1
1788813428.0570,331554,V,1016,893,-1
1788813428.1551,331568,V,1015,892,4196
1788813428.1553,331576,V,1015,892,-1
1788813428.1553,331584,V,1015,892,-1
1788813428.1554,331592,V,1015,892,-1
1788813428.1554,331600,V,1015,892,-1
1788813428.1554,331608,V,1015,892,-1
1788813428.2526,331622,V,1015,892,4197
1788813428.2526,331630,V,1015,892,-1
1788813428.2526,331638,V,1016,893,-1
1788813428.2526,331646,V,1016,893,-1
1788813428.2526,331654,V,1016,893,-1
1788813428.2526,331662,V,1017,894,-1
1788813428.2536,331675,V,1016,893,4198
1788813428.2536,331683,V,1015,892,-1
1788813428.2536,331691,V,1015,892,-1
1788813428.2536,331699,V,1016,893,-1
1788813428.2536,331707,V,1015,892,-1
1788813428.2536,331715,V,1016,893,-1
1788813428.3008,331729,V,1015,892,4199
1788813428.3008,331737,V,1015,892,-1
1788813428.3008,331745,V,1015,892,-1
1788813428.3008,331753,V,1015,892,-1
1788813428.3008,331761,V,1015,892,-1
1788813428.3008,331769,V,1015,892,-1
1788813428.3511,331783,V,1015,892,4200
1788813428.3512,331791,V,1014,891,-1
1788813428.3512,331799,V,1014,891,-1
1788813428.3512,331807,V,1015,892,-1
1788813428.3512,331815,V,1015,892,-1
1788813428.3512,331823,V,1015,892,-1
1788813428.4472,331836,V,1014,891,4201
1788813428.4473,331844,V,1014,891,-1
1788813428.4473,331852,V,1014,891,-1
1788813428.4473,331860,V,1015,892,-1
1788813428.4473,331868,V,1015,892,-1
1788813428.4473,331876,V,1014,891,-1
1788813428.4482,331890,V,1014,891,4202
1788813428.4483,331898,V,1014,891,-1
1788813428.4483,331906,V,1015,892,-1
1788813428.4483,331914,V,1015,892,-1
1788813428.4483,331922,V,1014,891,-1
1788813428.4483,331930,V,1014,891,-1
1788813428.4962,331944,V,1015,892,4203
1788813428.4962,331952,V,1015,892,-1
1788813428.4962,331960,V,1014,891,-1
1788813428.4962,331968,V,1015,892,-1
1788813428.4962,331976,V,1015,892,-1
1788813428.4962,331984,V,1015,892,-1
1788813428.5446,331997,V,1016,893,4204
1788813428.5446,332005,V,1014,891,-1
1788813428.5446,332013,V,1015,892,-1
1788813428.5447,332021,V,1015,892,-1
1788813428.5447,332029,V,1017,894,-1
1788813428.5447,332037,V,1016,893,-1
1788813428.6423,332051,V,1014,891,4205
1788813428.6423,332059,V,1015,892,-1
1788813428.6423,332067,V,1016,893,-1
1788813428.6423,332075,V,1016,893,-1
1788813428.6423,332083,V,1015,892,-1
1788813428.6423,332091,V,1016,893,-1
1788813428.6935,332105,V,1016,893,4206
1788813428.6936,332113,V,1015,892,-1
1788813428.6936,332121,V,1016,893,-1
1788813428.6936,332129,V,1016,893,-1
1788813428.6936,332137,V,1015,892,-1
1788813428.6936,332145,V,1015,892,-1
1788813428.7398,332159,V,1015,892,4207
1788813428.7398,332167,V,1016,893,-1
1788813428.7398,332175,V,1015,892,-1
1788813428.7398,332183,V,1015,892,-1
1788813428.7398,332191,V,1015,892,-1
1788813428.7398,332199,V,1014,891,-1
1788813428.7884,332212,V,1014,891,4208
1788813428.7884,332220,V,1015,892,-1
1788813428.7884,332228,V,1015,892,-1
1788813428.7884,332236,V,1015,892,-1
1788813428.7884,332244,V,1014,891,-1
1788813428.7884,332252,V,1015,892,-1
1788813428.8381,332266,V,1014,891,4209
1788813428.8381,332274,V,1015,892,-1
1788813428.8381,332282,V,1015,892,-1
1788813428.8381,332290,V,1015,892,-1
1788813428.8381,332298,V,1015,892,-1
1788813428.8381,332306,V,1014,891,-1
1788813428.8858,332319,V,1016,893,4210
1788813428.8859,332327,V,1016,893,-1
1788813428.8859,332335,V,1014,891,-1
1788813428.8859,332343,V,1015,892,-1
1788813428.8859,332351,V,1014,891,-1
1788813428.8859,332359,V,1015,892,-1
1788813428.9354,332373,V,1015,892,4211
1788813428.9355,332381,V,1016,893,-1
1788813428.9355,332389,V,1015,892,-1
1788813428.9356,332397,V,1016,893,-1
1788813428.9356,332405,V,1016,893,-1
1788813428.9356,332413,V,1016,893,-1
1788813428.9842,332427,V,1016,893,4212
1788813428.9843,332435,V,1016,893,-1
1788813428.9843,332443,V,1016,893,-1
1788813428.9843,332451,V,1016,893,-1
1788813428.9843,332459,V,1015,892,-1
1788813428.9843,332467,V,1016,893,-1
1788813429.0329,332480,V,1016,893,4213
1788813429.0330,332488,V,1015,892,-1
1788813429.0330,332496,V,1016,893,-1
1788813429.0330,332504,V,1015,892,-1
1788813429.0330,332512,V,1016,893,-1
1788813429.0330,332520,V,1015,892,-1
1788813429.0818,332534,V,1015,892,4214
1788813429.0818,332542,V,1015,892,-1
1788813429.0818,332550,V,1015,892,-1
1788813429.0818,332558,V,1015,892,-1
1788813429.0818,332566,V,1015,892,-1
1788813429.0819,332574,V,1016,893,-1
1788813429.1812,332588,V,1014,891,4215
1788813429.1813,332596,V,1014,891,-1
1788813429.1813,332604,V,1013,890,-1
1788813429.1813,332612,V,1015,892,-1
1788813429.1813,332620,V,1016,893,-1
1788813429.1813,332628,V,1016,893,-1
1788813429.2276,332641,V,1015,892,4216
1788813429.2276,332649,V,1015,892,-1
1788813429.2276,332657,V,1014,891,-1
1788813429.2276,332665,V,1016,893,-1
1788813429.2276,332673,V,1015,892,-1
1788813429.2276,332681,V,1016,893,-1
1788813429.2756,332695,V,1015,892,4217
1788813429.2756,332703,V,1015,892,-1
1788813429.2756,332711,V,1016,893,-1
1788813429.2756,332719,V,1016,893,-1
1788813429.2756,332727,V,1016,893,-1
1788813429.2756,332735,V,1015,892,-1
1788813429.3254,332749,V,1015,892,4218
1788813429.3255,332757,V,1016,893,-1
1788813429.3255,332765,V,1015,892,-1
1788813429.3255,332773,V,1016,893,-1
1788813429.3255,332781,V,1014,891,-1
1788813429.3255,332789,V,1015,892,-1
1788813429.3750,332802,V,1015,892,4219
1788813429.3750,332810,V,1015,892,-1
1788813429.3750,332818,V,1015,892,-1
1788813429.3750,332826,V,1015,892,-1
1788813429.3750,332834,V,1015,892,-1
1788813429.3750,332842,V,1014,891,-1
1788813429.4220,332856,V,1015,892,4220
1788813429.4221,332864,V,1016,893,-1
1788813429.4221,332872,V,1016,893,-1
1788813429.4221,332880,V,1015,892,-1
1788813429.4221,332888,V,1015,892,-1
1788813429.4221,332896,V,1015,892,-1
1788813429.4721,332910,V,1015,892,4221
1788813429.4721,332918,V,1015,892,-1
1788813429.4722,332926,V,1015,892,-1
1788813429.4722,332934,V,1014,891,-1
1788813429.4722,332942,V,1016,893,-1
1788813429.4722,332950,V,1016,893,-1
1788813429.5206,332963,V,1016,893,4222
1788813429.5206,332971,V,1015,892,-1
1788813429.5206,332979,V,1015,892,-1
1788813429.5206,332987,V,1015,892,-1
1788813429.5206,332995,V,1015,892,-1
1788813429.5206,333003,V,1015,892,-1
1788813429.5689,333017,V,1016,893,4223
1788813429.5690,333025,V,1015,892,-1
1788813429.5690,333033,V,1014,891,-1
1788813429.5690,333041,V,1015,892,-1
1788813429.5690,333049,V,1013,890,-1
1788813429.5690,333057,V,1014,891,-1
1788813429.6171,333071,V,1016,893,4224
1788813429.6171,333079,V,1015,892,-1
1788813429.6172,333087,V,1015,892,-1
1788813429.6172,333095,V,1015,892,-1
1788813429.6172,333103,V,1014,891,-1
1788813429.6172,333111,V,1015,892,-1
1788813429.7146,333125,V,1016,893,4225
1788813429.7147,333133,V,1014,891,-1
1788813429.7147,333141,V,1015,892,-1
1788813429.7148,333149,V,1015,892,-1
1788813429.7148,333157,V,1016,893,-1
1788813429.7148,333165,V,1015,892,-1
1788813429.7637,333178,V,1015,892,4226
1788813429.7637,333186,V,1015,892,-1
1788813429.7637,333194,V,1016,893,-1
1788813429.7637,333202,V,1015,892,-1
1788813429.7637,333210,V,1015,892,-1
1788813429.7637,333218,V,1016,893,-1
1788813429.8120,333232,V,1015,892,4227
1788813429.8120,333240,V,1016,893,-1
1788813429.8120,333248,V,1015,892,-1
1788813429.8120,333256,V,1016,893,-1
1788813429.8120,333264,V,1015,892,-1
1788813429.8120,333272,V,1016,893,-1
1788813429.8615,333286,V,1015,892,4228
1788813429.8615,333294,V,1015,892,-1
1788813429.8615,333302,V,1016,893,-1
1788813429.8615,333310,V,1017,894,-1
1788813429.8615,333318,V,1016,893,-1
1788813429.8615,333326,V,1015,892,-1
1788813429.9095,333339,V,1015,892,4229
1788813429.9095,333347,V,1015,892,-1
1788813429.9095,333355,V,1015,892,-1
1788813429.9095,333363,V,1016,893,-1
1788813429.9095,333371,V,1016,893,-1
1788813429.9095,333379,V,1015,892,-1
1788813429.9584,333393,V,1016,893,4230
1788813429.9585,333401,V,1015,892,-1
1788813429.9585,333409,V,1015,892,-1
1788813429.9585,333417,V,1015,892,-1
1788813429.9585,333425,V,1016,893,-1
1788813429.9585,333433,V,1016,893,-1
1788813430.0076,333446,V,1016,893,4231
1788813430.0076,333454,V,1015,892,-1
1788813430.0076,333462,V,1015,892,-1
1788813430.0076,333470,V,1015,892,-1
1788813430.0076,333478,V,1016,893,-1
1788813430.0076,333486,V,1015,892,-1
1788813430.0569,333500,V,1015,892,4232
1788813430.0569,333508,V,1016,893,-1
1788813430.0570,333516,V,1016,893,-1
1788813430.0570,333524,V,1015,892,-1
1788813430.0570,333532,V,1015,892,-1
1788813430.0570,333540,V,1016,893,-1
1788813430.1055,333554,V,1015,892,4233
1788813430.1056,333562,V,1016,893,-1
1788813430.1056,333570,V,1014,891,-1
1788813430.1056,333578,V,1016,893,-1
1788813430.1056,333586,V,1015,892,-1
1788813430.1056,333594,V,1015,892,-1
1788813430.1544,333607,V,1016,893,4234
1788813430.1544,333615,V,1014,891,-1
1788813430.1545,333623,V,1014,891,-1
1788813430.1545,333631,V,1016,893,-1
1788813430.1545,333639,V,1015,892,-1
1788813430.1545,333647,V,1014,891,-1
1788813430.2509,333661,V,1015,892,4235
1788813430.2510,333669,V,1015,892,-1
1788813430.2511,333677,V,1015,892,-1
1788813430.2511,333685,V,1015,892,-1
1788813430.2511,333693,V,1016,893,-1
1788813430.2511,333701,V,1015,892,-1
1788813430.3492,333715,V,1016,893,4236
1788813430.3492,333723,V,1015,892,-1
1788813430.3492,333731,V,1015,892,-1
1788813430.3492,333739,V,1014,891,-1
1788813430.3492,333747,V,1015,892,-1
1788813430.3492,333755,V,1016,893,-1
1788813430.3501,333768,V,1015,892,4237
1788813430.3501,333776,V,1015,892,-1
1788813430.3501,333784,V,1015,892,-1
1788813430.3501,333792,V,1016,893,-1
1788813430.3501,333800,V,1016,893,-1
1788813430.3501,333808,V,1016,893,-1
1788813430.4002,333822,V,1015,892,4238
1788813430.4002,333830,V,1015,892,-1
1788813430.4002,333838,V,1015,892,-1
1788813430.4002,333846,V,1015,892,-1
1788813430.4002,333854,V,1015,892,-1
1788813430.4002,333862,V,1016,893,-1
1788813430.4459,333876,V,1016,893,4239
1788813430.4460,333884,V,1016,893,-1
1788813430.4460,333892,V,1015,892,-1
1788813430.4460,333900,V,1015,892,-1
1788813430.4460,333908,V,1015,892,-1
1788813430.4460,333916,V,1016,893,-1
1788813430.4970,333929,V,1017,894,4240
1788813430.4971,333937,V,1015,892,-1
1788813430.4972,333945,V,1014,891,-1
1788813430.4972,333953,V,1015,892,-1
1788813430.4972,333961,V,1015,892,-1
1788813430.4972,333969,V,1015,892,-1
1788813430.5443,333983,V,1016,893,4241
1788813430.5444,333991,V,1015,892,-1
1788813430.5444,333999,V,1015,892,-1
1788813430.5444,334007,V,1015,892,-1
1788813430.5444,334015,V,1015,892,-1
1788813430.5444,334023,V,1015,892,-1
1788813430.5928,334037,V,1016,893,4242
1788813430.5928,334045,V,1017,894,-1
1788813430.5928,334053,V,1016,893,-1
1788813430.5928,334061,V,1016,893,-1
1788813430.5928,334069,V,1016,893,-1
1788813430.5928,334077,V,1015,892,-1
1788813430.6414,334090,V,1016,893,4243
1788813430.6414,334098,V,1013,890,-1
1788813430.6414,334106,V,1017,894,-1
1788813430.6414,334114,V,1017,894,-1
1788813430.6414,334122,V,1017,894,-1
1788813430.6414,334130,V,1015,892,-1
1788813430.6892,334144,V,1017,894,4244
1788813430.6892,334152,V,1016,893,-1
1788813430.6893,334160,V,1016,893,-1
1788813430.6893,334168,V,1015,892,-1
1788813430.6893,334176,V,1016,893,-1
1788813430.6893,334184,V,1016,893,-1
1788813430.7877,334198,V,1016,893,4245
1788813430.7878,334206,V,1016,893,-1
1788813430.7879,334214,V,1015,892,-1
1788813430.7879,334222,V,1015,892,-1
1788813430.7879,334230,V,1015,892,-1
1788813430.7880,334238,V,1014,891,-1
1788813430.8358,334251,V,1016,893,4246
1788813430.8358,334259,V,1015,892,-1
1788813430.8358,334267,V,1015,892,-1
1788813430.8359,334275,V,1015,892,-1
1788813430.8359,334283,V,1016,893,-1
1788813430.8359,334291,V,1014,891,-1
1788813430.8858,334305,V,1015,892,4247
1788813430.8858,334313,V,1015,892,-1
1788813430.8858,334321,V,1015,892,-1
1788813430.8858,334329,V,1016,893,-1
1788813430.8858,334337,V,1016,893,-1
1788813430.8858,334345,V,1016,893,-1
1788813430.9344,334359,V,1016,893,4248
1788813430.9344,334367,V,1016,893,-1
1788813430.9344,334375,V,1016,893,-1
1788813430.9344,334383,V,1015,892,-1
1788813430.9344,334391,V,1016,893,-1
1788813430.9344,334399,V,1015,892,-1
1788813430.9822,334412,V,1014,891,4249
1788813430.9822,334420,V,1014,891,-1
1788813430.9822,334428,V,1016,893,-1
1788813430.9822,334436,V,1016,893,-1
1788813430.9822,334444,V,1016,893,-1
1788813430.9822,334452,V,1016,893,-1
1788813431.0311,334466,V,1016,893,4250
1788813431.0312,334474,V,1015,892,-1
1788813431.0312,334482,V,1016,893,-1
1788813431.0312,334490,V,1015,892,-1
1788813431.0312,334498,V,1014,891,-1
1788813431.0312,334506,V,1015,892,-1
1788813431.0808,334520,V,1016,893,4251
1788813431.0809,334528,V,1016,893,-1
1788813431.0809,334536,V,1015,892,-1
1788813431.0809,334544,V,1015,892,-1
1788813431.0809,334552,V,1014,891,-1
1788813431.0809,334560,V,1014,891,-1
1788813431.1292,334573,V,1015,892,4252
1788813431.1292,334581,V,1017,894,-1
1788813431.1292,334589,V,1016,893,-1
1788813431.1292,334597,V,1015,892,-1
1788813431.1292,334605,V,1015,892,-1
1788813431.1292,334613,V,1015,892,-1
1788813431.1779,334627,V,1015,892,4253
1788813431.1779,334635,V,1015,892,-1
1788813431.1779,334643,V,1014,891,-1
1788813431.1779,334651,V,1016,893,-1
1788813431.1779,334659,V,1015,892,-1
1788813431.1779,334667,V,1016,893,-1
1788813431.2268,334681,V,1015,892,4254
1788813431.2268,334689,V,1014,891,-1
1788813431.2268,334697,V,1015,892,-1
1788813431.2268,334705,V,1015,892,-1
1788813431.2268,334713,V,1014,891,-1
1788813431.2269,334721,V,1015,892,-1
1788813431.3245,334734,V,1015,892,4255
1788813431.3247,334742,V,1016,893,-1
1788813431.3247,334750,V,1015,892,-1
1788813431.3247,334758,V,1015,892,-1
1788813431.3247,334766,V,1015,892,-1
1788813431.3247,334774,V,1014,891,-1
1788813431.3722,334788,V,1015,892,4256
1788813431.3723,334796,V,1015,892,-1
1788813431.3723,334804,V,1015,892,-1
1788813431.3723,334812,V,1014,891,-1
1788813431.3723,334820,V,1015,892,-1
1788813431.3723,334828,V,1017,894,-1
1788813431.4218,334842,V,1016,893,4257
1788813431.4218,334850,V,1015,892,-1
1788813431.4218,334858,V,1015,892,-1
1788813431.4218,334866,V,1015,892,-1
1788813431.4218,334874,V,1015,892,-1
1788813431.4218,334882,V,1015,892,-1
1788813431.4697,334895,V,1014,891,4258
1788813431.4697,334903,V,1015,892,-1
1788813431.4697,334911,V,1015,892,-1
1788813431.4697,334919,V,1015,892,-1
1788813431.4697,334927,V,1015,892,-1
1788813431.4697,334935,V,1013,890,-1
1788813431.5188,334949,V,1014,891,4259
1788813431.5188,334957,V,1015,892,-1
1788813431.5188,334965,V,1014,891,-1
1788813431.5188,334973,V,1015,892,-1
1788813431.5188,334981,V,1015,892,-1
1788813431.5188,334989,V,1014,891,-1
1788813431.5672,335003,V,1014,891,4260
1788813431.5674,335011,V,1014,891,-1
1788813431.5674,335019,V,1014,891,-1
1788813431.5674,335027,V,1016,893,-1
1788813431.5674,335035,V,1015,892,-1
1788813431.5674,335043,V,1014,891,-1
1788813431.6162,335056,V,1014,891,4261
1788813431.6162,335064,V,1014,891,-1
1788813431.6162,335072,V,1014,891,-1
1788813431.6162,335080,V,1015,892,-1
1788813431.6162,335088,V,1015,892,-1
1788813431.6162,335096,V,1015,892,-1
1788813431.6644,335110,V,1015,892,4262
1788813431.6644,335118,V,1015,892,-1
1788813431.6644,335126,V,1015,892,-1
1788813431.6644,335134,V,1014,891,-1
1788813431.6644,335142,V,1015,892,-1
1788813431.6644,335150,V,1016,893,-1
1788813431.7621,335164,V,1015,892,4263
1788813431.7621,335172,V,1015,892,-1
1788813431.7622,335180,V,1016,893,-1
1788813431.7622,335188,V,1016,893,-1
1788813431.7622,335196,V,1016,893,-1
1788813431.7622,335204,V,1015,892,-1
1788813431.7633,335217,V,1014,891,4264
1788813431.7633,335225,V,1015,892,-1
1788813431.7633,335233,V,1014,891,-1
1788813431.7633,335241,V,1015,892,-1
1788813431.7633,335249,V,1015,892,-1
1788813431.7633,335257,V,1015,892,-1
1788813431.8597,335271,V,1014,891,4265
1788813431.8598,335279,V,1015,892,-1
1788813431.8598,335287,V,1015,892,-1
1788813431.8598,335295,V,1016,893,-1
1788813431.8598,335303,V,1017,894,-1
1788813431.8598,335311,V,1015,892,-1
1788813431.9088,335325,V,1016,893,4266
1788813431.9088,335333,V,1014,891,-1
1788813431.9088,335341,V,1015,892,-1
1788813431.9088,335349,V,1015,892,-1
1788813431.9088,335357,V,1016,893,-1
1788813431.9088,335365,V,1015,892,-1
1788813431.9570,335378,V,1015,892,4267
1788813431.9570,335386,V,1016,893,-1
1788813431.9570,335394,V,1016,893,-1
1788813431.9570,335402,V,1014,891,-1
1788813431.9570,335410,V,1015,892,-1
1788813431.9570,335418,V,1014,891,-1
1788813432.0056,335432,V,1015,892,4268
1788813432.0056,335440,V,1015,892,-1
1788813432.0056,335448,V,1015,892,-1
1788813432.0056,335456,V,1016,893,-1
1788813432.0056,335464,V,1015,892,-1
1788813432.0056,335472,V,1014,891,-1
1788813432.0546,335486,V,1016,893,4269
1788813432.0546,335494,V,1015,892,-1
1788813432.0546,335502,V,1014,891,-1
1788813432.0546,335510,V,1015,892,-1
1788813432.0546,335518,V,1015,892,-1
1788813432.0546,335526,V,1015,892,-1
1788813432.1034,335539,V,1015,892,4270
1788813432.1035,335547,V,1016,893,-1
1788813432.1035,335555,V,1016,893,-1
1788813432.1035,335563,V,1015,892,-1
1788813432.1035,335571,V,1014,891,-1
1788813432.1035,335579,V,1014,891,-1
1788813432.1526,335593,V,1015,892,4271
1788813432.1526,335601,V,1016,893,-1
1788813432.1526,335609,V,1015,892,-1
1788813432.1526,335617,V,1014,891,-1
1788813432.1526,335625,V,1015,892,-1
1788813432.1526,335633,V,1014,891,-1
1788813432.2010,335647,V,1014,891,4272
1788813432.2010,335655,V,1015,892,-1
1788813432.2010,335663,V,1015,892,-1
1788813432.2010,335671,V,1015,892,-1
1788813432.2010,335679,V,1015,892,-1
1788813432.2010,335687,V,1015,892,-1
1788813432.2498,335700,V,1016,893,4273
1788813432.2499,335708,V,1014,891,-1
1788813432.2499,335716,V,1015,892,-1
1788813432.2499,335724,V,1016,893,-1
1788813432.2499,335732,V,1015,892,-1
1788813432.2499,335740,V,1016,893,-1
1788813432.2981,335754,V,1016,893,4274
1788813432.2982,335762,V,1016,893,-1
1788813432.2982,335770,V,1015,892,-1
1788813432.2982,335778,V,1014,891,-1
1788813432.2982,335786,V,1015,892,-1
1788813432.2982,335794,V,1014,891,-1
1788813432.4448,335807,V,1016,893,4275
1788813432.4449,335815,V,1016,893,-1
1788813432.4449,335823,V,1016,893,-1
1788813432.4449,335831,V,1015,892,-1
1788813432.4450,335839,V,1015,892,-1
1788813432.4450,335847,V,1014,891,-1
1788813432.4458,335861,V,1014,891,4276
1788813432.4458,335869,V,1015,892,-1
1788813432.4459,335877,V,1014,891,-1
1788813432.4459,335885,V,1015,892,-1
1788813432.4459,335893,V,1014,891,-1
1788813432.4459,335901,V,1014,891,-1
1788813432.4937,335915,V,1015,892,4277
1788813432.4937,335923,V,1015,892,-1
1788813432.4937,335931,V,1015,892,-1
1788813432.4937,335939,V,1015,892,-1
1788813432.4937,335947,V,1016,893,-1
1788813432.4937,335955,V,1015,892,-1
1788813432.5424,335968,V,1016,893,4278
1788813432.5424,335976,V,1015,892,-1
1788813432.5424,335984,V,1014,891,-1
1788813432.5424,335992,V,1016,893,-1
1788813432.5426,336000,V,1015,892,-1
1788813432.5426,336008,V,1016,893,-1
1788813432.5906,336022,V,1016,893,4279
1788813432.5906,336030,V,1015,892,-1
1788813432.5906,336038,V,1015,892,-1
1788813432.5906,336046,V,1015,892,-1
1788813432.5906,336054,V,1015,892,-1
1788813432.5906,336062,V,1015,892,-1
1788813432.6396,336076,V,1015,892,4280
1788813432.6396,336084,V,1014,891,-1
1788813432.6396,336092,V,1016,893,-1
1788813432.6396,336100,V,1013,890,-1
1788813432.6396,336108,V,1015,892,-1
1788813432.6396,336116,V,1015,892,-1
1788813432.6884,336129,V,1015,892,4281
1788813432.6885,336137,V,1014,891,-1
1788813432.6885,336145,V,1016,893,-1
1788813432.6885,336153,V,1015,892,-1
1788813432.6885,336161,V,1015,892,-1
1788813432.6885,336169,V,1014,891,-1
1788813432.7375,336183,V,1015,892,4282
1788813432.7376,336191,V,1016,893,-1
1788813432.7376,336199,V,1015,892,-1
1788813432.7376,336207,V,1016,893,-1
1788813432.7376,336215,V,1017,894,-1
1788813432.7376,336223,V,1017,894,-1
1788813432.7858,336237,V,1015,892,4283
1788813432.7858,336245,V,1015,892,-1
1788813432.7858,336253,V,1015,892,-1
1788813432.7859,336261,V,1016,893,-1
1788813432.7859,336269,V,1015,892,-1
1788813432.7859,336277,V,1015,892,-1
1788813432.8346,336290,V,1015,892,4284
1788813432.8346,336298,V,1016,893,-1
1788813432.8346,336306,V,1016,893,-1
1788813432.8346,336314,V,1015,892,-1
1788813432.8346,336322,V,1015,892,-1
1788813432.8346,336330,V,1015,892,-1
1788813432.9323,336344,V,1015,892,4285
1788813432.9324,336352,V,1014,891,-1
1788813432.9324,336360,V,1015,892,-1
1788813432.9324,336368,V,1016,893,-1
1788813432.9324,336376,V,1014,891,-1
1788813432.9324,336384,V,1015,892,-1
1788813432.9823,336398,V,1015,892,4286
1788813432.9823,336406,V,1015,892,-1
1788813432.9823,336414,V,1014,891,-1
1788813432.9823,336422,V,1013,890,-1
1788813432.9823,336430,V,1015,892,-1
1788813432.9823,336438,V,1015,892,-1
1788813433.0309,336451,V,1015,892,4287
1788813433.0310,336459,V,1015,892,-1
1788813433.0310,336467,V,1016,893,-1
1788813433.0310,336475,V,1014,891,-1
1788813433.0310,336483,V,1014,891,-1
1788813433.0310,336491,V,1016,893,-1
1788813433.0789,336505,V,1016,893,4288
1788813433.0789,336513,V,1014,891,-1
1788813433.0789,336521,V,1015,892,-1
1788813433.0789,336529,V,1015,892,-1
1788813433.0789,336537,V,1013,890,-1
1788813433.0789,336545,V,1015,892,-1
1788813433.1277,336558,V,1015,892,4289
1788813433.1277,336566,V,1015,892,-1
1788813433.1278,336574,V,1014,891,-1
1788813433.1278,336582,V,1014,891,-1
1788813433.1278,336590,V,1015,892,-1
1788813433.1278,336598,V,1015,892,-1
1788813433.1757,336612,V,1014,891,4290
1788813433.1759,336620,V,1014,891,-1
1788813433.1759,336628,V,1017,894,-1
1788813433.1759,336636,V,1014,891,-1
1788813433.1759,336644,V,1015,892,-1
1788813433.1759,336652,V,1016,893,-1
1788813433.2249,336666,V,1015,892,4291
1788813433.2249,336674,V,1016,893,-1
1788813433.2249,336682,V,1015,892,-1
1788813433.2249,336690,V,1014,891,-1
1788813433.2249,336698,V,1015,892,-1
1788813433.2249,336706,V,1015,892,-1
1788813433.2735,336719,V,1015,892,4292
1788813433.2735,336727,V,1015,892,-1
1788813433.2735,336735,V,1015,892,-1
1788813433.2735,336743,V,1016,893,-1
1788813433.2735,336751,V,1014,891,-1
1788813433.2735,336759,V,1016,893,-1
1788813433.3223,336773,V,1015,892,4293
1788813433.3223,336781,V,1013,890,-1
1788813433.3223,336789,V,1016,893,-1
1788813433.3224,336797,V,1015,892,-1
1788813433.3224,336805,V,1014,891,-1
1788813433.3224,336813,V,1015,892,-1
1788813433.3718,336827,V,1015,892,4294
1788813433.3718,336835,V,1016,893,-1
1788813433.3718,336843,V,1015,892,-1
1788813433.3719,336851,V,1016,893,-1
1788813433.3719,336859,V,1014,891,-1
1788813433.3719,336867,V,1015,892,-1
1788813433.4686,336880,V,1014,891,4295
1788813433.4688,336888,V,1015,892,-1
1788813433.4688,336896,V,1015,892,-1
1788813433.4688,336904,V,1014,891,-1
1788813433.4688,336912,V,1015,892,-1
1788813433.4688,336920,V,1015,892,-1
1788813433.5189,336934,V,1014,891,4296
1788813433.5190,336942,V,1015,892,-1
1788813433.5190,336950,V,1013,890,-1
1788813433.5190,336958,V,1015,892,-1
1788813433.5190,336966,V,1015,892,-1
1788813433.5190,336974,V,1015,892,-1
1788813433.5680,336988,V,1014,891,4297
1788813433.5680,336996,V,1015,892,-1
1788813433.5680,337004,V,1016,893,-1
1788813433.5680,337012,V,1013,890,-1
1788813433.5680,337020,V,1015,892,-1
1788813433.5680,337028,V,1015,892,-1
1788813433.6144,337041,V,1015,892,4298
1788813433.6144,337049,V,1014,891,-1
1788813433.6144,337057,V,1013,890,-1
1788813433.6144,337065,V,1015,892,-1
1788813433.6144,337073,V,1014,891,-1
1788813433.6145,337081,V,1014,891,-1
1788813433.6643,337095,V,1014,891,4299
1788813433.6643,337103,V,1013,890,-1
1788813433.6643,337111,V,1014,891,-1
1788813433.6643,337119,V,1014,891,-1
1788813433.6643,337127,V,1012,889,-1
1788813433.6644,337135,V,1013,890,-1
1788813433.7130,337149,V,1014,891,4300
1788813433.7132,337157,V,1015,892,-1
1788813433.7132,337165,V,1015,892,-1
1788813433.7132,337173,V,1013,890,-1
1788813433.7132,337181,V,1012,889,-1
1788813433.7132,337189,V,1013,890,-1
1788813433.8108,337202,V,1013,890,4301
1788813433.8108,337210,V,1012,889,-1
1788813433.8108,337218,V,1012,889,-1
1788813433.8108,337226,V,1013,890,-1
1788813433.8108,337234,V,1014,891,-1
1788813433.8108,337242,V,1012,889,-1
1788813433.8120,337256,V,1013,890,4302
1788813433.8121,337264,V,1012,889,-1
1788813433.8121,337272,V,1012,889,-1
1788813433.8121,337280,V,1012,889,-1
1788813433.8121,337288,V,1011,889,-1
1788813433.8121,337296,V,1011,889,-1
1788813433.8593,337310,V,1012,889,4303
1788813433.8593,337318,V,1012,889,-1
1788813433.8593,337326,V,1011,889,-1
1788813433.8593,337334,V,1010,888,-1
1788813433.8593,337342,V,1009,887,-1
1788813433.8593,337350,V,1007,885,-1
1788813433.9080,337363,V,1001,880,4304
1788813433.9081,337371,V,990,870,-1
1788813433.9081,337379,V,984,865,-1
1788813433.9081,337387,V,976,858,-1
1788813433.9081,337395,V,967,850,-1
1788813433.9081,337403,V,959,843,-1
1788813434.0048,337417,V,949,834,4305
1788813434.0050,337425,V,941,827,-1
1788813434.0050,337433,V,933,820,-1
1788813434.0050,337441,V,914,803,-1
1788813434.0050,337449,V,887,780,-1
1788813434.0050,337457,V,842,740,-1
1788813434.0557,337471,V,754,663,4306
1788813434.0557,337479,V,714,628,-1
1788813434.0557,337487,V,692,608,-1
1788813434.0557,337495,V,673,592,-1
1788813434.0558,337503,V,660,580,-1
1788813434.0558,337511,V,647,569,-1
1788813434.1022,337524,V,635,558,4307
1788813434.1022,337532,V,625,549,-1
1788813434.1022,337540,V,619,544,-1
1788813434.1023,337548,V,612,538,-1
1788813434.1023,337556,V,606,533,-1
1788813434.1023,337564,V,600,527,-1
1788813434.1510,337578,V,595,523,4308
1788813434.1511,337586,V,591,519,-1
1788813434.1511,337594,V,589,518,-1
1788813434.1511,337602,V,600,527,-1
1788813434.1511,337610,V,584,513,-1
1788813434.1511,337618,V,582,512,-1
1788813434.2004,337659,KEYUP,,,
1788813434.2028,337632,V,580,510,4309
1788813434.2029,337640,V,577,507,-1
1788813434.2029,337648,V,576,506,-1
1788813434.2029,337656,V,575,505,-1
1788813434.2029,337664,V,575,505,-1
1788813434.2029,337672,V,574,504,-1
1788813434.2492,337686,V,573,504,4310
1788813434.2494,337694,V,573,504,-1
1788813434.2494,337702,V,573,504,-1
1788813434.2494,337710,V,573,504,-1
1788813434.2494,337718,V,571,502,-1
1788813434.2494,337726,V,571,502,-1
1788813434.2984,337739,V,571,502,4311
1788813434.2985,337747,V,572,503,-1
1788813434.2985,337755,V,571,502,-1
1788813434.2985,337763,V,571,502,-1
1788813434.2985,337771,V,572,503,-1
1788813434.2985,337779,V,571,502,-1
1788813434.3464,337793,V,571,502,4312
1788813434.3464,337801,V,570,501,-1
1788813434.3464,337809,V,571,502,-1
1788813434.3465,337817,V,570,501,-1
1788813434.3465,337825,V,570,501,-1
1788813434.3465,337833,V,570,501,-1
1788813434.3955,337847,V,574,504,4313
1788813434.3955,337855,V,571,502,-1
1788813434.3955,337863,V,571,502,-1
1788813434.3955,337871,V,571,502,-1
1788813434.3955,337879,V,571,502,-1
1788813434.3955,337887,V,571,502,-1
1788813434.4443,337900,V,572,503,4314
1788813434.4443,337908,V,571,502,-1
1788813434.4443,337916,V,572,503,-1
1788813434.4443,337924,V,571,502,-1
1788813434.4443,337932,V,572,503,-1
1788813434.4443,337940,V,575,505,-1
1788813434.5414,337954,V,571,502,4315
1788813434.5415,337962,V,571,502,-1
1788813434.5415,337970,V,571,502,-1
1788813434.5416,337978,V,571,502,-1
1788813434.5416,337986,V,570,501,-1
1788813434.5416,337994,V,572,503,-1
1788813434.5910,338007,V,570,501,4316
1788813434.5911,338015,V,571,502,-1
1788813434.5911,338023,V,570,501,-1
1788813434.5911,338031,V,570,501,-1
1788813434.5911,338039,V,576,506,-1
1788813434.5911,338047,V,571,502,-1
1788813434.6409,338061,V,572,503,4317
1788813434.6409,338069,V,570,501,-1
1788813434.6409,338077,V,571,502,-1
1788813434.6409,338085,V,571,502,-1
1788813434.6409,338093,V,572,503,-1
1788813434.6409,338101,V,570,501,-1
1788813434.6872,338115,V,570,501,4318
1788813434.6872,338123,V,571,502,-1
1788813434.6872,338131,V,570,501,-1
1788813434.6872,338139,V,571,502,-1
1788813434.6872,338147,V,571,502,-1
1788813434.6872,338155,V,570,501,-1
1788813434.7373,338169,V,571,502,4319
1788813434.7373,338177,V,570,501,-1
1788813434.7373,338185,V,571,502,-1
1788813434.7373,338193,V,571,502,-1
1788813434.7373,338201,V,571,502,-1
1788813434.7373,338209,V,572,503,-1
1788813434.7851,338222,V,572,503,4320
1788813434.7853,338230,V,571,502,-1
1788813434.7853,338238,V,571,502,-1
1788813434.7853,338246,V,571,502,-1
1788813434.7853,338254,V,570,501,-1
1788813434.7853,338262,V,571,502,-1
1788813434.8347,338276,V,570,501,4321
1788813434.8347,338284,V,571,502,-1
1788813434.8347,338292,V,571,502,-1
1788813434.8347,338300,V,570,501,-1
1788813434.8347,338308,V,571,502,-1
1788813434.8347,338316,V,570,501,-1
1788813434.8831,338330,V,570,501,4322
1788813434.8832,338338,V,571,502,-1
1788813434.8832,338346,V,570,501,-1
1788813434.8832,338354,V,571,502,-1
1788813434.8832,338362,V,571,502,-1
1788813434.8832,338370,V,570,501,-1
1788813434.9318,338383,V,576,506,4323
1788813434.9318,338391,V,571,502,-1
1788813434.9318,338399,V,570,501,-1
1788813434.9318,338407,V,571,502,-1
1788813434.9318,338415,V,571,502,-1
1788813434.9319,338423,V,571,502,-1
1788813434.9802,338437,V,571,502,4324
1788813434.9802,338445,V,570,501,-1
1788813434.9802,338453,V,572,503,-1
1788813434.9803,338461,V,572,503,-1
1788813434.9803,338469,V,571,502,-1
1788813434.9803,338477,V,571,502,-1
1788813435.0772,338491,V,570,501,4325
1788813435.0772,338499,V,570,501,-1
1788813435.0773,338507,V,571,502,-1
1788813435.0773,338515,V,571,502,-1
1788813435.0773,338523,V,570,501,-1
1788813435.0773,338531,V,572,503,-1
1788813435.1261,338544,V,571,502,4326
1788813435.1261,338552,V,571,502,-1
1788813435.1261,338560,V,571,502,-1
1788813435.1261,338568,V,572,503,-1
1788813435.1261,338576,V,580,510,-1
1788813435.1261,338584,V,570,501,-1
1788813435.1747,338598,V,571,502,4327
1788813435.1747,338606,V,571,502,-1
1788813435.1747,338614,V,571,502,-1
1788813435.1747,338622,V,571,502,-1
1788813435.1748,338630,V,572,503,-1
1788813435.1748,338638,V,570,501,-1
1788813435.2237,338652,V,571,502,4328
1788813435.2238,338660,V,571,502,-1
1788813435.2238,338668,V,572,503,-1
1788813435.2238,338676,V,571,502,-1
1788813435.2238,338684,V,571,502,-1
1788813435.2238,338692,V,571,502,-1
1788813435.2728,338705,V,570,501,4329
1788813435.2728,338713,V,571,502,-1
1788813435.2728,338721,V,570,501,-1
1788813435.2728,338729,V,569,500,-1
1788813435.2728,338737,V,571,502,-1
1788813435.2729,338745,V,571,502,-1
1788813435.3223,338759,V,570,501,4330
1788813435.3225,338767,V,571,502,-1
1788813435.3225,338775,V,571,502,-1
1788813435.3225,338783,V,571,502,-1
1788813435.3225,338791,V,571,502,-1
1788813435.3226,338799,V,571,502,-1
1788813435.3700,338813,V,571,502,4331
1788813435.3701,338821,V,572,503,-1
1788813435.3701,338829,V,572,503,-1
1788813435.3701,338837,V,571,502,-1
1788813435.3701,338845,V,570,501,-1
1788813435.3701,338853,V,571,502,-1
1788813435.4222,338866,V,570,501,4332
1788813435.4222,338874,V,571,502,-1
1788813435.4222,338882,V,570,501,-1
1788813435.4222,338890,V,570,501,-1
1788813435.4222,338898,V,571,502,-1
1788813435.4222,338906,V,571,502,-1
1788813435.4682,338920,V,573,504,4333
1788813435.4682,338928,V,571,502,-1
1788813435.4682,338936,V,571,502,-1
1788813435.4683,338944,V,572,503,-1
1788813435.4683,338952,V,570,501,-1
1788813435.4683,338960,V,571,502,-1
1788813435.5663,338973,V,570,501,4334
1788813435.5664,338981,V,570,501,-1
1788813435.5664,338989,V,570,501,-1
1788813435.5664,338997,V,571,502,-1
1788813435.5664,339005,V,570,501,-1
1788813435.5664,339013,V,573,504,-1
1788813435.6134,339027,V,569,500,4335
1788813435.6134,339035,V,571,502,-1
1788813435.6135,339043,V,571,502,-1
1788813435.6135,339051,V,570,501,-1
1788813435.6135,339059,V,571,502,-1
1788813435.6135,339067,V,569,500,-1
1788813435.6620,339081,V,570,501,4336
1788813435.6620,339089,V,571,502,-1
1788813435.6620,339097,V,571,502,-1
1788813435.6620,339105,V,571,502,-1
1788813435.6620,339113,V,573,504,-1
1788813435.6620,339121,V,570,501,-1
1788813435.7107,339135,V,571,502,4337
1788813435.7107,339143,V,571,502,-1
1788813435.7107,339151,V,572,503,-1
1788813435.7107,339159,V,572,503,-1
1788813435.7107,339167,V,570,501,-1
1788813435.7107,339175,V,570,501,-1
1788813435.7600,339188,V,570,501,4338
1788813435.7600,339196,V,570,501,-1
1788813435.7600,339204,V,570,501,-1
1788813435.7600,339212,V,571,502,-1
1788813435.7600,339220,V,571,502,-1
1788813435.7600,339228,V,570,501,-1
1788813435.8088,339242,V,570,501,4339
1788813435.8089,339250,V,571,502,-1
1788813435.8089,339258,V,571,502,-1
1788813435.8089,339266,V,570,501,-1
1788813435.8089,339274,V,571,502,-1
1788813435.8090,339282,V,571,502,-1
1788813435.8572,339296,V,571,502,4340
1788813435.8572,339304,V,571,502,-1
1788813435.8572,339312,V,571,502,-1
1788813435.8572,339320,V,571,502,-1
1788813435.8572,339328,V,572,503,-1
1788813435.8572,339336,V,572,503,-1
1788813435.9062,339349,V,570,501,4341
1788813435.9062,339357,V,575,505,-1
1788813435.9062,339365,V,571,502,-1
1788813435.9062,339373,V,571,502,-1
1788813435.9062,339381,V,571,502,-1
1788813435.9062,339389,V,570,501,-1
1788813435.9548,339403,V,570,501,4342
1788813435.9548,339411,V,570,501,-1
1788813435.9548,339419,V,571,502,-1
1788813435.9548,339427,V,571,502,-1
1788813435.9548,339435,V,571,502,-1
1788813435.9548,339443,V,571,502,-1
1788813436.0035,339456,V,572,503,4343
1788813436.0035,339464,V,571,502,-1
1788813436.0035,339472,V,571,502,-1
1788813436.0035,339480,V,571,502,-1
1788813436.0035,339488,V,572,503,-1
1788813436.0035,339496,V,571,502,-1
1788813436.1013,339510,V,572,503,4344
1788813436.1015,339518,V,571,502,-1
1788813436.1015,339526,V,571,502,-1
1788813436.1015,339534,V,571,502,-1
1788813436.1015,339542,V,571,502,-1
1788813436.1015,339550,V,584,513,-1
1788813436.1519,339564,V,571,502,4345
1788813436.1520,339572,V,571,502,-1
1788813436.1521,339580,V,571,502,-1
1788813436.1522,339588,V,571,502,-1
1788813436.1522,339596,V,570,501,-1
1788813436.1522,339604,V,570,501,-1
1788813436.1997,339618,V,570,501,4346
1788813436.1997,339626,V,571,502,-1
1788813436.1997,339634,V,571,502,-1
1788813436.1997,339642,V,571,502,-1
1788813436.1997,339650,V,571,502,-1
1788813436.1997,339658,V,571,502,-1
1788813436.2475,339671,V,571,502,4347
1788813436.2475,339679,V,571,502,-1
1788813436.2475,339687,V,571,502,-1
1788813436.2475,339695,V,571,502,-1
1788813436.2476,339703,V,571,502,-1
1788813436.2476,339711,V,571,502,-1
1788813436.2964,339725,V,573,504,4348
1788813436.2964,339733,V,571,502,-1
1788813436.2964,339741,V,570,501,-1
1788813436.2964,339749,V,570,501,-1
1788813436.2964,339757,V,571,502,-1
1788813436.2965,339765,V,571,502,-1
1788813436.3449,339778,V,572,503,4349
1788813436.3451,339786,V,572,503,-1
1788813436.3451,339794,V,570,501,-1
1788813436.3451,339802,V,571,502,-1
1788813436.3451,339810,V,572,503,-1
1788813436.3451,339818,V,571,502,-1
1788813436.3941,339832,V,572,503,4350
1788813436.3941,339840,V,571,502,-1
1788813436.3941,339848,V,572,503,-1
1788813436.3941,339856,V,571,502,-1
1788813436.3941,339864,V,571,502,-1
1788813436.3941,339872,V,571,502,-1
1788813436.4438,339886,V,572,503,4351
1788813436.4438,339894,V,577,507,-1
1788813436.4438,339902,V,573,504,-1
1788813436.4439,339910,V,571,502,-1
1788813436.4439,339918,V,572,503,-1
1788813436.4439,339926,V,572,503,-1
1788813436.4917,339939,V,571,502,4352
1788813436.4917,339947,V,571,502,-1
1788813436.4917,339955,V,571,502,-1
1788813436.4918,339963,V,571,502,-1
1788813436.4918,339971,V,572,503,-1
1788813436.4918,339979,V,571,502,-1
1788813436.5397,339993,V,576,506,4353
1788813436.5397,340001,V,571,502,-1
1788813436.5397,340009,V,572,503,-1
1788813436.5397,340017,V,572,503,-1
1788813436.5397,340025,V,573,504,-1
1788813436.5397,340033,V,573,504,-1
1788813436.6375,340047,V,571,502,4354
1788813436.6377,340055,V,571,502,-1
1788813436.6377,340063,V,572,503,-1
1788813436.6377,340071,V,573,504,-1
1788813436.6377,340079,V,571,502,-1
1788813436.6377,340087,V,573,504,-1
1788813436.6868,340101,V,571,502,4355
1788813436.6868,340109,V,573,504,-1
1788813436.6868,340117,V,571,502,-1
1788813436.6868,340125,V,572,503,-1
1788813436.6868,340133,V,571,502,-1
1788813436.6868,340141,V,571,502,-1
1788813436.7353,340154,V,573,504,4356
1788813436.7354,340162,V,572,503,-1
1788813436.7354,340170,V,573,504,-1
1788813436.7354,340178,V,571,502,-1
1788813436.7354,340186,V,571,502,-1
1788813436.7354,340194,V,573,504,-1
1788813436.7837,340208,V,572,503,4357
1788813436.7837,340216,V,572,503,-1
1788813436.7837,340224,V,571,502,-1
1788813436.7837,340232,V,572,503,-1
1788813436.7837,340240,V,573,504,-1
1788813436.7837,340248,V,572,503,-1
1788813436.8326,340262,V,572,503,4358
1788813436.8327,340270,V,573,504,-1
1788813436.8327,340278,V,572,503,-1
1788813436.8327,340286,V,571,502,-1
1788813436.8327,340294,V,572,503,-1
1788813436.8327,340302,V,570,501,-1
1788813436.8814,340315,V,572,503,4359
1788813436.8816,340323,V,572,503,-1
1788813436.8816,340331,V,576,506,-1
1788813436.8816,340339,V,573,504,-1
1788813436.8816,340347,V,573,504,-1
1788813436.8816,340355,V,572,503,-1
1788813436.9302,340369,V,572,503,4360
1788813436.9302,340377,V,571,502,-1
1788813436.9302,340385,V,572,503,-1
1788813436.9302,340393,V,571,502,-1
1788813436.9302,340401,V,572,503,-1
1788813436.9302,340409,V,572,503,-1
1788813436.9788,340423,V,573,504,4361
1788813436.9789,340431,V,574,504,-1
1788813436.9789,340439,V,573,504,-1
1788813436.9789,340447,V,571,502,-1
1788813436.9789,340455,V,573,504,-1
1788813436.9789,340463,V,572,503,-1
1788813437.0277,340477,V,573,504,4362
1788813437.0277,340485,V,573,504,-1
1788813437.0278,340493,V,573,504,-1
1788813437.0278,340501,V,573,504,-1
1788813437.0278,340509,V,574,504,-1
1788813437.0278,340517,V,573,504,-1
1788813437.0764,340530,V,575,505,4363
1788813437.0765,340538,V,572,503,-1
1788813437.0765,340546,V,572,503,-1
1788813437.0765,340554,V,572,503,-1
1788813437.0765,340562,V,573,504,-1
1788813437.0765,340570,V,573,504,-1
1788813437.1739,340584,V,573,504,4364
1788813437.1741,340592,V,573,504,-1
1788813437.1741,340600,V,572,503,-1
1788813437.1741,340608,V,573,504,-1
1788813437.1741,340616,V,573,504,-1
1788813437.1742,340624,V,573,504,-1
1788813437.2227,340638,V,573,504,4365
1788813437.2228,340646,V,572,503,-1
1788813437.2228,340654,V,572,503,-1
1788813437.2228,340662,V,574,504,-1
1788813437.2228,340670,V,574,504,-1
1788813437.2228,340678,V,573,504,-1
1788813437.2712,340691,V,574,504,4366
1788813437.2713,340699,V,573,504,-1
1788813437.2713,340707,V,572,503,-1
1788813437.2713,340715,V,573,504,-1
1788813437.2713,340723,V,574,504,-1
1788813437.2713,340731,V,573,504,-1
1788813437.3199,340745,V,574,504,4367
1788813437.3199,340753,V,573,504,-1
1788813437.3199,340761,V,574,504,-1
1788813437.3199,340769,V,576,506,-1
1788813437.3199,340777,V,574,504,-1
1788813437.3199,340785,V,574,504,-1
1788813437.3685,340798,V,575,505,4368
1788813437.3685,340806,V,573,504,-1
1788813437.3685,340814,V,573,504,-1
1788813437.3685,340822,V,574,504,-1
1788813437.3685,340830,V,574,504,-1
1788813437.3685,340838,V,573,504,-1
1788813437.4176,340852,V,572,503,4369
1788813437.4178,340860,V,572,503,-1
1788813437.4178,340868,V,576,506,-1
1788813437.4178,340876,V,572,503,-1
1788813437.4178,340884,V,574,504,-1
1788813437.4178,340892,V,573,504,-1
1788813437.4663,340906,V,573,504,4370
1788813437.4663,340914,V,574,504,-1
1788813437.4664,340922,V,573,504,-1
1788813437.4664,340930,V,573,504,-1
1788813437.4664,340938,V,572,503,-1
1788813437.4664,340946,V,573,504,-1
1788813437.5149,340959,V,573,504,4371
1788813437.5149,340967,V,581,511,-1
1788813437.5150,340975,V,574,504,-1
1788813437.5150,340983,V,573,504,-1
1788813437.5150,340991,V,573,504,-1
1788813437.5150,340999,V,574,504,-1
1788813437.5638,341013,V,573,504,4372
1788813437.5638,341021,V,574,504,-1
1788813437.5638,341029,V,573,504,-1
1788813437.5638,341037,V,573,504,-1
1788813437.5639,341045,V,573,504,-1
1788813437.5639,341053,V,572,503,-1
1788813437.6128,341067,V,574,504,4373
1788813437.6128,341075,V,573,504,-1
1788813437.6128,341083,V,573,504,-1
1788813437.6128,341091,V,573,504,-1
1788813437.6128,341099,V,575,505,-1
1788813437.6128,341107,V,573,504,-1
1788813437.7107,341120,V,574,504,4374
1788813437.7110,341128,V,573,504,-1
1788813437.7110,341136,V,574,504,-1
1788813437.7110,341144,V,573,504,-1
1788813437.7110,341152,V,573,504,-1
1788813437.7110,341160,V,574,504,-1
1788813437.7590,341174,V,573,504,4375
1788813437.7590,341182,V,574,504,-1
1788813437.7590,341190,V,572,503,-1
1788813437.7590,341198,V,573,504,-1
1788813437.7590,341206,V,573,504,-1
1788813437.7590,341214,V,573,504,-1
1788813437.8075,341228,V,573,504,4376
1788813437.8075,341236,V,572,503,-1
1788813437.8075,341244,V,573,504,-1
1788813437.8076,341252,V,572,503,-1
1788813437.8076,341260,V,573,504,-1
1788813437.8076,341268,V,573,504,-1
1788813437.8562,341281,V,572,503,4377
1788813437.8562,341289,V,573,504,-1
1788813437.8562,341297,V,574,504,-1
1788813437.8562,341305,V,576,506,-1
1788813437.8562,341313,V,573,504,-1
1788813437.8563,341321,V,573,504,-1
1788813437.9049,341335,V,574,504,4378
1788813437.9049,341343,V,573,504,-1
1788813437.9049,341351,V,574,504,-1
1788813437.9049,341359,V,573,504,-1
1788813437.9051,341367,V,573,504,-1
1788813437.9051,341375,V,573,504,-1
1788813437.9556,341388,V,573,504,4379
1788813437.9560,341396,V,574,504,-1
1788813437.9560,341404,V,576,506,-1
1788813437.9560,341412,V,572,503,-1
1788813437.9561,341420,V,573,504,-1
1788813437.9561,341428,V,574,504,-1
1788813438.0042,341442,V,574,504,4380
1788813438.0043,341450,V,574,504,-1
1788813438.0043,341458,V,575,505,-1
1788813438.0043,341466,V,574,504,-1
1788813438.0043,341474,V,574,504,-1
1788813438.0043,341482,V,574,504,-1
1788813438.0512,341496,V,572,503,4381
1788813438.0512,341504,V,585,514,-1
1788813438.0512,341512,V,575,505,-1
1788813438.0512,341520,V,575,505,-1
1788813438.0512,341528,V,575,505,-1
1788813438.0512,341536,V,574,504,-1
1788813438.1000,341549,V,575,505,4382
1788813438.1000,341557,V,574,504,-1
1788813438.1000,341565,V,574,504,-1
1788813438.1000,341573,V,575,505,-1
1788813438.1000,341581,V,573,504,-1
1788813438.1000,341589,V,575,505,-1
1788813438.1497,341603,V,576,506,4383
1788813438.1497,341611,V,574,504,-1
1788813438.1497,341619,V,574,504,-1
1788813438.1497,341627,V,575,505,-1
1788813438.1497,341635,V,574,504,-1
1788813438.1497,341643,V,575,505,-1
1788813438.2466,341656,V,575,505,4384
1788813438.2468,341664,V,574,504,-1
1788813438.2468,341672,V,574,504,-1
1788813438.2468,341680,V,575,505,-1
1788813438.2468,341688,V,575,505,-1
1788813438.2469,341696,V,576,506,-1
1788813438.2963,341710,V,575,505,4385
1788813438.2963,341718,V,576,506,-1
1788813438.2963,341726,V,575,505,-1
1788813438.2963,341734,V,575,505,-1
1788813438.2963,341742,V,575,505,-1
1788813438.2963,341750,V,574,504,-1
1788813438.3438,341764,V,576,506,4386
1788813438.3438,341772,V,576,506,-1
1788813438.3438,341780,V,576,506,-1
1788813438.3438,341788,V,577,507,-1
1788813438.3438,341796,V,577,507,-1
1788813438.3439,341804,V,575,505,-1
1788813438.3923,341817,V,577,507,4387
1788813438.3923,341825,V,575,505,-1
1788813438.3923,341833,V,577,507,-1
1788813438.3923,341841,V,579,509,-1
1788813438.3924,341849,V,579,509,-1
1788813438.3924,341857,V,579,509,-1
1788813438.4425,341871,V,579,509,4388
1788813438.4425,341879,V,580,510,-1
1788813438.4425,341887,V,582,512,-1
1788813438.4425,341895,V,583,512,-1
1788813438.4425,341903,V,584,513,-1
1788813438.4425,341911,V,586,515,-1
1788813438.4898,341925,V,589,518,4389
1788813438.4900,341933,V,591,519,-1
1788813438.4900,341941,V,594,522,-1
1788813438.4900,341949,V,594,522,-1
1788813438.4900,341957,V,598,526,-1
1788813438.4900,341965,V,602,529,-1
1788813438.5391,341978,V,608,534,4390
1788813438.5392,341986,V,614,540,-1
1788813438.5392,341994,V,618,543,-1
1788813438.5392,342002,V,629,553,-1
1788813438.5392,342010,V,641,563,-1
1788813438.5392,342018,V,659,579,-1
1788813438.5871,342032,V,686,603,4391
1788813438.5871,342040,V,863,758,-1
1788813438.5872,342048,V,927,815,-1
1788813438.5872,342056,V,970,853,-1
1788813438.5872,342064,V,990,870,-1
1788813438.5872,342072,V,1004,882,-1
1788813438.6361,342086,V,1007,885,4392
1788813438.6362,342094,V,1007,885,-1
1788813438.6362,342102,V,1004,882,-1
1788813438.6362,342110,V,1001,880,-1
1788813438.6362,342118,V,998,877,-1
1788813438.6362,342126,V,998,877,-1
1788813438.7335,342176,KEYDOWN,,,
1788813438.7347,342140,V,1001,880,4393
1788813438.7348,342148,V,1006,884,-1
1788813438.7348,342156,V,1007,885,-1
1788813438.7348,342164,V,1008,886,-1
1788813438.7348,342172,V,1008,886,-1
1788813438.7348,342180,V,1008,886,-1
1788813438.7836,342194,V,1009,887,4394
1788813438.7836,342202,V,1008,886,-1
1788813438.7836,342210,V,1010,888,-1
1788813438.7837,342218,V,1012,889,-1
1788813438.7837,342226,V,1013,890,-1
1788813438.7837,342234,V,1012,889,-1
1788813438.8318,342247,V,1014,891,4395
1788813438.8318,342255,V,1014,891,-1
1788813438.8318,342263,V,1015,892,-1
1788813438.8318,342271,V,1013,890,-1
1788813438.8318,342279,V,1014,891,-1
1788813438.8318,342287,V,1013,890,-1
1788813438.8796,342301,V,1015,892,4396
1788813438.8796,342309,V,1015,892,-1
1788813438.8796,342317,V,1015,892,-1
1788813438.8796,342325,V,1015,892,-1
1788813438.8796,342333,V,1015,892,-1
1788813438.8796,342341,V,1014,891,-1
1788813438.9294,342355,V,1015,892,4397
1788813438.9294,342363,V,1014,891,-1
1788813438.9294,342371,V,1015,892,-1
1788813438.9294,342379,V,1016,893,-1
1788813438.9295,342387,V,1014,891,-1
1788813438.9295,342395,V,1015,892,-1
1788813438.9782,342408,V,1014,891,4398
1788813438.9784,342416,V,1014,891,-1
1788813438.9785,342424,V,1015,892,-1
1788813438.9785,342432,V,1016,893,-1
1788813438.9785,342440,V,1014,891,-1
1788813438.9785,342448,V,1014,891,-1
1788813439.0273,342462,V,1015,892,4399
1788813439.0273,342470,V,1015,892,-1
1788813439.0273,342478,V,1017,894,-1
1788813439.0273,342486,V,1014,891,-1
1788813439.0273,342494,V,1015,892,-1
1788813439.0273,342502,V,1013,890,-1
1788813439.0758,342515,V,1015,892,4400
1788813439.0758,342523,V,1014,891,-1
1788813439.0758,342531,V,1013,890,-1
1788813439.0758,342539,V,1013,890,-1
1788813439.0758,342547,V,1014,891,-1
1788813439.0758,342555,V,1012,889,-1
1788813439.1236,342569,V,1012,889,4401
1788813439.1236,342577,V,1013,890,-1
1788813439.1236,342585,V,1013,890,-1
1788813439.1237,342593,V,1012,889,-1
1788813439.1237,342601,V,1012,889,-1
1788813439.1237,342609,V,1013,890,-1
1788813439.1732,342623,V,1012,889,4402
1788813439.1732,342631,V,1011,889,-1
1788813439.1732,342639,V,1011,889,-1
1788813439.1732,342647,V,1012,889,-1
1788813439.1732,342655,V,1011,889,-1
1788813439.1732,342663,V,1010,888,-1
1788813439.2210,342676,V,1011,889,4403
1788813439.2212,342684,V,1011,889,-1
1788813439.2212,342692,V,1011,889,-1
1788813439.2212,342700,V,1011,889,-1
1788813439.2212,342708,V,1010,888,-1
1788813439.2212,342716,V,1011,889,-1
1788813439.3189,342730,V,1010,888,4404
1788813439.3189,342738,V,1011,889,-1
1788813439.3189,342746,V,1011,889,-1
1788813439.3189,342754,V,1012,889,-1
1788813439.3189,342762,V,1011,889,-1
1788813439.3189,342770,V,1012,889,-1
1788813439.3675,342784,V,1012,889,4405
1788813439.3675,342792,V,1011,889,-1
1788813439.3675,342800,V,1011,889,-1
1788813439.3675,342808,V,1012,889,-1
1788813439.3675,342816,V,1011,889,-1
1788813439.3675,342824,V,1011,889,-1
1788813439.4170,342837,V,1011,889,4406
1788813439.4170,342845,V,1011,889,-1
1788813439.4170,342853,V,1012,889,-1
1788813439.4170,342861,V,1011,889,-1
1788813439.4171,342869,V,1011,889,-1
1788813439.4171,342877,V,1011,889,-1
1788813439.4665,342891,V,1010,888,4407
1788813439.4666,342899,V,1010,888,-1
1788813439.4666,342907,V,1011,889,-1
1788813439.4666,342915,V,1010,888,-1
1788813439.4666,342923,V,1011,889,-1
1788813439.4666,342931,V,1011,889,-1
1788813439.5147,342944,V,1010,888,4408
1788813439.5147,342952,V,1011,889,-1
1788813439.5147,342960,V,1010,888,-1
1788813439.5147,342968,V,1010,888,-1
1788813439.5147,342976,V,1010,888,-1
1788813439.5147,342984,V,1009,887,-1
1788813439.5633,342998,V,1010,888,4409
1788813439.5633,343006,V,1009,887,-1
1788813439.5633,343014,V,1010,888,-1
1788813439.5633,343022,V,1009,887,-1
1788813439.5633,343030,V,1008,886,-1
1788813439.5633,343038,V,1008,886,-1
1788813439.6120,343052,V,1008,886,4410
1788813439.6120,343060,V,1008,886,-1
1788813439.6120,343068,V,1008,886,-1
1788813439.6120,343076,V,1008,886,-1
1788813439.6120,343084,V,1009,887,-1
1788813439.6120,343092,V,1008,886,-1
1788813439.6608,343105,V,1007,885,4411
1788813439.6608,343113,V,1008,886,-1
1788813439.6608,343121,V,1008,886,-1
1788813439.6608,343129,V,1007,885,-1
1788813439.6609,343137,V,1006,884,-1
1788813439.6609,343145,V,1007,885,-1
1788813439.7095,343159,V,1008,886,4412
1788813439.7097,343167,V,1008,886,-1
1788813439.7097,343175,V,1008,886,-1
1788813439.7097,343183,V,1007,885,-1
1788813439.7097,343191,V,1007,885,-1
1788813439.7097,343199,V,1007,885,-1
1788813439.7578,343213,V,1007,885,4413
1788813439.7579,343221,V,1008,886,-1
1788813439.7579,343229,V,1008,886,-1
1788813439.7579,343237,V,1007,885,-1
1788813439.7579,343245,V,1007,885,-1
1788813439.7579,343253,V,1006,884,-1
1788813439.8551,343266,V,1006,884,4414
1788813439.8551,343274,V,1007,885,-1
1788813439.8551,343282,V,1007,885,-1
1788813439.8551,343290,V,1006,884,-1
1788813439.8551,343298,V,1006,884,-1
1788813439.8552,343306,V,1006,884,-1
1788813439.9036,343320,V,1007,885,4415
1788813439.9037,343328,V,1006,884,-1
1788813439.9037,343336,V,1006,884,-1
1788813439.9037,343344,V,1007,885,-1
1788813439.9037,343352,V,1008,886,-1
1788813439.9037,343360,V,1006,884,-1
1788813439.9532,343374,V,1006,884,4416
1788813439.9534,343382,V,1007,885,-1
1788813439.9534,343390,V,1006,884,-1
1788813439.9534,343398,V,1007,885,-1
1788813439.9534,343406,V,1007,885,-1
1788813439.9534,343414,V,1007,885,-1
1788813440.0027,343427,V,1007,885,4417
1788813440.0027,343435,V,1008,886,-1
1788813440.0028,343443,V,1007,885,-1
1788813440.0028,343451,V,1007,885,-1
1788813440.0028,343459,V,1006,884,-1
1788813440.0028,343467,V,1006,884,-1
1788813440.0509,343481,V,1005,883,4418
1788813440.0510,343489,V,1006,884,-1
1788813440.0510,343497,V,1007,885,-1
1788813440.0510,343505,V,1007,885,-1
1788813440.0510,343513,V,1006,884,-1
1788813440.0510,343521,V,1006,884,-1
1788813440.1012,343535,V,1006,884,4419
1788813440.1013,343543,V,1007,885,-1
1788813440.1013,343551,V,1008,886,-1
1788813440.1013,343559,V,1006,884,-1
1788813440.1013,343567,V,1006,884,-1
1788813440.1013,343575,V,1007,885,-1
1788813440.1482,343588,V,1006,884,4420
1788813440.1482,343596,V,1007,885,-1
1788813440.1482,343604,V,1007,885,-1
1788813440.1482,343612,V,1006,884,-1
1788813440.1482,343620,V,1007,885,-1
1788813440.1482,343628,V,1008,886,-1
1788813440.1970,343642,V,1007,885,4421
1788813440.1971,343650,V,1008,886,-1
1788813440.1972,343658,V,1007,885,-1
1788813440.1972,343666,V,1008,886,-1
1788813440.1972,343674,V,1008,886,-1
1788813440.1972,343682,V,1009,887,-1
1788813440.2938,343696,V,1010,888,4422
1788813440.2938,343704,V,1008,886,-1
1788813440.2939,343712,V,1008,886,-1
1788813440.2939,343720,V,1009,887,-1
1788813440.2939,343728,V,1008,886,-1
1788813440.2939,343736,V,1009,887,-1
1788813440.2947,343749,V,1009,887,4423
1788813440.2947,343757,V,1009,887,-1
1788813440.2947,343765,V,1008,886,-1
1788813440.2947,343773,V,1009,887,-1
1788813440.2947,343781,V,1008,886,-1
1788813440.2947,343789,V,1008,886,-1
1788813440.3912,343803,V,1009,887,4424
1788813440.3912,343811,V,1009,887,-1
1788813440.3913,343819,V,1009,887,-1
1788813440.3913,343827,V,1009,887,-1
1788813440.3913,343835,V,1009,887,-1
1788813440.3913,343843,V,1009,887,-1
1788813440.4415,343857,V,1010,888,4425
1788813440.4416,343865,V,1009,887,-1
1788813440.4417,343873,V,1009,887,-1
1788813440.4417,343881,V,1008,886,-1
1788813440.4417,343889,V,1009,887,-1
1788813440.4417,343897,V,1010,888,-1
1788813440.4891,343910,V,1008,886,4426
1788813440.4891,343918,V,1009,887,-1
1788813440.4891,343926,V,1009,887,-1
1788813440.4891,343934,V,1007,885,-1
1788813440.4891,343942,V,1009,887,-1
1788813440.4891,343950,V,1009,887,-1
1788813440.5373,343964,V,1010,888,4427
1788813440.5373,343972,V,1009,887,-1
1788813440.5373,343980,V,1009,887,-1
1788813440.5373,343988,V,1009,887,-1
1788813440.5373,343996,V,1007,885,-1
1788813440.5373,344004,V,1008,886,-1
1788813440.5859,344018,V,1008,886,4428
1788813440.5859,344026,V,1008,886,-1
1788813440.5859,344034,V,1009,887,-1
1788813440.5859,344042,V,1009,887,-1
1788813440.5859,344050,V,1008,886,-1
1788813440.5859,344058,V,1009,887,-1
1788813440.6349,344071,V,1009,887,4429
1788813440.6349,344079,V,1008,886,-1
1788813440.6349,344087,V,1008,886,-1
1788813440.6349,344095,V,1007,885,-1
1788813440.6349,344103,V,1008,886,-1
1788813440.6349,344111,V,1008,886,-1
1788813440.6834,344125,V,1007,885,4430
1788813440.6834,344133,V,1008,886,-1
1788813440.6834,344141,V,1009,887,-1
1788813440.6834,344149,V,1008,886,-1
1788813440.6834,344157,V,1008,886,-1
1788813440.6834,344165,V,1009,887,-1
1788813440.7332,344179,V,1010,888,4431
1788813440.7332,344187,V,1010,888,-1
1788813440.7332,344195,V,1010,888,-1
1788813440.7332,344203,V,1010,888,-1
1788813440.7332,344211,V,1010,888,-1
1788813440.7332,344219,V,1010,888,-1
1788813440.8304,344232,V,1010,888,4432
1788813440.8304,344240,V,1010,888,-1
1788813440.8304,344248,V,1011,889,-1
1788813440.8304,344256,V,1010,888,-1
1788813440.8304,344264,V,1010,888,-1
1788813440.8304,344272,V,1012,889,-1
1788813440.8313,344286,V,1011,889,4433
1788813440.8313,344294,V,1011,889,-1
1788813440.8313,344302,V,1010,888,-1
1788813440.8313,344310,V,1011,889,-1
1788813440.8313,344318,V,1012,889,-1
1788813440.8314,344326,V,1011,889,-1
1788813440.9275,344340,V,1013,890,4434
1788813440.9276,344348,V,1014,891,-1
1788813440.9276,344356,V,1012,889,-1
1788813440.9276,344364,V,1012,889,-1
1788813440.9276,344372,V,1012,889,-1
1788813440.9276,344380,V,1011,889,-1
1788813440.9760,344393,V,1012,889,4435
1788813440.9760,344401,V,1011,889,-1
1788813440.9760,344409,V,1011,889,-1
1788813440.9760,344417,V,1012,889,-1
1788813440.9760,344425,V,1012,889,-1
1788813440.9760,344433,V,1012,889,-1
1788813441.0259,344447,V,1013,890,4436
1788813441.0259,344455,V,1012,889,-1
1788813441.0259,344463,V,1012,889,-1
1788813441.0259,344471,V,1012,889,-1
1788813441.0260,344479,V,1013,890,-1
1788813441.0260,344487,V,1013,890,-1
1788813441.0745,344500,V,1013,890,4437
1788813441.0746,344508,V,1011,889,-1
1788813441.0746,344516,V,1012,889,-1
1788813441.0746,344524,V,1012,889,-1
1788813441.0746,344532,V,1014,891,-1
1788813441.0746,344540,V,1012,889,-1
1788813441.1236,344554,V,1012,889,4438
1788813441.1236,344562,V,1013,890,-1
1788813441.1236,344570,V,1013,890,-1
1788813441.1236,344578,V,1012,889,-1
1788813441.1236,344586,V,1012,889,-1
1788813441.1236,344594,V,1013,890,-1
1788813441.1721,344608,V,1013,890,4439
1788813441.1723,344616,V,1011,889,-1
1788813441.1723,344624,V,1012,889,-1
1788813441.1723,344632,V,1011,889,-1
1788813441.1723,344640,V,1012,889,-1
1788813441.1723,344648,V,1011,889,-1
1788813441.2213,344661,V,1011,889,4440
1788813441.2213,344669,V,1011,889,-1
1788813441.2214,344677,V,1011,889,-1
1788813441.2214,344685,V,1012,889,-1
1788813441.2214,344693,V,1012,889,-1
1788813441.2214,344701,V,1012,889,-1
1788813441.2692,344715,V,1011,889,4441
1788813441.2692,344723,V,1011,889,-1
1788813441.2692,344731,V,1011,889,-1
1788813441.2692,344739,V,1011,889,-1
1788813441.2692,344747,V,1012,889,-1
1788813441.2692,344755,V,1012,889,-1
1788813441.3174,344769,V,1011,889,4442
1788813441.3174,344777,V,1010,888,-1
1788813441.3174,344785,V,1010,888,-1
1788813441.3174,344793,V,1010,888,-1
1788813441.3175,344801,V,1011,889,-1
1788813441.3175,344809,V,1011,889,-1
1788813441.3663,344822,V,1012,889,4443
1788813441.3664,344830,V,1011,889,-1
1788813441.3664,344838,V,1011,889,-1
1788813441.3664,344846,V,1011,889,-1
1788813441.3664,344854,V,1012,889,-1
1788813441.3664,344862,V,1012,889,-1
1788813441.4659,344876,V,1012,889,4444
1788813441.4660,344884,V,1012,889,-1
1788813441.4660,344892,V,1012,889,-1
1788813441.4660,344900,V,1011,889,-1
1788813441.4661,344908,V,1012,889,-1
1788813441.4661,344916,V,1012,889,-1
1788813441.5127,344929,V,1013,890,4445
1788813441.5128,344937,V,1012,889,-1
1788813441.5130,344945,V,1012,889,-1
1788813441.5130,344953,V,1012,889,-1
1788813441.5130,344961,V,1013,890,-1
1788813441.5130,344969,V,1012,889,-1
1788813441.5620,344983,V,1012,889,4446
1788813441.5620,344991,V,1012,889,-1
1788813441.5620,344999,V,1011,889,-1
1788813441.5621,345007,V,1012,889,-1
1788813441.5621,345015,V,1013,890,-1
1788813441.5621,345023,V,1012,889,-1
1788813441.6101,345037,V,1012,889,4447
1788813441.6102,345045,V,1011,889,-1
1788813441.6102,345053,V,1012,889,-1
1788813441.6102,345061,V,1012,889,-1
1788813441.6102,345069,V,1012,889,-1
1788813441.6102,345077,V,1011,889,-1
1788813441.6587,345090,V,1013,890,4448
1788813441.6587,345098,V,1012,889,-1
1788813441.6587,345106,V,1012,889,-1
1788813441.6587,345114,V,1012,889,-1
1788813441.6587,345122,V,1011,889,-1
1788813441.6587,345130,V,1013,890,-1
1788813441.7564,345144,V,1012,889,4449
1788813441.7566,345152,V,1012,889,-1
1788813441.7566,345160,V,1013,890,-1
1788813441.7566,345168,V,1013,890,-1
1788813441.7566,345176,V,1013,890,-1
1788813441.7566,345184,V,1013,890,-1
1788813441.7575,345198,V,1012,889,4450
1788813441.7575,345206,V,1012,889,-1
1788813441.7575,345214,V,1013,890,-1
1788813441.7575,345222,V,1012,889,-1
1788813441.7575,345230,V,1012,889,-1
1788813441.7575,345238,V,1013,890,-1
1788813441.8051,345251,V,1013,890,4451
1788813441.8051,345259,V,1013,890,-1
1788813441.8051,345267,V,1013,890,-1
1788813441.8051,345275,V,1013,890,-1
1788813441.8051,345283,V,1014,891,-1
1788813441.8051,345291,V,1013,890,-1
1788813441.8540,345305,V,1013,890,4452
1788813441.8541,345313,V,1013,890,-1
1788813441.8541,345321,V,1012,889,-1
1788813441.8541,345329,V,1013,890,-1
1788813441.8541,345337,V,1013,890,-1
1788813441.8541,345345,V,1013,890,-1
1788813441.9024,345358,V,1013,890,4453
1788813441.9025,345366,V,1012,889,-1
1788813441.9025,345374,V,1011,889,-1
1788813441.9025,345382,V,1012,889,-1
1788813441.9025,345390,V,1012,889,-1
1788813441.9025,345398,V,1012,889,-1
1788813441.9999,345412,V,1012,889,4454
1788813442.0000,345420,V,1012,889,-1
1788813442.0000,345428,V,1012,889,-1
1788813442.0000,345436,V,1013,890,-1
1788813442.0000,345444,V,1012,889,-1
1788813442.0000,345452,V,1012,889,-1
1788813442.0488,345465,V,1012,889,4455
1788813442.0488,345473,V,1013,890,-1
1788813442.0488,345481,V,1013,890,-1
1788813442.0488,345489,V,1012,889,-1
1788813442.0488,345497,V,1013,890,-1
1788813442.0488,345505,V,1012,889,-1
1788813442.0973,345519,V,1013,890,4456
1788813442.0973,345527,V,1012,889,-1
1788813442.0973,345535,V,1013,890,-1
1788813442.0973,345543,V,1012,889,-1
1788813442.0973,345551,V,1013,890,-1
1788813442.0973,345559,V,1013,890,-1
1788813442.1467,345573,V,1013,890,4457
1788813442.1467,345581,V,1012,889,-1
1788813442.1467,345589,V,1013,890,-1
1788813442.1467,345597,V,1013,890,-1
1788813442.1467,345605,V,1013,890,-1
1788813442.1467,345613,V,1013,890,-1
1788813442.1951,345627,V,1013,890,4458
1788813442.1952,345635,V,1013,890,-1
1788813442.1952,345643,V,1014,891,-1
1788813442.1952,345651,V,1012,889,-1
1788813442.1952,345659,V,1013,890,-1
1788813442.1952,345667,V,1012,889,-1
1788813442.2436,345680,V,1013,890,4459
1788813442.2438,345688,V,1014,891,-1
1788813442.2438,345696,V,1013,890,-1
1788813442.2438,345704,V,1012,889,-1
1788813442.2438,345712,V,1012,889,-1
1788813442.2438,345720,V,1014,891,-1
1788813442.2922,345734,V,1014,891,4460
1788813442.2922,345742,V,1014,891,-1
1788813442.2922,345750,V,1013,890,-1
1788813442.2922,345758,V,1012,889,-1
1788813442.2922,345766,V,1013,890,-1
1788813442.2922,345774,V,1013,890,-1
1788813442.3410,345788,V,1012,889,4461
1788813442.3410,345796,V,1012,889,-1
1788813442.3410,345804,V,1012,889,-1
1788813442.3410,345812,V,1012,889,-1
1788813442.3410,345820,V,1013,890,-1
1788813442.3410,345828,V,1014,891,-1
1788813442.3896,345841,V,1013,890,4462
1788813442.3896,345849,V,1013,890,-1
1788813442.3896,345857,V,1013,890,-1
1788813442.3896,345865,V,1012,889,-1
1788813442.3896,345873,V,1013,890,-1
1788813442.3896,345881,V,1013,890,-1
1788813442.4390,345895,V,1012,889,4463
1788813442.4390,345903,V,1013,890,-1
1788813442.4390,345911,V,1011,889,-1
1788813442.4390,345919,V,1011,889,-1
1788813442.4390,345927,V,1013,890,-1
1788813442.4391,345935,V,1013,890,-1
1788813442.5365,345949,V,1013,890,4464
1788813442.5366,345957,V,1012,889,-1
1788813442.5366,345965,V,1013,890,-1
1788813442.5366,345973,V,1013,890,-1
1788813442.5367,345981,V,1012,889,-1
1788813442.5367,345989,V,1012,889,-1
1788813442.5855,346002,V,1012,889,4465
1788813442.5855,346010,V,1013,890,-1
1788813442.5855,346018,V,1013,890,-1
1788813442.5855,346026,V,1012,889,-1
1788813442.5855,346034,V,1013,890,-1
1788813442.5855,346042,V,1013,890,-1
1788813442.6338,346056,V,1013,890,4466
1788813442.6338,346064,V,1013,890,-1
1788813442.6338,346072,V,1013,890,-1
1788813442.6338,346080,V,1014,891,-1
1788813442.6338,346088,V,1013,890,-1
1788813442.6338,346096,V,1013,890,-1
1788813442.6824,346109,V,1013,890,4467
1788813442.6824,346117,V,1012,889,-1
1788813442.6824,346125,V,1012,889,-1
1788813442.6824,346133,V,1014,891,-1
1788813442.6824,346141,V,1013,890,-1
1788813442.6824,346149,V,1013,890,-1
1788813442.7803,346163,V,1013,890,4468
1788813442.7804,346171,V,1012,889,-1
1788813442.7804,346179,V,1013,890,-1
1788813442.7804,346187,V,1012,889,-1
1788813442.7804,346195,V,1013,890,-1
1788813442.7804,346203,V,1013,890,-1
1788813442.7812,346217,V,1014,891,4469
1788813442.7812,346225,V,1014,891,-1
1788813442.7812,346233,V,1013,890,-1
1788813442.7812,346241,V,1014,891,-1
1788813442.7813,346249,V,1013,890,-1
1788813442.7813,346257,V,1014,891,-1
1788813442.8290,346270,V,1013,890,4470
1788813442.8290,346278,V,1013,890,-1
1788813442.8290,346286,V,1013,890,-1
1788813442.8291,346294,V,1013,890,-1
1788813442.8291,346302,V,1012,889,-1
1788813442.8291,346310,V,1012,889,-1
1788813442.9265,346324,V,1013,890,4471
1788813442.9266,346332,V,1013,890,-1
1788813442.9266,346340,V,1013,890,-1
1788813442.9266,346348,V,1013,890,-1
1788813442.9266,346356,V,1013,890,-1
1788813442.9266,346364,V,1014,891,-1
1788813442.9274,346377,V,1013,890,4472
1788813442.9274,346385,V,1013,890,-1
1788813442.9274,346393,V,1013,890,-1
1788813442.9274,346401,V,1013,890,-1
1788813442.9274,346409,V,1015,892,-1
1788813442.9274,346417,V,1014,891,-1
1788813442.9749,346431,V,1014,891,4473
1788813442.9750,346439,V,1014,891,-1
1788813442.9750,346447,V,1015,892,-1
1788813442.9750,346455,V,1013,890,-1
1788813442.9750,346463,V,1014,891,-1
1788813442.9750,346471,V,1014,891,-1
1788813443.0724,346485,V,1014,891,4474
1788813443.0726,346493,V,1013,890,-1
1788813443.0726,346501,V,1013,890,-1
1788813443.0726,346509,V,1012,889,-1
1788813443.0726,346517,V,1013,890,-1
1788813443.0726,346525,V,1013,890,-1
1788813443.1223,346538,V,1014,891,4475
1788813443.1223,346546,V,1013,890,-1
1788813443.1223,346554,V,1013,890,-1
1788813443.1223,346562,V,1014,891,-1
1788813443.1223,346570,V,1014,891,-1
1788813443.1223,346578,V,1012,889,-1
1788813443.1703,346592,V,1014,891,4476
1788813443.1703,346600,V,1013,890,-1
1788813443.1704,346608,V,1013,890,-1
1788813443.1704,346616,V,1014,891,-1
1788813443.1704,346624,V,1013,890,-1
1788813443.1704,346632,V,1013,890,-1
1788813443.2199,346646,V,1013,890,4477
1788813443.2200,346654,V,1013,890,-1
1788813443.2200,346662,V,1013,890,-1
1788813443.2200,346670,V,1013,890,-1
1788813443.2200,346678,V,1013,890,-1
1788813443.2200,346686,V,1014,891,-1
1788813443.2689,346699,V,1013,890,4478
1788813443.2689,346707,V,1013,890,-1
1788813443.2689,346715,V,1012,889,-1
1788813443.2689,346723,V,1013,890,-1
1788813443.2691,346731,V,1014,891,-1
1788813443.2692,346739,V,1013,890,-1
1788813443.3171,346753,V,1014,891,4479
1788813443.3172,346761,V,1013,890,-1
1788813443.3172,346769,V,1013,890,-1
1788813443.3173,346777,V,1013,890,-1
1788813443.3173,346785,V,1013,890,-1
1788813443.3173,346793,V,1013,890,-1
1788813443.3660,346807,V,1013,890,4480
1788813443.3660,346815,V,1013,890,-1
1788813443.3660,346823,V,1013,890,-1
1788813443.3660,346831,V,1014,891,-1
1788813443.3660,346839,V,1014,891,-1
1788813443.3660,346847,V,1013,890,-1
1788813443.4138,346860,V,1013,890,4481
1788813443.4138,346868,V,1012,889,-1
1788813443.4138,346876,V,1013,890,-1
1788813443.4139,346884,V,1012,889,-1
1788813443.4139,346892,V,1013,890,-1
1788813443.4139,346900,V,1012,889,-1
1788813443.4642,346914,V,1013,890,4482
1788813443.4642,346922,V,1013,890,-1
1788813443.4642,346930,V,1013,890,-1
1788813443.4642,346938,V,1012,889,-1
1788813443.4642,346946,V,1013,890,-1
1788813443.4643,346954,V,1012,889,-1
1788813443.5112,346968,V,1013,890,4483
1788813443.5113,346976,V,1013,890,-1
1788813443.5113,346984,V,1014,891,-1
1788813443.5113,346992,V,1013,890,-1
1788813443.5113,347000,V,1013,890,-1
1788813443.5113,347008,V,1014,891,-1
1788813443.6089,347021,V,1013,890,4484
1788813443.6090,347029,V,1013,890,-1
1788813443.6090,347037,V,1014,891,-1
1788813443.6090,347045,V,1014,891,-1
1788813443.6090,347053,V,1015,892,-1
1788813443.6090,347061,V,1014,891,-1
1788813443.7064,347075,V,1013,890,4485
1788813443.7065,347083,V,1013,890,-1
1788813443.7065,347091,V,1013,890,-1
1788813443.7065,347099,V,1013,890,-1
1788813443.7065,347107,V,1014,891,-1
1788813443.7065,347115,V,1013,890,-1
1788813443.7075,347129,V,1014,891,4486
1788813443.7075,347137,V,1013,890,-1
1788813443.7075,347145,V,1013,890,-1
1788813443.7075,347153,V,1013,890,-1
1788813443.7075,347161,V,1012,889,-1
1788813443.7075,347169,V,1013,890,-1
1788813443.7557,347182,V,1012,889,4487
1788813443.7557,347190,V,1012,889,-1
1788813443.7557,347198,V,1012,889,-1
1788813443.7558,347206,V,1015,892,-1
1788813443.7558,347214,V,1014,891,-1
1788813443.7558,347222,V,1014,891,-1
1788813443.8046,347236,V,1012,889,4488
1788813443.8046,347244,V,1013,890,-1
1788813443.8046,347252,V,1013,890,-1
1788813443.8046,347260,V,1014,891,-1
1788813443.8046,347268,V,1014,891,-1
1788813443.8046,347276,V,1013,890,-1
1788813443.8533,347290,V,1012,889,4489
1788813443.8535,347298,V,1013,890,-1
1788813443.8535,347306,V,1013,890,-1
1788813443.8535,347314,V,1012,889,-1
1788813443.8535,347322,V,1013,890,-1
1788813443.8535,347330,V,1013,890,-1
1788813443.9017,347343,V,1014,891,4490
1788813443.9017,347351,V,1013,890,-1
1788813443.9017,347359,V,1012,889,-1
1788813443.9017,347367,V,1013,890,-1
1788813443.9017,347375,V,1014,891,-1
1788813443.9017,347383,V,1013,890,-1
1788813443.9501,347397,V,1013,890,4491
1788813443.9501,347405,V,1014,891,-1
1788813443.9501,347413,V,1013,890,-1
1788813443.9501,347421,V,1012,889,-1
1788813443.9502,347429,V,1013,890,-1
1788813443.9502,347437,V,1014,891,-1
1788813443.9989,347451,V,1014,891,4492
1788813443.9989,347459,V,1013,890,-1
1788813443.9990,347467,V,1013,890,-1
1788813443.9990,347475,V,1014,891,-1
1788813443.9990,347483,V,1014,891,-1
1788813443.9990,347491,V,1014,891,-1
1788813444.0475,347504,V,1015,892,4493
1788813444.0475,347512,V,1012,889,-1
1788813444.0475,347520,V,1012,889,-1
1788813444.0475,347528,V,1014,891,-1
1788813444.0476,347536,V,1013,890,-1
1788813444.0476,347544,V,1014,891,-1
1788813444.1449,347558,V,1013,890,4494
1788813444.1451,347566,V,1014,891,-1
1788813444.1451,347574,V,1014,891,-1
1788813444.1451,347582,V,1014,891,-1
1788813444.1451,347590,V,1015,892,-1
1788813444.1451,347598,V,1014,891,-1
1788813444.1942,347612,V,1012,889,4495
1788813444.1942,347620,V,1014,891,-1
1788813444.1942,347628,V,1012,889,-1
1788813444.1942,347636,V,1014,891,-1
1788813444.1943,347644,V,1014,891,-1
1788813444.1943,347652,V,1014,891,-1
1788813444.2427,347665,V,1012,889,4496
1788813444.2427,347673,V,1014,891,-1
1788813444.2427,347681,V,1013,890,-1
1788813444.2427,347689,V,1012,889,-1
1788813444.2427,347697,V,1013,890,-1
1788813444.2427,347705,V,1013,890,-1
1788813444.2909,347719,V,1013,890,4497
1788813444.2910,347727,V,1013,890,-1
1788813444.2910,347735,V,1015,892,-1
1788813444.2910,347743,V,1013,890,-1
1788813444.2910,347751,V,1013,890,-1
1788813444.2910,347759,V,1014,891,-1
1788813444.3400,347773,V,1013,890,4498
1788813444.3400,347781,V,1014,891,-1
1788813444.3400,347789,V,1013,890,-1
1788813444.3401,347797,V,1013,890,-1
1788813444.3401,347805,V,1012,889,-1
1788813444.3401,347813,V,1013,890,-1
1788813444.3889,347826,V,1012,889,4499
1788813444.3890,347834,V,1013,890,-1
1788813444.3890,347842,V,1012,889,-1
1788813444.3890,347850,V,1013,890,-1
1788813444.3890,347858,V,1013,890,-1
1788813444.3890,347866,V,1013,890,-1
1788813444.4381,347880,V,1013,890,4500
1788813444.4381,347888,V,1013,890,-1
1788813444.4382,347896,V,1012,889,-1
1788813444.4382,347904,V,1013,890,-1
1788813444.4382,347912,V,1012,889,-1
1788813444.4382,347920,V,1014,891,-1
1788813444.4863,347933,V,1013,890,4501
1788813444.4864,347941,V,1013,890,-1
1788813444.4864,347949,V,1014,891,-1
1788813444.4864,347957,V,1012,889,-1
1788813444.4864,347965,V,1014,891,-1
1788813444.4864,347973,V,1013,890,-1
1788813444.5352,347987,V,1014,891,4502
1788813444.5352,347995,V,1012,889,-1
1788813444.5352,348003,V,1015,892,-1
1788813444.5352,348011,V,1014,891,-1
1788813444.5352,348019,V,1014,891,-1
1788813444.5352,348027,V,1015,892,-1
1788813444.5838,348041,V,1013,890,4503
1788813444.5839,348049,V,1015,892,-1
1788813444.5839,348057,V,1013,890,-1
1788813444.5839,348065,V,1014,891,-1
1788813444.5839,348073,V,1015,892,-1
1788813444.5839,348081,V,1014,891,-1
1788813444.6813,348095,V,1013,890,4504
1788813444.6814,348103,V,1014,891,-1
1788813444.6814,348111,V,1013,890,-1
1788813444.6814,348119,V,1014,891,-1
1788813444.6814,348127,V,1014,891,-1
1788813444.6814,348135,V,1014,891,-1
1788813444.7301,348148,V,1013,890,4505
1788813444.7301,348156,V,1014,891,-1
1788813444.7301,348164,V,1013,890,-1
1788813444.7301,348172,V,1012,889,-1
1788813444.7301,348180,V,1014,891,-1
1788813444.7301,348188,V,1013,890,-1
1788813444.7788,348202,V,1014,891,4506
1788813444.7788,348210,V,1012,889,-1
1788813444.7788,348218,V,1013,890,-1
1788813444.7788,348226,V,1013,890,-1
1788813444.7788,348234,V,1013,890,-1
1788813444.7789,348242,V,1013,890,-1
1788813444.8277,348256,V,1013,890,4507
1788813444.8277,348264,V,1014,891,-1
1788813444.8277,348272,V,1013,890,-1
1788813444.8277,348280,V,1013,890,-1
1788813444.8278,348288,V,1014,891,-1
1788813444.8278,348296,V,1013,890,-1
1788813444.8761,348309,V,1013,890,4508
1788813444.8761,348317,V,1013,890,-1
1788813444.8761,348325,V,1015,892,-1
1788813444.8761,348333,V,1013,890,-1
1788813444.8761,348341,V,1014,891,-1
1788813444.8761,348349,V,1013,890,-1
1788813444.9252,348363,V,1013,890,4509
1788813444.9254,348371,V,1014,891,-1
1788813444.9254,348379,V,1014,891,-1
1788813444.9254,348387,V,1013,890,-1
1788813444.9254,348395,V,1013,890,-1
1788813444.9254,348403,V,1013,890,-1
1788813445.0229,348417,V,1013,890,4510
1788813445.0229,348425,V,1013,890,-1
1788813445.0229,348433,V,1014,891,-1
1788813445.0229,348441,V,1013,890,-1
1788813445.0229,348449,V,1014,891,-1
1788813445.0229,348457,V,1014,891,-1
1788813445.0238,348470,V,1013,890,4511
1788813445.0238,348478,V,1014,891,-1
1788813445.0238,348486,V,1013,890,-1
1788813445.0238,348494,V,1013,890,-1
1788813445.0238,348502,V,1013,890,-1
1788813445.0238,348510,V,1015,892,-1
1788813445.0715,348524,V,1014,891,4512
1788813445.0715,348532,V,1013,890,-1
1788813445.0716,348540,V,1014,891,-1
1788813445.0716,348548,V,1013,890,-1
1788813445.0716,348556,V,1013,890,-1
1788813445.0716,348564,V,1014,891,-1
1788813445.1686,348577,V,1013,890,4513
1788813445.1688,348585,V,1015,892,-1
1788813445.1688,348593,V,1014,891,-1
1788813445.1688,348601,V,1013,890,-1
1788813445.1688,348609,V,1014,891,-1
1788813445.1688,348617,V,1014,891,-1
1788813445.2179,348631,V,1013,890,4514
1788813445.2179,348639,V,1014,891,-1
1788813445.2179,348647,V,1014,891,-1
1788813445.2179,348655,V,1013,890,-1
1788813445.2179,348663,V,1014,891,-1
1788813445.2180,348671,V,1013,890,-1
1788813445.2663,348685,V,1012,889,4515
1788813445.2663,348693,V,1012,889,-1
1788813445.2663,348701,V,1013,890,-1
1788813445.2663,348709,V,1014,891,-1
1788813445.2663,348717,V,1014,891,-1
1788813445.2663,348725,V,1014,891,-1
1788813445.3158,348739,V,1014,891,4516
1788813445.3158,348747,V,1013,890,-1
1788813445.3158,348755,V,1014,891,-1
1788813445.3158,348763,V,1014,891,-1
1788813445.3158,348771,V,1014,891,-1
1788813445.3158,348779,V,1014,891,-1
1788813445.3647,348792,V,1014,891,4517
1788813445.3647,348800,V,1013,890,-1
1788813445.3647,348808,V,1013,890,-1
1788813445.3647,348816,V,1012,889,-1
1788813445.3647,348824,V,1014,891,-1
1788813445.3647,348832,V,1013,890,-1
1788813445.4133,348846,V,1012,889,4518
1788813445.4134,348854,V,1014,891,-1
1788813445.4134,348862,V,1013,890,-1
1788813445.4134,348870,V,1012,889,-1
1788813445.4134,348878,V,1012,889,-1
1788813445.4134,348886,V,1013,890,-1
1788813445.4629,348900,V,1014,891,4519
1788813445.4629,348908,V,1014,891,-1
1788813445.4629,348916,V,1013,890,-1
1788813445.4629,348924,V,1014,891,-1
1788813445.4629,348932,V,1012,889,-1
1788813445.4629,348940,V,1012,889,-1
1788813445.5100,348953,V,1015,892,4520
1788813445.5100,348961,V,1015,892,-1
1788813445.5100,348969,V,1014,891,-1
1788813445.5100,348977,V,1014,891,-1
1788813445.5100,348985,V,1013,890,-1
1788813445.5100,348993,V,1013,890,-1
1788813445.5587,349007,V,1014,891,4521
1788813445.5587,349015,V,1013,890,-1
1788813445.5587,349023,V,1014,891,-1
1788813445.5587,349031,V,1013,890,-1
1788813445.5587,349039,V,1014,891,-1
1788813445.5587,349047,V,1013,890,-1
1788813445.6074,349061,V,1014,891,4522
1788813445.6075,349069,V,1014,891,-1
1788813445.6075,349077,V,1013,890,-1
1788813445.6075,349085,V,1013,890,-1
1788813445.6075,349093,V,1014,891,-1
1788813445.6075,349101,V,1014,891,-1
1788813445.7045,349114,V,1015,892,4523
1788813445.7045,349122,V,1014,891,-1
1788813445.7045,349130,V,1015,892,-1
1788813445.7045,349138,V,1013,890,-1
1788813445.7045,349146,V,1014,891,-1
1788813445.7045,349154,V,1015,892,-1
1788813445.7548,349168,V,1013,890,4524
1788813445.7549,349176,V,1014,891,-1
1788813445.7549,349184,V,1014,891,-1
1788813445.7549,349192,V,1014,891,-1
1788813445.7549,349200,V,1014,891,-1
1788813445.7549,349208,V,1014,891,-1
1788813445.8026,349222,V,1014,891,4525
1788813445.8026,349230,V,1014,891,-1
1788813445.8026,349238,V,1014,891,-1
1788813445.8027,349246,V,1014,891,-1
1788813445.8027,349254,V,1014,891,-1
1788813445.8027,349262,V,1013,890,-1
1788813445.8523,349275,V,1013,890,4526
1788813445.8524,349283,V,1013,890,-1
1788813445.8524,349291,V,1013,890,-1
1788813445.8524,349299,V,1012,889,-1
1788813445.8524,349307,V,1013,890,-1
1788813445.8524,349315,V,1013,890,-1
1788813445.9000,349329,V,1013,890,4527
1788813445.9000,349337,V,1014,891,-1
1788813445.9000,349345,V,1013,890,-1
1788813445.9001,349353,V,1013,890,-1
1788813445.9001,349361,V,1013,890,-1
1788813445.9001,349369,V,1013,890,-1
1788813445.9491,349383,V,1012,889,4528
1788813445.9493,349391,V,1012,889,-1
1788813445.9493,349399,V,1013,890,-1
1788813445.9493,349407,V,1014,891,-1
1788813445.9493,349415,V,1013,890,-1
1788813445.9493,349423,V,1015,892,-1
1788813445.9981,349436,V,1013,890,4529
1788813445.9982,349444,V,1013,890,-1
1788813445.9982,349452,V,1013,890,-1
1788813445.9982,349460,V,1013,890,-1
1788813445.9982,349468,V,1012,889,-1
1788813445.9982,349476,V,1013,890,-1
1788813446.0465,349490,V,1013,890,4530
1788813446.0465,349498,V,1013,890,-1
1788813446.0465,349506,V,1012,889,-1
1788813446.0465,349514,V,1014,891,-1
1788813446.0465,349522,V,1013,890,-1
1788813446.0465,349530,V,1014,891,-1
1788813446.0946,349543,V,1014,891,4531
1788813446.0946,349551,V,1013,890,-1
1788813446.0946,349559,V,1013,890,-1
1788813446.0946,349567,V,1012,889,-1
1788813446.0946,349575,V,1013,890,-1
1788813446.0946,349583,V,1013,890,-1
1788813446.1461,349597,V,1013,890,4532
1788813446.1462,349605,V,1013,890,-1
1788813446.1462,349613,V,1014,891,-1
1788813446.1462,349621,V,1014,891,-1
1788813446.1462,349629,V,1013,890,-1
1788813446.1462,349637,V,1015,892,-1
1788813446.2415,349651,V,1012,889,4533
1788813446.2416,349659,V,1012,889,-1
1788813446.2416,349667,V,1012,889,-1
1788813446.2416,349675,V,1013,890,-1
1788813446.2416,349683,V,1014,891,-1
1788813446.2417,349691,V,1014,891,-1
1788813446.2903,349705,V,1013,890,4534
1788813446.2903,349713,V,1014,891,-1
1788813446.2903,349721,V,1015,892,-1
1788813446.2903,349729,V,1012,889,-1
1788813446.2903,349737,V,1014,891,-1
1788813446.2903,349745,V,1012,889,-1
1788813446.3390,349758,V,1014,891,4535
1788813446.3390,349766,V,1014,891,-1
1788813446.3390,349774,V,1013,890,-1
1788813446.3390,349782,V,1013,890,-1
1788813446.3390,349790,V,1015,892,-1
1788813446.3390,349798,V,1014,891,-1
1788813446.3876,349812,V,1014,891,4536
1788813446.3876,349820,V,1013,890,-1
1788813446.3876,349828,V,1013,890,-1
1788813446.3876,349836,V,1013,890,-1
1788813446.3876,349844,V,1013,890,-1
1788813446.3876,349852,V,1013,890,-1
1788813446.4363,349865,V,1013,890,4537
1788813446.4363,349873,V,1012,889,-1
1788813446.4363,349881,V,1013,890,-1
1788813446.4363,349889,V,1013,890,-1
1788813446.4363,349897,V,1014,891,-1
1788813446.4363,349905,V,1014,891,-1
1788813446.4870,349919,V,1014,891,4538
1788813446.4872,349927,V,1014,891,-1
1788813446.4872,349935,V,1014,891,-1
1788813446.4872,349943,V,1013,890,-1
1788813446.4872,349951,V,1014,891,-1
1788813446.4872,349959,V,1013,890,-1
1788813446.5341,349973,V,1013,890,4539
1788813446.5342,349981,V,1013,890,-1
1788813446.5342,349989,V,1013,890,-1
1788813446.5342,349997,V,1013,890,-1
1788813446.5342,350005,V,1013,890,-1
1788813446.5342,350013,V,1014,891,-1
1788813446.5826,350026,V,1014,891,4540
1788813446.5826,350034,V,1014,891,-1
1788813446.5826,350042,V,1014,891,-1
1788813446.5826,350050,V,1013,890,-1
1788813446.5826,350058,V,1012,889,-1
1788813446.5826,350066,V,1013,890,-1
1788813446.6314,350080,V,1013,890,4541
1788813446.6314,350088,V,1013,890,-1
1788813446.6314,350096,V,1014,891,-1
1788813446.6314,350104,V,1013,890,-1
1788813446.6315,350112,V,1013,890,-1
1788813446.6315,350120,V,1014,891,-1
1788813446.6813,350133,V,1013,890,4542
1788813446.6813,350141,V,1013,890,-1
1788813446.6813,350149,V,1013,890,-1
1788813446.6814,350157,V,1014,891,-1
1788813446.6814,350165,V,1014,891,-1
1788813446.6814,350173,V,1013,890,-1
1788813446.7776,350187,V,1014,891,4543
1788813446.7777,350195,V,1013,890,-1
1788813446.7777,350203,V,1013,890,-1
1788813446.7777,350211,V,1014,891,-1
1788813446.7777,350219,V,1014,891,-1
1788813446.7777,350227,V,1014,891,-1
1788813446.8264,350241,V,1014,891,4544
1788813446.8264,350249,V,1013,890,-1
1788813446.8264,350257,V,1013,890,-1
1788813446.8264,350265,V,1014,891,-1
1788813446.8264,350273,V,1014,891,-1
1788813446.8264,350281,V,1013,890,-1
1788813446.8754,350294,V,1014,891,4545
1788813446.8754,350302,V,1013,890,-1
1788813446.8755,350310,V,1012,889,-1
1788813446.8755,350318,V,1013,890,-1
1788813446.8755,350326,V,1013,890,-1
1788813446.8755,350334,V,1013,890,-1
1788813446.9249,350348,V,1014,891,4546
1788813446.9250,350356,V,1013,890,-1
1788813446.9250,350364,V,1013,890,-1
1788813446.9250,350372,V,1014,891,-1
1788813446.9250,350380,V,1014,891,-1
1788813446.9250,350388,V,1014,891,-1
1788813446.9726,350402,V,1013,890,4547
1788813446.9726,350410,V,1014,891,-1
1788813446.9726,350418,V,1014,891,-1
1788813446.9726,350426,V,1013,890,-1
1788813446.9726,350434,V,1015,892,-1
1788813446.9727,350442,V,1013,890,-1
1788813447.0225,350455,V,1013,890,4548
1788813447.0227,350463,V,1014,891,-1
1788813447.0227,350471,V,1013,890,-1
1788813447.0227,350479,V,1013,890,-1
1788813447.0227,350487,V,1013,890,-1
1788813447.0227,350495,V,1013,890,-1
1788813447.1191,350509,V,1013,890,4549
1788813447.1192,350517,V,1014,891,-1
1788813447.1192,350525,V,1014,891,-1
1788813447.1192,350533,V,1012,889,-1
1788813447.1192,350541,V,1014,891,-1
1788813447.1192,350549,V,1012,889,-1
1788813447.1201,350562,V,1013,890,4550
1788813447.1202,350570,V,1014,891,-1
1788813447.1202,350578,V,1013,890,-1
1788813447.1202,350586,V,1013,890,-1
1788813447.1202,350594,V,1013,890,-1
1788813447.1202,350602,V,1013,890,-1
1788813447.1685,350616,V,1014,891,4551
1788813447.1686,350624,V,1013,890,-1
1788813447.1686,350632,V,1013,890,-1
1788813447.1686,350640,V,1013,890,-1
1788813447.1686,350648,V,1013,890,-1
1788813447.1686,350656,V,1012,889,-1
1788813447.2164,350670,V,1015,892,4552
1788813447.2164,350678,V,1013,890,-1
1788813447.2164,350686,V,1012,889,-1
1788813447.2164,350694,V,1014,891,-1
1788813447.2164,350702,V,1013,890,-1
1788813447.2164,350710,V,1012,889,-1
1788813447.3139,350723,V,1013,890,4553
1788813447.3140,350731,V,1013,890,-1
1788813447.3140,350739,V,1014,891,-1
1788813447.3141,350747,V,1013,890,-1
1788813447.3141,350755,V,1014,891,-1
1788813447.3141,350763,V,1013,890,-1
1788813447.3638,350777,V,1013,890,4554
1788813447.3639,350785,V,1014,891,-1
1788813447.3639,350793,V,1013,890,-1
1788813447.3639,350801,V,1014,891,-1
1788813447.3639,350809,V,1013,890,-1
1788813447.3639,350817,V,1014,891,-1
1788813447.4115,350831,V,1014,891,4555
1788813447.4115,350839,V,1014,891,-1
1788813447.4116,350847,V,1012,889,-1
1788813447.4116,350855,V,1014,891,-1
1788813447.4116,350863,V,1013,890,-1
1788813447.4116,350871,V,1013,890,-1
1788813447.4600,350884,V,1014,891,4556
1788813447.4600,350892,V,1014,891,-1
1788813447.4600,350900,V,1012,889,-1
1788813447.4601,350908,V,1014,891,-1
1788813447.4601,350916,V,1013,890,-1
1788813447.4601,350924,V,1013,890,-1
1788813447.5088,350938,V,1013,890,4557
1788813447.5088,350946,V,1013,890,-1
1788813447.5088,350954,V,1013,890,-1
1788813447.5088,350962,V,1013,890,-1
1788813447.5089,350970,V,1013,890,-1
1788813447.5089,350978,V,1014,891,-1
1788813447.5572,350992,V,1014,891,4558
1788813447.5573,351000,V,1012,889,-1
1788813447.5573,351008,V,1013,890,-1
1788813447.5573,351016,V,1013,890,-1
1788813447.5573,351024,V,1013,890,-1
1788813447.5573,351032,V,1013,890,-1
1788813447.6067,351045,V,1013,890,4559
1788813447.6067,351053,V,1014,891,-1
1788813447.6067,351061,V,1014,891,-1
1788813447.6067,351069,V,1012,889,-1
1788813447.6068,351077,V,1013,890,-1
1788813447.6068,351085,V,1014,891,-1
1788813447.6553,351099,V,1013,890,4560
1788813447.6553,351107,V,1013,890,-1
1788813447.6553,351115,V,1011,889,-1
1788813447.6553,351123,V,1012,889,-1
1788813447.6553,351131,V,1012,889,-1
1788813447.6553,351139,V,1012,889,-1
1788813447.7038,351152,V,1013,890,4561
1788813447.7039,351160,V,1014,891,-1
1788813447.7039,351168,V,1012,889,-1
1788813447.7039,351176,V,1012,889,-1
1788813447.7039,351184,V,1012,889,-1
1788813447.7039,351192,V,1012,889,-1
1788813447.7525,351206,V,1015,892,4562
1788813447.7525,351214,V,1013,890,-1
1788813447.7525,351222,V,1014,891,-1
1788813447.7525,351230,V,1012,889,-1
1788813447.7525,351238,V,1012,889,-1
1788813447.7526,351246,V,1013,890,-1
1788813447.8505,351260,V,1012,889,4563
1788813447.8506,351268,V,1013,890,-1
1788813447.8506,351276,V,1014,891,-1
1788813447.8506,351284,V,1013,890,-1
1788813447.8506,351292,V,1013,890,-1
1788813447.8507,351300,V,1013,890,-1
1788813447.8988,351313,V,1012,889,4564
1788813447.8988,351321,V,1012,889,-1
1788813447.8988,351329,V,1013,890,-1
1788813447.8988,351337,V,1013,890,-1
1788813447.8988,351345,V,1013,890,-1
1788813447.8988,351353,V,1014,891,-1
1788813447.9477,351367,V,1013,890,4565
1788813447.9477,351375,V,1013,890,-1
1788813447.9477,351383,V,1013,890,-1
1788813447.9477,351391,V,1015,892,-1
1788813447.9477,351399,V,1014,891,-1
1788813447.9477,351407,V,1014,891,-1
1788813447.9963,351421,V,1014,891,4566
1788813447.9963,351429,V,1013,890,-1
1788813447.9963,351437,V,1013,890,-1
1788813447.9963,351445,V,1014,891,-1
1788813447.9963,351453,V,1011,889,-1
1788813447.9963,351461,V,1013,890,-1
1788813448.0457,351474,V,1012,889,4567
1788813448.0457,351482,V,1014,891,-1
1788813448.0457,351490,V,1013,890,-1
1788813448.0457,351498,V,1013,890,-1
1788813448.0457,351506,V,1011,889,-1
1788813448.0457,351514,V,1013,890,-1
1788813448.0942,351528,V,1014,891,4568
1788813448.0944,351536,V,1013,890,-1
1788813448.0944,351544,V,1013,890,-1
1788813448.0944,351552,V,1012,889,-1
1788813448.0944,351560,V,1012,889,-1
1788813448.0944,351568,V,1013,890,-1
1788813448.1431,351582,V,1013,890,4569
1788813448.1432,351590,V,1014,891,-1
1788813448.1432,351598,V,1014,891,-1
1788813448.1432,351606,V,1013,890,-1
1788813448.1432,351614,V,1013,890,-1
1788813448.1432,351622,V,1012,889,-1
1788813448.1913,351635,V,1014,891,4570
1788813448.1914,351643,V,1013,890,-1
1788813448.1914,351651,V,1013,890,-1
1788813448.1914,351659,V,1013,890,-1
1788813448.1914,351667,V,1013,890,-1
1788813448.1914,351675,V,1013,890,-1
1788813448.2406,351689,V,1013,890,4571
1788813448.2406,351697,V,1013,890,-1
1788813448.2406,351705,V,1013,890,-1
1788813448.2406,351713,V,1013,890,-1
1788813448.2406,351721,V,1012,889,-1
1788813448.2406,351729,V,1014,891,-1
1788813448.2888,351743,V,1014,891,4572
1788813448.2888,351751,V,1013,890,-1
1788813448.2888,351759,V,1012,889,-1
1788813448.2888,351767,V,1012,889,-1
1788813448.2888,351775,V,1013,890,-1
1788813448.2888,351783,V,1012,889,-1
1788813448.3864,351796,V,1012,889,4573
1788813448.3865,351804,V,1013,890,-1
1788813448.3866,351812,V,1012,889,-1
1788813448.3866,351820,V,1012,889,-1
1788813448.3866,351828,V,1013,890,-1
1788813448.3866,351836,V,1013,890,-1
1788813448.4356,351850,V,1014,891,4574
1788813448.4357,351858,V,1012,889,-1
1788813448.4357,351866,V,1012,889,-1
1788813448.4357,351874,V,1013,890,-1
1788813448.4357,351882,V,1012,889,-1
1788813448.4357,351890,V,1012,889,-1
1788813448.4863,351904,V,1011,889,4575
1788813448.4863,351912,V,1012,889,-1
1788813448.4863,351920,V,1012,889,-1
1788813448.4863,351928,V,1011,889,-1
1788813448.4863,351936,V,1010,888,-1
1788813448.4863,351944,V,1010,888,-1
1788813448.5325,351957,V,1011,889,4576
1788813448.5325,351965,V,1011,889,-1
1788813448.5325,351973,V,1010,888,-1
1788813448.5325,351981,V,1009,887,-1
1788813448.5326,351989,V,1010,888,-1
1788813448.5326,351997,V,1010,888,-1
1788813448.5812,352011,V,1008,886,4577
1788813448.5812,352019,V,1009,887,-1
1788813448.5812,352027,V,1009,887,-1
1788813448.5812,352035,V,1009,887,-1
1788813448.5812,352043,V,1006,884,-1
1788813448.5812,352051,V,1005,883,-1
1788813448.6300,352065,V,1003,882,4578
1788813448.6302,352073,V,999,878,-1
1788813448.6302,352081,V,997,876,-1
1788813448.6302,352089,V,994,874,-1
1788813448.6303,352097,V,991,871,-1
1788813448.6303,352105,V,985,866,-1
1788813448.6790,352118,V,974,856,4579
1788813448.6791,352126,V,965,848,-1
1788813448.6791,352134,V,951,836,-1
1788813448.6791,352142,V,935,822,-1
1788813448.6791,352150,V,904,795,-1
1788813448.6791,352158,V,802,705,-1
1788813448.7284,352172,V,739,650,4580
1788813448.7284,352180,V,717,630,-1
1788813448.7284,352188,V,690,606,-1
1788813448.7284,352196,V,673,592,-1
1788813448.7284,352204,V,658,578,-1
1788813448.7284,352212,V,646,568,-1
1788813448.7761,352226,V,637,560,4581
1788813448.7761,352234,V,626,550,-1
1788813448.7761,352242,V,618,543,-1
1788813448.7761,352250,V,611,537,-1
1788813448.7761,352258,V,606,533,-1
1788813448.7761,352266,V,601,528,-1
1788813448.8250,352280,V,597,525,4582
1788813448.8250,352288,V,593,521,-1
1788813448.8251,352296,V,588,517,-1
1788813448.8251,352304,V,587,516,-1
1788813448.8251,352312,V,584,513,-1
1788813448.8251,352320,V,582,512,-1
1788813448.8739,352352,KEYUP,,,
1788813448.9225,352333,V,582,512,4583
1788813448.9226,352341,V,581,511,-1
1788813448.9226,352349,V,580,510,-1
1788813448.9226,352357,V,576,506,-1
1788813448.9226,352365,V,577,507,-1
1788813448.9227,352373,V,576,506,-1
1788813448.9716,352387,V,576,506,4584
1788813448.9716,352395,V,576,506,-1
1788813448.9717,352403,V,575,505,-1
1788813448.9717,352411,V,574,504,-1
1788813448.9717,352419,V,578,508,-1
1788813448.9717,352427,V,576,506,-1
1788813449.0203,352441,V,573,504,4585
1788813449.0203,352449,V,573,504,-1
1788813449.0203,352457,V,574,504,-1
1788813449.0203,352465,V,574,504,-1
1788813449.0204,352473,V,573,504,-1
1788813449.0204,352481,V,573,504,-1
1788813449.0685,352495,V,573,504,4586
1788813449.0685,352503,V,572,503,-1
1788813449.0685,352511,V,572,503,-1
1788813449.0685,352519,V,574,504,-1
1788813449.0685,352527,V,572,503,-1
1788813449.0685,352535,V,572,503,-1
1788813449.1175,352548,V,571,502,4587
1788813449.1176,352556,V,574,504,-1
1788813449.1176,352564,V,574,504,-1
1788813449.1176,352572,V,573,504,-1
1788813449.1176,352580,V,572,503,-1
1788813449.1176,352588,V,574,504,-1
1788813449.2151,352602,V,573,504,4588
1788813449.2152,352610,V,573,504,-1
1788813449.2152,352618,V,588,517,-1
1788813449.2152,352626,V,574,504,-1
1788813449.2152,352634,V,573,504,-1
1788813449.2152,352642,V,574,504,-1
1788813449.2162,352656,V,574,504,4589
1788813449.2162,352664,V,573,504,-1
1788813449.2162,352672,V,573,504,-1
1788813449.2162,352680,V,574,504,-1
1788813449.2162,352688,V,573,504,-1
1788813449.2162,352696,V,573,504,-1
1788813449.2641,352709,V,574,504,4590
1788813449.2641,352717,V,579,509,-1
1788813449.2641,352725,V,572,503,-1
1788813449.2641,352733,V,573,504,-1
1788813449.2641,352741,V,573,504,-1
1788813449.2641,352749,V,574,504,-1
1788813449.3126,352763,V,574,504,4591
1788813449.3126,352771,V,572,503,-1
1788813449.3126,352779,V,573,504,-1
1788813449.3126,352787,V,574,504,-1
1788813449.3127,352795,V,573,504,-1
1788813449.3127,352803,V,573,504,-1
1788813449.3611,352817,V,573,504,4592
1788813449.3611,352825,V,572,503,-1
1788813449.3611,352833,V,573,504,-1
1788813449.3611,352841,V,573,504,-1
1788813449.3611,352849,V,573,504,-1
1788813449.3612,352857,V,573,504,-1
1788813449.4589,352870,V,573,504,4593
1788813449.4590,352878,V,573,504,-1
1788813449.4590,352886,V,572,503,-1
1788813449.4590,352894,V,573,504,-1
1788813449.4590,352902,V,573,504,-1
1788813449.4590,352910,V,573,504,-1
1788813449.5099,352924,V,573,504,4594
1788813449.5100,352932,V,573,504,-1
1788813449.5100,352940,V,573,504,-1
1788813449.5100,352948,V,573,504,-1
1788813449.5101,352956,V,577,507,-1
1788813449.5101,352964,V,574,504,-1
1788813449.5563,352977,V,573,504,4595
1788813449.5563,352985,V,572,503,-1
1788813449.5563,352993,V,573,504,-1
1788813449.5564,353001,V,573,504,-1
1788813449.5564,353009,V,572,503,-1
1788813449.5564,353017,V,572,503,-1
1788813449.6050,353031,V,573,504,4596
1788813449.6051,353039,V,573,504,-1
1788813449.6051,353047,V,573,504,-1
1788813449.6051,353055,V,574,504,-1
1788813449.6051,353063,V,574,504,-1
1788813449.6051,353071,V,574,504,-1
1788813449.6540,353085,V,573,504,4597
1788813449.6540,353093,V,574,504,-1
1788813449.6540,353101,V,574,504,-1
1788813449.6540,353109,V,574,504,-1
1788813449.6540,353117,V,573,504,-1
1788813449.6541,353125,V,573,504,-1
1788813449.7024,353138,V,573,504,4598
1788813449.7025,353146,V,573,504,-1
1788813449.7026,353154,V,588,517,-1
1788813449.7026,353162,V,573,504,-1
1788813449.7026,353170,V,575,505,-1
1788813449.7026,353178,V,574,504,-1
1788813449.7519,353192,V,573,504,4599
1788813449.7519,353200,V,574,504,-1
1788813449.7519,353208,V,572,503,-1
1788813449.7519,353216,V,574,504,-1
1788813449.7520,353224,V,574,504,-1
1788813449.7520,353232,V,574,504,-1
1788813449.8001,353245,V,573,504,4600
1788813449.8001,353253,V,574,504,-1
1788813449.8001,353261,V,573,504,-1
1788813449.8001,353269,V,572,503,-1
1788813449.8001,353277,V,574,504,-1
1788813449.8001,353285,V,573,504,-1
1788813449.8490,353299,V,574,504,4601
1788813449.8490,353307,V,574,504,-1
1788813449.8490,353315,V,573,504,-1
1788813449.8490,353323,V,573,504,-1
1788813449.8490,353331,V,573,504,-1
1788813449.8490,353339,V,573,504,-1
1788813449.8974,353353,V,574,504,4602
1788813449.8974,353361,V,573,504,-1
1788813449.8974,353369,V,574,504,-1
1788813449.8975,353377,V,574,504,-1
1788813449.8975,353385,V,575,505,-1
1788813449.8975,353393,V,574,504,-1
1788813449.9948,353406,V,575,505,4603
1788813449.9950,353414,V,574,504,-1
1788813449.9950,353422,V,575,505,-1
1788813449.9950,353430,V,575,505,-1
1788813449.9950,353438,V,575,505,-1
1788813449.9950,353446,V,575,505,-1
1788813450.0451,353460,V,575,505,4604
1788813450.0451,353468,V,575,505,-1
1788813450.0451,353476,V,576,506,-1
1788813450.0452,353484,V,575,505,-1
1788813450.0452,353492,V,577,507,-1
1788813450.0452,353500,V,575,505,-1
1788813450.0938,353513,V,576,506,4605
1788813450.0938,353521,V,574,504,-1
1788813450.0938,353529,V,575,505,-1
1788813450.0938,353537,V,575,505,-1
1788813450.0938,353545,V,575,505,-1
1788813450.0938,353553,V,576,506,-1
1788813450.1413,353567,V,576,506,4606
1788813450.1413,353575,V,574,504,-1
1788813450.1413,353583,V,575,505,-1
1788813450.1413,353591,V,577,507,-1
1788813450.1413,353599,V,576,506,-1
1788813450.1414,353607,V,575,505,-1
1788813450.1909,353621,V,575,505,4607
1788813450.1909,353629,V,575,505,-1
1788813450.1909,353637,V,574,504,-1
1788813450.1909,353645,V,577,507,-1
1788813450.1909,353653,V,575,505,-1
1788813450.1909,353661,V,575,505,-1
1788813450.2389,353674,V,574,504,4608
1788813450.2391,353682,V,575,505,-1
1788813450.2391,353690,V,591,519,-1
1788813450.2391,353698,V,575,505,-1
1788813450.2391,353706,V,574,504,-1
1788813450.2391,353714,V,575,505,-1
1788813450.2877,353728,V,576,506,4609
1788813450.2878,353736,V,576,506,-1
1788813450.2878,353744,V,576,506,-1
1788813450.2878,353752,V,575,505,-1
1788813450.2878,353760,V,574,504,-1
1788813450.2878,353768,V,577,507,-1
1788813450.3364,353782,V,575,505,4610
1788813450.3364,353790,V,576,506,-1
1788813450.3364,353798,V,575,505,-1
1788813450.3364,353806,V,575,505,-1
1788813450.3364,353814,V,573,504,-1
1788813450.3364,353822,V,576,506,-1
1788813450.3851,353835,V,576,506,4611
1788813450.3851,353843,V,576,506,-1
1788813450.3851,353851,V,575,505,-1
1788813450.3851,353859,V,575,505,-1
1788813450.3851,353867,V,576,506,-1
1788813450.3851,353875,V,575,505,-1
1788813450.4339,353889,V,576,506,4612
1788813450.4339,353897,V,575,505,-1
1788813450.4339,353905,V,576,506,-1
1788813450.4339,353913,V,577,507,-1
1788813450.4339,353921,V,576,506,-1
1788813450.4339,353929,V,574,504,-1
1788813450.5332,353943,V,575,505,4613
1788813450.5332,353951,V,575,505,-1
1788813450.5332,353959,V,576,506,-1
1788813450.5332,353967,V,575,505,-1
1788813450.5332,353975,V,575,505,-1
1788813450.5332,353983,V,574,504,-1
1788813450.5804,353996,V,575,505,4614
1788813450.5804,354004,V,574,504,-1
1788813450.5804,354012,V,574,504,-1
1788813450.5804,354020,V,575,505,-1
1788813450.5804,354028,V,579,509,-1
1788813450.5804,354036,V,573,504,-1
1788813450.6287,354050,V,574,504,4615
1788813450.6287,354058,V,574,504,-1
1788813450.6287,354066,V,574,504,-1
1788813450.6287,354074,V,573,504,-1
1788813450.6287,354082,V,574,504,-1
1788813450.6287,354090,V,573,504,-1
1788813450.6773,354104,V,573,504,4616
1788813450.6773,354112,V,574,504,-1
1788813450.6773,354120,V,574,504,-1
1788813450.6773,354128,V,577,507,-1
1788813450.6773,354136,V,574,504,-1
1788813450.6773,354144,V,575,505,-1
1788813450.7260,354157,V,574,504,4617
1788813450.7260,354165,V,574,504,-1
1788813450.7260,354173,V,575,505,-1
1788813450.7260,354181,V,575,505,-1
1788813450.7260,354189,V,575,505,-1
1788813450.7260,354197,V,575,505,-1
1788813450.7753,354211,V,574,504,4618
1788813450.7755,354219,V,575,505,-1
1788813450.7755,354227,V,590,519,-1
1788813450.7755,354235,V,574,504,-1
1788813450.7755,354243,V,575,505,-1
1788813450.7755,354251,V,574,504,-1
1788813450.8244,354264,V,574,504,4619
1788813450.8244,354272,V,575,505,-1
1788813450.8244,354280,V,574,504,-1
1788813450.8244,354288,V,573,504,-1
1788813450.8244,354296,V,575,505,-1
1788813450.8244,354304,V,574,504,-1
1788813450.8725,354318,V,574,504,4620
1788813450.8725,354326,V,574,504,-1
1788813450.8725,354334,V,575,505,-1
1788813450.8725,354342,V,573,504,-1
1788813450.8725,354350,V,574,504,-1
1788813450.8725,354358,V,574,504,-1
1788813450.9214,354372,V,573,504,4621
1788813450.9214,354380,V,574,504,-1
1788813450.9214,354388,V,574,504,-1
1788813450.9214,354396,V,575,505,-1
1788813450.9214,354404,V,575,505,-1
1788813450.9215,354412,V,574,504,-1
1788813450.9701,354425,V,575,505,4622
1788813450.9701,354433,V,574,504,-1
1788813450.9701,354441,V,573,504,-1
1788813450.9701,354449,V,574,504,-1
1788813450.9701,354457,V,574,504,-1
1788813450.9701,354465,V,574,504,-1
1788813451.0675,354479,V,574,504,4623
1788813451.0676,354487,V,573,504,-1
1788813451.0676,354495,V,574,504,-1
1788813451.0676,354503,V,574,504,-1
1788813451.0676,354511,V,575,505,-1
1788813451.0676,354519,V,574,504,-1
1788813451.1170,354532,V,573,504,4624
1788813451.1170,354540,V,573,504,-1
1788813451.1170,354548,V,574,504,-1
1788813451.1170,354556,V,573,504,-1
1788813451.1170,354564,V,578,508,-1
1788813451.1170,354572,V,574,504,-1
1788813451.1653,354586,V,574,504,4625
1788813451.1653,354594,V,574,504,-1
1788813451.1653,354602,V,574,504,-1
1788813451.1653,354610,V,575,505,-1
1788813451.1653,354618,V,574,504,-1
1788813451.1653,354626,V,574,504,-1
1788813451.2147,354640,V,573,504,4626
1788813451.2147,354648,V,574,504,-1
1788813451.2147,354656,V,575,505,-1
1788813451.2147,354664,V,575,505,-1
1788813451.2147,354672,V,574,504,-1
1788813451.2147,354680,V,574,504,-1
1788813451.3118,354693,V,574,504,4627
1788813451.3119,354701,V,574,504,-1
1788813451.3119,354709,V,574,504,-1
1788813451.3119,354717,V,574,504,-1
1788813451.3119,354725,V,574,504,-1
1788813451.3119,354733,V,575,505,-1
1788813451.3136,354747,V,575,505,4628
1788813451.3136,354755,V,574,504,-1
1788813451.3136,354763,V,584,513,-1
1788813451.3136,354771,V,574,504,-1
1788813451.3136,354779,V,574,504,-1
1788813451.3136,354787,V,574,504,-1
1788813451.3611,354801,V,574,504,4629
1788813451.3611,354809,V,574,504,-1
1788813451.3611,354817,V,574,504,-1
1788813451.3611,354825,V,573,504,-1
1788813451.3612,354833,V,575,505,-1
1788813451.3612,354841,V,575,505,-1
1788813451.4085,354854,V,575,505,4630
1788813451.4086,354862,V,574,504,-1
1788813451.4086,354870,V,574,504,-1
1788813451.4086,354878,V,575,505,-1
1788813451.4086,354886,V,575,505,-1
1788813451.4086,354894,V,575,505,-1
1788813451.4573,354908,V,575,505,4631
1788813451.4573,354916,V,574,504,-1
1788813451.4573,354924,V,575,505,-1
1788813451.4574,354932,V,573,504,-1
1788813451.4574,354940,V,574,504,-1
1788813451.4574,354948,V,573,504,-1
1788813451.5072,354961,V,572,503,4632
1788813451.5072,354969,V,574,504,-1
1788813451.5073,354977,V,574,504,-1
1788813451.5073,354985,V,573,504,-1
1788813451.5073,354993,V,574,504,-1
1788813451.5073,355001,V,574,504,-1
1788813451.6039,355015,V,574,504,4633
1788813451.6041,355023,V,574,504,-1
1788813451.6041,355031,V,575,505,-1
1788813451.6041,355039,V,575,505,-1
1788813451.6041,355047,V,574,504,-1
1788813451.6041,355055,V,575,505,-1
1788813451.6530,355069,V,574,504,4634
1788813451.6531,355077,V,574,504,-1
1788813451.6531,355085,V,575,505,-1
1788813451.6531,355093,V,575,505,-1
1788813451.6531,355101,V,577,507,-1
1788813451.6531,355109,V,575,505,-1
1788813451.7024,355122,V,575,505,4635
1788813451.7024,355130,V,574,504,-1
1788813451.7024,355138,V,574,504,-1
1788813451.7025,355146,V,574,504,-1
1788813451.7025,355154,V,576,506,-1
1788813451.7025,355162,V,574,504,-1
1788813451.7511,355176,V,576,506,4636
1788813451.7512,355184,V,575,505,-1
1788813451.7512,355192,V,575,505,-1
1788813451.7512,355200,V,578,508,-1
1788813451.7512,355208,V,575,505,-1
1788813451.7512,355216,V,575,505,-1
1788813451.7986,355229,V,575,505,4637
1788813451.7986,355237,V,574,504,-1
1788813451.7986,355245,V,575,505,-1
1788813451.7986,355253,V,575,505,-1
1788813451.7986,355261,V,574,504,-1
1788813451.7986,355269,V,575,505,-1
1788813451.8475,355283,V,575,505,4638
1788813451.8476,355291,V,574,504,-1
1788813451.8476,355299,V,589,518,-1
1788813451.8476,355307,V,575,505,-1
1788813451.8476,355315,V,575,505,-1
1788813451.8477,355323,V,574,504,-1
1788813451.8974,355337,V,574,504,4639
1788813451.8974,355345,V,574,504,-1
1788813451.8975,355353,V,574,504,-1
1788813451.8975,355361,V,575,505,-1
1788813451.8975,355369,V,575,505,-1
1788813451.8975,355377,V,576,506,-1
1788813451.9451,355390,V,575,505,4640
1788813451.9451,355398,V,575,505,-1
1788813451.9452,355406,V,575,505,-1
1788813451.9452,355414,V,574,504,-1
1788813451.9452,355422,V,575,505,-1
1788813451.9452,355430,V,576,506,-1
1788813451.9936,355444,V,575,505,4641
1788813451.9936,355452,V,575,505,-1
1788813451.9936,355460,V,575,505,-1
1788813451.9937,355468,V,575,505,-1
1788813451.9937,355476,V,576,506,-1
1788813451.9937,355484,V,576,506,-1
1788813452.0426,355498,V,576,506,4642
1788813452.0427,355506,V,577,507,-1
1788813452.0427,355514,V,576,506,-1
1788813452.0427,355522,V,577,507,-1
1788813452.0427,355530,V,575,505,-1
1788813452.0427,355538,V,577,507,-1
1788813452.1401,355551,V,577,507,4643
1788813452.1403,355559,V,578,508,-1
1788813452.1404,355567,V,577,507,-1
1788813452.1404,355575,V,577,507,-1
1788813452.1404,355583,V,577,507,-1
1788813452.1404,355591,V,577,507,-1
1788813452.1887,355605,V,577,507,4644
1788813452.1887,355613,V,577,507,-1
1788813452.1887,355621,V,578,508,-1
1788813452.1887,355629,V,578,508,-1
1788813452.1887,355637,V,583,512,-1
1788813452.1887,355645,V,579,509,-1
1788813452.2375,355659,V,579,509,4645
1788813452.2375,355667,V,579,509,-1
1788813452.2376,355675,V,580,510,-1
1788813452.2376,355683,V,579,509,-1
1788813452.2376,355691,V,578,508,-1
1788813452.2376,355699,V,578,508,-1
1788813452.2861,355712,V,579,509,4646
1788813452.2861,355720,V,577,507,-1
1788813452.2861,355728,V,579,509,-1
1788813452.2861,355736,V,581,511,-1
1788813452.2861,355744,V,578,508,-1
1788813452.2861,355752,V,579,509,-1
1788813452.3352,355766,V,580,510,4647
1788813452.3352,355774,V,578,508,-1
1788813452.3352,355782,V,581,511,-1
1788813452.3352,355790,V,579,509,-1
1788813452.3352,355798,V,580,510,-1
1788813452.3352,355806,V,578,508,-1
1788813452.3840,355820,V,580,510,4648
1788813452.3841,355828,V,580,510,-1
1788813452.3841,355836,V,587,516,-1
1788813452.3841,355844,V,580,510,-1
1788813452.3844,355852,V,580,510,-1
1788813452.3844,355860,V,580,510,-1
1788813452.4328,355874,V,581,511,4649
1788813452.4328,355882,V,580,510,-1
1788813452.4328,355890,V,580,510,-1
1788813452.4329,355898,V,580,510,-1
1788813452.4329,355906,V,580,510,-1
1788813452.4329,355914,V,580,510,-1
1788813452.4815,355927,V,580,510,4650
1788813452.4815,355935,V,579,509,-1
1788813452.4816,355943,V,582,512,-1
1788813452.4816,355951,V,582,512,-1
1788813452.4816,355959,V,581,511,-1
1788813452.4816,355967,V,580,510,-1
1788813452.5301,355981,V,581,511,4651
1788813452.5301,355989,V,582,512,-1
1788813452.5301,355997,V,581,511,-1
1788813452.5301,356005,V,582,512,-1
1788813452.5301,356013,V,583,512,-1
1788813452.5301,356021,V,581,511,-1
1788813452.5809,356034,V,582,512,4652
1788813452.5809,356042,V,581,511,-1
1788813452.5810,356050,V,581,511,-1
1788813452.5810,356058,V,582,512,-1
1788813452.5810,356066,V,582,512,-1
1788813452.5810,356074,V,583,512,-1
1788813452.6763,356088,V,582,512,4653
1788813452.6765,356096,V,581,511,-1
1788813452.6765,356104,V,583,512,-1
1788813452.6765,356112,V,582,512,-1
1788813452.6766,356120,V,582,512,-1
1788813452.6767,356128,V,582,512,-1
1788813452.7252,356142,V,581,511,4654
1788813452.7252,356150,V,583,512,-1
1788813452.7252,356158,V,582,512,-1
1788813452.7252,356166,V,583,512,-1
1788813452.7252,356174,V,585,514,-1
1788813452.7252,356182,V,583,512,-1
1788813452.7740,356195,V,582,512,4655
1788813452.7740,356203,V,582,512,-1
1788813452.7740,356211,V,581,511,-1
1788813452.7740,356219,V,583,512,-1
1788813452.7740,356227,V,583,512,-1
1788813452.7740,356235,V,582,512,-1
1788813452.8225,356249,V,581,511,4656
1788813452.8225,356257,V,582,512,-1
1788813452.8226,356265,V,581,511,-1
1788813452.8226,356273,V,590,519,-1
1788813452.8226,356281,V,583,512,-1
1788813452.8226,356289,V,581,511,-1
1788813452.9205,356303,V,582,512,4657
1788813452.9206,356311,V,583,512,-1
1788813452.9206,356319,V,582,512,-1
1788813452.9206,356327,V,583,512,-1
1788813452.9206,356335,V,582,512,-1
1788813452.9206,356343,V,582,512,-1
1788813452.9213,356356,V,583,512,4658
1788813452.9214,356364,V,582,512,-1
1788813452.9214,356372,V,588,517,-1
1788813452.9214,356380,V,582,512,-1
1788813452.9214,356388,V,582,512,-1
1788813452.9214,356396,V,582,512,-1
1788813452.9691,356410,V,582,512,4659
1788813452.9691,356418,V,583,512,-1
1788813452.9691,356426,V,582,512,-1
1788813452.9691,356434,V,583,512,-1
1788813452.9691,356442,V,581,511,-1
1788813452.9691,356450,V,582,512,-1
1788813453.0179,356464,V,582,512,4660
1788813453.0180,356472,V,583,512,-1
1788813453.0180,356480,V,582,512,-1
1788813453.0180,356488,V,583,512,-1
1788813453.0180,356496,V,584,513,-1
1788813453.0180,356504,V,583,512,-1
1788813453.0662,356517,V,581,511,4661
1788813453.0662,356525,V,581,511,-1
1788813453.0662,356533,V,583,512,-1
1788813453.0662,356541,V,583,512,-1
1788813453.0662,356549,V,582,512,-1
1788813453.0662,356557,V,583,512,-1
1788813453.2129,356571,V,582,512,4662
1788813453.2130,356579,V,583,512,-1
1788813453.2130,356587,V,581,511,-1
1788813453.2130,356595,V,583,512,-1
1788813453.2130,356603,V,583,512,-1
1788813453.2130,356611,V,584,513,-1
1788813453.2138,356624,V,581,511,4663
1788813453.2138,356632,V,582,512,-1
1788813453.2138,356640,V,582,512,-1
1788813453.2138,356648,V,581,511,-1
1788813453.2138,356656,V,581,511,-1
1788813453.2138,356664,V,581,511,-1
1788813453.2632,356678,V,583,512,4664
1788813453.2633,356686,V,582,512,-1
1788813453.2633,356694,V,583,512,-1
1788813453.2633,356702,V,582,512,-1
1788813453.2633,356710,V,584,513,-1
1788813453.2633,356718,V,582,512,-1
1788813453.3592,356732,V,582,512,4665
1788813453.3593,356740,V,583,512,-1
1788813453.3593,356748,V,582,512,-1
1788813453.3593,356756,V,583,512,-1
1788813453.3593,356764,V,582,512,-1
1788813453.3593,356772,V,583,512,-1
1788813453.5053,356785,V,583,512,4666
1788813453.5054,356793,V,583,512,-1
1788813453.5054,356801,V,583,512,-1
1788813453.5054,356809,V,592,520,-1
1788813453.5055,356817,V,584,513,-1
1788813453.5055,356825,V,583,512,-1
1788813453.5558,356839,V,584,513,4667
1788813453.5558,356847,V,585,514,-1
1788813453.5558,356855,V,586,515,-1
1788813453.5558,356863,V,586,515,-1
1788813453.5558,356871,V,587,516,-1
1788813453.5559,356879,V,587,516,-1
1788813453.6515,356893,V,589,518,4668
1788813453.6515,356901,V,590,519,-1
1788813453.6515,356909,V,591,519,-1
1788813453.6515,356917,V,593,521,-1
1788813453.6515,356925,V,594,522,-1
1788813453.6515,356933,V,594,522,-1
1788813453.6526,356946,V,596,524,4669
1788813453.6526,356954,V,598,526,-1
1788813453.6526,356962,V,599,526,-1
1788813453.6526,356970,V,600,527,-1
1788813453.6526,356978,V,602,529,-1
1788813453.6526,356986,V,604,531,-1
1788813453.6547,357000,V,606,533,4670
1788813453.6547,357008,V,610,536,-1
1788813453.6547,357016,V,613,539,-1
1788813453.6548,357024,V,618,543,-1
1788813453.6548,357032,V,623,548,-1
1788813453.6548,357040,V,629,553,-1
1788813453.7000,357053,V,638,561,4671
1788813453.7001,357061,V,648,570,-1
1788813453.7001,357069,V,661,581,-1
1788813453.7001,357077,V,681,599,-1
1788813453.7001,357085,V,725,637,-1
1788813453.7001,357093,V,924,812,-1
1788813453.7014,357107,V,935,822,4672
1788813453.7014,357115,V,947,832,-1
1788813453.7014,357123,V,967,850,-1
1788813453.7014,357131,V,985,866,-1
1788813453.7014,357139,V,992,872,-1
1788813453.7014,357147,V,994,874,-1
1788813453.7491,357161,V,997,876,4673
1788813453.7492,357169,V,998,877,-1
1788813453.7492,357177,V,998,877,-1
1788813453.7492,357185,V,998,877,-1
1788813453.7492,357193,V,1000,879,-1
1788813453.7492,357201,V,1001,880,-1
1788813453.7512,357224,KEYDOWN,,,
1788813453.7988,357214,V,1003,882,4674
1788813453.7989,357222,V,1004,882,-1
1788813453.7989,357230,V,1004,882,-1
1788813453.7989,357238,V,1006,884,-1
1788813453.7989,357246,V,1007,885,-1
1788813453.7989,357254,V,1007,885,-1
1788813453.8466,357268,V,1006,884,4675
1788813453.8466,357276,V,1007,885,-1
1788813453.8466,357284,V,1007,885,-1
1788813453.8466,357292,V,1007,885,-1
1788813453.8466,357300,V,1006,884,-1
1788813453.8466,357308,V,1006,884,-1
1788813453.8948,357322,V,1006,884,4676
1788813453.8948,357330,V,1004,882,-1
1788813453.8948,357338,V,1004,882,-1
1788813453.8948,357346,V,1006,884,-1
1788813453.8948,357354,V,1003,882,-1
1788813453.8948,357362,V,1001,880,-1
1788813453.9438,357376,V,999,878,4677
1788813453.9438,357384,V,999,878,-1
1788813453.9438,357392,V,999,878,-1
1788813453.9438,357400,V,1002,881,-1
1788813453.9438,357408,V,1003,882,-1
1788813453.9438,357416,V,1005,883,-1
1788813453.9936,357429,V,1005,883,4678
1788813453.9938,357437,V,1006,884,-1
1788813453.9938,357445,V,1005,883,-1
1788813453.9938,357453,V,1004,882,-1
1788813453.9939,357461,V,1003,882,-1
1788813453.9939,357469,V,1002,881,-1
1788813454.0417,357483,V,1003,882,4679
1788813454.0417,357491,V,1002,881,-1
1788813454.0418,357499,V,1004,882,-1
1788813454.0418,357507,V,1004,882,-1
1788813454.0418,357515,V,1004,882,-1
1788813454.0418,357523,V,1004,882,-1
1788813454.0911,357537,V,1005,883,4680
1788813454.0911,357545,V,1004,882,-1
1788813454.0912,357553,V,1006,884,-1
1788813454.0912,357561,V,1006,884,-1
1788813454.0912,357569,V,1006,884,-1
1788813454.0912,357577,V,1006,884,-1
1788813454.2372,357590,V,1006,884,4681
1788813454.2373,357598,V,1006,884,-1
1788813454.2373,357606,V,1005,883,-1
1788813454.2373,357614,V,1005,883,-1
1788813454.2374,357622,V,1004,882,-1
1788813454.2374,357630,V,1004,882,-1
1788813454.2387,357644,V,1006,884,4682
1788813454.2387,357652,V,1006,884,-1
1788813454.2387,357660,V,1006,884,-1
1788813454.2387,357668,V,1006,884,-1
1788813454.2387,357676,V,1004,882,-1
1788813454.2387,357684,V,1006,884,-1
1788813454.2863,357697,V,1005,883,4683
1788813454.2863,357705,V,1005,883,-1
1788813454.2863,357713,V,1006,884,-1
1788813454.2863,357721,V,1005,883,-1
1788813454.2863,357729,V,1006,884,-1
1788813454.2863,357737,V,1005,883,-1
1788813454.3347,357751,V,1007,885,4684
1788813454.3347,357759,V,1005,883,-1
1788813454.3347,357767,V,1006,884,-1
1788813454.3347,357775,V,1007,885,-1
1788813454.3347,357783,V,1007,885,-1
1788813454.3347,357791,V,1006,884,-1
1788813454.3835,357805,V,1007,885,4685
1788813454.3835,357813,V,1007,885,-1
1788813454.3835,357821,V,1006,884,-1
1788813454.3835,357829,V,1006,884,-1
1788813454.3835,357837,V,1007,885,-1
1788813454.3835,357845,V,1006,884,-1
1788813454.4314,357858,V,1007,885,4686
1788813454.4314,357866,V,1008,886,-1
1788813454.4314,357874,V,1006,884,-1
1788813454.4314,357882,V,1008,886,-1
1788813454.4314,357890,V,1006,884,-1
1788813454.4314,357898,V,1007,885,-1
1788813454.4806,357912,V,1008,886,4687
1788813454.4807,357920,V,1008,886,-1
1788813454.4807,357928,V,1008,886,-1
1788813454.4807,357936,V,1009,887,-1
1788813454.4807,357944,V,1010,888,-1
1788813454.4807,357952,V,1010,888,-1
1788813454.5302,357966,V,1010,888,4688
1788813454.5303,357974,V,1010,888,-1
1788813454.5303,357982,V,1010,888,-1
1788813454.5303,357990,V,1010,888,-1
1788813454.5303,357998,V,1011,889,-1
1788813454.5303,358006,V,1011,889,-1
1788813454.5794,358019,V,1012,889,4689
1788813454.5794,358027,V,1011,889,-1
1788813454.5794,358035,V,1011,889,-1
1788813454.5794,358043,V,1011,889,-1
1788813454.5794,358051,V,1010,888,-1
1788813454.5794,358059,V,1011,889,-1
1788813454.6272,358073,V,1012,889,4690
1788813454.6272,358081,V,1011,889,-1
1788813454.6272,358089,V,1011,889,-1
1788813454.6272,358097,V,1012,889,-1
1788813454.6272,358105,V,1012,889,-1
1788813454.6273,358113,V,1012,889,-1
1788813454.6759,358127,V,1010,888,4691
1788813454.6759,358135,V,1011,889,-1
1788813454.6760,358143,V,1010,888,-1
1788813454.6760,358151,V,1011,889,-1
1788813454.6760,358159,V,1013,890,-1
1788813454.6760,358167,V,1011,889,-1
1788813454.7239,358180,V,1011,889,4692
1788813454.7240,358188,V,1012,889,-1
1788813454.7240,358196,V,1011,889,-1
1788813454.7240,358204,V,1013,890,-1
1788813454.7240,358212,V,1011,889,-1
1788813454.7240,358220,V,1011,889,-1
1788813454.8226,358234,V,1013,890,4693
1788813454.8227,358242,V,1012,889,-1
1788813454.8227,358250,V,1011,889,-1
1788813454.8228,358258,V,1010,888,-1
1788813454.8228,358266,V,1011,889,-1
1788813454.8228,358274,V,1011,889,-1
1788813454.8711,358288,V,1011,889,4694
1788813454.8711,358296,V,1011,889,-1
1788813454.8711,358304,V,1012,889,-1
1788813454.8711,358312,V,1010,888,-1
1788813454.8711,358320,V,1012,889,-1
1788813454.8711,358328,V,1010,888,-1
1788813454.9197,358341,V,1010,888,4695
1788813454.9197,358349,V,1010,888,-1
1788813454.9198,358357,V,1009,887,-1
1788813454.9198,358365,V,1010,888,-1
1788813454.9198,358373,V,1009,887,-1
1788813454.9198,358381,V,1010,888,-1
1788813454.9675,358395,V,1009,887,4696
1788813454.9676,358403,V,1010,888,-1
1788813454.9676,358411,V,1011,889,-1
1788813454.9676,358419,V,1010,888,-1
1788813454.9677,358427,V,1009,887,-1
1788813454.9677,358435,V,1010,888,-1
1788813455.0176,358449,V,1010,888,4697
1788813455.0177,358457,V,1010,888,-1
1788813455.0177,358465,V,1010,888,-1
1788813455.0177,358473,V,1009,887,-1
1788813455.0177,358481,V,1010,888,-1
1788813455.0177,358489,V,1008,886,-1
1788813455.0649,358502,V,1009,887,4698
1788813455.0649,358510,V,1010,888,-1
1788813455.0649,358518,V,1009,887,-1
1788813455.0649,358526,V,1009,887,-1
1788813455.0649,358534,V,1008,886,-1
1788813455.0649,358542,V,1009,887,-1
1788813455.1138,358556,V,1010,888,4699
1788813455.1138,358564,V,1009,887,-1
1788813455.1138,358572,V,1009,887,-1
1788813455.1138,358580,V,1009,887,-1
1788813455.1138,358588,V,1010,888,-1
1788813455.1138,358596,V,1009,887,-1
1788813455.1625,358609,V,1010,888,4700
1788813455.1626,358617,V,1008,886,-1
1788813455.1626,358625,V,1009,887,-1
1788813455.1626,358633,V,1010,888,-1
1788813455.1626,358641,V,1009,887,-1
1788813455.1626,358649,V,1010,888,-1
1788813455.2113,358663,V,1010,888,4701
1788813455.2114,358671,V,1009,887,-1
1788813455.2115,358679,V,1010,888,-1
1788813455.2115,358687,V,1009,887,-1
1788813455.2115,358695,V,1009,887,-1
1788813455.2115,358703,V,1010,888,-1
1788813455.2606,358717,V,1010,888,4702
1788813455.2606,358725,V,1010,888,-1
1788813455.2606,358733,V,1010,888,-1
1788813455.2606,358741,V,1010,888,-1
1788813455.2606,358749,V,1011,889,-1
1788813455.2606,358757,V,1012,889,-1
1788813455.3576,358770,V,1012,889,4703
1788813455.3576,358778,V,1010,888,-1
1788813455.3576,358786,V,1011,889,-1
1788813455.3576,358794,V,1011,889,-1
1788813455.3576,358802,V,1011,889,-1
1788813455.3576,358810,V,1011,889,-1
1788813455.4066,358824,V,1010,888,4704
1788813455.4066,358832,V,1012,889,-1
1788813455.4066,358840,V,1011,889,-1
1788813455.4066,358848,V,1008,886,-1
1788813455.4066,358856,V,1011,889,-1
1788813455.4066,358864,V,1011,889,-1
1788813455.4559,358878,V,1011,889,4705
1788813455.4560,358886,V,1011,889,-1
1788813455.4560,358894,V,1010,888,-1
1788813455.4560,358902,V,1011,889,-1
1788813455.4560,358910,V,1011,889,-1
1788813455.4560,358918,V,1010,888,-1
1788813455.5038,358931,V,1009,887,4706
1788813455.5038,358939,V,1010,888,-1
1788813455.5039,358947,V,1010,888,-1
1788813455.5039,358955,V,1009,887,-1
1788813455.5039,358963,V,1010,888,-1
1788813455.5039,358971,V,1010,888,-1
1788813455.5533,358985,V,1008,886,4707
1788813455.5533,358993,V,1010,888,-1
1788813455.5533,359001,V,1009,887,-1
1788813455.5533,359009,V,1010,888,-1
1788813455.5533,359017,V,1010,888,-1
1788813455.5533,359025,V,1009,887,-1
1788813455.6028,359039,V,1010,888,4708
1788813455.6029,359047,V,1010,888,-1
1788813455.6029,359055,V,1011,889,-1
1788813455.6029,359063,V,1010,888,-1
1788813455.6029,359071,V,1012,889,-1
1788813455.6029,359079,V,1011,889,-1
1788813455.6499,359092,V,1011,889,4709
1788813455.6499,359100,V,1011,889,-1
1788813455.6499,359108,V,1011,889,-1
1788813455.6499,359116,V,1010,888,-1
1788813455.6499,359124,V,1010,888,-1
1788813455.6499,359132,V,1012,889,-1
1788813455.6983,359146,V,1011,889,4710
1788813455.6984,359154,V,1010,888,-1
1788813455.6984,359162,V,1011,889,-1
1788813455.6984,359170,V,1010,888,-1
1788813455.6984,359178,V,1009,887,-1
1788813455.6984,359186,V,1010,888,-1
1788813455.7478,359200,V,1010,888,4711
1788813455.7478,359208,V,1012,889,-1
1788813455.7478,359216,V,1011,889,-1
1788813455.7478,359224,V,1011,889,-1
1788813455.7478,359232,V,1011,889,-1
1788813455.7478,359240,V,1011,889,-1
1788813455.8452,359253,V,1010,888,4712
1788813455.8452,359261,V,1010,888,-1
1788813455.8452,359269,V,1011,889,-1
1788813455.8452,359277,V,1011,889,-1
1788813455.8452,359285,V,1010,888,-1
1788813455.8452,359293,V,1013,890,-1
1788813455.8939,359307,V,1011,889,4713
1788813455.8939,359315,V,1010,888,-1
1788813455.8939,359323,V,1010,888,-1
1788813455.8939,359331,V,1011,889,-1
1788813455.8939,359339,V,1012,889,-1
1788813455.8939,359347,V,1012,889,-1
1788813455.9434,359361,V,1010,888,4714
1788813455.9436,359369,V,1010,888,-1
1788813455.9436,359377,V,1011,889,-1
1788813455.9436,359385,V,1012,889,-1
1788813455.9436,359393,V,1012,889,-1
1788813455.9436,359401,V,1011,889,-1
1788813455.9915,359414,V,1012,889,4715
1788813455.9915,359422,V,1012,889,-1
1788813455.9915,359430,V,1012,889,-1
1788813455.9915,359438,V,1011,889,-1
1788813455.9915,359446,V,1011,889,-1
1788813455.9915,359454,V,1012,889,-1
1788813456.0402,359468,V,1012,889,4716
1788813456.0402,359476,V,1012,889,-1
1788813456.0402,359484,V,1012,889,-1
1788813456.0402,359492,V,1012,889,-1
1788813456.0402,359500,V,1011,889,-1
1788813456.0402,359508,V,1012,889,-1
1788813456.0899,359522,V,1012,889,4717
1788813456.0899,359530,V,1012,889,-1
1788813456.0899,359538,V,1013,890,-1
1788813456.0899,359546,V,1011,889,-1
1788813456.0899,359554,V,1011,889,-1
1788813456.0899,359562,V,1010,888,-1
1788813456.1377,359575,V,1010,888,4718
1788813456.1378,359583,V,1011,889,-1
1788813456.1378,359591,V,1011,889,-1
1788813456.1378,359599,V,1012,889,-1
1788813456.1378,359607,V,1012,889,-1
1788813456.1378,359615,V,1011,889,-1
1788813456.1866,359629,V,1011,889,4719
1788813456.1868,359637,V,1011,889,-1
1788813456.1868,359645,V,1012,889,-1
1788813456.1868,359653,V,1012,889,-1
1788813456.1868,359661,V,1010,888,-1
1788813456.1868,359669,V,1011,889,-1
1788813456.2354,359683,V,1012,889,4720
1788813456.2355,359691,V,1012,889,-1
1788813456.2355,359699,V,1012,889,-1
1788813456.2355,359707,V,1011,889,-1
1788813456.2355,359715,V,1013,890,-1
1788813456.2355,359723,V,1012,889,-1
1788813456.2838,359736,V,1013,890,4721
1788813456.2838,359744,V,1012,889,-1
1788813456.2838,359752,V,1011,889,-1
1788813456.2838,359760,V,1010,888,-1
1788813456.2839,359768,V,1011,889,-1
1788813456.2840,359776,V,1012,889,-1
1788813456.3815,359790,V,1010,888,4722
1788813456.3815,359798,V,1011,889,-1
1788813456.3815,359806,V,1011,889,-1
1788813456.3815,359814,V,1011,889,-1
1788813456.3815,359822,V,1011,889,-1
1788813456.3815,359830,V,1012,889,-1
1788813456.4303,359844,V,1012,889,4723
1788813456.4304,359852,V,1010,888,-1
1788813456.4305,359860,V,1011,889,-1
1788813456.4305,359868,V,1011,889,-1
1788813456.4305,359876,V,1010,888,-1
1788813456.4305,359884,V,1010,888,-1
1788813456.4791,359897,V,1010,888,4724
1788813456.4792,359905,V,1012,889,-1
1788813456.4792,359913,V,1011,889,-1
1788813456.4792,359921,V,1012,889,-1
1788813456.4792,359929,V,1012,889,-1
1788813456.4792,359937,V,1011,889,-1
1788813456.5280,359951,V,1012,889,4725
1788813456.5280,359959,V,1011,889,-1
1788813456.5280,359967,V,1011,889,-1
1788813456.5280,359975,V,1011,889,-1
1788813456.5280,359983,V,1011,889,-1
1788813456.5280,359991,V,1012,889,-1
1788813456.5762,360004,V,1011,889,4726
1788813456.5763,360012,V,1012,889,-1
1788813456.5763,360020,V,1011,889,-1
1788813456.5763,360028,V,1013,890,-1
1788813456.5763,360036,V,1012,889,-1
1788813456.5763,360044,V,1012,889,-1
1788813456.6250,360058,V,1012,889,4727
1788813456.6251,360066,V,1012,889,-1
1788813456.6251,360074,V,1011,889,-1
1788813456.6251,360082,V,1012,889,-1
1788813456.6251,360090,V,1012,889,-1
1788813456.6251,360098,V,1012,889,-1
1788813456.6739,360112,V,1011,889,4728
1788813456.6740,360120,V,1013,890,-1
1788813456.6741,360128,V,1012,889,-1
1788813456.6741,360136,V,1012,889,-1
1788813456.6741,360144,V,1012,889,-1
1788813456.6741,360152,V,1011,889,-1
1788813456.7230,360165,V,1012,889,4729
1788813456.7230,360173,V,1013,890,-1
1788813456.7230,360181,V,1011,889,-1
1788813456.7230,360189,V,1011,889,-1
1788813456.7230,360197,V,1013,890,-1
1788813456.7231,360205,V,1012,889,-1
1788813456.7714,360219,V,1011,889,4730
1788813456.7714,360227,V,1013,890,-1
1788813456.7715,360235,V,1011,889,-1
1788813456.7715,360243,V,1012,889,-1
1788813456.7715,360251,V,1012,889,-1
1788813456.7715,360259,V,1011,889,-1
1788813456.8201,360273,V,1013,890,4731
1788813456.8201,360281,V,1011,889,-1
1788813456.8201,360289,V,1010,888,-1
1788813456.8202,360297,V,1012,889,-1
1788813456.8202,360305,V,1011,889,-1
1788813456.8202,360313,V,1011,889,-1
1788813456.9175,360326,V,1012,889,4732
1788813456.9176,360334,V,1011,889,-1
1788813456.9176,360342,V,1011,889,-1
1788813456.9176,360350,V,1011,889,-1
1788813456.9176,360358,V,1012,889,-1
1788813456.9176,360366,V,1012,889,-1
1788813456.9664,360380,V,1011,889,4733
1788813456.9664,360388,V,1010,888,-1
1788813456.9664,360396,V,1012,889,-1
1788813456.9664,360404,V,1010,888,-1
1788813456.9664,360412,V,1011,889,-1
1788813456.9664,360420,V,1011,889,-1
1788813457.0150,360433,V,1013,890,4734
1788813457.0150,360441,V,1012,889,-1
1788813457.0151,360449,V,1011,889,-1
1788813457.0151,360457,V,1012,889,-1
1788813457.0151,360465,V,1011,889,-1
1788813457.0151,360473,V,1012,889,-1
1788813457.0637,360487,V,1011,889,4735
1788813457.0638,360495,V,1013,890,-1
1788813457.0638,360503,V,1012,889,-1
1788813457.0638,360511,V,1011,889,-1
1788813457.0638,360519,V,1010,888,-1
1788813457.0638,360527,V,1011,889,-1
1788813457.1127,360541,V,1012,889,4736
1788813457.1127,360549,V,1012,889,-1
1788813457.1128,360557,V,1011,889,-1
1788813457.1128,360565,V,1011,889,-1
1788813457.1128,360573,V,1012,889,-1
1788813457.1128,360581,V,1012,889,-1
1788813457.1610,360594,V,1011,889,4737
1788813457.1611,360602,V,1012,889,-1
1788813457.1611,360610,V,1012,889,-1
1788813457.1611,360618,V,1012,889,-1
1788813457.1612,360626,V,1012,889,-1
1788813457.1612,360634,V,1011,889,-1
1788813457.2104,360648,V,1010,888,4738
1788813457.2104,360656,V,1011,889,-1
1788813457.2105,360664,V,1011,889,-1
1788813457.2105,360672,V,1011,889,-1
1788813457.2105,360680,V,1012,889,-1
1788813457.2105,360688,V,1011,889,-1
1788813457.2589,360701,V,1012,889,4739
1788813457.2589,360709,V,1012,889,-1
1788813457.2589,360717,V,1012,889,-1
1788813457.2589,360725,V,1012,889,-1
1788813457.2589,360733,V,1011,889,-1
1788813457.2590,360741,V,1011,889,-1
1788813457.3077,360755,V,1012,889,4740
1788813457.3077,360763,V,1010,888,-1
1788813457.3077,360771,V,1011,889,-1
1788813457.3077,360779,V,1011,889,-1
1788813457.3077,360787,V,1010,888,-1
1788813457.3077,360795,V,1011,889,-1
1788813457.3563,360809,V,1011,889,4741
1788813457.3563,360817,V,1011,889,-1
1788813457.3563,360825,V,1011,889,-1
1788813457.3563,360833,V,1012,889,-1
1788813457.3563,360841,V,1010,888,-1
1788813457.3563,360849,V,1010,888,-1
1788813457.4542,360862,V,1012,889,4742
1788813457.4544,360870,V,1011,889,-1
1788813457.4544,360878,V,1012,889,-1
1788813457.4544,360886,V,1012,889,-1
1788813457.4544,360894,V,1011,889,-1
1788813457.4544,360902,V,1013,890,-1
1788813457.5030,360916,V,1011,889,4743
1788813457.5031,360924,V,1011,889,-1
1788813457.5031,360932,V,1012,889,-1
1788813457.5031,360940,V,1012,889,-1
1788813457.5031,360948,V,1011,889,-1
1788813457.5031,360956,V,1011,889,-1
1788813457.5515,360970,V,1010,888,4744
1788813457.5515,360978,V,1011,889,-1
1788813457.5515,360986,V,1012,889,-1
1788813457.5515,360994,V,1012,889,-1
1788813457.5515,361002,V,1013,890,-1
1788813457.5515,361010,V,1012,889,-1
1788813457.6017,361023,V,1011,889,4745
1788813457.6017,361031,V,1012,889,-1
1788813457.6019,361039,V,1011,889,-1
1788813457.6019,361047,V,1012,889,-1
1788813457.6019,361055,V,1012,889,-1
1788813457.6019,361063,V,1011,889,-1
1788813457.6488,361077,V,1011,889,4746
1788813457.6488,361085,V,1011,889,-1
1788813457.6489,361093,V,1011,889,-1
1788813457.6489,361101,V,1012,889,-1
1788813457.6489,361109,V,1011,889,-1
1788813457.6489,361117,V,1012,889,-1
1788813457.6979,361131,V,1012,889,4747
1788813457.6980,361139,V,1010,888,-1
1788813457.6981,361147,V,1012,889,-1
1788813457.6981,361155,V,1012,889,-1
1788813457.6981,361163,V,1012,889,-1
1788813457.6981,361171,V,1011,889,-1
1788813457.7468,361184,V,1012,889,4748
1788813457.7469,361192,V,1011,889,-1
1788813457.7469,361200,V,1012,889,-1
1788813457.7469,361208,V,1011,889,-1
1788813457.7469,361216,V,1014,891,-1
1788813457.7469,361224,V,1012,889,-1
1788813457.7949,361238,V,1011,889,4749
1788813457.7949,361246,V,1011,889,-1
1788813457.7949,361254,V,1012,889,-1
1788813457.7950,361262,V,1010,888,-1
1788813457.7950,361270,V,1012,889,-1
1788813457.7950,361278,V,1012,889,-1
1788813457.8437,361291,V,1012,889,4750
1788813457.8438,361299,V,1014,891,-1
1788813457.8438,361307,V,1012,889,-1
1788813457.8438,361315,V,1012,889,-1
1788813457.8438,361323,V,1011,889,-1
1788813457.8438,361331,V,1012,889,-1
1788813457.8927,361345,V,1012,889,4751
1788813457.8927,361353,V,1013,890,-1
1788813457.8928,361361,V,1013,890,-1
1788813457.8928,361369,V,1012,889,-1
1788813457.8928,361377,V,1012,889,-1
1788813457.8928,361385,V,1012,889,-1
1788813457.9905,361399,V,1011,889,4752
1788813457.9906,361407,V,1012,889,-1
1788813457.9906,361415,V,1012,889,-1
1788813457.9906,361423,V,1013,890,-1
1788813457.9906,361431,V,1013,890,-1
1788813457.9906,361439,V,1012,889,-1
1788813458.0392,361452,V,1011,889,4753
1788813458.0393,361460,V,1011,889,-1
1788813458.0393,361468,V,1012,889,-1
1788813458.0393,361476,V,1012,889,-1
1788813458.0393,361484,V,1013,890,-1
1788813458.0393,361492,V,1013,890,-1
1788813458.0877,361506,V,1010,888,4754
1788813458.0878,361514,V,1012,889,-1
1788813458.0878,361522,V,1012,889,-1
1788813458.0878,361530,V,1011,889,-1
1788813458.0878,361538,V,1012,889,-1
1788813458.0878,361546,V,1012,889,-1
1788813458.1370,361559,V,1013,890,4755
1788813458.1370,361567,V,1013,890,-1
1788813458.1370,361575,V,1011,889,-1
1788813458.1370,361583,V,1011,889,-1
1788813458.1370,361591,V,1012,889,-1
1788813458.1370,361599,V,1012,889,-1
1788813458.1855,361613,V,1011,889,4756
1788813458.1855,361621,V,1011,889,-1
1788813458.1855,361629,V,1012,889,-1
1788813458.1855,361637,V,1013,890,-1
1788813458.1855,361645,V,1012,889,-1
1788813458.1856,361653,V,1011,889,-1
1788813458.2338,361667,V,1012,889,4757
1788813458.2339,361675,V,1012,889,-1
1788813458.2339,361683,V,1012,889,-1
1788813458.2340,361691,V,1012,889,-1
1788813458.2340,361699,V,1011,889,-1
1788813458.2340,361707,V,1011,889,-1
1788813458.2830,361720,V,1012,889,4758
1788813458.2830,361728,V,1012,889,-1
1788813458.2831,361736,V,1012,889,-1
1788813458.2831,361744,V,1013,890,-1
1788813458.2831,361752,V,1012,889,-1
1788813458.2831,361760,V,1011,889,-1
1788813458.3319,361774,V,1013,890,4759
1788813458.3319,361782,V,1012,889,-1
1788813458.3319,361790,V,1011,889,-1
1788813458.3319,361798,V,1013,890,-1
1788813458.3319,361806,V,1011,889,-1
1788813458.3319,361814,V,1012,889,-1
1788813458.3800,361828,V,1011,889,4760
1788813458.3801,361836,V,1011,889,-1
1788813458.3801,361844,V,1011,889,-1
1788813458.3801,361852,V,1011,889,-1
1788813458.3801,361860,V,1011,889,-1
1788813458.3801,361868,V,1011,889,-1
1788813458.4289,361881,V,1012,889,4761
1788813458.4289,361889,V,1012,889,-1
1788813458.4289,361897,V,1012,889,-1
1788813458.4289,361905,V,1012,889,-1
1788813458.4289,361913,V,1012,889,-1
1788813458.4289,361921,V,1011,889,-1
1788813458.5267,361935,V,1011,889,4762
1788813458.5268,361943,V,1011,889,-1
1788813458.5269,361951,V,1011,889,-1
1788813458.5269,361959,V,1011,889,-1
1788813458.5269,361967,V,1012,889,-1
1788813458.5269,361975,V,1013,890,-1
1788813458.5754,361989,V,1011,889,4763
1788813458.5755,361997,V,1011,889,-1
1788813458.5755,362005,V,1011,889,-1
1788813458.5755,362013,V,1012,889,-1
1788813458.5755,362021,V,1012,889,-1
1788813458.5755,362029,V,1012,889,-1
1788813458.6255,362042,V,1011,889,4764
1788813458.6255,362050,V,1012,889,-1
1788813458.6255,362058,V,1011,889,-1
1788813458.6255,362066,V,1011,889,-1
1788813458.6255,362074,V,1012,889,-1
1788813458.6256,362082,V,1011,889,-1
1788813458.6734,362096,V,1011,889,4765
1788813458.6734,362104,V,1013,890,-1
1788813458.6734,362112,V,1012,889,-1
1788813458.6734,362120,V,1012,889,-1
1788813458.6734,362128,V,1011,889,-1
1788813458.6734,362136,V,1011,889,-1
1788813458.7339,362149,V,1012,889,4766
1788813458.7340,362157,V,1011,889,-1
1788813458.7340,362165,V,1011,889,-1
1788813458.7340,362173,V,1012,889,-1
1788813458.7340,362181,V,1011,889,-1
1788813458.7340,362189,V,1012,889,-1
1788813458.7722,362203,V,1011,889,4767
1788813458.7722,362211,V,1011,889,-1
1788813458.7722,362219,V,1012,889,-1
1788813458.7722,362227,V,1012,889,-1
1788813458.7722,362235,V,1011,889,-1
1788813458.7722,362243,V,1012,889,-1
1788813458.8201,362257,V,1012,889,4768
1788813458.8201,362265,V,1011,889,-1
1788813458.8201,362273,V,1011,889,-1
1788813458.8201,362281,V,1012,889,-1
1788813458.8201,362289,V,1012,889,-1
1788813458.8201,362297,V,1012,889,-1
1788813458.8673,362310,V,1012,889,4769
1788813458.8673,362318,V,1012,889,-1
1788813458.8673,362326,V,1011,889,-1
1788813458.8673,362334,V,1011,889,-1
1788813458.8673,362342,V,1012,889,-1
1788813458.8673,362350,V,1011,889,-1
1788813458.9166,362364,V,1012,889,4770
1788813458.9166,362372,V,1013,890,-1
1788813458.9166,362380,V,1011,889,-1
1788813458.9166,362388,V,1012,889,-1
1788813458.9166,362396,V,1013,890,-1
1788813458.9166,362404,V,1012,889,-1
1788813458.9661,362418,V,1013,890,4771
1788813458.9663,362426,V,1012,889,-1
1788813458.9663,362434,V,1012,889,-1
1788813458.9663,362442,V,1013,890,-1
1788813458.9663,362450,V,1013,890,-1
1788813458.9663,362458,V,1011,889,-1
1788813459.0633,362471,V,1013,890,4772
1788813459.0633,362479,V,1011,889,-1
1788813459.0633,362487,V,1012,889,-1
1788813459.0633,362495,V,1012,889,-1
1788813459.0633,362503,V,1012,889,-1
1788813459.0633,362511,V,1014,891,-1
1788813459.1122,362525,V,1012,889,4773
1788813459.1122,362533,V,1011,889,-1
1788813459.1122,362541,V,1012,889,-1
1788813459.1122,362549,V,1011,889,-1
1788813459.1122,362557,V,1012,889,-1
1788813459.1122,362565,V,1012,889,-1
1788813459.1602,362578,V,1012,889,4774
1788813459.1602,362586,V,1012,889,-1
1788813459.1602,362594,V,1012,889,-1
1788813459.1602,362602,V,1010,888,-1
1788813459.1603,362610,V,1012,889,-1
1788813459.1603,362618,V,1012,889,-1
1788813459.2098,362632,V,1011,889,4775
1788813459.2099,362640,V,1012,889,-1
1788813459.2099,362648,V,1012,889,-1
1788813459.2100,362656,V,1013,890,-1
1788813459.2100,362664,V,1012,889,-1
1788813459.2100,362672,V,1011,889,-1
1788813459.2581,362686,V,1011,889,4776
1788813459.2581,362694,V,1013,890,-1
1788813459.2581,362702,V,1013,890,-1
1788813459.2581,362710,V,1013,890,-1
1788813459.2581,362718,V,1012,889,-1
1788813459.2581,362726,V,1013,890,-1
1788813459.3064,362739,V,1012,889,4777
1788813459.3064,362747,V,1012,889,-1
1788813459.3064,362755,V,1012,889,-1
1788813459.3064,362763,V,1011,889,-1
1788813459.3064,362771,V,1011,889,-1
1788813459.3064,362779,V,1013,890,-1
1788813459.3557,362793,V,1012,889,4778
1788813459.3557,362801,V,1013,890,-1
1788813459.3557,362809,V,1012,889,-1
1788813459.3557,362817,V,1013,890,-1
1788813459.3559,362825,V,1012,889,-1
1788813459.3559,362833,V,1012,889,-1
1788813459.4039,362846,V,1012,889,4779
1788813459.4039,362854,V,1012,889,-1
1788813459.4039,362862,V,1012,889,-1
1788813459.4039,362870,V,1012,889,-1
1788813459.4039,362878,V,1012,889,-1
1788813459.4039,362886,V,1012,889,-1
1788813459.4526,362900,V,1011,889,4780
1788813459.4527,362908,V,1011,889,-1
1788813459.4528,362916,V,1012,889,-1
1788813459.4528,362924,V,1013,890,-1
1788813459.4528,362932,V,1012,889,-1
1788813459.4528,362940,V,1011,889,-1
1788813459.5020,362953,V,1012,889,4781
1788813459.5020,362961,V,1012,889,-1
1788813459.5020,362969,V,1012,889,-1
1788813459.5020,362977,V,1011,889,-1
1788813459.5020,362985,V,1012,889,-1
1788813459.5020,362993,V,1011,889,-1
1788813459.5991,363007,V,1011,889,4782
1788813459.5991,363015,V,1012,889,-1
1788813459.5991,363023,V,1011,889,-1
1788813459.5992,363031,V,1012,889,-1
1788813459.5992,363039,V,1012,889,-1
1788813459.5992,363047,V,1012,889,-1
1788813459.6493,363061,V,1011,889,4783
1788813459.6493,363069,V,1011,889,-1
1788813459.6493,363077,V,1012,889,-1
1788813459.6493,363085,V,1011,889,-1
1788813459.6493,363093,V,1012,889,-1
1788813459.6493,363101,V,1011,889,-1
1788813459.6964,363115,V,1012,889,4784
1788813459.6965,363123,V,1013,890,-1
1788813459.6965,363131,V,1013,890,-1
1788813459.6966,363139,V,1011,889,-1
1788813459.6966,363147,V,1012,889,-1
1788813459.6966,363155,V,1012,889,-1
1788813459.7465,363168,V,1013,890,4785
1788813459.7465,363176,V,1011,889,-1
1788813459.7465,363184,V,1013,890,-1
1788813459.7465,363192,V,1011,889,-1
1788813459.7465,363200,V,1012,889,-1
1788813459.7465,363208,V,1012,889,-1
1788813459.7939,363222,V,1012,889,4786
1788813459.7939,363230,V,1012,889,-1
1788813459.7939,363238,V,1010,888,-1
1788813459.7939,363246,V,1011,889,-1
1788813459.7940,363254,V,1011,889,-1
1788813459.7940,363262,V,1012,889,-1
1788813459.8427,363275,V,1011,889,4787
1788813459.8427,363283,V,1011,889,-1
1788813459.8427,363291,V,1009,887,-1
1788813459.8427,363299,V,1012,889,-1
1788813459.8428,363307,V,1011,889,-1
1788813459.8428,363315,V,1011,889,-1
1788813459.8923,363329,V,1012,889,4788
1788813459.8923,363337,V,1012,889,-1
1788813459.8923,363345,V,1012,889,-1
1788813459.8923,363353,V,1012,889,-1
1788813459.8923,363361,V,1012,889,-1
1788813459.8923,363369,V,1012,889,-1
1788813459.9410,363383,V,1013,890,4789
1788813459.9411,363391,V,1014,891,-1
1788813459.9411,363399,V,1013,890,-1
1788813459.9411,363407,V,1011,889,-1
1788813459.9411,363415,V,1012,889,-1
1788813459.9411,363423,V,1012,889,-1
1788813459.9919,363436,V,1012,889,4790
1788813459.9919,363444,V,1012,889,-1
1788813459.9919,363452,V,1012,889,-1
1788813459.9919,363460,V,1012,889,-1
1788813459.9919,363468,V,1012,889,-1
1788813459.9919,363476,V,1011,889,-1
1788813460.0386,363490,V,1012,889,4791
1788813460.0387,363498,V,1012,889,-1
1788813460.0387,363506,V,1011,889,-1
1788813460.0387,363514,V,1011,889,-1
1788813460.0387,363522,V,1012,889,-1
1788813460.0387,363530,V,1011,889,-1
1788813460.1361,363544,V,1012,889,4792
1788813460.1361,363552,V,1011,889,-1
1788813460.1361,363560,V,1011,889,-1
1788813460.1361,363568,V,1010,888,-1
1788813460.1361,363576,V,1011,889,-1
1788813460.1361,363584,V,1013,890,-1
1788813460.1838,363597,V,1012,889,4793
1788813460.1840,363605,V,1012,889,-1
1788813460.1840,363613,V,1012,889,-1
1788813460.1840,363621,V,1012,889,-1
1788813460.1840,363629,V,1012,889,-1
1788813460.1840,363637,V,1012,889,-1
1788813460.2332,363651,V,1011,889,4794
1788813460.2332,363659,V,1012,889,-1
1788813460.2332,363667,V,1011,889,-1
1788813460.2332,363675,V,1012,889,-1
1788813460.2332,363683,V,1011,889,-1
1788813460.2332,363691,V,1011,889,-1
1788813460.2812,363704,V,1011,889,4795
1788813460.2812,363712,V,1011,889,-1
1788813460.2812,363720,V,1011,889,-1
1788813460.2812,363728,V,1010,888,-1
1788813460.2812,363736,V,1012,889,-1
1788813460.2812,363744,V,1012,889,-1
1788813460.3302,363758,V,1012,889,4796
1788813460.3303,363766,V,1011,889,-1
1788813460.3303,363774,V,1012,889,-1
1788813460.3303,363782,V,1012,889,-1
1788813460.3303,363790,V,1011,889,-1
1788813460.3303,363798,V,1012,889,-1
1788813460.3800,363812,V,1011,889,4797
1788813460.3801,363820,V,1011,889,-1
1788813460.3801,363828,V,1011,889,-1
1788813460.3801,363836,V,1012,889,-1
1788813460.3801,363844,V,1012,889,-1
1788813460.3801,363852,V,1012,889,-1
1788813460.4280,363865,V,1012,889,4798
1788813460.4282,363873,V,1011,889,-1
1788813460.4282,363881,V,1012,889,-1
1788813460.4282,363889,V,1012,889,-1
1788813460.4282,363897,V,1011,889,-1
1788813460.4282,363905,V,1013,890,-1
1788813460.4777,363919,V,1011,889,4799
1788813460.4777,363927,V,1013,890,-1
1788813460.4777,363935,V,1012,889,-1
1788813460.4777,363943,V,1012,889,-1
1788813460.4777,363951,V,1010,888,-1
1788813460.4777,363959,V,1012,889,-1
1788813460.5261,363973,V,1011,889,4800
1788813460.5262,363981,V,1011,889,-1
1788813460.5262,363989,V,1012,889,-1
1788813460.5262,363997,V,1012,889,-1
1788813460.5262,364005,V,1012,889,-1
1788813460.5262,364013,V,1011,889,-1
1788813460.5745,364026,V,1012,889,4801
1788813460.5745,364034,V,1011,889,-1
1788813460.5745,364042,V,1012,889,-1
1788813460.5745,364050,V,1012,889,-1
1788813460.5746,364058,V,1012,889,-1
1788813460.5746,364066,V,1012,889,-1
1788813460.6723,364080,V,1012,889,4802
1788813460.6723,364088,V,1011,889,-1
1788813460.6723,364096,V,1013,890,-1
1788813460.6723,364104,V,1011,889,-1
1788813460.6723,364112,V,1013,890,-1
1788813460.6723,364120,V,1014,891,-1
1788813460.7201,364134,V,1011,889,4803
1788813460.7201,364142,V,1012,889,-1
1788813460.7201,364150,V,1012,889,-1
1788813460.7201,364158,V,1013,890,-1
1788813460.7201,364166,V,1012,889,-1
1788813460.7201,364174,V,1012,889,-1
1788813460.7690,364187,V,1011,889,4804
1788813460.7690,364195,V,1012,889,-1
1788813460.7690,364203,V,1013,890,-1
1788813460.7690,364211,V,1013,890,-1
1788813460.7690,364219,V,1013,890,-1
1788813460.7690,364227,V,1012,889,-1
1788813460.8180,364241,V,1013,890,4805
1788813460.8180,364249,V,1012,889,-1
1788813460.8180,364257,V,1013,890,-1
1788813460.8180,364265,V,1012,889,-1
1788813460.8180,364273,V,1012,889,-1
1788813460.8180,364281,V,1012,889,-1
1788813460.8661,364294,V,1012,889,4806
1788813460.8662,364302,V,1013,890,-1
1788813460.8662,364310,V,1011,889,-1
1788813460.8662,364318,V,1012,889,-1
1788813460.8662,364326,V,1013,890,-1
1788813460.8662,364334,V,1012,889,-1
1788813460.9154,364348,V,1011,889,4807
1788813460.9155,364356,V,1013,890,-1
1788813460.9155,364364,V,1012,889,-1
1788813460.9155,364372,V,1012,889,-1
1788813460.9155,364380,V,1012,889,-1
1788813460.9156,364388,V,1012,889,-1
1788813460.9644,364401,V,1013,890,4808
1788813460.9644,364409,V,1012,889,-1
1788813460.9644,364417,V,1011,889,-1
1788813460.9644,364425,V,1012,889,-1
1788813460.9644,364433,V,1013,890,-1
1788813460.9644,364441,V,1012,889,-1
1788813461.0128,364455,V,1011,889,4809
1788813461.0128,364463,V,1011,889,-1
1788813461.0128,364471,V,1011,889,-1
1788813461.0128,364479,V,1011,889,-1
1788813461.0128,364487,V,1012,889,-1
1788813461.0128,364495,V,1011,889,-1
1788813461.1105,364509,V,1011,889,4810
1788813461.1106,364517,V,1011,889,-1
1788813461.1106,364525,V,1012,889,-1
1788813461.1106,364533,V,1013,890,-1
1788813461.1106,364541,V,1012,889,-1
1788813461.1106,364549,V,1011,889,-1
1788813461.1116,364562,V,1012,889,4811
1788813461.1116,364570,V,1013,890,-1
1788813461.1116,364578,V,1012,889,-1
1788813461.1116,364586,V,1012,889,-1
1788813461.1116,364594,V,1013,890,-1
1788813461.1116,364602,V,1012,889,-1
1788813461.2079,364616,V,1011,889,4812
1788813461.2080,364624,V,1011,889,-1
1788813461.2081,364632,V,1011,889,-1
1788813461.2081,364640,V,1010,888,-1
1788813461.2081,364648,V,1012,889,-1
1788813461.2081,364656,V,1013,890,-1
1788813461.2569,364670,V,1013,890,4813
1788813461.2569,364678,V,1012,889,-1
1788813461.2569,364686,V,1010,888,-1
1788813461.2569,364694,V,1011,889,-1
1788813461.2569,364702,V,1012,889,-1
1788813461.2569,364710,V,1013,890,-1
1788813461.3052,364723,V,1012,889,4814
1788813461.3052,364731,V,1012,889,-1
1788813461.3053,364739,V,1011,889,-1
1788813461.3053,364747,V,1012,889,-1
1788813461.3053,364755,V,1011,889,-1
1788813461.3053,364763,V,1013,890,-1
1788813461.3538,364777,V,1011,889,4815
1788813461.3538,364785,V,1013,890,-1
1788813461.3538,364793,V,1013,890,-1
1788813461.3539,364801,V,1013,890,-1
1788813461.3539,364809,V,1012,889,-1
1788813461.3539,364817,V,1013,890,-1
1788813461.4025,364831,V,1012,889,4816
1788813461.4025,364839,V,1012,889,-1
1788813461.4025,364847,V,1012,889,-1
1788813461.4025,364855,V,1012,889,-1
1788813461.4025,364863,V,1012,889,-1
1788813461.4026,364871,V,1012,889,-1
1788813461.4510,364884,V,1013,890,4817
1788813461.4511,364892,V,1012,889,-1
1788813461.4512,364900,V,1011,889,-1
1788813461.4512,364908,V,1012,889,-1
1788813461.4512,364916,V,1011,889,-1
1788813461.4512,364924,V,1011,889,-1
1788813461.5023,364938,V,1012,889,4818
1788813461.5023,364946,V,1012,889,-1
1788813461.5023,364954,V,1012,889,-1
1788813461.5023,364962,V,1011,889,-1
1788813461.5023,364970,V,1012,889,-1
1788813461.5023,364978,V,1012,889,-1
1788813461.5489,364991,V,1011,889,4819
1788813461.5489,364999,V,1012,889,-1
1788813461.5489,365007,V,1012,889,-1
1788813461.5489,365015,V,1014,891,-1
1788813461.5489,365023,V,1012,889,-1
1788813461.5489,365031,V,1012,889,-1
1788813461.5979,365045,V,1012,889,4820
1788813461.5980,365053,V,1012,889,-1
1788813461.5980,365061,V,1012,889,-1
1788813461.5980,365069,V,1011,889,-1
1788813461.5980,365077,V,1013,890,-1
1788813461.5980,365085,V,1013,890,-1
1788813461.6484,365098,V,1012,889,4821
1788813461.6484,365106,V,1013,890,-1
1788813461.6484,365114,V,1011,889,-1
1788813461.6484,365122,V,1013,890,-1
1788813461.6484,365130,V,1013,890,-1
1788813461.6484,365138,V,1013,890,-1
1788813461.7441,365152,V,1011,889,4822
1788813461.7443,365160,V,1012,889,-1
1788813461.7443,365168,V,1011,889,-1
1788813461.7443,365176,V,1012,889,-1
1788813461.7443,365184,V,1012,889,-1
1788813461.7443,365192,V,1011,889,-1
1788813461.7946,365206,V,1011,889,4823
1788813461.7946,365214,V,1012,889,-1
1788813461.7946,365222,V,1013,890,-1
1788813461.7946,365230,V,1012,889,-1
1788813461.7946,365238,V,1013,890,-1
1788813461.7946,365246,V,1011,889,-1
1788813461.8423,365260,V,1012,889,4824
1788813461.8423,365268,V,1012,889,-1
1788813461.8423,365276,V,1013,890,-1
1788813461.8423,365284,V,1012,889,-1
1788813461.8423,365292,V,1013,890,-1
1788813461.8423,365300,V,1012,889,-1
1788813461.8901,365313,V,1012,889,4825
1788813461.8902,365321,V,1013,890,-1
1788813461.8902,365329,V,1012,889,-1
1788813461.8902,365337,V,1012,889,-1
1788813461.8902,365345,V,1012,889,-1
1788813461.8902,365353,V,1011,889,-1
1788813461.9389,365367,V,1011,889,4826
1788813461.9389,365375,V,1011,889,-1
1788813461.9389,365383,V,1012,889,-1
1788813461.9389,365391,V,1011,889,-1
1788813461.9389,365399,V,1013,890,-1
1788813461.9389,365407,V,1013,890,-1
1788813461.9885,365420,V,1012,889,4827
1788813461.9887,365428,V,1011,889,-1
1788813461.9887,365436,V,1012,889,-1
1788813461.9887,365444,V,1012,889,-1
1788813461.9887,365452,V,1011,889,-1
1788813461.9887,365460,V,1011,889,-1
1788813462.0379,365474,V,1012,889,4828
1788813462.0379,365482,V,1011,889,-1
1788813462.0380,365490,V,1011,889,-1
1788813462.0380,365498,V,1011,889,-1
1788813462.0380,365506,V,1011,889,-1
1788813462.0380,365514,V,1011,889,-1
1788813462.1350,365528,V,1011,889,4829
1788813462.1350,365536,V,1011,889,-1
1788813462.1350,365544,V,1012,889,-1
1788813462.1350,365552,V,1012,889,-1
1788813462.1350,365560,V,1011,889,-1
1788813462.1351,365568,V,1011,889,-1
1788813462.1361,365581,V,1011,889,4830
1788813462.1361,365589,V,1012,889,-1
1788813462.1361,365597,V,1012,889,-1
1788813462.1361,365605,V,1012,889,-1
1788813462.1361,365613,V,1012,889,-1
1788813462.1361,365621,V,1011,889,-1
1788813462.1835,365635,V,1012,889,4831
1788813462.1835,365643,V,1012,889,-1
1788813462.1835,365651,V,1012,889,-1
1788813462.1835,365659,V,1012,889,-1
1788813462.1836,365667,V,1011,889,-1
1788813462.1836,365675,V,1012,889,-1
1788813462.2802,365689,V,1013,890,4832
1788813462.2803,365697,V,1011,889,-1
1788813462.2803,365705,V,1011,889,-1
1788813462.2803,365713,V,1011,889,-1
1788813462.2803,365721,V,1011,889,-1
1788813462.2804,365729,V,1012,889,-1
1788813462.3295,365742,V,1012,889,4833
1788813462.3295,365750,V,1011,889,-1
1788813462.3295,365758,V,1012,889,-1
1788813462.3295,365766,V,1011,889,-1
1788813462.3295,365774,V,1012,889,-1
1788813462.3295,365782,V,1011,889,-1
1788813462.3776,365796,V,1011,889,4834
1788813462.3776,365804,V,1011,889,-1
1788813462.3776,365812,V,1011,889,-1
1788813462.3776,365820,V,1012,889,-1
1788813462.3776,365828,V,1011,889,-1
1788813462.3776,365836,V,1012,889,-1
1788813462.4264,365849,V,1011,889,4835
1788813462.4264,365857,V,1011,889,-1
1788813462.4264,365865,V,1013,890,-1
1788813462.4264,365873,V,1011,889,-1
1788813462.4264,365881,V,1012,889,-1
1788813462.4264,365889,V,1012,889,-1
1788813462.4750,365903,V,1012,889,4836
1788813462.4750,365911,V,1012,889,-1
1788813462.4750,365919,V,1013,890,-1
1788813462.4750,365927,V,1013,890,-1
1788813462.4751,365935,V,1012,889,-1
1788813462.4751,365943,V,1012,889,-1
1788813462.5240,365957,V,1011,889,4837
1788813462.5241,365965,V,1012,889,-1
1788813462.5241,365973,V,1012,889,-1
1788813462.5241,365981,V,1012,889,-1
1788813462.5241,365989,V,1012,889,-1
1788813462.5241,365997,V,1012,889,-1
1788813462.5727,366010,V,1012,889,4838
1788813462.5727,366018,V,1011,889,-1
1788813462.5727,366026,V,1012,889,-1
1788813462.5727,366034,V,1011,889,-1
1788813462.5727,366042,V,1012,889,-1
1788813462.5727,366050,V,1012,889,-1
1788813462.6219,366064,V,1012,889,4839
1788813462.6220,366072,V,1012,889,-1
1788813462.6220,366080,V,1013,890,-1
1788813462.6220,366088,V,1011,889,-1
1788813462.6220,366096,V,1011,889,-1
1788813462.6220,366104,V,1013,890,-1
1788813462.6700,366118,V,1012,889,4840
1788813462.6700,366126,V,1012,889,-1
1788813462.6700,366134,V,1012,889,-1
1788813462.6700,366142,V,1011,889,-1
1788813462.6700,366150,V,1012,889,-1
1788813462.6700,366158,V,1011,889,-1
1788813462.7190,366171,V,1013,890,4841
1788813462.7190,366179,V,1011,889,-1
1788813462.7190,366187,V,1011,889,-1
1788813462.7190,366195,V,1012,889,-1
1788813462.7190,366203,V,1012,889,-1
1788813462.7190,366211,V,1012,889,-1
1788813462.8168,366225,V,1011,889,4842
1788813462.8170,366233,V,1011,889,-1
1788813462.8170,366241,V,1012,889,-1
1788813462.8170,366249,V,1012,889,-1
1788813462.8170,366257,V,1012,889,-1
1788813462.8170,366265,V,1012,889,-1
1788813462.8656,366278,V,1013,890,4843
1788813462.8657,366286,V,1011,889,-1
1788813462.8657,366294,V,1012,889,-1
1788813462.8657,366302,V,1011,889,-1
1788813462.8657,366310,V,1011,889,-1
1788813462.8657,366318,V,1012,889,-1
1788813462.9145,366332,V,1012,889,4844
1788813462.9145,366340,V,1011,889,-1
1788813462.9145,366348,V,1012,889,-1
1788813462.9145,366356,V,1012,889,-1
1788813462.9146,366364,V,1012,889,-1
1788813462.9146,366372,V,1011,889,-1
1788813462.9625,366386,V,1012,889,4845
1788813462.9625,366394,V,1011,889,-1
1788813462.9626,366402,V,1012,889,-1
1788813462.9626,366410,V,1011,889,-1
1788813462.9627,366418,V,1011,889,-1
1788813462.9627,366426,V,1011,889,-1
1788813463.0118,366439,V,1011,889,4846
1788813463.0118,366447,V,1011,889,-1
1788813463.0118,366455,V,1010,888,-1
1788813463.0118,366463,V,1011,889,-1
1788813463.0118,366471,V,1011,889,-1
1788813463.0118,366479,V,1013,890,-1
1788813463.0607,366493,V,1011,889,4847
1788813463.0609,366501,V,1010,888,-1
1788813463.0609,366509,V,1012,889,-1
1788813463.0609,366517,V,1011,889,-1
1788813463.0609,366525,V,1010,888,-1
1788813463.0609,366533,V,1012,889,-1
1788813463.1094,366547,V,1011,889,4848
1788813463.1095,366555,V,1012,889,-1
1788813463.1095,366563,V,1011,889,-1
1788813463.1095,366571,V,1011,889,-1
1788813463.1095,366579,V,1012,889,-1
1788813463.1095,366587,V,1010,888,-1
1788813463.1579,366600,V,1011,889,4849
1788813463.1580,366608,V,1011,889,-1
1788813463.1580,366616,V,1011,889,-1
1788813463.1580,366624,V,1011,889,-1
1788813463.1580,366632,V,1013,890,-1
1788813463.1580,366640,V,1012,889,-1
1788813463.2077,366654,V,1012,889,4850
1788813463.2078,366662,V,1012,889,-1
1788813463.2078,366670,V,1010,888,-1
1788813463.2078,366678,V,1012,889,-1
1788813463.2078,366686,V,1012,889,-1
1788813463.2078,366694,V,1011,889,-1
1788813463.2554,366707,V,1011,889,4851
1788813463.2555,366715,V,1011,889,-1
1788813463.2555,366723,V,1012,889,-1
1788813463.2555,366731,V,1013,890,-1
1788813463.2555,366739,V,1012,889,-1
1788813463.2555,366747,V,1013,890,-1
1788813463.3530,366761,V,1012,889,4852
1788813463.3531,366769,V,1013,890,-1
1788813463.3531,366777,V,1012,889,-1
1788813463.3531,366785,V,1012,889,-1
1788813463.3531,366793,V,1011,889,-1
1788813463.3531,366801,V,1012,889,-1
1788813463.4020,366815,V,1012,889,4853
1788813463.4021,366823,V,1012,889,-1
1788813463.4021,366831,V,1011,889,-1
1788813463.4021,366839,V,1012,889,-1
1788813463.4021,366847,V,1012,889,-1
1788813463.4021,366855,V,1011,889,-1
1788813463.4503,366868,V,1011,889,4854
1788813463.4503,366876,V,1012,889,-1
1788813463.4503,366884,V,1010,888,-1
1788813463.4504,366892,V,1011,889,-1
1788813463.4504,366900,V,1011,889,-1
1788813463.4504,366908,V,1011,889,-1
1788813463.4990,366922,V,1011,889,4855
1788813463.4990,366930,V,1011,889,-1
1788813463.4991,366938,V,1010,888,-1
1788813463.4991,366946,V,1011,889,-1
1788813463.4991,366954,V,1011,889,-1
1788813463.4991,366962,V,1010,888,-1
1788813463.5478,366976,V,1011,889,4856
1788813463.5478,366984,V,1010,888,-1
1788813463.5479,366992,V,1011,889,-1
1788813463.5479,367000,V,1011,889,-1
1788813463.5479,367008,V,1010,888,-1
1788813463.5479,367016,V,1010,888,-1
1788813463.5965,367029,V,1011,889,4857
1788813463.5966,367037,V,1010,888,-1
1788813463.5966,367045,V,1010,888,-1
1788813463.5966,367053,V,1011,889,-1
1788813463.5966,367061,V,1009,887,-1
1788813463.5967,367069,V,1010,888,-1
1788813463.6470,367083,V,1011,889,4858
1788813463.6470,367091,V,1010,888,-1
1788813463.6470,367099,V,1010,888,-1
1788813463.6470,367107,V,1010,888,-1
1788813463.6470,367115,V,1009,887,-1
1788813463.6470,367123,V,1009,887,-1
1788813463.6951,367136,V,1008,886,4859
1788813463.6951,367144,V,1008,886,-1
1788813463.6951,367152,V,1007,885,-1
1788813463.6951,367160,V,1005,883,-1
1788813463.6951,367168,V,1003,882,-1
1788813463.6951,367176,V,1001,880,-1
1788813463.7435,367190,V,996,875,4860
1788813463.7435,367198,V,987,867,-1
1788813463.7435,367206,V,979,860,-1
1788813463.7435,367214,V,971,853,-1
1788813463.7435,367222,V,962,846,-1
1788813463.7435,367230,V,945,831,-1
1788813463.7915,367244,V,884,777,4861
1788813463.7915,367252,V,791,695,-1
1788813463.7915,367260,V,737,648,-1
1788813463.7915,367268,V,703,618,-1
1788813463.7915,367276,V,679,597,-1
1788813463.7915,367284,V,663,583,-1
1788813463.8888,367297,V,646,568,4862
1788813463.8890,367305,V,634,557,-1
1788813463.8890,367313,V,625,549,-1
1788813463.8890,367321,V,617,542,-1
1788813463.8890,367329,V,611,537,-1
1788813463.8890,367337,V,616,541,-1
1788813463.9391,367351,V,601,528,4863
1788813463.9392,367359,V,596,524,-1
1788813463.9392,367367,V,594,522,-1
1788813463.9392,367375,V,593,521,-1
1788813463.9392,367383,V,588,517,-1
1788813463.9392,367391,V,586,515,-1
1788813463.9864,367441,KEYUP,,,
1788813463.9877,367405,V,584,513,4864
1788813463.9877,367413,V,581,511,-1
1788813463.9877,367421,V,580,510,-1
1788813463.9877,367429,V,579,509,-1
1788813463.9877,367437,V,579,509,-1
1788813463.9877,367445,V,578,508,-1
1788813464.0842,367459,V,577,507,4865
1788813464.0843,367467,V,577,507,-1
1788813464.0843,367475,V,575,505,-1
1788813464.0843,367483,V,574,504,-1
1788813464.0843,367491,V,574,504,-1
1788813464.0843,367499,V,574,504,-1
1788813464.0853,367513,V,573,504,4866
1788813464.0853,367521,V,573,504,-1
1788813464.0853,367529,V,572,503,-1
1788813464.0853,367537,V,573,504,-1
1788813464.0853,367545,V,573,504,-1
1788813464.0853,367553,V,572,503,-1
1788813464.1329,367566,V,571,502,4867
1788813464.1330,367574,V,572,503,-1
1788813464.1330,367582,V,576,506,-1
1788813464.1330,367590,V,572,503,-1
1788813464.1330,367598,V,571,502,-1
1788813464.1331,367606,V,572,503,-1
1788813464.1816,367620,V,571,502,4868
1788813464.1816,367628,V,573,504,-1
1788813464.1816,367636,V,571,502,-1
1788813464.1816,367644,V,572,503,-1
1788813464.1816,367652,V,572,503,-1
1788813464.1816,367660,V,572,503,-1
1788813464.2802,367673,V,572,503,4869
1788813464.2802,367681,V,573,504,-1
1788813464.2803,367689,V,572,503,-1
1788813464.2803,367697,V,570,501,-1
1788813464.2803,367705,V,571,502,-1
1788813464.2803,367713,V,573,504,-1
1788813464.2814,367727,V,571,502,4870
1788813464.2814,367735,V,570,501,-1
1788813464.2814,367743,V,571,502,-1
1788813464.2814,367751,V,571,502,-1
1788813464.2814,367759,V,571,502,-1
1788813464.2814,367767,V,572,503,-1
1788813464.3287,367781,V,589,518,4871
1788813464.3287,367789,V,572,503,-1
1788813464.3287,367797,V,571,502,-1
1788813464.3287,367805,V,570,501,-1
1788813464.3287,367813,V,572,503,-1
1788813464.3287,367821,V,572,503,-1
1788813464.4256,367835,V,572,503,4872
1788813464.4258,367843,V,572,503,-1
1788813464.4258,367851,V,572,503,-1
1788813464.4258,367859,V,571,502,-1
1788813464.4258,367867,V,571,502,-1
1788813464.4258,367875,V,572,503,-1
1788813464.4750,367888,V,572,503,4873
1788813464.4751,367896,V,572,503,-1
1788813464.4751,367904,V,572,503,-1
1788813464.4751,367912,V,571,502,-1
1788813464.4751,367920,V,571,502,-1
1788813464.4751,367928,V,572,503,-1
1788813464.5229,367942,V,572,503,4874
1788813464.5229,367950,V,572,503,-1
1788813464.5229,367958,V,572,503,-1
1788813464.5229,367966,V,572,503,-1
1788813464.5229,367974,V,572,503,-1
1788813464.5229,367982,V,572,503,-1
1788813464.5729,367995,V,572,503,4875
1788813464.5729,368003,V,573,504,-1
1788813464.5729,368011,V,573,504,-1
1788813464.5729,368019,V,573,504,-1
1788813464.5730,368027,V,573,504,-1
1788813464.5730,368035,V,574,504,-1
1788813464.6219,368049,V,572,503,4876
1788813464.6219,368057,V,573,504,-1
1788813464.6219,368065,V,572,503,-1
1788813464.6219,368073,V,572,503,-1
1788813464.6219,368081,V,572,503,-1
1788813464.6219,368089,V,572,503,-1
1788813464.6730,368103,V,573,504,4877
1788813464.6732,368111,V,572,503,-1
1788813464.6732,368119,V,576,506,-1
1788813464.6732,368127,V,572,503,-1
1788813464.6732,368135,V,571,502,-1
1788813464.6732,368143,V,571,502,-1
1788813464.7191,368156,V,572,503,4878
1788813464.7191,368164,V,572,503,-1
1788813464.7191,368172,V,572,503,-1
1788813464.7191,368180,V,573,504,-1
1788813464.7193,368188,V,571,502,-1
1788813464.7193,368196,V,572,503,-1
1788813464.7698,368210,V,572,503,4879
1788813464.7698,368218,V,575,505,-1
1788813464.7698,368226,V,572,503,-1
1788813464.7698,368234,V,572,503,-1
1788813464.7698,368242,V,572,503,-1
1788813464.7698,368250,V,572,503,-1
1788813464.8155,368264,V,572,503,4880
1788813464.8155,368272,V,572,503,-1
1788813464.8155,368280,V,571,502,-1
1788813464.8155,368288,V,572,503,-1
1788813464.8156,368296,V,573,504,-1
1788813464.8156,368304,V,572,503,-1
1788813464.8650,368317,V,580,510,4881
1788813464.8650,368325,V,571,502,-1
1788813464.8650,368333,V,571,502,-1
1788813464.8650,368341,V,573,504,-1
1788813464.8650,368349,V,572,503,-1
1788813464.8650,368357,V,573,504,-1
1788813464.9625,368371,V,573,504,4882
1788813464.9626,368379,V,573,504,-1
1788813464.9626,368387,V,572,503,-1
1788813464.9626,368395,V,573,504,-1
1788813464.9626,368403,V,573,504,-1
1788813464.9626,368411,V,573,504,-1
1788813465.0115,368425,V,572,503,4883
1788813465.0115,368433,V,572,503,-1
1788813465.0116,368441,V,572,503,-1
1788813465.0116,368449,V,572,503,-1
1788813465.0116,368457,V,573,504,-1
1788813465.0116,368465,V,573,504,-1
1788813465.0588,368478,V,573,504,4884
1788813465.0588,368486,V,574,504,-1
1788813465.0588,368494,V,573,504,-1
1788813465.0588,368502,V,572,503,-1
1788813465.0588,368510,V,573,504,-1
1788813465.0588,368518,V,572,503,-1
1788813465.1090,368532,V,573,504,4885
1788813465.1090,368540,V,572,503,-1
1788813465.1090,368548,V,573,504,-1
1788813465.1090,368556,V,573,504,-1
1788813465.1090,368564,V,573,504,-1
1788813465.1091,368572,V,573,504,-1
1788813465.1577,368585,V,572,503,4886
1788813465.1578,368593,V,574,504,-1
1788813465.1578,368601,V,572,503,-1
1788813465.1578,368609,V,573,504,-1
1788813465.1578,368617,V,573,504,-1
1788813465.1578,368625,V,573,504,-1
1788813465.2062,368639,V,573,504,4887
1788813465.2064,368647,V,572,503,-1
1788813465.2064,368655,V,576,506,-1
1788813465.2064,368663,V,573,504,-1
1788813465.2064,368671,V,572,503,-1
1788813465.2064,368679,V,572,503,-1
1788813465.2553,368693,V,572,503,4888
1788813465.2553,368701,V,574,504,-1
1788813465.2554,368709,V,572,503,-1
1788813465.2554,368717,V,573,504,-1
1788813465.2554,368725,V,572,503,-1
1788813465.2554,368733,V,572,503,-1
1788813465.3526,368746,V,572,503,4889
1788813465.3527,368754,V,575,505,-1
1788813465.3527,368762,V,572,503,-1
1788813465.3527,368770,V,572,503,-1
1788813465.3527,368778,V,572,503,-1
1788813465.3527,368786,V,572,503,-1
1788813465.3542,368800,V,572,503,4890
1788813465.3542,368808,V,573,504,-1
1788813465.3542,368816,V,573,504,-1
1788813465.3542,368824,V,572,503,-1
1788813465.3542,368832,V,572,503,-1
1788813465.3543,368840,V,573,504,-1
1788813465.4003,368854,V,590,519,4891
1788813465.4003,368862,V,572,503,-1
1788813465.4003,368870,V,572,503,-1
1788813465.4003,368878,V,573,504,-1
1788813465.4003,368886,V,573,504,-1
1788813465.4004,368894,V,572,503,-1
1788813465.4989,368907,V,573,504,4892
1788813465.4991,368915,V,572,503,-1
1788813465.4991,368923,V,571,502,-1
1788813465.4991,368931,V,572,503,-1
1788813465.4991,368939,V,572,503,-1
1788813465.4991,368947,V,571,502,-1
1788813465.5466,368961,V,573,504,4893
1788813465.5466,368969,V,574,504,-1
1788813465.5466,368977,V,573,504,-1
1788813465.5466,368985,V,573,504,-1
1788813465.5466,368993,V,573,504,-1
1788813465.5466,369001,V,573,504,-1
1788813465.5950,369015,V,573,504,4894
1788813465.5950,369023,V,573,504,-1
1788813465.5950,369031,V,572,503,-1
1788813465.5951,369039,V,572,503,-1
1788813465.5951,369047,V,572,503,-1
1788813465.5951,369055,V,573,504,-1
1788813465.6449,369068,V,572,503,4895
1788813465.6449,369076,V,572,503,-1
1788813465.6449,369084,V,573,504,-1
1788813465.6449,369092,V,573,504,-1
1788813465.6449,369100,V,573,504,-1
1788813465.6449,369108,V,572,503,-1
1788813465.6930,369122,V,574,504,4896
1788813465.6930,369130,V,572,503,-1
1788813465.6930,369138,V,573,504,-1
1788813465.6930,369146,V,572,503,-1
1788813465.6930,369154,V,572,503,-1
1788813465.6930,369162,V,574,504,-1
1788813465.7411,369175,V,572,503,4897
1788813465.7412,369183,V,572,503,-1
1788813465.7412,369191,V,575,505,-1
1788813465.7412,369199,V,572,503,-1
1788813465.7412,369207,V,572,503,-1
1788813465.7412,369215,V,573,504,-1
1788813465.7903,369229,V,572,503,4898
1788813465.7903,369237,V,573,504,-1
1788813465.7903,369245,V,572,503,-1
1788813465.7903,369253,V,572,503,-1
1788813465.7903,369261,V,574,504,-1
1788813465.7904,369269,V,571,502,-1
1788813465.8888,369283,V,574,504,4899
1788813465.8888,369291,V,579,509,-1
1788813465.8888,369299,V,573,504,-1
1788813465.8888,369307,V,572,503,-1
1788813465.8888,369315,V,573,504,-1
1788813465.8888,369323,V,573,504,-1
1788813465.8901,369336,V,572,503,4900
1788813465.8901,369344,V,572,503,-1
1788813465.8901,369352,V,572,503,-1
1788813465.8901,369360,V,573,504,-1
1788813465.8901,369368,V,572,503,-1
1788813465.8901,369376,V,573,504,-1
1788813465.9367,369390,V,586,515,4901
1788813465.9368,369398,V,573,504,-1
1788813465.9368,369406,V,573,504,-1
1788813465.9368,369414,V,573,504,-1
1788813465.9368,369422,V,574,504,-1
1788813465.9368,369430,V,572,503,-1
1788813466.0342,369444,V,573,504,4902
1788813466.0344,369452,V,573,504,-1
1788813466.0344,369460,V,573,504,-1
1788813466.0344,369468,V,572,503,-1
1788813466.0344,369476,V,574,504,-1
1788813466.0344,369484,V,574,504,-1
1788813466.0830,369497,V,573,504,4903
1788813466.0830,369505,V,574,504,-1
1788813466.0830,369513,V,573,504,-1
1788813466.0830,369521,V,574,504,-1
1788813466.0830,369529,V,572,503,-1
1788813466.0830,369537,V,574,504,-1
1788813466.1315,369551,V,572,503,4904
1788813466.1315,369559,V,573,504,-1
1788813466.1315,369567,V,573,504,-1
1788813466.1315,369575,V,574,504,-1
1788813466.1315,369583,V,572,503,-1
1788813466.1315,369591,V,573,504,-1
1788813466.1804,369604,V,573,504,4905
1788813466.1804,369612,V,572,503,-1
1788813466.1804,369620,V,572,503,-1
1788813466.1804,369628,V,573,504,-1
1788813466.1804,369636,V,572,503,-1
1788813466.1804,369644,V,573,504,-1
1788813466.2292,369658,V,574,504,4906
1788813466.2292,369666,V,573,504,-1
1788813466.2292,369674,V,572,503,-1
1788813466.2292,369682,V,572,503,-1
1788813466.2292,369690,V,572,503,-1
1788813466.2292,369698,V,573,504,-1
1788813466.2776,369712,V,573,504,4907
1788813466.2778,369720,V,573,504,-1
1788813466.2778,369728,V,575,505,-1
1788813466.2778,369736,V,573,504,-1
1788813466.2778,369744,V,572,503,-1
1788813466.2778,369752,V,573,504,-1
1788813466.3278,369765,V,572,503,4908
1788813466.3278,369773,V,574,504,-1
1788813466.3278,369781,V,572,503,-1
1788813466.3278,369789,V,572,503,-1
1788813466.3278,369797,V,571,502,-1
1788813466.3278,369805,V,571,502,-1
1788813466.3763,369819,V,572,503,4909
1788813466.3763,369827,V,578,508,-1
1788813466.3763,369835,V,574,504,-1
1788813466.3764,369843,V,572,503,-1
1788813466.3764,369851,V,573,504,-1
1788813466.3764,369859,V,572,503,-1
1788813466.4243,369873,V,572,503,4910
1788813466.4243,369881,V,573,504,-1
1788813466.4243,369889,V,572,503,-1
1788813466.4243,369897,V,573,504,-1
1788813466.4243,369905,V,573,504,-1
1788813466.4243,369913,V,573,504,-1
1788813466.4732,369926,V,574,504,4911
1788813466.4732,369934,V,572,503,-1
1788813466.4732,369942,V,571,502,-1
1788813466.4732,369950,V,572,503,-1
1788813466.4732,369958,V,572,503,-1
1788813466.4732,369966,V,572,503,-1
1788813466.5705,369980,V,572,503,4912
1788813466.5707,369988,V,572,503,-1
1788813466.5707,369996,V,572,503,-1
1788813466.5707,370004,V,574,504,-1
1788813466.5707,370012,V,573,504,-1
1788813466.5707,370020,V,573,504,-1
1788813466.6191,370033,V,573,504,4913
1788813466.6191,370041,V,572,503,-1
1788813466.6191,370049,V,572,503,-1
1788813466.6191,370057,V,572,503,-1
1788813466.6191,370065,V,572,503,-1
1788813466.6191,370073,V,572,503,-1
1788813466.6694,370087,V,573,504,4914
1788813466.6694,370095,V,571,502,-1
1788813466.6694,370103,V,572,503,-1
1788813466.6694,370111,V,573,504,-1
1788813466.6694,370119,V,571,502,-1
1788813466.6694,370127,V,571,502,-1
1788813466.7165,370141,V,572,503,4915
1788813466.7166,370149,V,572,503,-1
1788813466.7166,370157,V,572,503,-1
1788813466.7166,370165,V,573,504,-1
1788813466.7166,370173,V,572,503,-1
1788813466.7166,370181,V,572,503,-1
1788813466.7654,370194,V,571,502,4916
1788813466.7654,370202,V,573,504,-1
1788813466.7654,370210,V,572,503,-1
1788813466.7654,370218,V,570,501,-1
1788813466.7654,370226,V,571,502,-1
1788813466.7654,370234,V,571,502,-1
1788813466.8139,370248,V,572,503,4917
1788813466.8139,370256,V,572,503,-1
1788813466.8139,370264,V,575,505,-1
1788813466.8140,370272,V,572,503,-1
1788813466.8140,370280,V,571,502,-1
1788813466.8140,370288,V,572,503,-1
1788813466.8630,370302,V,572,503,4918
1788813466.8630,370310,V,572,503,-1
1788813466.8630,370318,V,573,504,-1
1788813466.8630,370326,V,574,504,-1
1788813466.8630,370334,V,572,503,-1
1788813466.8630,370342,V,573,504,-1
1788813466.9113,370355,V,572,503,4919
1788813466.9114,370363,V,580,510,-1
1788813466.9114,370371,V,571,502,-1
1788813466.9114,370379,V,572,503,-1
1788813466.9114,370387,V,571,502,-1
1788813466.9114,370395,V,572,503,-1
1788813466.9602,370409,V,572,503,4920
1788813466.9602,370417,V,572,503,-1
1788813466.9602,370425,V,572,503,-1
1788813466.9602,370433,V,572,503,-1
1788813466.9602,370441,V,572,503,-1
1788813466.9602,370449,V,572,503,-1
1788813467.0091,370463,V,573,504,4921
1788813467.0091,370471,V,572,503,-1
1788813467.0091,370479,V,572,503,-1
1788813467.0092,370487,V,572,503,-1
1788813467.0092,370495,V,573,504,-1
1788813467.0092,370503,V,572,503,-1
1788813467.1066,370516,V,572,503,4922
1788813467.1067,370524,V,572,503,-1
1788813467.1068,370532,V,571,502,-1
1788813467.1068,370540,V,572,503,-1
1788813467.1068,370548,V,573,504,-1
1788813467.1068,370556,V,572,503,-1
1788813467.1551,370570,V,572,503,4923
1788813467.1551,370578,V,572,503,-1
1788813467.1551,370586,V,573,504,-1
1788813467.1551,370594,V,574,504,-1
1788813467.1551,370602,V,572,503,-1
1788813467.1551,370610,V,573,504,-1
1788813467.2529,370623,V,573,504,4924
1788813467.2529,370631,V,573,504,-1
1788813467.2529,370639,V,574,504,-1
1788813467.2529,370647,V,573,504,-1
1788813467.2529,370655,V,574,504,-1
1788813467.2529,370663,V,574,504,-1
1788813467.2541,370677,V,571,502,4925
1788813467.2541,370685,V,572,503,-1
1788813467.2541,370693,V,572,503,-1
1788813467.2541,370701,V,573,504,-1
1788813467.2541,370709,V,572,503,-1
1788813467.2541,370717,V,573,504,-1
1788813467.3019,370731,V,571,502,4926
1788813467.3019,370739,V,572,503,-1
1788813467.3019,370747,V,572,503,-1
1788813467.3019,370755,V,572,503,-1
1788813467.3019,370763,V,573,504,-1
1788813467.3019,370771,V,572,503,-1
1788813467.3516,370784,V,572,503,4927
1788813467.3518,370792,V,572,503,-1
1788813467.3518,370800,V,575,505,-1
1788813467.3518,370808,V,573,504,-1
1788813467.3518,370816,V,572,503,-1
1788813467.3518,370824,V,572,503,-1
1788813467.3993,370838,V,572,503,4928
1788813467.3993,370846,V,573,504,-1
1788813467.3993,370854,V,574,504,-1
1788813467.3993,370862,V,573,504,-1
1788813467.3993,370870,V,572,503,-1
1788813467.3993,370878,V,573,504,-1
1788813467.4489,370891,V,573,504,4929
1788813467.4489,370899,V,579,509,-1
1788813467.4489,370907,V,573,504,-1
1788813467.4489,370915,V,572,503,-1
1788813467.4489,370923,V,573,504,-1
1788813467.4489,370931,V,573,504,-1
1788813467.4969,370945,V,571,502,4930
1788813467.4969,370953,V,573,504,-1
1788813467.4969,370961,V,574,504,-1
1788813467.4969,370969,V,573,504,-1
1788813467.4969,370977,V,573,504,-1
1788813467.4969,370985,V,573,504,-1
1788813467.5456,370999,V,575,505,4931
1788813467.5456,371007,V,572,503,-1
1788813467.5456,371015,V,572,503,-1
1788813467.5456,371023,V,574,504,-1
1788813467.5456,371031,V,574,504,-1
1788813467.5456,371039,V,573,504,-1
1788813467.6433,371052,V,573,504,4932
1788813467.6435,371060,V,574,504,-1
1788813467.6435,371068,V,574,504,-1
1788813467.6435,371076,V,573,504,-1
1788813467.6435,371084,V,572,503,-1
1788813467.6436,371092,V,573,504,-1
1788813467.6942,371106,V,573,504,4933
1788813467.6942,371114,V,573,504,-1
1788813467.6942,371122,V,573,504,-1
1788813467.6942,371130,V,573,504,-1
1788813467.6942,371138,V,574,504,-1
1788813467.6942,371146,V,574,504,-1
1788813467.7409,371159,V,572,503,4934
1788813467.7409,371167,V,574,504,-1
1788813467.7409,371175,V,574,504,-1
1788813467.7409,371183,V,574,504,-1
1788813467.7409,371191,V,573,504,-1
1788813467.7409,371199,V,574,504,-1
1788813467.7892,371213,V,574,504,4935
1788813467.7893,371221,V,573,504,-1
1788813467.7893,371229,V,573,504,-1
1788813467.7893,371237,V,574,504,-1
1788813467.7893,371245,V,573,504,-1
1788813467.7893,371253,V,573,504,-1
1788813467.8381,371267,V,573,504,4936
1788813467.8381,371275,V,574,504,-1
1788813467.8381,371283,V,572,503,-1
1788813467.8381,371291,V,573,504,-1
1788813467.8381,371299,V,573,504,-1
1788813467.8381,371307,V,572,503,-1
1788813467.8869,371320,V,573,504,4937
1788813467.8870,371328,V,573,504,-1
1788813467.8871,371336,V,576,506,-1
1788813467.8871,371344,V,574,504,-1
1788813467.8871,371352,V,572,503,-1
1788813467.8871,371360,V,574,504,-1
1788813467.9359,371374,V,574,504,4938
1788813467.9360,371382,V,573,504,-1
1788813467.9360,371390,V,573,504,-1
1788813467.9360,371398,V,573,504,-1
1788813467.9360,371406,V,573,504,-1
1788813467.9360,371414,V,572,503,-1
1788813467.9845,371428,V,574,504,4939
1788813467.9845,371436,V,579,509,-1
1788813467.9845,371444,V,573,504,-1
1788813467.9845,371452,V,572,503,-1
1788813467.9846,371460,V,573,504,-1
1788813467.9846,371468,V,574,504,-1
1788813468.0333,371481,V,573,504,4940
1788813468.0333,371489,V,572,503,-1
1788813468.0334,371497,V,574,504,-1
1788813468.0334,371505,V,573,504,-1
1788813468.0334,371513,V,573,504,-1
1788813468.0334,371521,V,573,504,-1
1788813468.0827,371535,V,574,504,4941
1788813468.0827,371543,V,572,503,-1
1788813468.0827,371551,V,573,504,-1
1788813468.0827,371559,V,573,504,-1
1788813468.0827,371567,V,573,504,-1
1788813468.0827,371575,V,573,504,-1
1788813468.1796,371589,V,573,504,4942
1788813468.1797,371597,V,574,504,-1
1788813468.1797,371605,V,573,504,-1
1788813468.1797,371613,V,573,504,-1
1788813468.1797,371621,V,573,504,-1
1788813468.1798,371629,V,575,505,-1
1788813468.2282,371642,V,573,504,4943
1788813468.2282,371650,V,573,504,-1
1788813468.2282,371658,V,574,504,-1
1788813468.2282,371666,V,574,504,-1
1788813468.2282,371674,V,574,504,-1
1788813468.2283,371682,V,574,504,-1
1788813468.2770,371696,V,574,504,4944
1788813468.2771,371704,V,574,504,-1
1788813468.2771,371712,V,574,504,-1
1788813468.2771,371720,V,574,504,-1
1788813468.2771,371728,V,573,504,-1
1788813468.2771,371736,V,573,504,-1
1788813468.3257,371750,V,575,505,4945
1788813468.3258,371758,V,574,504,-1
1788813468.3259,371766,V,574,504,-1
1788813468.3259,371774,V,576,506,-1
1788813468.3259,371782,V,575,505,-1
1788813468.3259,371790,V,574,504,-1
1788813468.3741,371803,V,574,504,4946
1788813468.3741,371811,V,574,504,-1
1788813468.3741,371819,V,575,505,-1
1788813468.3741,371827,V,574,504,-1
1788813468.3741,371835,V,573,504,-1
1788813468.3741,371843,V,575,505,-1
1788813468.4229,371857,V,574,504,4947
1788813468.4230,371865,V,574,504,-1
1788813468.4230,371873,V,579,509,-1
1788813468.4230,371881,V,575,505,-1
1788813468.4230,371889,V,576,506,-1
1788813468.4230,371897,V,574,504,-1
1788813468.4721,371910,V,576,506,4948
1788813468.4721,371918,V,576,506,-1
1788813468.4721,371926,V,578,508,-1
1788813468.4721,371934,V,577,507,-1
1788813468.4721,371942,V,577,507,-1
1788813468.4721,371950,V,578,508,-1
1788813468.5206,371964,V,579,509,4949
1788813468.5206,371972,V,591,519,-1
1788813468.5207,371980,V,580,510,-1
1788813468.5207,371988,V,581,511,-1
1788813468.5207,371996,V,582,512,-1
1788813468.5207,372004,V,584,513,-1
1788813468.5694,372018,V,583,512,4950
1788813468.5694,372026,V,586,515,-1
1788813468.5694,372034,V,588,517,-1
1788813468.5694,372042,V,591,519,-1
1788813468.5694,372050,V,592,520,-1
1788813468.5695,372058,V,596,524,-1
1788813468.6181,372071,V,602,529,4951
1788813468.6181,372079,V,608,534,-1
1788813468.6181,372087,V,614,540,-1
1788813468.6181,372095,V,624,548,-1
1788813468.6181,372103,V,638,561,-1
1788813468.6181,372111,V,655,576,-1
1788813468.7158,372125,V,691,607,4952
1788813468.7160,372133,V,927,815,-1
1788813468.7160,372141,V,958,842,-1
1788813468.7160,372149,V,979,860,-1
1788813468.7160,372157,V,998,877,-1
1788813468.7161,372165,V,1002,881,-1
1788813468.7646,372179,V,1003,882,4953
1788813468.7646,372187,V,1004,882,-1
1788813468.7646,372195,V,1003,882,-1
1788813468.7646,372203,V,999,878,-1
1788813468.7646,372211,V,996,875,-1
1788813468.7646,372219,V,998,877,-1
1788813468.8129,372269,KEYDOWN,,,
1788813468.8140,372233,V,1001,880,4954
1788813468.8141,372241,V,1005,883,-1
1788813468.8141,372249,V,1010,888,-1
1788813468.8141,372257,V,1013,890,-1
1788813468.8141,372265,V,1013,890,-1
1788813468.8141,372273,V,1015,892,-1
1788813468.8617,372286,V,1015,892,4955
1788813468.8617,372294,V,1014,891,-1
1788813468.8617,372302,V,1016,893,-1
1788813468.8618,372310,V,1017,894,-1
1788813468.8618,372318,V,1016,893,-1
1788813468.8618,372326,V,1015,892,-1
1788813468.9112,372340,V,1016,893,4956
1788813468.9112,372348,V,1016,893,-1
1788813468.9112,372356,V,1016,893,-1
1788813468.9112,372364,V,1016,893,-1
1788813468.9112,372372,V,1016,893,-1
1788813468.9113,372380,V,1016,893,-1
1788813468.9590,372394,V,1015,892,4957
1788813468.9591,372402,V,1016,893,-1
1788813468.9591,372410,V,1016,893,-1
1788813468.9591,372418,V,1016,893,-1
1788813468.9592,372426,V,1017,894,-1
1788813468.9592,372434,V,1015,892,-1
1788813469.0080,372447,V,1017,894,4958
1788813469.0080,372455,V,1015,892,-1
1788813469.0080,372463,V,1015,892,-1
1788813469.0080,372471,V,1014,891,-1
1788813469.0080,372479,V,1014,891,-1
1788813469.0080,372487,V,1013,890,-1
1788813469.0569,372501,V,1014,891,4959
1788813469.0570,372509,V,1013,890,-1
1788813469.0571,372517,V,1014,891,-1
1788813469.0571,372525,V,1013,890,-1
1788813469.0571,372533,V,1014,891,-1
1788813469.0571,372541,V,1013,890,-1
1788813469.1055,372555,V,1012,889,4960
1788813469.1056,372563,V,1012,889,-1
1788813469.1056,372571,V,1012,889,-1
1788813469.1056,372579,V,1013,890,-1
1788813469.1056,372587,V,1013,890,-1
1788813469.1056,372595,V,1012,889,-1
1788813469.1541,372608,V,1014,891,4961
1788813469.1541,372616,V,1014,891,-1
1788813469.1541,372624,V,1012,889,-1
1788813469.1541,372632,V,1014,891,-1
1788813469.1541,372640,V,1013,890,-1
1788813469.1541,372648,V,1012,889,-1
1788813469.2520,372662,V,1012,889,4962
1788813469.2522,372670,V,1013,890,-1
1788813469.2522,372678,V,1012,889,-1
1788813469.2522,372686,V,1011,889,-1
1788813469.2522,372694,V,1011,889,-1
1788813469.2522,372702,V,1012,889,-1
1788813469.3005,372716,V,1012,889,4963
1788813469.3005,372724,V,1011,889,-1
1788813469.3005,372732,V,1012,889,-1
1788813469.3005,372740,V,1011,889,-1
1788813469.3005,372748,V,1013,890,-1
1788813469.3006,372756,V,1011,889,-1
1788813469.3492,372769,V,1012,889,4964
1788813469.3492,372777,V,1011,889,-1
1788813469.3493,372785,V,1012,889,-1
1788813469.3493,372793,V,1011,889,-1
1788813469.3493,372801,V,1012,889,-1
1788813469.3493,372809,V,1013,890,-1
1788813469.3981,372823,V,1012,889,4965
1788813469.3981,372831,V,1012,889,-1
1788813469.3981,372839,V,1011,889,-1
1788813469.3981,372847,V,1012,889,-1
1788813469.3981,372855,V,1012,889,-1
1788813469.3981,372863,V,1012,889,-1
1788813469.4467,372877,V,1010,888,4966
1788813469.4467,372885,V,1011,889,-1
1788813469.4467,372893,V,1011,889,-1
1788813469.4467,372901,V,1011,889,-1
1788813469.4467,372909,V,1011,889,-1
1788813469.4467,372917,V,1011,889,-1
1788813469.4954,372930,V,1012,889,4967
1788813469.4956,372938,V,1011,889,-1
1788813469.4956,372946,V,1012,889,-1
1788813469.4956,372954,V,1010,888,-1
1788813469.4956,372962,V,1010,888,-1
1788813469.4956,372970,V,1010,888,-1
1788813469.5446,372984,V,1010,888,4968
1788813469.5446,372992,V,1010,888,-1
1788813469.5446,373000,V,1010,888,-1
1788813469.5446,373008,V,1011,889,-1
1788813469.5446,373016,V,1011,889,-1
1788813469.5446,373024,V,1010,888,-1
1788813469.5928,373038,V,1010,888,4969
1788813469.5928,373046,V,1011,889,-1
1788813469.5928,373054,V,1011,889,-1
1788813469.5928,373062,V,1011,889,-1
1788813469.5928,373070,V,1010,888,-1
1788813469.5928,373078,V,1011,889,-1
1788813469.6416,373091,V,1010,888,4970
1788813469.6417,373099,V,1011,889,-1
1788813469.6417,373107,V,1011,889,-1
1788813469.6417,373115,V,1011,889,-1
1788813469.6417,373123,V,1011,889,-1
1788813469.6417,373131,V,1010,888,-1
1788813469.6918,373145,V,1011,889,4971
1788813469.6919,373153,V,1011,889,-1
1788813469.6919,373161,V,1012,889,-1
1788813469.6919,373169,V,1013,890,-1
1788813469.6919,373177,V,1012,889,-1
1788813469.6919,373185,V,1012,889,-1
1788813469.7881,373198,V,1012,889,4972
1788813469.7883,373206,V,1013,890,-1
1788813469.7883,373214,V,1012,889,-1
1788813469.7883,373222,V,1013,890,-1
1788813469.7883,373230,V,1013,890,-1
1788813469.7883,373238,V,1013,890,-1
1788813469.8371,373252,V,1012,889,4973
1788813469.8371,373260,V,1012,889,-1
1788813469.8371,373268,V,1012,889,-1
1788813469.8371,373276,V,1011,889,-1
1788813469.8371,373284,V,1012,889,-1
1788813469.8371,373292,V,1012,889,-1
1788813469.8858,373305,V,1012,889,4974
1788813469.8859,373313,V,1011,889,-1
1788813469.8859,373321,V,1011,889,-1
1788813469.8859,373329,V,1012,889,-1
1788813469.8859,373337,V,1012,889,-1
1788813469.8859,373345,V,1013,890,-1
1788813469.9344,373359,V,1011,889,4975
1788813469.9344,373367,V,1012,889,-1
1788813469.9344,373375,V,1012,889,-1
1788813469.9345,373383,V,1013,890,-1
1788813469.9345,373391,V,1013,890,-1
1788813469.9345,373399,V,1012,889,-1
1788813469.9853,373413,V,1013,890,4976
1788813469.9853,373421,V,1011,889,-1
1788813469.9853,373429,V,1012,889,-1
1788813469.9853,373437,V,1012,889,-1
1788813469.9853,373445,V,1012,889,-1
1788813469.9853,373453,V,1012,889,-1
1788813470.0323,373466,V,1011,889,4977
1788813470.0324,373474,V,1012,889,-1
1788813470.0324,373482,V,1013,890,-1
1788813470.0324,373490,V,1012,889,-1
1788813470.0324,373498,V,1013,890,-1
1788813470.0324,373506,V,1011,889,-1
1788813470.0816,373520,V,1012,889,4978
1788813470.0816,373528,V,1011,889,-1
1788813470.0816,373536,V,1012,889,-1
1788813470.0816,373544,V,1012,889,-1
1788813470.0818,373552,V,1012,889,-1
1788813470.0818,373560,V,1012,889,-1
1788813470.1303,373574,V,1011,889,4979
1788813470.1304,373582,V,1010,888,-1
1788813470.1304,373590,V,1012,889,-1
1788813470.1304,373598,V,1012,889,-1
1788813470.1304,373606,V,1010,888,-1
1788813470.1304,373614,V,1012,889,-1
1788813470.1781,373627,V,1011,889,4980
1788813470.1781,373635,V,1011,889,-1
1788813470.1781,373643,V,1012,889,-1
1788813470.1781,373651,V,1011,889,-1
1788813470.1781,373659,V,1010,888,-1
1788813470.1781,373667,V,1011,889,-1
1788813470.2277,373681,V,1011,889,4981
1788813470.2277,373689,V,1010,888,-1
1788813470.2277,373697,V,1011,889,-1
1788813470.2277,373705,V,1010,888,-1
1788813470.2277,373713,V,1012,889,-1
1788813470.2277,373721,V,1011,889,-1
1788813470.3256,373734,V,1012,889,4982
1788813470.3259,373742,V,1012,889,-1
1788813470.3259,373750,V,1011,889,-1
1788813470.3259,373758,V,1011,889,-1
1788813470.3259,373766,V,1012,889,-1
1788813470.3259,373774,V,1012,889,-1
1788813470.3749,373788,V,1011,889,4983
1788813470.3749,373796,V,1012,889,-1
1788813470.3749,373804,V,1012,889,-1
1788813470.3749,373812,V,1012,889,-1
1788813470.3749,373820,V,1011,889,-1
1788813470.3749,373828,V,1011,889,-1
1788813470.4246,373842,V,1012,889,4984
1788813470.4246,373850,V,1012,889,-1
1788813470.4246,373858,V,1012,889,-1
1788813470.4246,373866,V,1013,890,-1
1788813470.4246,373874,V,1012,889,-1
1788813470.4246,373882,V,1012,889,-1
1788813470.4715,373895,V,1012,889,4985
1788813470.4715,373903,V,1011,889,-1
1788813470.4716,373911,V,1011,889,-1
1788813470.4716,373919,V,1012,889,-1
1788813470.4716,373927,V,1013,890,-1
1788813470.4716,373935,V,1013,890,-1
1788813470.5193,373949,V,1011,889,4986
1788813470.5194,373957,V,1012,889,-1
1788813470.5194,373965,V,1010,888,-1
1788813470.5194,373973,V,1012,889,-1
1788813470.5194,373981,V,1012,889,-1
1788813470.5194,373989,V,1012,889,-1
1788813470.5691,374003,V,1012,889,4987
1788813470.5692,374011,V,1012,889,-1
1788813470.5692,374019,V,1013,890,-1
1788813470.5692,374027,V,1011,889,-1
1788813470.5692,374035,V,1011,889,-1
1788813470.5692,374043,V,1012,889,-1
1788813470.6175,374056,V,1011,889,4988
1788813470.6175,374064,V,1011,889,-1
1788813470.6175,374072,V,1012,889,-1
1788813470.6175,374080,V,1012,889,-1
1788813470.6175,374088,V,1010,888,-1
1788813470.6175,374096,V,1011,889,-1
1788813470.6651,374110,V,1012,889,4989
1788813470.6651,374118,V,1011,889,-1
1788813470.6651,374126,V,1011,889,-1
1788813470.6651,374134,V,1010,888,-1
1788813470.6651,374142,V,1011,889,-1
1788813470.6651,374150,V,1011,889,-1
1788813470.7158,374163,V,1011,889,4990
1788813470.7158,374171,V,1011,889,-1
1788813470.7158,374179,V,1011,889,-1
1788813470.7158,374187,V,1011,889,-1
1788813470.7158,374195,V,1013,890,-1
1788813470.7158,374203,V,1012,889,-1
1788813470.7635,374217,V,1012,889,4991
1788813470.7635,374225,V,1013,890,-1
1788813470.7635,374233,V,1011,889,-1
1788813470.7635,374241,V,1010,888,-1
1788813470.7635,374249,V,1011,889,-1
1788813470.7635,374257,V,1011,889,-1
1788813470.8616,374271,V,1010,888,4992
1788813470.8618,374279,V,1012,889,-1
1788813470.8618,374287,V,1011,889,-1
1788813470.8618,374295,V,1011,889,-1
1788813470.8618,374303,V,1012,889,-1
1788813470.8618,374311,V,1011,889,-1
1788813470.9104,374324,V,1010,888,4993
1788813470.9104,374332,V,1011,889,-1
1788813470.9104,374340,V,1010,888,-1
1788813470.9104,374348,V,1011,889,-1
1788813470.9104,374356,V,1012,889,-1
1788813470.9104,374364,V,1012,889,-1
1788813470.9586,374378,V,1012,889,4994
1788813470.9586,374386,V,1012,889,-1
1788813470.9586,374394,V,1012,889,-1
1788813470.9586,374402,V,1011,889,-1
1788813470.9586,374410,V,1011,889,-1
1788813470.9586,374418,V,1011,889,-1
1788813471.0068,374431,V,1010,888,4995
1788813471.0068,374439,V,1011,889,-1
1788813471.0068,374447,V,1011,889,-1
1788813471.0068,374455,V,1012,889,-1
1788813471.0068,374463,V,1011,889,-1
1788813471.0069,374471,V,1011,889,-1
1788813471.0563,374485,V,1012,889,4996
1788813471.0563,374493,V,1010,888,-1
1788813471.0563,374501,V,1011,889,-1
1788813471.0563,374509,V,1010,888,-1
1788813471.0563,374517,V,1010,888,-1
1788813471.0563,374525,V,1012,889,-1
1788813471.1052,374539,V,1011,889,4997
1788813471.1054,374547,V,1010,888,-1
1788813471.1054,374555,V,1010,888,-1
1788813471.1054,374563,V,1010,888,-1
1788813471.1054,374571,V,1010,888,-1
1788813471.1054,374579,V,1009,887,-1
1788813471.1540,374592,V,1010,888,4998
1788813471.1540,374600,V,1011,889,-1
1788813471.1541,374608,V,1011,889,-1
1788813471.1541,374616,V,1011,889,-1
1788813471.1541,374624,V,1010,888,-1
1788813471.1541,374632,V,1010,888,-1
1788813471.2019,374646,V,1010,888,4999
1788813471.2019,374654,V,1011,889,-1
1788813471.2019,374662,V,1010,888,-1
1788813471.2019,374670,V,1010,888,-1
1788813471.2020,374678,V,1010,888,-1
1788813471.2020,374686,V,1011,889,-1
1788813471.2992,374700,V,1011,889,5000
1788813471.2992,374708,V,1010,888,-1
1788813471.2992,374716,V,1011,889,-1
1788813471.2993,374724,V,1010,888,-1
1788813471.2993,374732,V,1011,889,-1
1788813471.2993,374740,V,1010,888,-1
1788813471.3010,374753,V,1010,888,5001
1788813471.3010,374761,V,1010,888,-1
1788813471.3010,374769,V,1011,889,-1
1788813471.3010,374777,V,1010,888,-1
1788813471.3010,374785,V,1011,889,-1
1788813471.3010,374793,V,1011,889,-1
1788813471.3979,374807,V,1012,889,5002
1788813471.3980,374815,V,1011,889,-1
1788813471.3980,374823,V,1010,888,-1
1788813471.3980,374831,V,1011,889,-1
1788813471.3980,374839,V,1010,888,-1
1788813471.3981,374847,V,1011,889,-1
1788813471.4457,374860,V,1010,888,5003
1788813471.4457,374868,V,1011,889,-1
1788813471.4457,374876,V,1011,889,-1
1788813471.4458,374884,V,1011,889,-1
1788813471.4458,374892,V,1012,889,-1
1788813471.4458,374900,V,1011,889,-1
1788813471.4944,374914,V,1012,889,5004
1788813471.4944,374922,V,1011,889,-1
1788813471.4944,374930,V,1011,889,-1
1788813471.4944,374938,V,1010,888,-1
1788813471.4944,374946,V,1011,889,-1
1788813471.4944,374954,V,1011,889,-1
1788813471.5430,374967,V,1010,888,5005
1788813471.5431,374975,V,1010,888,-1
1788813471.5431,374983,V,1011,889,-1
1788813471.5431,374991,V,1011,889,-1
1788813471.5431,374999,V,1009,887,-1
1788813471.5431,375007,V,1010,888,-1
1788813471.6411,375021,V,1010,888,5006
1788813471.6412,375029,V,1009,887,-1
1788813471.6412,375037,V,1010,888,-1
1788813471.6412,375045,V,1010,888,-1
1788813471.6412,375053,V,1011,889,-1
1788813471.6412,375061,V,1011,889,-1
1788813471.6427,375075,V,1011,889,5007
1788813471.6428,375083,V,1011,889,-1
1788813471.6428,375091,V,1012,889,-1
1788813471.6428,375099,V,1010,888,-1
1788813471.6428,375107,V,1011,889,-1
1788813471.6428,375115,V,1010,888,-1
1788813471.6898,375128,V,1010,888,5008
1788813471.6899,375136,V,1010,888,-1
1788813471.6899,375144,V,1010,888,-1
1788813471.6899,375152,V,1011,889,-1
1788813471.6899,375160,V,1010,888,-1
1788813471.6899,375168,V,1011,889,-1
1788813471.7379,375182,V,1012,889,5009
1788813471.7379,375190,V,1012,889,-1
1788813471.7379,375198,V,1011,889,-1
1788813471.7379,375206,V,1010,888,-1
1788813471.7379,375214,V,1010,888,-1
1788813471.7379,375222,V,1012,889,-1
1788813471.7874,375236,V,1012,889,5010
1788813471.7875,375244,V,1012,889,-1
1788813471.7875,375252,V,1011,889,-1
1788813471.7875,375260,V,1012,889,-1
1788813471.7875,375268,V,1013,890,-1
1788813471.7875,375276,V,1011,889,-1
1788813471.8356,375289,V,1011,889,5011
1788813471.8357,375297,V,1012,889,-1
1788813471.8357,375305,V,1012,889,-1
1788813471.8357,375313,V,1012,889,-1
1788813471.8357,375321,V,1012,889,-1
1788813471.8357,375329,V,1012,889,-1
1788813471.9338,375343,V,1011,889,5012
1788813471.9339,375351,V,1012,889,-1
1788813471.9339,375359,V,1012,889,-1
1788813471.9339,375367,V,1011,889,-1
1788813471.9339,375375,V,1011,889,-1
1788813471.9339,375383,V,1011,889,-1
1788813471.9830,375397,V,1011,889,5013
1788813471.9831,375405,V,1011,889,-1
1788813471.9831,375413,V,1012,889,-1
1788813471.9831,375421,V,1013,890,-1
1788813471.9831,375429,V,1012,889,-1
1788813471.9831,375437,V,1011,889,-1
1788813472.0306,375450,V,1011,889,5014
1788813472.0306,375458,V,1011,889,-1
1788813472.0306,375466,V,1012,889,-1
1788813472.0306,375474,V,1012,889,-1
1788813472.0306,375482,V,1011,889,-1
1788813472.0306,375490,V,1011,889,-1
1788813472.1287,375504,V,1011,889,5015
1788813472.1287,375512,V,1011,889,-1
1788813472.1287,375520,V,1011,889,-1
1788813472.1287,375528,V,1012,889,-1
1788813472.1287,375536,V,1012,889,-1
1788813472.1288,375544,V,1012,889,-1
1788813472.1302,375557,V,1012,889,5016
1788813472.1302,375565,V,1012,889,-1
1788813472.1302,375573,V,1013,890,-1
1788813472.1302,375581,V,1012,889,-1
1788813472.1302,375589,V,1012,889,-1
1788813472.1302,375597,V,1012,889,-1
1788813472.1775,375611,V,1011,889,5017
1788813472.1776,375619,V,1012,889,-1
1788813472.1777,375627,V,1012,889,-1
1788813472.1777,375635,V,1013,890,-1
1788813472.1777,375643,V,1011,889,-1
1788813472.1777,375651,V,1012,889,-1
1788813472.2289,375665,V,1012,889,5018
1788813472.2289,375673,V,1012,889,-1
1788813472.2290,375681,V,1013,890,-1
1788813472.2290,375689,V,1012,889,-1
1788813472.2290,375697,V,1012,889,-1
1788813472.2290,375705,V,1011,889,-1
1788813472.2743,375718,V,1011,889,5019
1788813472.2743,375726,V,1011,889,-1
1788813472.2743,375734,V,1011,889,-1
1788813472.2743,375742,V,1011,889,-1
1788813472.2743,375750,V,1011,889,-1
1788813472.2743,375758,V,1011,889,-1
1788813472.3237,375772,V,1012,889,5020
1788813472.3238,375780,V,1011,889,-1
1788813472.3238,375788,V,1012,889,-1
1788813472.3238,375796,V,1012,889,-1
1788813472.3238,375804,V,1010,888,-1
1788813472.3238,375812,V,1011,889,-1
1788813472.3717,375826,V,1012,889,5021
1788813472.3717,375834,V,1011,889,-1
1788813472.3717,375842,V,1012,889,-1
1788813472.3717,375850,V,1011,889,-1
1788813472.3717,375858,V,1011,889,-1
1788813472.3717,375866,V,1010,888,-1
1788813472.5196,375879,V,1010,888,5022
1788813472.5198,375887,V,1011,889,-1
1788813472.5198,375895,V,1012,889,-1
1788813472.5198,375903,V,1011,889,-1
1788813472.5198,375911,V,1011,889,-1
1788813472.5198,375919,V,1012,889,-1
1788813472.5200,375933,V,1012,889,5023
1788813472.5200,375941,V,1011,889,-1
1788813472.5200,375949,V,1012,889,-1
1788813472.5200,375957,V,1012,889,-1
1788813472.5200,375965,V,1012,889,-1
1788813472.5200,375973,V,1011,889,-1
1788813472.5669,375987,V,1012,889,5024
1788813472.5669,375995,V,1012,889,-1
1788813472.5669,376003,V,1011,889,-1
1788813472.5669,376011,V,1013,890,-1
1788813472.5669,376019,V,1011,889,-1
1788813472.5669,376027,V,1011,889,-1
1788813472.6153,376040,V,1011,889,5025
1788813472.6153,376048,V,1011,889,-1
1788813472.6153,376056,V,1011,889,-1
1788813472.6153,376064,V,1012,889,-1
1788813472.6153,376072,V,1012,889,-1
1788813472.6153,376080,V,1011,889,-1
1788813472.6638,376094,V,1012,889,5026
1788813472.6638,376102,V,1012,889,-1
1788813472.6638,376110,V,1011,889,-1
1788813472.6638,376118,V,1012,889,-1
1788813472.6638,376126,V,1012,889,-1
1788813472.6638,376134,V,1011,889,-1
1788813472.7163,376147,V,1010,888,5027
1788813472.7163,376155,V,1011,889,-1
1788813472.7163,376163,V,1013,890,-1
1788813472.7163,376171,V,1012,889,-1
1788813472.7163,376179,V,1013,890,-1
1788813472.7163,376187,V,1012,889,-1
1788813472.7637,376201,V,1012,889,5028
1788813472.7638,376209,V,1011,889,-1
1788813472.7638,376217,V,1012,889,-1
1788813472.7638,376225,V,1011,889,-1
1788813472.7638,376233,V,1011,889,-1
1788813472.7638,376241,V,1012,889,-1
1788813472.8127,376255,V,1013,890,5029
1788813472.8127,376263,V,1013,890,-1
1788813472.8127,376271,V,1010,888,-1
1788813472.8127,376279,V,1011,889,-1
1788813472.8127,376287,V,1012,889,-1
1788813472.8127,376295,V,1012,889,-1
1788813472.8594,376308,V,1012,889,5030
1788813472.8595,376316,V,1010,888,-1
1788813472.8595,376324,V,1012,889,-1
1788813472.8595,376332,V,1013,890,-1
1788813472.8595,376340,V,1011,889,-1
1788813472.8595,376348,V,1012,889,-1
1788813472.9080,376362,V,1012,889,5031
1788813472.9080,376370,V,1012,889,-1
1788813472.9080,376378,V,1012,889,-1
1788813472.9080,376386,V,1012,889,-1
1788813472.9081,376394,V,1013,890,-1
1788813472.9081,376402,V,1013,890,-1
1788813473.0057,376415,V,1012,889,5032
1788813473.0059,376423,V,1012,889,-1
1788813473.0061,376431,V,1013,890,-1
1788813473.0061,376439,V,1011,889,-1
1788813473.0063,376447,V,1012,889,-1
1788813473.0063,376455,V,1012,889,-1
1788813473.0547,376469,V,1012,889,5033
1788813473.0547,376477,V,1012,889,-1
1788813473.0547,376485,V,1012,889,-1
1788813473.0547,376493,V,1013,890,-1
1788813473.0547,376501,V,1012,889,-1
1788813473.0547,376509,V,1011,889,-1
1788813473.1033,376523,V,1013,890,5034
1788813473.1034,376531,V,1012,889,-1
1788813473.1034,376539,V,1012,889,-1
1788813473.1034,376547,V,1012,889,-1
1788813473.1034,376555,V,1012,889,-1
1788813473.1034,376563,V,1011,889,-1
1788813473.1523,376576,V,1012,889,5035
1788813473.1523,376584,V,1012,889,-1
1788813473.1523,376592,V,1012,889,-1
1788813473.1524,376600,V,1013,890,-1
1788813473.1524,376608,V,1012,889,-1
1788813473.1524,376616,V,1012,889,-1
1788813473.2006,376630,V,1013,890,5036
1788813473.2006,376638,V,1011,889,-1
1788813473.2006,376646,V,1012,889,-1
1788813473.2006,376654,V,1011,889,-1
1788813473.2006,376662,V,1012,889,-1
1788813473.2007,376670,V,1012,889,-1
1788813473.2496,376683,V,1012,889,5037
1788813473.2498,376691,V,1012,889,-1
1788813473.2498,376699,V,1012,889,-1
1788813473.2498,376707,V,1012,889,-1
1788813473.2498,376715,V,1012,889,-1
1788813473.2498,376723,V,1013,890,-1
1788813473.3475,376737,V,1012,889,5038
1788813473.3475,376745,V,1013,890,-1
1788813473.3475,376753,V,1013,890,-1
1788813473.3475,376761,V,1012,889,-1
1788813473.3476,376769,V,1011,889,-1
1788813473.3476,376777,V,1012,889,-1
1788813473.3484,376791,V,1012,889,5039
1788813473.3484,376799,V,1013,890,-1
1788813473.3484,376807,V,1012,889,-1
1788813473.3485,376815,V,1012,889,-1
1788813473.3485,376823,V,1012,889,-1
1788813473.3485,376831,V,1012,889,-1
1788813473.3955,376844,V,1012,889,5040
1788813473.3956,376852,V,1013,890,-1
1788813473.3956,376860,V,1013,890,-1
1788813473.3956,376868,V,1012,889,-1
1788813473.3956,376876,V,1012,889,-1
1788813473.3956,376884,V,1013,890,-1
1788813473.4441,376898,V,1012,889,5041
1788813473.4441,376906,V,1012,889,-1
1788813473.4441,376914,V,1012,889,-1
1788813473.4441,376922,V,1012,889,-1
1788813473.4441,376930,V,1012,889,-1
1788813473.4441,376938,V,1012,889,-1
1788813473.5421,376951,V,1012,889,5042
1788813473.5423,376959,V,1013,890,-1
1788813473.5423,376967,V,1012,889,-1
1788813473.5423,376975,V,1012,889,-1
1788813473.5424,376983,V,1012,889,-1
1788813473.5424,376991,V,1012,889,-1
1788813473.5914,377005,V,1012,889,5043
1788813473.5914,377013,V,1012,889,-1
1788813473.5914,377021,V,1012,889,-1
1788813473.5914,377029,V,1011,889,-1
1788813473.5914,377037,V,1012,889,-1
1788813473.5914,377045,V,1012,889,-1
1788813473.6391,377059,V,1012,889,5044
1788813473.6391,377067,V,1012,889,-1
1788813473.6391,377075,V,1012,889,-1
1788813473.6391,377083,V,1013,890,-1
1788813473.6391,377091,V,1013,890,-1
1788813473.6391,377099,V,1012,889,-1
1788813473.6877,377112,V,1012,889,5045
1788813473.6877,377120,V,1012,889,-1
1788813473.6878,377128,V,1012,889,-1
1788813473.6878,377136,V,1013,890,-1
1788813473.6878,377144,V,1011,889,-1
1788813473.6878,377152,V,1012,889,-1
1788813473.7368,377166,V,1012,889,5046
1788813473.7368,377174,V,1012,889,-1
1788813473.7369,377182,V,1012,889,-1
1788813473.7369,377190,V,1012,889,-1
1788813473.7369,377198,V,1013,890,-1
1788813473.7369,377206,V,1012,889,-1
1788813473.7864,377219,V,1010,888,5047
1788813473.7865,377227,V,1012,889,-1
1788813473.7865,377235,V,1013,890,-1
1788813473.7865,377243,V,1012,889,-1
1788813473.7865,377251,V,1012,889,-1
1788813473.7865,377259,V,1012,889,-1
1788813473.8346,377273,V,1011,889,5048
1788813473.8346,377281,V,1012,889,-1
1788813473.8346,377289,V,1013,890,-1
1788813473.8346,377297,V,1012,889,-1
1788813473.8346,377305,V,1011,889,-1
1788813473.8346,377313,V,1012,889,-1
1788813473.8848,377327,V,1012,889,5049
1788813473.8848,377335,V,1014,891,-1
1788813473.8848,377343,V,1013,890,-1
1788813473.8848,377351,V,1012,889,-1
1788813473.8848,377359,V,1012,889,-1
1788813473.8848,377367,V,1012,889,-1
1788813473.9318,377380,V,1012,889,5050
1788813473.9318,377388,V,1012,889,-1
1788813473.9318,377396,V,1011,889,-1
1788813473.9319,377404,V,1011,889,-1
1788813473.9319,377412,V,1012,889,-1
1788813473.9319,377420,V,1013,890,-1
1788813473.9801,377434,V,1013,890,5051
1788813473.9801,377442,V,1014,891,-1
1788813473.9801,377450,V,1013,890,-1
1788813473.9801,377458,V,1013,890,-1
1788813473.9801,377466,V,1012,889,-1
1788813473.9801,377474,V,1013,890,-1
1788813474.0781,377487,V,1013,890,5052
1788813474.0783,377495,V,1011,889,-1
1788813474.0783,377503,V,1013,890,-1
1788813474.0783,377511,V,1012,889,-1
1788813474.0783,377519,V,1013,890,-1
1788813474.0783,377527,V,1012,889,-1
1788813474.1272,377541,V,1012,889,5053
1788813474.1272,377549,V,1011,889,-1
1788813474.1272,377557,V,1013,890,-1
1788813474.1272,377565,V,1012,889,-1
1788813474.1272,377573,V,1012,889,-1
1788813474.1272,377581,V,1011,889,-1
1788813474.1755,377595,V,1012,889,5054
1788813474.1755,377603,V,1013,890,-1
1788813474.1755,377611,V,1012,889,-1
1788813474.1755,377619,V,1011,889,-1
1788813474.1755,377627,V,1011,889,-1
1788813474.1755,377635,V,1013,890,-1
1788813474.2241,377648,V,1012,889,5055
1788813474.2241,377656,V,1012,889,-1
1788813474.2241,377664,V,1013,890,-1
1788813474.2241,377672,V,1011,889,-1
1788813474.2241,377680,V,1011,889,-1
1788813474.2241,377688,V,1011,889,-1
1788813474.2729,377702,V,1012,889,5056
1788813474.2729,377710,V,1011,889,-1
1788813474.2729,377718,V,1012,889,-1
1788813474.2729,377726,V,1014,891,-1
1788813474.2729,377734,V,1012,889,-1
1788813474.2729,377742,V,1013,890,-1
1788813474.3218,377755,V,1011,889,5057
1788813474.3219,377763,V,1012,889,-1
1788813474.3219,377771,V,1013,890,-1
1788813474.3219,377779,V,1013,890,-1
1788813474.3219,377787,V,1012,889,-1
1788813474.3219,377795,V,1012,889,-1
1788813474.3726,377809,V,1012,889,5058
1788813474.3727,377817,V,1013,890,-1
1788813474.3727,377825,V,1013,890,-1
1788813474.3727,377833,V,1013,890,-1
1788813474.3727,377841,V,1012,889,-1
1788813474.3727,377849,V,1013,890,-1
1788813474.4208,377863,V,1012,889,5059
1788813474.4208,377871,V,1013,890,-1
1788813474.4208,377879,V,1012,889,-1
1788813474.4208,377887,V,1011,889,-1
1788813474.4208,377895,V,1012,889,-1
1788813474.4208,377903,V,1011,889,-1
1788813474.4675,377916,V,1013,890,5060
1788813474.4675,377924,V,1012,889,-1
1788813474.4675,377932,V,1012,889,-1
1788813474.4675,377940,V,1012,889,-1
1788813474.4675,377948,V,1013,890,-1
1788813474.4675,377956,V,1013,890,-1
1788813474.5655,377970,V,1012,889,5061
1788813474.5656,377978,V,1012,889,-1
1788813474.5656,377986,V,1012,889,-1
1788813474.5656,377994,V,1011,889,-1
1788813474.5657,378002,V,1012,889,-1
1788813474.5657,378010,V,1013,890,-1
1788813474.6147,378024,V,1012,889,5062
1788813474.6147,378032,V,1012,889,-1
1788813474.6147,378040,V,1013,890,-1
1788813474.6147,378048,V,1012,889,-1
1788813474.6147,378056,V,1013,890,-1
1788813474.6147,378064,V,1013,890,-1
1788813474.6630,378077,V,1013,890,5063
1788813474.6630,378085,V,1013,890,-1
1788813474.6630,378093,V,1012,889,-1
1788813474.6630,378101,V,1014,891,-1
1788813474.6630,378109,V,1012,889,-1
1788813474.6630,378117,V,1014,891,-1
1788813474.7154,378131,V,1013,890,5064
1788813474.7154,378139,V,1012,889,-1
1788813474.7154,378147,V,1012,889,-1
1788813474.7154,378155,V,1012,889,-1
1788813474.7154,378163,V,1013,890,-1
1788813474.7154,378171,V,1012,889,-1
1788813474.7613,378184,V,1013,890,5065
1788813474.7613,378192,V,1013,890,-1
1788813474.7613,378200,V,1012,889,-1
1788813474.7613,378208,V,1012,889,-1
1788813474.7613,378216,V,1013,890,-1
1788813474.7614,378224,V,1012,889,-1
1788813474.8100,378238,V,1013,890,5066
1788813474.8101,378246,V,1012,889,-1
1788813474.8101,378254,V,1013,890,-1
1788813474.8101,378262,V,1013,890,-1
1788813474.8101,378270,V,1013,890,-1
1788813474.8101,378278,V,1013,890,-1
1788813474.8599,378292,V,1013,890,5067
1788813474.8600,378300,V,1013,890,-1
1788813474.8600,378308,V,1012,889,-1
1788813474.8600,378316,V,1012,889,-1
1788813474.8600,378324,V,1012,889,-1
1788813474.8600,378332,V,1013,890,-1
1788813474.9085,378345,V,1012,889,5068
1788813474.9085,378353,V,1013,890,-1
1788813474.9085,378361,V,1013,890,-1
1788813474.9086,378369,V,1013,890,-1
1788813474.9086,378377,V,1013,890,-1
1788813474.9086,378385,V,1013,890,-1
1788813474.9583,378399,V,1012,889,5069
1788813474.9584,378407,V,1013,890,-1
1788813474.9584,378415,V,1012,889,-1
1788813474.9584,378423,V,1013,890,-1
1788813474.9584,378431,V,1013,890,-1
1788813474.9584,378439,V,1013,890,-1
1788813475.0056,378453,V,1014,891,5070
1788813475.0057,378461,V,1013,890,-1
1788813475.0057,378469,V,1013,890,-1
1788813475.0057,378477,V,1012,889,-1
1788813475.0057,378485,V,1013,890,-1
1788813475.0057,378493,V,1013,890,-1
1788813475.0529,378506,V,1013,890,5071
1788813475.0530,378514,V,1012,889,-1
1788813475.0530,378522,V,1012,889,-1
1788813475.0531,378530,V,1013,890,-1
1788813475.0531,378538,V,1012,889,-1
1788813475.0531,378546,V,1013,890,-1
1788813475.1535,378560,V,1013,890,5072
1788813475.1536,378568,V,1012,889,-1
1788813475.1536,378576,V,1013,890,-1
1788813475.1536,378584,V,1012,889,-1
1788813475.1536,378592,V,1014,891,-1
1788813475.1536,378600,V,1013,890,-1
1788813475.2019,378613,V,1013,890,5073
1788813475.2020,378621,V,1012,889,-1
1788813475.2020,378629,V,1013,890,-1
1788813475.2020,378637,V,1011,889,-1
1788813475.2020,378645,V,1012,889,-1
1788813475.2020,378653,V,1013,890,-1
1788813475.2497,378667,V,1012,889,5074
1788813475.2497,378675,V,1012,889,-1
1788813475.2498,378683,V,1013,890,-1
1788813475.2498,378691,V,1012,889,-1
1788813475.2498,378699,V,1012,889,-1
1788813475.2498,378707,V,1012,889,-1
1788813475.2988,378720,V,1012,889,5075
1788813475.2989,378728,V,1012,889,-1
1788813475.2989,378736,V,1012,889,-1
1788813475.2989,378744,V,1012,889,-1
1788813475.2989,378752,V,1012,889,-1
1788813475.2989,378760,V,1012,889,-1
1788813475.3458,378774,V,1012,889,5076
1788813475.3458,378782,V,1013,890,-1
1788813475.3458,378790,V,1012,889,-1
1788813475.3458,378798,V,1011,889,-1
1788813475.3458,378806,V,1012,889,-1
1788813475.3458,378814,V,1012,889,-1
1788813475.4434,378828,V,1011,889,5077
1788813475.4434,378836,V,1012,889,-1
1788813475.4434,378844,V,1014,891,-1
1788813475.4434,378852,V,1013,890,-1
1788813475.4434,378860,V,1013,890,-1
1788813475.4434,378868,V,1012,889,-1
1788813475.4444,378881,V,1012,889,5078
1788813475.4444,378889,V,1011,889,-1
1788813475.4444,378897,V,1012,889,-1
1788813475.4444,378905,V,1011,889,-1
1788813475.4445,378913,V,1012,889,-1
1788813475.4445,378921,V,1012,889,-1
1788813475.4919,378935,V,1013,890,5079
1788813475.4919,378943,V,1012,889,-1
1788813475.4919,378951,V,1013,890,-1
1788813475.4919,378959,V,1012,889,-1
1788813475.4919,378967,V,1011,889,-1
1788813475.4919,378975,V,1012,889,-1
1788813475.5898,378988,V,1011,889,5080
1788813475.5899,378996,V,1011,889,-1
1788813475.5899,379004,V,1012,889,-1
1788813475.5899,379012,V,1013,890,-1
1788813475.5899,379020,V,1013,890,-1
1788813475.5899,379028,V,1012,889,-1
1788813475.5911,379042,V,1013,890,5081
1788813475.5911,379050,V,1012,889,-1
1788813475.5911,379058,V,1013,890,-1
1788813475.5911,379066,V,1012,889,-1
1788813475.5911,379074,V,1012,889,-1
1788813475.5911,379082,V,1012,889,-1
1788813475.6900,379096,V,1013,890,5082
1788813475.6900,379104,V,1012,889,-1
1788813475.6900,379112,V,1011,889,-1
1788813475.6900,379120,V,1013,890,-1
1788813475.6900,379128,V,1012,889,-1
1788813475.6900,379136,V,1012,889,-1
1788813475.7360,379149,V,1012,889,5083
1788813475.7360,379157,V,1013,890,-1
1788813475.7360,379165,V,1012,889,-1
1788813475.7360,379173,V,1013,890,-1
1788813475.7360,379181,V,1013,890,-1
1788813475.7360,379189,V,1013,890,-1
1788813475.7865,379203,V,1013,890,5084
1788813475.7866,379211,V,1013,890,-1
1788813475.7866,379219,V,1013,890,-1
1788813475.7866,379227,V,1013,890,-1
1788813475.7866,379235,V,1012,889,-1
1788813475.7866,379243,V,1012,889,-1
1788813475.8340,379256,V,1012,889,5085
1788813475.8342,379264,V,1012,889,-1
1788813475.8342,379272,V,1011,889,-1
1788813475.8342,379280,V,1012,889,-1
1788813475.8342,379288,V,1013,890,-1
1788813475.8342,379296,V,1013,890,-1
1788813475.8838,379310,V,1012,889,5086
1788813475.8838,379318,V,1013,890,-1
1788813475.8838,379326,V,1013,890,-1
1788813475.8838,379334,V,1012,889,-1
1788813475.8838,379342,V,1012,889,-1
1788813475.8838,379350,V,1013,890,-1
1788813475.9304,379364,V,1013,890,5087
1788813475.9305,379372,V,1013,890,-1
1788813475.9305,379380,V,1014,891,-1
1788813475.9305,379388,V,1012,889,-1
1788813475.9305,379396,V,1013,890,-1
1788813475.9305,379404,V,1013,890,-1
1788813475.9789,379417,V,1012,889,5088
1788813475.9789,379425,V,1013,890,-1
1788813475.9789,379433,V,1012,889,-1
1788813475.9789,379441,V,1013,890,-1
1788813475.9789,379449,V,1012,889,-1
1788813475.9789,379457,V,1011,889,-1
1788813476.0291,379471,V,1012,889,5089
1788813476.0291,379479,V,1012,889,-1
1788813476.0291,379487,V,1013,890,-1
1788813476.0291,379495,V,1012,889,-1
1788813476.0291,379503,V,1011,889,-1
1788813476.0291,379511,V,1011,889,-1
1788813476.0767,379525,V,1011,889,5090
1788813476.0768,379533,V,1012,889,-1
1788813476.0768,379541,V,1013,890,-1
1788813476.0768,379549,V,1012,889,-1
1788813476.0768,379557,V,1010,888,-1
1788813476.0768,379565,V,1010,888,-1
1788813476.1253,379578,V,1013,890,5091
1788813476.1253,379586,V,1011,889,-1
1788813476.1253,379594,V,1011,889,-1
1788813476.1253,379602,V,1011,889,-1
1788813476.1253,379610,V,1011,889,-1
1788813476.1253,379618,V,1013,890,-1
1788813476.2232,379632,V,1012,889,5092
1788813476.2232,379640,V,1011,889,-1
1788813476.2232,379648,V,1011,889,-1
1788813476.2232,379656,V,1012,889,-1
1788813476.2232,379664,V,1011,889,-1
1788813476.2233,379672,V,1012,889,-1
1788813476.2726,379686,V,1012,889,5093
1788813476.2726,379694,V,1012,889,-1
1788813476.2726,379702,V,1013,890,-1
1788813476.2726,379710,V,1012,889,-1
1788813476.2726,379718,V,1012,889,-1
1788813476.2726,379726,V,1012,889,-1
1788813476.3701,379739,V,1012,889,5094
1788813476.3703,379747,V,1013,890,-1
1788813476.3703,379755,V,1012,889,-1
1788813476.3703,379763,V,1012,889,-1
1788813476.3703,379771,V,1012,889,-1
1788813476.3703,379779,V,1012,889,-1
1788813476.3715,379793,V,1012,889,5095
1788813476.3715,379801,V,1013,890,-1
1788813476.3715,379809,V,1012,889,-1
1788813476.3716,379817,V,1011,889,-1
1788813476.3716,379825,V,1011,889,-1
1788813476.3716,379833,V,1012,889,-1
1788813476.4674,379846,V,1011,889,5096
1788813476.4674,379854,V,1011,889,-1
1788813476.4674,379862,V,1012,889,-1
1788813476.4674,379870,V,1012,889,-1
1788813476.4675,379878,V,1011,889,-1
1788813476.4675,379886,V,1011,889,-1
1788813476.4680,379900,V,1012,889,5097
1788813476.4681,379908,V,1012,889,-1
1788813476.4681,379916,V,1012,889,-1
1788813476.4681,379924,V,1012,889,-1
1788813476.4681,379932,V,1011,889,-1
1788813476.4681,379940,V,1011,889,-1
1788813476.5156,379954,V,1012,889,5098
1788813476.5156,379962,V,1012,889,-1
1788813476.5156,379970,V,1012,889,-1
1788813476.5156,379978,V,1012,889,-1
1788813476.5156,379986,V,1012,889,-1
1788813476.5156,379994,V,1012,889,-1
1788813476.5642,380007,V,1012,889,5099
1788813476.5642,380015,V,1013,890,-1
1788813476.5642,380023,V,1012,889,-1
1788813476.5642,380031,V,1011,889,-1
1788813476.5642,380039,V,1013,890,-1
1788813476.5643,380047,V,1011,889,-1
1788813476.6128,380061,V,1011,889,5100
1788813476.6129,380069,V,1011,889,-1
1788813476.6129,380077,V,1012,889,-1
1788813476.6130,380085,V,1011,889,-1
1788813476.6130,380093,V,1012,889,-1
1788813476.6130,380101,V,1011,889,-1
1788813476.6637,380115,V,1012,889,5101
1788813476.6638,380123,V,1012,889,-1
1788813476.6638,380131,V,1012,889,-1
1788813476.6638,380139,V,1012,889,-1
1788813476.6638,380147,V,1011,889,-1
1788813476.6638,380155,V,1011,889,-1
1788813476.7598,380168,V,1012,889,5102
1788813476.7599,380176,V,1012,889,-1
1788813476.7599,380184,V,1013,890,-1
1788813476.7599,380192,V,1013,890,-1
1788813476.7599,380200,V,1012,889,-1
1788813476.7599,380208,V,1012,889,-1
1788813476.8082,380222,V,1012,889,5103
1788813476.8082,380230,V,1012,889,-1
1788813476.8082,380238,V,1011,889,-1
1788813476.8082,380246,V,1012,889,-1
1788813476.8082,380254,V,1011,889,-1
1788813476.8083,380262,V,1011,889,-1
1788813476.8567,380276,V,1011,889,5104
1788813476.8568,380284,V,1012,889,-1
1788813476.8568,380292,V,1012,889,-1
1788813476.8568,380300,V,1013,890,-1
1788813476.8568,380308,V,1012,889,-1
1788813476.8568,380316,V,1012,889,-1
1788813476.9058,380329,V,1012,889,5105
1788813476.9058,380337,V,1011,889,-1
1788813476.9059,380345,V,1010,888,-1
1788813476.9059,380353,V,1012,889,-1
1788813476.9059,380361,V,1012,889,-1
1788813476.9059,380369,V,1010,888,-1
1788813476.9542,380383,V,1012,889,5106
1788813476.9542,380391,V,1011,889,-1
1788813476.9542,380399,V,1011,889,-1
1788813476.9542,380407,V,1010,888,-1
1788813476.9542,380415,V,1011,889,-1
1788813476.9542,380423,V,1011,889,-1
1788813477.0030,380436,V,1012,889,5107
1788813477.0030,380444,V,1010,888,-1
1788813477.0030,380452,V,1011,889,-1
1788813477.0030,380460,V,1010,888,-1
1788813477.0030,380468,V,1012,889,-1
1788813477.0030,380476,V,1011,889,-1
1788813477.0519,380490,V,1012,889,5108
1788813477.0519,380498,V,1010,888,-1
1788813477.0520,380506,V,1013,890,-1
1788813477.0520,380514,V,1013,890,-1
1788813477.0520,380522,V,1010,888,-1
1788813477.0520,380530,V,1012,889,-1
1788813477.1494,380544,V,1012,889,5109
1788813477.1496,380552,V,1012,889,-1
1788813477.1496,380560,V,1011,889,-1
1788813477.1496,380568,V,1012,889,-1
1788813477.1496,380576,V,1012,889,-1
1788813477.1496,380584,V,1012,889,-1
1788813477.1505,380597,V,1011,889,5110
1788813477.1505,380605,V,1011,889,-1
1788813477.1505,380613,V,1012,889,-1
1788813477.1506,380621,V,1011,889,-1
1788813477.1506,380629,V,1011,889,-1
1788813477.1506,380637,V,1012,889,-1
1788813477.1983,380651,V,1015,892,5111
1788813477.1983,380659,V,1010,888,-1
1788813477.1983,380667,V,1011,889,-1
1788813477.1983,380675,V,1011,889,-1
1788813477.1983,380683,V,1012,889,-1
1788813477.1983,380691,V,1013,890,-1
1788813477.2957,380704,V,1013,890,5112
1788813477.2957,380712,V,1011,889,-1
1788813477.2957,380720,V,1012,889,-1
1788813477.2957,380728,V,1012,889,-1
1788813477.2957,380736,V,1011,889,-1
1788813477.2958,380744,V,1012,889,-1
1788813477.3443,380758,V,1011,889,5113
1788813477.3443,380766,V,1011,889,-1
1788813477.3443,380774,V,1012,889,-1
1788813477.3443,380782,V,1010,888,-1
1788813477.3443,380790,V,1012,889,-1
1788813477.3443,380798,V,1012,889,-1
1788813477.3928,380812,V,1012,889,5114
1788813477.3929,380820,V,1012,889,-1
1788813477.3929,380828,V,1011,889,-1
1788813477.3929,380836,V,1011,889,-1
1788813477.3930,380844,V,1013,890,-1
1788813477.3930,380852,V,1012,889,-1
1788813477.4418,380865,V,1011,889,5115
1788813477.4419,380873,V,1011,889,-1
1788813477.4419,380881,V,1011,889,-1
1788813477.4419,380889,V,1011,889,-1
1788813477.4419,380897,V,1011,889,-1
1788813477.4419,380905,V,1011,889,-1
1788813477.5403,380919,V,1011,889,5116
1788813477.5404,380927,V,1011,889,-1
1788813477.5404,380935,V,1012,889,-1
1788813477.5404,380943,V,1011,889,-1
1788813477.5404,380951,V,1011,889,-1
1788813477.5404,380959,V,1011,889,-1
1788813477.5413,380972,V,1012,889,5117
1788813477.5413,380980,V,1012,889,-1
1788813477.5413,380988,V,1012,889,-1
1788813477.5413,380996,V,1012,889,-1
1788813477.5413,381004,V,1012,889,-1
1788813477.5413,381012,V,1010,888,-1
1788813477.5881,381026,V,1012,889,5118
1788813477.5882,381034,V,1010,888,-1
1788813477.5882,381042,V,1011,889,-1
1788813477.5882,381050,V,1013,890,-1
1788813477.5882,381058,V,1012,889,-1
1788813477.5882,381066,V,1013,890,-1
1788813477.6369,381080,V,1011,889,5119
1788813477.6370,381088,V,1012,889,-1
1788813477.6370,381096,V,1010,888,-1
1788813477.6370,381104,V,1012,889,-1
1788813477.6370,381112,V,1013,890,-1
1788813477.6371,381120,V,1011,889,-1
1788813477.6857,381133,V,1011,889,5120
1788813477.6858,381141,V,1011,889,-1
1788813477.6858,381149,V,1011,889,-1
1788813477.6858,381157,V,1010,888,-1
1788813477.6858,381165,V,1012,889,-1
1788813477.6858,381173,V,1011,889,-1
1788813477.7343,381187,V,1011,889,5121
1788813477.7343,381195,V,1012,889,-1
1788813477.7343,381203,V,1012,889,-1
1788813477.7343,381211,V,1011,889,-1
1788813477.7343,381219,V,1011,889,-1
1788813477.7343,381227,V,1012,889,-1
1788813477.8319,381241,V,1012,889,5122
1788813477.8319,381249,V,1011,889,-1
1788813477.8319,381257,V,1011,889,-1
1788813477.8319,381265,V,1012,889,-1
1788813477.8319,381273,V,1011,889,-1
1788813477.8319,381281,V,1011,889,-1
1788813477.8805,381294,V,1012,889,5123
1788813477.8806,381302,V,1012,889,-1
1788813477.8807,381310,V,1011,889,-1
1788813477.8807,381318,V,1011,889,-1
1788813477.8807,381326,V,1011,889,-1
1788813477.8807,381334,V,1013,890,-1
1788813477.9296,381348,V,1012,889,5124
1788813477.9296,381356,V,1012,889,-1
1788813477.9296,381364,V,1012,889,-1
1788813477.9296,381372,V,1012,889,-1
1788813477.9296,381380,V,1011,889,-1
1788813477.9296,381388,V,1012,889,-1
1788813477.9778,381402,V,1012,889,5125
1788813477.9778,381410,V,1011,889,-1
1788813477.9778,381418,V,1011,889,-1
1788813477.9778,381426,V,1012,889,-1
1788813477.9778,381434,V,1013,890,-1
1788813477.9779,381442,V,1011,889,-1
1788813478.0269,381455,V,1012,889,5126
1788813478.0269,381463,V,1012,889,-1
1788813478.0269,381471,V,1011,889,-1
1788813478.0269,381479,V,1011,889,-1
1788813478.0269,381487,V,1013,890,-1
1788813478.0269,381495,V,1012,889,-1
1788813478.0757,381509,V,1012,889,5127
1788813478.0758,381517,V,1011,889,-1
1788813478.0758,381525,V,1012,889,-1
1788813478.0758,381533,V,1011,889,-1
1788813478.0758,381541,V,1012,889,-1
1788813478.0758,381549,V,1012,889,-1
1788813478.1254,381562,V,1011,889,5128
1788813478.1256,381570,V,1012,889,-1
1788813478.1256,381578,V,1011,889,-1
1788813478.1256,381586,V,1012,889,-1
1788813478.1256,381594,V,1011,889,-1
1788813478.1256,381602,V,1012,889,-1
1788813478.1744,381616,V,1013,890,5129
1788813478.1744,381624,V,1012,889,-1
1788813478.1744,381632,V,1012,889,-1
1788813478.1744,381640,V,1011,889,-1
1788813478.1744,381648,V,1011,889,-1
1788813478.1744,381656,V,1013,890,-1
1788813478.2240,381670,V,1012,889,5130
1788813478.2240,381678,V,1011,889,-1
1788813478.2240,381686,V,1012,889,-1
1788813478.2240,381694,V,1013,890,-1
1788813478.2240,381702,V,1013,890,-1
1788813478.2240,381710,V,1012,889,-1
1788813478.2718,381723,V,1011,889,5131
1788813478.2718,381731,V,1011,889,-1
1788813478.2718,381739,V,1012,889,-1
1788813478.2718,381747,V,1011,889,-1
1788813478.2718,381755,V,1011,889,-1
1788813478.2719,381763,V,1011,889,-1
1788813478.3682,381777,V,1011,889,5132
1788813478.3683,381785,V,1011,889,-1
1788813478.3684,381793,V,1011,889,-1
1788813478.3684,381801,V,1010,888,-1
1788813478.3684,381809,V,1011,889,-1
1788813478.3684,381817,V,1011,889,-1
1788813478.4171,381830,V,1011,889,5133
1788813478.4171,381838,V,1011,889,-1
1788813478.4171,381846,V,1011,889,-1
1788813478.4171,381854,V,1012,889,-1
1788813478.4171,381862,V,1011,889,-1
1788813478.4172,381870,V,1012,889,-1
1788813478.4654,381884,V,1011,889,5134
1788813478.4655,381892,V,1012,889,-1
1788813478.4655,381900,V,1011,889,-1
1788813478.4655,381908,V,1012,889,-1
1788813478.4655,381916,V,1011,889,-1
1788813478.4655,381924,V,1011,889,-1
1788813478.5141,381938,V,1011,889,5135
1788813478.5141,381946,V,1011,889,-1
1788813478.5141,381954,V,1011,889,-1
1788813478.5141,381962,V,1011,889,-1
1788813478.5141,381970,V,1010,888,-1
1788813478.5141,381978,V,1011,889,-1
1788813478.5631,381991,V,1011,889,5136
1788813478.5631,381999,V,1009,887,-1
1788813478.5631,382007,V,1011,889,-1
1788813478.5632,382015,V,1011,889,-1
1788813478.5632,382023,V,1010,888,-1
1788813478.5632,382031,V,1010,888,-1
1788813478.6117,382045,V,1010,888,5137
1788813478.6118,382053,V,1009,887,-1
1788813478.6119,382061,V,1009,887,-1
1788813478.6119,382069,V,1007,885,-1
1788813478.6119,382077,V,1006,884,-1
1788813478.6119,382085,V,1004,882,-1
1788813478.7118,382099,V,1000,879,5138
1788813478.7119,382107,V,995,875,-1
1788813478.7119,382115,V,987,867,-1
1788813478.7119,382123,V,975,857,-1
1788813478.7119,382131,V,968,851,-1
1788813478.7119,382139,V,951,836,-1
1788813478.7125,382152,V,915,804,5139
1788813478.7125,382160,V,833,732,-1
1788813478.7125,382168,V,771,678,-1
1788813478.7126,382176,V,734,645,-1
1788813478.7126,382184,V,707,621,-1
1788813478.7126,382192,V,685,602,-1
1788813478.7580,382206,V,668,587,5140
1788813478.7580,382214,V,654,575,-1
1788813478.7580,382222,V,642,564,-1
1788813478.7580,382230,V,631,555,-1
1788813478.7580,382238,V,622,547,-1
1788813478.7580,382246,V,616,541,-1
1788813478.8072,382260,V,609,535,5141
1788813478.8072,382268,V,603,530,-1
1788813478.8072,382276,V,599,526,-1
1788813478.8072,382284,V,596,524,-1
1788813478.8072,382292,V,594,522,-1
1788813478.8072,382300,V,592,520,-1
1788813478.9047,382359,KEYUP,,,
1788813478.9063,382313,V,589,518,5142
1788813478.9064,382321,V,587,516,-1
1788813478.9064,382329,V,586,515,-1
1788813478.9064,382337,V,584,513,-1
1788813478.9064,382345,V,582,512,-1
1788813478.9064,382353,V,582,512,-1
1788813478.9533,382367,V,581,511,5143
1788813478.9534,382375,V,580,510,-1
1788813478.9534,382383,V,579,509,-1
1788813478.9534,382391,V,580,510,-1
1788813478.9534,382399,V,579,509,-1
1788813478.9534,382407,V,577,507,-1
1788813479.0019,382421,V,578,508,5144
1788813479.0019,382429,V,577,507,-1
1788813479.0019,382437,V,576,506,-1
1788813479.0019,382445,V,576,506,-1
1788813479.0019,382453,V,576,506,-1
1788813479.0019,382461,V,575,505,-1
1788813479.0505,382475,V,574,504,5145
1788813479.0505,382483,V,575,505,-1
1788813479.0506,382491,V,573,504,-1
1788813479.0506,382499,V,575,505,-1
1788813479.0506,382507,V,574,504,-1
1788813479.0506,382515,V,572,503,-1
1788813479.0993,382529,V,573,504,5146
1788813479.0994,382537,V,573,504,-1
1788813479.0994,382545,V,572,503,-1
1788813479.0994,382553,V,573,504,-1
1788813479.0994,382561,V,573,504,-1
1788813479.0994,382569,V,573,504,-1
1788813479.1482,382582,V,571,502,5147
1788813479.1483,382590,V,570,501,-1
1788813479.1483,382598,V,588,517,-1
1788813479.1483,382606,V,572,503,-1
1788813479.1483,382614,V,571,502,-1
1788813479.1483,382622,V,573,504,-1
1788813479.1970,382636,V,572,503,5148
1788813479.1970,382644,V,572,503,-1
1788813479.1970,382652,V,571,502,-1
1788813479.1970,382660,V,571,502,-1
1788813479.1970,382668,V,571,502,-1
1788813479.1970,382676,V,572,503,-1
1788813479.2944,382690,V,571,502,5149
1788813479.2944,382698,V,572,503,-1
1788813479.2944,382706,V,572,503,-1
1788813479.2944,382714,V,571,502,-1
1788813479.2944,382722,V,570,501,-1
1788813479.2944,382730,V,570,501,-1
1788813479.2959,382743,V,571,502,5150
1788813479.2959,382751,V,571,502,-1
1788813479.2959,382759,V,571,502,-1
1788813479.2959,382767,V,571,502,-1
1788813479.2959,382775,V,572,503,-1
1788813479.2959,382783,V,572,503,-1
1788813479.3929,382797,V,571,502,5151
1788813479.3930,382805,V,572,503,-1
1788813479.3930,382813,V,572,503,-1
1788813479.3930,382821,V,572,503,-1
1788813479.3930,382829,V,573,504,-1
1788813479.3930,382837,V,572,503,-1
1788813479.4904,382851,V,572,503,5152
1788813479.4904,382859,V,572,503,-1
1788813479.4904,382867,V,571,502,-1
1788813479.4904,382875,V,572,503,-1
1788813479.4904,382883,V,572,503,-1
1788813479.4904,382891,V,571,502,-1
1788813479.4915,382904,V,571,502,5153
1788813479.4915,382912,V,571,502,-1
1788813479.4916,382920,V,573,504,-1
1788813479.4916,382928,V,570,501,-1
1788813479.4916,382936,V,576,506,-1
1788813479.4916,382944,V,571,502,-1
1788813479.6362,382958,V,571,502,5154
1788813479.6364,382966,V,571,502,-1
1788813479.6364,382974,V,571,502,-1
1788813479.6364,382982,V,572,503,-1
1788813479.6364,382990,V,571,502,-1
1788813479.6364,382998,V,571,502,-1
1788813479.6372,383011,V,571,502,5155
1788813479.6372,383019,V,571,502,-1
1788813479.6372,383027,V,571,502,-1
1788813479.6372,383035,V,573,504,-1
1788813479.6372,383043,V,571,502,-1
1788813479.6372,383051,V,571,502,-1
1788813479.6375,383065,V,572,503,5156
1788813479.6375,383073,V,571,502,-1
1788813479.6375,383081,V,572,503,-1
1788813479.6375,383089,V,571,502,-1
1788813479.6375,383097,V,571,502,-1
1788813479.6375,383105,V,571,502,-1
1788813479.6854,383119,V,571,502,5157
1788813479.6854,383127,V,573,504,-1
1788813479.6854,383135,V,594,522,-1
1788813479.6854,383143,V,572,503,-1
1788813479.6854,383151,V,572,503,-1
1788813479.6854,383159,V,572,503,-1
1788813479.7343,383172,V,571,502,5158
1788813479.7344,383180,V,573,504,-1
1788813479.7344,383188,V,573,504,-1
1788813479.7344,383196,V,573,504,-1
1788813479.7344,383204,V,571,502,-1
1788813479.7344,383212,V,572,503,-1
1788813479.7836,383226,V,572,503,5159
1788813479.7836,383234,V,572,503,-1
1788813479.7836,383242,V,572,503,-1
1788813479.7836,383250,V,573,504,-1
1788813479.7836,383258,V,572,503,-1
1788813479.7837,383266,V,571,502,-1
1788813479.8344,383280,V,572,503,5160
1788813479.8344,383288,V,572,503,-1
1788813479.8344,383296,V,571,502,-1
1788813479.8344,383304,V,572,503,-1
1788813479.8344,383312,V,571,502,-1
1788813479.8344,383320,V,571,502,-1
1788813479.8800,383333,V,572,503,5161
1788813479.8801,383341,V,572,503,-1
1788813479.8802,383349,V,571,502,-1
1788813479.8802,383357,V,572,503,-1
1788813479.8802,383365,V,571,502,-1
1788813479.8802,383373,V,571,502,-1
1788813479.9779,383387,V,572,503,5162
1788813479.9779,383395,V,572,503,-1
1788813479.9779,383403,V,571,502,-1
1788813479.9779,383411,V,571,502,-1
1788813479.9779,383419,V,571,502,-1
1788813479.9779,383427,V,571,502,-1
1788813480.0272,383441,V,572,503,5163
1788813480.0272,383449,V,571,502,-1
1788813480.0272,383457,V,572,503,-1
1788813480.0272,383465,V,573,504,-1
1788813480.0272,383473,V,576,506,-1
1788813480.0272,383481,V,572,503,-1
1788813480.0744,383494,V,571,502,5164
1788813480.0744,383502,V,572,503,-1
1788813480.0744,383510,V,572,503,-1
1788813480.0744,383518,V,571,502,-1
1788813480.0744,383526,V,572,503,-1
1788813480.0744,383534,V,573,504,-1
1788813480.1230,383548,V,573,504,5165
1788813480.1232,383556,V,572,503,-1
1788813480.1232,383564,V,572,503,-1
1788813480.1232,383572,V,574,504,-1
1788813480.1232,383580,V,571,502,-1
1788813480.1232,383588,V,571,502,-1
1788813480.1721,383601,V,571,502,5166
1788813480.1721,383609,V,571,502,-1
1788813480.1721,383617,V,572,503,-1
1788813480.1721,383625,V,571,502,-1
1788813480.1721,383633,V,571,502,-1
1788813480.1721,383641,V,571,502,-1
1788813480.3189,383655,V,571,502,5167
1788813480.3189,383663,V,572,503,-1
1788813480.3190,383671,V,579,509,-1
1788813480.3190,383679,V,571,502,-1
1788813480.3190,383687,V,572,503,-1
1788813480.3190,383695,V,570,501,-1
1788813480.3202,383709,V,571,502,5168
1788813480.3202,383717,V,572,503,-1
1788813480.3203,383725,V,570,501,-1
1788813480.3203,383733,V,571,502,-1
1788813480.3203,383741,V,572,503,-1
1788813480.3203,383749,V,572,503,-1
1788813480.3205,383763,V,571,502,5169
1788813480.3205,383771,V,572,503,-1
1788813480.3205,383779,V,571,502,-1
1788813480.3205,383787,V,572,503,-1
1788813480.3205,383795,V,571,502,-1
1788813480.3205,383803,V,572,503,-1
1788813480.3670,383816,V,572,503,5170
1788813480.3672,383824,V,572,503,-1
1788813480.3672,383832,V,572,503,-1
1788813480.3672,383840,V,571,502,-1
1788813480.3672,383848,V,572,503,-1
1788813480.3672,383856,V,571,502,-1
1788813480.4654,383870,V,572,503,5171
1788813480.4655,383878,V,571,502,-1
1788813480.4655,383886,V,572,503,-1
1788813480.4655,383894,V,571,502,-1
1788813480.4655,383902,V,573,504,-1
1788813480.4655,383910,V,572,503,-1
1788813480.5139,383923,V,571,502,5172
1788813480.5139,383931,V,572,503,-1
1788813480.5139,383939,V,571,502,-1
1788813480.5139,383947,V,571,502,-1
1788813480.5139,383955,V,571,502,-1
1788813480.5139,383963,V,572,503,-1
1788813480.5618,383977,V,572,503,5173
1788813480.5618,383985,V,570,501,-1
1788813480.5618,383993,V,572,503,-1
1788813480.5618,384001,V,571,502,-1
1788813480.5618,384009,V,573,504,-1
1788813480.5618,384017,V,573,504,-1
1788813480.6104,384031,V,572,503,5174
1788813480.6105,384039,V,573,504,-1
1788813480.6105,384047,V,572,503,-1
1788813480.6105,384055,V,572,503,-1
1788813480.6105,384063,V,571,502,-1
1788813480.6105,384071,V,572,503,-1
1788813480.6591,384084,V,571,502,5175
1788813480.6591,384092,V,571,502,-1
1788813480.6591,384100,V,571,502,-1
1788813480.6591,384108,V,579,509,-1
1788813480.6591,384116,V,571,502,-1
1788813480.6591,384124,V,572,503,-1
1788813480.7094,384138,V,572,503,5176
1788813480.7094,384146,V,571,502,-1
1788813480.7094,384154,V,573,504,-1
1788813480.7094,384162,V,571,502,-1
1788813480.7094,384170,V,573,504,-1
1788813480.7094,384178,V,572,503,-1
1788813480.7569,384192,V,572,503,5177
1788813480.7569,384200,V,573,504,-1
1788813480.7569,384208,V,572,503,-1
1788813480.7569,384216,V,572,503,-1
1788813480.7569,384224,V,572,503,-1
1788813480.7569,384232,V,571,502,-1
1788813480.8056,384245,V,572,503,5178
1788813480.8056,384253,V,571,502,-1
1788813480.8056,384261,V,572,503,-1
1788813480.8056,384269,V,572,503,-1
1788813480.8058,384277,V,571,502,-1
1788813480.8059,384285,V,572,503,-1
1788813480.8545,384299,V,572,503,5179
1788813480.8547,384307,V,572,503,-1
1788813480.8547,384315,V,571,502,-1
1788813480.8547,384323,V,571,502,-1
1788813480.8547,384331,V,571,502,-1
1788813480.8547,384339,V,572,503,-1
1788813480.9032,384352,V,572,503,5180
1788813480.9032,384360,V,571,502,-1
1788813480.9032,384368,V,571,502,-1
1788813480.9032,384376,V,572,503,-1
1788813480.9032,384384,V,573,504,-1
1788813480.9032,384392,V,572,503,-1
1788813480.9518,384406,V,570,501,5181
1788813480.9519,384414,V,572,503,-1
1788813480.9519,384422,V,571,502,-1
1788813480.9519,384430,V,572,503,-1
1788813480.9519,384438,V,572,503,-1
1788813480.9519,384446,V,575,505,-1
1788813481.0502,384460,V,570,501,5182
1788813481.0502,384468,V,572,503,-1
1788813481.0502,384476,V,571,502,-1
1788813481.0502,384484,V,571,502,-1
1788813481.0502,384492,V,572,503,-1
1788813481.0502,384500,V,572,503,-1
1788813481.0980,384513,V,572,503,5183
1788813481.0982,384521,V,573,504,-1
1788813481.0982,384529,V,571,502,-1
1788813481.0982,384537,V,572,503,-1
1788813481.0982,384545,V,574,504,-1
1788813481.0982,384553,V,571,502,-1
1788813481.1472,384567,V,571,502,5184
1788813481.1472,384575,V,572,503,-1
1788813481.1472,384583,V,572,503,-1
1788813481.1472,384591,V,572,503,-1
1788813481.1472,384599,V,571,502,-1
1788813481.1472,384607,V,571,502,-1
1788813481.1956,384621,V,572,503,5185
1788813481.1956,384629,V,570,501,-1
1788813481.1956,384637,V,571,502,-1
1788813481.1956,384645,V,586,515,-1
1788813481.1956,384653,V,571,502,-1
1788813481.1956,384661,V,571,502,-1
1788813481.2444,384674,V,571,502,5186
1788813481.2444,384682,V,570,501,-1
1788813481.2444,384690,V,571,502,-1
1788813481.2444,384698,V,571,502,-1
1788813481.2444,384706,V,571,502,-1
1788813481.2444,384714,V,571,502,-1
1788813481.2933,384728,V,572,503,5187
1788813481.2934,384736,V,571,502,-1
1788813481.2934,384744,V,574,504,-1
1788813481.2934,384752,V,572,503,-1
1788813481.2934,384760,V,572,503,-1
1788813481.2934,384768,V,572,503,-1
1788813481.3436,384782,V,571,502,5188
1788813481.3437,384790,V,572,503,-1
1788813481.3438,384798,V,573,504,-1
1788813481.3438,384806,V,571,502,-1
1788813481.3438,384814,V,571,502,-1
1788813481.3438,384822,V,572,503,-1
1788813481.3918,384835,V,572,503,5189
1788813481.3918,384843,V,572,503,-1
1788813481.3918,384851,V,572,503,-1
1788813481.3918,384859,V,572,503,-1
1788813481.3918,384867,V,572,503,-1
1788813481.3918,384875,V,572,503,-1
1788813481.4402,384889,V,572,503,5190
1788813481.4402,384897,V,571,502,-1
1788813481.4402,384905,V,572,503,-1
1788813481.4402,384913,V,572,503,-1
1788813481.4402,384921,V,572,503,-1
1788813481.4402,384929,V,571,502,-1
1788813481.4887,384943,V,572,503,5191
1788813481.4888,384951,V,571,502,-1
1788813481.4888,384959,V,571,502,-1
1788813481.4888,384967,V,571,502,-1
1788813481.4888,384975,V,571,502,-1
1788813481.4888,384983,V,575,505,-1
1788813481.5865,384996,V,572,503,5192
1788813481.5866,385004,V,572,503,-1
1788813481.5866,385012,V,572,503,-1
1788813481.5866,385020,V,573,504,-1
1788813481.5866,385028,V,571,502,-1
1788813481.5866,385036,V,572,503,-1
1788813481.6356,385050,V,571,502,5193
1788813481.6357,385058,V,572,503,-1
1788813481.6357,385066,V,572,503,-1
1788813481.6357,385074,V,573,504,-1
1788813481.6357,385082,V,574,504,-1
1788813481.6357,385090,V,572,503,-1
1788813481.7319,385103,V,572,503,5194
1788813481.7319,385111,V,572,503,-1
1788813481.7319,385119,V,572,503,-1
1788813481.7319,385127,V,572,503,-1
1788813481.7319,385135,V,572,503,-1
1788813481.7319,385143,V,572,503,-1
1788813481.7332,385157,V,574,504,5195
1788813481.7332,385165,V,571,502,-1
1788813481.7332,385173,V,572,503,-1
1788813481.7332,385181,V,582,512,-1
1788813481.7332,385189,V,573,504,-1
1788813481.7332,385197,V,573,504,-1
1788813481.7811,385211,V,571,502,5196
1788813481.7811,385219,V,573,504,-1
1788813481.7811,385227,V,571,502,-1
1788813481.7811,385235,V,572,503,-1
1788813481.7811,385243,V,572,503,-1
1788813481.7811,385251,V,571,502,-1
1788813481.8290,385264,V,572,503,5197
1788813481.8291,385272,V,571,502,-1
1788813481.8291,385280,V,572,503,-1
1788813481.8291,385288,V,571,502,-1
1788813481.8291,385296,V,572,503,-1
1788813481.8291,385304,V,572,503,-1
1788813481.8788,385318,V,572,503,5198
1788813481.8788,385326,V,573,504,-1
1788813481.8788,385334,V,573,504,-1
1788813481.8788,385342,V,572,503,-1
1788813481.8788,385350,V,571,502,-1
1788813481.8788,385358,V,573,504,-1
1788813481.9275,385371,V,572,503,5199
1788813481.9275,385379,V,572,503,-1
1788813481.9275,385387,V,571,502,-1
1788813481.9275,385395,V,571,502,-1
1788813481.9276,385403,V,572,503,-1
1788813481.9276,385411,V,571,502,-1
1788813481.9763,385425,V,571,502,5200
1788813481.9763,385433,V,573,504,-1
1788813481.9763,385441,V,572,503,-1
1788813481.9763,385449,V,572,503,-1
1788813481.9763,385457,V,572,503,-1
1788813481.9763,385465,V,571,502,-1
1788813482.0250,385479,V,572,503,5201
1788813482.0250,385487,V,571,502,-1
1788813482.0250,385495,V,572,503,-1
1788813482.0250,385503,V,571,502,-1
1788813482.0250,385511,V,572,503,-1
1788813482.0250,385519,V,575,505,-1
1788813482.1219,385532,V,571,502,5202
1788813482.1220,385540,V,571,502,-1
1788813482.1220,385548,V,572,503,-1
1788813482.1220,385556,V,571,502,-1
1788813482.1221,385564,V,572,503,-1
1788813482.1221,385572,V,572,503,-1
1788813482.1715,385586,V,571,502,5203
1788813482.1715,385594,V,572,503,-1
1788813482.1715,385602,V,572,503,-1
1788813482.1715,385610,V,572,503,-1
1788813482.1715,385618,V,574,504,-1
1788813482.1715,385626,V,572,503,-1
1788813482.2193,385640,V,572,503,5204
1788813482.2193,385648,V,572,503,-1
1788813482.2193,385656,V,571,502,-1
1788813482.2193,385664,V,572,503,-1
1788813482.2193,385672,V,572,503,-1
1788813482.2193,385680,V,573,504,-1
1788813482.3186,385693,V,572,503,5205
1788813482.3186,385701,V,571,502,-1
1788813482.3186,385709,V,572,503,-1
1788813482.3186,385717,V,588,517,-1
1788813482.3186,385725,V,572,503,-1
1788813482.3186,385733,V,573,504,-1
1788813482.3189,385747,V,571,502,5206
1788813482.3190,385755,V,572,503,-1
1788813482.3190,385763,V,572,503,-1
1788813482.3190,385771,V,573,504,-1
1788813482.3190,385779,V,572,503,-1
1788813482.3190,385787,V,571,502,-1
1788813482.3654,385800,V,572,503,5207
1788813482.3654,385808,V,572,503,-1
1788813482.3655,385816,V,581,511,-1
1788813482.3655,385824,V,572,503,-1
1788813482.3655,385832,V,572,503,-1
1788813482.3655,385840,V,572,503,-1
1788813482.4143,385854,V,572,503,5208
1788813482.4143,385862,V,571,502,-1
1788813482.4143,385870,V,571,502,-1
1788813482.4143,385878,V,572,503,-1
1788813482.4143,385886,V,572,503,-1
1788813482.4143,385894,V,571,502,-1
1788813482.4626,385908,V,571,502,5209
1788813482.4626,385916,V,572,503,-1
1788813482.4626,385924,V,573,504,-1
1788813482.4626,385932,V,572,503,-1
1788813482.4626,385940,V,571,502,-1
1788813482.4626,385948,V,572,503,-1
1788813482.5117,385961,V,573,504,5210
1788813482.5117,385969,V,571,502,-1
1788813482.5117,385977,V,571,502,-1
1788813482.5117,385985,V,571,502,-1
1788813482.5117,385993,V,572,503,-1
1788813482.5117,386001,V,572,503,-1
1788813482.5607,386015,V,572,503,5211
1788813482.5607,386023,V,571,502,-1
1788813482.5607,386031,V,572,503,-1
1788813482.5607,386039,V,573,504,-1
1788813482.5607,386047,V,572,503,-1
1788813482.5607,386055,V,576,506,-1
1788813482.6590,386069,V,571,502,5212
1788813482.6591,386077,V,572,503,-1
1788813482.6592,386085,V,573,504,-1
1788813482.6592,386093,V,573,504,-1
1788813482.6592,386101,V,572,503,-1
1788813482.6592,386109,V,572,503,-1
1788813482.7084,386122,V,572,503,5213
1788813482.7084,386130,V,573,504,-1
1788813482.7084,386138,V,573,504,-1
1788813482.7084,386146,V,572,503,-1
1788813482.7084,386154,V,575,505,-1
1788813482.7084,386162,V,572,503,-1
1788813482.7572,386176,V,572,503,5214
1788813482.7572,386184,V,572,503,-1
1788813482.7572,386192,V,572,503,-1
1788813482.7572,386200,V,574,504,-1
1788813482.7572,386208,V,572,503,-1
1788813482.7572,386216,V,573,504,-1
1788813482.8050,386230,V,573,504,5215
1788813482.8050,386238,V,573,504,-1
1788813482.8050,386246,V,573,504,-1
1788813482.8050,386254,V,587,516,-1
1788813482.8050,386262,V,573,504,-1
1788813482.8050,386270,V,574,504,-1
1788813482.8530,386283,V,572,503,5216
1788813482.8530,386291,V,573,504,-1
1788813482.8530,386299,V,572,503,-1
1788813482.8530,386307,V,572,503,-1
1788813482.8530,386315,V,574,504,-1
1788813482.8530,386323,V,573,504,-1
1788813482.9017,386337,V,572,503,5217
1788813482.9018,386345,V,571,502,-1
1788813482.9019,386353,V,573,504,-1
1788813482.9019,386361,V,573,504,-1
1788813482.9019,386369,V,572,503,-1
1788813482.9019,386377,V,574,504,-1
1788813482.9542,386390,V,573,504,5218
1788813482.9542,386398,V,573,504,-1
1788813482.9542,386406,V,573,504,-1
1788813482.9542,386414,V,573,504,-1
1788813482.9543,386422,V,573,504,-1
1788813482.9543,386430,V,573,504,-1
1788813483.0001,386444,V,573,504,5219
1788813483.0001,386452,V,573,504,-1
1788813483.0001,386460,V,574,504,-1
1788813483.0001,386468,V,573,504,-1
1788813483.0001,386476,V,574,504,-1
1788813483.0001,386484,V,573,504,-1
1788813483.0480,386498,V,574,504,5220
1788813483.0480,386506,V,572,503,-1
1788813483.0480,386514,V,573,504,-1
1788813483.0480,386522,V,573,504,-1
1788813483.0480,386530,V,572,503,-1
1788813483.0480,386538,V,573,504,-1
1788813483.0968,386551,V,573,504,5221
1788813483.0969,386559,V,574,504,-1
1788813483.0969,386567,V,573,504,-1
1788813483.0969,386575,V,574,504,-1
1788813483.0969,386583,V,574,504,-1
1788813483.0969,386591,V,577,507,-1
1788813483.1947,386605,V,574,504,5222
1788813483.1949,386613,V,574,504,-1
1788813483.1949,386621,V,573,504,-1
1788813483.1949,386629,V,572,503,-1
1788813483.1949,386637,V,572,503,-1
1788813483.1949,386645,V,573,504,-1
1788813483.2435,386659,V,574,504,5223
1788813483.2436,386667,V,573,504,-1
1788813483.2436,386675,V,574,504,-1
1788813483.2436,386683,V,573,504,-1
1788813483.2436,386691,V,574,504,-1
1788813483.2436,386699,V,573,504,-1
1788813483.2918,386712,V,573,504,5224
1788813483.2918,386720,V,573,504,-1
1788813483.2918,386728,V,573,504,-1
1788813483.2918,386736,V,573,504,-1
1788813483.2918,386744,V,574,504,-1
1788813483.2919,386752,V,573,504,-1
1788813483.3408,386766,V,572,503,5225
1788813483.3409,386774,V,573,504,-1
1788813483.3409,386782,V,573,504,-1
1788813483.3409,386790,V,589,518,-1
1788813483.3409,386798,V,572,503,-1
1788813483.3409,386806,V,573,504,-1
1788813483.3893,386819,V,571,502,5226
1788813483.3894,386827,V,573,504,-1
1788813483.3894,386835,V,573,504,-1
1788813483.3894,386843,V,574,504,-1
1788813483.3894,386851,V,573,504,-1
1788813483.3894,386859,V,573,504,-1
1788813483.4380,386873,V,573,504,5227
1788813483.4382,386881,V,573,504,-1
1788813483.4382,386889,V,574,504,-1
1788813483.4382,386897,V,574,504,-1
1788813483.4382,386905,V,573,504,-1
1788813483.4382,386913,V,573,504,-1
1788813483.4869,386927,V,574,504,5228
1788813483.4869,386935,V,575,505,-1
1788813483.4869,386943,V,574,504,-1
1788813483.4869,386951,V,573,504,-1
1788813483.4869,386959,V,574,504,-1
1788813483.4869,386967,V,575,505,-1
1788813483.5357,386980,V,574,504,5229
1788813483.5357,386988,V,575,505,-1
1788813483.5357,386996,V,575,505,-1
1788813483.5357,387004,V,575,505,-1
1788813483.5357,387012,V,574,504,-1
1788813483.5357,387020,V,575,505,-1
1788813483.5843,387034,V,575,505,5230
1788813483.5844,387042,V,576,506,-1
1788813483.5844,387050,V,577,507,-1
1788813483.5844,387058,V,577,507,-1
1788813483.5844,387066,V,577,507,-1
1788813483.5844,387074,V,577,507,-1
1788813483.6331,387087,V,578,508,5231
1788813483.6332,387095,V,579,509,-1
1788813483.6332,387103,V,579,509,-1
1788813483.6332,387111,V,579,509,-1
1788813483.6332,387119,V,582,512,-1
1788813483.6332,387127,V,587,516,-1
1788813483.7328,387141,V,585,514,5232
1788813483.7329,387149,V,586,515,-1
1788813483.7329,387157,V,588,517,-1
1788813483.7329,387165,V,591,519,-1
1788813483.7329,387173,V,594,522,-1
1788813483.7330,387181,V,596,524,-1
1788813483.8287,387195,V,603,530,5233
1788813483.8287,387203,V,607,533,-1
1788813483.8287,387211,V,613,539,-1
1788813483.8288,387219,V,621,546,-1
1788813483.8288,387227,V,630,554,-1
1788813483.8288,387235,V,641,563,-1
1788813483.8304,387249,V,656,577,5234
1788813483.8304,387257,V,675,593,-1
1788813483.8304,387265,V,722,635,-1
1788813483.8304,387273,V,922,810,-1
1788813483.8304,387281,V,949,834,-1
1788813483.8304,387289,V,963,846,-1
1788813483.8768,387302,V,973,855,5235
1788813483.8768,387310,V,984,865,-1
1788813483.8768,387318,V,1003,882,-1
1788813483.8768,387326,V,1013,890,-1
1788813483.8768,387334,V,1013,890,-1
1788813483.8768,387342,V,1013,890,-1
1788813483.9256,387402,KEYDOWN,,,
1788813483.9272,387356,V,1014,891,5236
1788813483.9272,387364,V,1011,889,-1
1788813483.9272,387372,V,1010,888,-1
1788813483.9272,387380,V,1009,887,-1
1788813483.9272,387388,V,1011,889,-1
1788813483.9273,387396,V,1011,889,-1
1788813483.9743,387410,V,1013,890,5237
1788813483.9745,387418,V,1014,891,-1
1788813483.9745,387426,V,1014,891,-1
1788813483.9745,387434,V,1013,890,-1
1788813483.9745,387442,V,1012,889,-1
1788813483.9745,387450,V,1012,889,-1
1788813484.0233,387464,V,1012,889,5238
1788813484.0234,387472,V,1012,889,-1
1788813484.0234,387480,V,1012,889,-1
1788813484.0234,387488,V,1012,889,-1
1788813484.0234,387496,V,1011,889,-1
1788813484.0234,387504,V,1013,890,-1
1788813484.0718,387517,V,1013,890,5239
1788813484.0718,387525,V,1013,890,-1
1788813484.0718,387533,V,1012,889,-1
1788813484.0718,387541,V,1013,890,-1
1788813484.0718,387549,V,1012,889,-1
1788813484.0718,387557,V,1012,889,-1
1788813484.1206,387571,V,1013,890,5240
1788813484.1206,387579,V,1013,890,-1
1788813484.1207,387587,V,1013,890,-1
1788813484.1207,387595,V,1013,890,-1
1788813484.1207,387603,V,1013,890,-1
1788813484.1207,387611,V,1014,891,-1
1788813484.2192,387625,V,1013,890,5241
1788813484.2194,387633,V,1014,891,-1
1788813484.2194,387641,V,1012,889,-1
1788813484.2194,387649,V,1013,890,-1
1788813484.2194,387657,V,1013,890,-1
1788813484.2194,387665,V,1014,891,-1
1788813484.2683,387679,V,1013,890,5242
1788813484.2683,387687,V,1012,889,-1
1788813484.2683,387695,V,1013,890,-1
1788813484.2684,387703,V,1013,890,-1
1788813484.2684,387711,V,1015,892,-1
1788813484.2684,387719,V,1014,891,-1
1788813484.3155,387732,V,1014,891,5243
1788813484.3155,387740,V,1015,892,-1
1788813484.3156,387748,V,1015,892,-1
1788813484.3156,387756,V,1014,891,-1
1788813484.3156,387764,V,1015,892,-1
1788813484.3156,387772,V,1015,892,-1
1788813484.3653,387786,V,1015,892,5244
1788813484.3653,387794,V,1015,892,-1
1788813484.3653,387802,V,1016,893,-1
1788813484.3653,387810,V,1015,892,-1
1788813484.3653,387818,V,1016,893,-1
1788813484.3653,387826,V,1016,893,-1
1788813484.4138,387840,V,1017,894,5245
1788813484.4138,387848,V,1016,893,-1
1788813484.4139,387856,V,1016,893,-1
1788813484.4139,387864,V,1017,894,-1
1788813484.4139,387872,V,1018,895,-1
1788813484.4139,387880,V,1017,894,-1
1788813484.4617,387893,V,1017,894,5246
1788813484.4619,387901,V,1017,894,-1
1788813484.4619,387909,V,1017,894,-1
1788813484.4619,387917,V,1018,895,-1
1788813484.4619,387925,V,1017,894,-1
1788813484.4619,387933,V,1018,895,-1
1788813484.5115,387947,V,1018,895,5247
1788813484.5115,387955,V,1018,895,-1
1788813484.5115,387963,V,1018,895,-1
1788813484.5115,387971,V,1017,894,-1
1788813484.5115,387979,V,1017,894,-1
1788813484.5115,387987,V,1018,895,-1
1788813484.5601,388000,V,1019,896,5248
1788813484.5602,388008,V,1019,896,-1
1788813484.5602,388016,V,1019,896,-1
1788813484.5602,388024,V,1019,896,-1
1788813484.5602,388032,V,1018,895,-1
1788813484.5602,388040,V,1017,894,-1
1788813484.6079,388054,V,1018,895,5249
1788813484.6080,388062,V,1018,895,-1
1788813484.6080,388070,V,1018,895,-1
1788813484.6080,388078,V,1017,894,-1
1788813484.6080,388086,V,1019,896,-1
1788813484.6080,388094,V,1018,895,-1
1788813484.6568,388108,V,1018,895,5250
1788813484.6568,388116,V,1018,895,-1
1788813484.6568,388124,V,1019,896,-1
1788813484.6568,388132,V,1019,896,-1
1788813484.6568,388140,V,1018,895,-1
1788813484.6568,388148,V,1018,895,-1
1788813484.7550,388162,V,1019,896,5251
1788813484.7551,388170,V,1018,895,-1
1788813484.7551,388178,V,1018,895,-1
1788813484.7551,388186,V,1018,895,-1
1788813484.7551,388194,V,1017,894,-1
1788813484.7551,388202,V,1019,896,-1
1788813484.8033,388215,V,1017,894,5252
1788813484.8034,388223,V,1017,894,-1
1788813484.8034,388231,V,1018,895,-1
1788813484.8034,388239,V,1017,894,-1
1788813484.8034,388247,V,1017,894,-1
1788813484.8034,388255,V,1017,894,-1
1788813484.8517,388269,V,1017,894,5253
1788813484.8517,388277,V,1015,892,-1
1788813484.8517,388285,V,1016,893,-1
1788813484.8517,388293,V,1017,894,-1
1788813484.8517,388301,V,1017,894,-1
1788813484.8517,388309,V,1017,894,-1
1788813484.9013,388322,V,1017,894,5254
1788813484.9013,388330,V,1017,894,-1
1788813484.9013,388338,V,1018,895,-1
1788813484.9013,388346,V,1016,893,-1
1788813484.9013,388354,V,1016,893,-1
1788813484.9013,388362,V,1018,895,-1
1788813484.9492,388376,V,1018,895,5255
1788813484.9492,388384,V,1017,894,-1
1788813484.9492,388392,V,1017,894,-1
1788813484.9492,388400,V,1017,894,-1
1788813484.9492,388408,V,1017,894,-1
1788813484.9493,388416,V,1017,894,-1
1788813484.9980,388430,V,1018,895,5256
1788813484.9982,388438,V,1018,895,-1
1788813484.9982,388446,V,1018,895,-1
1788813484.9982,388454,V,1017,894,-1
1788813484.9982,388462,V,1016,893,-1
1788813484.9982,388470,V,1017,894,-1
1788813485.0480,388483,V,1017,894,5257
1788813485.0480,388491,V,1017,894,-1
1788813485.0480,388499,V,1017,894,-1
1788813485.0481,388507,V,1018,895,-1
1788813485.0481,388515,V,1017,894,-1
1788813485.0481,388523,V,1017,894,-1
1788813485.0964,388537,V,1016,893,5258
1788813485.0965,388545,V,1017,894,-1
1788813485.0965,388553,V,1018,895,-1
1788813485.0965,388561,V,1016,893,-1
1788813485.0965,388569,V,1018,895,-1
1788813485.0965,388577,V,1016,893,-1
1788813485.1450,388591,V,1017,894,5259
1788813485.1451,388599,V,1017,894,-1
1788813485.1451,388607,V,1016,893,-1
1788813485.1451,388615,V,1017,894,-1
1788813485.1451,388623,V,1017,894,-1
1788813485.1451,388631,V,1016,893,-1
1788813485.1930,388644,V,1016,893,5260
1788813485.1930,388652,V,1016,893,-1
1788813485.1931,388660,V,1017,894,-1
1788813485.1931,388668,V,1015,892,-1
1788813485.1931,388676,V,1016,893,-1
1788813485.1931,388684,V,1017,894,-1
1788813485.2913,388698,V,1016,893,5261
1788813485.2915,388706,V,1015,892,-1
1788813485.2915,388714,V,1015,892,-1
1788813485.2915,388722,V,1015,892,-1
1788813485.2915,388730,V,1015,892,-1
1788813485.2915,388738,V,1017,894,-1
1788813485.3396,388752,V,1016,893,5262
1788813485.3396,388760,V,1016,893,-1
1788813485.3396,388768,V,1016,893,-1
1788813485.3396,388776,V,1016,893,-1
1788813485.3396,388784,V,1015,892,-1
1788813485.3396,388792,V,1016,893,-1
1788813485.3885,388805,V,1015,892,5263
1788813485.3885,388813,V,1015,892,-1
1788813485.3885,388821,V,1016,893,-1
1788813485.3885,388829,V,1015,892,-1
1788813485.3885,388837,V,1015,892,-1
1788813485.3886,388845,V,1015,892,-1
1788813485.4378,388859,V,1014,891,5264
1788813485.4379,388867,V,1015,892,-1
1788813485.4379,388875,V,1014,891,-1
1788813485.4379,388883,V,1016,893,-1
1788813485.4379,388891,V,1015,892,-1
1788813485.4379,388899,V,1015,892,-1
1788813485.4856,388913,V,1015,892,5265
1788813485.4856,388921,V,1015,892,-1
1788813485.4856,388929,V,1015,892,-1
1788813485.4856,388937,V,1014,891,-1
1788813485.4857,388945,V,1015,892,-1
1788813485.4857,388953,V,1017,894,-1
1788813485.5342,388966,V,1015,892,5266
1788813485.5343,388974,V,1017,894,-1
1788813485.5343,388982,V,1016,893,-1
1788813485.5343,388990,V,1015,892,-1
1788813485.5343,388998,V,1015,892,-1
1788813485.5343,389006,V,1015,892,-1
1788813485.5827,389020,V,1016,893,5267
1788813485.5827,389028,V,1016,893,-1
1788813485.5827,389036,V,1015,892,-1
1788813485.5827,389044,V,1016,893,-1
1788813485.5827,389052,V,1016,893,-1
1788813485.5827,389060,V,1016,893,-1
1788813485.6317,389073,V,1016,893,5268
1788813485.6317,389081,V,1017,894,-1
1788813485.6317,389089,V,1016,893,-1
1788813485.6317,389097,V,1017,894,-1
1788813485.6317,389105,V,1015,892,-1
1788813485.6317,389113,V,1017,894,-1
1788813485.6802,389127,V,1015,892,5269
1788813485.6802,389135,V,1015,892,-1
1788813485.6802,389143,V,1017,894,-1
1788813485.6802,389151,V,1017,894,-1
1788813485.6802,389159,V,1015,892,-1
1788813485.6802,389167,V,1016,893,-1
1788813485.7305,389181,V,1016,893,5270
1788813485.7305,389189,V,1016,893,-1
1788813485.7305,389197,V,1015,892,-1
1788813485.7305,389205,V,1015,892,-1
1788813485.7305,389213,V,1015,892,-1
1788813485.7306,389221,V,1016,893,-1
1788813485.8271,389235,V,1016,893,5271
1788813485.8273,389243,V,1017,894,-1
1788813485.8273,389251,V,1016,893,-1
1788813485.8273,389259,V,1015,892,-1
1788813485.8273,389267,V,1016,893,-1
1788813485.8273,389275,V,1015,892,-1
1788813485.9247,389288,V,1017,894,5272
1788813485.9248,389296,V,1016,893,-1
1788813485.9248,389304,V,1016,893,-1
1788813485.9248,389312,V,1016,893,-1
1788813485.9248,389320,V,1016,893,-1
1788813485.9248,389328,V,1016,893,-1
1788813485.9254,389342,V,1016,893,5273
1788813485.9254,389350,V,1016,893,-1
1788813485.9254,389358,V,1016,893,-1
1788813485.9254,389366,V,1016,893,-1
1788813485.9254,389374,V,1016,893,-1
1788813485.9255,389382,V,1016,893,-1
1788813485.9732,389396,V,1015,892,5274
1788813485.9732,389404,V,1015,892,-1
1788813485.9733,389412,V,1016,893,-1
1788813485.9733,389420,V,1015,892,-1
1788813485.9733,389428,V,1015,892,-1
1788813485.9733,389436,V,1015,892,-1
1788813486.0220,389449,V,1014,891,5275
1788813486.0220,389457,V,1016,893,-1
1788813486.0220,389465,V,1015,892,-1
1788813486.0220,389473,V,1016,893,-1
1788813486.0221,389481,V,1014,891,-1
1788813486.0221,389489,V,1016,893,-1
1788813486.0713,389503,V,1016,893,5276
1788813486.0715,389511,V,1017,894,-1
1788813486.0715,389519,V,1015,892,-1
1788813486.0715,389527,V,1014,891,-1
1788813486.0715,389535,V,1015,892,-1
1788813486.0715,389543,V,1016,893,-1
1788813486.1193,389557,V,1015,892,5277
1788813486.1193,389565,V,1017,894,-1
1788813486.1193,389573,V,1015,892,-1
1788813486.1193,389581,V,1015,892,-1
1788813486.1193,389589,V,1014,891,-1
1788813486.1193,389597,V,1015,892,-1
1788813486.1678,389610,V,1015,892,5278
1788813486.1678,389618,V,1015,892,-1
1788813486.1678,389626,V,1016,893,-1
1788813486.1678,389634,V,1015,892,-1
1788813486.1679,389642,V,1016,893,-1
1788813486.1679,389650,V,1015,892,-1
1788813486.2166,389664,V,1014,891,5279
1788813486.2166,389672,V,1016,893,-1
1788813486.2166,389680,V,1016,893,-1
1788813486.2166,389688,V,1015,892,-1
1788813486.2166,389696,V,1016,893,-1
1788813486.2166,389704,V,1014,891,-1
1788813486.2663,389717,V,1018,895,5280
1788813486.2663,389725,V,1014,891,-1
1788813486.2663,389733,V,1015,892,-1
1788813486.2663,389741,V,1014,891,-1
1788813486.2663,389749,V,1015,892,-1
1788813486.2663,389757,V,1015,892,-1
1788813486.3637,389771,V,1015,892,5281
1788813486.3639,389779,V,1016,893,-1
1788813486.3639,389787,V,1016,893,-1
1788813486.3639,389795,V,1017,894,-1
1788813486.3639,389803,V,1016,893,-1
1788813486.3639,389811,V,1017,894,-1
1788813486.4121,389825,V,1015,892,5282
1788813486.4121,389833,V,1015,892,-1
1788813486.4121,389841,V,1015,892,-1
1788813486.4121,389849,V,1017,894,-1
1788813486.4121,389857,V,1014,891,-1
1788813486.4121,389865,V,1015,892,-1
1788813486.4616,389878,V,1016,893,5283
1788813486.4616,389886,V,1016,893,-1
1788813486.4616,389894,V,1016,893,-1
1788813486.4617,389902,V,1015,892,-1
1788813486.4617,389910,V,1015,892,-1
1788813486.4617,389918,V,1015,892,-1
1788813486.5100,389932,V,1015,892,5284
1788813486.5100,389940,V,1016,893,-1
1788813486.5100,389948,V,1016,893,-1
1788813486.5100,389956,V,1015,892,-1
1788813486.5101,389964,V,1016,893,-1
1788813486.5101,389972,V,1015,892,-1
1788813486.5580,389986,V,1015,892,5285
1788813486.5580,389994,V,1016,893,-1
1788813486.5580,390002,V,1016,893,-1
1788813486.5580,390010,V,1016,893,-1
1788813486.5580,390018,V,1015,892,-1
1788813486.5580,390026,V,1015,892,-1
1788813486.6076,390039,V,1015,892,5286
1788813486.6077,390047,V,1014,891,-1
1788813486.6077,390055,V,1015,892,-1
1788813486.6077,390063,V,1015,892,-1
1788813486.6077,390071,V,1014,891,-1
1788813486.6077,390079,V,1015,892,-1
1788813486.6564,390093,V,1015,892,5287
1788813486.6565,390101,V,1014,891,-1
1788813486.6565,390109,V,1016,893,-1
1788813486.6565,390117,V,1015,892,-1
1788813486.6565,390125,V,1016,893,-1
1788813486.6565,390133,V,1017,894,-1
1788813486.7052,390147,V,1016,893,5288
1788813486.7052,390155,V,1017,894,-1
1788813486.7052,390163,V,1016,893,-1
1788813486.7052,390171,V,1015,892,-1
1788813486.7052,390179,V,1016,893,-1
1788813486.7052,390187,V,1016,893,-1
1788813486.7541,390200,V,1015,892,5289
1788813486.7541,390208,V,1016,893,-1
1788813486.7541,390216,V,1016,893,-1
1788813486.7541,390224,V,1015,892,-1
1788813486.7541,390232,V,1016,893,-1
1788813486.7541,390240,V,1015,892,-1
1788813486.8018,390254,V,1017,894,5290
1788813486.8018,390262,V,1015,892,-1
1788813486.8019,390270,V,1016,893,-1
1788813486.8019,390278,V,1017,894,-1
1788813486.8019,390286,V,1016,893,-1
1788813486.8019,390294,V,1015,892,-1
1788813486.8996,390308,V,1015,892,5291
1788813486.8997,390316,V,1016,893,-1
1788813486.8998,390324,V,1015,892,-1
1788813486.8998,390332,V,1015,892,-1
1788813486.8998,390340,V,1015,892,-1
1788813486.8998,390348,V,1015,892,-1
1788813486.9492,390361,V,1014,891,5292
1788813486.9492,390369,V,1015,892,-1
1788813486.9492,390377,V,1015,892,-1
1788813486.9492,390385,V,1015,892,-1
1788813486.9492,390393,V,1014,891,-1
1788813486.9492,390401,V,1016,893,-1
1788813486.9968,390415,V,1016,893,5293
1788813486.9969,390423,V,1015,892,-1
1788813486.9969,390431,V,1016,893,-1
1788813486.9969,390439,V,1016,893,-1
1788813486.9969,390447,V,1016,893,-1
1788813486.9969,390455,V,1015,892,-1
1788813487.0456,390469,V,1016,893,5294
1788813487.0457,390477,V,1015,892,-1
1788813487.0457,390485,V,1016,893,-1
1788813487.0457,390493,V,1016,893,-1
1788813487.0457,390501,V,1017,894,-1
1788813487.0457,390509,V,1015,892,-1
1788813487.0943,390522,V,1016,893,5295
1788813487.0943,390530,V,1015,892,-1
1788813487.0943,390538,V,1015,892,-1
1788813487.0943,390546,V,1016,893,-1
1788813487.0943,390554,V,1016,893,-1
1788813487.0944,390562,V,1015,892,-1
1788813487.1430,390576,V,1015,892,5296
1788813487.1432,390584,V,1015,892,-1
1788813487.1432,390592,V,1016,893,-1
1788813487.1432,390600,V,1015,892,-1
1788813487.1432,390608,V,1014,891,-1
1788813487.1432,390616,V,1015,892,-1
1788813487.1920,390630,V,1016,893,5297
1788813487.1920,390638,V,1016,893,-1
1788813487.1920,390646,V,1015,892,-1
1788813487.1920,390654,V,1015,892,-1
1788813487.1920,390662,V,1015,892,-1
1788813487.1920,390670,V,1015,892,-1
1788813487.2403,390683,V,1015,892,5298
1788813487.2403,390691,V,1016,893,-1
1788813487.2403,390699,V,1014,891,-1
1788813487.2403,390707,V,1015,892,-1
1788813487.2403,390715,V,1014,891,-1
1788813487.2403,390723,V,1015,892,-1
1788813487.2892,390737,V,1014,891,5299
1788813487.2892,390745,V,1015,892,-1
1788813487.2892,390753,V,1015,892,-1
1788813487.2892,390761,V,1014,891,-1
1788813487.2892,390769,V,1015,892,-1
1788813487.2892,390777,V,1016,893,-1
1788813487.3380,390791,V,1014,891,5300
1788813487.3381,390799,V,1015,892,-1
1788813487.3381,390807,V,1014,891,-1
1788813487.3381,390815,V,1014,891,-1
1788813487.3381,390823,V,1015,892,-1
1788813487.3381,390831,V,1014,891,-1
1788813487.4359,390844,V,1016,893,5301
1788813487.4360,390852,V,1016,893,-1
1788813487.4361,390860,V,1016,893,-1
1788813487.4361,390868,V,1015,892,-1
1788813487.4361,390876,V,1016,893,-1
1788813487.4361,390884,V,1015,892,-1
1788813487.4846,390898,V,1014,891,5302
1788813487.4846,390906,V,1015,892,-1
1788813487.4846,390914,V,1014,891,-1
1788813487.4846,390922,V,1014,891,-1
1788813487.4846,390930,V,1014,891,-1
1788813487.4846,390938,V,1015,892,-1
1788813487.5335,390952,V,1015,892,5303
1788813487.5335,390960,V,1014,891,-1
1788813487.5335,390968,V,1014,891,-1
1788813487.5335,390976,V,1015,892,-1
1788813487.5335,390984,V,1015,892,-1
1788813487.5336,390992,V,1016,893,-1
1788813487.6306,391005,V,1015,892,5304
1788813487.6306,391013,V,1016,893,-1
1788813487.6306,391021,V,1014,891,-1
1788813487.6306,391029,V,1014,891,-1
1788813487.6306,391037,V,1015,892,-1
1788813487.6306,391045,V,1015,892,-1
1788813487.6317,391059,V,1015,892,5305
1788813487.6317,391067,V,1015,892,-1
1788813487.6317,391075,V,1015,892,-1
1788813487.6317,391083,V,1014,891,-1
1788813487.6317,391091,V,1016,893,-1
1788813487.6317,391099,V,1015,892,-1
1788813487.6792,391112,V,1015,892,5306
1788813487.6793,391120,V,1015,892,-1
1788813487.6793,391128,V,1016,893,-1
1788813487.6793,391136,V,1016,893,-1
1788813487.6793,391144,V,1016,893,-1
1788813487.6793,391152,V,1016,893,-1
1788813487.7298,391166,V,1015,892,5307
1788813487.7298,391174,V,1015,892,-1
1788813487.7298,391182,V,1014,891,-1
1788813487.7298,391190,V,1015,892,-1
1788813487.7299,391198,V,1015,892,-1
1788813487.7299,391206,V,1015,892,-1
1788813487.7768,391220,V,1015,892,5308
1788813487.7768,391228,V,1015,892,-1
1788813487.7768,391236,V,1015,892,-1
1788813487.7768,391244,V,1016,893,-1
1788813487.7768,391252,V,1015,892,-1
1788813487.7768,391260,V,1014,891,-1
1788813487.8257,391273,V,1015,892,5309
1788813487.8257,391281,V,1016,893,-1
1788813487.8257,391289,V,1016,893,-1
1788813487.8257,391297,V,1015,892,-1
1788813487.8258,391305,V,1016,893,-1
1788813487.8258,391313,V,1015,892,-1
1788813487.8740,391327,V,1016,893,5310
1788813487.8740,391335,V,1016,893,-1
1788813487.8740,391343,V,1015,892,-1
1788813487.8740,391351,V,1017,894,-1
1788813487.8740,391359,V,1015,892,-1
1788813487.8740,391367,V,1016,893,-1
1788813488.0207,391381,V,1016,893,5311
1788813488.0209,391389,V,1015,892,-1
1788813488.0209,391397,V,1015,892,-1
1788813488.0209,391405,V,1015,892,-1
1788813488.0209,391413,V,1016,893,-1
1788813488.0209,391421,V,1015,892,-1
1788813488.0219,391434,V,1015,892,5312
1788813488.0219,391442,V,1016,893,-1
1788813488.0219,391450,V,1015,892,-1
1788813488.0220,391458,V,1016,893,-1
1788813488.0220,391466,V,1015,892,-1
1788813488.0220,391474,V,1014,891,-1
1788813488.0705,391488,V,1016,893,5313
1788813488.0706,391496,V,1016,893,-1
1788813488.0706,391504,V,1014,891,-1
1788813488.0706,391512,V,1015,892,-1
1788813488.0706,391520,V,1015,892,-1
1788813488.0706,391528,V,1015,892,-1
1788813488.1187,391541,V,1015,892,5314
1788813488.1187,391549,V,1015,892,-1
1788813488.1187,391557,V,1015,892,-1
1788813488.1187,391565,V,1016,893,-1
1788813488.1188,391573,V,1015,892,-1
1788813488.1188,391581,V,1016,893,-1
1788813488.1678,391595,V,1014,891,5315
1788813488.1678,391603,V,1015,892,-1
1788813488.1678,391611,V,1015,892,-1
1788813488.1678,391619,V,1015,892,-1
1788813488.1678,391627,V,1016,893,-1
1788813488.1678,391635,V,1015,892,-1
1788813488.2167,391649,V,1016,893,5316
1788813488.2167,391657,V,1015,892,-1
1788813488.2167,391665,V,1016,893,-1
1788813488.2167,391673,V,1016,893,-1
1788813488.2167,391681,V,1015,892,-1
1788813488.2167,391689,V,1014,891,-1
1788813488.2647,391702,V,1015,892,5317
1788813488.2648,391710,V,1014,891,-1
1788813488.2649,391718,V,1016,893,-1
1788813488.2649,391726,V,1016,893,-1
1788813488.2649,391734,V,1014,891,-1
1788813488.2649,391742,V,1016,893,-1
1788813488.3133,391756,V,1015,892,5318
1788813488.3133,391764,V,1016,893,-1
1788813488.3133,391772,V,1015,892,-1
1788813488.3133,391780,V,1015,892,-1
1788813488.3133,391788,V,1015,892,-1
1788813488.3134,391796,V,1014,891,-1
1788813488.3618,391810,V,1015,892,5319
1788813488.3618,391818,V,1016,893,-1
1788813488.3619,391826,V,1016,893,-1
1788813488.3619,391834,V,1014,891,-1
1788813488.3619,391842,V,1014,891,-1
1788813488.3619,391850,V,1015,892,-1
1788813488.4129,391863,V,1016,893,5320
1788813488.4129,391871,V,1015,892,-1
1788813488.4129,391879,V,1016,893,-1
1788813488.4129,391887,V,1015,892,-1
1788813488.4129,391895,V,1015,892,-1
1788813488.4129,391903,V,1014,891,-1
1788813488.5080,391917,V,1015,892,5321
1788813488.5082,391925,V,1015,892,-1
1788813488.5082,391933,V,1015,892,-1
1788813488.5082,391941,V,1016,893,-1
1788813488.5082,391949,V,1016,893,-1
1788813488.5082,391957,V,1017,894,-1
1788813488.5571,391971,V,1017,894,5322
1788813488.5571,391979,V,1017,894,-1
1788813488.5571,391987,V,1016,893,-1
1788813488.5572,391995,V,1015,892,-1
1788813488.5572,392003,V,1016,893,-1
1788813488.5572,392011,V,1017,894,-1
1788813488.6056,392024,V,1017,894,5323
1788813488.6057,392032,V,1017,894,-1
1788813488.6057,392040,V,1015,892,-1
1788813488.6057,392048,V,1014,891,-1
1788813488.6057,392056,V,1015,892,-1
1788813488.6057,392064,V,1014,891,-1
1788813488.6542,392078,V,1014,891,5324
1788813488.6543,392086,V,1017,894,-1
1788813488.6543,392094,V,1015,892,-1
1788813488.6543,392102,V,1016,893,-1
1788813488.6543,392110,V,1016,893,-1
1788813488.6543,392118,V,1016,893,-1
1788813488.7032,392132,V,1016,893,5325
1788813488.7033,392140,V,1015,892,-1
1788813488.7033,392148,V,1015,892,-1
1788813488.7033,392156,V,1016,893,-1
1788813488.7033,392164,V,1015,892,-1
1788813488.7033,392172,V,1015,892,-1
1788813488.7515,392185,V,1014,891,5326
1788813488.7517,392193,V,1016,893,-1
1788813488.7517,392201,V,1016,893,-1
1788813488.7517,392209,V,1015,892,-1
1788813488.7517,392217,V,1014,891,-1
1788813488.7517,392225,V,1015,892,-1
1788813488.8007,392239,V,1015,892,5327
1788813488.8008,392247,V,1016,893,-1
1788813488.8008,392255,V,1016,893,-1
1788813488.8008,392263,V,1015,892,-1
1788813488.8008,392271,V,1016,893,-1
1788813488.8008,392279,V,1015,892,-1
1788813488.8494,392293,V,1016,893,5328
1788813488.8495,392301,V,1016,893,-1
1788813488.8495,392309,V,1015,892,-1
1788813488.8495,392317,V,1015,892,-1
1788813488.8495,392325,V,1015,892,-1
1788813488.8495,392333,V,1015,892,-1
1788813488.8983,392347,V,1014,891,5329
1788813488.8983,392355,V,1015,892,-1
1788813488.8984,392363,V,1016,893,-1
1788813488.8984,392371,V,1015,892,-1
1788813488.8984,392379,V,1015,892,-1
1788813488.8984,392387,V,1015,892,-1
1788813488.9468,392400,V,1015,892,5330
1788813488.9468,392408,V,1016,893,-1
1788813488.9469,392416,V,1016,893,-1
1788813488.9469,392424,V,1016,893,-1
1788813488.9469,392432,V,1016,893,-1
1788813488.9469,392440,V,1016,893,-1
1788813489.0442,392454,V,1015,892,5331
1788813489.0444,392462,V,1015,892,-1
1788813489.0444,392470,V,1016,893,-1
1788813489.0444,392478,V,1016,893,-1
1788813489.0444,392486,V,1016,893,-1
1788813489.0444,392494,V,1015,892,-1
1788813489.0934,392507,V,1016,893,5332
1788813489.0934,392515,V,1016,893,-1
1788813489.0934,392523,V,1015,892,-1
1788813489.0935,392531,V,1015,892,-1
1788813489.0935,392539,V,1015,892,-1
1788813489.0935,392547,V,1016,893,-1
1788813489.1419,392561,V,1016,893,5333
1788813489.1419,392569,V,1015,892,-1
1788813489.1419,392577,V,1015,892,-1
1788813489.1419,392585,V,1015,892,-1
1788813489.1419,392593,V,1015,892,-1
1788813489.1419,392601,V,1014,891,-1
1788813489.1921,392615,V,1015,892,5334
1788813489.1922,392623,V,1015,892,-1
1788813489.1922,392631,V,1014,891,-1
1788813489.1922,392639,V,1016,893,-1
1788813489.1922,392647,V,1017,894,-1
1788813489.1922,392655,V,1014,891,-1
1788813489.2393,392668,V,1015,892,5335
1788813489.2393,392676,V,1015,892,-1
1788813489.2393,392684,V,1015,892,-1
1788813489.2393,392692,V,1017,894,-1
1788813489.2393,392700,V,1015,892,-1
1788813489.2393,392708,V,1017,894,-1
1788813489.2883,392722,V,1013,890,5336
1788813489.2884,392730,V,1015,892,-1
1788813489.2884,392738,V,1014,891,-1
1788813489.2884,392746,V,1016,893,-1
1788813489.2884,392754,V,1015,892,-1
1788813489.2884,392762,V,1014,891,-1
1788813489.3370,392776,V,1015,892,5337
1788813489.3370,392784,V,1014,891,-1
1788813489.3370,392792,V,1015,892,-1
1788813489.3370,392800,V,1015,892,-1
1788813489.3370,392808,V,1016,893,-1
1788813489.3370,392816,V,1015,892,-1
1788813489.3856,392829,V,1015,892,5338
1788813489.3856,392837,V,1016,893,-1
1788813489.3856,392845,V,1016,893,-1
1788813489.3856,392853,V,1016,893,-1
1788813489.3857,392861,V,1016,893,-1
1788813489.3857,392869,V,1016,893,-1
1788813489.4343,392883,V,1016,893,5339
1788813489.4343,392891,V,1016,893,-1
1788813489.4343,392899,V,1014,891,-1
1788813489.4344,392907,V,1016,893,-1
1788813489.4344,392915,V,1015,892,-1
1788813489.4344,392923,V,1015,892,-1
1788813489.4830,392936,V,1015,892,5340
1788813489.4831,392944,V,1015,892,-1
1788813489.4831,392952,V,1016,893,-1
1788813489.4831,392960,V,1016,893,-1
1788813489.4831,392968,V,1016,893,-1
1788813489.4831,392976,V,1015,892,-1
1788813489.5809,392990,V,1015,892,5341
1788813489.5811,392998,V,1015,892,-1
1788813489.5811,393006,V,1016,893,-1
1788813489.5811,393014,V,1015,892,-1
1788813489.5811,393022,V,1015,892,-1
1788813489.5811,393030,V,1015,892,-1
1788813489.6297,393044,V,1016,893,5342
1788813489.6298,393052,V,1014,891,-1
1788813489.6298,393060,V,1016,893,-1
1788813489.6298,393068,V,1015,892,-1
1788813489.6298,393076,V,1015,892,-1
1788813489.6298,393084,V,1015,892,-1
1788813489.6781,393097,V,1015,892,5343
1788813489.6781,393105,V,1015,892,-1
1788813489.6781,393113,V,1016,893,-1
1788813489.6781,393121,V,1017,894,-1
1788813489.6781,393129,V,1015,892,-1
1788813489.6781,393137,V,1015,892,-1
1788813489.7285,393151,V,1016,893,5344
1788813489.7285,393159,V,1015,892,-1
1788813489.7285,393167,V,1015,892,-1
1788813489.7285,393175,V,1016,893,-1
1788813489.7285,393183,V,1016,893,-1
1788813489.7285,393191,V,1015,892,-1
1788813489.7756,393205,V,1016,893,5345
1788813489.7756,393213,V,1016,893,-1
1788813489.7758,393221,V,1015,892,-1
1788813489.7758,393229,V,1016,893,-1
1788813489.7758,393237,V,1016,893,-1
1788813489.7758,393245,V,1015,892,-1
1788813489.8245,393258,V,1016,893,5346
1788813489.8246,393266,V,1015,892,-1
1788813489.8246,393274,V,1017,894,-1
1788813489.8246,393282,V,1015,892,-1
1788813489.8246,393290,V,1016,893,-1
1788813489.8247,393298,V,1016,893,-1
1788813489.8735,393312,V,1015,892,5347
1788813489.8735,393320,V,1015,892,-1
1788813489.8735,393328,V,1015,892,-1
1788813489.8735,393336,V,1016,893,-1
1788813489.8735,393344,V,1017,894,-1
1788813489.8735,393352,V,1015,892,-1
1788813489.9253,393366,V,1017,894,5348
1788813489.9253,393374,V,1017,894,-1
1788813489.9253,393382,V,1015,892,-1
1788813489.9253,393390,V,1014,891,-1
1788813489.9253,393398,V,1014,891,-1
1788813489.9253,393406,V,1015,892,-1
1788813489.9711,393419,V,1016,893,5349
1788813489.9712,393427,V,1015,892,-1
1788813489.9712,393435,V,1016,893,-1
1788813489.9712,393443,V,1016,893,-1
1788813489.9712,393451,V,1016,893,-1
1788813489.9712,393459,V,1015,892,-1
1788813490.0204,393473,V,1016,893,5350
1788813490.0205,393481,V,1015,892,-1
1788813490.0205,393489,V,1015,892,-1
1788813490.0205,393497,V,1015,892,-1
1788813490.0205,393505,V,1015,892,-1
1788813490.0205,393513,V,1015,892,-1
1788813490.1171,393526,V,1015,892,5351
1788813490.1172,393534,V,1014,891,-1
1788813490.1172,393542,V,1016,893,-1
1788813490.1172,393550,V,1015,892,-1
1788813490.1172,393558,V,1015,892,-1
1788813490.1173,393566,V,1015,892,-1
1788813490.1669,393580,V,1015,892,5352
1788813490.1669,393588,V,1016,893,-1
1788813490.1670,393596,V,1017,894,-1
1788813490.1670,393604,V,1016,893,-1
1788813490.1670,393612,V,1016,893,-1
1788813490.1670,393620,V,1015,892,-1
1788813490.2146,393634,V,1015,892,5353
1788813490.2146,393642,V,1016,893,-1
1788813490.2146,393650,V,1015,892,-1
1788813490.2146,393658,V,1015,892,-1
1788813490.2146,393666,V,1015,892,-1
1788813490.2146,393674,V,1015,892,-1
1788813490.2636,393687,V,1015,892,5354
1788813490.2637,393695,V,1016,893,-1
1788813490.2637,393703,V,1015,892,-1
1788813490.2637,393711,V,1015,892,-1
1788813490.2637,393719,V,1015,892,-1
1788813490.2637,393727,V,1016,893,-1
1788813490.3120,393741,V,1017,894,5355
1788813490.3121,393749,V,1015,892,-1
1788813490.3121,393757,V,1014,891,-1
1788813490.3121,393765,V,1015,892,-1
1788813490.3121,393773,V,1016,893,-1
1788813490.3121,393781,V,1015,892,-1
1788813490.3608,393795,V,1015,892,5356
1788813490.3609,393803,V,1016,893,-1
1788813490.3609,393811,V,1015,892,-1
1788813490.3609,393819,V,1015,892,-1
1788813490.3609,393827,V,1015,892,-1
1788813490.3609,393835,V,1015,892,-1
1788813490.4098,393849,V,1015,892,5357
1788813490.4098,393857,V,1015,892,-1
1788813490.4098,393865,V,1015,892,-1
1788813490.4098,393873,V,1015,892,-1
1788813490.4098,393881,V,1016,893,-1
1788813490.4098,393889,V,1015,892,-1
1788813490.4578,393902,V,1016,893,5358
1788813490.4578,393910,V,1016,893,-1
1788813490.4579,393918,V,1014,891,-1
1788813490.4579,393926,V,1016,893,-1
1788813490.4579,393934,V,1015,892,-1
1788813490.4579,393942,V,1016,893,-1
1788813490.5067,393956,V,1016,893,5359
1788813490.5067,393964,V,1015,892,-1
1788813490.5067,393972,V,1017,894,-1
1788813490.5067,393980,V,1016,893,-1
1788813490.5067,393988,V,1016,893,-1
1788813490.5067,393996,V,1017,894,-1
1788813490.5558,394009,V,1016,893,5360
1788813490.5558,394017,V,1015,892,-1
1788813490.5558,394025,V,1017,894,-1
1788813490.5558,394033,V,1015,892,-1
1788813490.5558,394041,V,1017,894,-1
1788813490.5558,394049,V,1016,893,-1
1788813490.6539,394063,V,1015,892,5361
1788813490.6539,394071,V,1016,893,-1
1788813490.6539,394079,V,1016,893,-1
1788813490.6539,394087,V,1015,892,-1
1788813490.6539,394095,V,1015,892,-1
1788813490.6539,394103,V,1015,892,-1
1788813490.7026,394117,V,1015,892,5362
1788813490.7026,394125,V,1016,893,-1
1788813490.7026,394133,V,1016,893,-1
1788813490.7026,394141,V,1015,892,-1
1788813490.7026,394149,V,1017,894,-1
1788813490.7026,394157,V,1016,893,-1
1788813490.7524,394170,V,1014,891,5363
1788813490.7524,394178,V,1015,892,-1
1788813490.7524,394186,V,1016,893,-1
1788813490.7524,394194,V,1016,893,-1
1788813490.7524,394202,V,1015,892,-1
1788813490.7524,394210,V,1015,892,-1
1788813490.8003,394224,V,1015,892,5364
1788813490.8003,394232,V,1014,891,-1
1788813490.8003,394240,V,1015,892,-1
1788813490.8003,394248,V,1016,893,-1
1788813490.8003,394256,V,1016,893,-1
1788813490.8003,394264,V,1015,892,-1
1788813490.8486,394278,V,1015,892,5365
1788813490.8486,394286,V,1016,893,-1
1788813490.8486,394294,V,1015,892,-1
1788813490.8487,394302,V,1016,893,-1
1788813490.8487,394310,V,1016,893,-1
1788813490.8487,394318,V,1015,892,-1
1788813490.8968,394331,V,1016,893,5366
1788813490.8969,394339,V,1016,893,-1
1788813490.8969,394347,V,1016,893,-1
1788813490.8969,394355,V,1015,892,-1
1788813490.8969,394363,V,1016,893,-1
1788813490.8969,394371,V,1016,893,-1
1788813490.9469,394385,V,1015,892,5367
1788813490.9469,394393,V,1016,893,-1
1788813490.9469,394401,V,1016,893,-1
1788813490.9469,394409,V,1016,893,-1
1788813490.9469,394417,V,1015,892,-1
1788813490.9469,394425,V,1017,894,-1
1788813490.9953,394439,V,1016,893,5368
1788813490.9953,394447,V,1017,894,-1
1788813490.9953,394455,V,1015,892,-1
1788813490.9953,394463,V,1016,893,-1
1788813490.9953,394471,V,1015,892,-1
1788813490.9953,394479,V,1016,893,-1
1788813491.0441,394492,V,1016,893,5369
1788813491.0441,394500,V,1014,891,-1
1788813491.0441,394508,V,1015,892,-1
1788813491.0441,394516,V,1015,892,-1
1788813491.0441,394524,V,1015,892,-1
1788813491.0441,394532,V,1016,893,-1
1788813491.0925,394546,V,1016,893,5370
1788813491.0925,394554,V,1016,893,-1
1788813491.0926,394562,V,1015,892,-1
1788813491.0926,394570,V,1016,893,-1
1788813491.0926,394578,V,1015,892,-1
1788813491.0926,394586,V,1015,892,-1
1788813491.1903,394599,V,1016,893,5371
1788813491.1905,394607,V,1016,893,-1
1788813491.1905,394615,V,1014,891,-1
1788813491.1905,394623,V,1016,893,-1
1788813491.1905,394631,V,1016,893,-1
1788813491.1905,394639,V,1016,893,-1
1788813491.2384,394653,V,1015,892,5372
1788813491.2384,394661,V,1015,892,-1
1788813491.2384,394669,V,1015,892,-1
1788813491.2385,394677,V,1015,892,-1
1788813491.2385,394685,V,1015,892,-1
1788813491.2385,394693,V,1016,893,-1
1788813491.2868,394707,V,1016,893,5373
1788813491.2869,394715,V,1014,891,-1
1788813491.2869,394723,V,1015,892,-1
1788813491.2869,394731,V,1015,892,-1
1788813491.2869,394739,V,1015,892,-1
1788813491.2869,394747,V,1015,892,-1
1788813491.3364,394760,V,1016,893,5374
1788813491.3364,394768,V,1015,892,-1
1788813491.3364,394776,V,1015,892,-1
1788813491.3364,394784,V,1015,892,-1
1788813491.3364,394792,V,1016,893,-1
1788813491.3364,394800,V,1016,893,-1
1788813491.3843,394814,V,1016,893,5375
1788813491.3843,394822,V,1015,892,-1
1788813491.3843,394830,V,1015,892,-1
1788813491.3843,394838,V,1014,891,-1
1788813491.3843,394846,V,1016,893,-1
1788813491.3844,394854,V,1015,892,-1
1788813491.4336,394868,V,1016,893,5376
1788813491.4337,394876,V,1015,892,-1
1788813491.4337,394884,V,1016,893,-1
1788813491.4338,394892,V,1016,893,-1
1788813491.4338,394900,V,1016,893,-1
1788813491.4338,394908,V,1016,893,-1
1788813491.4833,394921,V,1015,892,5377
1788813491.4834,394929,V,1015,892,-1
1788813491.4834,394937,V,1016,893,-1
1788813491.4834,394945,V,1016,893,-1
1788813491.4834,394953,V,1016,893,-1
1788813491.4834,394961,V,1015,892,-1
1788813491.5315,394975,V,1015,892,5378
1788813491.5316,394983,V,1015,892,-1
1788813491.5316,394991,V,1015,892,-1
1788813491.5316,394999,V,1016,893,-1
1788813491.5317,395007,V,1015,892,-1
1788813491.5317,395015,V,1015,892,-1
1788813491.5803,395028,V,1016,893,5379
1788813491.5803,395036,V,1016,893,-1
1788813491.5804,395044,V,1015,892,-1
1788813491.5804,395052,V,1016,893,-1
1788813491.5804,395060,V,1015,892,-1
1788813491.5804,395068,V,1016,893,-1
1788813491.6281,395082,V,1015,892,5380
1788813491.6281,395090,V,1015,892,-1
1788813491.6281,395098,V,1015,892,-1
1788813491.6281,395106,V,1015,892,-1
1788813491.6281,395114,V,1016,893,-1
1788813491.6281,395122,V,1015,892,-1
1788813491.7258,395136,V,1015,892,5381
1788813491.7260,395144,V,1016,893,-1
1788813491.7260,395152,V,1015,892,-1
1788813491.7260,395160,V,1015,892,-1
1788813491.7260,395168,V,1015,892,-1
1788813491.7260,395176,V,1014,891,-1
1788813491.7744,395189,V,1015,892,5382
1788813491.7744,395197,V,1015,892,-1
1788813491.7744,395205,V,1015,892,-1
1788813491.7744,395213,V,1015,892,-1
1788813491.7744,395221,V,1016,893,-1
1788813491.7745,395229,V,1016,893,-1
1788813491.8229,395243,V,1016,893,5383
1788813491.8229,395251,V,1015,892,-1
1788813491.8229,395259,V,1015,892,-1
1788813491.8229,395267,V,1016,893,-1
1788813491.8230,395275,V,1015,892,-1
1788813491.8230,395283,V,1015,892,-1
1788813491.8718,395297,V,1014,891,5384
1788813491.8719,395305,V,1014,891,-1
1788813491.8719,395313,V,1015,892,-1
1788813491.8719,395321,V,1017,894,-1
1788813491.8719,395329,V,1015,892,-1
1788813491.8719,395337,V,1015,892,-1
1788813491.9207,395350,V,1016,893,5385
1788813491.9207,395358,V,1014,891,-1
1788813491.9207,395366,V,1016,893,-1
1788813491.9207,395374,V,1016,893,-1
1788813491.9207,395382,V,1015,892,-1
1788813491.9207,395390,V,1015,892,-1
1788813491.9700,395404,V,1016,893,5386
1788813491.9702,395412,V,1015,892,-1
1788813491.9702,395420,V,1016,893,-1
1788813491.9702,395428,V,1015,892,-1
1788813491.9702,395436,V,1015,892,-1
1788813491.9702,395444,V,1015,892,-1
1788813492.0193,395458,V,1015,892,5387
1788813492.0193,395466,V,1016,893,-1
1788813492.0193,395474,V,1015,892,-1
1788813492.0193,395482,V,1015,892,-1
1788813492.0194,395490,V,1015,892,-1
1788813492.0194,395498,V,1015,892,-1
1788813492.0668,395511,V,1015,892,5388
1788813492.0668,395519,V,1016,893,-1
1788813492.0668,395527,V,1016,893,-1
1788813492.0668,395535,V,1016,893,-1
1788813492.0668,395543,V,1016,893,-1
1788813492.0668,395551,V,1016,893,-1
1788813492.1155,395565,V,1015,892,5389
1788813492.1155,395573,V,1016,893,-1
1788813492.1155,395581,V,1016,893,-1
1788813492.1155,395589,V,1015,892,-1
1788813492.1155,395597,V,1015,892,-1
1788813492.1155,395605,V,1015,892,-1
1788813492.2128,395619,V,1016,893,5390
1788813492.2129,395627,V,1014,891,-1
1788813492.2129,395635,V,1015,892,-1
1788813492.2129,395643,V,1015,892,-1
1788813492.2129,395651,V,1015,892,-1
1788813492.2129,395659,V,1015,892,-1
1788813492.2619,395672,V,1016,893,5391
1788813492.2619,395680,V,1016,893,-1
1788813492.2619,395688,V,1016,893,-1
1788813492.2619,395696,V,1015,892,-1
1788813492.2619,395704,V,1015,892,-1
1788813492.2619,395712,V,1015,892,-1
1788813492.3106,395726,V,1015,892,5392
1788813492.3107,395734,V,1014,891,-1
1788813492.3107,395742,V,1015,892,-1
1788813492.3107,395750,V,1014,891,-1
1788813492.3107,395758,V,1014,891,-1
1788813492.3107,395766,V,1014,891,-1
1788813492.3592,395780,V,1015,892,5393
1788813492.3592,395788,V,1016,893,-1
1788813492.3592,395796,V,1016,893,-1
1788813492.3592,395804,V,1015,892,-1
1788813492.3592,395812,V,1016,893,-1
1788813492.3592,395820,V,1015,892,-1
1788813492.4081,395834,V,1016,893,5394
1788813492.4081,395842,V,1015,892,-1
1788813492.4081,395850,V,1016,893,-1
1788813492.4081,395858,V,1015,892,-1
1788813492.4081,395866,V,1014,891,-1
1788813492.4081,395874,V,1015,892,-1
1788813492.4568,395887,V,1015,892,5395
1788813492.4569,395895,V,1016,893,-1
1788813492.4569,395903,V,1015,892,-1
1788813492.4569,395911,V,1016,893,-1
1788813492.4569,395919,V,1016,893,-1
1788813492.4569,395927,V,1016,893,-1
1788813492.5054,395941,V,1016,893,5396
1788813492.5055,395949,V,1014,891,-1
1788813492.5055,395957,V,1015,892,-1
1788813492.5055,395965,V,1014,891,-1
1788813492.5055,395973,V,1014,891,-1
1788813492.5055,395981,V,1015,892,-1
1788813492.5543,395995,V,1016,893,5397
1788813492.5543,396003,V,1015,892,-1
1788813492.5543,396011,V,1014,891,-1
1788813492.5543,396019,V,1014,891,-1
1788813492.5543,396027,V,1014,891,-1
1788813492.5543,396035,V,1015,892,-1
1788813492.6033,396048,V,1015,892,5398
1788813492.6033,396056,V,1014,891,-1
1788813492.6033,396064,V,1015,892,-1
1788813492.6033,396072,V,1016,893,-1
1788813492.6033,396080,V,1016,893,-1
1788813492.6033,396088,V,1017,894,-1
1788813492.6517,396102,V,1017,894,5399
1788813492.6517,396110,V,1016,893,-1
1788813492.6517,396118,V,1016,893,-1
1788813492.6517,396126,V,1015,892,-1
1788813492.6517,396134,V,1014,891,-1
1788813492.6517,396142,V,1015,892,-1
1788813492.7511,396156,V,1016,893,5400
1788813492.7512,396164,V,1014,891,-1
1788813492.7512,396172,V,1016,893,-1
1788813492.7512,396180,V,1015,892,-1
1788813492.7512,396188,V,1015,892,-1
1788813492.7512,396196,V,1015,892,-1
1788813492.7985,396210,V,1015,892,5401
1788813492.7985,396218,V,1015,892,-1
1788813492.7985,396226,V,1015,892,-1
1788813492.7985,396234,V,1014,891,-1
1788813492.7985,396242,V,1014,891,-1
1788813492.7985,396250,V,1015,892,-1
1788813492.9449,396263,V,1016,893,5402
1788813492.9449,396271,V,1015,892,-1
1788813492.9449,396279,V,1014,891,-1
1788813492.9449,396287,V,1014,891,-1
1788813492.9449,396295,V,1017,894,-1
1788813492.9450,396303,V,1014,891,-1
1788813492.9458,396317,V,1014,891,5403
1788813492.9458,396325,V,1015,892,-1
1788813492.9459,396333,V,1015,892,-1
1788813492.9459,396341,V,1015,892,-1
1788813492.9459,396349,V,1015,892,-1
1788813492.9459,396357,V,1015,892,-1
1788813492.9461,396371,V,1014,891,5404
1788813492.9461,396379,V,1015,892,-1
1788813492.9461,396387,V,1015,892,-1
1788813492.9462,396395,V,1014,891,-1
1788813492.9462,396403,V,1014,891,-1
1788813492.9462,396411,V,1013,890,-1
1788813492.9931,396424,V,1015,892,5405
1788813492.9932,396432,V,1016,893,-1
1788813492.9933,396440,V,1015,892,-1
1788813492.9933,396448,V,1015,892,-1
1788813492.9933,396456,V,1015,892,-1
1788813492.9933,396464,V,1014,891,-1
1788813493.0423,396478,V,1015,892,5406
1788813493.0424,396486,V,1015,892,-1
1788813493.0424,396494,V,1015,892,-1
1788813493.0424,396502,V,1015,892,-1
1788813493.0424,396510,V,1014,891,-1
1788813493.0424,396518,V,1015,892,-1
1788813493.0908,396532,V,1016,893,5407
1788813493.0908,396540,V,1016,893,-1
1788813493.0908,396548,V,1015,892,-1
1788813493.0908,396556,V,1015,892,-1
1788813493.0908,396564,V,1014,891,-1
1788813493.0908,396572,V,1015,892,-1
1788813493.1400,396585,V,1015,892,5408
1788813493.1400,396593,V,1014,891,-1
1788813493.1400,396601,V,1013,890,-1
1788813493.1400,396609,V,1015,892,-1
1788813493.1400,396617,V,1015,892,-1
1788813493.1400,396625,V,1015,892,-1
1788813493.1889,396639,V,1015,892,5409
1788813493.1890,396647,V,1016,893,-1
1788813493.1890,396655,V,1015,892,-1
1788813493.1890,396663,V,1016,893,-1
1788813493.1890,396671,V,1016,893,-1
1788813493.1890,396679,V,1016,893,-1
1788813493.2867,396693,V,1015,892,5410
1788813493.2868,396701,V,1015,892,-1
1788813493.2868,396709,V,1016,893,-1
1788813493.2868,396717,V,1015,892,-1
1788813493.2868,396725,V,1014,891,-1
1788813493.2868,396733,V,1016,893,-1
1788813493.3346,396746,V,1015,892,5411
1788813493.3346,396754,V,1015,892,-1
1788813493.3346,396762,V,1016,893,-1
1788813493.3346,396770,V,1015,892,-1
1788813493.3346,396778,V,1015,892,-1
1788813493.3346,396786,V,1017,894,-1
1788813493.4322,396800,V,1016,893,5412
1788813493.4322,396808,V,1015,892,-1
1788813493.4322,396816,V,1015,892,-1
1788813493.4323,396824,V,1015,892,-1
1788813493.4323,396832,V,1015,892,-1
1788813493.4323,396840,V,1014,891,-1
1788813493.4329,396853,V,1015,892,5413
1788813493.4329,396861,V,1016,893,-1
1788813493.4329,396869,V,1016,893,-1
1788813493.4330,396877,V,1016,893,-1
1788813493.4330,396885,V,1015,892,-1
1788813493.4330,396893,V,1017,894,-1
1788813493.4807,396907,V,1016,893,5414
1788813493.4807,396915,V,1016,893,-1
1788813493.4807,396923,V,1016,893,-1
1788813493.4808,396931,V,1015,892,-1
1788813493.4808,396939,V,1016,893,-1
1788813493.4808,396947,V,1016,893,-1
1788813493.5296,396961,V,1015,892,5415
1788813493.5298,396969,V,1016,893,-1
1788813493.5298,396977,V,1016,893,-1
1788813493.5298,396985,V,1015,892,-1
1788813493.5298,396993,V,1016,893,-1
1788813493.5298,397001,V,1016,893,-1
1788813493.5783,397014,V,1016,893,5416
1788813493.5783,397022,V,1016,893,-1
1788813493.5784,397030,V,1016,893,-1
1788813493.5784,397038,V,1016,893,-1
1788813493.5784,397046,V,1016,893,-1
1788813493.5784,397054,V,1016,893,-1
1788813493.6268,397068,V,1015,892,5417
1788813493.6268,397076,V,1016,893,-1
1788813493.6268,397084,V,1017,894,-1
1788813493.6268,397092,V,1016,893,-1
1788813493.6268,397100,V,1014,891,-1
1788813493.6268,397108,V,1015,892,-1
1788813493.6759,397122,V,1016,893,5418
1788813493.6761,397130,V,1016,893,-1
1788813493.6762,397138,V,1015,892,-1
1788813493.6762,397146,V,1015,892,-1
1788813493.6762,397154,V,1015,892,-1
1788813493.6774,397162,V,1016,893,-1
1788813493.7245,397175,V,1014,891,5419
1788813493.7246,397183,V,1015,892,-1
1788813493.7246,397191,V,1014,891,-1
1788813493.7246,397199,V,1014,891,-1
1788813493.7246,397207,V,1015,892,-1
1788813493.7246,397215,V,1015,892,-1
1788813493.8222,397229,V,1015,892,5420
1788813493.8224,397237,V,1015,892,-1
1788813493.8224,397245,V,1016,893,-1
1788813493.8224,397253,V,1016,893,-1
1788813493.8224,397261,V,1015,892,-1
1788813493.8224,397269,V,1016,893,-1
1788813493.9195,397283,V,1015,892,5421
1788813493.9196,397291,V,1015,892,-1
1788813493.9196,397299,V,1016,893,-1
1788813493.9196,397307,V,1016,893,-1
1788813493.9196,397315,V,1015,892,-1
1788813493.9196,397323,V,1016,893,-1
1788813493.9207,397337,V,1017,894,5422
1788813493.9207,397345,V,1016,893,-1
1788813493.9207,397353,V,1016,893,-1
1788813493.9207,397361,V,1017,894,-1
1788813493.9207,397369,V,1016,893,-1
1788813493.9207,397377,V,1018,895,-1
1788813493.9680,397390,V,1016,893,5423
1788813493.9681,397398,V,1017,894,-1
1788813493.9681,397406,V,1016,893,-1
1788813493.9681,397414,V,1016,893,-1
1788813493.9681,397422,V,1017,894,-1
1788813493.9681,397430,V,1017,894,-1
1788813494.0170,397444,V,1016,893,5424
1788813494.0170,397452,V,1016,893,-1
1788813494.0170,397460,V,1017,894,-1
1788813494.0170,397468,V,1017,894,-1
1788813494.0170,397476,V,1017,894,-1
1788813494.0170,397484,V,1017,894,-1
1788813494.0658,397498,V,1016,893,5425
1788813494.0659,397506,V,1016,893,-1
1788813494.0659,397514,V,1017,894,-1
1788813494.0659,397522,V,1016,893,-1
1788813494.0659,397530,V,1017,894,-1
1788813494.0659,397538,V,1016,893,-1
1788813494.1144,397551,V,1017,894,5426
1788813494.1144,397559,V,1018,895,-1
1788813494.1144,397567,V,1017,894,-1
1788813494.1144,397575,V,1017,894,-1
1788813494.1145,397583,V,1015,892,-1
1788813494.1145,397591,V,1017,894,-1
1788813494.1627,397605,V,1017,894,5427
1788813494.1627,397613,V,1016,893,-1
1788813494.1627,397621,V,1015,892,-1
1788813494.1628,397629,V,1016,893,-1
1788813494.1628,397637,V,1016,893,-1
1788813494.1628,397645,V,1016,893,-1
1788813494.2116,397658,V,1016,893,5428
1788813494.2116,397666,V,1016,893,-1
1788813494.2116,397674,V,1015,892,-1
1788813494.2116,397682,V,1016,893,-1
1788813494.2116,397690,V,1016,893,-1
1788813494.2116,397698,V,1018,895,-1
1788813494.3093,397712,V,1018,895,5429
1788813494.3094,397720,V,1017,894,-1
1788813494.3094,397728,V,1017,894,-1
1788813494.3094,397736,V,1017,894,-1
1788813494.3094,397744,V,1018,895,-1
1788813494.3094,397752,V,1017,894,-1
1788813494.3581,397766,V,1018,895,5430
1788813494.3581,397774,V,1017,894,-1
1788813494.3581,397782,V,1016,893,-1
1788813494.3581,397790,V,1017,894,-1
1788813494.3581,397798,V,1016,893,-1
1788813494.3581,397806,V,1017,894,-1
1788813494.4071,397819,V,1016,893,5431
1788813494.4071,397827,V,1016,893,-1
1788813494.4071,397835,V,1018,895,-1
1788813494.4071,397843,V,1018,895,-1
1788813494.4071,397851,V,1016,893,-1
1788813494.4071,397859,V,1018,895,-1
1788813494.4553,397873,V,1017,894,5432
1788813494.4553,397881,V,1015,892,-1
1788813494.4553,397889,V,1016,893,-1
1788813494.4553,397897,V,1017,894,-1
1788813494.4553,397905,V,1017,894,-1
1788813494.4553,397913,V,1016,893,-1
1788813494.5043,397927,V,1016,893,5433
1788813494.5043,397935,V,1018,895,-1
1788813494.5043,397943,V,1017,894,-1
1788813494.5043,397951,V,1016,893,-1
1788813494.5044,397959,V,1016,893,-1
1788813494.5044,397967,V,1015,892,-1
1788813494.5529,397980,V,1016,893,5434
1788813494.5530,397988,V,1016,893,-1
1788813494.5530,397996,V,1015,892,-1
1788813494.5530,398004,V,1017,894,-1
1788813494.5530,398012,V,1016,893,-1
1788813494.5530,398020,V,1017,894,-1
1788813494.6022,398034,V,1016,893,5435
1788813494.6022,398042,V,1018,895,-1
1788813494.6022,398050,V,1016,893,-1
1788813494.6022,398058,V,1016,893,-1
1788813494.6022,398066,V,1016,893,-1
1788813494.6022,398074,V,1018,895,-1
1788813494.6510,398088,V,1016,893,5436
1788813494.6510,398096,V,1016,893,-1
1788813494.6510,398104,V,1016,893,-1
1788813494.6510,398112,V,1016,893,-1
1788813494.6510,398120,V,1017,894,-1
1788813494.6510,398128,V,1017,894,-1
1788813494.6997,398141,V,1016,893,5437
1788813494.6998,398149,V,1017,894,-1
1788813494.6998,398157,V,1017,894,-1
1788813494.6998,398165,V,1017,894,-1
1788813494.6998,398173,V,1017,894,-1
1788813494.6998,398181,V,1017,894,-1
1788813494.7490,398195,V,1016,893,5438
1788813494.7491,398203,V,1016,893,-1
1788813494.7491,398211,V,1015,892,-1
1788813494.7491,398219,V,1017,894,-1
1788813494.7491,398227,V,1015,892,-1
1788813494.7491,398235,V,1016,893,-1
1788813494.7968,398249,V,1016,893,5439
1788813494.7969,398257,V,1016,893,-1
1788813494.7969,398265,V,1017,894,-1
1788813494.7969,398273,V,1017,894,-1
1788813494.7969,398281,V,1018,895,-1
1788813494.7969,398289,V,1016,893,-1
1788813494.9435,398303,V,1018,895,5440
1788813494.9435,398311,V,1017,894,-1
1788813494.9435,398319,V,1016,893,-1
1788813494.9435,398327,V,1018,895,-1
1788813494.9435,398335,V,1017,894,-1
1788813494.9435,398343,V,1017,894,-1
1788813494.9446,398356,V,1016,893,5441
1788813494.9446,398364,V,1017,894,-1
1788813494.9446,398372,V,1017,894,-1
1788813494.9446,398380,V,1018,895,-1
1788813494.9446,398388,V,1017,894,-1
1788813494.9446,398396,V,1017,894,-1
1788813494.9920,398410,V,1016,893,5442
1788813494.9920,398418,V,1016,893,-1
1788813494.9920,398426,V,1018,895,-1
1788813494.9921,398434,V,1017,894,-1
1788813494.9921,398442,V,1017,894,-1
1788813494.9921,398450,V,1017,894,-1
1788813495.0405,398464,V,1017,894,5443
1788813495.0407,398472,V,1016,893,-1
1788813495.0407,398480,V,1018,895,-1
1788813495.0407,398488,V,1017,894,-1
1788813495.0407,398496,V,1016,893,-1
1788813495.0407,398504,V,1016,893,-1
1788813495.0897,398517,V,1018,895,5444
1788813495.0897,398525,V,1016,893,-1
1788813495.0897,398533,V,1016,893,-1
1788813495.0897,398541,V,1017,894,-1
1788813495.0897,398549,V,1018,895,-1
1788813495.0897,398557,V,1019,896,-1
1788813495.1390,398571,V,1016,893,5445
1788813495.1390,398579,V,1017,894,-1
1788813495.1393,398587,V,1017,894,-1
1788813495.1393,398595,V,1017,894,-1
1788813495.1393,398603,V,1017,894,-1
1788813495.1393,398611,V,1017,894,-1
1788813495.1877,398625,V,1018,895,5446
1788813495.1878,398633,V,1017,894,-1
1788813495.1878,398641,V,1017,894,-1
1788813495.1878,398649,V,1017,894,-1
1788813495.1878,398657,V,1018,895,-1
1788813495.1878,398665,V,1018,895,-1
1788813495.2364,398678,V,1016,893,5447
1788813495.2364,398686,V,1020,896,-1
1788813495.2364,398694,V,1017,894,-1
1788813495.2364,398702,V,1016,893,-1
1788813495.2364,398710,V,1017,894,-1
1788813495.2364,398718,V,1018,895,-1
1788813495.2851,398732,V,1018,895,5448
1788813495.2853,398740,V,1017,894,-1
1788813495.2853,398748,V,1017,894,-1
1788813495.2853,398756,V,1017,894,-1
1788813495.2853,398764,V,1019,896,-1
1788813495.2853,398772,V,1019,896,-1
1788813495.3336,398786,V,1018,895,5449
1788813495.3336,398794,V,1019,896,-1
1788813495.3336,398802,V,1017,894,-1
1788813495.3336,398810,V,1018,895,-1
1788813495.3336,398818,V,1017,894,-1
1788813495.3337,398826,V,1017,894,-1
1788813495.4309,398839,V,1019,896,5450
1788813495.4310,398847,V,1019,896,-1
1788813495.4310,398855,V,1019,896,-1
1788813495.4310,398863,V,1019,896,-1
1788813495.4310,398871,V,1019,896,-1
1788813495.4310,398879,V,1018,895,-1
1788813495.4794,398893,V,1019,896,5451
1788813495.4794,398901,V,1018,895,-1
1788813495.4794,398909,V,1018,895,-1
1788813495.4794,398917,V,1018,895,-1
1788813495.4794,398925,V,1019,896,-1
1788813495.4794,398933,V,1017,894,-1
1788813495.5290,398946,V,1018,895,5452
1788813495.5292,398954,V,1018,895,-1
1788813495.5292,398962,V,1020,896,-1
1788813495.5292,398970,V,1018,895,-1
1788813495.5292,398978,V,1019,896,-1
1788813495.5292,398986,V,1019,896,-1
1788813495.5775,399000,V,1018,895,5453
1788813495.5775,399008,V,1019,896,-1
1788813495.5775,399016,V,1020,896,-1
1788813495.5775,399024,V,1019,896,-1
1788813495.5775,399032,V,1019,896,-1
1788813495.5775,399040,V,1019,896,-1
1788813495.6257,399054,V,1019,896,5454
1788813495.6257,399062,V,1019,896,-1
1788813495.6257,399070,V,1019,896,-1
1788813495.6257,399078,V,1019,896,-1
1788813495.6257,399086,V,1019,896,-1
1788813495.6257,399094,V,1019,896,-1
1788813495.6738,399107,V,1019,896,5455
1788813495.6738,399115,V,1018,895,-1
1788813495.6738,399123,V,1019,896,-1
1788813495.6738,399131,V,1019,896,-1
1788813495.6738,399139,V,1019,896,-1
1788813495.6738,399147,V,1019,896,-1
1788813495.7227,399161,V,1019,896,5456
1788813495.7227,399169,V,1019,896,-1
1788813495.7228,399177,V,1020,896,-1
1788813495.7228,399185,V,1020,896,-1
1788813495.7228,399193,V,1019,896,-1
1788813495.7228,399201,V,1019,896,-1
1788813495.7732,399215,V,1018,895,5457
1788813495.7734,399223,V,1020,896,-1
1788813495.7734,399231,V,1019,896,-1
1788813495.7734,399239,V,1019,896,-1
1788813495.7734,399247,V,1019,896,-1
1788813495.7734,399255,V,1019,896,-1
1788813495.8210,399269,V,1019,896,5458
1788813495.8210,399277,V,1020,896,-1
1788813495.8210,399285,V,1019,896,-1
1788813495.8210,399293,V,1019,896,-1
1788813495.8210,399301,V,1020,896,-1
1788813495.8210,399309,V,1019,896,-1
1788813495.8693,399322,V,1019,896,5459
1788813495.8693,399330,V,1018,895,-1
1788813495.8694,399338,V,1019,896,-1
1788813495.8694,399346,V,1019,896,-1
1788813495.8694,399354,V,1019,896,-1
1788813495.8694,399362,V,1018,895,-1
1788813495.9665,399376,V,1019,896,5460
1788813495.9666,399384,V,1017,894,-1
1788813495.9666,399392,V,1018,895,-1
1788813495.9666,399400,V,1019,896,-1
1788813495.9666,399408,V,1019,896,-1
1788813495.9666,399416,V,1018,895,-1
1788813496.0159,399429,V,1018,895,5461
1788813496.0161,399437,V,1019,896,-1
1788813496.0161,399445,V,1019,896,-1
1788813496.0161,399453,V,1019,896,-1
1788813496.0161,399461,V,1019,896,-1
1788813496.0162,399469,V,1019,896,-1
1788813496.0655,399483,V,1020,896,5462
1788813496.0656,399491,V,1019,896,-1
1788813496.0656,399499,V,1019,896,-1
1788813496.0656,399507,V,1019,896,-1
1788813496.0656,399515,V,1019,896,-1
1788813496.0656,399523,V,1021,897,-1
1788813496.1141,399537,V,1019,896,5463
1788813496.1141,399545,V,1019,896,-1
1788813496.1141,399553,V,1019,896,-1
1788813496.1141,399561,V,1020,896,-1
1788813496.1141,399569,V,1019,896,-1
1788813496.1141,399577,V,1019,896,-1
1788813496.1653,399590,V,1020,896,5464
1788813496.1654,399598,V,1020,896,-1
1788813496.1654,399606,V,1019,896,-1
1788813496.1654,399614,V,1020,896,-1
1788813496.1654,399622,V,1020,896,-1
1788813496.1654,399630,V,1019,896,-1
1788813496.2136,399644,V,1019,896,5465
1788813496.2137,399652,V,1019,896,-1
1788813496.2137,399660,V,1021,897,-1
1788813496.2137,399668,V,1019,896,-1
1788813496.2137,399676,V,1020,896,-1
1788813496.2137,399684,V,1020,896,-1
1788813496.2598,399698,V,1020,896,5466
1788813496.2599,399706,V,1019,896,-1
1788813496.2599,399714,V,1020,896,-1
1788813496.2599,399722,V,1019,896,-1
1788813496.2599,399730,V,1020,896,-1
1788813496.2599,399738,V,1019,896,-1
1788813496.3095,399751,V,1020,896,5467
1788813496.3095,399759,V,1020,896,-1
1788813496.3096,399767,V,1020,896,-1
1788813496.3096,399775,V,1018,895,-1
1788813496.3096,399783,V,1020,896,-1
1788813496.3096,399791,V,1020,896,-1
1788813496.4551,399805,V,1019,896,5468
1788813496.4551,399813,V,1021,897,-1
1788813496.4551,399821,V,1020,896,-1
1788813496.4552,399829,V,1020,896,-1
1788813496.4552,399837,V,1019,896,-1
1788813496.4552,399845,V,1021,897,-1
1788813496.4564,399859,V,1020,896,5469
1788813496.4564,399867,V,1020,896,-1
1788813496.4564,399875,V,1020,896,-1
1788813496.4564,399883,V,1020,896,-1
1788813496.4564,399891,V,1019,896,-1
1788813496.4565,399899,V,1020,896,-1
1788813496.5518,399912,V,1020,896,5470
1788813496.5519,399920,V,1020,896,-1
1788813496.5519,399928,V,1020,896,-1
1788813496.5519,399936,V,1020,896,-1
1788813496.5519,399944,V,1018,895,-1
1788813496.5519,399952,V,1019,896,-1
1788813496.5529,399966,V,1020,896,5471
1788813496.5529,399974,V,1021,897,-1
1788813496.5529,399982,V,1020,896,-1
1788813496.5529,399990,V,1020,896,-1
1788813496.5529,399998,V,1020,896,-1
1788813496.5529,400006,V,1020,896,-1
1788813496.6020,400019,V,1019,896,5472
1788813496.6021,400027,V,1020,896,-1
1788813496.6021,400035,V,1020,896,-1
1788813496.6021,400043,V,1019,896,-1
1788813496.6021,400051,V,1019,896,-1
1788813496.6021,400059,V,1019,896,-1
1788813496.6493,400073,V,1020,896,5473
1788813496.6494,400081,V,1020,896,-1
1788813496.6494,400089,V,1020,896,-1
1788813496.6494,400097,V,1021,897,-1
1788813496.6494,400105,V,1020,896,-1
1788813496.6494,400113,V,1019,896,-1
1788813496.6980,400127,V,1019,896,5474
1788813496.6981,400135,V,1019,896,-1
1788813496.6981,400143,V,1019,896,-1
1788813496.6981,400151,V,1019,896,-1
1788813496.6981,400159,V,1021,897,-1
1788813496.6981,400167,V,1020,896,-1
1788813496.7468,400180,V,1018,895,5475
1788813496.7468,400188,V,1020,896,-1
1788813496.7468,400196,V,1022,898,-1
1788813496.7468,400204,V,1019,896,-1
1788813496.7468,400212,V,1019,896,-1
1788813496.7468,400220,V,1020,896,-1
1788813496.8452,400234,V,1019,896,5476
1788813496.8454,400242,V,1019,896,-1
1788813496.8454,400250,V,1018,895,-1
1788813496.8454,400258,V,1019,896,-1
1788813496.8454,400266,V,1020,896,-1
1788813496.8454,400274,V,1019,896,-1
1788813496.8468,400288,V,1019,896,5477
1788813496.8469,400296,V,1019,896,-1
1788813496.8469,400304,V,1019,896,-1
1788813496.8469,400312,V,1020,896,-1
1788813496.8469,400320,V,1020,896,-1
1788813496.8469,400328,V,1018,895,-1
1788813496.8935,400341,V,1020,896,5478
1788813496.8935,400349,V,1019,896,-1
1788813496.8936,400357,V,1020,896,-1
1788813496.8936,400365,V,1019,896,-1
1788813496.8938,400373,V,1019,896,-1
1788813496.8938,400381,V,1021,897,-1
1788813496.9419,400395,V,1020,896,5479
1788813496.9419,400403,V,1021,897,-1
1788813496.9419,400411,V,1020,896,-1
1788813496.9419,400419,V,1020,896,-1
1788813496.9419,400427,V,1019,896,-1
1788813496.9419,400435,V,1020,896,-1
1788813497.0395,400449,V,1019,896,5480
1788813497.0396,400457,V,1020,896,-1
1788813497.0396,400465,V,1020,896,-1
1788813497.0396,400473,V,1019,896,-1
1788813497.0396,400481,V,1020,896,-1
1788813497.0396,400489,V,1020,896,-1
1788813497.0888,400502,V,1019,896,5481
1788813497.0889,400510,V,1020,896,-1
1788813497.0889,400518,V,1020,896,-1
1788813497.0889,400526,V,1020,896,-1
1788813497.0889,400534,V,1019,896,-1
1788813497.0889,400542,V,1019,896,-1
1788813497.1378,400556,V,1020,896,5482
1788813497.1379,400564,V,1020,896,-1
1788813497.1379,400572,V,1020,896,-1
1788813497.1379,400580,V,1019,896,-1
1788813497.1379,400588,V,1020,896,-1
1788813497.1379,400596,V,1020,896,-1
1788813497.1855,400609,V,1020,896,5483
1788813497.1855,400617,V,1020,896,-1
1788813497.1855,400625,V,1021,897,-1
1788813497.1855,400633,V,1020,896,-1
1788813497.1855,400641,V,1020,896,-1
1788813497.1856,400649,V,1020,896,-1
1788813497.2343,400663,V,1020,896,5484
1788813497.2343,400671,V,1020,896,-1
1788813497.2343,400679,V,1019,896,-1
1788813497.2343,400687,V,1021,897,-1
1788813497.2343,400695,V,1021,897,-1
1788813497.2343,400703,V,1020,896,-1
1788813497.2830,400717,V,1020,896,5485
1788813497.2830,400725,V,1019,896,-1
1788813497.2830,400733,V,1022,898,-1
1788813497.2831,400741,V,1019,896,-1
1788813497.2831,400749,V,1021,897,-1
1788813497.2831,400757,V,1020,896,-1
1788813497.3319,400770,V,1019,896,5486
1788813497.3320,400778,V,1019,896,-1
1788813497.3320,400786,V,1018,895,-1
1788813497.3321,400794,V,1020,896,-1
1788813497.3321,400802,V,1019,896,-1
1788813497.3321,400810,V,1021,897,-1
1788813497.3807,400824,V,1020,896,5487
1788813497.3808,400832,V,1020,896,-1
1788813497.3808,400840,V,1021,897,-1
1788813497.3808,400848,V,1020,896,-1
1788813497.3808,400856,V,1020,896,-1
1788813497.3808,400864,V,1020,896,-1
1788813497.4293,400877,V,1020,896,5488
1788813497.4293,400885,V,1020,896,-1
1788813497.4293,400893,V,1019,896,-1
1788813497.4293,400901,V,1020,896,-1
1788813497.4293,400909,V,1020,896,-1
1788813497.4293,400917,V,1020,896,-1
1788813497.5269,400931,V,1020,896,5489
1788813497.5269,400939,V,1019,896,-1
1788813497.5269,400947,V,1020,896,-1
1788813497.5269,400955,V,1020,896,-1
1788813497.5269,400963,V,1019,896,-1
1788813497.5269,400971,V,1019,896,-1
1788813497.5758,400985,V,1019,896,5490
1788813497.5759,400993,V,1020,896,-1
1788813497.5759,401001,V,1019,896,-1
1788813497.5759,401009,V,1020,896,-1
1788813497.5759,401017,V,1020,896,-1
1788813497.5759,401025,V,1019,896,-1
1788813497.6247,401038,V,1020,896,5491
1788813497.6248,401046,V,1021,897,-1
1788813497.6248,401054,V,1019,896,-1
1788813497.6248,401062,V,1019,896,-1
1788813497.6248,401070,V,1018,895,-1
1788813497.6248,401078,V,1019,896,-1
1788813497.6732,401092,V,1019,896,5492
1788813497.6732,401100,V,1019,896,-1
1788813497.6733,401108,V,1018,895,-1
1788813497.6733,401116,V,1019,896,-1
1788813497.6733,401124,V,1019,896,-1
1788813497.6733,401132,V,1019,896,-1
1788813497.7222,401145,V,1019,896,5493
1788813497.7222,401153,V,1019,896,-1
1788813497.7222,401161,V,1020,896,-1
1788813497.7222,401169,V,1021,897,-1
1788813497.7222,401177,V,1020,896,-1
1788813497.7223,401185,V,1018,895,-1
1788813497.7704,401199,V,1020,896,5494
1788813497.7704,401207,V,1020,896,-1
1788813497.7704,401215,V,1019,896,-1
1788813497.7704,401223,V,1018,895,-1
1788813497.7705,401231,V,1020,896,-1
1788813497.7705,401239,V,1018,895,-1
1788813497.8192,401253,V,1019,896,5495
1788813497.8193,401261,V,1019,896,-1
1788813497.8193,401269,V,1021,897,-1
1788813497.8193,401277,V,1018,895,-1
1788813497.8193,401285,V,1021,897,-1
1788813497.8193,401293,V,1020,896,-1
1788813497.8683,401306,V,1020,896,5496
1788813497.8684,401314,V,1020,896,-1
1788813497.8684,401322,V,1019,896,-1
1788813497.8684,401330,V,1019,896,-1
1788813497.8684,401338,V,1019,896,-1
1788813497.8684,401346,V,1019,896,-1
1788813497.9658,401360,V,1020,896,5497
1788813497.9659,401368,V,1020,896,-1
1788813497.9659,401376,V,1020,896,-1
1788813497.9659,401384,V,1020,896,-1
1788813497.9659,401392,V,1020,896,-1
1788813497.9659,401400,V,1019,896,-1
1788813497.9669,401414,V,1020,896,5498
1788813497.9669,401422,V,1020,896,-1
1788813497.9669,401430,V,1019,896,-1
1788813497.9669,401438,V,1020,896,-1
1788813497.9669,401446,V,1019,896,-1
1788813497.9669,401454,V,1019,896,-1
1788813498.0146,401467,V,1018,895,5499
1788813498.0147,401475,V,1019,896,-1
1788813498.0147,401483,V,1018,895,-1
1788813498.0147,401491,V,1019,896,-1
1788813498.0147,401499,V,1020,896,-1
1788813498.0147,401507,V,1018,895,-1
1788813498.1123,401521,V,1019,896,5500
1788813498.1125,401529,V,1020,896,-1
1788813498.1125,401537,V,1021,897,-1
1788813498.1125,401545,V,1020,896,-1
1788813498.1125,401553,V,1019,896,-1
1788813498.1126,401561,V,1019,896,-1
1788813498.2099,401575,V,1020,896,5501
1788813498.2099,401583,V,1019,896,-1
1788813498.2099,401591,V,1020,896,-1
1788813498.2099,401599,V,1019,896,-1
1788813498.2099,401607,V,1020,896,-1
1788813498.2099,401615,V,1019,896,-1
1788813498.2109,401628,V,1020,896,5502
1788813498.2109,401636,V,1020,896,-1
1788813498.2109,401644,V,1020,896,-1
1788813498.2110,401652,V,1020,896,-1
1788813498.2110,401660,V,1019,896,-1
1788813498.2110,401668,V,1021,897,-1
1788813498.3080,401682,V,1020,896,5503
1788813498.3080,401690,V,1019,896,-1
1788813498.3081,401698,V,1019,896,-1
1788813498.3081,401706,V,1020,896,-1
1788813498.3081,401714,V,1020,896,-1
1788813498.3081,401722,V,1020,896,-1
1788813498.3090,401735,V,1020,896,5504
1788813498.3090,401743,V,1019,896,-1
1788813498.3090,401751,V,1020,896,-1
1788813498.3090,401759,V,1020,896,-1
1788813498.3090,401767,V,1019,896,-1
1788813498.3090,401775,V,1020,896,-1
1788813498.3563,401789,V,1019,896,5505
1788813498.3564,401797,V,1019,896,-1
1788813498.3564,401805,V,1020,896,-1
1788813498.3564,401813,V,1020,896,-1
1788813498.3564,401821,V,1020,896,-1
1788813498.3564,401829,V,1019,896,-1
1788813498.4044,401843,V,1020,896,5506
1788813498.4044,401851,V,1020,896,-1
1788813498.4044,401859,V,1020,896,-1
1788813498.4044,401867,V,1019,896,-1
1788813498.4044,401875,V,1019,896,-1
1788813498.4044,401883,V,1018,895,-1
1788813498.5025,401896,V,1018,895,5507
1788813498.5025,401904,V,1017,894,-1
1788813498.5025,401912,V,1017,894,-1
1788813498.5025,401920,V,1017,894,-1
1788813498.5025,401928,V,1016,893,-1
1788813498.5025,401936,V,1015,892,-1
1788813498.5506,401950,V,1015,892,5508
1788813498.5506,401958,V,1013,890,-1
1788813498.5506,401966,V,1012,889,-1
1788813498.5506,401974,V,1010,888,-1
1788813498.5506,401982,V,1008,886,-1
1788813498.5506,401990,V,1005,883,-1
1788813498.5995,402004,V,1002,881,5509
1788813498.5996,402012,V,995,875,-1
1788813498.5996,402020,V,988,868,-1
1788813498.5996,402028,V,980,861,-1
1788813498.5997,402036,V,963,846,-1
1788813498.5997,402044,V,912,802,-1
1788813498.6482,402057,V,832,731,5510
1788813498.6482,402065,V,783,688,-1
1788813498.6482,402073,V,746,656,-1
1788813498.6482,402081,V,717,630,-1
1788813498.6483,402089,V,693,609,-1
1788813498.6483,402097,V,673,592,-1
1788813498.6970,402111,V,657,577,5511
1788813498.6970,402119,V,642,564,-1
1788813498.6970,402127,V,630,554,-1
1788813498.6970,402135,V,621,546,-1
1788813498.6970,402143,V,616,541,-1
1788813498.6970,402151,V,607,533,-1
