host_epoch_s,device_ms,kind,raw_adc,millivolts,seq
1788562948.2400,2464725,V,623,548,32052
1788562948.2401,2464733,V,681,599,-1
1788562948.2401,2464741,V,960,844,-1
1788562948.2401,2464749,V,1017,894,-1
1788562948.2401,2464757,V,1022,898,-1
1788562948.2401,2464765,V,1062,933,-1
1788562948.2883,2464779,V,1076,946,32053
1788562948.2888,2464787,V,1037,911,-1
1788562948.2888,2464795,V,1056,928,-1
1788562948.2888,2464803,V,1090,958,-1
1788562948.2888,2464811,V,1079,948,-1
1788562948.2888,2464819,V,1044,918,-1
1788562948.3360,2464833,V,976,858,32054
1788562948.3361,2464841,V,965,848,-1
1788562948.3361,2464849,V,1003,882,-1
1788562948.3361,2464857,V,1027,903,-1
1788562948.3361,2464865,V,1039,913,-1
1788562948.3361,2464873,V,1039,913,-1
1788562948.3849,2464886,V,1039,913,32055
1788562948.3849,2464894,V,1044,918,-1
1788562948.3849,2464902,V,1042,916,-1
1788562948.3849,2464910,V,1041,915,-1
1788562948.3849,2464918,V,1049,922,-1
1788562948.3849,2464926,V,1050,923,-1
1788562948.4336,2464940,V,1057,929,32056
1788562948.4336,2464948,V,1054,926,-1
1788562948.4336,2464956,V,1057,929,-1
1788562948.4336,2464964,V,1054,926,-1
1788562948.4337,2464972,V,1059,931,-1
1788562948.4337,2464980,V,1056,928,-1
1788562948.4839,2464994,V,1060,932,32057
1788562948.4839,2465002,V,1061,933,-1
1788562948.4839,2465010,V,1060,932,-1
1788562948.4840,2465018,V,1062,933,-1
1788562948.4840,2465026,V,1064,935,-1
1788562948.4840,2465034,V,1066,937,-1
1788562948.5811,2465048,V,1071,941,32058
1788562948.5812,2465056,V,1069,940,-1
1788562948.5812,2465064,V,1066,937,-1
1788562948.5812,2465072,V,1065,936,-1
1788562948.5812,2465080,V,1066,937,-1
1788562948.5812,2465088,V,1067,938,-1
1788562948.6283,2465101,V,1066,937,32059
1788562948.6284,2465109,V,1064,935,-1
1788562948.6284,2465117,V,1069,940,-1
1788562948.6284,2465125,V,1071,941,-1
1788562948.6284,2465133,V,1072,942,-1
1788562948.6284,2465141,V,1070,940,-1
1788562948.6773,2465155,V,1069,940,32060
1788562948.6774,2465163,V,1069,940,-1
1788562948.6774,2465171,V,1074,944,-1
1788562948.6774,2465179,V,1065,936,-1
1788562948.6774,2465187,V,1071,941,-1
1788562948.6774,2465195,V,1072,942,-1
1788562948.7262,2465209,V,1074,944,32061
1788562948.7262,2465217,V,1070,940,-1
1788562948.7262,2465225,V,1071,941,-1
1788562948.7262,2465233,V,1075,945,-1
1788562948.7262,2465241,V,1070,940,-1
1788562948.7262,2465249,V,1075,945,-1
1788562948.7767,2465263,V,1071,941,32062
1788562948.7767,2465271,V,1070,940,-1
1788562948.7767,2465279,V,1072,942,-1
1788562948.7767,2465287,V,1074,944,-1
1788562948.7767,2465295,V,1076,946,-1
1788562948.7767,2465303,V,1075,945,-1
1788562948.8247,2465316,V,1071,941,32063
1788562948.8247,2465324,V,1078,947,-1
1788562948.8247,2465332,V,1078,947,-1
1788562948.8248,2465340,V,1077,947,-1
1788562948.8248,2465348,V,1075,945,-1
1788562948.8248,2465356,V,1075,945,-1
1788562948.8723,2465370,V,1073,943,32064
1788562948.8723,2465378,V,1073,943,-1
1788562948.8723,2465386,V,1075,945,-1
1788562948.8723,2465394,V,1078,947,-1
1788562948.8723,2465402,V,1078,947,-1
1788562948.8723,2465410,V,1075,945,-1
1788562948.9757,2465424,V,1079,948,32065
1788562948.9757,2465432,V,1069,940,-1
1788562948.9757,2465440,V,1078,947,-1
1788562948.9757,2465448,V,1079,948,-1
1788562948.9757,2465456,V,1076,946,-1
1788562948.9757,2465464,V,1077,947,-1
1788562948.9757,2465477,V,1075,945,32066
1788562948.9757,2465485,V,1078,947,-1
1788562948.9757,2465493,V,1076,946,-1
1788562948.9757,2465501,V,1077,947,-1
1788562948.9757,2465509,V,1077,947,-1
1788562948.9758,2465517,V,1073,943,-1
1788562949.0302,2465531,V,1075,945,32067
1788562949.0303,2465539,V,1073,943,-1
1788562949.0303,2465547,V,1074,944,-1
1788562949.0303,2465555,V,1075,945,-1
1788562949.0303,2465563,V,1073,943,-1
1788562949.0303,2465571,V,1078,947,-1
1788562949.1169,2465585,V,1077,947,32068
1788562949.1169,2465593,V,1075,945,-1
1788562949.1169,2465601,V,1078,947,-1
1788562949.1169,2465609,V,1072,942,-1
1788562949.1169,2465617,V,1072,942,-1
1788562949.1169,2465625,V,1073,943,-1
1788562949.1647,2465638,V,1070,940,32069
1788562949.1647,2465646,V,1070,940,-1
1788562949.1647,2465654,V,1063,934,-1
1788562949.1647,2465662,V,1056,928,-1
1788562949.1647,2465670,V,1060,932,-1
1788562949.1647,2465678,V,1052,925,-1
1788562949.2135,2465692,V,1037,911,32070
1788562949.2135,2465700,V,1034,909,-1
1788562949.2135,2465708,V,1011,889,-1
1788562949.2135,2465716,V,999,878,-1
1788562949.2135,2465724,V,983,864,-1
1788562949.2135,2465732,V,946,831,-1
1788562949.2623,2465746,V,816,717,32071
1788562949.2624,2465754,V,774,680,-1
1788562949.2624,2465762,V,738,649,-1
1788562949.2624,2465770,V,684,601,-1
1788562949.2624,2465778,V,674,592,-1
1788562949.2624,2465786,V,628,552,-1
1788562949.3109,2465800,V,611,537,32072
1788562949.3109,2465808,V,601,528,-1
1788562949.3109,2465816,V,578,508,-1
1788562949.3110,2465824,V,586,515,-1
1788562949.3110,2465832,V,562,494,-1
1788562949.3110,2465840,V,558,490,-1
1788562949.3617,2465854,V,533,468,32073
1788562949.3617,2465862,V,535,470,-1
1788562949.3617,2465870,V,556,489,-1
1788562949.3617,2465878,V,556,489,-1
1788562949.3617,2465886,V,519,456,-1
1788562949.3617,2465894,V,529,465,-1
1788562949.4095,2465907,V,520,457,32074
1788562949.4095,2465915,V,510,448,-1
1788562949.4095,2465923,V,539,474,-1
1788562949.4095,2465931,V,516,454,-1
1788562949.4095,2465939,V,530,466,-1
1788562949.4095,2465947,V,532,468,-1
1788562949.4586,2465961,V,515,453,32075
1788562949.4586,2465969,V,506,445,-1
1788562949.4586,2465977,V,525,461,-1
1788562949.4586,2465985,V,536,471,-1
1788562949.4586,2465993,V,505,444,-1
1788562949.4586,2466001,V,497,437,-1
1788562949.5060,2466015,V,511,449,32076
1788562949.5061,2466023,V,511,449,-1
1788562949.5061,2466031,V,538,473,-1
1788562949.5061,2466039,V,505,444,-1
1788562949.5061,2466047,V,499,439,-1
1788562949.5061,2466055,V,521,458,-1
1788562949.6034,2466068,V,503,442,32077
1788562949.6034,2466076,V,515,453,-1
1788562949.6034,2466084,V,532,468,-1
1788562949.6034,2466092,V,492,432,-1
1788562949.6034,2466100,V,514,452,-1
1788562949.6034,2466108,V,587,516,-1
1788562949.6533,2466122,V,503,442,32078
1788562949.6533,2466130,V,518,455,-1
1788562949.6533,2466138,V,540,475,-1
1788562949.6533,2466146,V,496,436,-1
1788562949.6533,2466154,V,534,469,-1
1788562949.6533,2466162,V,524,461,-1
1788562949.7039,2466176,V,492,432,32079
1788562949.7040,2466184,V,505,444,-1
1788562949.7040,2466192,V,539,474,-1
1788562949.7040,2466200,V,527,463,-1
1788562949.7040,2466208,V,519,456,-1
1788562949.7040,2466216,V,517,454,-1
1788562949.7523,2466230,V,519,456,32080
1788562949.7524,2466238,V,535,470,-1
1788562949.7524,2466246,V,516,454,-1
1788562949.7524,2466254,V,536,471,-1
1788562949.7524,2466262,V,506,445,-1
1788562949.7524,2466270,V,498,438,-1
1788562949.7996,2466283,V,516,454,32081
1788562949.7996,2466291,V,505,444,-1
1788562949.7996,2466299,V,524,461,-1
1788562949.7997,2466307,V,514,452,-1
1788562949.7997,2466315,V,507,446,-1
1788562949.7997,2466323,V,495,435,-1
1788562949.8486,2466337,V,512,450,32082
1788562949.8486,2466345,V,508,446,-1
1788562949.8486,2466353,V,524,461,-1
1788562949.8486,2466361,V,515,453,-1
1788562949.8486,2466369,V,526,462,-1
1788562949.8487,2466377,V,508,446,-1
1788562949.8970,2466391,V,514,452,32083
1788562949.8970,2466399,V,492,432,-1
1788562949.8970,2466407,V,523,460,-1
1788562949.8970,2466415,V,512,450,-1
1788562949.8970,2466423,V,520,457,-1
1788562949.8970,2466431,V,495,435,-1
1788562949.9461,2466445,V,497,437,32084
1788562949.9462,2466453,V,544,478,-1
1788562949.9462,2466461,V,531,467,-1
1788562949.9462,2466469,V,522,459,-1
1788562949.9462,2466477,V,523,460,-1
1788562949.9462,2466485,V,510,448,-1
1788562949.9991,2466498,V,509,447,32085
1788562949.9992,2466506,V,505,444,-1
1788562949.9996,2466514,V,533,468,-1
1788562949.9996,2466522,V,513,451,-1
1788562949.9996,2466530,V,520,457,-1
1788562949.9996,2466538,V,512,450,-1
1788562950.0464,2466552,V,558,490,32086
1788562950.0465,2466560,V,534,469,-1
1788562950.0465,2466568,V,549,483,-1
1788562950.0465,2466576,V,521,458,-1
1788562950.0465,2466584,V,538,473,-1
1788562950.0465,2466592,V,542,476,-1
1788562950.1421,2466606,V,521,458,32087
1788562950.1421,2466614,V,552,485,-1
1788562950.1421,2466622,V,548,482,-1
1788562950.1421,2466630,V,551,484,-1
1788562950.1421,2466638,V,561,493,-1
1788562950.1421,2466646,V,557,490,-1
1788562950.1892,2466659,V,585,514,32088
1788562950.1892,2466667,V,602,529,-1
1788562950.1892,2466675,V,609,535,-1
1788562950.1893,2466683,V,655,576,-1
1788562950.1893,2466691,V,667,586,-1
1788562950.1893,2466699,V,749,658,-1
1788562950.2379,2466713,V,1018,895,32089
1788562950.2380,2466721,V,1035,910,-1
1788562950.2380,2466729,V,1058,930,-1
1788562950.2380,2466737,V,1050,923,-1
1788562950.2380,2466745,V,1023,899,-1
1788562950.2380,2466753,V,1058,930,-1
1788562950.2881,2466767,V,1079,948,32090
1788562950.2881,2466775,V,1053,925,-1
1788562950.2882,2466783,V,1018,895,-1
1788562950.2882,2466791,V,1011,889,-1
1788562950.2882,2466799,V,1024,900,-1
1788562950.2882,2466807,V,1038,912,-1
1788562950.3361,2466821,V,1045,918,32091
1788562950.3361,2466829,V,1044,918,-1
1788562950.3361,2466837,V,1045,918,-1
1788562950.3361,2466845,V,1048,921,-1
1788562950.3361,2466853,V,1054,926,-1
1788562950.3361,2466861,V,1050,923,-1
1788562950.3846,2466874,V,1046,919,32092
1788562950.3846,2466882,V,1050,923,-1
1788562950.3846,2466890,V,1054,926,-1
1788562950.3846,2466898,V,1053,925,-1
1788562950.3846,2466906,V,1056,928,-1
1788562950.3846,2466914,V,1059,931,-1
1788562950.4329,2466928,V,1058,930,32093
1788562950.4329,2466936,V,1059,931,-1
1788562950.4329,2466944,V,1061,933,-1
1788562950.4329,2466952,V,1057,929,-1
1788562950.4329,2466960,V,1059,931,-1
1788562950.4329,2466968,V,1059,931,-1
1788562950.4813,2466982,V,1060,932,32094
1788562950.4814,2466990,V,1062,933,-1
1788562950.4815,2466998,V,1063,934,-1
1788562950.4815,2467006,V,1064,935,-1
1788562950.4815,2467014,V,1063,934,-1
1788562950.4815,2467022,V,1067,938,-1
1788562950.5306,2467036,V,1069,940,32095
1788562950.5307,2467044,V,1067,938,-1
1788562950.5307,2467052,V,1066,937,-1
1788562950.5307,2467060,V,1066,937,-1
1788562950.5307,2467068,V,1066,937,-1
1788562950.5307,2467076,V,1067,938,-1
1788562950.5803,2467089,V,1069,940,32096
1788562950.5804,2467097,V,1067,938,-1
1788562950.5804,2467105,V,1066,937,-1
1788562950.5804,2467113,V,1068,939,-1
1788562950.5804,2467121,V,1065,936,-1
1788562950.5804,2467129,V,1068,939,-1
1788562950.6767,2467143,V,1070,940,32097
1788562950.6767,2467151,V,1070,940,-1
1788562950.6767,2467159,V,1072,942,-1
1788562950.6767,2467167,V,1069,940,-1
1788562950.6767,2467175,V,1069,940,-1
1788562950.6767,2467183,V,1070,940,-1
1788562950.7254,2467197,V,1066,937,32098
1788562950.7256,2467205,V,1075,945,-1
1788562950.7256,2467213,V,1071,941,-1
1788562950.7256,2467221,V,1070,940,-1
1788562950.7256,2467229,V,1072,942,-1
1788562950.7256,2467237,V,1068,939,-1
1788562950.7742,2467250,V,1073,943,32099
1788562950.7742,2467258,V,1071,941,-1
1788562950.7742,2467266,V,1072,942,-1
1788562950.7742,2467274,V,1072,942,-1
1788562950.7742,2467282,V,1075,945,-1
1788562950.7742,2467290,V,1075,945,-1
1788562950.8228,2467304,V,1073,943,32100
1788562950.8228,2467312,V,1073,943,-1
1788562950.8229,2467320,V,1072,942,-1
1788562950.8229,2467328,V,1076,946,-1
1788562950.8229,2467336,V,1072,942,-1
1788562950.8229,2467344,V,1074,944,-1
1788562950.8736,2467358,V,1073,943,32101
1788562950.8737,2467366,V,1076,946,-1
1788562950.8737,2467374,V,1069,940,-1
1788562950.8737,2467382,V,1074,944,-1
1788562950.8737,2467390,V,1072,942,-1
1788562950.8737,2467398,V,1077,947,-1
1788562950.9210,2467411,V,1072,942,32102
1788562950.9210,2467419,V,1071,941,-1
1788562950.9210,2467427,V,1077,947,-1
1788562950.9210,2467435,V,1076,946,-1
1788562950.9211,2467443,V,1077,947,-1
1788562950.9211,2467451,V,1072,942,-1
1788562950.9687,2467465,V,1078,947,32103
1788562950.9689,2467473,V,1077,947,-1
1788562950.9689,2467481,V,1074,944,-1
1788562950.9689,2467489,V,1073,943,-1
1788562950.9689,2467497,V,1069,940,-1
1788562950.9689,2467505,V,1074,944,-1
1788562951.0667,2467519,V,1074,944,32104
1788562951.0667,2467527,V,1074,944,-1
1788562951.0668,2467535,V,1075,945,-1
1788562951.0668,2467543,V,1074,944,-1
1788562951.0668,2467551,V,1078,947,-1
1788562951.0668,2467559,V,1070,940,-1
1788562951.0677,2467573,V,1070,940,32105
1788562951.0677,2467581,V,1072,942,-1
1788562951.0677,2467589,V,1073,943,-1
1788562951.0678,2467597,V,1072,942,-1
1788562951.0678,2467605,V,1074,944,-1
1788562951.0678,2467613,V,1072,942,-1
1788562951.1185,2467626,V,1072,942,32106
1788562951.1185,2467634,V,1071,941,-1
1788562951.1185,2467642,V,1075,945,-1
1788562951.1185,2467650,V,1073,943,-1
1788562951.1185,2467658,V,1068,939,-1
1788562951.1186,2467666,V,1070,940,-1
1788562951.2144,2467680,V,1065,936,32107
1788562951.2146,2467688,V,1069,940,-1
1788562951.2146,2467696,V,1062,933,-1
1788562951.2146,2467704,V,1059,931,-1
1788562951.2146,2467712,V,1051,924,-1
1788562951.2146,2467720,V,1050,923,-1
1788562951.2619,2467734,V,1042,916,32108
1788562951.2620,2467742,V,1036,911,-1
1788562951.2620,2467750,V,1030,905,-1
1788562951.2620,2467758,V,1012,889,-1
1788562951.2620,2467766,V,999,878,-1
1788562951.2620,2467774,V,985,866,-1
1788562951.3113,2467787,V,970,853,32109
1788562951.3113,2467795,V,913,802,-1
1788562951.3113,2467803,V,786,691,-1
1788562951.3113,2467811,V,729,641,-1
1788562951.3113,2467819,V,715,628,-1
1788562951.3113,2467827,V,674,592,-1
1788562951.3603,2467841,V,654,575,32110
1788562951.3603,2467849,V,629,553,-1
1788562951.3604,2467857,V,597,525,-1
1788562951.3604,2467865,V,617,542,-1
1788562951.3604,2467873,V,588,517,-1
1788562951.3604,2467881,V,580,510,-1
1788562951.4078,2467895,V,555,488,32111
1788562951.4079,2467903,V,579,509,-1
1788562951.4079,2467911,V,574,504,-1
1788562951.4079,2467919,V,543,477,-1
1788562951.4079,2467927,V,551,484,-1
1788562951.4079,2467935,V,534,469,-1
1788562951.4567,2467949,V,547,481,32112
1788562951.4569,2467957,V,540,475,-1
1788562951.4569,2467965,V,518,455,-1
1788562951.4569,2467973,V,517,454,-1
1788562951.4569,2467981,V,540,475,-1
1788562951.4569,2467989,V,538,473,-1
1788562951.5049,2468003,V,530,466,32113
1788562951.5049,2468011,V,520,457,-1
1788562951.5049,2468019,V,531,467,-1
1788562951.5049,2468027,V,535,470,-1
1788562951.5049,2468035,V,535,470,-1
1788562951.5050,2468043,V,516,454,-1
1788562951.6027,2468056,V,529,465,32114
1788562951.6027,2468064,V,506,445,-1
1788562951.6027,2468072,V,528,464,-1
1788562951.6027,2468080,V,504,443,-1
1788562951.6027,2468088,V,515,453,-1
1788562951.6027,2468096,V,515,453,-1
1788562951.6035,2468110,V,519,456,32115
1788562951.6035,2468118,V,522,459,-1
1788562951.6035,2468126,V,532,468,-1
1788562951.6035,2468134,V,523,460,-1
1788562951.6036,2468142,V,500,439,-1
1788562951.6036,2468150,V,517,454,-1
1788562951.6512,2468164,V,522,459,32116
1788562951.6512,2468172,V,513,451,-1
1788562951.6512,2468180,V,512,450,-1
1788562951.6512,2468188,V,500,439,-1
1788562951.6512,2468196,V,526,462,-1
1788562951.6512,2468204,V,506,445,-1
1788562951.7487,2468217,V,507,446,32117
1788562951.7488,2468225,V,533,468,-1
1788562951.7488,2468233,V,514,452,-1
1788562951.7488,2468241,V,526,462,-1
1788562951.7488,2468249,V,527,463,-1
1788562951.7488,2468257,V,533,468,-1
1788562951.7976,2468271,V,528,464,32118
1788562951.7976,2468279,V,502,441,-1
1788562951.7976,2468287,V,505,444,-1
1788562951.7976,2468295,V,529,465,-1
1788562951.7977,2468303,V,543,477,-1
1788562951.7977,2468311,V,535,470,-1
1788562951.8480,2468325,V,505,444,32119
1788562951.8480,2468333,V,503,442,-1
1788562951.8480,2468341,V,541,475,-1
1788562951.8480,2468349,V,475,417,-1
1788562951.8480,2468357,V,494,434,-1
1788562951.8480,2468365,V,522,459,-1
1788562951.8947,2468379,V,513,451,32120
1788562951.8948,2468387,V,520,457,-1
1788562951.8948,2468395,V,535,470,-1
1788562951.8948,2468403,V,518,455,-1
1788562951.8948,2468411,V,502,441,-1
1788562951.8948,2468419,V,529,465,-1
1788562951.9434,2468432,V,502,441,32121
1788562951.9434,2468440,V,488,429,-1
1788562951.9434,2468448,V,504,443,-1
1788562951.9434,2468456,V,525,461,-1
1788562951.9434,2468464,V,505,444,-1
1788562951.9434,2468472,V,503,442,-1
1788562951.9920,2468486,V,498,438,32122
1788562951.9921,2468494,V,535,470,-1
1788562951.9921,2468502,V,522,459,-1
1788562951.9921,2468510,V,512,450,-1
1788562951.9921,2468518,V,514,452,-1
1788562951.9921,2468526,V,510,448,-1
1788562952.0409,2468540,V,493,433,32123
1788562952.0409,2468548,V,527,463,-1
1788562952.0409,2468556,V,522,459,-1
1788562952.0409,2468564,V,541,475,-1
1788562952.0409,2468572,V,501,440,-1
1788562952.0409,2468580,V,517,454,-1
1788562952.0914,2468594,V,503,442,32124
1788562952.0915,2468602,V,556,489,-1
1788562952.0915,2468610,V,520,457,-1
1788562952.0915,2468618,V,522,459,-1
1788562952.0915,2468626,V,533,468,-1
1788562952.0915,2468634,V,517,454,-1
1788562952.1406,2468647,V,512,450,32125
1788562952.1406,2468655,V,525,461,-1
1788562952.1406,2468663,V,529,465,-1
1788562952.1406,2468671,V,550,483,-1
1788562952.1406,2468679,V,536,471,-1
1788562952.1406,2468687,V,531,467,-1
1788562952.2362,2468701,V,531,467,32126
1788562952.2363,2468709,V,555,488,-1
1788562952.2363,2468717,V,564,496,-1
1788562952.2363,2468725,V,551,484,-1
1788562952.2363,2468733,V,560,492,-1
1788562952.2363,2468741,V,587,516,-1
1788562952.2848,2468755,V,559,491,32127
1788562952.2848,2468763,V,604,531,-1
1788562952.2849,2468771,V,616,541,-1
1788562952.2849,2468779,V,652,573,-1
1788562952.2849,2468787,V,696,612,-1
1788562952.2849,2468795,V,936,823,-1
1788562952.3338,2468808,V,1015,892,32128
1788562952.3339,2468816,V,1033,908,-1
1788562952.3339,2468824,V,1071,941,-1
1788562952.3339,2468832,V,1046,919,-1
1788562952.3339,2468840,V,1027,903,-1
1788562952.3339,2468848,V,1086,954,-1
1788562952.3839,2468862,V,1089,957,32129
1788562952.3840,2468870,V,1050,923,-1
1788562952.3840,2468878,V,1009,887,-1
1788562952.3840,2468886,V,1010,888,-1
1788562952.3840,2468894,V,1029,904,-1
1788562952.3840,2468902,V,1046,919,-1
1788562952.4330,2468916,V,1052,925,32130
1788562952.4330,2468924,V,1051,924,-1
1788562952.4331,2468932,V,1050,923,-1
1788562952.4331,2468940,V,1049,922,-1
1788562952.4331,2468948,V,1047,920,-1
1788562952.4331,2468956,V,1056,928,-1
1788562952.4799,2468970,V,1060,932,32131
1788562952.4800,2468978,V,1067,938,-1
1788562952.4800,2468986,V,1070,940,-1
1788562952.4800,2468994,V,1070,940,-1
1788562952.4800,2469002,V,1067,938,-1
1788562952.4800,2469010,V,1070,940,-1
1788562952.5287,2469023,V,1068,939,32132
1788562952.5287,2469031,V,1067,938,-1
1788562952.5287,2469039,V,1067,938,-1
1788562952.5287,2469047,V,1067,938,-1
1788562952.5287,2469055,V,1072,942,-1
1788562952.5287,2469063,V,1070,940,-1
1788562952.5776,2469077,V,1073,943,32133
1788562952.5776,2469085,V,1071,941,-1
1788562952.5776,2469093,V,1072,942,-1
1788562952.5776,2469101,V,1072,942,-1
1788562952.5776,2469109,V,1080,949,-1
1788562952.5776,2469117,V,1074,944,-1
1788562952.6260,2469131,V,1077,947,32134
1788562952.6260,2469139,V,1071,941,-1
1788562952.6260,2469147,V,1070,940,-1
1788562952.6260,2469155,V,1069,940,-1
1788562952.6260,2469163,V,1075,945,-1
1788562952.6260,2469171,V,1073,943,-1
1788562952.6766,2469185,V,1076,946,32135
1788562952.6766,2469193,V,1074,944,-1
1788562952.6767,2469201,V,1074,944,-1
1788562952.6767,2469209,V,1077,947,-1
1788562952.6767,2469217,V,1077,947,-1
1788562952.6767,2469225,V,1075,945,-1
1788562952.7724,2469238,V,1079,948,32136
1788562952.7725,2469246,V,1074,944,-1
1788562952.7725,2469254,V,1073,943,-1
1788562952.7725,2469262,V,1077,947,-1
1788562952.7725,2469270,V,1077,947,-1
1788562952.7726,2469278,V,1081,950,-1
1788562952.8212,2469292,V,1076,946,32137
1788562952.8212,2469300,V,1077,947,-1
1788562952.8212,2469308,V,1076,946,-1
1788562952.8213,2469316,V,1080,949,-1
1788562952.8213,2469324,V,1076,946,-1
1788562952.8213,2469332,V,1078,947,-1
1788562952.8696,2469346,V,1082,951,32138
1788562952.8696,2469354,V,1077,947,-1
1788562952.8696,2469362,V,1076,946,-1
1788562952.8696,2469370,V,1078,947,-1
1788562952.8696,2469378,V,1080,949,-1
1788562952.8696,2469386,V,1075,945,-1
1788562952.9186,2469399,V,1079,948,32139
1788562952.9186,2469407,V,1074,944,-1
1788562952.9186,2469415,V,1081,950,-1
1788562952.9186,2469423,V,1080,949,-1
1788562952.9186,2469431,V,1075,945,-1
1788562952.9186,2469439,V,1084,953,-1
1788562952.9688,2469453,V,1078,947,32140
1788562952.9688,2469461,V,1079,948,-1
1788562952.9688,2469469,V,1083,952,-1
1788562952.9688,2469477,V,1072,942,-1
1788562952.9688,2469485,V,1075,945,-1
1788562952.9688,2469493,V,1081,950,-1
1788562953.0177,2469507,V,1082,951,32141
1788562953.0178,2469515,V,1078,947,-1
1788562953.0178,2469523,V,1078,947,-1
1788562953.0178,2469531,V,1079,948,-1
1788562953.0178,2469539,V,1079,948,-1
1788562953.0178,2469547,V,1080,949,-1
1788562953.0648,2469561,V,1083,952,32142
1788562953.0648,2469569,V,1081,950,-1
1788562953.0648,2469577,V,1078,947,-1
1788562953.0648,2469585,V,1076,946,-1
1788562953.0648,2469593,V,1077,947,-1
1788562953.0648,2469601,V,1082,951,-1
1788562953.1628,2469614,V,1078,947,32143
1788562953.1628,2469622,V,1076,946,-1
1788562953.1628,2469630,V,1076,946,-1
1788562953.1628,2469638,V,1076,946,-1
1788562953.1628,2469646,V,1075,945,-1
1788562953.1628,2469654,V,1069,940,-1
1788562953.1637,2469668,V,1078,947,32144
1788562953.1637,2469676,V,1079,948,-1
1788562953.1637,2469684,V,1078,947,-1
1788562953.1637,2469692,V,1076,946,-1
1788562953.1637,2469700,V,1074,944,-1
1788562953.1637,2469708,V,1077,947,-1
1788562953.2113,2469722,V,1073,943,32145
1788562953.2113,2469730,V,1076,946,-1
1788562953.2114,2469738,V,1077,947,-1
1788562953.2114,2469746,V,1078,947,-1
1788562953.2114,2469754,V,1079,948,-1
1788562953.2114,2469762,V,1073,943,-1
1788562953.3104,2469775,V,1075,945,32146
1788562953.3105,2469783,V,1072,942,-1
1788562953.3106,2469791,V,1072,942,-1
1788562953.3106,2469799,V,1074,944,-1
1788562953.3106,2469807,V,1073,943,-1
1788562953.3106,2469815,V,1071,941,-1
1788562953.3596,2469829,V,1070,940,32147
1788562953.3597,2469837,V,1075,945,-1
1788562953.3597,2469845,V,1071,941,-1
1788562953.3597,2469853,V,1070,940,-1
1788562953.3597,2469861,V,1074,944,-1
1788562953.3597,2469869,V,1068,939,-1
1788562953.4066,2469883,V,1069,940,32148
1788562953.4066,2469891,V,1065,936,-1
1788562953.4066,2469899,V,1059,931,-1
1788562953.4066,2469907,V,1049,922,-1
1788562953.4066,2469915,V,1042,916,-1
1788562953.4066,2469923,V,1026,902,-1
1788562953.4562,2469937,V,1018,895,32149
1788562953.4562,2469945,V,992,872,-1
1788562953.4562,2469953,V,959,843,-1
1788562953.4562,2469961,V,902,793,-1
1788562953.4562,2469969,V,768,675,-1
1788562953.4563,2469977,V,723,635,-1
1788562953.5039,2469990,V,683,600,32150
1788562953.5039,2469998,V,655,576,-1
1788562953.5039,2470006,V,607,533,-1
1788562953.5039,2470014,V,587,516,-1
1788562953.5039,2470022,V,594,522,-1
1788562953.5039,2470030,V,563,495,-1
1788562953.5535,2470044,V,589,518,32151
1788562953.5537,2470052,V,552,485,-1
1788562953.5537,2470060,V,605,532,-1
1788562953.5537,2470068,V,545,479,-1
1788562953.5537,2470076,V,554,487,-1
1788562953.5537,2470084,V,495,435,-1
1788562953.6043,2470098,V,529,465,32152
1788562953.6043,2470106,V,533,468,-1
1788562953.6043,2470114,V,513,451,-1
1788562953.6043,2470122,V,529,465,-1
1788562953.6043,2470130,V,524,461,-1
1788562953.6043,2470138,V,538,473,-1
1788562953.6992,2470152,V,502,441,32153
1788562953.6992,2470160,V,502,441,-1
1788562953.6992,2470168,V,496,436,-1
1788562953.6992,2470176,V,531,467,-1
1788562953.6992,2470184,V,515,453,-1
1788562953.6992,2470192,V,509,447,-1
1788562953.7000,2470205,V,516,454,32154
1788562953.7001,2470213,V,492,432,-1
1788562953.7001,2470221,V,506,445,-1
1788562953.7001,2470229,V,504,443,-1
1788562953.7001,2470237,V,502,441,-1
1788562953.7001,2470245,V,509,447,-1
1788562953.7477,2470259,V,516,454,32155
1788562953.7478,2470267,V,507,446,-1
1788562953.7478,2470275,V,523,460,-1
1788562953.7478,2470283,V,526,462,-1
1788562953.7478,2470291,V,514,452,-1
1788562953.7478,2470299,V,517,454,-1
1788562953.8456,2470313,V,490,431,32156
1788562953.8457,2470321,V,506,445,-1
1788562953.8458,2470329,V,518,455,-1
1788562953.8458,2470337,V,521,458,-1
1788562953.8458,2470345,V,508,446,-1
1788562953.8458,2470353,V,494,434,-1
1788562953.8957,2470367,V,498,438,32157
1788562953.8957,2470375,V,521,458,-1
1788562953.8957,2470383,V,517,454,-1
1788562953.8957,2470391,V,535,470,-1
1788562953.8957,2470399,V,497,437,-1
1788562953.8957,2470407,V,517,454,-1
1788562953.9445,2470420,V,514,452,32158
1788562953.9445,2470428,V,509,447,-1
1788562953.9445,2470436,V,525,461,-1
1788562953.9445,2470444,V,533,468,-1
1788562953.9445,2470452,V,518,455,-1
1788562953.9446,2470460,V,528,464,-1
1788562953.9916,2470474,V,504,443,32159
1788562953.9916,2470482,V,494,434,-1
1788562953.9916,2470490,V,516,454,-1
1788562953.9916,2470498,V,546,480,-1
1788562953.9916,2470506,V,508,446,-1
1788562953.9916,2470514,V,504,443,-1
1788562954.0403,2470528,V,509,447,32160
1788562954.0404,2470536,V,530,466,-1
1788562954.0404,2470544,V,531,467,-1
1788562954.0404,2470552,V,523,460,-1
1788562954.0404,2470560,V,531,467,-1
1788562954.0404,2470568,V,524,461,-1
1788562954.0899,2470582,V,506,445,32161
1788562954.0900,2470590,V,531,467,-1
1788562954.0900,2470598,V,520,457,-1
1788562954.0900,2470606,V,543,477,-1
1788562954.0901,2470614,V,538,473,-1
1788562954.0901,2470622,V,549,483,-1
1788562954.1405,2470635,V,528,464,32162
1788562954.1405,2470643,V,573,504,-1
1788562954.1405,2470651,V,568,499,-1
1788562954.1405,2470659,V,545,479,-1
1788562954.1405,2470667,V,571,502,-1
1788562954.1405,2470675,V,560,492,-1
1788562954.1884,2470689,V,572,503,32163
1788562954.1884,2470697,V,603,530,-1
1788562954.1885,2470705,V,612,538,-1
1788562954.1885,2470713,V,624,548,-1
1788562954.1885,2470721,V,651,572,-1
1788562954.1885,2470729,V,697,613,-1
1788562954.2841,2470743,V,886,779,32164
1788562954.2842,2470751,V,1013,890,-1
1788562954.2842,2470759,V,1036,911,-1
1788562954.2842,2470767,V,1058,930,-1
1788562954.2842,2470775,V,1060,932,-1
1788562954.2842,2470783,V,1048,921,-1
1788562954.2852,2470796,V,1058,930,32165
1788562954.2852,2470804,V,1075,945,-1
1788562954.2852,2470812,V,1069,940,-1
1788562954.2852,2470820,V,1055,927,-1
1788562954.2852,2470828,V,1053,925,-1
1788562954.2852,2470836,V,1057,929,-1
1788562954.3825,2470850,V,1062,933,32166
1788562954.3826,2470858,V,1066,937,-1
1788562954.3827,2470866,V,1068,939,-1
1788562954.3827,2470874,V,1060,932,-1
1788562954.3832,2470882,V,1063,934,-1
1788562954.3832,2470890,V,1061,933,-1
1788562954.4320,2470904,V,1065,936,32167
1788562954.4321,2470912,V,1070,940,-1
1788562954.4321,2470920,V,1074,944,-1
1788562954.4321,2470928,V,1073,943,-1
1788562954.4321,2470936,V,1074,944,-1
1788562954.4321,2470944,V,1076,946,-1
1788562954.4843,2470958,V,1076,946,32168
1788562954.4845,2470966,V,1072,942,-1
1788562954.4845,2470974,V,1073,943,-1
1788562954.4845,2470982,V,1078,947,-1
1788562954.4845,2470990,V,1074,944,-1
1788562954.4845,2470998,V,1073,943,-1
1788562954.5279,2471011,V,1076,946,32169
1788562954.5279,2471019,V,1073,943,-1
1788562954.5279,2471027,V,1072,942,-1
1788562954.5279,2471035,V,1075,945,-1
1788562954.5279,2471043,V,1079,948,-1
1788562954.5280,2471051,V,1079,948,-1
1788562954.5765,2471065,V,1080,949,32170
1788562954.5766,2471073,V,1081,950,-1
1788562954.5766,2471081,V,1077,947,-1
1788562954.5766,2471089,V,1075,945,-1
1788562954.5766,2471097,V,1075,945,-1
1788562954.5766,2471105,V,1079,948,-1
1788562954.6741,2471119,V,1081,950,32171
1788562954.6743,2471127,V,1079,948,-1
1788562954.6743,2471135,V,1077,947,-1
1788562954.6743,2471143,V,1084,953,-1
1788562954.6743,2471151,V,1080,949,-1
1788562954.6743,2471159,V,1077,947,-1
1788562954.6753,2471173,V,1083,952,32172
1788562954.6753,2471181,V,1083,952,-1
1788562954.6753,2471189,V,1080,949,-1
1788562954.6753,2471197,V,1079,948,-1
1788562954.6753,2471205,V,1079,948,-1
1788562954.6753,2471213,V,1082,951,-1
1788562954.7228,2471226,V,1085,954,32173
1788562954.7228,2471234,V,1079,948,-1
1788562954.7228,2471242,V,1080,949,-1
1788562954.7228,2471250,V,1080,949,-1
1788562954.7228,2471258,V,1079,948,-1
1788562954.7228,2471266,V,1079,948,-1
1788562954.7728,2471280,V,1084,953,32174
1788562954.7728,2471288,V,1084,953,-1
1788562954.7728,2471296,V,1081,950,-1
1788562954.7729,2471304,V,1080,949,-1
1788562954.7729,2471312,V,1085,954,-1
1788562954.7729,2471320,V,1080,949,-1
1788562954.8702,2471334,V,1083,952,32175
1788562954.8703,2471342,V,1080,949,-1
1788562954.8703,2471350,V,1082,951,-1
1788562954.8703,2471358,V,1079,948,-1
1788562954.8703,2471366,V,1082,951,-1
1788562954.8703,2471374,V,1083,952,-1
1788562954.9175,2471387,V,1082,951,32176
1788562954.9176,2471395,V,1078,947,-1
1788562954.9176,2471403,V,1082,951,-1
1788562954.9176,2471411,V,1081,950,-1
1788562954.9176,2471419,V,1077,947,-1
1788562954.9176,2471427,V,1083,952,-1
1788562954.9662,2471441,V,1079,948,32177
1788562954.9662,2471449,V,1078,947,-1
1788562954.9662,2471457,V,1084,953,-1
1788562954.9662,2471465,V,1081,950,-1
1788562954.9662,2471473,V,1077,947,-1
1788562954.9662,2471481,V,1079,948,-1
1788562955.0147,2471495,V,1082,951,32178
1788562955.0147,2471503,V,1079,948,-1
1788562955.0147,2471511,V,1083,952,-1
1788562955.0147,2471519,V,1078,947,-1
1788562955.0147,2471527,V,1075,945,-1
1788562955.0147,2471535,V,1074,944,-1
1788562955.0649,2471549,V,1074,944,32179
1788562955.0649,2471557,V,1075,945,-1
1788562955.0649,2471565,V,1074,944,-1
1788562955.0649,2471573,V,1072,942,-1
1788562955.0649,2471581,V,1071,941,-1
1788562955.0649,2471589,V,1063,934,-1
1788562955.1137,2471602,V,1056,928,32180
1788562955.1137,2471610,V,1059,931,-1
1788562955.1138,2471618,V,1056,928,-1
1788562955.1138,2471626,V,1047,920,-1
1788562955.1138,2471634,V,1046,919,-1
1788562955.1138,2471642,V,1040,914,-1
1788562955.1611,2471656,V,1031,906,32181
1788562955.1612,2471664,V,1022,898,-1
1788562955.1612,2471672,V,1007,885,-1
1788562955.1612,2471680,V,987,867,-1
1788562955.1612,2471688,V,952,837,-1
1788562955.1612,2471696,V,854,751,-1
1788562955.2587,2471710,V,759,667,32182
1788562955.2587,2471718,V,714,628,-1
1788562955.2587,2471726,V,682,599,-1
1788562955.2587,2471734,V,646,568,-1
1788562955.2588,2471742,V,632,555,-1
1788562955.2588,2471750,V,619,544,-1
1788562955.2600,2471764,V,587,516,32183
1788562955.2600,2471772,V,597,525,-1
1788562955.2600,2471780,V,578,508,-1
1788562955.2600,2471788,V,566,497,-1
1788562955.2600,2471796,V,560,492,-1
1788562955.2600,2471804,V,588,517,-1
1788562955.3073,2471817,V,581,511,32184
1788562955.3073,2471825,V,544,478,-1
1788562955.3073,2471833,V,557,490,-1
1788562955.3073,2471841,V,537,472,-1
1788562955.3073,2471849,V,562,494,-1
1788562955.3073,2471857,V,516,454,-1
1788562955.4064,2471871,V,522,459,32185
1788562955.4065,2471879,V,506,445,-1
1788562955.4067,2471887,V,542,476,-1
1788562955.4068,2471895,V,521,458,-1
1788562955.4068,2471903,V,514,452,-1
1788562955.4068,2471911,V,525,461,-1
1788562955.4558,2471925,V,510,448,32186
1788562955.4558,2471933,V,494,434,-1
1788562955.4558,2471941,V,520,457,-1
1788562955.4558,2471949,V,513,451,-1
1788562955.4558,2471957,V,528,464,-1
1788562955.4558,2471965,V,511,449,-1
1788562955.5025,2471979,V,486,427,32187
1788562955.5025,2471987,V,548,482,-1
1788562955.5025,2471995,V,498,438,-1
1788562955.5025,2472003,V,521,458,-1
1788562955.5025,2472011,V,522,459,-1
1788562955.5025,2472019,V,521,458,-1
1788562955.5512,2472032,V,486,427,32188
1788562955.5512,2472040,V,531,467,-1
1788562955.5512,2472048,V,550,483,-1
1788562955.5512,2472056,V,507,446,-1
1788562955.5512,2472064,V,527,463,-1
1788562955.5512,2472072,V,518,455,-1
1788562955.6001,2472086,V,524,461,32189
1788562955.6001,2472094,V,545,479,-1
1788562955.6001,2472102,V,535,470,-1
1788562955.6001,2472110,V,503,442,-1
1788562955.6001,2472118,V,502,441,-1
1788562955.6001,2472126,V,509,447,-1
1788562955.6487,2472140,V,523,460,32190
1788562955.6488,2472148,V,521,458,-1
1788562955.6488,2472156,V,507,446,-1
1788562955.6488,2472164,V,508,446,-1
1788562955.6488,2472172,V,492,432,-1
1788562955.6488,2472180,V,508,446,-1
1788562955.6995,2472193,V,509,447,32191
1788562955.6995,2472201,V,506,445,-1
1788562955.6995,2472209,V,512,450,-1
1788562955.6995,2472217,V,522,459,-1
1788562955.6995,2472225,V,523,460,-1
1788562955.6995,2472233,V,496,436,-1
1788562955.7949,2472247,V,506,445,32192
1788562955.7949,2472255,V,558,490,-1
1788562955.7949,2472263,V,517,454,-1
1788562955.7949,2472271,V,534,469,-1
1788562955.7949,2472279,V,508,446,-1
1788562955.7949,2472287,V,510,448,-1
1788562955.7962,2472301,V,541,475,32193
1788562955.7962,2472309,V,513,451,-1
1788562955.7962,2472317,V,496,436,-1
1788562955.7962,2472325,V,491,432,-1
1788562955.7962,2472333,V,531,467,-1
1788562955.7962,2472341,V,511,449,-1
1788562955.8437,2472355,V,516,454,32194
1788562955.8437,2472363,V,523,460,-1
1788562955.8438,2472371,V,514,452,-1
1788562955.8438,2472379,V,499,439,-1
1788562955.8438,2472387,V,510,448,-1
1788562955.8438,2472395,V,510,448,-1
1788562955.9429,2472408,V,502,441,32195
1788562955.9430,2472416,V,505,444,-1
1788562955.9430,2472424,V,527,463,-1
1788562955.9430,2472432,V,544,478,-1
1788562955.9430,2472440,V,523,460,-1
1788562955.9430,2472448,V,521,458,-1
1788562955.9919,2472462,V,546,480,32196
1788562955.9919,2472470,V,520,457,-1
1788562955.9920,2472478,V,527,463,-1
1788562955.9920,2472486,V,541,475,-1
1788562955.9920,2472494,V,551,484,-1
1788562955.9920,2472502,V,533,468,-1
1788562956.0407,2472516,V,556,489,32197
1788562956.0407,2472524,V,541,475,-1
1788562956.0407,2472532,V,559,491,-1
1788562956.0407,2472540,V,578,508,-1
1788562956.0407,2472548,V,582,512,-1
1788562956.0407,2472556,V,580,510,-1
1788562956.0879,2472569,V,603,530,32198
1788562956.0879,2472577,V,619,544,-1
1788562956.0879,2472585,V,603,530,-1
1788562956.0879,2472593,V,645,567,-1
1788562956.0879,2472601,V,652,573,-1
1788562956.0879,2472609,V,681,599,-1
1788562956.1380,2472623,V,739,650,32199
1788562956.1380,2472631,V,995,875,-1
1788562956.1380,2472639,V,1012,889,-1
1788562956.1380,2472647,V,1045,918,-1
1788562956.1380,2472655,V,1063,934,-1
1788562956.1380,2472663,V,1080,949,-1
1788562956.1850,2472677,V,1061,933,32200
1788562956.1851,2472685,V,1062,933,-1
1788562956.1852,2472693,V,1083,952,-1
1788562956.1852,2472701,V,1085,954,-1
1788562956.1852,2472709,V,1080,949,-1
1788562956.1852,2472717,V,1062,933,-1
1788562956.2354,2472731,V,1065,936,32201
1788562956.2354,2472739,V,1073,943,-1
1788562956.2354,2472747,V,1076,946,-1
1788562956.2354,2472755,V,1076,946,-1
1788562956.2354,2472763,V,1073,943,-1
1788562956.2354,2472771,V,1073,943,-1
1788562956.2843,2472784,V,1072,942,32202
1788562956.2843,2472792,V,1077,947,-1
1788562956.2843,2472800,V,1073,943,-1
1788562956.2843,2472808,V,1074,944,-1
1788562956.2843,2472816,V,1080,949,-1
1788562956.2843,2472824,V,1080,949,-1
1788562956.3326,2472838,V,1082,951,32203
1788562956.3326,2472846,V,1082,951,-1
1788562956.3326,2472854,V,1080,949,-1
1788562956.3326,2472862,V,1082,951,-1
1788562956.3326,2472870,V,1081,950,-1
1788562956.3326,2472878,V,1083,952,-1
1788562956.3803,2472892,V,1080,949,32204
1788562956.3803,2472900,V,1084,953,-1
1788562956.3803,2472908,V,1082,951,-1
1788562956.3803,2472916,V,1080,949,-1
1788562956.3803,2472924,V,1084,953,-1
1788562956.3803,2472932,V,1084,953,-1
1788562956.4780,2472945,V,1086,954,32205
1788562956.4781,2472953,V,1086,954,-1
1788562956.4782,2472961,V,1082,951,-1
1788562956.4782,2472969,V,1087,955,-1
1788562956.4782,2472977,V,1085,954,-1
1788562956.4782,2472985,V,1082,951,-1
1788562956.5267,2472999,V,1084,953,32206
1788562956.5267,2473007,V,1085,954,-1
1788562956.5267,2473015,V,1087,955,-1
1788562956.5267,2473023,V,1083,952,-1
1788562956.5267,2473031,V,1081,950,-1
1788562956.5268,2473039,V,1081,950,-1
1788562956.5765,2473053,V,1085,954,32207
1788562956.5766,2473061,V,1083,952,-1
1788562956.5766,2473069,V,1079,948,-1
1788562956.5766,2473077,V,1083,952,-1
1788562956.5766,2473085,V,1084,953,-1
1788562956.5766,2473093,V,1087,955,-1
1788562956.6255,2473107,V,1085,954,32208
1788562956.6255,2473115,V,1086,954,-1
1788562956.6255,2473123,V,1086,954,-1
1788562956.6255,2473131,V,1086,954,-1
1788562956.6255,2473139,V,1081,950,-1
1788562956.6255,2473147,V,1084,953,-1
1788562956.6728,2473160,V,1081,950,32209
1788562956.6729,2473168,V,1083,952,-1
1788562956.6729,2473176,V,1082,951,-1
1788562956.6729,2473184,V,1082,951,-1
1788562956.6729,2473192,V,1085,954,-1
1788562956.6729,2473200,V,1084,953,-1
1788562956.7217,2473214,V,1080,949,32210
1788562956.7219,2473222,V,1084,953,-1
1788562956.7220,2473230,V,1084,953,-1
1788562956.7220,2473238,V,1083,952,-1
1788562956.7220,2473246,V,1086,954,-1
1788562956.7220,2473254,V,1084,953,-1
1788562956.7702,2473268,V,1089,957,32211
1788562956.7702,2473276,V,1084,953,-1
1788562956.7702,2473284,V,1084,953,-1
1788562956.7702,2473292,V,1087,955,-1
1788562956.7702,2473300,V,1086,954,-1
1788562956.7702,2473308,V,1082,951,-1
1788562956.8190,2473322,V,1090,958,32212
1788562956.8190,2473330,V,1085,954,-1
1788562956.8190,2473338,V,1083,952,-1
1788562956.8190,2473346,V,1084,953,-1
1788562956.8190,2473354,V,1084,953,-1
1788562956.8191,2473362,V,1086,954,-1
1788562956.8688,2473375,V,1086,954,32213
1788562956.8689,2473383,V,1086,954,-1
1788562956.8689,2473391,V,1084,953,-1
1788562956.8689,2473399,V,1083,952,-1
1788562956.8689,2473407,V,1083,952,-1
1788562956.8689,2473415,V,1086,954,-1
1788562956.9182,2473429,V,1082,951,32214
1788562956.9183,2473437,V,1086,954,-1
1788562956.9183,2473445,V,1082,951,-1
1788562956.9183,2473453,V,1077,947,-1
1788562956.9183,2473461,V,1082,951,-1
1788562956.9183,2473469,V,1086,954,-1
1788562957.0137,2473483,V,1084,953,32215
1788562957.0137,2473491,V,1088,956,-1
1788562957.0137,2473499,V,1082,951,-1
1788562957.0137,2473507,V,1085,954,-1
1788562957.0137,2473515,V,1081,950,-1
1788562957.0137,2473523,V,1083,952,-1
1788562957.0625,2473536,V,1081,950,32216
1788562957.0625,2473544,V,1079,948,-1
1788562957.0625,2473552,V,1080,949,-1
1788562957.0625,2473560,V,1084,953,-1
1788562957.0625,2473568,V,1081,950,-1
1788562957.0625,2473576,V,1076,946,-1
1788562957.1116,2473590,V,1078,947,32217
1788562957.1116,2473598,V,1071,941,-1
1788562957.1116,2473606,V,1060,932,-1
1788562957.1116,2473614,V,1057,929,-1
1788562957.1116,2473622,V,1051,924,-1
1788562957.1116,2473630,V,1044,918,-1
1788562957.1619,2473644,V,1031,906,32218
1788562957.1619,2473652,V,1031,906,-1
1788562957.1619,2473660,V,1017,894,-1
1788562957.1619,2473668,V,993,873,-1
1788562957.1624,2473676,V,942,828,-1
1788562957.1624,2473684,V,841,739,-1
1788562957.2102,2473698,V,766,673,32219
1788562957.2102,2473706,V,720,633,-1
1788562957.2102,2473714,V,701,616,-1
1788562957.2102,2473722,V,671,590,-1
1788562957.2102,2473730,V,647,569,-1
1788562957.2102,2473738,V,614,540,-1
1788562957.2591,2473751,V,626,550,32220
1788562957.2592,2473759,V,594,522,-1
1788562957.2592,2473767,V,587,516,-1
1788562957.2592,2473775,V,566,497,-1
1788562957.2592,2473783,V,572,503,-1
1788562957.2592,2473791,V,559,491,-1
1788562957.3557,2473805,V,547,481,32221
1788562957.3558,2473813,V,542,476,-1
1788562957.3558,2473821,V,535,470,-1
1788562957.3558,2473829,V,542,476,-1
1788562957.3558,2473837,V,523,460,-1
1788562957.3558,2473845,V,523,460,-1
1788562957.3572,2473859,V,522,459,32222
1788562957.3572,2473867,V,511,449,-1
1788562957.3573,2473875,V,517,454,-1
1788562957.3573,2473883,V,542,476,-1
1788562957.3573,2473891,V,520,457,-1
1788562957.3573,2473899,V,528,464,-1
1788562957.4043,2473913,V,532,468,32223
1788562957.4044,2473921,V,517,454,-1
1788562957.4044,2473929,V,471,414,-1
1788562957.4044,2473937,V,534,469,-1
1788562957.4044,2473945,V,537,472,-1
1788562957.4044,2473953,V,505,444,-1
1788562957.5039,2473966,V,530,466,32224
1788562957.5040,2473974,V,518,455,-1
1788562957.5040,2473982,V,517,454,-1
1788562957.5041,2473990,V,515,453,-1
1788562957.5041,2473998,V,528,464,-1
1788562957.5041,2474006,V,545,479,-1
1788562957.5525,2474020,V,511,449,32225
1788562957.5525,2474028,V,531,467,-1
1788562957.5525,2474036,V,496,436,-1
1788562957.5525,2474044,V,483,425,-1
1788562957.5525,2474052,V,513,451,-1
1788562957.5526,2474060,V,498,438,-1
1788562957.5989,2474074,V,505,444,32226
1788562957.5989,2474082,V,519,456,-1
1788562957.5989,2474090,V,510,448,-1
1788562957.5989,2474098,V,473,416,-1
1788562957.5989,2474106,V,523,460,-1
1788562957.5989,2474114,V,522,459,-1
1788562957.6476,2474128,V,503,442,32227
1788562957.6476,2474136,V,493,433,-1
1788562957.6476,2474144,V,541,475,-1
1788562957.6476,2474152,V,513,451,-1
1788562957.6476,2474160,V,545,479,-1
1788562957.6476,2474168,V,551,484,-1
1788562957.6967,2474181,V,534,469,32228
1788562957.6967,2474189,V,512,450,-1
1788562957.6967,2474197,V,499,439,-1
1788562957.6967,2474205,V,511,449,-1
1788562957.6967,2474213,V,509,447,-1
1788562957.6967,2474221,V,511,449,-1
1788562957.7462,2474235,V,516,454,32229
1788562957.7464,2474243,V,479,421,-1
1788562957.7464,2474251,V,511,449,-1
1788562957.7464,2474259,V,481,423,-1
1788562957.7464,2474267,V,502,441,-1
1788562957.7464,2474275,V,523,460,-1
1788562957.7975,2474289,V,508,446,32230
1788562957.7975,2474297,V,510,448,-1
1788562957.7975,2474305,V,511,449,-1
1788562957.7976,2474313,V,511,449,-1
1788562957.7976,2474321,V,507,446,-1
1788562957.7976,2474329,V,481,423,-1
1788562957.8916,2474342,V,505,444,32231
1788562957.8917,2474350,V,504,443,-1
1788562957.8917,2474358,V,509,447,-1
1788562957.8917,2474366,V,521,458,-1
1788562957.8917,2474374,V,504,443,-1
1788562957.8917,2474382,V,523,460,-1
1788562957.8927,2474396,V,500,439,32232
1788562957.8927,2474404,V,501,440,-1
1788562957.8927,2474412,V,518,455,-1
1788562957.8927,2474420,V,498,438,-1
1788562957.8927,2474428,V,527,463,-1
1788562957.8927,2474436,V,535,470,-1
1788562957.9420,2474450,V,562,494,32233
1788562957.9420,2474458,V,526,462,-1
1788562957.9420,2474466,V,511,449,-1
1788562957.9420,2474474,V,525,461,-1
1788562957.9420,2474482,V,515,453,-1
1788562957.9420,2474490,V,558,490,-1
1788562958.0374,2474504,V,539,474,32234
1788562958.0375,2474512,V,551,484,-1
1788562958.0375,2474520,V,553,486,-1
1788562958.0375,2474528,V,531,467,-1
1788562958.0375,2474536,V,542,476,-1
1788562958.0375,2474544,V,563,495,-1
1788562958.0880,2474558,V,555,488,32235
1788562958.0880,2474566,V,561,493,-1
1788562958.0880,2474574,V,570,501,-1
1788562958.0880,2474582,V,588,517,-1
1788562958.0880,2474590,V,615,541,-1
1788562958.0881,2474598,V,633,556,-1
1788562958.1358,2474611,V,634,557,32236
1788562958.1358,2474619,V,671,590,-1
1788562958.1358,2474627,V,711,625,-1
1788562958.1358,2474635,V,989,869,-1
1788562958.1358,2474643,V,1014,891,-1
1788562958.1358,2474651,V,1029,904,-1
1788562958.1849,2474665,V,1070,940,32237
1788562958.1849,2474673,V,1067,938,-1
1788562958.1849,2474681,V,1045,918,-1
1788562958.1849,2474689,V,1081,950,-1
1788562958.1849,2474697,V,1098,965,-1
1788562958.1849,2474705,V,1078,947,-1
1788562958.2324,2474719,V,1046,919,32238
1788562958.2324,2474727,V,1036,911,-1
1788562958.2324,2474735,V,1057,929,-1
1788562958.2324,2474743,V,1065,936,-1
1788562958.2324,2474751,V,1067,938,-1
1788562958.2324,2474759,V,1059,931,-1
1788562958.2813,2474773,V,1068,939,32239
1788562958.2815,2474781,V,1068,939,-1
1788562958.2815,2474789,V,1068,939,-1
1788562958.2815,2474797,V,1073,943,-1
1788562958.2815,2474805,V,1072,942,-1
1788562958.2815,2474813,V,1077,947,-1
1788562958.3299,2474826,V,1076,946,32240
1788562958.3299,2474834,V,1077,947,-1
1788562958.3299,2474842,V,1079,948,-1
1788562958.3299,2474850,V,1078,947,-1
1788562958.3299,2474858,V,1082,951,-1
1788562958.3299,2474866,V,1080,949,-1
1788562958.3801,2474880,V,1079,948,32241
1788562958.3801,2474888,V,1086,954,-1
1788562958.3801,2474896,V,1079,948,-1
1788562958.3801,2474904,V,1082,951,-1
1788562958.3801,2474912,V,1082,951,-1
1788562958.3801,2474920,V,1084,953,-1
1788562958.4281,2474934,V,1085,954,32242
1788562958.4281,2474942,V,1081,950,-1
1788562958.4281,2474950,V,1089,957,-1
1788562958.4281,2474958,V,1085,954,-1
1788562958.4281,2474966,V,1083,952,-1
1788562958.4281,2474974,V,1079,948,-1
1788562958.4762,2474987,V,1087,955,32243
1788562958.4762,2474995,V,1081,950,-1
1788562958.4762,2475003,V,1085,954,-1
1788562958.4762,2475011,V,1084,953,-1
1788562958.4762,2475019,V,1080,949,-1
1788562958.4762,2475027,V,1074,944,-1
1788562958.5738,2475041,V,1084,953,32244
1788562958.5739,2475049,V,1082,951,-1
1788562958.5739,2475057,V,1080,949,-1
1788562958.5739,2475065,V,1082,951,-1
1788562958.5739,2475073,V,1085,954,-1
1788562958.5740,2475081,V,1083,952,-1
1788562958.6225,2475095,V,1079,948,32245
1788562958.6226,2475103,V,1080,949,-1
1788562958.6226,2475111,V,1083,952,-1
1788562958.6226,2475119,V,1082,951,-1
1788562958.6226,2475127,V,1085,954,-1
1788562958.6226,2475135,V,1080,949,-1
1788562958.6729,2475149,V,1079,948,32246
1788562958.6729,2475157,V,1083,952,-1
1788562958.6729,2475165,V,1082,951,-1
1788562958.6729,2475173,V,1081,950,-1
1788562958.6729,2475181,V,1083,952,-1
1788562958.6729,2475189,V,1084,953,-1
1788562958.7211,2475202,V,1085,954,32247
1788562958.7211,2475210,V,1083,952,-1
1788562958.7211,2475218,V,1084,953,-1
1788562958.7211,2475226,V,1084,953,-1
1788562958.7211,2475234,V,1082,951,-1
1788562958.7211,2475242,V,1084,953,-1
1788562958.7688,2475256,V,1086,954,32248
1788562958.7688,2475264,V,1085,954,-1
1788562958.7688,2475272,V,1089,957,-1
1788562958.7688,2475280,V,1085,954,-1
1788562958.7688,2475288,V,1087,955,-1
1788562958.7688,2475296,V,1086,954,-1
1788562958.8185,2475310,V,1086,954,32249
1788562958.8185,2475318,V,1088,956,-1
1788562958.8186,2475326,V,1085,954,-1
1788562958.8186,2475334,V,1087,955,-1
1788562958.8186,2475342,V,1085,954,-1
1788562958.8186,2475350,V,1082,951,-1
1788562958.8664,2475363,V,1086,954,32250
1788562958.8665,2475371,V,1082,951,-1
1788562958.8665,2475379,V,1088,956,-1
1788562958.8665,2475387,V,1081,950,-1
1788562958.8665,2475395,V,1083,952,-1
1788562958.8665,2475403,V,1082,951,-1
1788562958.9148,2475417,V,1085,954,32251
1788562958.9148,2475425,V,1081,950,-1
1788562958.9148,2475433,V,1085,954,-1
1788562958.9148,2475441,V,1084,953,-1
1788562958.9148,2475449,V,1082,951,-1
1788562958.9148,2475457,V,1084,953,-1
1788562958.9654,2475471,V,1082,951,32252
1788562958.9654,2475479,V,1085,954,-1
1788562958.9654,2475487,V,1077,947,-1
1788562958.9654,2475495,V,1075,945,-1
1788562958.9655,2475503,V,1076,946,-1
1788562958.9655,2475511,V,1081,950,-1
1788562959.0127,2475525,V,1073,943,32253
1788562959.0127,2475533,V,1069,940,-1
1788562959.0127,2475541,V,1062,933,-1
1788562959.0127,2475549,V,1056,928,-1
1788562959.0128,2475557,V,1046,919,-1
1788562959.0128,2475565,V,1037,911,-1
1788562959.1101,2475578,V,1012,889,32254
1788562959.1102,2475586,V,1008,886,-1
1788562959.1102,2475594,V,986,867,-1
1788562959.1102,2475602,V,919,808,-1
1788562959.1102,2475610,V,798,701,-1
1788562959.1102,2475618,V,746,656,-1
1788562959.1588,2475632,V,707,621,32255
1788562959.1589,2475640,V,692,608,-1
1788562959.1589,2475648,V,651,572,-1
1788562959.1589,2475656,V,635,558,-1
1788562959.1589,2475664,V,621,546,-1
1788562959.1589,2475672,V,595,523,-1
1788562959.2092,2475686,V,591,519,32256
1788562959.2092,2475694,V,570,501,-1
1788562959.2092,2475702,V,561,493,-1
1788562959.2092,2475710,V,537,472,-1
1788562959.2092,2475718,V,548,482,-1
1788562959.2092,2475726,V,538,473,-1
1788562959.2565,2475740,V,560,492,32257
1788562959.2566,2475748,V,548,482,-1
1788562959.2566,2475756,V,550,483,-1
1788562959.2566,2475764,V,582,512,-1
1788562959.2566,2475772,V,537,472,-1
1788562959.2566,2475780,V,546,480,-1
1788562959.3066,2475793,V,516,454,32258
1788562959.3066,2475801,V,520,457,-1
1788562959.3066,2475809,V,555,488,-1
1788562959.3066,2475817,V,535,470,-1
1788562959.3066,2475825,V,517,454,-1
1788562959.3066,2475833,V,530,466,-1
1788562959.3577,2475847,V,508,446,32259
1788562959.3578,2475855,V,520,457,-1
1788562959.3578,2475863,V,529,465,-1
1788562959.3578,2475871,V,535,470,-1
1788562959.3578,2475879,V,522,459,-1
1788562959.3578,2475887,V,506,445,-1
1788562959.4517,2475901,V,477,419,32260
1788562959.4517,2475909,V,503,442,-1
1788562959.4517,2475917,V,511,449,-1
1788562959.4517,2475925,V,513,451,-1
1788562959.4517,2475933,V,501,440,-1
1788562959.4517,2475941,V,527,463,-1
1788562959.4527,2475954,V,509,447,32261
1788562959.4527,2475962,V,512,450,-1
1788562959.4527,2475970,V,520,457,-1
1788562959.4527,2475978,V,530,466,-1
1788562959.4527,2475986,V,535,470,-1
1788562959.4527,2475994,V,535,470,-1
1788562959.5003,2476008,V,522,459,32262
1788562959.5003,2476016,V,519,456,-1
1788562959.5003,2476024,V,510,448,-1
1788562959.5004,2476032,V,507,446,-1
1788562959.5004,2476040,V,527,463,-1
1788562959.5004,2476048,V,526,462,-1
1788562959.5489,2476062,V,516,454,32263
1788562959.5489,2476070,V,521,458,-1
1788562959.5489,2476078,V,532,468,-1
1788562959.5490,2476086,V,530,466,-1
1788562959.5490,2476094,V,515,453,-1
1788562959.5490,2476102,V,565,497,-1
1788562959.6955,2476116,V,491,432,32264
1788562959.6957,2476124,V,522,459,-1
1788562959.6957,2476132,V,497,437,-1
1788562959.6957,2476140,V,514,452,-1
1788562959.6957,2476148,V,500,439,-1
1788562959.6957,2476156,V,495,435,-1
1788562959.6967,2476169,V,492,432,32265
1788562959.6967,2476177,V,522,459,-1
1788562959.6967,2476185,V,504,443,-1
1788562959.6967,2476193,V,516,454,-1
1788562959.6967,2476201,V,565,497,-1
1788562959.6967,2476209,V,546,480,-1
1788562959.7444,2476223,V,508,446,32266
1788562959.7444,2476231,V,508,446,-1
1788562959.7444,2476239,V,500,439,-1
1788562959.7444,2476247,V,507,446,-1
1788562959.7444,2476255,V,537,472,-1
1788562959.7444,2476263,V,498,438,-1
1788562959.7927,2476277,V,516,454,32267
1788562959.7927,2476285,V,519,456,-1
1788562959.7927,2476293,V,492,432,-1
1788562959.7928,2476301,V,518,455,-1
1788562959.7928,2476309,V,513,451,-1
1788562959.7928,2476317,V,515,453,-1
1788562959.8417,2476331,V,545,479,32268
1788562959.8417,2476339,V,508,446,-1
1788562959.8418,2476347,V,517,454,-1
1788562959.8418,2476355,V,520,457,-1
1788562959.8418,2476363,V,490,431,-1
1788562959.8418,2476371,V,539,474,-1
1788562959.8921,2476384,V,517,454,32269
1788562959.8922,2476392,V,537,472,-1
1788562959.8922,2476400,V,510,448,-1
1788562959.8922,2476408,V,533,468,-1
1788562959.8922,2476416,V,537,472,-1
1788562959.8922,2476424,V,539,474,-1
1788562959.9879,2476438,V,527,463,32270
1788562959.9881,2476446,V,517,454,-1
1788562959.9881,2476454,V,547,481,-1
1788562959.9881,2476462,V,506,445,-1
1788562959.9881,2476470,V,521,458,-1
1788562959.9881,2476478,V,537,472,-1
1788562959.9891,2476492,V,534,469,32271
1788562959.9891,2476500,V,512,450,-1
1788562959.9891,2476508,V,529,465,-1
1788562959.9891,2476516,V,546,480,-1
1788562959.9891,2476524,V,540,475,-1
1788562959.9891,2476532,V,555,488,-1
1788562960.0367,2476545,V,565,497,32272
1788562960.0367,2476553,V,568,499,-1
1788562960.0367,2476561,V,563,495,-1
1788562960.0367,2476569,V,600,527,-1
1788562960.0368,2476577,V,606,533,-1
1788562960.0368,2476585,V,629,553,-1
1788562960.1340,2476599,V,695,611,32273
1788562960.1341,2476607,V,792,696,-1
1788562960.1341,2476615,V,1027,903,-1
1788562960.1341,2476623,V,1066,937,-1
1788562960.1341,2476631,V,1047,920,-1
1788562960.1341,2476639,V,1037,911,-1
1788562960.1847,2476653,V,1090,958,32274
1788562960.1848,2476661,V,1093,961,-1
1788562960.1848,2476669,V,1067,938,-1
1788562960.1848,2476677,V,1041,915,-1
1788562960.1848,2476685,V,1035,910,-1
1788562960.1848,2476693,V,1051,924,-1
1788562960.2341,2476707,V,1049,922,32275
1788562960.2343,2476715,V,1058,930,-1
1788562960.2343,2476723,V,1059,931,-1
1788562960.2343,2476731,V,1058,930,-1
1788562960.2343,2476739,V,1057,929,-1
1788562960.2343,2476747,V,1061,933,-1
1788562960.2827,2476760,V,1063,934,32276
1788562960.2828,2476768,V,1064,935,-1
1788562960.2832,2476776,V,1068,939,-1
1788562960.2832,2476784,V,1069,940,-1
1788562960.2832,2476792,V,1071,941,-1
1788562960.2832,2476800,V,1077,947,-1
1788562960.3292,2476814,V,1076,946,32277
1788562960.3293,2476822,V,1074,944,-1
1788562960.3293,2476830,V,1073,943,-1
1788562960.3293,2476838,V,1075,945,-1
1788562960.3293,2476846,V,1074,944,-1
1788562960.3293,2476854,V,1071,941,-1
1788562960.3781,2476868,V,1072,942,32278
1788562960.3782,2476876,V,1070,940,-1
1788562960.3782,2476884,V,1073,943,-1
1788562960.3782,2476892,V,1073,943,-1
1788562960.3782,2476900,V,1077,947,-1
1788562960.3782,2476908,V,1077,947,-1
1788562960.4268,2476921,V,1074,944,32279
1788562960.4268,2476929,V,1073,943,-1
1788562960.4269,2476937,V,1075,945,-1
1788562960.4269,2476945,V,1077,947,-1
1788562960.4269,2476953,V,1067,938,-1
1788562960.4269,2476961,V,1069,940,-1
1788562960.4769,2476975,V,1069,940,32280
1788562960.4771,2476983,V,1068,939,-1
1788562960.4771,2476991,V,1069,940,-1
1788562960.4771,2476999,V,1071,941,-1
1788562960.4771,2477007,V,1072,942,-1
1788562960.4771,2477015,V,1072,942,-1
1788562960.5251,2477029,V,1070,940,32281
1788562960.5252,2477037,V,1070,940,-1
1788562960.5252,2477045,V,1071,941,-1
1788562960.5252,2477053,V,1068,939,-1
1788562960.5252,2477061,V,1068,939,-1
1788562960.5252,2477069,V,1068,939,-1
1788562960.5730,2477083,V,1066,937,32282
1788562960.5730,2477091,V,1069,940,-1
1788562960.5730,2477099,V,1068,939,-1
1788562960.5730,2477107,V,1071,941,-1
1788562960.5730,2477115,V,1071,941,-1
1788562960.5730,2477123,V,1071,941,-1
1788562960.6707,2477136,V,1072,942,32283
1788562960.6707,2477144,V,1069,940,-1
1788562960.6707,2477152,V,1069,940,-1
1788562960.6707,2477160,V,1066,937,-1
1788562960.6707,2477168,V,1066,937,-1
1788562960.6707,2477176,V,1071,941,-1
1788562960.7194,2477190,V,1071,941,32284
1788562960.7195,2477198,V,1070,940,-1
1788562960.7196,2477206,V,1065,936,-1
1788562960.7196,2477214,V,1066,937,-1
1788562960.7196,2477222,V,1068,939,-1
1788562960.7196,2477230,V,1072,942,-1
1788562960.7692,2477244,V,1067,938,32285
1788562960.7692,2477252,V,1068,939,-1
1788562960.7694,2477260,V,1067,938,-1
1788562960.7694,2477268,V,1070,940,-1
1788562960.7694,2477276,V,1071,941,-1
1788562960.7694,2477284,V,1070,940,-1
1788562960.8179,2477297,V,1067,938,32286
1788562960.8180,2477305,V,1068,939,-1
1788562960.8180,2477313,V,1063,934,-1
1788562960.8180,2477321,V,1068,939,-1
1788562960.8180,2477329,V,1069,940,-1
1788562960.8180,2477337,V,1067,938,-1
1788562960.8672,2477351,V,1064,935,32287
1788562960.8672,2477359,V,1066,937,-1
1788562960.8672,2477367,V,1064,935,-1
1788562960.8672,2477375,V,1064,935,-1
1788562960.8672,2477383,V,1067,938,-1
1788562960.8672,2477391,V,1059,931,-1
1788562960.9138,2477405,V,1062,933,32288
1788562960.9138,2477413,V,1064,935,-1
1788562960.9138,2477421,V,1067,938,-1
1788562960.9138,2477429,V,1062,933,-1
1788562960.9138,2477437,V,1060,932,-1
1788562960.9138,2477445,V,1063,934,-1
1788562960.9628,2477459,V,1064,935,32289
1788562960.9630,2477467,V,1061,933,-1
1788562960.9630,2477475,V,1062,933,-1
1788562960.9630,2477483,V,1060,932,-1
1788562960.9630,2477491,V,1058,930,-1
1788562960.9630,2477499,V,1059,931,-1
1788562961.0119,2477512,V,1061,933,32290
1788562961.0119,2477520,V,1058,930,-1
1788562961.0119,2477528,V,1057,929,-1
1788562961.0119,2477536,V,1054,926,-1
1788562961.0120,2477544,V,1055,927,-1
1788562961.0120,2477552,V,1053,925,-1
1788562961.0612,2477566,V,1054,926,32291
1788562961.0612,2477574,V,1050,923,-1
1788562961.0612,2477582,V,1050,923,-1
1788562961.0612,2477590,V,1047,920,-1
1788562961.0612,2477598,V,1041,915,-1
1788562961.0612,2477606,V,1040,914,-1
1788562961.1110,2477620,V,1035,910,32292
1788562961.1110,2477628,V,1026,902,-1
1788562961.1110,2477636,V,1013,890,-1
1788562961.1110,2477644,V,1003,882,-1
1788562961.1110,2477652,V,980,861,-1
1788562961.1110,2477660,V,961,845,-1
1788562961.2080,2477673,V,883,776,32293
1788562961.2081,2477681,V,785,690,-1
1788562961.2081,2477689,V,739,650,-1
1788562961.2081,2477697,V,703,618,-1
1788562961.2081,2477705,V,682,599,-1
1788562961.2081,2477713,V,650,571,-1
1788562961.2549,2477727,V,627,551,32294
1788562961.2549,2477735,V,611,537,-1
1788562961.2549,2477743,V,605,532,-1
1788562961.2549,2477751,V,599,526,-1
1788562961.2549,2477759,V,577,507,-1
1788562961.2549,2477767,V,561,493,-1
1788562961.3036,2477781,V,573,504,32295
1788562961.3036,2477789,V,573,504,-1
1788562961.3036,2477797,V,572,503,-1
1788562961.3036,2477805,V,530,466,-1
1788562961.3037,2477813,V,553,486,-1
1788562961.3037,2477821,V,549,483,-1
1788562961.3523,2477835,V,530,466,32296
1788562961.3523,2477843,V,522,459,-1
1788562961.3523,2477851,V,543,477,-1
1788562961.3523,2477859,V,550,483,-1
1788562961.3523,2477867,V,531,467,-1
1788562961.3523,2477875,V,554,487,-1
1788562961.4028,2477888,V,531,467,32297
1788562961.4028,2477896,V,537,472,-1
1788562961.4028,2477904,V,549,483,-1
1788562961.4029,2477912,V,514,452,-1
1788562961.4029,2477920,V,521,458,-1
1788562961.4029,2477928,V,522,459,-1
1788562961.4521,2477942,V,508,446,32298
1788562961.4521,2477950,V,520,457,-1
1788562961.4521,2477958,V,552,485,-1
1788562961.4521,2477966,V,540,475,-1
1788562961.4521,2477974,V,523,460,-1
1788562961.4521,2477982,V,556,489,-1
1788562961.5475,2477996,V,528,464,32299
1788562961.5475,2478004,V,529,465,-1
1788562961.5475,2478012,V,523,460,-1
1788562961.5475,2478020,V,517,454,-1
1788562961.5475,2478028,V,504,443,-1
1788562961.5475,2478036,V,515,453,-1
1788562961.5486,2478050,V,511,449,32300
1788562961.5486,2478058,V,533,468,-1
1788562961.5486,2478066,V,521,458,-1
1788562961.5486,2478074,V,528,464,-1
1788562961.5486,2478082,V,521,458,-1
1788562961.5486,2478090,V,534,469,-1
1788562961.5961,2478103,V,515,453,32301
1788562961.5961,2478111,V,522,459,-1
1788562961.5961,2478119,V,522,459,-1
1788562961.5961,2478127,V,504,443,-1
1788562961.5961,2478135,V,505,444,-1
1788562961.5961,2478143,V,515,453,-1
1788562961.6448,2478157,V,514,452,32302
1788562961.6448,2478165,V,509,447,-1
1788562961.6448,2478173,V,523,460,-1
1788562961.6448,2478181,V,491,432,-1
1788562961.6448,2478189,V,513,451,-1
1788562961.6448,2478197,V,508,446,-1
1788562961.7443,2478211,V,511,449,32303
1788562961.7444,2478219,V,514,452,-1
1788562961.7444,2478227,V,543,477,-1
1788562961.7444,2478235,V,506,445,-1
1788562961.7444,2478243,V,535,470,-1
1788562961.7444,2478251,V,522,459,-1
1788562961.7911,2478264,V,525,461,32304
1788562961.7911,2478272,V,520,457,-1
1788562961.7911,2478280,V,535,470,-1
1788562961.7911,2478288,V,508,446,-1
1788562961.7911,2478296,V,548,482,-1
1788562961.7911,2478304,V,522,459,-1
1788562961.8398,2478318,V,523,460,32305
1788562961.8398,2478326,V,537,472,-1
1788562961.8398,2478334,V,522,459,-1
1788562961.8398,2478342,V,524,461,-1
1788562961.8398,2478350,V,526,462,-1
1788562961.8398,2478358,V,559,491,-1
1788562961.8887,2478372,V,591,519,32306
1788562961.8887,2478380,V,564,496,-1
1788562961.8887,2478388,V,551,484,-1
1788562961.8887,2478396,V,602,529,-1
1788562961.8887,2478404,V,596,524,-1
1788562961.8887,2478412,V,596,524,-1
1788562961.9374,2478426,V,626,550,32307
1788562961.9374,2478434,V,643,565,-1
1788562961.9374,2478442,V,692,608,-1
1788562961.9374,2478450,V,815,716,-1
1788562961.9374,2478458,V,1018,895,-1
1788562961.9374,2478466,V,1047,920,-1
1788562961.9898,2478479,V,1083,952,32308
1788562961.9899,2478487,V,1055,927,-1
1788562961.9899,2478495,V,1078,947,-1
1788562961.9899,2478503,V,1108,974,-1
1788562961.9899,2478511,V,1093,961,-1
1788562961.9899,2478519,V,1057,929,-1
1788562962.0839,2478533,V,1041,915,32309
1788562962.0839,2478541,V,1054,926,-1
1788562962.0839,2478549,V,1074,944,-1
1788562962.0839,2478557,V,1075,945,-1
1788562962.0839,2478565,V,1083,952,-1
1788562962.0839,2478573,V,1085,954,-1
1788562962.1334,2478587,V,1082,951,32310
1788562962.1334,2478595,V,1077,947,-1
1788562962.1334,2478603,V,1077,947,-1
1788562962.1334,2478611,V,1079,948,-1
1788562962.1335,2478619,V,1076,946,-1
1788562962.1335,2478627,V,1079,948,-1
1788562962.1813,2478640,V,1084,953,32311
1788562962.1813,2478648,V,1077,947,-1
1788562962.1813,2478656,V,1083,952,-1
1788562962.1814,2478664,V,1084,953,-1
1788562962.1814,2478672,V,1084,953,-1
1788562962.1814,2478680,V,1088,956,-1
1788562962.1825,2478694,V,1083,952,32312
1788562962.1825,2478702,V,1085,954,-1
1788562962.1825,2478710,V,1086,954,-1
1788562962.1825,2478718,V,1086,954,-1
1788562962.1825,2478726,V,1086,954,-1
1788562962.1825,2478734,V,1088,956,-1
1788562962.2832,2478748,V,1086,954,32313
1788562962.2834,2478756,V,1085,954,-1
1788562962.2834,2478764,V,1091,959,-1
1788562962.2835,2478772,V,1083,952,-1
1788562962.2835,2478780,V,1086,954,-1
1788562962.2835,2478788,V,1090,958,-1
1788562962.3287,2478802,V,1084,953,32314
1788562962.3287,2478810,V,1084,953,-1
1788562962.3287,2478818,V,1077,947,-1
1788562962.3287,2478826,V,1084,953,-1
1788562962.3287,2478834,V,1082,951,-1
1788562962.3287,2478842,V,1084,953,-1
1788562962.3774,2478855,V,1084,953,32315
1788562962.3774,2478863,V,1084,953,-1
1788562962.3774,2478871,V,1080,949,-1
1788562962.3774,2478879,V,1083,952,-1
1788562962.3774,2478887,V,1080,949,-1
1788562962.3774,2478895,V,1080,949,-1
1788562962.4261,2478909,V,1086,954,32316
1788562962.4262,2478917,V,1083,952,-1
1788562962.4262,2478925,V,1085,954,-1
1788562962.4262,2478933,V,1082,951,-1
1788562962.4262,2478941,V,1081,950,-1
1788562962.4262,2478949,V,1084,953,-1
1788562962.4740,2478963,V,1083,952,32317
1788562962.4740,2478971,V,1082,951,-1
1788562962.4740,2478979,V,1084,953,-1
1788562962.4740,2478987,V,1080,949,-1
1788562962.4740,2478995,V,1084,953,-1
1788562962.4740,2479003,V,1082,951,-1
1788562962.5226,2479017,V,1087,955,32318
1788562962.5227,2479025,V,1073,943,-1
1788562962.5227,2479033,V,1080,949,-1
1788562962.5227,2479041,V,1080,949,-1
1788562962.5228,2479049,V,1085,954,-1
1788562962.5228,2479057,V,1085,954,-1
1788562962.5728,2479070,V,1082,951,32319
1788562962.5728,2479078,V,1082,951,-1
1788562962.5728,2479086,V,1080,949,-1
1788562962.5728,2479094,V,1078,947,-1
1788562962.5728,2479102,V,1080,949,-1
1788562962.5728,2479110,V,1087,955,-1
1788562962.6216,2479124,V,1082,951,32320
1788562962.6216,2479132,V,1088,956,-1
1788562962.6216,2479140,V,1083,952,-1
1788562962.6216,2479148,V,1083,952,-1
1788562962.6216,2479156,V,1084,953,-1
1788562962.6216,2479164,V,1085,954,-1
1788562962.6689,2479178,V,1082,951,32321
1788562962.6689,2479186,V,1079,948,-1
1788562962.6689,2479194,V,1080,949,-1
1788562962.6689,2479202,V,1082,951,-1
1788562962.6690,2479210,V,1079,948,-1
1788562962.6690,2479218,V,1085,954,-1
1788562962.7664,2479231,V,1081,950,32322
1788562962.7665,2479239,V,1081,950,-1
1788562962.7665,2479247,V,1082,951,-1
1788562962.7666,2479255,V,1079,948,-1
1788562962.7666,2479263,V,1079,948,-1
1788562962.7666,2479271,V,1077,947,-1
1788562962.8150,2479285,V,1078,947,32323
1788562962.8150,2479293,V,1079,948,-1
1788562962.8150,2479301,V,1074,944,-1
1788562962.8150,2479309,V,1077,947,-1
1788562962.8150,2479317,V,1075,945,-1
1788562962.8150,2479325,V,1075,945,-1
1788562962.8643,2479339,V,1075,945,32324
1788562962.8643,2479347,V,1071,941,-1
1788562962.8643,2479355,V,1074,944,-1
1788562962.8643,2479363,V,1069,940,-1
1788562962.8643,2479371,V,1071,941,-1
1788562962.8644,2479379,V,1069,940,-1
1788562962.9142,2479393,V,1068,939,32325
1788562962.9142,2479401,V,1067,938,-1
1788562962.9142,2479409,V,1072,942,-1
1788562962.9142,2479417,V,1060,932,-1
1788562962.9142,2479425,V,1063,934,-1
1788562962.9142,2479433,V,1065,936,-1
1788562962.9639,2479446,V,1055,927,32326
1788562962.9639,2479454,V,1052,925,-1
1788562962.9640,2479462,V,1043,917,-1
1788562962.9640,2479470,V,1035,910,-1
1788562962.9640,2479478,V,1020,896,-1
1788562962.9640,2479486,V,1006,884,-1
1788562963.0103,2479500,V,967,850,32327
1788562963.0105,2479508,V,808,710,-1
1788562963.0105,2479516,V,753,662,-1
1788562963.0105,2479524,V,706,621,-1
1788562963.0105,2479532,V,653,574,-1
1788562963.0105,2479540,V,641,563,-1
1788562963.0599,2479554,V,626,550,32328
1788562963.0599,2479562,V,606,533,-1
1788562963.0599,2479570,V,594,522,-1
1788562963.0599,2479578,V,580,510,-1
1788562963.0599,2479586,V,575,505,-1
1788562963.0599,2479594,V,583,512,-1
1788562963.1080,2479608,V,546,480,32329
1788562963.1080,2479616,V,553,486,-1
1788562963.1080,2479624,V,566,497,-1
1788562963.1080,2479632,V,556,489,-1
1788562963.1080,2479640,V,560,492,-1
1788562963.1080,2479648,V,534,469,-1
1788562963.1566,2479661,V,529,465,32330
1788562963.1566,2479669,V,511,449,-1
1788562963.1566,2479677,V,525,461,-1
1788562963.1566,2479685,V,533,468,-1
1788562963.1566,2479693,V,544,478,-1
1788562963.1567,2479701,V,519,456,-1
1788562963.2077,2479715,V,574,504,32331
1788562963.2077,2479723,V,540,475,-1
1788562963.2077,2479731,V,488,429,-1
1788562963.2077,2479739,V,526,462,-1
1788562963.2077,2479747,V,538,473,-1
1788562963.2077,2479755,V,504,443,-1
1788562963.3032,2479769,V,522,459,32332
1788562963.3036,2479777,V,513,451,-1
1788562963.3036,2479785,V,526,462,-1
1788562963.3036,2479793,V,494,434,-1
1788562963.3036,2479801,V,519,456,-1
1788562963.3036,2479809,V,514,452,-1
1788562963.3517,2479822,V,512,450,32333
1788562963.3517,2479830,V,502,441,-1
1788562963.3517,2479838,V,515,453,-1
1788562963.3517,2479846,V,531,467,-1
1788562963.3517,2479854,V,521,458,-1
1788562963.3517,2479862,V,493,433,-1
1788562963.4007,2479876,V,494,434,32334
1788562963.4007,2479884,V,532,468,-1
1788562963.4007,2479892,V,512,450,-1
1788562963.4007,2479900,V,527,463,-1
1788562963.4007,2479908,V,512,450,-1
1788562963.4007,2479916,V,522,459,-1
1788562963.4504,2479930,V,509,447,32335
1788562963.4504,2479938,V,508,446,-1
1788562963.4504,2479946,V,531,467,-1
1788562963.4504,2479954,V,517,454,-1
1788562963.4504,2479962,V,512,450,-1
1788562963.4504,2479970,V,498,438,-1
1788562963.5021,2479984,V,505,444,32336
1788562963.5021,2479992,V,538,473,-1
1788562963.5022,2480000,V,505,444,-1
1788562963.5022,2480008,V,518,455,-1
1788562963.5022,2480016,V,506,445,-1
1788562963.5022,2480024,V,494,434,-1
1788562963.5504,2480037,V,494,434,32337
1788562963.5505,2480045,V,501,440,-1
1788562963.5505,2480053,V,518,455,-1
1788562963.5505,2480061,V,496,436,-1
1788562963.5506,2480069,V,526,462,-1
1788562963.5506,2480077,V,504,443,-1
1788562963.5957,2480091,V,479,421,32338
1788562963.5957,2480099,V,508,446,-1
1788562963.5957,2480107,V,523,460,-1
1788562963.5957,2480115,V,537,472,-1
1788562963.5957,2480123,V,556,489,-1
1788562963.5957,2480131,V,519,456,-1
1788562963.6444,2480145,V,525,461,32339
1788562963.6444,2480153,V,538,473,-1
1788562963.6444,2480161,V,511,449,-1
1788562963.6444,2480169,V,501,440,-1
1788562963.6444,2480177,V,522,459,-1
1788562963.6444,2480185,V,541,475,-1
1788562963.6938,2480198,V,504,443,32340
1788562963.6939,2480206,V,510,448,-1
1788562963.6939,2480214,V,504,443,-1
1788562963.6939,2480222,V,495,435,-1
1788562963.6939,2480230,V,502,441,-1
1788562963.6939,2480238,V,521,458,-1
1788562963.7417,2480252,V,481,423,32341
1788562963.7417,2480260,V,519,456,-1
1788562963.7417,2480268,V,488,429,-1
1788562963.7417,2480276,V,507,446,-1
1788562963.7417,2480284,V,509,447,-1
1788562963.7417,2480292,V,501,440,-1
1788562963.8421,2480306,V,498,438,32342
1788562963.8423,2480314,V,530,466,-1
1788562963.8423,2480322,V,524,461,-1
1788562963.8423,2480330,V,509,447,-1
1788562963.8423,2480338,V,514,452,-1
1788562963.8423,2480346,V,524,461,-1
1788562963.8889,2480360,V,493,433,32343
1788562963.8890,2480368,V,522,459,-1
1788562963.8890,2480376,V,513,451,-1
1788562963.8890,2480384,V,533,468,-1
1788562963.8890,2480392,V,529,465,-1
1788562963.8890,2480400,V,529,465,-1
1788562963.9378,2480413,V,515,453,32344
1788562963.9378,2480421,V,538,473,-1
1788562963.9378,2480429,V,525,461,-1
1788562963.9378,2480437,V,523,460,-1
1788562963.9378,2480445,V,561,493,-1
1788562963.9378,2480453,V,524,461,-1
1788562963.9856,2480467,V,541,475,32345
1788562963.9857,2480475,V,548,482,-1
1788562963.9857,2480483,V,583,512,-1
1788562963.9857,2480491,V,551,484,-1
1788562963.9857,2480499,V,560,492,-1
1788562963.9857,2480507,V,554,487,-1
1788562964.0345,2480521,V,587,516,32346
1788562964.0345,2480529,V,640,563,-1
1788562964.0345,2480537,V,658,578,-1
1788562964.0345,2480545,V,858,754,-1
1788562964.0345,2480553,V,989,869,-1
1788562964.0345,2480561,V,1017,894,-1
1788562964.0849,2480575,V,1059,931,32347
1788562964.0851,2480583,V,1021,897,-1
1788562964.0851,2480591,V,1034,909,-1
1788562964.0851,2480599,V,1105,971,-1
1788562964.0851,2480607,V,1098,965,-1
1788562964.0852,2480615,V,1051,924,-1
1788562964.1814,2480628,V,1023,899,32348
1788562964.1815,2480636,V,1027,903,-1
1788562964.1815,2480644,V,1038,912,-1
1788562964.1815,2480652,V,1048,921,-1
1788562964.1815,2480660,V,1055,927,-1
1788562964.1815,2480668,V,1060,932,-1
1788562964.1821,2480682,V,1064,935,32349
1788562964.1821,2480690,V,1065,936,-1
1788562964.1821,2480698,V,1065,936,-1
1788562964.1821,2480706,V,1065,936,-1
1788562964.1821,2480714,V,1074,944,-1
1788562964.1821,2480722,V,1074,944,-1
1788562964.2308,2480736,V,1082,951,32350
1788562964.2308,2480744,V,1079,948,-1
1788562964.2308,2480752,V,1084,953,-1
1788562964.2309,2480760,V,1080,949,-1
1788562964.2309,2480768,V,1079,948,-1
1788562964.2309,2480776,V,1075,945,-1
1788562964.2790,2480789,V,1075,945,32351
1788562964.2790,2480797,V,1074,944,-1
1788562964.2790,2480805,V,1070,940,-1
1788562964.2790,2480813,V,1075,945,-1
1788562964.2790,2480821,V,1076,946,-1
1788562964.2790,2480829,V,1077,947,-1
1788562964.3773,2480843,V,1077,947,32352
1788562964.3775,2480851,V,1077,947,-1
1788562964.3775,2480859,V,1074,944,-1
1788562964.3775,2480867,V,1077,947,-1
1788562964.3775,2480875,V,1077,947,-1
1788562964.3776,2480883,V,1072,942,-1
1788562964.4250,2480897,V,1078,947,32353
1788562964.4250,2480905,V,1077,947,-1
1788562964.4251,2480913,V,1073,943,-1
1788562964.4251,2480921,V,1079,948,-1
1788562964.4251,2480929,V,1076,946,-1
1788562964.4251,2480937,V,1075,945,-1
1788562964.4737,2480951,V,1074,944,32354
1788562964.4738,2480959,V,1074,944,-1
1788562964.4738,2480967,V,1072,942,-1
1788562964.4738,2480975,V,1071,941,-1
1788562964.4738,2480983,V,1075,945,-1
1788562964.4738,2480991,V,1072,942,-1
1788562964.5217,2481004,V,1075,945,32355
1788562964.5218,2481012,V,1073,943,-1
1788562964.5218,2481020,V,1076,946,-1
1788562964.5218,2481028,V,1075,945,-1
1788562964.5218,2481036,V,1077,947,-1
1788562964.5218,2481044,V,1076,946,-1
1788562964.5704,2481058,V,1077,947,32356
1788562964.5704,2481066,V,1073,943,-1
1788562964.5704,2481074,V,1076,946,-1
1788562964.5704,2481082,V,1074,944,-1
1788562964.5704,2481090,V,1073,943,-1
1788562964.5704,2481098,V,1075,945,-1
1788562964.6193,2481112,V,1079,948,32357
1788562964.6195,2481120,V,1073,943,-1
1788562964.6195,2481128,V,1080,949,-1
1788562964.6195,2481136,V,1077,947,-1
1788562964.6195,2481144,V,1074,944,-1
1788562964.6195,2481152,V,1072,942,-1
1788562964.6700,2481166,V,1074,944,32358
1788562964.6700,2481174,V,1073,943,-1
1788562964.6700,2481182,V,1074,944,-1
1788562964.6700,2481190,V,1076,946,-1
1788562964.6700,2481198,V,1076,946,-1
1788562964.6700,2481206,V,1073,943,-1
1788562964.7180,2481219,V,1075,945,32359
1788562964.7180,2481227,V,1072,942,-1
1788562964.7180,2481235,V,1072,942,-1
1788562964.7180,2481243,V,1076,946,-1
1788562964.7180,2481251,V,1071,941,-1
1788562964.7180,2481259,V,1074,944,-1
1788562964.7671,2481273,V,1073,943,32360
1788562964.7672,2481281,V,1075,945,-1
1788562964.7672,2481289,V,1071,941,-1
1788562964.7672,2481297,V,1074,944,-1
1788562964.7672,2481305,V,1080,949,-1
1788562964.7672,2481313,V,1078,947,-1
1788562964.8139,2481327,V,1073,943,32361
1788562964.8139,2481335,V,1075,945,-1
1788562964.8140,2481343,V,1072,942,-1
1788562964.8140,2481351,V,1078,947,-1
1788562964.8140,2481359,V,1079,948,-1
1788562964.8140,2481367,V,1075,945,-1
1788562964.9113,2481381,V,1072,942,32362
1788562964.9113,2481389,V,1074,944,-1
1788562964.9113,2481397,V,1075,945,-1
1788562964.9113,2481405,V,1079,948,-1
1788562964.9113,2481413,V,1077,947,-1
1788562964.9114,2481421,V,1076,946,-1
1788562964.9623,2481434,V,1077,947,32363
1788562964.9623,2481442,V,1075,945,-1
1788562964.9623,2481450,V,1076,946,-1
1788562964.9623,2481458,V,1076,946,-1
1788562964.9623,2481466,V,1079,948,-1
1788562964.9624,2481474,V,1073,943,-1
1788562965.0098,2481488,V,1075,945,32364
1788562965.0099,2481496,V,1071,941,-1
1788562965.0099,2481504,V,1074,944,-1
1788562965.0099,2481512,V,1075,945,-1
1788562965.0099,2481520,V,1072,942,-1
1788562965.0099,2481528,V,1074,944,-1
1788562965.0589,2481542,V,1073,943,32365
1788562965.0589,2481550,V,1070,940,-1
1788562965.0589,2481558,V,1071,941,-1
1788562965.0589,2481566,V,1071,941,-1
1788562965.0589,2481574,V,1067,938,-1
1788562965.0589,2481582,V,1067,938,-1
1788562965.1064,2481595,V,1065,936,32366
1788562965.1064,2481603,V,1059,931,-1
1788562965.1064,2481611,V,1058,930,-1
1788562965.1064,2481619,V,1051,924,-1
1788562965.1064,2481627,V,1039,913,-1
1788562965.1065,2481635,V,1028,904,-1
1788562965.1552,2481649,V,1008,886,32367
1788562965.1553,2481657,V,983,864,-1
1788562965.1553,2481665,V,967,850,-1
1788562965.1553,2481673,V,845,743,-1
1788562965.1553,2481681,V,772,679,-1
1788562965.1553,2481689,V,741,651,-1
1788562965.2037,2481703,V,701,616,32368
1788562965.2038,2481711,V,660,580,-1
1788562965.2038,2481719,V,631,555,-1
1788562965.2038,2481727,V,625,549,-1
1788562965.2038,2481735,V,617,542,-1
1788562965.2038,2481743,V,586,515,-1
1788562965.2544,2481757,V,565,497,32369
1788562965.2544,2481765,V,571,502,-1
1788562965.2544,2481773,V,567,498,-1
1788562965.2545,2481781,V,543,477,-1
1788562965.2545,2481789,V,542,476,-1
1788562965.2545,2481797,V,557,490,-1
1788562965.3024,2481810,V,552,485,32370
1788562965.3024,2481818,V,542,476,-1
1788562965.3024,2481826,V,536,471,-1
1788562965.3024,2481834,V,524,461,-1
1788562965.3024,2481842,V,527,463,-1
1788562965.3024,2481850,V,516,454,-1
1788562965.3991,2481864,V,528,464,32371
1788562965.3992,2481872,V,512,450,-1
1788562965.3993,2481880,V,551,484,-1
1788562965.3993,2481888,V,523,460,-1
1788562965.3993,2481896,V,541,475,-1
1788562965.3993,2481904,V,534,469,-1
1788562965.4476,2481918,V,518,455,32372
1788562965.4477,2481926,V,521,458,-1
1788562965.4477,2481934,V,524,461,-1
1788562965.4477,2481942,V,518,455,-1
1788562965.4477,2481950,V,514,452,-1
1788562965.4477,2481958,V,524,461,-1
1788562965.4965,2481972,V,511,449,32373
1788562965.4965,2481980,V,498,438,-1
1788562965.4965,2481988,V,499,439,-1
1788562965.4965,2481996,V,523,460,-1
1788562965.4965,2482004,V,505,444,-1
1788562965.4965,2482012,V,520,457,-1
1788562965.5450,2482025,V,487,428,32374
1788562965.5450,2482033,V,506,445,-1
1788562965.5450,2482041,V,496,436,-1
1788562965.5450,2482049,V,529,465,-1
1788562965.5450,2482057,V,483,425,-1
1788562965.5450,2482065,V,509,447,-1
1788562965.5958,2482079,V,475,417,32375
1788562965.5958,2482087,V,526,462,-1
1788562965.5958,2482095,V,512,450,-1
1788562965.5958,2482103,V,498,438,-1
1788562965.5958,2482111,V,529,465,-1
1788562965.5958,2482119,V,522,459,-1
1788562965.6448,2482133,V,524,461,32376
1788562965.6449,2482141,V,499,439,-1
1788562965.6449,2482149,V,505,444,-1
1788562965.6449,2482157,V,530,466,-1
1788562965.6449,2482165,V,498,438,-1
1788562965.6449,2482173,V,516,454,-1
1788562965.6915,2482187,V,493,433,32377
1788562965.6915,2482195,V,527,463,-1
1788562965.6915,2482203,V,519,456,-1
1788562965.6915,2482211,V,536,471,-1
1788562965.6915,2482219,V,514,452,-1
1788562965.6915,2482227,V,513,451,-1
1788562965.7403,2482240,V,501,440,32378
1788562965.7404,2482248,V,489,430,-1
1788562965.7404,2482256,V,498,438,-1
1788562965.7404,2482264,V,500,439,-1
1788562965.7404,2482272,V,517,454,-1
1788562965.7404,2482280,V,499,439,-1
1788562965.7890,2482294,V,501,440,32379
1788562965.7890,2482302,V,521,458,-1
1788562965.7890,2482310,V,527,463,-1
1788562965.7890,2482318,V,515,453,-1
1788562965.7890,2482326,V,525,461,-1
1788562965.7890,2482334,V,516,454,-1
1788562965.8377,2482348,V,483,425,32380
1788562965.8377,2482356,V,536,471,-1
1788562965.8377,2482364,V,509,447,-1
1788562965.8378,2482372,V,505,444,-1
1788562965.8378,2482380,V,512,450,-1
1788562965.8378,2482388,V,523,460,-1
1788562965.9369,2482401,V,527,463,32381
1788562965.9370,2482409,V,509,447,-1
1788562965.9370,2482417,V,537,472,-1
1788562965.9370,2482425,V,516,454,-1
1788562965.9370,2482433,V,527,463,-1
1788562965.9370,2482441,V,516,454,-1
1788562965.9840,2482455,V,503,442,32382
1788562965.9841,2482463,V,510,448,-1
1788562965.9841,2482471,V,499,439,-1
1788562965.9841,2482479,V,523,460,-1
1788562965.9841,2482487,V,505,444,-1
1788562965.9841,2482495,V,533,468,-1
1788562966.0330,2482509,V,538,473,32383
1788562966.0331,2482517,V,511,449,-1
1788562966.0331,2482525,V,504,443,-1
1788562966.0331,2482533,V,533,468,-1
1788562966.0331,2482541,V,541,475,-1
1788562966.0331,2482549,V,527,463,-1
1788562966.0817,2482563,V,540,475,32384
1788562966.0817,2482571,V,521,458,-1
1788562966.0817,2482579,V,526,462,-1
1788562966.0817,2482587,V,552,485,-1
1788562966.0817,2482595,V,523,460,-1
1788562966.0817,2482603,V,551,484,-1
1788562966.1304,2482616,V,579,509,32385
1788562966.1304,2482624,V,597,525,-1
1788562966.1306,2482632,V,609,535,-1
1788562966.1306,2482640,V,628,552,-1
1788562966.1306,2482648,V,670,589,-1
1788562966.1306,2482656,V,723,635,-1
1788562966.1807,2482670,V,1001,880,32386
1788562966.1809,2482678,V,1041,915,-1
1788562966.1809,2482686,V,1067,938,-1
1788562966.1809,2482694,V,1005,883,-1
1788562966.1809,2482702,V,1110,976,-1
1788562966.1809,2482710,V,1121,985,-1
1788562966.2769,2482724,V,1078,947,32387
1788562966.2769,2482732,V,1013,890,-1
1788562966.2769,2482740,V,960,844,-1
1788562966.2769,2482748,V,995,875,-1
1788562966.2769,2482756,V,1027,903,-1
1788562966.2769,2482764,V,1047,920,-1
1788562966.2778,2482778,V,1058,930,32388
1788562966.2778,2482786,V,1063,934,-1
1788562966.2778,2482794,V,1059,931,-1
1788562966.2778,2482802,V,1060,932,-1
1788562966.2778,2482810,V,1064,935,-1
1788562966.2778,2482818,V,1059,931,-1
1788562966.3256,2482832,V,1063,934,32389
1788562966.3257,2482840,V,1061,933,-1
1788562966.3257,2482848,V,1063,934,-1
1788562966.3257,2482856,V,1064,935,-1
1788562966.3257,2482864,V,1064,935,-1
1788562966.3257,2482872,V,1066,937,-1
1788562966.3744,2482885,V,1065,936,32390
1788562966.3744,2482893,V,1071,941,-1
1788562966.3744,2482901,V,1065,936,-1
1788562966.3744,2482909,V,1064,935,-1
1788562966.3744,2482917,V,1064,935,-1
1788562966.3744,2482925,V,1061,933,-1
1788562966.4729,2482939,V,1059,931,32391
1788562966.4731,2482947,V,1060,932,-1
1788562966.4731,2482955,V,1061,933,-1
1788562966.4731,2482963,V,1063,934,-1
1788562966.4731,2482971,V,1062,933,-1
1788562966.4731,2482979,V,1057,929,-1
1788562966.5221,2482993,V,1055,927,32392
1788562966.5222,2483001,V,1053,925,-1
1788562966.5222,2483009,V,1055,927,-1
1788562966.5222,2483017,V,1052,925,-1
1788562966.5222,2483025,V,1058,930,-1
1788562966.5222,2483033,V,1043,917,-1
1788562966.5714,2483046,V,1048,921,32393
1788562966.5715,2483054,V,1048,921,-1
1788562966.5715,2483062,V,1050,923,-1
1788562966.5715,2483070,V,1047,920,-1
1788562966.5715,2483078,V,1051,924,-1
1788562966.5715,2483086,V,1051,924,-1
1788562966.6176,2483100,V,1051,924,32394
1788562966.6177,2483108,V,1048,921,-1
1788562966.6177,2483116,V,1048,921,-1
1788562966.6177,2483124,V,1048,921,-1
1788562966.6177,2483132,V,1046,919,-1
1788562966.6177,2483140,V,1048,921,-1
1788562966.6666,2483154,V,1049,922,32395
1788562966.6667,2483162,V,1047,920,-1
1788562966.6668,2483170,V,1049,922,-1
1788562966.6668,2483178,V,1044,918,-1
1788562966.6668,2483186,V,1046,919,-1
1788562966.6668,2483194,V,1048,921,-1
1788562966.7153,2483208,V,1048,921,32396
1788562966.7155,2483216,V,1050,923,-1
1788562966.7155,2483224,V,1040,914,-1
1788562966.7155,2483232,V,1049,922,-1
1788562966.7155,2483240,V,1046,919,-1
1788562966.7155,2483248,V,1050,923,-1
1788562966.7649,2483261,V,1048,921,32397
1788562966.7649,2483269,V,1046,919,-1
1788562966.7649,2483277,V,1046,919,-1
1788562966.7649,2483285,V,1047,920,-1
1788562966.7649,2483293,V,1048,921,-1
1788562966.7649,2483301,V,1046,919,-1
1788562966.8146,2483315,V,1046,919,32398
1788562966.8146,2483323,V,1045,918,-1
1788562966.8146,2483331,V,1046,919,-1
1788562966.8146,2483339,V,1041,915,-1
1788562966.8146,2483347,V,1047,920,-1
1788562966.8146,2483355,V,1043,917,-1
1788562966.8638,2483369,V,1045,918,32399
1788562966.8638,2483377,V,1046,919,-1
1788562966.8638,2483385,V,1048,921,-1
1788562966.8638,2483393,V,1051,924,-1
1788562966.8638,2483401,V,1049,922,-1
1788562966.8638,2483409,V,1045,918,-1
1788562966.9101,2483423,V,1045,918,32400
1788562966.9101,2483431,V,1045,918,-1
1788562966.9101,2483439,V,1049,922,-1
1788562966.9101,2483447,V,1049,922,-1
1788562966.9101,2483455,V,1051,924,-1
1788562966.9101,2483463,V,1047,920,-1
1788562967.0077,2483476,V,1044,918,32401
1788562967.0078,2483484,V,1046,919,-1
1788562967.0078,2483492,V,1045,918,-1
1788562967.0078,2483500,V,1047,920,-1
1788562967.0078,2483508,V,1044,918,-1
1788562967.0078,2483516,V,1046,919,-1
1788562967.0565,2483530,V,1048,921,32402
1788562967.0565,2483538,V,1051,924,-1
1788562967.0565,2483546,V,1045,918,-1
1788562967.0565,2483554,V,1050,923,-1
1788562967.0565,2483562,V,1050,923,-1
1788562967.0565,2483570,V,1049,922,-1
1788562967.1071,2483584,V,1052,925,32403
1788562967.1071,2483592,V,1049,922,-1
1788562967.1071,2483600,V,1053,925,-1
1788562967.1072,2483608,V,1050,923,-1
1788562967.1072,2483616,V,1051,924,-1
1788562967.1072,2483624,V,1050,923,-1
1788562967.1563,2483638,V,1050,923,32404
1788562967.1563,2483646,V,1047,920,-1
1788562967.1564,2483654,V,1047,920,-1
1788562967.1564,2483662,V,1047,920,-1
1788562967.1564,2483670,V,1042,916,-1
1788562967.1564,2483678,V,1044,918,-1
1788562967.2033,2483691,V,1039,913,32405
1788562967.2033,2483699,V,1038,912,-1
1788562967.2033,2483707,V,1032,907,-1
1788562967.2033,2483715,V,1029,904,-1
1788562967.2033,2483723,V,1027,903,-1
1788562967.2033,2483731,V,1023,899,-1
1788562967.2534,2483745,V,1014,891,32406
1788562967.2536,2483753,V,998,877,-1
1788562967.2536,2483761,V,983,864,-1
1788562967.2536,2483769,V,1008,886,-1
1788562967.2536,2483777,V,996,875,-1
1788562967.2536,2483785,V,964,847,-1
1788562967.3007,2483799,V,899,790,32407
1788562967.3007,2483807,V,767,674,-1
1788562967.3007,2483815,V,731,642,-1
1788562967.3007,2483823,V,698,613,-1
1788562967.3007,2483831,V,656,577,-1
1788562967.3007,2483839,V,643,565,-1
1788562967.3495,2483852,V,624,548,32408
1788562967.3495,2483860,V,632,555,-1
1788562967.3495,2483868,V,596,524,-1
1788562967.3495,2483876,V,569,500,-1
1788562967.3495,2483884,V,585,514,-1
1788562967.3495,2483892,V,576,506,-1
1788562967.4001,2483906,V,559,491,32409
1788562967.4001,2483914,V,565,497,-1
1788562967.4002,2483922,V,566,497,-1
1788562967.4002,2483930,V,565,497,-1
1788562967.4002,2483938,V,534,469,-1
1788562967.4002,2483946,V,549,483,-1
1788562967.4955,2483960,V,559,491,32410
1788562967.4957,2483968,V,553,486,-1
1788562967.4957,2483976,V,537,472,-1
1788562967.4957,2483984,V,526,462,-1
1788562967.4957,2483992,V,526,462,-1
1788562967.4958,2484000,V,557,490,-1
1788562967.5447,2484014,V,517,454,32411
1788562967.5447,2484022,V,513,451,-1
1788562967.5448,2484030,V,512,450,-1
1788562967.5448,2484038,V,524,461,-1
1788562967.5448,2484046,V,535,470,-1
1788562967.5448,2484054,V,537,472,-1
1788562967.5930,2484067,V,548,482,32412
1788562967.5930,2484075,V,530,466,-1
1788562967.5930,2484083,V,512,450,-1
1788562967.5930,2484091,V,550,483,-1
1788562967.5930,2484099,V,519,456,-1
1788562967.5930,2484107,V,523,460,-1
1788562967.6418,2484121,V,518,455,32413
1788562967.6418,2484129,V,525,461,-1
1788562967.6418,2484137,V,520,457,-1
1788562967.6418,2484145,V,514,452,-1
1788562967.6418,2484153,V,525,461,-1
1788562967.6418,2484161,V,509,447,-1
1788562967.6933,2484175,V,487,428,32414
1788562967.6933,2484183,V,508,446,-1
1788562967.6933,2484191,V,511,449,-1
1788562967.6933,2484199,V,525,461,-1
1788562967.6934,2484207,V,495,435,-1
1788562967.6934,2484215,V,494,434,-1
1788562967.7402,2484229,V,527,463,32415
1788562967.7403,2484237,V,504,443,-1
1788562967.7403,2484245,V,538,473,-1
1788562967.7403,2484253,V,516,454,-1
1788562967.7403,2484261,V,523,460,-1
1788562967.7405,2484269,V,531,467,-1
1788562967.7884,2484282,V,535,470,32416
1788562967.7884,2484290,V,534,469,-1
1788562967.7884,2484298,V,499,439,-1
1788562967.7884,2484306,V,541,475,-1
1788562967.7884,2484314,V,504,443,-1
1788562967.7884,2484322,V,492,432,-1
1788562967.8369,2484336,V,521,458,32417
1788562967.8369,2484344,V,522,459,-1
1788562967.8369,2484352,V,530,466,-1
1788562967.8369,2484360,V,520,457,-1
1788562967.8369,2484368,V,500,439,-1
1788562967.8369,2484376,V,518,455,-1
1788562967.8855,2484390,V,531,467,32418
1788562967.8855,2484398,V,521,458,-1
1788562967.8856,2484406,V,517,454,-1
1788562967.8856,2484414,V,510,448,-1
1788562967.8858,2484422,V,514,452,-1
1788562967.8858,2484430,V,530,466,-1
1788562967.9355,2484443,V,566,497,32419
1788562967.9355,2484451,V,526,462,-1
1788562967.9355,2484459,V,549,483,-1
1788562967.9355,2484467,V,544,478,-1
1788562967.9355,2484475,V,535,470,-1
1788562967.9356,2484483,V,516,454,-1
1788562968.0334,2484497,V,532,468,32420
1788562968.0335,2484505,V,508,446,-1
1788562968.0335,2484513,V,513,451,-1
1788562968.0335,2484521,V,511,449,-1
1788562968.0335,2484529,V,549,483,-1
1788562968.0335,2484537,V,525,461,-1
1788562968.0802,2484551,V,541,475,32421
1788562968.0802,2484559,V,550,483,-1
1788562968.0803,2484567,V,552,485,-1
1788562968.0803,2484575,V,558,490,-1
1788562968.0803,2484583,V,608,534,-1
1788562968.0803,2484591,V,581,511,-1
1788562968.1290,2484605,V,599,526,32422
1788562968.1290,2484613,V,626,550,-1
1788562968.1290,2484621,V,625,549,-1
1788562968.1290,2484629,V,667,586,-1
1788562968.1290,2484637,V,709,623,-1
1788562968.1290,2484645,V,950,835,-1
1788562968.1777,2484658,V,1005,883,32423
1788562968.1778,2484666,V,1039,913,-1
1788562968.1778,2484674,V,1008,886,-1
1788562968.1778,2484682,V,1045,918,-1
1788562968.1778,2484690,V,1085,954,-1
1788562968.1778,2484698,V,1081,950,-1
1788562968.2264,2484712,V,1023,899,32424
1788562968.2264,2484720,V,976,858,-1
1788562968.2264,2484728,V,997,876,-1
1788562968.2264,2484736,V,1037,911,-1
1788562968.2264,2484744,V,1041,915,-1
1788562968.2264,2484752,V,1037,911,-1
1788562968.2771,2484766,V,1034,909,32425
1788562968.2772,2484774,V,1025,901,-1
1788562968.2772,2484782,V,1028,904,-1
1788562968.2772,2484790,V,1034,909,-1
1788562968.2772,2484798,V,1033,908,-1
1788562968.2772,2484806,V,1031,906,-1
1788562968.3729,2484820,V,1030,905,32426
1788562968.3729,2484828,V,1034,909,-1
1788562968.3729,2484836,V,1029,904,-1
1788562968.3729,2484844,V,1029,904,-1
1788562968.3729,2484852,V,1035,910,-1
1788562968.3729,2484860,V,1032,907,-1
1788562968.3742,2484873,V,1029,904,32427
1788562968.3742,2484881,V,1028,904,-1
1788562968.3742,2484889,V,1028,904,-1
1788562968.3742,2484897,V,1031,906,-1
1788562968.3742,2484905,V,1022,898,-1
1788562968.3742,2484913,V,1029,904,-1
1788562968.4216,2484927,V,1017,894,32428
1788562968.4216,2484935,V,1022,898,-1
1788562968.4216,2484943,V,1021,897,-1
1788562968.4216,2484951,V,1027,903,-1
1788562968.4216,2484959,V,1018,895,-1
1788562968.4216,2484967,V,1018,895,-1
1788562968.4703,2484981,V,1020,896,32429
1788562968.4703,2484989,V,1012,889,-1
1788562968.4703,2484997,V,1016,893,-1
1788562968.4703,2485005,V,1014,891,-1
1788562968.4703,2485013,V,1011,889,-1
1788562968.4703,2485021,V,1014,891,-1
1788562968.5680,2485034,V,1013,890,32430
1788562968.5681,2485042,V,1014,891,-1
1788562968.5681,2485050,V,1011,889,-1
1788562968.5681,2485058,V,1011,889,-1
1788562968.5681,2485066,V,1004,882,-1
1788562968.5681,2485074,V,1015,892,-1
1788562968.6178,2485088,V,1009,887,32431
1788562968.6178,2485096,V,1012,889,-1
1788562968.6178,2485104,V,1007,885,-1
1788562968.6178,2485112,V,1006,884,-1
1788562968.6178,2485120,V,1008,886,-1
1788562968.6178,2485128,V,1005,883,-1
1788562968.6663,2485142,V,1018,895,32432
1788562968.6663,2485150,V,1013,890,-1
1788562968.6663,2485158,V,1013,890,-1
1788562968.6663,2485166,V,1014,891,-1
1788562968.6663,2485174,V,1009,887,-1
1788562968.6663,2485182,V,1017,894,-1
1788562968.7140,2485196,V,1015,892,32433
1788562968.7140,2485204,V,1017,894,-1
1788562968.7140,2485212,V,1019,896,-1
1788562968.7140,2485220,V,1017,894,-1
1788562968.7140,2485228,V,1017,894,-1
1788562968.7140,2485236,V,1017,894,-1
1788562968.7628,2485249,V,1018,895,32434
1788562968.7628,2485257,V,1021,897,-1
1788562968.7628,2485265,V,1028,904,-1
1788562968.7628,2485273,V,1027,903,-1
1788562968.7628,2485281,V,1028,904,-1
1788562968.7628,2485289,V,1032,907,-1
1788562968.8124,2485303,V,1032,907,32435
1788562968.8125,2485311,V,1029,904,-1
1788562968.8125,2485319,V,1033,908,-1
1788562968.8125,2485327,V,1036,911,-1
1788562968.8125,2485335,V,1035,910,-1
1788562968.8125,2485343,V,1038,912,-1
1788562968.8605,2485357,V,1038,912,32436
1788562968.8605,2485365,V,1038,912,-1
1788562968.8605,2485373,V,1043,917,-1
1788562968.8605,2485381,V,1032,907,-1
1788562968.8605,2485389,V,1038,912,-1
1788562968.8605,2485397,V,1037,911,-1
1788562968.9115,2485410,V,1035,910,32437
1788562968.9115,2485418,V,1044,918,-1
1788562968.9115,2485426,V,1037,911,-1
1788562968.9115,2485434,V,1040,914,-1
1788562968.9115,2485442,V,1044,918,-1
1788562968.9115,2485450,V,1036,911,-1
1788562968.9606,2485464,V,1035,910,32438
1788562968.9607,2485472,V,1038,912,-1
1788562968.9607,2485480,V,1040,914,-1
1788562968.9607,2485488,V,1038,912,-1
1788562968.9607,2485496,V,1035,910,-1
1788562968.9607,2485504,V,1038,912,-1
1788562969.0065,2485518,V,1038,912,32439
1788562969.0065,2485526,V,1037,911,-1
1788562969.0065,2485534,V,1034,909,-1
1788562969.0065,2485542,V,1037,911,-1
1788562969.0065,2485550,V,1036,911,-1
1788562969.0065,2485558,V,1034,909,-1
1788562969.1041,2485572,V,1035,910,32440
1788562969.1042,2485580,V,1032,907,-1
1788562969.1042,2485588,V,1030,905,-1
1788562969.1042,2485596,V,1033,908,-1
1788562969.1042,2485604,V,1029,904,-1
1788562969.1042,2485612,V,1030,905,-1
1788562969.1537,2485625,V,1027,903,32441
1788562969.1538,2485633,V,1028,904,-1
1788562969.1538,2485641,V,1023,899,-1
1788562969.1538,2485649,V,1017,894,-1
1788562969.1538,2485657,V,1015,892,-1
1788562969.1538,2485665,V,1010,888,-1
1788562969.2039,2485679,V,1023,899,32442
1788562969.2039,2485687,V,1022,898,-1
1788562969.2039,2485695,V,1006,884,-1
1788562969.2040,2485703,V,987,867,-1
1788562969.2040,2485711,V,965,848,-1
1788562969.2040,2485719,V,942,828,-1
1788562969.2532,2485733,V,885,778,32443
1788562969.2532,2485741,V,783,688,-1
1788562969.2532,2485749,V,738,649,-1
1788562969.2532,2485757,V,724,636,-1
1788562969.2532,2485765,V,683,600,-1
1788562969.2532,2485773,V,657,577,-1
1788562969.2993,2485787,V,633,556,32444
1788562969.2993,2485795,V,622,547,-1
1788562969.2993,2485803,V,614,540,-1
1788562969.2993,2485811,V,597,525,-1
1788562969.2993,2485819,V,591,519,-1
1788562969.2993,2485827,V,566,497,-1
1788562969.3480,2485840,V,585,514,32445
1788562969.3481,2485848,V,580,510,-1
1788562969.3481,2485856,V,583,512,-1
1788562969.3481,2485864,V,562,494,-1
1788562969.3481,2485872,V,576,506,-1
1788562969.3481,2485880,V,539,474,-1
1788562969.3973,2485894,V,557,490,32446
1788562969.3973,2485902,V,545,479,-1
1788562969.3973,2485910,V,535,470,-1
1788562969.3973,2485918,V,531,467,-1
1788562969.3973,2485926,V,525,461,-1
1788562969.3973,2485934,V,556,489,-1
1788562969.4457,2485948,V,558,490,32447
1788562969.4457,2485956,V,521,458,-1
1788562969.4457,2485964,V,535,470,-1
1788562969.4457,2485972,V,523,460,-1
1788562969.4457,2485980,V,515,453,-1
1788562969.4457,2485988,V,503,442,-1
1788562969.4960,2486002,V,546,480,32448
1788562969.4960,2486010,V,523,460,-1
1788562969.4960,2486018,V,521,458,-1
1788562969.4960,2486026,V,548,482,-1
1788562969.4961,2486034,V,522,459,-1
1788562969.4961,2486042,V,563,495,-1
1788562969.5453,2486055,V,533,468,32449
1788562969.5453,2486063,V,562,494,-1
1788562969.5453,2486071,V,518,455,-1
1788562969.5453,2486079,V,514,452,-1
1788562969.5453,2486087,V,527,463,-1
1788562969.5453,2486095,V,531,467,-1
1788562969.6407,2486109,V,508,446,32450
1788562969.6409,2486117,V,503,442,-1
1788562969.6409,2486125,V,515,453,-1
1788562969.6409,2486133,V,517,454,-1
1788562969.6409,2486141,V,541,475,-1
1788562969.6409,2486149,V,512,450,-1
1788562969.6896,2486163,V,502,441,32451
1788562969.6896,2486171,V,507,446,-1
1788562969.6896,2486179,V,514,452,-1
1788562969.6897,2486187,V,519,456,-1
1788562969.6897,2486195,V,548,482,-1
1788562969.6897,2486203,V,551,484,-1
1788562969.7381,2486216,V,514,452,32452
1788562969.7381,2486224,V,517,454,-1
1788562969.7382,2486232,V,514,452,-1
1788562969.7382,2486240,V,508,446,-1
1788562969.7382,2486248,V,499,439,-1
1788562969.7382,2486256,V,510,448,-1
1788562969.7885,2486270,V,521,458,32453
1788562969.7885,2486278,V,511,449,-1
1788562969.7885,2486286,V,533,468,-1
1788562969.7885,2486294,V,521,458,-1
1788562969.7885,2486302,V,531,467,-1
1788562969.7885,2486310,V,530,466,-1
1788562969.8363,2486324,V,521,458,32454
1788562969.8363,2486332,V,524,461,-1
1788562969.8364,2486340,V,538,473,-1
1788562969.8364,2486348,V,517,454,-1
1788562969.8364,2486356,V,530,466,-1
1788562969.8364,2486364,V,503,442,-1
1788562969.8843,2486378,V,505,444,32455
1788562969.8845,2486386,V,536,471,-1
1788562969.8845,2486394,V,525,461,-1
1788562969.8845,2486402,V,519,456,-1
1788562969.8845,2486410,V,510,448,-1
1788562969.8845,2486418,V,503,442,-1
1788562969.9335,2486431,V,557,490,32456
1788562969.9335,2486439,V,517,454,-1
1788562969.9335,2486447,V,551,484,-1
1788562969.9335,2486455,V,532,468,-1
1788562969.9335,2486463,V,539,474,-1
1788562969.9335,2486471,V,551,484,-1
1788562969.9827,2486485,V,549,483,32457
1788562969.9827,2486493,V,550,483,-1
1788562969.9827,2486501,V,533,468,-1
1788562969.9827,2486509,V,552,485,-1
1788562969.9828,2486517,V,529,465,-1
1788562969.9828,2486525,V,587,516,-1
1788562970.0306,2486539,V,550,483,32458
1788562970.0306,2486547,V,561,493,-1
1788562970.0306,2486555,V,576,506,-1
1788562970.0306,2486563,V,565,497,-1
1788562970.0306,2486571,V,574,504,-1
1788562970.0306,2486579,V,589,518,-1
1788562970.1288,2486592,V,598,526,32459
1788562970.1289,2486600,V,623,548,-1
1788562970.1289,2486608,V,628,552,-1
1788562970.1289,2486616,V,680,598,-1
1788562970.1290,2486624,V,715,628,-1
1788562970.1290,2486632,V,988,868,-1
1788562970.1770,2486646,V,1037,911,32460
1788562970.1771,2486654,V,1057,929,-1
1788562970.1771,2486662,V,1005,883,-1
1788562970.1771,2486670,V,1023,899,-1
1788562970.1771,2486678,V,1082,951,-1
1788562970.1771,2486686,V,1079,948,-1
1788562970.2255,2486700,V,1041,915,32461
1788562970.2255,2486708,V,1004,882,-1
1788562970.2255,2486716,V,995,875,-1
1788562970.2255,2486724,V,1037,911,-1
1788562970.2256,2486732,V,1063,934,-1
1788562970.2256,2486740,V,1061,933,-1
1788562970.2763,2486754,V,1054,926,32462
1788562970.2763,2486762,V,1051,924,-1
1788562970.2763,2486770,V,1039,913,-1
1788562970.2763,2486778,V,1037,911,-1
1788562970.2763,2486786,V,1045,918,-1
1788562970.2763,2486794,V,1053,925,-1
1788562970.3234,2486807,V,1048,921,32463
1788562970.3235,2486815,V,1053,925,-1
1788562970.3235,2486823,V,1054,926,-1
1788562970.3235,2486831,V,1054,926,-1
1788562970.3236,2486839,V,1053,925,-1
1788562970.3237,2486847,V,1054,926,-1
1788562970.3735,2486861,V,1048,921,32464
1788562970.3736,2486869,V,1047,920,-1
1788562970.3736,2486877,V,1049,922,-1
1788562970.3736,2486885,V,1052,925,-1
1788562970.3736,2486893,V,1054,926,-1
1788562970.3737,2486901,V,1052,925,-1
1788562970.4699,2486915,V,1053,925,32465
1788562970.4699,2486923,V,1054,926,-1
1788562970.4699,2486931,V,1052,925,-1
1788562970.4699,2486939,V,1054,926,-1
1788562970.4699,2486947,V,1053,925,-1
1788562970.4699,2486955,V,1057,929,-1
1788562970.4710,2486969,V,1054,926,32466
1788562970.4711,2486977,V,1057,929,-1
1788562970.4711,2486985,V,1055,927,-1
1788562970.4711,2486993,V,1055,927,-1
1788562970.4711,2487001,V,1055,927,-1
1788562970.4711,2487009,V,1062,933,-1
1788562970.5182,2487022,V,1057,929,32467
1788562970.5182,2487030,V,1058,930,-1
1788562970.5182,2487038,V,1059,931,-1
1788562970.5182,2487046,V,1057,929,-1
1788562970.5182,2487054,V,1063,934,-1
1788562970.5182,2487062,V,1060,932,-1
1788562970.5667,2487076,V,1064,935,32468
1788562970.5668,2487084,V,1060,932,-1
1788562970.5668,2487092,V,1062,933,-1
1788562970.5668,2487100,V,1064,935,-1
1788562970.5668,2487108,V,1059,931,-1
1788562970.5668,2487116,V,1062,933,-1
1788562970.6649,2487130,V,1067,938,32469
1788562970.6650,2487138,V,1061,933,-1
1788562970.6650,2487146,V,1067,938,-1
1788562970.6651,2487154,V,1064,935,-1
1788562970.6651,2487162,V,1066,937,-1
1788562970.6651,2487170,V,1069,940,-1
1788562970.7140,2487183,V,1068,939,32470
1788562970.7140,2487191,V,1067,938,-1
1788562970.7140,2487199,V,1070,940,-1
1788562970.7140,2487207,V,1068,939,-1
1788562970.7141,2487215,V,1067,938,-1
1788562970.7141,2487223,V,1073,943,-1
1788562970.7632,2487237,V,1069,940,32471
1788562970.7632,2487245,V,1073,943,-1
1788562970.7632,2487253,V,1071,941,-1
1788562970.7632,2487261,V,1072,942,-1
1788562970.7632,2487269,V,1075,945,-1
1788562970.7632,2487277,V,1069,940,-1
1788562970.8102,2487291,V,1069,940,32472
1788562970.8102,2487299,V,1075,945,-1
1788562970.8102,2487307,V,1075,945,-1
1788562970.8102,2487315,V,1074,944,-1
1788562970.8102,2487323,V,1071,941,-1
1788562970.8102,2487331,V,1073,943,-1
1788562970.8601,2487345,V,1074,944,32473
1788562970.8601,2487353,V,1072,942,-1
1788562970.8601,2487361,V,1075,945,-1
1788562970.8601,2487369,V,1076,946,-1
1788562970.8601,2487377,V,1076,946,-1
1788562970.8601,2487385,V,1072,942,-1
1788562970.9088,2487398,V,1075,945,32474
1788562970.9089,2487406,V,1078,947,-1
1788562970.9089,2487414,V,1079,948,-1
1788562970.9089,2487422,V,1074,944,-1
1788562970.9089,2487430,V,1077,947,-1
1788562970.9089,2487438,V,1072,942,-1
1788562970.9567,2487452,V,1076,946,32475
1788562970.9567,2487460,V,1077,947,-1
1788562970.9567,2487468,V,1077,947,-1
1788562970.9567,2487476,V,1078,947,-1
1788562970.9567,2487484,V,1077,947,-1
1788562970.9567,2487492,V,1078,947,-1
1788562971.0073,2487506,V,1079,948,32476
1788562971.0073,2487514,V,1077,947,-1
1788562971.0073,2487522,V,1079,948,-1
1788562971.0074,2487530,V,1078,947,-1
1788562971.0074,2487538,V,1079,948,-1
1788562971.0074,2487546,V,1082,951,-1
1788562971.0561,2487559,V,1080,949,32477
1788562971.0562,2487567,V,1078,947,-1
1788562971.0562,2487575,V,1075,945,-1
1788562971.0562,2487583,V,1080,949,-1
1788562971.0562,2487591,V,1078,947,-1
1788562971.0562,2487599,V,1076,946,-1
1788562971.1026,2487613,V,1074,944,32478
1788562971.1026,2487621,V,1075,945,-1
1788562971.1026,2487629,V,1069,940,-1
1788562971.1026,2487637,V,1059,931,-1
1788562971.1026,2487645,V,1055,927,-1
1788562971.1026,2487653,V,1041,915,-1
1788562971.2007,2487667,V,1036,911,32479
1788562971.2008,2487675,V,1005,883,-1
1788562971.2008,2487683,V,921,809,-1
1788562971.2008,2487691,V,788,693,-1
1788562971.2008,2487699,V,749,658,-1
1788562971.2008,2487707,V,710,624,-1
1788562971.2491,2487721,V,694,610,32480
1788562971.2491,2487729,V,662,582,-1
1788562971.2491,2487737,V,646,568,-1
1788562971.2491,2487745,V,653,574,-1
1788562971.2491,2487753,V,622,547,-1
1788562971.2491,2487761,V,602,529,-1
1788562971.2978,2487774,V,596,524,32481
1788562971.2979,2487782,V,583,512,-1
1788562971.2979,2487790,V,579,509,-1
1788562971.2979,2487798,V,564,496,-1
1788562971.2979,2487806,V,592,520,-1
1788562971.2979,2487814,V,581,511,-1
1788562971.3488,2487828,V,547,481,32482
1788562971.3488,2487836,V,564,496,-1
1788562971.3488,2487844,V,552,485,-1
1788562971.3488,2487852,V,543,477,-1
1788562971.3488,2487860,V,539,474,-1
1788562971.3488,2487868,V,560,492,-1
1788562971.3955,2487882,V,556,489,32483
1788562971.3955,2487890,V,544,478,-1
1788562971.3955,2487898,V,523,460,-1
1788562971.3955,2487906,V,527,463,-1
1788562971.3955,2487914,V,547,481,-1
1788562971.3955,2487922,V,552,485,-1
1788562971.4442,2487936,V,541,475,32484
1788562971.4443,2487944,V,518,455,-1
1788562971.4443,2487952,V,563,495,-1
1788562971.4443,2487960,V,520,457,-1
1788562971.4443,2487968,V,549,483,-1
1788562971.4443,2487976,V,533,468,-1
1788562971.4929,2487989,V,518,455,32485
1788562971.4930,2487997,V,504,443,-1
1788562971.4933,2488005,V,542,476,-1
1788562971.4934,2488013,V,519,456,-1
1788562971.4934,2488021,V,528,464,-1
1788562971.4934,2488029,V,518,455,-1
1788562971.5416,2488043,V,543,477,32486
1788562971.5416,2488051,V,519,456,-1
1788562971.5416,2488059,V,533,468,-1
1788562971.5416,2488067,V,538,473,-1
1788562971.5416,2488075,V,549,483,-1
1788562971.5416,2488083,V,532,468,-1
1788562971.5919,2488097,V,534,469,32487
1788562971.5919,2488105,V,521,458,-1
1788562971.5919,2488113,V,517,454,-1
1788562971.5920,2488121,V,512,450,-1
1788562971.5920,2488129,V,511,449,-1
1788562971.5920,2488137,V,502,441,-1
1788562971.6395,2488150,V,540,475,32488
1788562971.6395,2488158,V,543,477,-1
1788562971.6395,2488166,V,522,459,-1
1788562971.6395,2488174,V,498,438,-1
1788562971.6395,2488182,V,528,464,-1
1788562971.6395,2488190,V,521,458,-1
1788562971.7366,2488204,V,524,461,32489
1788562971.7367,2488212,V,514,452,-1
1788562971.7368,2488220,V,546,480,-1
1788562971.7368,2488228,V,511,449,-1
1788562971.7368,2488236,V,509,447,-1
1788562971.7368,2488244,V,501,440,-1
1788562971.7854,2488258,V,522,459,32490
1788562971.7854,2488266,V,501,440,-1
1788562971.7854,2488274,V,536,471,-1
1788562971.7854,2488282,V,520,457,-1
1788562971.7854,2488290,V,520,457,-1
1788562971.7855,2488298,V,504,443,-1
1788562971.8342,2488312,V,520,457,32491
1788562971.8342,2488320,V,529,465,-1
1788562971.8342,2488328,V,529,465,-1
1788562971.8342,2488336,V,544,478,-1
1788562971.8342,2488344,V,510,448,-1
1788562971.8342,2488352,V,534,469,-1
1788562971.8843,2488365,V,525,461,32492
1788562971.8843,2488373,V,529,465,-1
1788562971.8843,2488381,V,519,456,-1
1788562971.8843,2488389,V,569,500,-1
1788562971.8843,2488397,V,511,449,-1
1788562971.8843,2488405,V,529,465,-1
1788562971.9323,2488419,V,530,466,32493
1788562971.9323,2488427,V,509,447,-1
1788562971.9323,2488435,V,520,457,-1
1788562971.9323,2488443,V,560,492,-1
1788562971.9323,2488451,V,531,467,-1
1788562971.9323,2488459,V,525,461,-1
1788562971.9800,2488473,V,527,463,32494
1788562971.9801,2488481,V,538,473,-1
1788562971.9801,2488489,V,547,481,-1
1788562971.9801,2488497,V,526,462,-1
1788562971.9801,2488505,V,554,487,-1
1788562971.9801,2488513,V,539,474,-1
1788562972.0289,2488527,V,543,477,32495
1788562972.0289,2488535,V,541,475,-1
1788562972.0289,2488543,V,555,488,-1
1788562972.0289,2488551,V,543,477,-1
1788562972.0289,2488559,V,541,475,-1
1788562972.0289,2488567,V,559,491,-1
1788562972.0779,2488580,V,568,499,32496
1788562972.0779,2488588,V,569,500,-1
1788562972.0779,2488596,V,577,507,-1
1788562972.0779,2488604,V,602,529,-1
1788562972.0779,2488612,V,613,539,-1
1788562972.0779,2488620,V,608,534,-1
1788562972.1269,2488634,V,626,550,32497
1788562972.1269,2488642,V,646,568,-1
1788562972.1269,2488650,V,698,613,-1
1788562972.1269,2488658,V,759,667,-1
1788562972.1269,2488666,V,1026,902,-1
1788562972.1269,2488674,V,1055,927,-1
1788562972.1772,2488688,V,1073,943,32498
1788562972.1772,2488696,V,1066,937,-1
1788562972.1772,2488704,V,1034,909,-1
1788562972.1772,2488712,V,1047,920,-1
1788562972.1772,2488720,V,1075,945,-1
1788562972.1772,2488728,V,1076,946,-1
1788562972.2742,2488741,V,1046,919,32499
1788562972.2742,2488749,V,1014,891,-1
1788562972.2742,2488757,V,1033,908,-1
1788562972.2742,2488765,V,1059,931,-1
1788562972.2743,2488773,V,1068,939,-1
1788562972.2743,2488781,V,1069,940,-1
1788562972.3216,2488795,V,1057,929,32500
1788562972.3216,2488803,V,1057,929,-1
1788562972.3216,2488811,V,1058,930,-1
1788562972.3216,2488819,V,1059,931,-1
1788562972.3216,2488827,V,1061,933,-1
1788562972.3217,2488835,V,1064,935,-1
1788562972.3703,2488849,V,1072,942,32501
1788562972.3704,2488857,V,1067,938,-1
1788562972.3704,2488865,V,1069,940,-1
1788562972.3704,2488873,V,1069,940,-1
1788562972.3704,2488881,V,1075,945,-1
1788562972.3704,2488889,V,1064,935,-1
1788562972.4191,2488903,V,1068,939,32502
1788562972.4192,2488911,V,1067,938,-1
1788562972.4192,2488919,V,1067,938,-1
1788562972.4192,2488927,V,1073,943,-1
1788562972.4192,2488935,V,1068,939,-1
1788562972.4192,2488943,V,1065,936,-1
1788562972.5674,2488956,V,1072,942,32503
1788562972.5676,2488964,V,1072,942,-1
1788562972.5676,2488972,V,1074,944,-1
1788562972.5676,2488980,V,1075,945,-1
1788562972.5676,2488988,V,1075,945,-1
1788562972.5676,2488996,V,1076,946,-1
1788562972.5681,2489010,V,1071,941,32504
1788562972.5681,2489018,V,1074,944,-1
1788562972.5681,2489026,V,1073,943,-1
1788562972.5681,2489034,V,1076,946,-1
1788562972.5681,2489042,V,1075,945,-1
1788562972.5681,2489050,V,1071,941,-1
1788562972.5682,2489064,V,1079,948,32505
1788562972.5682,2489072,V,1075,945,-1
1788562972.5682,2489080,V,1074,944,-1
1788562972.5682,2489088,V,1075,945,-1
1788562972.5682,2489096,V,1075,945,-1
1788562972.5682,2489104,V,1075,945,-1
1788562972.6142,2489117,V,1076,946,32506
1788562972.6142,2489125,V,1079,948,-1
1788562972.6142,2489133,V,1077,947,-1
1788562972.6143,2489141,V,1077,947,-1
1788562972.6143,2489149,V,1078,947,-1
1788562972.6143,2489157,V,1081,950,-1
1788562972.6629,2489171,V,1075,945,32507
1788562972.6629,2489179,V,1078,947,-1
1788562972.6629,2489187,V,1078,947,-1
1788562972.6629,2489195,V,1077,947,-1
1788562972.6629,2489203,V,1077,947,-1
1788562972.6629,2489211,V,1077,947,-1
1788562972.7606,2489225,V,1078,947,32508
1788562972.7606,2489233,V,1076,946,-1
1788562972.7606,2489241,V,1074,944,-1
1788562972.7606,2489249,V,1078,947,-1
1788562972.7606,2489257,V,1077,947,-1
1788562972.7606,2489265,V,1076,946,-1
1788562972.8110,2489279,V,1076,946,32509
1788562972.8111,2489287,V,1078,947,-1
1788562972.8111,2489295,V,1080,949,-1
1788562972.8111,2489303,V,1075,945,-1
1788562972.8111,2489311,V,1076,946,-1
1788562972.8111,2489319,V,1074,944,-1
1788562972.8600,2489332,V,1076,946,32510
1788562972.8600,2489340,V,1077,947,-1
1788562972.8600,2489348,V,1077,947,-1
1788562972.8600,2489356,V,1079,948,-1
1788562972.8600,2489364,V,1078,947,-1
1788562972.8600,2489372,V,1077,947,-1
1788562972.9066,2489386,V,1077,947,32511
1788562972.9066,2489394,V,1072,942,-1
1788562972.9066,2489402,V,1078,947,-1
1788562972.9066,2489410,V,1075,945,-1
1788562972.9066,2489418,V,1075,945,-1
1788562972.9066,2489426,V,1078,947,-1
1788562972.9562,2489440,V,1075,945,32512
1788562972.9563,2489448,V,1076,946,-1
1788562972.9563,2489456,V,1079,948,-1
1788562972.9563,2489464,V,1084,953,-1
1788562972.9563,2489472,V,1077,947,-1
1788562972.9563,2489480,V,1079,948,-1
1788562973.0049,2489494,V,1078,947,32513
1788562973.0049,2489502,V,1078,947,-1
1788562973.0049,2489510,V,1079,948,-1
1788562973.0049,2489518,V,1078,947,-1
1788562973.0049,2489526,V,1079,948,-1
1788562973.0049,2489534,V,1076,946,-1
1788562973.0529,2489547,V,1077,947,32514
1788562973.0530,2489555,V,1080,949,-1
1788562973.0530,2489563,V,1083,952,-1
1788562973.0530,2489571,V,1078,947,-1
1788562973.0530,2489579,V,1080,949,-1
1788562973.0530,2489587,V,1079,948,-1
1788562973.1040,2489601,V,1075,945,32515
1788562973.1040,2489609,V,1075,945,-1
1788562973.1040,2489617,V,1073,943,-1
1788562973.1040,2489625,V,1074,944,-1
1788562973.1040,2489633,V,1074,944,-1
1788562973.1040,2489641,V,1067,938,-1
1788562973.1523,2489655,V,1071,941,32516
1788562973.1523,2489663,V,1063,934,-1
1788562973.1523,2489671,V,1054,926,-1
1788562973.1523,2489679,V,1048,921,-1
1788562973.1524,2489687,V,1039,913,-1
1788562973.1524,2489695,V,1020,896,-1
1788562973.1992,2489709,V,984,865,32517
1788562973.1992,2489717,V,949,834,-1
1788562973.1992,2489725,V,816,717,-1
1788562973.1993,2489733,V,748,657,-1
1788562973.1993,2489741,V,699,614,-1
1788562973.1993,2489749,V,659,579,-1
1788562973.2980,2489762,V,655,576,32518
1788562973.2981,2489770,V,628,552,-1
1788562973.2981,2489778,V,590,519,-1
1788562973.2981,2489786,V,563,495,-1
1788562973.2982,2489794,V,583,512,-1
1788562973.2982,2489802,V,570,501,-1
1788562973.3455,2489816,V,582,512,32519
1788562973.3455,2489824,V,547,481,-1
1788562973.3455,2489832,V,542,476,-1
1788562973.3455,2489840,V,514,452,-1
1788562973.3455,2489848,V,557,490,-1
1788562973.3455,2489856,V,540,475,-1
1788562973.4448,2489870,V,529,465,32520
1788562973.4449,2489878,V,536,471,-1
1788562973.4449,2489886,V,521,458,-1
1788562973.4449,2489894,V,528,464,-1
1788562973.4449,2489902,V,537,472,-1
1788562973.4449,2489910,V,549,483,-1
1788562973.4451,2489923,V,549,483,32521
1788562973.4451,2489931,V,504,443,-1
1788562973.4451,2489939,V,518,455,-1
1788562973.4451,2489947,V,533,468,-1
1788562973.4451,2489955,V,489,430,-1
1788562973.4451,2489963,V,508,446,-1
1788562973.4918,2489977,V,513,451,32522
1788562973.4918,2489985,V,507,446,-1
1788562973.4918,2489993,V,502,441,-1
1788562973.4918,2490001,V,503,442,-1
1788562973.4918,2490009,V,519,456,-1
1788562973.4919,2490017,V,487,428,-1
1788562973.5407,2490031,V,518,455,32523
1788562973.5408,2490039,V,514,452,-1
1788562973.5408,2490047,V,549,483,-1
1788562973.5408,2490055,V,553,486,-1
1788562973.5409,2490063,V,526,462,-1
1788562973.5409,2490071,V,537,472,-1
1788562973.5897,2490085,V,532,468,32524
1788562973.5898,2490093,V,539,474,-1
1788562973.5898,2490101,V,521,458,-1
1788562973.5898,2490109,V,523,460,-1
1788562973.5898,2490117,V,527,463,-1
1788562973.5898,2490125,V,545,479,-1
1788562973.6382,2490138,V,539,474,32525
1788562973.6382,2490146,V,545,479,-1
1788562973.6382,2490154,V,496,436,-1
1788562973.6382,2490162,V,506,445,-1
1788562973.6382,2490170,V,507,446,-1
1788562973.6382,2490178,V,530,466,-1
1788562973.6890,2490192,V,533,468,32526
1788562973.6891,2490200,V,533,468,-1
1788562973.6891,2490208,V,522,459,-1
1788562973.6891,2490216,V,519,456,-1
1788562973.6891,2490224,V,490,431,-1
1788562973.6891,2490232,V,504,443,-1
1788562973.7369,2490246,V,491,432,32527
1788562973.7370,2490254,V,514,452,-1
1788562973.7370,2490262,V,535,470,-1
1788562973.7370,2490270,V,524,461,-1
1788562973.7370,2490278,V,498,438,-1
1788562973.7370,2490286,V,528,464,-1
1788562973.8335,2490300,V,531,467,32528
1788562973.8336,2490308,V,514,452,-1
1788562973.8337,2490316,V,510,448,-1
1788562973.8337,2490324,V,500,439,-1
1788562973.8337,2490332,V,515,453,-1
1788562973.8338,2490340,V,482,424,-1
1788562973.8823,2490353,V,530,466,32529
1788562973.8824,2490361,V,510,448,-1
1788562973.8824,2490369,V,516,454,-1
1788562973.8824,2490377,V,517,454,-1
1788562973.8824,2490385,V,506,445,-1
1788562973.8824,2490393,V,508,446,-1
1788562973.9308,2490407,V,510,448,32530
1788562973.9308,2490415,V,516,454,-1
1788562973.9308,2490423,V,497,437,-1
1788562973.9308,2490431,V,542,476,-1
1788562973.9308,2490439,V,506,445,-1
1788562973.9308,2490447,V,543,477,-1
1788562973.9813,2490461,V,558,490,32531
1788562973.9813,2490469,V,501,440,-1
1788562973.9813,2490477,V,512,450,-1
1788562973.9813,2490485,V,496,436,-1
1788562973.9813,2490493,V,519,456,-1
1788562973.9813,2490501,V,526,462,-1
1788562974.0294,2490514,V,532,468,32532
1788562974.0294,2490522,V,534,469,-1
1788562974.0294,2490530,V,525,461,-1
1788562974.0294,2490538,V,518,455,-1
1788562974.0294,2490546,V,516,454,-1
1788562974.0294,2490554,V,509,447,-1
1788562974.0769,2490568,V,538,473,32533
1788562974.0770,2490576,V,507,446,-1
1788562974.0771,2490584,V,572,503,-1
1788562974.0771,2490592,V,522,459,-1
1788562974.0771,2490600,V,510,448,-1
1788562974.0771,2490608,V,511,449,-1
1788562974.1260,2490622,V,521,458,32534
1788562974.1260,2490630,V,526,462,-1
1788562974.1260,2490638,V,547,481,-1
1788562974.1260,2490646,V,530,466,-1
1788562974.1260,2490654,V,562,494,-1
1788562974.1260,2490662,V,543,477,-1
1788562974.1754,2490676,V,576,506,32535
1788562974.1754,2490684,V,576,506,-1
1788562974.1755,2490692,V,576,506,-1
1788562974.1755,2490700,V,569,500,-1
1788562974.1755,2490708,V,594,522,-1
1788562974.1755,2490716,V,629,553,-1
1788562974.2234,2490729,V,634,557,32536
1788562974.2235,2490737,V,664,584,-1
1788562974.2235,2490745,V,680,598,-1
1788562974.2235,2490753,V,692,608,-1
1788562974.2235,2490761,V,920,809,-1
1788562974.2235,2490769,V,1007,885,-1
1788562974.2738,2490783,V,1042,916,32537
1788562974.2738,2490791,V,1068,939,-1
1788562974.2738,2490799,V,1080,949,-1
1788562974.2738,2490807,V,1069,940,-1
1788562974.2739,2490815,V,1076,946,-1
1788562974.2739,2490823,V,1076,946,-1
1788562974.3696,2490837,V,1061,933,32538
1788562974.3697,2490845,V,1044,918,-1
1788562974.3697,2490853,V,1039,913,-1
1788562974.3697,2490861,V,1046,919,-1
1788562974.3697,2490869,V,1056,928,-1
1788562974.3698,2490877,V,1058,930,-1
1788562974.4186,2490890,V,1062,933,32539
1788562974.4186,2490898,V,1062,933,-1
1788562974.4186,2490906,V,1060,932,-1
1788562974.4186,2490914,V,1060,932,-1
1788562974.4186,2490922,V,1064,935,-1
1788562974.4186,2490930,V,1062,933,-1
1788562974.5157,2490944,V,1065,936,32540
1788562974.5157,2490952,V,1063,934,-1
1788562974.5157,2490960,V,1067,938,-1
1788562974.5157,2490968,V,1063,934,-1
1788562974.5157,2490976,V,1064,935,-1
1788562974.5158,2490984,V,1064,935,-1
1788562974.5173,2490998,V,1064,935,32541
1788562974.5173,2491006,V,1061,933,-1
1788562974.5173,2491014,V,1064,935,-1
1788562974.5173,2491022,V,1065,936,-1
1788562974.5173,2491030,V,1064,935,-1
1788562974.5173,2491038,V,1062,933,-1
1788562974.5642,2491052,V,1061,933,32542
1788562974.5643,2491060,V,1062,933,-1
1788562974.5643,2491068,V,1062,933,-1
1788562974.5643,2491076,V,1064,935,-1
1788562974.5643,2491084,V,1062,933,-1
1788562974.5643,2491092,V,1063,934,-1
1788562974.6632,2491105,V,1066,937,32543
1788562974.6635,2491113,V,1065,936,-1
1788562974.6635,2491121,V,1062,933,-1
1788562974.6635,2491129,V,1060,932,-1
1788562974.6635,2491137,V,1065,936,-1
1788562974.6636,2491145,V,1062,933,-1
1788562974.6637,2491159,V,1063,934,32544
1788562974.6637,2491167,V,1060,932,-1
1788562974.6637,2491175,V,1062,933,-1
1788562974.6637,2491183,V,1065,936,-1
1788562974.6637,2491191,V,1065,936,-1
1788562974.6637,2491199,V,1063,934,-1
1788562974.7105,2491213,V,1059,931,32545
1788562974.7105,2491221,V,1063,934,-1
1788562974.7105,2491229,V,1063,934,-1
1788562974.7105,2491237,V,1062,933,-1
1788562974.7106,2491245,V,1064,935,-1
1788562974.7106,2491253,V,1063,934,-1
1788562974.7590,2491267,V,1062,933,32546
1788562974.7590,2491275,V,1062,933,-1
1788562974.7590,2491283,V,1063,934,-1
1788562974.7590,2491291,V,1057,929,-1
1788562974.7590,2491299,V,1060,932,-1
1788562974.7590,2491307,V,1058,930,-1
1788562974.8079,2491320,V,1059,931,32547
1788562974.8079,2491328,V,1065,936,-1
1788562974.8079,2491336,V,1064,935,-1
1788562974.8079,2491344,V,1060,932,-1
1788562974.8079,2491352,V,1058,930,-1
1788562974.8079,2491360,V,1059,931,-1
1788562974.9071,2491374,V,1061,933,32548
1788562974.9072,2491382,V,1057,929,-1
1788562974.9072,2491390,V,1058,930,-1
1788562974.9072,2491398,V,1059,931,-1
1788562974.9072,2491406,V,1061,933,-1
1788562974.9073,2491414,V,1059,931,-1
1788562974.9562,2491428,V,1063,934,32549
1788562974.9563,2491436,V,1063,934,-1
1788562974.9563,2491444,V,1062,933,-1
1788562974.9563,2491452,V,1060,932,-1
1788562974.9563,2491460,V,1062,933,-1
1788562974.9563,2491468,V,1063,934,-1
1788562975.0028,2491481,V,1059,931,32550
1788562975.0028,2491489,V,1057,929,-1
1788562975.0029,2491497,V,1058,930,-1
1788562975.0029,2491505,V,1061,933,-1
1788562975.0029,2491513,V,1061,933,-1
1788562975.0029,2491521,V,1057,929,-1
1788562975.0514,2491535,V,1058,930,32551
1788562975.0514,2491543,V,1058,930,-1
1788562975.0514,2491551,V,1057,929,-1
1788562975.0514,2491559,V,1061,933,-1
1788562975.0514,2491567,V,1055,927,-1
1788562975.0514,2491575,V,1055,927,-1
1788562975.1004,2491589,V,1056,928,32552
1788562975.1004,2491597,V,1060,932,-1
1788562975.1004,2491605,V,1053,925,-1
1788562975.1004,2491613,V,1056,928,-1
1788562975.1005,2491621,V,1054,926,-1
1788562975.1005,2491629,V,1051,924,-1
1788562975.1492,2491643,V,1053,925,32553
1788562975.1493,2491651,V,1054,926,-1
1788562975.1493,2491659,V,1052,925,-1
1788562975.1494,2491667,V,1055,927,-1
1788562975.1494,2491675,V,1050,923,-1
1788562975.1494,2491683,V,1049,922,-1
1788562975.1997,2491696,V,1044,918,32554
1788562975.1998,2491704,V,1044,918,-1
1788562975.1998,2491712,V,1042,916,-1
1788562975.1998,2491720,V,1031,906,-1
1788562975.1998,2491728,V,1024,900,-1
1788562975.1998,2491736,V,1018,895,-1
1788562975.2489,2491750,V,1005,883,32555
1788562975.2489,2491758,V,995,875,-1
1788562975.2490,2491766,V,964,847,-1
1788562975.2490,2491774,V,862,758,-1
1788562975.2490,2491782,V,760,668,-1
1788562975.2490,2491790,V,705,620,-1
1788562975.2968,2491804,V,671,590,32556
1788562975.2968,2491812,V,625,549,-1
1788562975.2968,2491820,V,603,530,-1
1788562975.2968,2491828,V,602,529,-1
1788562975.2968,2491836,V,576,506,-1
1788562975.2968,2491844,V,549,483,-1
1788562975.3933,2491857,V,571,502,32557
1788562975.3933,2491865,V,550,483,-1
1788562975.3933,2491873,V,535,470,-1
1788562975.3933,2491881,V,552,485,-1
1788562975.3933,2491889,V,553,486,-1
1788562975.3933,2491897,V,581,511,-1
1788562975.4415,2491911,V,524,461,32558
1788562975.4415,2491919,V,517,454,-1
1788562975.4415,2491927,V,534,469,-1
1788562975.4415,2491935,V,519,456,-1
1788562975.4415,2491943,V,508,446,-1
1788562975.4415,2491951,V,517,454,-1
1788562975.4924,2491965,V,495,435,32559
1788562975.4924,2491973,V,510,448,-1
1788562975.4924,2491981,V,533,468,-1
1788562975.4924,2491989,V,526,462,-1
1788562975.4925,2491997,V,513,451,-1
1788562975.4925,2492005,V,513,451,-1
1788562975.5884,2492019,V,501,440,32560
1788562975.5884,2492027,V,539,474,-1
1788562975.5884,2492035,V,517,454,-1
1788562975.5884,2492043,V,543,477,-1
1788562975.5884,2492051,V,552,485,-1
1788562975.5885,2492059,V,549,483,-1
1788562975.5903,2492072,V,527,463,32561
1788562975.5903,2492080,V,490,431,-1
1788562975.5903,2492088,V,513,451,-1
1788562975.5903,2492096,V,514,452,-1
1788562975.5903,2492104,V,505,444,-1
1788562975.5904,2492112,V,516,454,-1
1788562975.6367,2492126,V,546,480,32562
1788562975.6368,2492134,V,498,438,-1
1788562975.6368,2492142,V,504,443,-1
1788562975.6368,2492150,V,547,481,-1
1788562975.6368,2492158,V,496,436,-1
1788562975.6368,2492166,V,531,467,-1
1788562975.6855,2492180,V,513,451,32563
1788562975.6855,2492188,V,499,439,-1
1788562975.6855,2492196,V,552,485,-1
1788562975.6855,2492204,V,527,463,-1
1788562975.6855,2492212,V,512,450,-1
1788562975.6855,2492220,V,505,444,-1
1788562975.7341,2492233,V,510,448,32564
1788562975.7342,2492241,V,524,461,-1
1788562975.7342,2492249,V,508,446,-1
1788562975.7342,2492257,V,499,439,-1
1788562975.7342,2492265,V,500,439,-1
1788562975.7342,2492273,V,507,446,-1
1788562975.7846,2492287,V,517,454,32565
1788562975.7846,2492295,V,514,452,-1
1788562975.7846,2492303,V,526,462,-1
1788562975.7846,2492311,V,514,452,-1
1788562975.7846,2492319,V,546,480,-1
1788562975.7846,2492327,V,511,449,-1
1788562975.8329,2492341,V,567,498,32566
1788562975.8329,2492349,V,513,451,-1
1788562975.8329,2492357,V,516,454,-1
1788562975.8329,2492365,V,520,457,-1
1788562975.8329,2492373,V,513,451,-1
1788562975.8329,2492381,V,525,461,-1
1788562975.9291,2492395,V,510,448,32567
1788562975.9292,2492403,V,517,454,-1
1788562975.9292,2492411,V,529,465,-1
1788562975.9292,2492419,V,512,450,-1
1788562975.9292,2492427,V,525,461,-1
1788562975.9292,2492435,V,492,432,-1
1788562975.9785,2492448,V,521,458,32568
1788562975.9785,2492456,V,508,446,-1
1788562975.9785,2492464,V,504,443,-1
1788562975.9785,2492472,V,513,451,-1
1788562975.9785,2492480,V,518,455,-1
1788562975.9786,2492488,V,503,442,-1
1788562976.0270,2492502,V,545,479,32569
1788562976.0270,2492510,V,494,434,-1
1788562976.0270,2492518,V,538,473,-1
1788562976.0270,2492526,V,496,436,-1
1788562976.0270,2492534,V,521,458,-1
1788562976.0270,2492542,V,479,421,-1
1788562976.0776,2492556,V,512,450,32570
1788562976.0777,2492564,V,521,458,-1
1788562976.0777,2492572,V,530,466,-1
1788562976.0777,2492580,V,554,487,-1
1788562976.0777,2492588,V,514,452,-1
1788562976.0777,2492596,V,519,456,-1
1788562976.1257,2492610,V,544,478,32571
1788562976.1257,2492618,V,541,475,-1
1788562976.1257,2492626,V,520,457,-1
1788562976.1257,2492634,V,536,471,-1
1788562976.1257,2492642,V,524,461,-1
1788562976.1257,2492650,V,525,461,-1
1788562976.1731,2492663,V,538,473,32572
1788562976.1732,2492671,V,530,466,-1
1788562976.1732,2492679,V,573,504,-1
1788562976.1732,2492687,V,562,494,-1
1788562976.1732,2492695,V,569,500,-1
1788562976.1732,2492703,V,575,505,-1
1788562976.2222,2492717,V,603,530,32573
1788562976.2222,2492725,V,601,528,-1
1788562976.2222,2492733,V,666,585,-1
1788562976.2222,2492741,V,664,584,-1
1788562976.2223,2492749,V,716,629,-1
1788562976.2223,2492757,V,970,853,-1
1788562976.2708,2492771,V,1003,882,32574
1788562976.2709,2492779,V,1013,890,-1
1788562976.2709,2492787,V,1034,909,-1
1788562976.2709,2492795,V,1050,923,-1
1788562976.2709,2492803,V,1051,924,-1
1788562976.2709,2492811,V,1059,931,-1
1788562976.3217,2492825,V,1065,936,32575
1788562976.3217,2492833,V,1059,931,-1
1788562976.3217,2492841,V,1050,923,-1
1788562976.3217,2492849,V,1042,916,-1
1788562976.3217,2492857,V,1045,918,-1
1788562976.3217,2492865,V,1051,924,-1
1788562976.3682,2492878,V,1057,929,32576
1788562976.3682,2492886,V,1052,925,-1
1788562976.3682,2492894,V,1050,923,-1
1788562976.3682,2492902,V,1051,924,-1
1788562976.3682,2492910,V,1051,924,-1
1788562976.3683,2492918,V,1058,930,-1
1788562976.4659,2492932,V,1054,926,32577
1788562976.4660,2492940,V,1057,929,-1
1788562976.4660,2492948,V,1058,930,-1
1788562976.4661,2492956,V,1058,930,-1
1788562976.4661,2492964,V,1061,933,-1
1788562976.4661,2492972,V,1058,930,-1
1788562976.5148,2492986,V,1059,931,32578
1788562976.5149,2492994,V,1058,930,-1
1788562976.5149,2493002,V,1054,926,-1
1788562976.5149,2493010,V,1052,925,-1
1788562976.5149,2493018,V,1057,929,-1
1788562976.5149,2493026,V,1049,922,-1
1788562976.5632,2493039,V,1053,925,32579
1788562976.5632,2493047,V,1054,926,-1
1788562976.5632,2493055,V,1055,927,-1
1788562976.5632,2493063,V,1056,928,-1
1788562976.5632,2493071,V,1053,925,-1
1788562976.5632,2493079,V,1058,930,-1
1788562976.6121,2493093,V,1056,928,32580
1788562976.6122,2493101,V,1053,925,-1
1788562976.6122,2493109,V,1057,929,-1
1788562976.6122,2493117,V,1058,930,-1
1788562976.6122,2493125,V,1057,929,-1
1788562976.6122,2493133,V,1057,929,-1
1788562976.6611,2493147,V,1055,927,32581
1788562976.6611,2493155,V,1054,926,-1
1788562976.6611,2493163,V,1056,928,-1
1788562976.6611,2493171,V,1056,928,-1
1788562976.6611,2493179,V,1054,926,-1
1788562976.6611,2493187,V,1056,928,-1
1788562976.7604,2493201,V,1051,924,32582
1788562976.7613,2493209,V,1053,925,-1
1788562976.7613,2493217,V,1054,926,-1
1788562976.7613,2493225,V,1058,930,-1
1788562976.7613,2493233,V,1058,930,-1
1788562976.7613,2493241,V,1057,929,-1
1788562976.7615,2493254,V,1057,929,32583
1788562976.7615,2493262,V,1052,925,-1
1788562976.7615,2493270,V,1057,929,-1
1788562976.7615,2493278,V,1057,929,-1
1788562976.7615,2493286,V,1058,930,-1
1788562976.7616,2493294,V,1055,927,-1
1788562976.8076,2493308,V,1056,928,32584
1788562976.8076,2493316,V,1054,926,-1
1788562976.8076,2493324,V,1053,925,-1
1788562976.8076,2493332,V,1051,924,-1
1788562976.8076,2493340,V,1054,926,-1
1788562976.8076,2493348,V,1055,927,-1
1788562976.8557,2493362,V,1052,925,32585
1788562976.8557,2493370,V,1051,924,-1
1788562976.8558,2493378,V,1057,929,-1
1788562976.8558,2493386,V,1050,923,-1
1788562976.8558,2493394,V,1057,929,-1
1788562976.8558,2493402,V,1053,925,-1
1788562976.9040,2493415,V,1047,920,32586
1788562976.9040,2493423,V,1050,923,-1
1788562976.9040,2493431,V,1051,924,-1
1788562976.9040,2493439,V,1049,922,-1
1788562976.9040,2493447,V,1049,922,-1
1788562976.9040,2493455,V,1046,919,-1
1788562977.0027,2493469,V,1048,921,32587
1788562977.0028,2493477,V,1049,922,-1
1788562977.0028,2493485,V,1051,924,-1
1788562977.0028,2493493,V,1054,926,-1
1788562977.0028,2493501,V,1047,920,-1
1788562977.0028,2493509,V,1050,923,-1
1788562977.0519,2493523,V,1046,919,32588
1788562977.0519,2493531,V,1045,918,-1
1788562977.0519,2493539,V,1051,924,-1
1788562977.0519,2493547,V,1050,923,-1
1788562977.0519,2493555,V,1048,921,-1
1788562977.0519,2493563,V,1048,921,-1
1788562977.0995,2493577,V,1046,919,32589
1788562977.0995,2493585,V,1050,923,-1
1788562977.0995,2493593,V,1052,925,-1
1788562977.0996,2493601,V,1044,918,-1
1788562977.0996,2493609,V,1046,919,-1
1788562977.0996,2493617,V,1043,917,-1
1788562977.1488,2493630,V,1045,918,32590
1788562977.1488,2493638,V,1045,918,-1
1788562977.1488,2493646,V,1044,918,-1
1788562977.1488,2493654,V,1046,919,-1
1788562977.1488,2493662,V,1043,917,-1
1788562977.1488,2493670,V,1044,918,-1
1788562977.1970,2493684,V,1041,915,32591
1788562977.1970,2493692,V,1040,914,-1
1788562977.1970,2493700,V,1037,911,-1
1788562977.1970,2493708,V,1029,904,-1
1788562977.1970,2493716,V,1016,893,-1
1788562977.1970,2493724,V,1003,882,-1
1788562977.2459,2493738,V,984,865,32592
1788562977.2461,2493746,V,966,849,-1
1788562977.2461,2493754,V,897,788,-1
1788562977.2461,2493762,V,789,693,-1
1788562977.2461,2493770,V,720,633,-1
1788562977.2461,2493778,V,689,606,-1
1788562977.2975,2493792,V,657,577,32593
1788562977.2975,2493800,V,608,534,-1
1788562977.2975,2493808,V,596,524,-1
1788562977.2976,2493816,V,600,527,-1
1788562977.2976,2493824,V,580,510,-1
1788562977.2976,2493832,V,562,494,-1
1788562977.3458,2493845,V,569,500,32594
1788562977.3459,2493853,V,560,492,-1
1788562977.3459,2493861,V,542,476,-1
1788562977.3459,2493869,V,523,460,-1
1788562977.3459,2493877,V,509,447,-1
1788562977.3459,2493885,V,522,459,-1
1788562977.3932,2493899,V,551,484,32595
1788562977.3932,2493907,V,517,454,-1
1788562977.3932,2493915,V,511,449,-1
1788562977.3932,2493923,V,527,463,-1
1788562977.3932,2493931,V,552,485,-1
1788562977.3932,2493939,V,532,468,-1
1788562977.4408,2493953,V,508,446,32596
1788562977.4409,2493961,V,534,469,-1
1788562977.4409,2493969,V,514,452,-1
1788562977.4409,2493977,V,518,455,-1
1788562977.4409,2493985,V,514,452,-1
1788562977.4409,2493993,V,522,459,-1
1788562977.5399,2494007,V,497,437,32597
1788562977.5401,2494015,V,518,455,-1
1788562977.5401,2494023,V,503,442,-1
1788562977.5401,2494031,V,493,433,-1
1788562977.5401,2494039,V,520,457,-1
1788562977.5401,2494047,V,530,466,-1
1788562977.5887,2494060,V,504,443,32598
1788562977.5887,2494068,V,508,446,-1
1788562977.5887,2494076,V,512,450,-1
1788562977.5887,2494084,V,499,439,-1
1788562977.5887,2494092,V,528,464,-1
1788562977.5888,2494100,V,516,454,-1
1788562977.6364,2494114,V,483,425,32599
1788562977.6365,2494122,V,534,469,-1
1788562977.6365,2494130,V,524,461,-1
1788562977.6365,2494138,V,510,448,-1
1788562977.6365,2494146,V,535,470,-1
1788562977.6365,2494154,V,483,425,-1
1788562977.6841,2494168,V,489,430,32600
1788562977.6841,2494176,V,500,439,-1
1788562977.6842,2494184,V,493,433,-1
1788562977.6842,2494192,V,532,468,-1
1788562977.6842,2494200,V,515,453,-1
1788562977.6842,2494208,V,506,445,-1
1788562977.7336,2494222,V,545,479,32601
1788562977.7336,2494230,V,517,454,-1
1788562977.7336,2494238,V,485,426,-1
1788562977.7336,2494246,V,525,461,-1
1788562977.7336,2494254,V,540,475,-1
1788562977.7337,2494262,V,474,417,-1
1788562977.7817,2494275,V,495,435,32602
1788562977.7818,2494283,V,510,448,-1
1788562977.7818,2494291,V,527,463,-1
1788562977.7818,2494299,V,490,431,-1
1788562977.7818,2494307,V,527,463,-1
1788562977.7818,2494315,V,513,451,-1
1788562977.8304,2494329,V,513,451,32603
1788562977.8304,2494337,V,509,447,-1
1788562977.8305,2494345,V,516,454,-1
1788562977.8305,2494353,V,508,446,-1
1788562977.8305,2494361,V,494,434,-1
1788562977.8305,2494369,V,550,483,-1
1788562977.8810,2494383,V,519,456,32604
1788562977.8811,2494391,V,500,439,-1
1788562977.8811,2494399,V,502,441,-1
1788562977.8811,2494407,V,500,439,-1
1788562977.8811,2494415,V,495,435,-1
1788562977.8811,2494423,V,480,422,-1
1788562977.9290,2494436,V,501,440,32605
1788562977.9290,2494444,V,526,462,-1
1788562977.9290,2494452,V,515,453,-1
1788562977.9290,2494460,V,505,444,-1
1788562977.9290,2494468,V,505,444,-1
1788562977.9290,2494476,V,528,464,-1
1788562978.0255,2494490,V,500,439,32606
1788562978.0256,2494498,V,496,436,-1
1788562978.0256,2494506,V,500,439,-1
1788562978.0256,2494514,V,529,465,-1
1788562978.0256,2494522,V,517,454,-1
1788562978.0256,2494530,V,550,483,-1
1788562978.0742,2494544,V,533,468,32607
1788562978.0742,2494552,V,509,447,-1
1788562978.0742,2494560,V,494,434,-1
1788562978.0742,2494568,V,483,425,-1
1788562978.0742,2494576,V,524,461,-1
1788562978.0742,2494584,V,533,468,-1
1788562978.1229,2494598,V,511,449,32608
1788562978.1229,2494606,V,531,467,-1
1788562978.1229,2494614,V,538,473,-1
1788562978.1229,2494622,V,516,454,-1
1788562978.1229,2494630,V,541,475,-1
1788562978.1229,2494638,V,551,484,-1
1788562978.1734,2494651,V,548,482,32609
1788562978.1734,2494659,V,522,459,-1
1788562978.1734,2494667,V,537,472,-1
1788562978.1734,2494675,V,504,443,-1
1788562978.1734,2494683,V,529,465,-1
1788562978.1734,2494691,V,543,477,-1
1788562978.2219,2494705,V,528,464,32610
1788562978.2219,2494713,V,558,490,-1
1788562978.2219,2494721,V,544,478,-1
1788562978.2219,2494729,V,541,475,-1
1788562978.2219,2494737,V,592,520,-1
1788562978.2219,2494745,V,573,504,-1
1788562978.2710,2494759,V,602,529,32611
1788562978.2711,2494767,V,615,541,-1
1788562978.2711,2494775,V,649,570,-1
1788562978.2712,2494783,V,863,758,-1
1788562978.2712,2494791,V,932,819,-1
1788562978.2712,2494799,V,966,849,-1
1788562978.3195,2494813,V,997,876,32612
1788562978.3195,2494821,V,992,872,-1
1788562978.3195,2494829,V,1007,885,-1
1788562978.3195,2494837,V,1008,886,-1
1788562978.3195,2494845,V,1000,879,-1
1788562978.3195,2494853,V,995,875,-1
1788562978.3672,2494866,V,989,869,32613
1788562978.3672,2494874,V,966,849,-1
1788562978.3673,2494882,V,970,853,-1
1788562978.3673,2494890,V,990,870,-1
1788562978.3673,2494898,V,1003,882,-1
1788562978.3673,2494906,V,997,876,-1
1788562978.4155,2494920,V,1000,879,32614
1788562978.4155,2494928,V,1001,880,-1
1788562978.4155,2494936,V,1003,882,-1
1788562978.4155,2494944,V,1003,882,-1
1788562978.4155,2494952,V,1005,883,-1
1788562978.4155,2494960,V,1009,887,-1
1788562978.4642,2494974,V,1014,891,32615
1788562978.4643,2494982,V,1012,889,-1
1788562978.4643,2494990,V,1005,883,-1
1788562978.4643,2494998,V,1008,886,-1
1788562978.4643,2495006,V,1010,888,-1
1788562978.4643,2495014,V,1008,886,-1
1788562978.6105,2495028,V,1015,892,32616
1788562978.6106,2495036,V,1015,892,-1
1788562978.6107,2495044,V,1016,893,-1
1788562978.6107,2495052,V,1011,889,-1
1788562978.6107,2495060,V,1013,890,-1
1788562978.6107,2495068,V,1015,892,-1
1788562978.6116,2495081,V,1018,895,32617
1788562978.6116,2495089,V,1016,893,-1
1788562978.6116,2495097,V,1013,890,-1
1788562978.6116,2495105,V,1009,887,-1
1788562978.6116,2495113,V,1016,893,-1
1788562978.6116,2495121,V,1015,892,-1
1788562978.6602,2495135,V,1014,891,32618
1788562978.6602,2495143,V,1024,900,-1
1788562978.6603,2495151,V,1015,892,-1
1788562978.6603,2495159,V,1020,896,-1
1788562978.6607,2495167,V,1020,896,-1
1788562978.6608,2495175,V,1022,898,-1
1788562978.7089,2495189,V,1026,902,32619
1788562978.7089,2495197,V,1022,898,-1
1788562978.7089,2495205,V,1017,894,-1
1788562978.7090,2495213,V,1024,900,-1
1788562978.7090,2495221,V,1022,898,-1
1788562978.7090,2495229,V,1024,900,-1
1788562978.7568,2495243,V,1021,897,32620
1788562978.7568,2495251,V,1020,896,-1
1788562978.7568,2495259,V,1029,904,-1
1788562978.7568,2495267,V,1027,903,-1
1788562978.7568,2495275,V,1026,902,-1
1788562978.7568,2495283,V,1029,904,-1
1788562978.9038,2495296,V,1027,903,32621
1788562978.9039,2495304,V,1033,908,-1
1788562978.9039,2495312,V,1029,904,-1
1788562978.9039,2495320,V,1031,906,-1
1788562978.9039,2495328,V,1029,904,-1
1788562978.9040,2495336,V,1036,911,-1
1788562978.9053,2495350,V,1030,905,32622
1788562978.9053,2495358,V,1029,904,-1
1788562978.9053,2495366,V,1033,908,-1
1788562978.9053,2495374,V,1030,905,-1
1788562978.9053,2495382,V,1030,905,-1
1788562978.9053,2495390,V,1033,908,-1
1788562978.9055,2495404,V,1033,908,32623
1788562978.9055,2495412,V,1028,904,-1
1788562978.9055,2495420,V,1029,904,-1
1788562978.9055,2495428,V,1032,907,-1
1788562978.9055,2495436,V,1026,902,-1
1788562978.9055,2495444,V,1025,901,-1
1788562978.9517,2495458,V,1031,906,32624
1788562978.9518,2495466,V,1034,909,-1
1788562978.9518,2495474,V,1032,907,-1
1788562978.9518,2495482,V,1029,904,-1
1788562978.9518,2495490,V,1025,901,-1
1788562978.9518,2495498,V,1031,906,-1
1788562979.0005,2495511,V,1020,896,32625
1788562979.0005,2495519,V,1023,899,-1
1788562979.0005,2495527,V,1021,897,-1
1788562979.0005,2495535,V,1023,899,-1
1788562979.0005,2495543,V,1021,897,-1
1788562979.0006,2495551,V,1023,899,-1
1788562979.0993,2495565,V,1021,897,32626
1788562979.0993,2495573,V,1022,898,-1
1788562979.0993,2495581,V,1020,896,-1
1788562979.0993,2495589,V,1016,893,-1
1788562979.0993,2495597,V,1010,888,-1
1788562979.0994,2495605,V,1010,888,-1
1788562979.1484,2495619,V,1012,889,32627
1788562979.1485,2495627,V,1004,882,-1
1788562979.1485,2495635,V,992,872,-1
1788562979.1485,2495643,V,995,875,-1
1788562979.1485,2495651,V,986,867,-1
1788562979.1486,2495659,V,977,859,-1
1788562979.1959,2495672,V,963,846,32628
1788562979.1960,2495680,V,962,846,-1
1788562979.1960,2495688,V,942,828,-1
1788562979.1960,2495696,V,903,794,-1
1788562979.1960,2495704,V,784,689,-1
1788562979.1960,2495712,V,733,644,-1
1788562979.2933,2495726,V,696,612,32629
1788562979.2933,2495734,V,661,581,-1
1788562979.2933,2495742,V,654,575,-1
1788562979.2934,2495750,V,629,553,-1
1788562979.2934,2495758,V,614,540,-1
1788562979.2934,2495766,V,593,521,-1
1788562979.2942,2495780,V,576,506,32630
1788562979.2942,2495788,V,582,512,-1
1788562979.2942,2495796,V,554,487,-1
1788562979.2942,2495804,V,548,482,-1
1788562979.2942,2495812,V,564,496,-1
1788562979.2942,2495820,V,548,482,-1
1788562979.3439,2495834,V,537,472,32631
1788562979.3439,2495842,V,540,475,-1
1788562979.3439,2495850,V,550,483,-1
1788562979.3439,2495858,V,540,475,-1
1788562979.3439,2495866,V,512,450,-1
1788562979.3440,2495874,V,531,467,-1
1788562979.3931,2495888,V,524,461,32632
1788562979.3932,2495896,V,521,458,-1
1788562979.3932,2495904,V,509,447,-1
1788562979.3932,2495912,V,531,467,-1
1788562979.3932,2495920,V,503,442,-1
1788562979.3932,2495928,V,536,471,-1
1788562979.4416,2495941,V,537,472,32633
1788562979.4416,2495949,V,495,435,-1
1788562979.4416,2495957,V,508,446,-1
1788562979.4416,2495965,V,523,460,-1
1788562979.4416,2495973,V,517,454,-1
1788562979.4416,2495981,V,521,458,-1
1788562979.4883,2495995,V,507,446,32634
1788562979.4884,2496003,V,518,455,-1
1788562979.4884,2496011,V,503,442,-1
1788562979.4884,2496019,V,516,454,-1
1788562979.4884,2496027,V,518,455,-1
1788562979.4884,2496035,V,508,446,-1
1788562979.5379,2496049,V,486,427,32635
1788562979.5379,2496057,V,519,456,-1
1788562979.5380,2496065,V,517,454,-1
1788562979.5380,2496073,V,533,468,-1
1788562979.5380,2496081,V,517,454,-1
1788562979.5380,2496089,V,528,464,-1
1788562979.6346,2496102,V,507,446,32636
1788562979.6348,2496110,V,497,437,-1
1788562979.6348,2496118,V,513,451,-1
1788562979.6348,2496126,V,528,464,-1
1788562979.6348,2496134,V,522,459,-1
1788562979.6348,2496142,V,509,447,-1
1788562979.6848,2496156,V,519,456,32637
1788562979.6848,2496164,V,506,445,-1
1788562979.6849,2496172,V,522,459,-1
1788562979.6849,2496180,V,487,428,-1
1788562979.6849,2496188,V,522,459,-1
1788562979.6849,2496196,V,536,471,-1
1788562979.7333,2496210,V,533,468,32638
1788562979.7334,2496218,V,519,456,-1
1788562979.7334,2496226,V,545,479,-1
1788562979.7334,2496234,V,527,463,-1
1788562979.7334,2496242,V,519,456,-1
1788562979.7334,2496250,V,514,452,-1
1788562979.7808,2496264,V,507,446,32639
1788562979.7809,2496272,V,493,433,-1
1788562979.7809,2496280,V,519,456,-1
1788562979.7809,2496288,V,507,446,-1
1788562979.7809,2496296,V,506,445,-1
1788562979.7809,2496304,V,496,436,-1
1788562979.8306,2496317,V,509,447,32640
1788562979.8306,2496325,V,522,459,-1
1788562979.8306,2496333,V,502,441,-1
1788562979.8306,2496341,V,504,443,-1
1788562979.8306,2496349,V,497,437,-1
1788562979.8306,2496357,V,519,456,-1
1788562979.8781,2496371,V,532,468,32641
1788562979.8783,2496379,V,493,433,-1
1788562979.8783,2496387,V,491,432,-1
1788562979.8783,2496395,V,510,448,-1
1788562979.8783,2496403,V,519,456,-1
1788562979.8783,2496411,V,509,447,-1
1788562979.9283,2496425,V,521,458,32642
1788562979.9283,2496433,V,515,453,-1
1788562979.9283,2496441,V,510,448,-1
1788562979.9283,2496449,V,509,447,-1
1788562979.9283,2496457,V,523,460,-1
1788562979.9283,2496465,V,511,449,-1
1788562979.9773,2496479,V,511,449,32643
1788562979.9774,2496487,V,512,450,-1
1788562979.9774,2496495,V,521,458,-1
1788562979.9774,2496503,V,506,445,-1
1788562979.9774,2496511,V,505,444,-1
1788562979.9774,2496519,V,505,444,-1
1788562980.0264,2496532,V,514,452,32644
1788562980.0266,2496540,V,516,454,-1
1788562980.0266,2496548,V,491,432,-1
1788562980.0266,2496556,V,511,449,-1
1788562980.0266,2496564,V,507,446,-1
1788562980.0266,2496572,V,493,433,-1
1788562980.1215,2496586,V,496,436,32645
1788562980.1216,2496594,V,507,446,-1
1788562980.1216,2496602,V,507,446,-1
1788562980.1216,2496610,V,519,456,-1
1788562980.1216,2496618,V,526,462,-1
1788562980.1216,2496626,V,547,481,-1
1788562980.1703,2496640,V,535,470,32646
1788562980.1703,2496648,V,515,453,-1
1788562980.1703,2496656,V,513,451,-1
1788562980.1703,2496664,V,548,482,-1
1788562980.1703,2496672,V,524,461,-1
1788562980.1703,2496680,V,530,466,-1
1788562980.2192,2496694,V,544,478,32647
1788562980.2193,2496702,V,547,481,-1
1788562980.2193,2496710,V,558,490,-1
1788562980.2193,2496718,V,587,516,-1
1788562980.2193,2496726,V,567,498,-1
1788562980.2193,2496734,V,573,504,-1
1788562980.2691,2496748,V,605,532,32648
1788562980.2691,2496756,V,631,555,-1
1788562980.2691,2496764,V,677,595,-1
1788562980.2691,2496772,V,915,804,-1
1788562980.2691,2496780,V,978,860,-1
1788562980.2691,2496788,V,1014,891,-1
1788562980.3180,2496801,V,1028,904,32649
1788562980.3180,2496809,V,1019,896,-1
1788562980.3180,2496817,V,1029,904,-1
1788562980.3180,2496825,V,1032,907,-1
1788562980.3180,2496833,V,1030,905,-1
1788562980.3180,2496841,V,1017,894,-1
1788562980.3654,2496855,V,1014,891,32650
1788562980.3655,2496863,V,1018,895,-1
1788562980.3655,2496871,V,1019,896,-1
1788562980.3655,2496879,V,1021,897,-1
1788562980.3655,2496887,V,1022,898,-1
1788562980.3655,2496895,V,1019,896,-1
1788562980.4143,2496909,V,1021,897,32651
1788562980.4143,2496917,V,1020,896,-1
1788562980.4143,2496925,V,1023,899,-1
1788562980.4143,2496933,V,1026,902,-1
1788562980.4143,2496941,V,1025,901,-1
1788562980.4143,2496949,V,1028,904,-1
1788562980.4628,2496962,V,1025,901,32652
1788562980.4628,2496970,V,1036,911,-1
1788562980.4628,2496978,V,1027,903,-1
1788562980.4628,2496986,V,1028,904,-1
1788562980.4628,2496994,V,1024,900,-1
1788562980.4628,2497002,V,1028,904,-1
1788562980.5116,2497016,V,1030,905,32653
1788562980.5117,2497024,V,1028,904,-1
1788562980.5117,2497032,V,1026,902,-1
1788562980.5117,2497040,V,1030,905,-1
1788562980.5117,2497048,V,1035,910,-1
1788562980.5117,2497056,V,1031,906,-1
1788562980.5606,2497070,V,1036,911,32654
1788562980.5606,2497078,V,1040,914,-1
1788562980.5606,2497086,V,1031,906,-1
1788562980.5606,2497094,V,1033,908,-1
1788562980.5606,2497102,V,1034,909,-1
1788562980.5606,2497110,V,1033,908,-1
1788562980.6598,2497124,V,1033,908,32655
1788562980.6599,2497132,V,1031,906,-1
1788562980.6599,2497140,V,1032,907,-1
1788562980.6599,2497148,V,1034,909,-1
1788562980.6599,2497156,V,1033,908,-1
1788562980.6599,2497164,V,1037,911,-1
1788562980.7067,2497177,V,1040,914,32656
1788562980.7067,2497185,V,1037,911,-1
1788562980.7067,2497193,V,1031,906,-1
1788562980.7067,2497201,V,1035,910,-1
1788562980.7067,2497209,V,1033,908,-1
1788562980.7067,2497217,V,1034,909,-1
1788562980.7554,2497231,V,1035,910,32657
1788562980.7555,2497239,V,1033,908,-1
1788562980.7555,2497247,V,1038,912,-1
1788562980.7555,2497255,V,1035,910,-1
1788562980.7555,2497263,V,1036,911,-1
1788562980.7555,2497271,V,1037,911,-1
1788562980.8179,2497285,V,1027,903,32658
1788562980.8180,2497293,V,1036,911,-1
1788562980.8180,2497301,V,1035,910,-1
1788562980.8180,2497309,V,1037,911,-1
1788562980.8180,2497317,V,1037,911,-1
1788562980.8180,2497325,V,1030,905,-1
1788562980.8538,2497339,V,1035,910,32659
1788562980.8538,2497347,V,1035,910,-1
1788562980.8538,2497355,V,1039,913,-1
1788562980.8538,2497363,V,1031,906,-1
1788562980.8538,2497371,V,1038,912,-1
1788562980.8538,2497379,V,1036,911,-1
1788562980.9505,2497392,V,1037,911,32660
1788562980.9506,2497400,V,1035,910,-1
1788562980.9506,2497408,V,1035,910,-1
1788562980.9506,2497416,V,1030,905,-1
1788562980.9506,2497424,V,1035,910,-1
1788562980.9506,2497432,V,1034,909,-1
1788562980.9519,2497446,V,1040,914,32661
1788562980.9519,2497454,V,1036,911,-1
1788562980.9519,2497462,V,1035,910,-1
1788562980.9519,2497470,V,1034,909,-1
1788562980.9519,2497478,V,1036,911,-1
1788562980.9519,2497486,V,1038,912,-1
1788562981.0002,2497500,V,1035,910,32662
1788562981.0002,2497508,V,1036,911,-1
1788562981.0002,2497516,V,1035,910,-1
1788562981.0002,2497524,V,1029,904,-1
1788562981.0002,2497532,V,1035,910,-1
1788562981.0003,2497540,V,1033,908,-1
1788562981.0480,2497554,V,1036,911,32663
1788562981.0480,2497562,V,1035,910,-1
1788562981.0480,2497570,V,1035,910,-1
1788562981.0480,2497578,V,1033,908,-1
1788562981.0480,2497586,V,1033,908,-1
1788562981.0480,2497594,V,1037,911,-1
1788562981.0967,2497607,V,1034,909,32664
1788562981.0967,2497615,V,1035,910,-1
1788562981.0967,2497623,V,1037,911,-1
1788562981.0967,2497631,V,1031,906,-1
1788562981.0967,2497639,V,1034,909,-1
1788562981.0968,2497647,V,1036,911,-1
1788562981.1953,2497661,V,1035,910,32665
1788562981.1954,2497669,V,1036,911,-1
1788562981.1954,2497677,V,1035,910,-1
1788562981.1954,2497685,V,1037,911,-1
1788562981.1954,2497693,V,1036,911,-1
1788562981.1954,2497701,V,1033,908,-1
1788562981.2429,2497715,V,1035,910,32666
1788562981.2429,2497723,V,1034,909,-1
1788562981.2429,2497731,V,1028,904,-1
1788562981.2429,2497739,V,1023,899,-1
1788562981.2429,2497747,V,1015,892,-1
1788562981.2429,2497755,V,1020,896,-1
1788562981.2917,2497769,V,1005,883,32667
1788562981.2918,2497777,V,990,870,-1
1788562981.2918,2497785,V,969,852,-1
1788562981.2918,2497793,V,938,824,-1
1788562981.2918,2497801,V,864,759,-1
1788562981.2918,2497809,V,740,650,-1
1788562981.3420,2497822,V,696,612,32668
1788562981.3420,2497830,V,642,564,-1
1788562981.3420,2497838,V,640,563,-1
1788562981.3420,2497846,V,628,552,-1
1788562981.3420,2497854,V,592,520,-1
1788562981.3420,2497862,V,577,507,-1
1788562981.3896,2497876,V,563,495,32669
1788562981.3896,2497884,V,558,490,-1
1788562981.3896,2497892,V,556,489,-1
1788562981.3896,2497900,V,552,485,-1
1788562981.3896,2497908,V,562,494,-1
1788562981.3896,2497916,V,548,482,-1
1788562981.5355,2497930,V,531,467,32670
1788562981.5357,2497938,V,555,488,-1
1788562981.5357,2497946,V,553,486,-1
1788562981.5357,2497954,V,509,447,-1
1788562981.5357,2497962,V,503,442,-1
1788562981.5357,2497970,V,552,485,-1
1788562981.5367,2497983,V,507,446,32671
1788562981.5367,2497991,V,502,441,-1
1788562981.5367,2497999,V,492,432,-1
1788562981.5367,2498007,V,526,462,-1
1788562981.5367,2498015,V,525,461,-1
1788562981.5367,2498023,V,517,454,-1
1788562981.5369,2498037,V,524,461,32672
1788562981.5369,2498045,V,529,465,-1
1788562981.5369,2498053,V,507,446,-1
1788562981.5369,2498061,V,485,426,-1
1788562981.5370,2498069,V,503,442,-1
1788562981.5370,2498077,V,506,445,-1
1788562981.5842,2498091,V,497,437,32673
1788562981.5843,2498099,V,497,437,-1
1788562981.5843,2498107,V,509,447,-1
1788562981.5843,2498115,V,548,482,-1
1788562981.5843,2498123,V,485,426,-1
1788562981.5843,2498131,V,520,457,-1
1788562981.6328,2498145,V,501,440,32674
1788562981.6328,2498153,V,527,463,-1
1788562981.6328,2498161,V,523,460,-1
1788562981.6328,2498169,V,539,474,-1
1788562981.6328,2498177,V,476,418,-1
1788562981.6328,2498185,V,477,419,-1
1788562981.7328,2498198,V,467,410,32675
1788562981.7328,2498206,V,520,457,-1
1788562981.7328,2498214,V,496,436,-1
1788562981.7328,2498222,V,501,440,-1
1788562981.7328,2498230,V,521,458,-1
1788562981.7328,2498238,V,499,439,-1
1788562981.7802,2498252,V,489,430,32676
1788562981.7804,2498260,V,506,445,-1
1788562981.7804,2498268,V,497,437,-1
1788562981.7806,2498276,V,496,436,-1
1788562981.7806,2498284,V,545,479,-1
1788562981.7806,2498292,V,508,446,-1
1788562981.8281,2498306,V,515,453,32677
1788562981.8281,2498314,V,490,431,-1
1788562981.8281,2498322,V,525,461,-1
1788562981.8281,2498330,V,506,445,-1
1788562981.8281,2498338,V,499,439,-1
1788562981.8281,2498346,V,517,454,-1
1788562981.8765,2498359,V,518,455,32678
1788562981.8765,2498367,V,494,434,-1
1788562981.8765,2498375,V,509,447,-1
1788562981.8765,2498383,V,563,495,-1
1788562981.8765,2498391,V,523,460,-1
1788562981.8765,2498399,V,526,462,-1
1788562981.9252,2498413,V,499,439,32679
1788562981.9253,2498421,V,511,449,-1
1788562981.9253,2498429,V,490,431,-1
1788562981.9253,2498437,V,532,468,-1
1788562981.9253,2498445,V,512,450,-1
1788562981.9253,2498453,V,501,440,-1
1788562981.9739,2498467,V,486,427,32680
1788562981.9739,2498475,V,528,464,-1
1788562981.9739,2498483,V,547,481,-1
1788562981.9739,2498491,V,512,450,-1
1788562981.9739,2498499,V,510,448,-1
1788562981.9739,2498507,V,526,462,-1
1788562982.0243,2498521,V,527,463,32681
1788562982.0244,2498529,V,506,445,-1
1788562982.0244,2498537,V,509,447,-1
1788562982.0244,2498545,V,520,457,-1
1788562982.0244,2498553,V,505,444,-1
1788562982.0244,2498561,V,516,454,-1
1788562982.0726,2498574,V,537,472,32682
1788562982.0726,2498582,V,509,447,-1
1788562982.0726,2498590,V,533,468,-1
1788562982.0726,2498598,V,535,470,-1
1788562982.0726,2498606,V,498,438,-1
1788562982.0726,2498614,V,497,437,-1
1788562982.1204,2498628,V,558,490,32683
1788562982.1204,2498636,V,549,483,-1
1788562982.1204,2498644,V,501,440,-1
1788562982.1205,2498652,V,525,461,-1
1788562982.1205,2498660,V,520,457,-1
1788562982.1205,2498668,V,530,466,-1
1788562982.1692,2498682,V,514,452,32684
1788562982.1692,2498690,V,538,473,-1
1788562982.1692,2498698,V,549,483,-1
1788562982.1692,2498706,V,574,504,-1
1788562982.1692,2498714,V,578,508,-1
1788562982.1692,2498722,V,582,512,-1
1788562982.2668,2498736,V,558,490,32685
1788562982.2669,2498744,V,593,521,-1
1788562982.2669,2498752,V,630,554,-1
1788562982.2669,2498760,V,679,597,-1
1788562982.2669,2498768,V,930,817,-1
1788562982.2669,2498776,V,982,863,-1
1788562982.3176,2498789,V,1013,890,32686
1788562982.3176,2498797,V,1035,910,-1
1788562982.3176,2498805,V,1021,897,-1
1788562982.3176,2498813,V,991,871,-1
1788562982.3176,2498821,V,1020,896,-1
1788562982.3176,2498829,V,1030,905,-1
1788562982.3675,2498843,V,1013,890,32687
1788562982.3675,2498851,V,991,871,-1
1788562982.3675,2498859,V,996,875,-1
1788562982.3675,2498867,V,1018,895,-1
1788562982.3675,2498875,V,1027,903,-1
1788562982.3675,2498883,V,1026,902,-1
1788562982.4128,2498897,V,1027,903,32688
1788562982.4129,2498905,V,1025,901,-1
1788562982.4129,2498913,V,1017,894,-1
1788562982.4129,2498921,V,1014,891,-1
1788562982.4129,2498929,V,1021,897,-1
1788562982.4129,2498937,V,1025,901,-1
1788562982.4618,2498951,V,1027,903,32689
1788562982.4618,2498959,V,1030,905,-1
1788562982.4618,2498967,V,1033,908,-1
1788562982.4619,2498975,V,1038,912,-1
1788562982.4619,2498983,V,1036,911,-1
1788562982.4619,2498991,V,1036,911,-1
1788562982.5104,2499004,V,1032,907,32690
1788562982.5105,2499012,V,1033,908,-1
1788562982.5105,2499020,V,1034,909,-1
1788562982.5105,2499028,V,1038,912,-1
1788562982.5106,2499036,V,1036,911,-1
1788562982.5106,2499044,V,1039,913,-1
1788562982.5602,2499058,V,1041,915,32691
1788562982.5602,2499066,V,1042,916,-1
1788562982.5602,2499074,V,1043,917,-1
1788562982.5603,2499082,V,1040,914,-1
1788562982.5603,2499090,V,1043,917,-1
1788562982.5603,2499098,V,1042,916,-1
1788562982.6099,2499112,V,1042,916,32692
1788562982.6100,2499120,V,1043,917,-1
1788562982.6100,2499128,V,1044,918,-1
1788562982.6100,2499136,V,1044,918,-1
1788562982.6100,2499144,V,1040,914,-1
1788562982.6100,2499152,V,1040,914,-1
1788562982.6573,2499165,V,1041,915,32693
1788562982.6574,2499173,V,1039,913,-1
1788562982.6574,2499181,V,1041,915,-1
1788562982.6574,2499189,V,1044,918,-1
1788562982.6574,2499197,V,1045,918,-1
1788562982.6574,2499205,V,1045,918,-1
1788562982.7542,2499219,V,1048,921,32694
1788562982.7543,2499227,V,1045,918,-1
1788562982.7543,2499235,V,1045,918,-1
1788562982.7543,2499243,V,1041,915,-1
1788562982.7543,2499251,V,1044,918,-1
1788562982.7544,2499259,V,1049,922,-1
1788562982.8030,2499273,V,1044,918,32695
1788562982.8031,2499281,V,1044,918,-1
1788562982.8031,2499289,V,1048,921,-1
1788562982.8031,2499297,V,1042,916,-1
1788562982.8031,2499305,V,1044,918,-1
1788562982.8031,2499313,V,1047,920,-1
1788562982.8516,2499327,V,1048,921,32696
1788562982.8516,2499335,V,1046,919,-1
1788562982.8516,2499343,V,1046,919,-1
1788562982.8516,2499351,V,1050,923,-1
1788562982.8516,2499359,V,1049,922,-1
1788562982.8517,2499367,V,1045,918,-1
1788562982.9009,2499380,V,1050,923,32697
1788562982.9009,2499388,V,1050,923,-1
1788562982.9009,2499396,V,1052,925,-1
1788562982.9009,2499404,V,1052,925,-1
1788562982.9009,2499412,V,1048,921,-1
1788562982.9010,2499420,V,1047,920,-1
1788562982.9510,2499434,V,1049,922,32698
1788562982.9510,2499442,V,1051,924,-1
1788562982.9511,2499450,V,1048,921,-1
1788562982.9511,2499458,V,1051,924,-1
1788562982.9511,2499466,V,1055,927,-1
1788562982.9511,2499474,V,1056,928,-1
1788562983.0471,2499488,V,1054,926,32699
1788562983.0473,2499496,V,1055,927,-1
1788562983.0473,2499504,V,1057,929,-1
1788562983.0473,2499512,V,1053,925,-1
1788562983.0473,2499520,V,1055,927,-1
1788562983.0473,2499528,V,1056,928,-1
1788562983.0959,2499541,V,1057,929,32700
1788562983.0960,2499549,V,1057,929,-1
1788562983.0960,2499557,V,1057,929,-1
1788562983.0960,2499565,V,1058,930,-1
1788562983.0960,2499573,V,1055,927,-1
1788562983.0960,2499581,V,1057,929,-1
1788562983.0967,2499595,V,1053,925,32701
1788562983.0967,2499603,V,1055,927,-1
1788562983.0967,2499611,V,1060,932,-1
1788562983.0967,2499619,V,1057,929,-1
1788562983.0967,2499627,V,1055,927,-1
1788562983.0967,2499635,V,1057,929,-1
1788562983.1445,2499649,V,1055,927,32702
1788562983.1445,2499657,V,1054,926,-1
1788562983.1445,2499665,V,1052,925,-1
1788562983.1445,2499673,V,1048,921,-1
1788562983.1445,2499681,V,1044,918,-1
1788562983.1446,2499689,V,1038,912,-1
1788562983.1931,2499702,V,1031,906,32703
1788562983.1931,2499710,V,1029,904,-1
1788562983.1931,2499718,V,1018,895,-1
1788562983.1932,2499726,V,1007,885,-1
1788562983.1932,2499734,V,1003,882,-1
1788562983.1932,2499742,V,994,874,-1
1788562983.2930,2499756,V,981,862,32704
1788562983.2931,2499764,V,951,836,-1
1788562983.2931,2499772,V,923,811,-1
1788562983.2931,2499780,V,856,752,-1
1788562983.2931,2499788,V,745,655,-1
1788562983.2931,2499796,V,690,606,-1
1788562983.3417,2499810,V,658,578,32705
1788562983.3418,2499818,V,628,552,-1
1788562983.3418,2499826,V,611,537,-1
1788562983.3418,2499834,V,586,515,-1
1788562983.3418,2499842,V,596,524,-1
1788562983.3418,2499850,V,570,501,-1
1788562983.3886,2499864,V,555,488,32706
1788562983.3887,2499872,V,558,490,-1
1788562983.3887,2499880,V,529,465,-1
1788562983.3887,2499888,V,567,498,-1
1788562983.3887,2499896,V,532,468,-1
1788562983.3887,2499904,V,543,477,-1
1788562983.4372,2499917,V,506,445,32707
1788562983.4373,2499925,V,538,473,-1
1788562983.4373,2499933,V,535,470,-1
1788562983.4373,2499941,V,510,448,-1
1788562983.4373,2499949,V,536,471,-1
1788562983.4373,2499957,V,514,452,-1
1788562983.4859,2499971,V,503,442,32708
1788562983.4859,2499979,V,510,448,-1
1788562983.4859,2499987,V,520,457,-1
1788562983.4859,2499995,V,517,454,-1
1788562983.4859,2500003,V,507,446,-1
1788562983.4860,2500011,V,513,451,-1
1788562983.5855,2500025,V,519,456,32709
1788562983.5858,2500033,V,520,457,-1
1788562983.5858,2500041,V,518,455,-1
1788562983.5858,2500049,V,510,448,-1
1788562983.5858,2500057,V,506,445,-1
1788562983.5859,2500065,V,517,454,-1
1788562983.5862,2500079,V,510,448,32710
1788562983.5862,2500087,V,559,491,-1
1788562983.5862,2500095,V,544,478,-1
1788562983.5862,2500103,V,514,452,-1
1788562983.5862,2500111,V,526,462,-1
1788562983.5863,2500119,V,523,460,-1
1788562983.6322,2500132,V,489,430,32711
1788562983.6323,2500140,V,571,502,-1
1788562983.6323,2500148,V,510,448,-1
1788562983.6323,2500156,V,534,469,-1
1788562983.6323,2500164,V,500,439,-1
1788562983.6323,2500172,V,515,453,-1
1788562983.6807,2500186,V,498,438,32712
1788562983.6807,2500194,V,516,454,-1
1788562983.6808,2500202,V,510,448,-1
1788562983.6808,2500210,V,516,454,-1
1788562983.6808,2500218,V,517,454,-1
1788562983.6808,2500226,V,530,466,-1
1788562983.7293,2500240,V,532,468,32713
1788562983.7293,2500248,V,519,456,-1
1788562983.7293,2500256,V,508,446,-1
1788562983.7293,2500264,V,542,476,-1
1788562983.7293,2500272,V,507,446,-1
1788562983.7293,2500280,V,511,449,-1
1788562983.8283,2500293,V,512,450,32714
1788562983.8284,2500301,V,526,462,-1
1788562983.8285,2500309,V,522,459,-1
1788562983.8285,2500317,V,500,439,-1
1788562983.8285,2500325,V,509,447,-1
1788562983.8285,2500333,V,504,443,-1
1788562983.8769,2500347,V,523,460,32715
1788562983.8769,2500355,V,534,469,-1
1788562983.8769,2500363,V,522,459,-1
1788562983.8769,2500371,V,513,451,-1
1788562983.8769,2500379,V,513,451,-1
1788562983.8769,2500387,V,529,465,-1
1788562983.9242,2500401,V,502,441,32716
1788562983.9242,2500409,V,499,439,-1
1788562983.9242,2500417,V,519,456,-1
1788562983.9242,2500425,V,529,465,-1
1788562983.9242,2500433,V,510,448,-1
1788562983.9242,2500441,V,522,459,-1
1788562983.9730,2500455,V,523,460,32717
1788562983.9730,2500463,V,508,446,-1
1788562983.9730,2500471,V,518,455,-1
1788562983.9730,2500479,V,520,457,-1
1788562983.9730,2500487,V,528,464,-1
1788562983.9730,2500495,V,510,448,-1
1788562984.0217,2500508,V,519,456,32718
1788562984.0218,2500516,V,522,459,-1
1788562984.0218,2500524,V,504,443,-1
1788562984.0218,2500532,V,526,462,-1
1788562984.0219,2500540,V,508,446,-1
1788562984.0219,2500548,V,511,449,-1
1788562984.0704,2500562,V,516,454,32719
1788562984.0706,2500570,V,524,461,-1
1788562984.0706,2500578,V,575,505,-1
1788562984.0706,2500586,V,520,457,-1
1788562984.0706,2500594,V,546,480,-1
1788562984.0706,2500602,V,516,454,-1
1788562984.1219,2500616,V,533,468,32720
1788562984.1219,2500624,V,525,461,-1
1788562984.1219,2500632,V,530,466,-1
1788562984.1221,2500640,V,519,456,-1
1788562984.1221,2500648,V,528,464,-1
1788562984.1221,2500656,V,532,468,-1
1788562984.1688,2500670,V,561,493,32721
1788562984.1688,2500678,V,537,472,-1
1788562984.1688,2500686,V,546,480,-1
1788562984.1688,2500694,V,566,497,-1
1788562984.1688,2500702,V,586,515,-1
1788562984.1688,2500710,V,580,510,-1
1788562984.2168,2500723,V,614,540,32722
1788562984.2168,2500731,V,662,582,-1
1788562984.2168,2500739,V,849,746,-1
1788562984.2168,2500747,V,982,863,-1
1788562984.2168,2500755,V,1019,896,-1
1788562984.2168,2500763,V,1042,916,-1
1788562984.2654,2500777,V,1024,900,32723
1788562984.2654,2500785,V,1010,888,-1
1788562984.2654,2500793,V,1055,927,-1
1788562984.2654,2500801,V,1076,946,-1
1788562984.2654,2500809,V,1038,912,-1
1788562984.2654,2500817,V,995,875,-1
1788562984.3645,2500831,V,988,868,32724
1788562984.3646,2500839,V,1012,889,-1
1788562984.3646,2500847,V,1038,912,-1
1788562984.3646,2500855,V,1037,911,-1
1788562984.3646,2500863,V,1037,911,-1
1788562984.3646,2500871,V,1028,904,-1
1788562984.4138,2500884,V,1024,900,32725
1788562984.4139,2500892,V,1028,904,-1
1788562984.4139,2500900,V,1032,907,-1
1788562984.4139,2500908,V,1029,904,-1
1788562984.4139,2500916,V,1038,912,-1
1788562984.4139,2500924,V,1040,914,-1
1788562984.4619,2500938,V,1039,913,32726
1788562984.4619,2500946,V,1040,914,-1
1788562984.4619,2500954,V,1033,908,-1
1788562984.4619,2500962,V,1032,907,-1
1788562984.4619,2500970,V,1032,907,-1
1788562984.4619,2500978,V,1037,911,-1
1788562984.5093,2500992,V,1037,911,32727
1788562984.5093,2501000,V,1037,911,-1
1788562984.5093,2501008,V,1042,916,-1
1788562984.5093,2501016,V,1039,913,-1
1788562984.5093,2501024,V,1040,914,-1
1788562984.5094,2501032,V,1041,915,-1
1788562984.5580,2501046,V,1036,911,32728
1788562984.5580,2501054,V,1040,914,-1
1788562984.5580,2501062,V,1036,911,-1
1788562984.5580,2501070,V,1038,912,-1
1788562984.5581,2501078,V,1034,909,-1
1788562984.5581,2501086,V,1039,913,-1
1788562984.6066,2501099,V,1034,909,32729
1788562984.6067,2501107,V,1037,911,-1
1788562984.6067,2501115,V,1039,913,-1
1788562984.6067,2501123,V,1035,910,-1
1788562984.6067,2501131,V,1038,912,-1
1788562984.6067,2501139,V,1040,914,-1
1788562984.6556,2501153,V,1039,913,32730
1788562984.6556,2501161,V,1036,911,-1
1788562984.6556,2501169,V,1042,916,-1
1788562984.6556,2501177,V,1042,916,-1
1788562984.6556,2501185,V,1039,913,-1
1788562984.6556,2501193,V,1040,914,-1
1788562984.7043,2501207,V,1037,911,32731
1788562984.7043,2501215,V,1040,914,-1
1788562984.7043,2501223,V,1041,915,-1
1788562984.7043,2501231,V,1037,911,-1
1788562984.7043,2501239,V,1035,910,-1
1788562984.7043,2501247,V,1035,910,-1
1788562984.7539,2501261,V,1037,911,32732
1788562984.7539,2501269,V,1040,914,-1
1788562984.7539,2501277,V,1040,914,-1
1788562984.7539,2501285,V,1041,915,-1
1788562984.7539,2501293,V,1042,916,-1
1788562984.7540,2501301,V,1047,920,-1
1788562984.8018,2501314,V,1042,916,32733
1788562984.8018,2501322,V,1040,914,-1
1788562984.8018,2501330,V,1037,911,-1
1788562984.8018,2501338,V,1045,918,-1
1788562984.8018,2501346,V,1042,916,-1
1788562984.8018,2501354,V,1040,914,-1
1788562984.8992,2501368,V,1038,912,32734
1788562984.8993,2501376,V,1043,917,-1
1788562984.8993,2501384,V,1042,916,-1
1788562984.8993,2501392,V,1045,918,-1
1788562984.8993,2501400,V,1041,915,-1
1788562984.8993,2501408,V,1044,918,-1
1788562984.9493,2501422,V,1045,918,32735
1788562984.9493,2501430,V,1041,915,-1
1788562984.9493,2501438,V,1047,920,-1
1788562984.9493,2501446,V,1045,918,-1
1788562984.9493,2501454,V,1045,918,-1
1788562984.9493,2501462,V,1039,913,-1
1788562984.9972,2501475,V,1047,920,32736
1788562984.9972,2501483,V,1042,916,-1
1788562984.9972,2501491,V,1042,916,-1
1788562984.9972,2501499,V,1040,914,-1
1788562984.9972,2501507,V,1046,919,-1
1788562984.9973,2501515,V,1041,915,-1
1788562985.0471,2501529,V,1038,912,32737
1788562985.0472,2501537,V,1038,912,-1
1788562985.0472,2501545,V,1040,914,-1
1788562985.0472,2501553,V,1035,910,-1
1788562985.0472,2501561,V,1039,913,-1
1788562985.0472,2501569,V,1037,911,-1
1788562985.1432,2501583,V,1036,911,32738
1788562985.1433,2501591,V,1035,910,-1
1788562985.1433,2501599,V,1034,909,-1
1788562985.1433,2501607,V,1035,910,-1
1788562985.1433,2501615,V,1032,907,-1
1788562985.1433,2501623,V,1027,903,-1
1788562985.1444,2501637,V,1027,903,32739
1788562985.1444,2501645,V,1030,905,-1
1788562985.1444,2501653,V,1019,896,-1
1788562985.1444,2501661,V,1023,899,-1
1788562985.1445,2501669,V,1022,898,-1
1788562985.1445,2501677,V,1019,896,-1
1788562985.1920,2501690,V,1013,890,32740
1788562985.1920,2501698,V,1002,881,-1
1788562985.1920,2501706,V,997,876,-1
1788562985.1921,2501714,V,982,863,-1
1788562985.1921,2501722,V,972,854,-1
1788562985.1921,2501730,V,952,837,-1
1788562985.2408,2501744,V,884,777,32741
1788562985.2408,2501752,V,766,673,-1
1788562985.2408,2501760,V,713,627,-1
1788562985.2408,2501768,V,662,582,-1
1788562985.2408,2501776,V,638,561,-1
1788562985.2409,2501784,V,614,540,-1
1788562985.2895,2501798,V,596,524,32742
1788562985.2895,2501806,V,573,504,-1
1788562985.2895,2501814,V,573,504,-1
1788562985.2895,2501822,V,573,504,-1
1788562985.2895,2501830,V,538,473,-1
1788562985.2895,2501838,V,562,494,-1
1788562985.3892,2501852,V,516,454,32743
1788562985.3893,2501860,V,523,460,-1
1788562985.3893,2501868,V,517,454,-1
1788562985.3893,2501876,V,543,477,-1
1788562985.3893,2501884,V,515,453,-1
1788562985.3893,2501892,V,552,485,-1
1788562985.4359,2501905,V,535,470,32744
1788562985.4360,2501913,V,516,454,-1
1788562985.4360,2501921,V,542,476,-1
1788562985.4360,2501929,V,523,460,-1
1788562985.4360,2501937,V,538,473,-1
1788562985.4360,2501945,V,500,439,-1
1788562985.4847,2501959,V,518,455,32745
1788562985.4847,2501967,V,538,473,-1
1788562985.4847,2501975,V,518,455,-1
1788562985.4847,2501983,V,504,443,-1
1788562985.4847,2501991,V,504,443,-1
1788562985.4847,2501999,V,482,424,-1
1788562985.5332,2502013,V,501,440,32746
1788562985.5332,2502021,V,497,437,-1
1788562985.5332,2502029,V,504,443,-1
1788562985.5332,2502037,V,513,451,-1
1788562985.5332,2502045,V,514,452,-1
1788562985.5332,2502053,V,487,428,-1
1788562985.5828,2502066,V,524,461,32747
1788562985.5828,2502074,V,500,439,-1
1788562985.5828,2502082,V,513,451,-1
1788562985.5828,2502090,V,517,454,-1
1788562985.5828,2502098,V,506,445,-1
1788562985.5829,2502106,V,506,445,-1
1788562985.6816,2502120,V,518,455,32748
1788562985.6819,2502128,V,522,459,-1
1788562985.6819,2502136,V,530,466,-1
1788562985.6820,2502144,V,523,460,-1
1788562985.6820,2502152,V,524,461,-1
1788562985.6821,2502160,V,480,422,-1
1788562985.6823,2502174,V,485,426,32749
1788562985.6823,2502182,V,511,449,-1
1788562985.6823,2502190,V,521,458,-1
1788562985.6823,2502198,V,468,411,-1
1788562985.6823,2502206,V,518,455,-1
1788562985.6823,2502214,V,508,446,-1
1788562985.7283,2502228,V,495,435,32750
1788562985.7283,2502236,V,507,446,-1
1788562985.7284,2502244,V,516,454,-1
1788562985.7284,2502252,V,499,439,-1
1788562985.7284,2502260,V,536,471,-1
1788562985.7284,2502268,V,492,432,-1
1788562985.7771,2502281,V,513,451,32751
1788562985.7771,2502289,V,527,463,-1
1788562985.7772,2502297,V,512,450,-1
1788562985.7772,2502305,V,508,446,-1
1788562985.7772,2502313,V,520,457,-1
1788562985.7772,2502321,V,503,442,-1
1788562985.8259,2502335,V,572,503,32752
1788562985.8261,2502343,V,500,439,-1
1788562985.8261,2502351,V,504,443,-1
1788562985.8261,2502359,V,538,473,-1
1788562985.8261,2502367,V,510,448,-1
1788562985.8261,2502375,V,530,466,-1
1788562985.9254,2502389,V,520,457,32753
1788562985.9255,2502397,V,504,443,-1
1788562985.9256,2502405,V,501,440,-1
1788562985.9256,2502413,V,529,465,-1
1788562985.9256,2502421,V,513,451,-1
1788562985.9256,2502429,V,520,457,-1
1788562985.9736,2502442,V,521,458,32754
1788562985.9737,2502450,V,505,444,-1
1788562985.9737,2502458,V,516,454,-1
1788562985.9737,2502466,V,535,470,-1
1788562985.9737,2502474,V,516,454,-1
1788562985.9737,2502482,V,538,473,-1
1788562986.0206,2502496,V,501,440,32755
1788562986.0206,2502504,V,516,454,-1
1788562986.0206,2502512,V,501,440,-1
1788562986.0206,2502520,V,517,454,-1
1788562986.0206,2502528,V,525,461,-1
1788562986.0206,2502536,V,522,459,-1
1788562986.0696,2502550,V,538,473,32756
1788562986.0696,2502558,V,534,469,-1
1788562986.0696,2502566,V,533,468,-1
1788562986.0696,2502574,V,532,468,-1
1788562986.0696,2502582,V,533,468,-1
1788562986.0696,2502590,V,533,468,-1
1788562986.1184,2502604,V,549,483,32757
1788562986.1184,2502612,V,521,458,-1
1788562986.1184,2502620,V,537,472,-1
1788562986.1184,2502628,V,557,490,-1
1788562986.1184,2502636,V,563,495,-1
1788562986.1184,2502644,V,535,470,-1
1788562986.1672,2502657,V,579,509,32758
1788562986.1674,2502665,V,573,504,-1
1788562986.1674,2502673,V,588,517,-1
1788562986.1674,2502681,V,564,496,-1
1788562986.1674,2502689,V,584,513,-1
1788562986.1674,2502697,V,625,549,-1
1788562986.2175,2502711,V,656,577,32759
1788562986.2175,2502719,V,713,627,-1
1788562986.2175,2502727,V,976,858,-1
1788562986.2175,2502735,V,993,873,-1
1788562986.2175,2502743,V,1026,902,-1
1788562986.2175,2502751,V,1051,924,-1
1788562986.2647,2502765,V,1029,904,32760
1788562986.2647,2502773,V,1011,889,-1
1788562986.2647,2502781,V,1082,951,-1
1788562986.2647,2502789,V,1082,951,-1
1788562986.2647,2502797,V,1039,913,-1
1788562986.2647,2502805,V,1008,886,-1
1788562986.3134,2502819,V,1009,887,32761
1788562986.3134,2502827,V,1026,902,-1
1788562986.3135,2502835,V,1041,915,-1
1788562986.3135,2502843,V,1051,924,-1
1788562986.3135,2502851,V,1046,919,-1
1788562986.3135,2502859,V,1046,919,-1
1788562986.3636,2502872,V,1044,918,32762
1788562986.3637,2502880,V,1049,922,-1
1788562986.3637,2502888,V,1050,923,-1
1788562986.3637,2502896,V,1050,923,-1
1788562986.3637,2502904,V,1053,925,-1
1788562986.3637,2502912,V,1053,925,-1
1788562986.4596,2502926,V,1054,926,32763
1788562986.4597,2502934,V,1055,927,-1
1788562986.4597,2502942,V,1054,926,-1
1788562986.4597,2502950,V,1055,927,-1
1788562986.4597,2502958,V,1052,925,-1
1788562986.4597,2502966,V,1054,926,-1
1788562986.5107,2502980,V,1059,931,32764
1788562986.5108,2502988,V,1052,925,-1
1788562986.5108,2502996,V,1055,927,-1
1788562986.5108,2503004,V,1052,925,-1
1788562986.5108,2503012,V,1051,924,-1
1788562986.5108,2503020,V,1054,926,-1
1788562986.5586,2503033,V,1057,929,32765
1788562986.5587,2503041,V,1056,928,-1
1788562986.5587,2503049,V,1052,925,-1
1788562986.5587,2503057,V,1054,926,-1
1788562986.5587,2503065,V,1054,926,-1
1788562986.5587,2503073,V,1058,930,-1
1788562986.6056,2503087,V,1053,925,32766
1788562986.6056,2503095,V,1059,931,-1
1788562986.6057,2503103,V,1054,926,-1
1788562986.6057,2503111,V,1056,928,-1
1788562986.6057,2503119,V,1053,925,-1
1788562986.6057,2503127,V,1054,926,-1
1788562986.6543,2503141,V,1054,926,32767
1788562986.6543,2503149,V,1057,929,-1
1788562986.6543,2503157,V,1050,923,-1
1788562986.6543,2503165,V,1050,923,-1
1788562986.6543,2503173,V,1056,928,-1
1788562986.6544,2503181,V,1052,925,-1
1788562986.7031,2503195,V,1051,924,32768
1788562986.7033,2503203,V,1053,925,-1
1788562986.7033,2503211,V,1051,924,-1
1788562986.7033,2503219,V,1048,921,-1
1788562986.7033,2503227,V,1050,923,-1
1788562986.7033,2503235,V,1050,923,-1
1788562986.7522,2503248,V,1055,927,32769
1788562986.7523,2503256,V,1052,925,-1
1788562986.7523,2503264,V,1050,923,-1
1788562986.7523,2503272,V,1049,922,-1
1788562986.7523,2503280,V,1053,925,-1
1788562986.7523,2503288,V,1053,925,-1
1788562986.8009,2503302,V,1048,921,32770
1788562986.8009,2503310,V,1050,923,-1
1788562986.8009,2503318,V,1048,921,-1
1788562986.8010,2503326,V,1053,925,-1
1788562986.8010,2503334,V,1049,922,-1
1788562986.8010,2503342,V,1048,921,-1
1788562986.8519,2503356,V,1051,924,32771
1788562986.8519,2503364,V,1046,919,-1
1788562986.8520,2503372,V,1047,920,-1
1788562986.8520,2503380,V,1047,920,-1
1788562986.8520,2503388,V,1049,922,-1
1788562986.8520,2503396,V,1051,924,-1
1788562986.8999,2503409,V,1048,921,32772
1788562986.8999,2503417,V,1050,923,-1
1788562986.8999,2503425,V,1045,918,-1
1788562986.8999,2503433,V,1051,924,-1
1788562986.8999,2503441,V,1044,918,-1
1788562986.8999,2503449,V,1050,923,-1
1788562986.9954,2503463,V,1047,920,32773
1788562986.9954,2503471,V,1045,918,-1
1788562986.9954,2503479,V,1050,923,-1
1788562986.9955,2503487,V,1047,920,-1
1788562986.9955,2503495,V,1045,918,-1
1788562986.9955,2503503,V,1046,919,-1
1788562987.0439,2503517,V,1040,914,32774
1788562987.0439,2503525,V,1038,912,-1
1788562987.0439,2503533,V,1043,917,-1
1788562987.0439,2503541,V,1035,910,-1
1788562987.0439,2503549,V,1034,909,-1
1788562987.0439,2503557,V,1031,906,-1
1788562987.0928,2503571,V,1026,902,32775
1788562987.0928,2503579,V,1021,897,-1
1788562987.0928,2503587,V,1015,892,-1
1788562987.0928,2503595,V,1006,884,-1
1788562987.0928,2503603,V,1006,884,-1
1788562987.0928,2503611,V,1000,879,-1
1788562987.1433,2503624,V,1000,879,32776
1788562987.1433,2503632,V,987,867,-1
1788562987.1434,2503640,V,956,840,-1
1788562987.1434,2503648,V,909,799,-1
1788562987.1434,2503656,V,785,690,-1
1788562987.1434,2503664,V,716,629,-1
1788562987.2391,2503678,V,672,591,32777
1788562987.2392,2503686,V,660,580,-1
1788562987.2392,2503694,V,639,562,-1
1788562987.2392,2503702,V,610,536,-1
1788562987.2392,2503710,V,622,547,-1
1788562987.2392,2503718,V,569,500,-1
1788562987.2405,2503732,V,577,507,32778
1788562987.2405,2503740,V,560,492,-1
1788562987.2405,2503748,V,551,484,-1
1788562987.2405,2503756,V,565,497,-1
1788562987.2405,2503764,V,563,495,-1
1788562987.2405,2503772,V,543,477,-1
1788562987.2880,2503786,V,533,468,32779
1788562987.2880,2503794,V,532,468,-1
1788562987.2880,2503802,V,529,465,-1
1788562987.2880,2503810,V,528,464,-1
1788562987.2880,2503818,V,540,475,-1
1788562987.2880,2503826,V,538,473,-1
1788562987.3366,2503839,V,530,466,32780
1788562987.3366,2503847,V,534,469,-1
1788562987.3367,2503855,V,515,453,-1
1788562987.3367,2503863,V,528,464,-1
1788562987.3367,2503871,V,518,455,-1
1788562987.3367,2503879,V,526,462,-1
1788562987.3874,2503893,V,539,474,32781
1788562987.3874,2503901,V,511,449,-1
1788562987.3874,2503909,V,506,445,-1
1788562987.3874,2503917,V,501,440,-1
1788562987.3874,2503925,V,531,467,-1
1788562987.3874,2503933,V,542,476,-1
1788562987.4362,2503947,V,508,446,32782
1788562987.4362,2503955,V,488,429,-1
1788562987.4362,2503963,V,522,459,-1
1788562987.4362,2503971,V,517,454,-1
1788562987.4362,2503979,V,504,443,-1
1788562987.4362,2503987,V,522,459,-1
1788562987.5317,2504000,V,518,455,32783
1788562987.5318,2504008,V,518,455,-1
1788562987.5318,2504016,V,516,454,-1
1788562987.5318,2504024,V,496,436,-1
1788562987.5318,2504032,V,529,465,-1
1788562987.5318,2504040,V,506,445,-1
1788562987.5806,2504054,V,528,464,32784
1788562987.5806,2504062,V,534,469,-1
1788562987.5806,2504070,V,504,443,-1
1788562987.5806,2504078,V,526,462,-1
1788562987.5806,2504086,V,563,495,-1
1788562987.5807,2504094,V,501,440,-1
1788562987.6291,2504108,V,551,484,32785
1788562987.6291,2504116,V,531,467,-1
1788562987.6299,2504124,V,510,448,-1
1788562987.6299,2504132,V,539,474,-1
1788562987.6299,2504140,V,493,433,-1
1788562987.6299,2504148,V,527,463,-1
1788562987.6779,2504162,V,548,482,32786
1788562987.6779,2504170,V,558,490,-1
1788562987.6779,2504178,V,505,444,-1
1788562987.6779,2504186,V,539,474,-1
1788562987.6779,2504194,V,503,442,-1
1788562987.6779,2504202,V,506,445,-1
1788562987.7774,2504215,V,507,446,32787
1788562987.7778,2504223,V,518,455,-1
1788562987.7778,2504231,V,506,445,-1
1788562987.7778,2504239,V,532,468,-1
1788562987.7779,2504247,V,522,459,-1
1788562987.7779,2504255,V,507,446,-1
1788562987.7781,2504269,V,506,445,32788
1788562987.7781,2504277,V,526,462,-1
1788562987.7781,2504285,V,511,449,-1
1788562987.7781,2504293,V,513,451,-1
1788562987.7781,2504301,V,520,457,-1
1788562987.7781,2504309,V,510,448,-1
1788562987.8244,2504323,V,515,453,32789
1788562987.8244,2504331,V,519,456,-1
1788562987.8244,2504339,V,510,448,-1
1788562987.8244,2504347,V,504,443,-1
1788562987.8244,2504355,V,518,455,-1
1788562987.8244,2504363,V,530,466,-1
1788562987.8729,2504377,V,490,431,32790
1788562987.8730,2504385,V,515,453,-1
1788562987.8730,2504393,V,525,461,-1
1788562987.8730,2504401,V,511,449,-1
1788562987.8730,2504409,V,544,478,-1
1788562987.8730,2504417,V,533,468,-1
1788562987.9217,2504430,V,505,444,32791
1788562987.9217,2504438,V,526,462,-1
1788562987.9217,2504446,V,518,455,-1
1788562987.9217,2504454,V,534,469,-1
1788562987.9218,2504462,V,521,458,-1
1788562987.9218,2504470,V,533,468,-1
1788562988.0214,2504484,V,525,461,32792
1788562988.0215,2504492,V,549,483,-1
1788562988.0215,2504500,V,537,472,-1
1788562988.0215,2504508,V,546,480,-1
1788562988.0215,2504516,V,551,484,-1
1788562988.0215,2504524,V,581,511,-1
1788562988.0688,2504538,V,557,490,32793
1788562988.0689,2504546,V,564,496,-1
1788562988.0689,2504554,V,567,498,-1
1788562988.0689,2504562,V,587,516,-1
1788562988.0689,2504570,V,593,521,-1
1788562988.0689,2504578,V,623,548,-1
1788562988.1166,2504592,V,632,555,32794
1788562988.1166,2504600,V,668,587,-1
1788562988.1166,2504608,V,726,638,-1
1788562988.1166,2504616,V,972,854,-1
1788562988.1166,2504624,V,994,874,-1
1788562988.1166,2504632,V,1005,883,-1
1788562988.1655,2504645,V,1032,907,32795
1788562988.1655,2504653,V,1050,923,-1
1788562988.1655,2504661,V,1043,917,-1
1788562988.1655,2504669,V,1001,880,-1
1788562988.1655,2504677,V,1016,893,-1
1788562988.1655,2504685,V,1042,916,-1
1788562988.2142,2504699,V,1035,910,32796
1788562988.2142,2504707,V,993,873,-1
1788562988.2142,2504715,V,975,857,-1
1788562988.2142,2504723,V,1004,882,-1
1788562988.2142,2504731,V,1033,908,-1
1788562988.2142,2504739,V,1033,908,-1
1788562988.2629,2504753,V,1033,908,32797
1788562988.2630,2504761,V,1031,906,-1
1788562988.2630,2504769,V,1021,897,-1
1788562988.2630,2504777,V,1026,902,-1
1788562988.2630,2504785,V,1036,911,-1
1788562988.2630,2504793,V,1030,905,-1
1788562988.3141,2504806,V,1034,909,32798
1788562988.3141,2504814,V,1032,907,-1
1788562988.3141,2504822,V,1030,905,-1
1788562988.3141,2504830,V,1038,912,-1
1788562988.3141,2504838,V,1037,911,-1
1788562988.3141,2504846,V,1043,917,-1
1788562988.3621,2504860,V,1039,913,32799
1788562988.3622,2504868,V,1049,922,-1
1788562988.3622,2504876,V,1042,916,-1
1788562988.3622,2504884,V,1042,916,-1
1788562988.3622,2504892,V,1043,917,-1
1788562988.3623,2504900,V,1043,917,-1
1788562988.4098,2504914,V,1040,914,32800
1788562988.4098,2504922,V,1038,912,-1
1788562988.4098,2504930,V,1043,917,-1
1788562988.4098,2504938,V,1043,917,-1
1788562988.4098,2504946,V,1048,921,-1
1788562988.4098,2504954,V,1043,917,-1
1788562988.4583,2504968,V,1048,921,32801
1788562988.4584,2504976,V,1045,918,-1
1788562988.4584,2504984,V,1046,919,-1
1788562988.4584,2504992,V,1048,921,-1
1788562988.4584,2505000,V,1048,921,-1
1788562988.4584,2505008,V,1052,925,-1
1788562988.5558,2505021,V,1050,923,32802
1788562988.5560,2505029,V,1047,920,-1
1788562988.5560,2505037,V,1048,921,-1
1788562988.5560,2505045,V,1043,917,-1
1788562988.5560,2505053,V,1046,919,-1
1788562988.5560,2505061,V,1042,916,-1
1788562988.6060,2505075,V,1047,920,32803
1788562988.6060,2505083,V,1048,921,-1
1788562988.6060,2505091,V,1047,920,-1
1788562988.6060,2505099,V,1048,921,-1
1788562988.6061,2505107,V,1045,918,-1
1788562988.6061,2505115,V,1045,918,-1
1788562988.6541,2505129,V,1051,924,32804
1788562988.6541,2505137,V,1044,918,-1
1788562988.6541,2505145,V,1050,923,-1
1788562988.6541,2505153,V,1044,918,-1
1788562988.6541,2505161,V,1050,923,-1
1788562988.6541,2505169,V,1048,921,-1
1788562988.7035,2505182,V,1049,922,32805
1788562988.7035,2505190,V,1054,926,-1
1788562988.7036,2505198,V,1047,920,-1
1788562988.7036,2505206,V,1051,924,-1
1788562988.7036,2505214,V,1050,923,-1
1788562988.7036,2505222,V,1047,920,-1
1788562988.7506,2505236,V,1051,924,32806
1788562988.7506,2505244,V,1047,920,-1
1788562988.7506,2505252,V,1050,923,-1
1788562988.7506,2505260,V,1049,922,-1
1788562988.7506,2505268,V,1052,925,-1
1788562988.7506,2505276,V,1051,924,-1
1788562988.7996,2505290,V,1051,924,32807
1788562988.7997,2505298,V,1050,923,-1
1788562988.7998,2505306,V,1053,925,-1
1788562988.7998,2505314,V,1050,923,-1
1788562988.7998,2505322,V,1051,924,-1
1788562988.7998,2505330,V,1050,923,-1
1788562988.8486,2505344,V,1049,922,32808
1788562988.8486,2505352,V,1054,926,-1
1788562988.8486,2505360,V,1050,923,-1
1788562988.8486,2505368,V,1050,923,-1
1788562988.8486,2505376,V,1051,924,-1
1788562988.8486,2505384,V,1049,922,-1
1788562988.8970,2505397,V,1046,919,32809
1788562988.8970,2505405,V,1053,925,-1
1788562988.8970,2505413,V,1054,926,-1
1788562988.8971,2505421,V,1046,919,-1
1788562988.8971,2505429,V,1051,924,-1
1788562988.8971,2505437,V,1050,923,-1
1788562988.9473,2505451,V,1049,922,32810
1788562988.9474,2505459,V,1047,920,-1
1788562988.9474,2505467,V,1050,923,-1
1788562988.9474,2505475,V,1051,924,-1
1788562988.9474,2505483,V,1050,923,-1
1788562988.9474,2505491,V,1053,925,-1
1788562988.9967,2505505,V,1045,918,32811
1788562988.9967,2505513,V,1043,917,-1
1788562988.9967,2505521,V,1039,913,-1
1788562988.9967,2505529,V,1037,911,-1
1788562988.9967,2505537,V,1032,907,-1
1788562988.9967,2505545,V,1032,907,-1
1788562989.0922,2505558,V,1014,891,32812
1788562989.0925,2505566,V,1016,893,-1
1788562989.0925,2505574,V,1006,884,-1
1788562989.0925,2505582,V,1000,879,-1
1788562989.0925,2505590,V,976,858,-1
1788562989.0925,2505598,V,965,848,-1
1788562989.1412,2505612,V,889,781,32813
1788562989.1412,2505620,V,805,708,-1
1788562989.1412,2505628,V,761,669,-1
1788562989.1412,2505636,V,729,641,-1
1788562989.1412,2505644,V,685,602,-1
1788562989.1412,2505652,V,683,600,-1
1788562989.1905,2505666,V,650,571,32814
1788562989.1905,2505674,V,660,580,-1
1788562989.1905,2505682,V,621,546,-1
1788562989.1905,2505690,V,589,518,-1
1788562989.1905,2505698,V,591,519,-1
1788562989.1905,2505706,V,572,503,-1
1788562989.2431,2505720,V,621,546,32815
1788562989.2431,2505728,V,592,520,-1
1788562989.2431,2505736,V,577,507,-1
1788562989.2431,2505744,V,547,481,-1
1788562989.2431,2505752,V,562,494,-1
1788562989.2431,2505760,V,552,485,-1
1788562989.3358,2505773,V,562,494,32816
1788562989.3359,2505781,V,537,472,-1
1788562989.3359,2505789,V,526,462,-1
1788562989.3359,2505797,V,532,468,-1
1788562989.3359,2505805,V,540,475,-1
1788562989.3359,2505813,V,521,458,-1
1788562989.3367,2505827,V,530,466,32817
1788562989.3367,2505835,V,518,455,-1
1788562989.3367,2505843,V,559,491,-1
1788562989.3367,2505851,V,523,460,-1
1788562989.3367,2505859,V,522,459,-1
1788562989.3367,2505867,V,525,461,-1
1788562989.3887,2505881,V,523,460,32818
1788562989.3887,2505889,V,522,459,-1
1788562989.3887,2505897,V,536,471,-1
1788562989.3887,2505905,V,528,464,-1
1788562989.3888,2505913,V,487,428,-1
1788562989.3888,2505921,V,511,449,-1
1788562989.4338,2505935,V,515,453,32819
1788562989.4338,2505943,V,532,468,-1
1788562989.4338,2505951,V,518,455,-1
1788562989.4338,2505959,V,519,456,-1
1788562989.4338,2505967,V,521,458,-1
1788562989.4338,2505975,V,546,480,-1
1788562989.4824,2505988,V,506,445,32820
1788562989.4825,2505996,V,510,448,-1
1788562989.4825,2506004,V,528,464,-1
1788562989.4825,2506012,V,546,480,-1
1788562989.4825,2506020,V,527,463,-1
1788562989.4825,2506028,V,529,465,-1
1788562989.5326,2506042,V,507,446,32821
1788562989.5326,2506050,V,513,451,-1
1788562989.5326,2506058,V,504,443,-1
1788562989.5326,2506066,V,528,464,-1
1788562989.5326,2506074,V,500,439,-1
1788562989.5326,2506082,V,519,456,-1
1788562989.6284,2506096,V,550,483,32822
1788562989.6286,2506104,V,536,471,-1
1788562989.6286,2506112,V,546,480,-1
1788562989.6286,2506120,V,528,464,-1
1788562989.6286,2506128,V,518,455,-1
1788562989.6286,2506136,V,552,485,-1
1788562989.6775,2506149,V,514,452,32823
1788562989.6775,2506157,V,508,446,-1
1788562989.6775,2506165,V,515,453,-1
1788562989.6775,2506173,V,547,481,-1
1788562989.6775,2506181,V,506,445,-1
1788562989.6775,2506189,V,522,459,-1
1788562989.7258,2506203,V,513,451,32824
1788562989.7259,2506211,V,536,471,-1
1788562989.7259,2506219,V,562,494,-1
1788562989.7259,2506227,V,534,469,-1
1788562989.7259,2506235,V,544,478,-1
1788562989.7259,2506243,V,524,461,-1
1788562989.7745,2506257,V,525,461,32825
1788562989.7745,2506265,V,511,449,-1
1788562989.7746,2506273,V,537,472,-1
1788562989.7746,2506281,V,599,526,-1
1788562989.7746,2506289,V,539,474,-1
1788562989.7746,2506297,V,540,475,-1
1788562989.8746,2506311,V,531,467,32826
1788562989.8749,2506319,V,541,475,-1
1788562989.8750,2506327,V,570,501,-1
1788562989.8750,2506335,V,569,500,-1
1788562989.8750,2506343,V,567,498,-1
1788562989.8750,2506351,V,551,484,-1
1788562989.8753,2506364,V,561,493,32827
1788562989.8753,2506372,V,536,471,-1
1788562989.8753,2506380,V,578,508,-1
1788562989.8753,2506388,V,578,508,-1
1788562989.8753,2506396,V,577,507,-1
1788562989.8753,2506404,V,575,505,-1
1788562989.9209,2506418,V,599,526,32828
1788562989.9209,2506426,V,617,542,-1
1788562989.9209,2506434,V,630,554,-1
1788562989.9209,2506442,V,661,581,-1
1788562989.9210,2506450,V,670,589,-1
1788562989.9210,2506458,V,732,643,-1
1788562989.9694,2506472,V,964,847,32829
1788562989.9694,2506480,V,1002,881,-1
1788562989.9694,2506488,V,1047,920,-1
1788562989.9694,2506496,V,1031,906,-1
1788562989.9695,2506504,V,970,853,-1
1788562989.9695,2506512,V,1082,951,-1
1788562990.0183,2506526,V,1085,954,32830
1788562990.0184,2506534,V,1028,904,-1
1788562990.0184,2506542,V,971,853,-1
1788562990.0184,2506550,V,1003,882,-1
1788562990.0184,2506558,V,1050,923,-1
1788562990.0184,2506566,V,1059,931,-1
1788562990.0672,2506579,V,1048,921,32831
1788562990.0672,2506587,V,1043,917,-1
1788562990.0672,2506595,V,1040,914,-1
1788562990.0673,2506603,V,1048,921,-1
1788562990.0673,2506611,V,1046,919,-1
1788562990.0673,2506619,V,1058,930,-1
1788562990.1670,2506633,V,1054,926,32832
1788562990.1671,2506641,V,1057,929,-1
1788562990.1671,2506649,V,1059,931,-1
1788562990.1671,2506657,V,1058,930,-1
1788562990.1671,2506665,V,1059,931,-1
1788562990.1671,2506673,V,1062,933,-1
1788562990.2130,2506687,V,1065,936,32833
1788562990.2130,2506695,V,1060,932,-1
1788562990.2130,2506703,V,1061,933,-1
1788562990.2131,2506711,V,1064,935,-1
1788562990.2131,2506719,V,1066,937,-1
1788562990.2131,2506727,V,1067,938,-1
1788562990.2616,2506740,V,1062,933,32834
1788562990.2616,2506748,V,1062,933,-1
1788562990.2616,2506756,V,1063,934,-1
1788562990.2616,2506764,V,1066,937,-1
1788562990.2616,2506772,V,1061,933,-1
1788562990.2616,2506780,V,1067,938,-1
1788562990.3104,2506794,V,1068,939,32835
1788562990.3104,2506802,V,1062,933,-1
1788562990.3105,2506810,V,1062,933,-1
1788562990.3105,2506818,V,1069,940,-1
1788562990.3105,2506826,V,1065,936,-1
1788562990.3105,2506834,V,1065,936,-1
1788562990.3591,2506848,V,1061,933,32836
1788562990.3591,2506856,V,1066,937,-1
1788562990.3592,2506864,V,1068,939,-1
1788562990.3592,2506872,V,1068,939,-1
1788562990.3592,2506880,V,1066,937,-1
1788562990.3592,2506888,V,1068,939,-1
1788562990.4096,2506902,V,1065,936,32837
1788562990.4097,2506910,V,1065,936,-1
1788562990.4097,2506918,V,1063,934,-1
1788562990.4097,2506926,V,1062,933,-1
1788562990.4097,2506934,V,1062,933,-1
1788562990.4097,2506942,V,1066,937,-1
1788562990.4578,2506955,V,1059,931,32838
1788562990.4578,2506963,V,1068,939,-1
1788562990.4578,2506971,V,1066,937,-1
1788562990.4578,2506979,V,1063,934,-1
1788562990.4578,2506987,V,1064,935,-1
1788562990.4579,2506995,V,1060,932,-1
1788562990.5068,2507009,V,1065,936,32839
1788562990.5068,2507017,V,1067,938,-1
1788562990.5068,2507025,V,1070,940,-1
1788562990.5068,2507033,V,1066,937,-1
1788562990.5069,2507041,V,1065,936,-1
1788562990.5069,2507049,V,1062,933,-1
1788562990.5542,2507063,V,1066,937,32840
1788562990.5542,2507071,V,1064,935,-1
1788562990.5542,2507079,V,1060,932,-1
1788562990.5542,2507087,V,1064,935,-1
1788562990.5542,2507095,V,1063,934,-1
1788562990.5542,2507103,V,1064,935,-1
1788562990.6518,2507117,V,1066,937,32841
1788562990.6519,2507125,V,1062,933,-1
1788562990.6519,2507133,V,1062,933,-1
1788562990.6519,2507141,V,1067,938,-1
1788562990.6519,2507149,V,1065,936,-1
1788562990.6519,2507157,V,1071,941,-1
1788562990.7008,2507170,V,1061,933,32842
1788562990.7008,2507178,V,1062,933,-1
1788562990.7008,2507186,V,1066,937,-1
1788562990.7008,2507194,V,1068,939,-1
1788562990.7008,2507202,V,1066,937,-1
1788562990.7008,2507210,V,1063,934,-1
1788562990.7495,2507224,V,1063,934,32843
1788562990.7495,2507232,V,1065,936,-1
1788562990.7495,2507240,V,1063,934,-1
1788562990.7495,2507248,V,1060,932,-1
1788562990.7495,2507256,V,1066,937,-1
1788562990.7495,2507264,V,1063,934,-1
1788562990.8001,2507278,V,1062,933,32844
1788562990.8001,2507286,V,1060,932,-1
1788562990.8002,2507294,V,1060,932,-1
1788562990.8002,2507302,V,1067,938,-1
1788562990.8002,2507310,V,1061,933,-1
1788562990.8002,2507318,V,1061,933,-1
1788562990.8467,2507332,V,1060,932,32845
1788562990.8467,2507340,V,1060,932,-1
1788562990.8467,2507348,V,1059,931,-1
1788562990.8467,2507356,V,1057,929,-1
1788562990.8468,2507364,V,1059,931,-1
1788562990.8468,2507372,V,1057,929,-1
1788562990.8954,2507385,V,1058,930,32846
1788562990.8955,2507393,V,1056,928,-1
1788562990.8955,2507401,V,1055,927,-1
1788562990.8955,2507409,V,1055,927,-1
1788562990.8955,2507417,V,1057,929,-1
1788562990.8955,2507425,V,1059,931,-1
1788562990.9443,2507439,V,1048,921,32847
1788562990.9443,2507447,V,1045,918,-1
1788562990.9444,2507455,V,1046,919,-1
1788562990.9444,2507463,V,1043,917,-1
1788562990.9444,2507471,V,1035,910,-1
1788562990.9444,2507479,V,1028,904,-1
1788562990.9930,2507493,V,1029,904,32848
1788562990.9930,2507501,V,1022,898,-1
1788562990.9930,2507509,V,1013,890,-1
1788562990.9930,2507517,V,995,875,-1
1788562990.9930,2507525,V,978,860,-1
1788562990.9930,2507533,V,972,854,-1
1788562991.0434,2507546,V,956,840,32849
1788562991.0434,2507554,V,922,810,-1
1788562991.0434,2507562,V,806,708,-1
1788562991.0434,2507570,V,760,668,-1
1788562991.0434,2507578,V,732,643,-1
1788562991.0434,2507586,V,702,617,-1
1788562991.0925,2507600,V,688,605,32850
1788562991.0925,2507608,V,654,575,-1
1788562991.0925,2507616,V,642,564,-1
1788562991.0925,2507624,V,631,555,-1
1788562991.0925,2507632,V,643,565,-1
1788562991.0926,2507640,V,619,544,-1
1788562991.1878,2507654,V,603,530,32851
1788562991.1879,2507662,V,591,519,-1
1788562991.1879,2507670,V,580,510,-1
1788562991.1879,2507678,V,591,519,-1
1788562991.1879,2507686,V,559,491,-1
1788562991.1879,2507694,V,539,474,-1
1788562991.2366,2507708,V,559,491,32852
1788562991.2366,2507716,V,546,480,-1
1788562991.2366,2507724,V,545,479,-1
1788562991.2366,2507732,V,537,472,-1
1788562991.2366,2507740,V,537,472,-1
1788562991.2366,2507748,V,539,474,-1
1788562991.2853,2507761,V,522,459,32853
1788562991.2853,2507769,V,518,455,-1
1788562991.2853,2507777,V,539,474,-1
1788562991.2853,2507785,V,542,476,-1
1788562991.2853,2507793,V,512,450,-1
1788562991.2853,2507801,V,531,467,-1
1788562991.3359,2507815,V,540,475,32854
1788562991.3359,2507823,V,511,449,-1
1788562991.3359,2507831,V,520,457,-1
1788562991.3359,2507839,V,531,467,-1
1788562991.3359,2507847,V,562,494,-1
1788562991.3359,2507855,V,513,451,-1
1788562991.4317,2507869,V,514,452,32855
1788562991.4317,2507877,V,498,438,-1
1788562991.4318,2507885,V,546,480,-1
1788562991.4318,2507893,V,544,478,-1
1788562991.4318,2507901,V,531,467,-1
1788562991.4318,2507909,V,499,439,-1
1788562991.4340,2507922,V,522,459,32856
1788562991.4340,2507930,V,522,459,-1
1788562991.4340,2507938,V,535,470,-1
1788562991.4340,2507946,V,515,453,-1
1788562991.4340,2507954,V,512,450,-1
1788562991.4340,2507962,V,496,436,-1
1788562991.4806,2507976,V,539,474,32857
1788562991.4806,2507984,V,502,441,-1
1788562991.4806,2507992,V,502,441,-1
1788562991.4806,2508000,V,490,431,-1
1788562991.4806,2508008,V,514,452,-1
1788562991.4806,2508016,V,535,470,-1
1788562991.5294,2508030,V,515,453,32858
1788562991.5294,2508038,V,550,483,-1
1788562991.5294,2508046,V,541,475,-1
1788562991.5295,2508054,V,502,441,-1
1788562991.5295,2508062,V,537,472,-1
1788562991.5295,2508070,V,500,439,-1
1788562991.5781,2508084,V,528,464,32859
1788562991.5781,2508092,V,489,430,-1
1788562991.5781,2508100,V,502,441,-1
1788562991.5781,2508108,V,498,438,-1
1788562991.5781,2508116,V,492,432,-1
1788562991.5781,2508124,V,508,446,-1
1788562991.6287,2508137,V,507,446,32860
1788562991.6287,2508145,V,517,454,-1
1788562991.6287,2508153,V,514,452,-1
1788562991.6287,2508161,V,514,452,-1
1788562991.6287,2508169,V,509,447,-1
1788562991.6287,2508177,V,515,453,-1
1788562991.7245,2508191,V,533,468,32861
1788562991.7246,2508199,V,495,435,-1
1788562991.7247,2508207,V,509,447,-1
1788562991.7247,2508215,V,519,456,-1
1788562991.7247,2508223,V,526,462,-1
1788562991.7247,2508231,V,518,455,-1
1788562991.7737,2508245,V,515,453,32862
1788562991.7737,2508253,V,522,459,-1
1788562991.7737,2508261,V,527,463,-1
1788562991.7737,2508269,V,537,472,-1
1788562991.7737,2508277,V,521,458,-1
1788562991.7738,2508285,V,491,432,-1
1788562991.8223,2508299,V,545,479,32863
1788562991.8223,2508307,V,525,461,-1
1788562991.8223,2508315,V,518,455,-1
1788562991.8224,2508323,V,529,465,-1
1788562991.8224,2508331,V,545,479,-1
1788562991.8224,2508339,V,497,437,-1
1788562991.8706,2508352,V,548,482,32864
1788562991.8706,2508360,V,513,451,-1
1788562991.8706,2508368,V,508,446,-1
1788562991.8706,2508376,V,536,471,-1
1788562991.8706,2508384,V,531,467,-1
1788562991.8706,2508392,V,529,465,-1
1788562992.0170,2508406,V,545,479,32865
1788562992.0170,2508414,V,547,481,-1
1788562992.0170,2508422,V,543,477,-1
1788562992.0170,2508430,V,540,475,-1
1788562992.0170,2508438,V,559,491,-1
1788562992.0170,2508446,V,540,475,-1
1788562992.0190,2508460,V,572,503,32866
1788562992.0190,2508468,V,580,510,-1
1788562992.0190,2508476,V,606,533,-1
1788562992.0190,2508484,V,586,515,-1
1788562992.0190,2508492,V,605,532,-1
1788562992.0190,2508500,V,603,530,-1
1788562992.0655,2508513,V,597,525,32867
1788562992.0655,2508521,V,626,550,-1
1788562992.0656,2508529,V,636,559,-1
1788562992.0656,2508537,V,652,573,-1
1788562992.0656,2508545,V,695,611,-1
1788562992.0656,2508553,V,739,650,-1
1788562992.0668,2508567,V,997,876,32868
1788562992.0668,2508575,V,1012,889,-1
1788562992.0668,2508583,V,1031,906,-1
1788562992.0668,2508591,V,1049,922,-1
1788562992.0668,2508599,V,1072,942,-1
1788562992.0668,2508607,V,1071,941,-1
1788562992.1146,2508621,V,1070,940,32869
1788562992.1146,2508629,V,1080,949,-1
1788562992.1146,2508637,V,1086,954,-1
1788562992.1146,2508645,V,1081,950,-1
1788562992.1146,2508653,V,1076,946,-1
1788562992.1146,2508661,V,1077,947,-1
1788562992.1631,2508675,V,1080,949,32870
1788562992.1631,2508683,V,1084,953,-1
1788562992.1631,2508691,V,1084,953,-1
1788562992.1631,2508699,V,1084,953,-1
1788562992.1631,2508707,V,1087,955,-1
1788562992.1632,2508715,V,1085,954,-1
1788562992.2615,2508728,V,1087,955,32871
1788562992.2617,2508736,V,1089,957,-1
1788562992.2617,2508744,V,1088,956,-1
1788562992.2617,2508752,V,1090,958,-1
1788562992.2617,2508760,V,1089,957,-1
1788562992.2617,2508768,V,1088,956,-1
1788562992.3098,2508782,V,1090,958,32872
1788562992.3098,2508790,V,1091,959,-1
1788562992.3098,2508798,V,1091,959,-1
1788562992.3098,2508806,V,1090,958,-1
1788562992.3098,2508814,V,1089,957,-1
1788562992.3098,2508822,V,1089,957,-1
1788562992.3597,2508836,V,1087,955,32873
1788562992.3597,2508844,V,1089,957,-1
1788562992.3597,2508852,V,1091,959,-1
1788562992.3597,2508860,V,1085,954,-1
1788562992.3597,2508868,V,1084,953,-1
1788562992.3597,2508876,V,1083,952,-1
1788562992.4105,2508889,V,1086,954,32874
1788562992.4105,2508897,V,1082,951,-1
1788562992.4105,2508905,V,1084,953,-1
1788562992.4105,2508913,V,1082,951,-1
1788562992.4105,2508921,V,1077,947,-1
1788562992.4105,2508929,V,1083,952,-1
1788562992.4562,2508943,V,1076,946,32875
1788562992.4562,2508951,V,1077,947,-1
1788562992.4562,2508959,V,1074,944,-1
1788562992.4562,2508967,V,1079,948,-1
1788562992.4562,2508975,V,1077,947,-1
1788562992.4562,2508983,V,1071,941,-1
1788562992.5064,2508997,V,1076,946,32876
1788562992.5067,2509005,V,1073,943,-1
1788562992.5068,2509013,V,1079,948,-1
1788562992.5068,2509021,V,1078,947,-1
1788562992.5068,2509029,V,1077,947,-1
1788562992.5068,2509037,V,1078,947,-1
1788562992.5549,2509051,V,1078,947,32877
1788562992.5549,2509059,V,1075,945,-1
1788562992.5549,2509067,V,1073,943,-1
1788562992.5550,2509075,V,1074,944,-1
1788562992.5550,2509083,V,1076,946,-1
1788562992.5550,2509091,V,1077,947,-1
1788562992.6034,2509104,V,1077,947,32878
1788562992.6034,2509112,V,1075,945,-1
1788562992.6034,2509120,V,1079,948,-1
1788562992.6035,2509128,V,1079,948,-1
1788562992.6035,2509136,V,1077,947,-1
1788562992.6035,2509144,V,1080,949,-1
1788562992.6510,2509158,V,1077,947,32879
1788562992.6510,2509166,V,1077,947,-1
1788562992.6510,2509174,V,1079,948,-1
1788562992.6510,2509182,V,1077,947,-1
1788562992.6511,2509190,V,1076,946,-1
1788562992.6511,2509198,V,1077,947,-1
1788562992.6998,2509212,V,1077,947,32880
1788562992.6999,2509220,V,1080,949,-1
1788562992.6999,2509228,V,1073,943,-1
1788562992.6999,2509236,V,1080,949,-1
1788562992.6999,2509244,V,1079,948,-1
1788562992.6999,2509252,V,1078,947,-1
1788562992.7973,2509265,V,1077,947,32881
1788562992.7975,2509273,V,1080,949,-1
1788562992.7975,2509281,V,1079,948,-1
1788562992.7976,2509289,V,1072,942,-1
1788562992.7976,2509297,V,1076,946,-1
1788562992.7976,2509305,V,1074,944,-1
1788562992.8475,2509319,V,1076,946,32882
1788562992.8475,2509327,V,1078,947,-1
1788562992.8476,2509335,V,1077,947,-1
1788562992.8476,2509343,V,1079,948,-1
1788562992.8476,2509351,V,1078,947,-1
1788562992.8476,2509359,V,1076,946,-1
1788562992.8984,2509373,V,1075,945,32883
1788562992.8985,2509381,V,1075,945,-1
1788562992.8985,2509389,V,1078,947,-1
1788562992.8985,2509397,V,1081,950,-1
1788562992.8985,2509405,V,1080,949,-1
1788562992.8985,2509413,V,1075,945,-1
1788562992.9441,2509427,V,1080,949,32884
1788562992.9442,2509435,V,1077,947,-1
1788562992.9442,2509443,V,1079,948,-1
1788562992.9442,2509451,V,1077,947,-1
1788562992.9442,2509459,V,1073,943,-1
1788562992.9442,2509467,V,1078,947,-1
1788562992.9920,2509480,V,1078,947,32885
1788562992.9920,2509488,V,1076,946,-1
1788562992.9921,2509496,V,1077,947,-1
1788562992.9922,2509504,V,1074,944,-1
1788562992.9922,2509512,V,1073,943,-1
1788562992.9922,2509520,V,1072,942,-1
1788562993.0418,2509534,V,1063,934,32886
1788562993.0420,2509542,V,1067,938,-1
1788562993.0420,2509550,V,1069,940,-1
1788562993.0420,2509558,V,1063,934,-1
1788562993.0420,2509566,V,1055,927,-1
1788562993.0420,2509574,V,1057,929,-1
1788562993.0898,2509588,V,1048,921,32887
1788562993.0898,2509596,V,1045,918,-1
1788562993.0898,2509604,V,1037,911,-1
1788562993.0898,2509612,V,1025,901,-1
1788562993.0898,2509620,V,1017,894,-1
1788562993.0898,2509628,V,1002,881,-1
1788562993.1398,2509642,V,994,874,32888
1788562993.1398,2509650,V,977,859,-1
1788562993.1398,2509658,V,937,824,-1
1788562993.1398,2509666,V,860,756,-1
1788562993.1398,2509674,V,768,675,-1
1788562993.1399,2509682,V,725,637,-1
1788562993.1891,2509695,V,692,608,32889
1788562993.1891,2509703,V,667,586,-1
1788562993.1891,2509711,V,663,583,-1
1788562993.1891,2509719,V,641,563,-1
1788562993.1891,2509727,V,630,554,-1
1788562993.1892,2509735,V,620,545,-1
1788562993.2846,2509749,V,593,521,32890
1788562993.2847,2509757,V,592,520,-1
1788562993.2847,2509765,V,567,498,-1
1788562993.2847,2509773,V,558,490,-1
1788562993.2847,2509781,V,573,504,-1
1788562993.2847,2509789,V,597,525,-1
1788562993.3343,2509803,V,580,510,32891
1788562993.3343,2509811,V,559,491,-1
1788562993.3343,2509819,V,557,490,-1
1788562993.3343,2509827,V,534,469,-1
1788562993.3343,2509835,V,557,490,-1
1788562993.3343,2509843,V,556,489,-1
1788562993.3823,2509857,V,541,475,32892
1788562993.3823,2509865,V,521,458,-1
1788562993.3824,2509873,V,528,464,-1
1788562993.3824,2509881,V,542,476,-1
1788562993.3824,2509889,V,544,478,-1
1788562993.3824,2509897,V,522,459,-1
1788562993.4338,2509910,V,515,453,32893
1788562993.4339,2509918,V,521,458,-1
1788562993.4343,2509926,V,518,455,-1
1788562993.4343,2509934,V,532,468,-1
1788562993.4343,2509942,V,542,476,-1
1788562993.4343,2509950,V,517,454,-1
1788562993.4816,2509964,V,504,443,32894
1788562993.4817,2509972,V,512,450,-1
1788562993.4817,2509980,V,517,454,-1
1788562993.4817,2509988,V,521,458,-1
1788562993.4817,2509996,V,522,459,-1
1788562993.4817,2510004,V,498,438,-1
1788562993.5280,2510018,V,511,449,32895
1788562993.5281,2510026,V,528,464,-1
1788562993.5281,2510034,V,518,455,-1
1788562993.5281,2510042,V,517,454,-1
1788562993.5281,2510050,V,522,459,-1
1788562993.5282,2510058,V,523,460,-1
1788562993.5768,2510071,V,503,442,32896
1788562993.5768,2510079,V,537,472,-1
1788562993.5768,2510087,V,524,461,-1
1788562993.5768,2510095,V,507,446,-1
1788562993.5768,2510103,V,504,443,-1
1788562993.5768,2510111,V,499,439,-1
1788562993.6256,2510125,V,500,439,32897
1788562993.6256,2510133,V,506,445,-1
1788562993.6256,2510141,V,513,451,-1
1788562993.6256,2510149,V,526,462,-1
1788562993.6256,2510157,V,511,449,-1
1788562993.6256,2510165,V,504,443,-1
1788562993.6743,2510179,V,522,459,32898
1788562993.6744,2510187,V,519,456,-1
1788562993.6744,2510195,V,532,468,-1
1788562993.6744,2510203,V,503,442,-1
1788562993.6744,2510211,V,507,446,-1
1788562993.6744,2510219,V,514,452,-1
1788562993.7241,2510233,V,580,510,32899
1788562993.7241,2510241,V,551,484,-1
1788562993.7241,2510249,V,500,439,-1
1788562993.7241,2510257,V,506,445,-1
1788562993.7241,2510265,V,520,457,-1
1788562993.7241,2510273,V,528,464,-1
1788562993.8206,2510286,V,496,436,32900
1788562993.8207,2510294,V,523,460,-1
1788562993.8207,2510302,V,509,447,-1
1788562993.8207,2510310,V,532,468,-1
1788562993.8207,2510318,V,502,441,-1
1788562993.8207,2510326,V,530,466,-1
1788562993.9190,2510340,V,529,465,32901
1788562993.9190,2510348,V,491,432,-1
1788562993.9190,2510356,V,534,469,-1
1788562993.9190,2510364,V,512,450,-1
1788562993.9190,2510372,V,515,453,-1
1788562993.9190,2510380,V,528,464,-1
1788562993.9213,2510394,V,541,475,32902
1788562993.9213,2510402,V,516,454,-1
1788562993.9213,2510410,V,523,460,-1
1788562993.9213,2510418,V,527,463,-1
1788562993.9213,2510426,V,520,457,-1
1788562993.9213,2510434,V,561,493,-1
1788562993.9678,2510447,V,517,454,32903
1788562993.9678,2510455,V,521,458,-1
1788562993.9678,2510463,V,530,466,-1
1788562993.9678,2510471,V,523,460,-1
1788562993.9678,2510479,V,528,464,-1
1788562993.9678,2510487,V,548,482,-1
1788562994.0661,2510501,V,535,470,32904
1788562994.0663,2510509,V,531,467,-1
1788562994.0663,2510517,V,536,471,-1
1788562994.0663,2510525,V,547,481,-1
1788562994.0663,2510533,V,572,503,-1
1788562994.0663,2510541,V,564,496,-1
1788562994.0665,2510555,V,539,474,32905
1788562994.0665,2510563,V,570,501,-1
1788562994.0665,2510571,V,560,492,-1
1788562994.0665,2510579,V,592,520,-1
1788562994.0665,2510587,V,583,512,-1
1788562994.0665,2510595,V,597,525,-1
1788562994.1141,2510609,V,617,542,32906
1788562994.1141,2510617,V,652,573,-1
1788562994.1141,2510625,V,665,584,-1
1788562994.1141,2510633,V,706,621,-1
1788562994.1141,2510641,V,934,821,-1
1788562994.1141,2510649,V,1015,892,-1
1788562994.1616,2510662,V,1026,902,32907
1788562994.1616,2510670,V,1051,924,-1
1788562994.1616,2510678,V,1069,940,-1
1788562994.1616,2510686,V,1047,920,-1
1788562994.1616,2510694,V,997,876,-1
1788562994.1616,2510702,V,1057,929,-1
1788562994.2105,2510716,V,1075,945,32908
1788562994.2105,2510724,V,1040,914,-1
1788562994.2106,2510732,V,1015,892,-1
1788562994.2106,2510740,V,1038,912,-1
1788562994.2106,2510748,V,1057,929,-1
1788562994.2106,2510756,V,1064,935,-1
1788562994.2592,2510770,V,1067,938,32909
1788562994.2592,2510778,V,1056,928,-1
1788562994.2592,2510786,V,1053,925,-1
1788562994.2592,2510794,V,1056,928,-1
1788562994.2592,2510802,V,1060,932,-1
1788562994.2592,2510810,V,1065,936,-1
1788562994.3581,2510823,V,1060,932,32910
1788562994.3581,2510831,V,1070,940,-1
1788562994.3581,2510839,V,1070,940,-1
1788562994.3581,2510847,V,1074,944,-1
1788562994.3582,2510855,V,1072,942,-1
1788562994.3582,2510863,V,1072,942,-1
1788562994.4071,2510877,V,1073,943,32911
1788562994.4071,2510885,V,1076,946,-1
1788562994.4071,2510893,V,1072,942,-1
1788562994.4071,2510901,V,1073,943,-1
1788562994.4071,2510909,V,1074,944,-1
1788562994.4071,2510917,V,1077,947,-1
1788562994.4552,2510931,V,1079,948,32912
1788562994.4552,2510939,V,1078,947,-1
1788562994.4552,2510947,V,1078,947,-1
1788562994.4552,2510955,V,1080,949,-1
1788562994.4552,2510963,V,1077,947,-1
1788562994.4552,2510971,V,1081,950,-1
1788562994.5040,2510985,V,1080,949,32913
1788562994.5040,2510993,V,1080,949,-1
1788562994.5040,2511001,V,1076,946,-1
1788562994.5040,2511009,V,1080,949,-1
1788562994.5041,2511017,V,1078,947,-1
1788562994.5041,2511025,V,1083,952,-1
1788562994.5517,2511038,V,1078,947,32914
1788562994.5517,2511046,V,1079,948,-1
1788562994.5517,2511054,V,1076,946,-1
1788562994.5517,2511062,V,1079,948,-1
1788562994.5518,2511070,V,1085,954,-1
1788562994.5518,2511078,V,1080,949,-1
1788562994.6008,2511092,V,1084,953,32915
1788562994.6009,2511100,V,1082,951,-1
1788562994.6009,2511108,V,1085,954,-1
1788562994.6009,2511116,V,1086,954,-1
1788562994.6009,2511124,V,1078,947,-1
1788562994.6009,2511132,V,1079,948,-1
1788562994.6515,2511146,V,1075,945,32916
1788562994.6515,2511154,V,1085,954,-1
1788562994.6515,2511162,V,1081,950,-1
1788562994.6516,2511170,V,1080,949,-1
1788562994.6516,2511178,V,1083,952,-1
1788562994.6516,2511186,V,1084,953,-1
1788562994.7003,2511200,V,1081,950,32917
1788562994.7003,2511208,V,1075,945,-1
1788562994.7003,2511216,V,1079,948,-1
1788562994.7004,2511224,V,1080,949,-1
1788562994.7004,2511232,V,1086,954,-1
1788562994.7004,2511240,V,1077,947,-1
1788562994.7477,2511253,V,1078,947,32918
1788562994.7477,2511261,V,1078,947,-1
1788562994.7477,2511269,V,1078,947,-1
1788562994.7478,2511277,V,1082,951,-1
1788562994.7479,2511285,V,1081,950,-1
1788562994.7479,2511293,V,1080,949,-1
1788562994.7965,2511307,V,1079,948,32919
1788562994.7966,2511315,V,1078,947,-1
1788562994.7966,2511323,V,1075,945,-1
1788562994.7966,2511331,V,1076,946,-1
1788562994.7966,2511339,V,1076,946,-1
1788562994.7966,2511347,V,1080,949,-1
1788562994.8942,2511361,V,1074,944,32920
1788562994.8943,2511369,V,1077,947,-1
1788562994.8943,2511377,V,1076,946,-1
1788562994.8943,2511385,V,1075,945,-1
1788562994.8943,2511393,V,1074,944,-1
1788562994.8943,2511401,V,1075,945,-1
1788562994.9455,2511414,V,1080,949,32921
1788562994.9455,2511422,V,1075,945,-1
1788562994.9455,2511430,V,1077,947,-1
1788562994.9455,2511438,V,1071,941,-1
1788562994.9455,2511446,V,1076,946,-1
1788562994.9456,2511454,V,1077,947,-1
1788562994.9946,2511468,V,1075,945,32922
1788562994.9947,2511476,V,1069,940,-1
1788562994.9947,2511484,V,1072,942,-1
1788562994.9947,2511492,V,1065,936,-1
1788562994.9947,2511500,V,1068,939,-1
1788562994.9947,2511508,V,1065,936,-1
1788562995.0408,2511522,V,1057,929,32923
1788562995.0408,2511530,V,1048,921,-1
1788562995.0408,2511538,V,1027,903,-1
1788562995.0408,2511546,V,1011,889,-1
1788562995.0408,2511554,V,1002,881,-1
1788562995.0408,2511562,V,987,867,-1
1788562995.0886,2511576,V,968,851,32924
1788562995.0886,2511584,V,924,812,-1
1788562995.0886,2511592,V,848,745,-1
1788562995.0886,2511600,V,774,680,-1
1788562995.0886,2511608,V,743,653,-1
1788562995.0886,2511616,V,732,643,-1
1788562995.1372,2511629,V,685,602,32925
1788562995.1374,2511637,V,672,591,-1
1788562995.1374,2511645,V,637,560,-1
1788562995.1374,2511653,V,644,566,-1
1788562995.1374,2511661,V,625,549,-1
1788562995.1374,2511669,V,622,547,-1
1788562995.1864,2511683,V,595,523,32926
1788562995.1864,2511691,V,578,508,-1
1788562995.1864,2511699,V,597,525,-1
1788562995.1864,2511707,V,560,492,-1
1788562995.1864,2511715,V,569,500,-1
1788562995.1864,2511723,V,563,495,-1
1788562995.2361,2511737,V,573,504,32927
1788562995.2361,2511745,V,565,497,-1
1788562995.2361,2511753,V,555,488,-1
1788562995.2361,2511761,V,522,459,-1
1788562995.2361,2511769,V,537,472,-1
1788562995.2361,2511777,V,538,473,-1
1788562995.2855,2511791,V,534,469,32928
1788562995.2855,2511799,V,544,478,-1
1788562995.2855,2511807,V,533,468,-1
1788562995.2855,2511815,V,542,476,-1
1788562995.2855,2511823,V,534,469,-1
1788562995.2855,2511831,V,513,451,-1
1788562995.3322,2511844,V,532,468,32929
1788562995.3322,2511852,V,534,469,-1
1788562995.3322,2511860,V,524,461,-1
1788562995.3322,2511868,V,549,483,-1
1788562995.3322,2511876,V,521,458,-1
1788562995.3323,2511884,V,529,465,-1
1788562995.4318,2511898,V,523,460,32930
1788562995.4319,2511906,V,523,460,-1
1788562995.4319,2511914,V,514,452,-1
1788562995.4319,2511922,V,518,455,-1
1788562995.4319,2511930,V,518,455,-1
1788562995.4319,2511938,V,532,468,-1
1788562995.4787,2511952,V,527,463,32931
1788562995.4787,2511960,V,511,449,-1
1788562995.4787,2511968,V,518,455,-1
1788562995.4787,2511976,V,513,451,-1
1788562995.4787,2511984,V,569,500,-1
1788562995.4787,2511992,V,509,447,-1
1788562995.5778,2512006,V,504,443,32932
1788562995.5778,2512014,V,529,465,-1
1788562995.5778,2512022,V,543,477,-1
1788562995.5778,2512030,V,517,454,-1
1788562995.5778,2512038,V,523,460,-1
1788562995.5779,2512046,V,505,444,-1
1788562995.5782,2512059,V,549,483,32933
1788562995.5782,2512067,V,502,441,-1
1788562995.5782,2512075,V,491,432,-1
1788562995.5783,2512083,V,527,463,-1
1788562995.5783,2512091,V,502,441,-1
1788562995.5783,2512099,V,524,461,-1
1788562995.6245,2512113,V,505,444,32934
1788562995.6245,2512121,V,522,459,-1
1788562995.6245,2512129,V,497,437,-1
1788562995.6245,2512137,V,504,443,-1
1788562995.6245,2512145,V,508,446,-1
1788562995.6245,2512153,V,529,465,-1
1788562995.6735,2512167,V,526,462,32935
1788562995.6736,2512175,V,532,468,-1
1788562995.6736,2512183,V,545,479,-1
1788562995.6736,2512191,V,506,445,-1
1788562995.6736,2512199,V,496,436,-1
1788562995.6736,2512207,V,527,463,-1
1788562995.7224,2512220,V,523,460,32936
1788562995.7224,2512228,V,538,473,-1
1788562995.7225,2512236,V,523,460,-1
1788562995.7225,2512244,V,498,438,-1
1788562995.7225,2512252,V,509,447,-1
1788562995.7225,2512260,V,508,446,-1
1788562995.7709,2512274,V,522,459,32937
1788562995.7709,2512282,V,541,475,-1
1788562995.7709,2512290,V,510,448,-1
1788562995.7709,2512298,V,538,473,-1
1788562995.7709,2512306,V,515,453,-1
1788562995.7709,2512314,V,523,460,-1
1788562995.8210,2512328,V,528,464,32938
1788562995.8211,2512336,V,539,474,-1
1788562995.8211,2512344,V,523,460,-1
1788562995.8211,2512352,V,527,463,-1
1788562995.8211,2512360,V,533,468,-1
1788562995.8211,2512368,V,539,474,-1
1788562995.9173,2512382,V,525,461,32939
1788562995.9175,2512390,V,544,478,-1
1788562995.9175,2512398,V,518,455,-1
1788562995.9175,2512406,V,519,456,-1
1788562995.9175,2512414,V,516,454,-1
1788562995.9175,2512422,V,545,479,-1
1788562995.9661,2512435,V,527,463,32940
1788562995.9661,2512443,V,521,458,-1
1788562995.9661,2512451,V,514,452,-1
1788562995.9661,2512459,V,509,447,-1
1788562995.9661,2512467,V,527,463,-1
1788562995.9661,2512475,V,531,467,-1
1788562996.0146,2512489,V,519,456,32941
1788562996.0146,2512497,V,548,482,-1
1788562996.0146,2512505,V,548,482,-1
1788562996.0146,2512513,V,516,454,-1
1788562996.0147,2512521,V,570,501,-1
1788562996.0147,2512529,V,526,462,-1
1788562996.0633,2512543,V,524,461,32942
1788562996.0633,2512551,V,553,486,-1
1788562996.0633,2512559,V,542,476,-1
1788562996.0633,2512567,V,539,474,-1
1788562996.0633,2512575,V,560,492,-1
1788562996.0633,2512583,V,563,495,-1
1788562996.1132,2512596,V,563,495,32943
1788562996.1133,2512604,V,594,522,-1
1788562996.1133,2512612,V,590,519,-1
1788562996.1133,2512620,V,564,496,-1
1788562996.1133,2512628,V,628,552,-1
1788562996.1133,2512636,V,633,556,-1
1788562996.1627,2512650,V,642,564,32944
1788562996.1629,2512658,V,643,565,-1
1788562996.1629,2512666,V,679,597,-1
1788562996.1629,2512674,V,714,628,-1
1788562996.1629,2512682,V,747,657,-1
1788562996.1629,2512690,V,950,835,-1
1788562996.2098,2512704,V,1006,884,32945
1788562996.2098,2512712,V,1035,910,-1
1788562996.2098,2512720,V,1041,915,-1
1788562996.2098,2512728,V,1052,925,-1
1788562996.2098,2512736,V,1072,942,-1
1788562996.2098,2512744,V,1067,938,-1
1788562996.2586,2512758,V,1056,928,32946
1788562996.2586,2512766,V,1061,933,-1
1788562996.2586,2512774,V,1076,946,-1
1788562996.2586,2512782,V,1079,948,-1
1788562996.2586,2512790,V,1075,945,-1
1788562996.2586,2512798,V,1078,947,-1
1788562996.3072,2512811,V,1076,946,32947
1788562996.3073,2512819,V,1077,947,-1
1788562996.3073,2512827,V,1076,946,-1
1788562996.3073,2512835,V,1081,950,-1
1788562996.3073,2512843,V,1079,948,-1
1788562996.3073,2512851,V,1078,947,-1
1788562996.3558,2512865,V,1082,951,32948
1788562996.3558,2512873,V,1083,952,-1
1788562996.3558,2512881,V,1082,951,-1
1788562996.3558,2512889,V,1084,953,-1
1788562996.3558,2512897,V,1082,951,-1
1788562996.3558,2512905,V,1085,954,-1
1788562996.4551,2512919,V,1083,952,32949
1788562996.4553,2512927,V,1087,955,-1
1788562996.4553,2512935,V,1084,953,-1
1788562996.4553,2512943,V,1085,954,-1
1788562996.4553,2512951,V,1090,958,-1
1788562996.4554,2512959,V,1088,956,-1
1788562996.5020,2512972,V,1084,953,32950
1788562996.5020,2512980,V,1085,954,-1
1788562996.5020,2512988,V,1085,954,-1
1788562996.5020,2512996,V,1084,953,-1
1788562996.5021,2513004,V,1087,955,-1
1788562996.5021,2513012,V,1088,956,-1
1788562996.5509,2513026,V,1087,955,32951
1788562996.5509,2513034,V,1089,957,-1
1788562996.5509,2513042,V,1089,957,-1
1788562996.5509,2513050,V,1090,958,-1
1788562996.5509,2513058,V,1087,955,-1
1788562996.5509,2513066,V,1086,954,-1
1788562996.5998,2513080,V,1083,952,32952
1788562996.5999,2513088,V,1086,954,-1
1788562996.5999,2513096,V,1085,954,-1
1788562996.5999,2513104,V,1089,957,-1
1788562996.5999,2513112,V,1086,954,-1
1788562996.5999,2513120,V,1084,953,-1
1788562996.6482,2513134,V,1089,957,32953
1788562996.6482,2513142,V,1088,956,-1
1788562996.6482,2513150,V,1088,956,-1
1788562996.6482,2513158,V,1087,955,-1
1788562996.6482,2513166,V,1086,954,-1
1788562996.6482,2513174,V,1085,954,-1
1788562996.6971,2513187,V,1080,949,32954
1788562996.6973,2513195,V,1085,954,-1
1788562996.6973,2513203,V,1089,957,-1
1788562996.6973,2513211,V,1087,955,-1
1788562996.6973,2513219,V,1082,951,-1
1788562996.6973,2513227,V,1085,954,-1
1788562996.7459,2513241,V,1086,954,32955
1788562996.7461,2513249,V,1087,955,-1
1788562996.7461,2513257,V,1089,957,-1
1788562996.7461,2513265,V,1090,958,-1
1788562996.7461,2513273,V,1086,954,-1
1788562996.7461,2513281,V,1085,954,-1
1788562996.7963,2513295,V,1086,954,32956
1788562996.7963,2513303,V,1089,957,-1
1788562996.7963,2513311,V,1091,959,-1
1788562996.7963,2513319,V,1087,955,-1
1788562996.7963,2513327,V,1088,956,-1
1788562996.7963,2513335,V,1085,954,-1
1788562996.8431,2513348,V,1087,955,32957
1788562996.8431,2513356,V,1088,956,-1
1788562996.8431,2513364,V,1086,954,-1
1788562996.8431,2513372,V,1090,958,-1
1788562996.8431,2513380,V,1086,954,-1
1788562996.8431,2513388,V,1087,955,-1
1788562996.8916,2513402,V,1090,958,32958
1788562996.8916,2513410,V,1088,956,-1
1788562996.8916,2513418,V,1088,956,-1
1788562996.8916,2513426,V,1088,956,-1
1788562996.8916,2513434,V,1087,955,-1
1788562996.8916,2513442,V,1092,960,-1
1788562996.9891,2513456,V,1087,955,32959
1788562996.9892,2513464,V,1089,957,-1
1788562996.9892,2513472,V,1088,956,-1
1788562996.9892,2513480,V,1089,957,-1
1788562996.9892,2513488,V,1083,952,-1
1788562996.9892,2513496,V,1085,954,-1
1788562997.0395,2513510,V,1084,953,32960
1788562997.0395,2513518,V,1085,954,-1
1788562997.0395,2513526,V,1082,951,-1
1788562997.0395,2513534,V,1079,948,-1
1788562997.0395,2513542,V,1081,950,-1
1788562997.0395,2513550,V,1083,952,-1
1788562997.0888,2513563,V,1082,951,32961
1788562997.0889,2513571,V,1084,953,-1
1788562997.0889,2513579,V,1081,950,-1
1788562997.0889,2513587,V,1080,949,-1
1788562997.0889,2513595,V,1081,950,-1
1788562997.0889,2513603,V,1075,945,-1
1788562997.1356,2513617,V,1075,945,32962
1788562997.1356,2513625,V,1076,946,-1
1788562997.1356,2513633,V,1067,938,-1
1788562997.1356,2513641,V,1068,939,-1
1788562997.1356,2513649,V,1055,927,-1
1788562997.1356,2513657,V,1051,924,-1
1788562997.1847,2513671,V,1050,923,32963
1788562997.1847,2513679,V,1036,911,-1
1788562997.1847,2513687,V,1020,896,-1
1788562997.1847,2513695,V,1002,881,-1
1788562997.1847,2513703,V,983,864,-1
1788562997.1847,2513711,V,928,816,-1
1788562997.2331,2513725,V,848,745,32964
1788562997.2332,2513733,V,798,701,-1
1788562997.2332,2513741,V,760,668,-1
1788562997.2332,2513749,V,736,647,-1
1788562997.2332,2513757,V,704,619,-1
1788562997.2332,2513765,V,688,605,-1
1788562997.2818,2513778,V,673,592,32965
1788562997.2818,2513786,V,641,563,-1
1788562997.2819,2513794,V,642,564,-1
1788562997.2819,2513802,V,619,544,-1
1788562997.2819,2513810,V,596,524,-1
1788562997.2819,2513818,V,605,532,-1
1788562997.3321,2513832,V,600,527,32966
1788562997.3321,2513840,V,598,526,-1
1788562997.3321,2513848,V,567,498,-1
1788562997.3321,2513856,V,571,502,-1
1788562997.3321,2513864,V,560,492,-1
1788562997.3321,2513872,V,528,464,-1
1788562997.3815,2513886,V,561,493,32967
1788562997.3815,2513894,V,563,495,-1
1788562997.3815,2513902,V,562,494,-1
1788562997.3815,2513910,V,543,477,-1
1788562997.3815,2513918,V,546,480,-1
1788562997.3815,2513926,V,536,471,-1
1788562997.4297,2513940,V,549,483,32968
1788562997.4298,2513948,V,536,471,-1
1788562997.4298,2513956,V,540,475,-1
1788562997.4298,2513964,V,518,455,-1
1788562997.4298,2513972,V,518,455,-1
1788562997.4298,2513980,V,523,460,-1
1788562997.5257,2513993,V,526,462,32969
1788562997.5258,2514001,V,511,449,-1
1788562997.5258,2514009,V,534,469,-1
1788562997.5259,2514017,V,516,454,-1
1788562997.5259,2514025,V,522,459,-1
1788562997.5259,2514033,V,528,464,-1
1788562997.5744,2514047,V,500,439,32970
1788562997.5744,2514055,V,523,460,-1
1788562997.5744,2514063,V,514,452,-1
1788562997.5745,2514071,V,537,472,-1
1788562997.5745,2514079,V,527,463,-1
1788562997.5745,2514087,V,522,459,-1
1788562997.6248,2514101,V,537,472,32971
1788562997.6248,2514109,V,495,435,-1
1788562997.6248,2514117,V,496,436,-1
1788562997.6248,2514125,V,539,474,-1
1788562997.6248,2514133,V,463,407,-1
1788562997.6248,2514141,V,501,440,-1
1788562997.6729,2514154,V,506,445,32972
1788562997.6729,2514162,V,508,446,-1
1788562997.6729,2514170,V,527,463,-1
1788562997.6729,2514178,V,557,490,-1
1788562997.6729,2514186,V,535,470,-1
1788562997.6730,2514194,V,506,445,-1
1788562997.7207,2514208,V,504,443,32973
1788562997.7207,2514216,V,514,452,-1
1788562997.7207,2514224,V,512,450,-1
1788562997.7207,2514232,V,496,436,-1
1788562997.7207,2514240,V,492,432,-1
1788562997.7207,2514248,V,524,461,-1
1788562997.7693,2514262,V,487,428,32974
1788562997.7694,2514270,V,497,437,-1
1788562997.7694,2514278,V,516,454,-1
1788562997.7695,2514286,V,532,468,-1
1788562997.7695,2514294,V,509,447,-1
1788562997.7695,2514302,V,493,433,-1
1788562997.8180,2514316,V,535,470,32975
1788562997.8180,2514324,V,522,459,-1
1788562997.8180,2514332,V,483,425,-1
1788562997.8180,2514340,V,542,476,-1
1788562997.8180,2514348,V,506,445,-1
1788562997.8180,2514356,V,515,453,-1
1788562997.8669,2514369,V,522,459,32976
1788562997.8669,2514377,V,510,448,-1
1788562997.8669,2514385,V,530,466,-1
1788562997.8669,2514393,V,544,478,-1
1788562997.8669,2514401,V,515,453,-1
1788562997.8669,2514409,V,486,427,-1
1788562997.9169,2514423,V,537,472,32977
1788562997.9169,2514431,V,517,454,-1
1788562997.9169,2514439,V,532,468,-1
1788562997.9169,2514447,V,520,457,-1
1788562997.9169,2514455,V,531,467,-1
1788562997.9169,2514463,V,509,447,-1
1788562997.9660,2514477,V,532,468,32978
1788562997.9661,2514485,V,530,466,-1
1788562997.9661,2514493,V,511,449,-1
1788562997.9661,2514501,V,531,467,-1
1788562997.9661,2514509,V,546,480,-1
1788562997.9661,2514517,V,513,451,-1
1788562998.1107,2514530,V,545,479,32979
1788562998.1108,2514538,V,534,469,-1
1788562998.1108,2514546,V,515,453,-1
1788562998.1108,2514554,V,547,481,-1
1788562998.1108,2514562,V,518,455,-1
1788562998.1109,2514570,V,552,485,-1
1788562998.1121,2514584,V,567,498,32980
1788562998.1121,2514592,V,539,474,-1
1788562998.1121,2514600,V,540,475,-1
1788562998.1121,2514608,V,559,491,-1
1788562998.1121,2514616,V,578,508,-1
1788562998.1121,2514624,V,581,511,-1
1788562998.1596,2514638,V,585,514,32981
1788562998.1597,2514646,V,589,518,-1
1788562998.1597,2514654,V,569,500,-1
1788562998.1597,2514662,V,591,519,-1
1788562998.1597,2514670,V,618,543,-1
1788562998.1597,2514678,V,622,547,-1
1788562998.2585,2514692,V,638,561,32982
1788562998.2585,2514700,V,675,593,-1
1788562998.2585,2514708,V,696,612,-1
1788562998.2585,2514716,V,755,664,-1
1788562998.2585,2514724,V,996,875,-1
1788562998.2585,2514732,V,1025,901,-1
1788562998.2588,2514745,V,1031,906,32983
1788562998.2588,2514753,V,1052,925,-1
1788562998.2589,2514761,V,1071,941,-1
1788562998.2589,2514769,V,1071,941,-1
1788562998.2589,2514777,V,1031,906,-1
1788562998.2589,2514785,V,1026,902,-1
1788562998.3060,2514799,V,1062,933,32984
1788562998.3060,2514807,V,1063,934,-1
1788562998.3060,2514815,V,1049,922,-1
1788562998.3060,2514823,V,1041,915,-1
1788562998.3060,2514831,V,1057,929,-1
1788562998.3060,2514839,V,1066,937,-1
1788562998.3547,2514853,V,1063,934,32985
1788562998.3549,2514861,V,1065,936,-1
1788562998.3551,2514869,V,1058,930,-1
1788562998.3552,2514877,V,1060,932,-1
1788562998.3552,2514885,V,1060,932,-1
1788562998.3552,2514893,V,1061,933,-1
1788562998.4037,2514907,V,1060,932,32986
1788562998.4037,2514915,V,1058,930,-1
1788562998.4037,2514923,V,1058,930,-1
1788562998.4037,2514931,V,1060,932,-1
1788562998.4037,2514939,V,1058,930,-1
1788562998.4037,2514947,V,1063,934,-1
1788562998.4542,2514960,V,1062,933,32987
1788562998.4542,2514968,V,1060,932,-1
1788562998.4542,2514976,V,1061,933,-1
1788562998.4542,2514984,V,1065,936,-1
1788562998.4543,2514992,V,1064,935,-1
1788562998.4543,2515000,V,1067,938,-1
1788562998.5514,2515014,V,1065,936,32988
1788562998.5514,2515022,V,1064,935,-1
1788562998.5515,2515030,V,1066,937,-1
1788562998.5515,2515038,V,1065,936,-1
1788562998.5515,2515046,V,1067,938,-1
1788562998.5515,2515054,V,1067,938,-1
1788562998.6003,2515068,V,1066,937,32989
1788562998.6005,2515076,V,1071,941,-1
1788562998.6005,2515084,V,1063,934,-1
1788562998.6005,2515092,V,1073,943,-1
1788562998.6005,2515100,V,1067,938,-1
1788562998.6005,2515108,V,1069,940,-1
1788562998.6474,2515121,V,1071,941,32990
1788562998.6474,2515129,V,1070,940,-1
1788562998.6474,2515137,V,1072,942,-1
1788562998.6474,2515145,V,1067,938,-1
1788562998.6474,2515153,V,1070,940,-1
1788562998.6474,2515161,V,1070,940,-1
1788562998.6967,2515175,V,1069,940,32991
1788562998.6967,2515183,V,1076,946,-1
1788562998.6967,2515191,V,1069,940,-1
1788562998.6968,2515199,V,1072,942,-1
1788562998.6968,2515207,V,1069,940,-1
1788562998.6968,2515215,V,1073,943,-1
1788562998.7448,2515229,V,1073,943,32992
1788562998.7448,2515237,V,1070,940,-1
1788562998.7448,2515245,V,1073,943,-1
1788562998.7448,2515253,V,1069,940,-1
1788562998.7448,2515261,V,1073,943,-1
1788562998.7448,2515269,V,1077,947,-1
1788562998.7933,2515283,V,1074,944,32993
1788562998.7933,2515291,V,1072,942,-1
1788562998.7933,2515299,V,1071,941,-1
1788562998.7933,2515307,V,1070,940,-1
1788562998.7933,2515315,V,1071,941,-1
1788562998.7933,2515323,V,1071,941,-1
1788562998.8444,2515336,V,1072,942,32994
1788562998.8446,2515344,V,1071,941,-1
1788562998.8446,2515352,V,1074,944,-1
1788562998.8446,2515360,V,1072,942,-1
1788562998.8446,2515368,V,1072,942,-1
1788562998.8446,2515376,V,1072,942,-1
1788562998.8931,2515390,V,1075,945,32995
1788562998.8931,2515398,V,1075,945,-1
1788562998.8931,2515406,V,1077,947,-1
1788562998.8931,2515414,V,1074,944,-1
1788562998.8931,2515422,V,1073,943,-1
1788562998.8931,2515430,V,1073,943,-1
1788562998.9408,2515444,V,1073,943,32996
1788562998.9408,2515452,V,1073,943,-1
1788562998.9409,2515460,V,1073,943,-1
1788562998.9409,2515468,V,1072,942,-1
1788562998.9409,2515476,V,1072,942,-1
1788562998.9409,2515484,V,1069,940,-1
1788562998.9894,2515497,V,1071,941,32997
1788562998.9894,2515505,V,1073,943,-1
1788562998.9894,2515513,V,1068,939,-1
1788562998.9894,2515521,V,1064,935,-1
1788562998.9894,2515529,V,1067,938,-1
1788562998.9894,2515537,V,1060,932,-1
1788562999.0861,2515551,V,1058,930,32998
1788562999.0862,2515559,V,1055,927,-1
1788562999.0862,2515567,V,1034,909,-1
1788562999.0862,2515575,V,1030,905,-1
1788562999.0862,2515583,V,1021,897,-1
1788562999.0863,2515591,V,1009,887,-1
1788562999.1369,2515605,V,994,874,32999
1788562999.1370,2515613,V,968,851,-1
1788562999.1370,2515621,V,877,771,-1
1788562999.1370,2515629,V,802,705,-1
1788562999.1370,2515637,V,752,661,-1
1788562999.1370,2515645,V,728,640,-1
1788562999.1853,2515659,V,698,613,33000
1788562999.1853,2515667,V,682,599,-1
1788562999.1853,2515675,V,652,573,-1
1788562999.1854,2515683,V,638,561,-1
1788562999.1854,2515691,V,621,546,-1
1788562999.1854,2515699,V,606,533,-1
1788562999.2322,2515712,V,592,520,33001
1788562999.2322,2515720,V,586,515,-1
1788562999.2322,2515728,V,559,491,-1
1788562999.2322,2515736,V,575,505,-1
1788562999.2322,2515744,V,560,492,-1
1788562999.2322,2515752,V,561,493,-1
1788562999.2811,2515766,V,553,486,33002
1788562999.2811,2515774,V,544,478,-1
1788562999.2811,2515782,V,527,463,-1
1788562999.2811,2515790,V,546,480,-1
1788562999.2811,2515798,V,524,461,-1
1788562999.2811,2515806,V,550,483,-1
1788562999.3787,2515820,V,547,481,33003
1788562999.3788,2515828,V,509,447,-1
1788562999.3789,2515836,V,545,479,-1
1788562999.3789,2515844,V,535,470,-1
1788562999.3789,2515852,V,527,463,-1
1788562999.3789,2515860,V,511,449,-1
1788562999.3797,2515873,V,523,460,33004
1788562999.3797,2515881,V,488,429,-1
1788562999.3797,2515889,V,520,457,-1
1788562999.3798,2515897,V,548,482,-1
1788562999.3798,2515905,V,526,462,-1
1788562999.3798,2515913,V,493,433,-1
1788562999.4291,2515927,V,534,469,33005
1788562999.4291,2515935,V,560,492,-1
1788562999.4291,2515943,V,526,462,-1
1788562999.4291,2515951,V,509,447,-1
1788562999.4291,2515959,V,546,480,-1
1788562999.4291,2515967,V,524,461,-1
1788562999.4769,2515981,V,513,451,33006
1788562999.4769,2515989,V,499,439,-1
1788562999.4769,2515997,V,524,461,-1
1788562999.4769,2516005,V,530,466,-1
1788562999.4769,2516013,V,499,439,-1
1788562999.4769,2516021,V,508,446,-1
1788562999.5246,2516035,V,524,461,33007
1788562999.5246,2516043,V,519,456,-1
1788562999.5246,2516051,V,508,446,-1
1788562999.5246,2516059,V,499,439,-1
1788562999.5246,2516067,V,509,447,-1
1788562999.5246,2516075,V,504,443,-1
1788562999.6222,2516088,V,500,439,33008
1788562999.6223,2516096,V,517,454,-1
1788562999.6223,2516104,V,506,445,-1
1788562999.6224,2516112,V,519,456,-1
1788562999.6224,2516120,V,503,442,-1
1788562999.6224,2516128,V,520,457,-1
1788562999.6713,2516142,V,518,455,33009
1788562999.6713,2516150,V,527,463,-1
1788562999.6713,2516158,V,525,461,-1
1788562999.6713,2516166,V,514,452,-1
1788562999.6713,2516174,V,519,456,-1
1788562999.6714,2516182,V,506,445,-1
1788562999.7219,2516196,V,527,463,33010
1788562999.7219,2516204,V,500,439,-1
1788562999.7219,2516212,V,531,467,-1
1788562999.7220,2516220,V,534,469,-1
1788562999.7220,2516228,V,517,454,-1
1788562999.7220,2516236,V,509,447,-1
1788562999.7691,2516249,V,513,451,33011
1788562999.7691,2516257,V,519,456,-1
1788562999.7691,2516265,V,507,446,-1
1788562999.7691,2516273,V,530,466,-1
1788562999.7691,2516281,V,492,432,-1
1788562999.7691,2516289,V,510,448,-1
1788562999.8171,2516303,V,507,446,33012
1788562999.8171,2516311,V,494,434,-1
1788562999.8171,2516319,V,528,464,-1
1788562999.8171,2516327,V,511,449,-1
1788562999.8172,2516335,V,510,448,-1
1788562999.8172,2516343,V,520,457,-1
1788562999.8659,2516357,V,538,473,33013
1788562999.8661,2516365,V,521,458,-1
1788562999.8661,2516373,V,576,506,-1
1788562999.8661,2516381,V,494,434,-1
1788562999.8661,2516389,V,503,442,-1
1788562999.8661,2516397,V,508,446,-1
1788562999.9150,2516411,V,537,472,33014
1788562999.9150,2516419,V,533,468,-1
1788562999.9150,2516427,V,511,449,-1
1788562999.9150,2516435,V,525,461,-1
1788562999.9150,2516443,V,530,466,-1
1788562999.9150,2516451,V,525,461,-1
1788562999.9633,2516464,V,530,466,33015
1788562999.9634,2516472,V,518,455,-1
1788562999.9634,2516480,V,552,485,-1
1788562999.9634,2516488,V,559,491,-1
1788562999.9634,2516496,V,538,473,-1
1788562999.9634,2516504,V,522,459,-1
1788563000.0143,2516518,V,541,475,33016
1788563000.0143,2516526,V,546,480,-1
1788563000.0144,2516534,V,561,493,-1
1788563000.0144,2516542,V,530,466,-1
1788563000.0144,2516550,V,552,485,-1
1788563000.0144,2516558,V,574,504,-1
1788563000.0612,2516572,V,577,507,33017
1788563000.0613,2516580,V,584,513,-1
1788563000.0613,2516588,V,578,508,-1
1788563000.0613,2516596,V,571,502,-1
1788563000.0613,2516604,V,588,517,-1
1788563000.0613,2516612,V,627,551,-1
1788563000.1586,2516626,V,623,548,33018
1788563000.1587,2516634,V,636,559,-1
1788563000.1588,2516642,V,625,549,-1
1788563000.1588,2516650,V,665,584,-1
1788563000.1589,2516658,V,699,614,-1
1788563000.1589,2516666,V,730,642,-1
1788563000.2070,2516679,V,951,836,33019
1788563000.2070,2516687,V,1036,911,-1
1788563000.2070,2516695,V,1039,913,-1
1788563000.2070,2516703,V,1069,940,-1
1788563000.2070,2516711,V,1060,932,-1
1788563000.2070,2516719,V,1044,918,-1
1788563000.2569,2516733,V,1050,923,33020
1788563000.2569,2516741,V,1044,918,-1
1788563000.2569,2516749,V,1039,913,-1
1788563000.2569,2516757,V,1053,925,-1
1788563000.2569,2516765,V,1057,929,-1
1788563000.2569,2516773,V,1057,929,-1
1788563000.3552,2516787,V,1058,930,33021
1788563000.3552,2516795,V,1057,929,-1
1788563000.3553,2516803,V,1059,931,-1
1788563000.3553,2516811,V,1060,932,-1
1788563000.3553,2516819,V,1056,928,-1
1788563000.3553,2516827,V,1059,931,-1
1788563000.3555,2516840,V,1055,927,33022
1788563000.3556,2516848,V,1059,931,-1
1788563000.3556,2516856,V,1060,932,-1
1788563000.3556,2516864,V,1059,931,-1
1788563000.3556,2516872,V,1061,933,-1
1788563000.3556,2516880,V,1063,934,-1
1788563000.4030,2516894,V,1061,933,33023
1788563000.4030,2516902,V,1067,938,-1
1788563000.4030,2516910,V,1066,937,-1
1788563000.4031,2516918,V,1063,934,-1
1788563000.4031,2516926,V,1065,936,-1
1788563000.4031,2516934,V,1069,940,-1
1788563000.4528,2516948,V,1069,940,33024
1788563000.4528,2516956,V,1068,939,-1
1788563000.4528,2516964,V,1066,937,-1
1788563000.4528,2516972,V,1066,937,-1
1788563000.4528,2516980,V,1074,944,-1
1788563000.4528,2516988,V,1070,940,-1
1788563000.4995,2517002,V,1073,943,33025
1788563000.4995,2517010,V,1072,942,-1
1788563000.4995,2517018,V,1071,941,-1
1788563000.4995,2517026,V,1070,940,-1
1788563000.4995,2517034,V,1071,941,-1
1788563000.4995,2517042,V,1066,937,-1
1788563000.5482,2517055,V,1073,943,33026
1788563000.5482,2517063,V,1072,942,-1
1788563000.5482,2517071,V,1077,947,-1
1788563000.5482,2517079,V,1074,944,-1
1788563000.5482,2517087,V,1073,943,-1
1788563000.5482,2517095,V,1071,941,-1
1788563000.5969,2517109,V,1070,940,33027
1788563000.5970,2517117,V,1073,943,-1
1788563000.5970,2517125,V,1069,940,-1
1788563000.5970,2517133,V,1073,943,-1
1788563000.5970,2517141,V,1075,945,-1
1788563000.5970,2517149,V,1075,945,-1
1788563000.6964,2517163,V,1077,947,33028
1788563000.6965,2517171,V,1074,944,-1
1788563000.6965,2517179,V,1074,944,-1
1788563000.6965,2517187,V,1078,947,-1
1788563000.6965,2517195,V,1075,945,-1
1788563000.6965,2517203,V,1075,945,-1
1788563000.7432,2517217,V,1073,943,33029
1788563000.7432,2517225,V,1076,946,-1
1788563000.7432,2517233,V,1077,947,-1
1788563000.7432,2517241,V,1077,947,-1
1788563000.7432,2517249,V,1074,944,-1
1788563000.7433,2517257,V,1073,943,-1
1788563000.7920,2517270,V,1072,942,33030
1788563000.7920,2517278,V,1074,944,-1
1788563000.7920,2517286,V,1078,947,-1
1788563000.7920,2517294,V,1076,946,-1
1788563000.7920,2517302,V,1078,947,-1
1788563000.7920,2517310,V,1071,941,-1
1788563000.8407,2517324,V,1068,939,33031
1788563000.8407,2517332,V,1074,944,-1
1788563000.8408,2517340,V,1077,947,-1
1788563000.8408,2517348,V,1070,940,-1
1788563000.8408,2517356,V,1074,944,-1
1788563000.8408,2517364,V,1076,946,-1
1788563000.8894,2517378,V,1070,940,33032
1788563000.8894,2517386,V,1073,943,-1
1788563000.8894,2517394,V,1073,943,-1
1788563000.8894,2517402,V,1075,945,-1
1788563000.8894,2517410,V,1076,946,-1
1788563000.8894,2517418,V,1075,945,-1
1788563000.9398,2517431,V,1074,944,33033
1788563000.9399,2517439,V,1074,944,-1
1788563000.9399,2517447,V,1068,939,-1
1788563000.9399,2517455,V,1073,943,-1
1788563000.9399,2517463,V,1075,945,-1
1788563000.9399,2517471,V,1073,943,-1
1788563000.9890,2517485,V,1072,942,33034
1788563000.9890,2517493,V,1065,936,-1
1788563000.9890,2517501,V,1069,940,-1
1788563000.9890,2517509,V,1074,944,-1
1788563000.9890,2517517,V,1067,938,-1
1788563000.9890,2517525,V,1075,945,-1
1788563001.0356,2517539,V,1071,941,33035
1788563001.0356,2517547,V,1069,940,-1
1788563001.0356,2517555,V,1074,944,-1
1788563001.0356,2517563,V,1070,940,-1
1788563001.0356,2517571,V,1067,938,-1
1788563001.0356,2517579,V,1068,939,-1
1788563001.0843,2517593,V,1068,939,33036
1788563001.0843,2517601,V,1067,938,-1
1788563001.0843,2517609,V,1068,939,-1
1788563001.0843,2517617,V,1064,935,-1
1788563001.0843,2517625,V,1061,933,-1
1788563001.0844,2517633,V,1055,927,-1
1788563001.1819,2517646,V,1050,923,33037
1788563001.1820,2517654,V,1044,918,-1
1788563001.1820,2517662,V,1030,905,-1
1788563001.1820,2517670,V,1021,897,-1
1788563001.1820,2517678,V,1004,882,-1
1788563001.1820,2517686,V,984,865,-1
1788563001.2319,2517700,V,965,848,33038
1788563001.2319,2517708,V,879,773,-1
1788563001.2319,2517716,V,824,724,-1
1788563001.2319,2517724,V,777,683,-1
1788563001.2319,2517732,V,747,657,-1
1788563001.2319,2517740,V,731,642,-1
1788563001.2811,2517754,V,703,618,33039
1788563001.2811,2517762,V,673,592,-1
1788563001.2811,2517770,V,650,571,-1
1788563001.2811,2517778,V,651,572,-1
1788563001.2811,2517786,V,620,545,-1
1788563001.2811,2517794,V,619,544,-1
1788563001.3281,2517808,V,611,537,33040
1788563001.3282,2517816,V,621,546,-1
1788563001.3282,2517824,V,601,528,-1
1788563001.3282,2517832,V,591,519,-1
1788563001.3282,2517840,V,585,514,-1
1788563001.3282,2517848,V,584,513,-1
1788563001.3767,2517861,V,585,514,33041
1788563001.3767,2517869,V,565,497,-1
1788563001.3767,2517877,V,576,506,-1
1788563001.3767,2517885,V,531,467,-1
1788563001.3767,2517893,V,553,486,-1
1788563001.3767,2517901,V,531,467,-1
1788563001.4255,2517915,V,537,472,33042
1788563001.4256,2517923,V,542,476,-1
1788563001.4257,2517931,V,539,474,-1
1788563001.4257,2517939,V,540,475,-1
1788563001.4257,2517947,V,525,461,-1
1788563001.4257,2517955,V,545,479,-1
1788563001.4762,2517969,V,519,456,33043
1788563001.4762,2517977,V,542,476,-1
1788563001.4762,2517985,V,524,461,-1
1788563001.4762,2517993,V,543,477,-1
1788563001.4763,2518001,V,532,468,-1
1788563001.4763,2518009,V,529,465,-1
1788563001.5251,2518022,V,526,462,33044
1788563001.5251,2518030,V,530,466,-1
1788563001.5251,2518038,V,500,439,-1
1788563001.5251,2518046,V,536,471,-1
1788563001.5251,2518054,V,518,455,-1
1788563001.5251,2518062,V,506,445,-1
1788563001.5730,2518076,V,530,466,33045
1788563001.5730,2518084,V,510,448,-1
1788563001.5730,2518092,V,486,427,-1
1788563001.5730,2518100,V,530,466,-1
1788563001.5730,2518108,V,543,477,-1
1788563001.5730,2518116,V,537,472,-1
1788563001.6208,2518130,V,539,474,33046
1788563001.6208,2518138,V,512,450,-1
1788563001.6208,2518146,V,497,437,-1
1788563001.6208,2518154,V,520,457,-1
1788563001.6208,2518162,V,511,449,-1
1788563001.6209,2518170,V,518,455,-1
1788563001.7186,2518184,V,527,463,33047
1788563001.7188,2518192,V,520,457,-1
1788563001.7189,2518200,V,506,445,-1
1788563001.7189,2518208,V,516,454,-1
1788563001.7190,2518216,V,514,452,-1
1788563001.7191,2518224,V,545,479,-1
1788563001.7674,2518237,V,497,437,33048
1788563001.7674,2518245,V,492,432,-1
1788563001.7675,2518253,V,516,454,-1
1788563001.7675,2518261,V,506,445,-1
1788563001.7675,2518269,V,520,457,-1
1788563001.7675,2518277,V,502,441,-1
1788563001.8176,2518291,V,504,443,33049
1788563001.8176,2518299,V,512,450,-1
1788563001.8176,2518307,V,497,437,-1
1788563001.8176,2518315,V,480,422,-1
1788563001.8176,2518323,V,510,448,-1
1788563001.8176,2518331,V,508,446,-1
1788563001.8643,2518345,V,489,430,33050
1788563001.8643,2518353,V,481,423,-1
1788563001.8643,2518361,V,514,452,-1
1788563001.8643,2518369,V,531,467,-1
1788563001.8643,2518377,V,498,438,-1
1788563001.8643,2518385,V,497,437,-1
1788563001.9141,2518399,V,491,432,33051
1788563001.9141,2518407,V,507,446,-1
1788563001.9141,2518415,V,515,453,-1
1788563001.9141,2518423,V,505,444,-1
1788563001.9141,2518431,V,503,442,-1
1788563001.9141,2518439,V,498,438,-1
1788563001.9627,2518452,V,528,464,33052
1788563001.9627,2518460,V,527,463,-1
1788563001.9627,2518468,V,512,450,-1
1788563001.9627,2518476,V,524,461,-1
1788563001.9627,2518484,V,517,454,-1
1788563001.9627,2518492,V,510,448,-1
1788563002.0107,2518506,V,510,448,33053
1788563002.0107,2518514,V,525,461,-1
1788563002.0107,2518522,V,515,453,-1
1788563002.0107,2518530,V,522,459,-1
1788563002.0107,2518538,V,507,446,-1
1788563002.0107,2518546,V,501,440,-1
1788563002.0592,2518560,V,549,483,33054
1788563002.0592,2518568,V,549,483,-1
1788563002.0592,2518576,V,520,457,-1
1788563002.0592,2518584,V,516,454,-1
1788563002.0592,2518592,V,524,461,-1
1788563002.0592,2518600,V,508,446,-1
1788563002.1109,2518613,V,535,470,33055
1788563002.1110,2518621,V,541,475,-1
1788563002.1110,2518629,V,546,480,-1
1788563002.1110,2518637,V,552,485,-1
1788563002.1110,2518645,V,549,483,-1
1788563002.1110,2518653,V,548,482,-1
1788563002.1604,2518667,V,550,483,33056
1788563002.1605,2518675,V,559,491,-1
1788563002.1605,2518683,V,568,499,-1
1788563002.1605,2518691,V,589,518,-1
1788563002.1605,2518699,V,565,497,-1
1788563002.1605,2518707,V,621,546,-1
1788563002.2559,2518721,V,615,541,33057
1788563002.2562,2518729,V,633,556,-1
1788563002.2562,2518737,V,633,556,-1
1788563002.2562,2518745,V,681,599,-1
1788563002.2562,2518753,V,702,617,-1
1788563002.2562,2518761,V,751,660,-1
1788563002.3037,2518775,V,989,869,33058
1788563002.3037,2518783,V,1026,902,-1
1788563002.3037,2518791,V,1047,920,-1
1788563002.3037,2518799,V,1079,948,-1
1788563002.3037,2518807,V,1074,944,-1
1788563002.3037,2518815,V,1017,894,-1
1788563002.3524,2518828,V,1051,924,33059
1788563002.3524,2518836,V,1085,954,-1
1788563002.3524,2518844,V,1072,942,-1
1788563002.3524,2518852,V,1041,915,-1
1788563002.3524,2518860,V,1043,917,-1
1788563002.3524,2518868,V,1066,937,-1
1788563002.4507,2518882,V,1082,951,33060
1788563002.4507,2518890,V,1076,946,-1
1788563002.4507,2518898,V,1071,941,-1
1788563002.4507,2518906,V,1075,945,-1
1788563002.4507,2518914,V,1071,941,-1
1788563002.4507,2518922,V,1075,945,-1
1788563002.4508,2518936,V,1068,939,33061
1788563002.4508,2518944,V,1075,945,-1
1788563002.4508,2518952,V,1071,941,-1
1788563002.4508,2518960,V,1073,943,-1
1788563002.4508,2518968,V,1075,945,-1
1788563002.4508,2518976,V,1074,944,-1
1788563002.5014,2518989,V,1076,946,33062
1788563002.5015,2518997,V,1073,943,-1
1788563002.5015,2519005,V,1074,944,-1
1788563002.5015,2519013,V,1073,943,-1
1788563002.5015,2519021,V,1076,946,-1
1788563002.5015,2519029,V,1068,939,-1
1788563002.5476,2519043,V,1070,940,33063
1788563002.5476,2519051,V,1070,940,-1
1788563002.5476,2519059,V,1073,943,-1
1788563002.5476,2519067,V,1073,943,-1
1788563002.5476,2519075,V,1079,948,-1
1788563002.5476,2519083,V,1074,944,-1
1788563002.5960,2519097,V,1075,945,33064
1788563002.5960,2519105,V,1074,944,-1
1788563002.5960,2519113,V,1075,945,-1
1788563002.5960,2519121,V,1077,947,-1
1788563002.5960,2519129,V,1077,947,-1
1788563002.5960,2519137,V,1078,947,-1
1788563002.6456,2519151,V,1077,947,33065
1788563002.6456,2519159,V,1079,948,-1
1788563002.6456,2519167,V,1079,948,-1
1788563002.6456,2519175,V,1076,946,-1
1788563002.6456,2519183,V,1078,947,-1
1788563002.6456,2519191,V,1084,953,-1
1788563002.6936,2519205,V,1077,947,33066
1788563002.6936,2519213,V,1080,949,-1
1788563002.6936,2519221,V,1077,947,-1
1788563002.6936,2519229,V,1081,950,-1
1788563002.6936,2519237,V,1079,948,-1
1788563002.6936,2519245,V,1077,947,-1
1788563002.7940,2519258,V,1081,950,33067
1788563002.7941,2519266,V,1083,952,-1
1788563002.7941,2519274,V,1082,951,-1
1788563002.7941,2519282,V,1081,950,-1
1788563002.7942,2519290,V,1081,950,-1
1788563002.7942,2519298,V,1081,950,-1
1788563002.8399,2519312,V,1084,953,33068
1788563002.8399,2519320,V,1081,950,-1
1788563002.8399,2519328,V,1080,949,-1
1788563002.8399,2519336,V,1078,947,-1
1788563002.8399,2519344,V,1087,955,-1
1788563002.8399,2519352,V,1084,953,-1
1788563002.8893,2519366,V,1082,951,33069
1788563002.8893,2519374,V,1078,947,-1
1788563002.8893,2519382,V,1080,949,-1
1788563002.8893,2519390,V,1082,951,-1
1788563002.8893,2519398,V,1083,952,-1
1788563002.8893,2519406,V,1080,949,-1
1788563002.9374,2519419,V,1078,947,33070
1788563002.9374,2519427,V,1083,952,-1
1788563002.9374,2519435,V,1082,951,-1
1788563002.9374,2519443,V,1081,950,-1
1788563002.9374,2519451,V,1085,954,-1
1788563002.9374,2519459,V,1084,953,-1
1788563002.9868,2519473,V,1084,953,33071
1788563002.9868,2519481,V,1080,949,-1
1788563002.9868,2519489,V,1078,947,-1
1788563002.9868,2519497,V,1076,946,-1
1788563002.9868,2519505,V,1083,952,-1
1788563002.9868,2519513,V,1080,949,-1
1788563003.0381,2519527,V,1086,954,33072
1788563003.0383,2519535,V,1077,947,-1
1788563003.0383,2519543,V,1079,948,-1
1788563003.0383,2519551,V,1081,950,-1
1788563003.0383,2519559,V,1081,950,-1
1788563003.0383,2519567,V,1078,947,-1
1788563003.0857,2519581,V,1078,947,33073
1788563003.0858,2519589,V,1078,947,-1
1788563003.0858,2519597,V,1074,944,-1
1788563003.0858,2519605,V,1077,947,-1
1788563003.0858,2519613,V,1074,944,-1
1788563003.0858,2519621,V,1073,943,-1
1788563003.1331,2519635,V,1071,941,33074
1788563003.1331,2519643,V,1075,945,-1
1788563003.1331,2519651,V,1077,947,-1
1788563003.1331,2519659,V,1069,940,-1
1788563003.1331,2519667,V,1073,943,-1
1788563003.1331,2519675,V,1073,943,-1
1788563003.1805,2519688,V,1075,945,33075
1788563003.1805,2519696,V,1070,940,-1
1788563003.1805,2519704,V,1070,940,-1
1788563003.1805,2519712,V,1064,935,-1
1788563003.1806,2519720,V,1055,927,-1
1788563003.1806,2519728,V,1043,917,-1
1788563003.2797,2519742,V,1035,910,33076
1788563003.2798,2519750,V,1023,899,-1
1788563003.2799,2519758,V,1003,882,-1
1788563003.2799,2519766,V,986,867,-1
1788563003.2799,2519774,V,932,819,-1
1788563003.2799,2519782,V,867,762,-1
1788563003.3289,2519796,V,783,688,33077
1788563003.3290,2519804,V,738,649,-1
1788563003.3290,2519812,V,716,629,-1
1788563003.3290,2519820,V,681,599,-1
1788563003.3290,2519828,V,671,590,-1
1788563003.3290,2519836,V,640,563,-1
1788563003.3767,2519850,V,637,560,33078
1788563003.3768,2519858,V,626,550,-1
1788563003.3768,2519866,V,626,550,-1
1788563003.3768,2519874,V,594,522,-1
1788563003.3768,2519882,V,582,512,-1
1788563003.3768,2519890,V,592,520,-1
1788563003.4251,2519903,V,579,509,33079
1788563003.4252,2519911,V,552,485,-1
1788563003.4252,2519919,V,546,480,-1
1788563003.4252,2519927,V,562,494,-1
1788563003.4252,2519935,V,539,474,-1
1788563003.4252,2519943,V,510,448,-1
1788563003.4755,2519957,V,526,462,33080
1788563003.4756,2519965,V,539,474,-1
1788563003.4756,2519973,V,534,469,-1
1788563003.4756,2519981,V,514,452,-1
1788563003.4756,2519989,V,534,469,-1
1788563003.4756,2519997,V,531,467,-1
1788563003.5708,2520011,V,524,461,33081
1788563003.5709,2520019,V,505,444,-1
1788563003.5709,2520027,V,530,466,-1
1788563003.5709,2520035,V,526,462,-1
1788563003.5709,2520043,V,493,433,-1
1788563003.5709,2520051,V,519,456,-1
1788563003.5718,2520065,V,542,476,33082
1788563003.5719,2520073,V,523,460,-1
1788563003.5719,2520081,V,531,467,-1
1788563003.5719,2520089,V,502,441,-1
1788563003.5719,2520097,V,515,453,-1
1788563003.5719,2520105,V,531,467,-1
1788563003.6221,2520118,V,511,449,33083
1788563003.6221,2520126,V,497,437,-1
1788563003.6221,2520134,V,505,444,-1
1788563003.6221,2520142,V,525,461,-1
1788563003.6221,2520150,V,490,431,-1
1788563003.6221,2520158,V,496,436,-1
1788563003.6691,2520172,V,495,435,33084
1788563003.6691,2520180,V,489,430,-1
1788563003.6691,2520188,V,488,429,-1
1788563003.6691,2520196,V,526,462,-1
1788563003.6692,2520204,V,544,478,-1
1788563003.6692,2520212,V,525,461,-1
1788563003.7168,2520226,V,560,492,33085
1788563003.7168,2520234,V,506,445,-1
1788563003.7169,2520242,V,522,459,-1
1788563003.7169,2520250,V,505,444,-1
1788563003.7169,2520258,V,515,453,-1
1788563003.7169,2520266,V,518,455,-1
1788563003.8154,2520280,V,499,439,33086
1788563003.8155,2520288,V,531,467,-1
1788563003.8155,2520296,V,523,460,-1
1788563003.8155,2520304,V,498,438,-1
1788563003.8155,2520312,V,491,432,-1
1788563003.8155,2520320,V,512,450,-1
1788563003.8633,2520333,V,514,452,33087
1788563003.8633,2520341,V,527,463,-1
1788563003.8633,2520349,V,524,461,-1
1788563003.8633,2520357,V,531,467,-1
1788563003.8633,2520365,V,509,447,-1
1788563003.8633,2520373,V,532,468,-1
1788563003.9610,2520387,V,518,455,33088
1788563003.9610,2520395,V,523,460,-1
1788563003.9610,2520403,V,521,458,-1
1788563003.9610,2520411,V,530,466,-1
1788563003.9610,2520419,V,535,470,-1
1788563003.9610,2520427,V,528,464,-1
1788563003.9613,2520441,V,496,436,33089
1788563003.9613,2520449,V,530,466,-1
1788563003.9613,2520457,V,491,432,-1
1788563003.9613,2520465,V,497,437,-1
1788563003.9613,2520473,V,519,456,-1
1788563003.9613,2520481,V,510,448,-1
1788563004.0094,2520494,V,505,444,33090
1788563004.0094,2520502,V,496,436,-1
1788563004.0095,2520510,V,513,451,-1
1788563004.0095,2520518,V,507,446,-1
1788563004.0095,2520526,V,489,430,-1
1788563004.0095,2520534,V,515,453,-1
1788563004.0582,2520548,V,505,444,33091
1788563004.0583,2520556,V,498,438,-1
1788563004.0584,2520564,V,490,431,-1
1788563004.0584,2520572,V,504,443,-1
1788563004.0584,2520580,V,503,442,-1
1788563004.0584,2520588,V,503,442,-1
1788563004.1071,2520602,V,499,439,33092
1788563004.1071,2520610,V,538,473,-1
1788563004.1071,2520618,V,523,460,-1
1788563004.1071,2520626,V,565,497,-1
1788563004.1071,2520634,V,535,470,-1
1788563004.1071,2520642,V,511,449,-1
1788563004.1556,2520656,V,525,461,33093
1788563004.1556,2520664,V,555,488,-1
1788563004.1556,2520672,V,532,468,-1
1788563004.1556,2520680,V,529,465,-1
1788563004.1556,2520688,V,523,460,-1
1788563004.1557,2520696,V,546,480,-1
1788563004.2045,2520709,V,553,486,33094
1788563004.2045,2520717,V,553,486,-1
1788563004.2045,2520725,V,572,503,-1
1788563004.2045,2520733,V,580,510,-1
1788563004.2046,2520741,V,604,531,-1
1788563004.2046,2520749,V,607,533,-1
1788563004.2549,2520763,V,630,554,33095
1788563004.2549,2520771,V,638,561,-1
1788563004.2549,2520779,V,683,600,-1
1788563004.2549,2520787,V,712,626,-1
1788563004.2549,2520795,V,915,804,-1
1788563004.2549,2520803,V,1010,888,-1
1788563004.3506,2520817,V,1046,919,33096
1788563004.3507,2520825,V,1066,937,-1
1788563004.3507,2520833,V,1085,954,-1
1788563004.3507,2520841,V,1071,941,-1
1788563004.3507,2520849,V,1051,924,-1
1788563004.3507,2520857,V,1089,957,-1
1788563004.4002,2520871,V,1092,960,33097
1788563004.4003,2520879,V,1081,950,-1
1788563004.4003,2520887,V,1072,942,-1
1788563004.4003,2520895,V,1076,946,-1
1788563004.4003,2520903,V,1073,943,-1
1788563004.4003,2520911,V,1081,950,-1
1788563004.5962,2520924,V,1082,951,33098
1788563004.5963,2520932,V,1084,953,-1
1788563004.5963,2520940,V,1082,951,-1
1788563004.5963,2520948,V,1085,954,-1
1788563004.5963,2520956,V,1085,954,-1
1788563004.5963,2520964,V,1084,953,-1
1788563004.5966,2520978,V,1086,954,33099
1788563004.5966,2520986,V,1087,955,-1
1788563004.5966,2520994,V,1085,954,-1
1788563004.5966,2521002,V,1089,957,-1
1788563004.5966,2521010,V,1087,955,-1
1788563004.5966,2521018,V,1085,954,-1
1788563004.5966,2521032,V,1085,954,33100
1788563004.5966,2521040,V,1086,954,-1
1788563004.5966,2521048,V,1085,954,-1
1788563004.5966,2521056,V,1088,956,-1
1788563004.5966,2521064,V,1090,958,-1
1788563004.5966,2521072,V,1089,957,-1
1788563004.6436,2521085,V,1085,954,33101
1788563004.6436,2521093,V,1088,956,-1
1788563004.6436,2521101,V,1089,957,-1
1788563004.6436,2521109,V,1088,956,-1
1788563004.6436,2521117,V,1091,959,-1
1788563004.6436,2521125,V,1087,955,-1
1788563004.6456,2521139,V,1088,956,33102
1788563004.6456,2521147,V,1087,955,-1
1788563004.6456,2521155,V,1086,954,-1
1788563004.6456,2521163,V,1089,957,-1
1788563004.6456,2521171,V,1089,957,-1
1788563004.6456,2521179,V,1090,958,-1
1788563004.6919,2521193,V,1088,956,33103
1788563004.6919,2521201,V,1088,956,-1
1788563004.6919,2521209,V,1087,955,-1
1788563004.6920,2521217,V,1086,954,-1
1788563004.6920,2521225,V,1088,956,-1
1788563004.6920,2521233,V,1089,957,-1
1788563004.7406,2521247,V,1087,955,33104
1788563004.7407,2521255,V,1088,956,-1
1788563004.7407,2521263,V,1089,957,-1
1788563004.7407,2521271,V,1085,954,-1
1788563004.7407,2521279,V,1086,954,-1
1788563004.7407,2521287,V,1087,955,-1
1788563004.7893,2521300,V,1088,956,33105
1788563004.7893,2521308,V,1089,957,-1
1788563004.7893,2521316,V,1086,954,-1
1788563004.7893,2521324,V,1091,959,-1
1788563004.7893,2521332,V,1089,957,-1
1788563004.7893,2521340,V,1085,954,-1
1788563004.8890,2521354,V,1089,957,33106
1788563004.8891,2521362,V,1089,957,-1
1788563004.8892,2521370,V,1089,957,-1
1788563004.8892,2521378,V,1093,961,-1
1788563004.8892,2521386,V,1089,957,-1
1788563004.8892,2521394,V,1087,955,-1
1788563004.9376,2521408,V,1088,956,33107
1788563004.9376,2521416,V,1088,956,-1
1788563004.9376,2521424,V,1090,958,-1
1788563004.9376,2521432,V,1084,953,-1
1788563004.9376,2521440,V,1090,958,-1
1788563004.9376,2521448,V,1084,953,-1
1788563004.9848,2521462,V,1087,955,33108
1788563004.9848,2521470,V,1086,954,-1
1788563004.9848,2521478,V,1091,959,-1
1788563004.9848,2521486,V,1087,955,-1
1788563004.9848,2521494,V,1092,960,-1
1788563004.9848,2521502,V,1089,957,-1
1788563005.0335,2521515,V,1091,959,33109
1788563005.0335,2521523,V,1088,956,-1
1788563005.0335,2521531,V,1086,954,-1
1788563005.0335,2521539,V,1088,956,-1
1788563005.0335,2521547,V,1089,957,-1
1788563005.0335,2521555,V,1090,958,-1
1788563005.1336,2521569,V,1087,955,33110
1788563005.1339,2521577,V,1090,958,-1
1788563005.1340,2521585,V,1092,960,-1
1788563005.1340,2521593,V,1089,957,-1
1788563005.1340,2521601,V,1088,956,-1
1788563005.1340,2521609,V,1086,954,-1
1788563005.1343,2521623,V,1086,954,33111
1788563005.1343,2521631,V,1085,954,-1
1788563005.1343,2521639,V,1083,952,-1
1788563005.1343,2521647,V,1087,955,-1
1788563005.1343,2521655,V,1085,954,-1
1788563005.1343,2521663,V,1085,954,-1
1788563005.1814,2521676,V,1083,952,33112
1788563005.1814,2521684,V,1082,951,-1
1788563005.1814,2521692,V,1083,952,-1
1788563005.1814,2521700,V,1075,945,-1
1788563005.1814,2521708,V,1066,937,-1
1788563005.1814,2521716,V,1059,931,-1
1788563005.2282,2521730,V,1047,920,33113
1788563005.2282,2521738,V,1031,906,-1
1788563005.2282,2521746,V,1018,895,-1
1788563005.2282,2521754,V,998,877,-1
1788563005.2282,2521762,V,926,814,-1
1788563005.2282,2521770,V,850,747,-1
1788563005.2773,2521784,V,797,700,33114
1788563005.2773,2521792,V,768,675,-1
1788563005.2773,2521800,V,739,650,-1
1788563005.2773,2521808,V,718,631,-1
1788563005.2773,2521816,V,690,606,-1
1788563005.2773,2521824,V,666,585,-1
1788563005.3259,2521838,V,661,581,33115
1788563005.3260,2521846,V,640,563,-1
1788563005.3260,2521854,V,621,546,-1
1788563005.3260,2521862,V,616,541,-1
1788563005.3260,2521870,V,614,540,-1
1788563005.3260,2521878,V,597,525,-1
1788563005.4250,2521891,V,584,513,33116
1788563005.4252,2521899,V,565,497,-1
1788563005.4252,2521907,V,587,516,-1
1788563005.4252,2521915,V,570,501,-1
1788563005.4252,2521923,V,538,473,-1
1788563005.4252,2521931,V,543,477,-1
1788563005.4733,2521945,V,534,469,33117
1788563005.4733,2521953,V,555,488,-1
1788563005.4733,2521961,V,550,483,-1
1788563005.4733,2521969,V,536,471,-1
1788563005.4733,2521977,V,554,487,-1
1788563005.4733,2521985,V,545,479,-1
1788563005.5223,2521999,V,542,476,33118
1788563005.5224,2522007,V,536,471,-1
1788563005.5224,2522015,V,501,440,-1
1788563005.5224,2522023,V,521,458,-1
1788563005.5225,2522031,V,545,479,-1
1788563005.5225,2522039,V,528,464,-1
1788563005.5697,2522053,V,526,462,33119
1788563005.5697,2522061,V,549,483,-1
1788563005.5697,2522069,V,539,474,-1
1788563005.5697,2522077,V,487,428,-1
1788563005.5697,2522085,V,538,473,-1
1788563005.5697,2522093,V,539,474,-1
1788563005.6192,2522106,V,524,461,33120
1788563005.6193,2522114,V,538,473,-1
1788563005.6193,2522122,V,540,475,-1
1788563005.6193,2522130,V,535,470,-1
1788563005.6193,2522138,V,518,455,-1
1788563005.6193,2522146,V,514,452,-1
1788563005.6670,2522160,V,521,458,33121
1788563005.6672,2522168,V,507,446,-1
1788563005.6672,2522176,V,499,439,-1
1788563005.6672,2522184,V,535,470,-1
1788563005.6672,2522192,V,496,436,-1
1788563005.6672,2522200,V,509,447,-1
1788563005.7176,2522214,V,546,480,33122
1788563005.7176,2522222,V,518,455,-1
1788563005.7177,2522230,V,503,442,-1
1788563005.7177,2522238,V,508,446,-1
1788563005.7177,2522246,V,510,448,-1
1788563005.7177,2522254,V,511,449,-1
1788563005.7661,2522268,V,498,438,33123
1788563005.7661,2522276,V,497,437,-1
1788563005.7661,2522284,V,502,441,-1
1788563005.7661,2522292,V,522,459,-1
1788563005.7662,2522300,V,528,464,-1
1788563005.7662,2522308,V,502,441,-1
1788563005.8144,2522321,V,545,479,33124
1788563005.8144,2522329,V,528,464,-1
1788563005.8144,2522337,V,525,461,-1
1788563005.8144,2522345,V,508,446,-1
1788563005.8144,2522353,V,503,442,-1
1788563005.8144,2522361,V,499,439,-1
1788563005.9111,2522375,V,517,454,33125
1788563005.9112,2522383,V,514,452,-1
1788563005.9112,2522391,V,490,431,-1
1788563005.9112,2522399,V,528,464,-1
1788563005.9112,2522407,V,481,423,-1
1788563005.9112,2522415,V,549,483,-1
1788563005.9596,2522429,V,510,448,33126
1788563005.9596,2522437,V,511,449,-1
1788563005.9596,2522445,V,506,445,-1
1788563005.9596,2522453,V,530,466,-1
1788563005.9596,2522461,V,514,452,-1
1788563005.9596,2522469,V,514,452,-1
1788563006.0106,2522482,V,528,464,33127
1788563006.0106,2522490,V,523,460,-1
1788563006.0106,2522498,V,514,452,-1
1788563006.0106,2522506,V,488,429,-1
1788563006.0106,2522514,V,508,446,-1
1788563006.0106,2522522,V,506,445,-1
1788563006.0585,2522536,V,536,471,33128
1788563006.0586,2522544,V,542,476,-1
1788563006.0586,2522552,V,544,478,-1
1788563006.0586,2522560,V,516,454,-1
1788563006.0586,2522568,V,539,474,-1
1788563006.0586,2522576,V,540,475,-1
1788563006.1059,2522590,V,547,481,33129
1788563006.1059,2522598,V,533,468,-1
1788563006.1059,2522606,V,553,486,-1
1788563006.1060,2522614,V,562,494,-1
1788563006.1060,2522622,V,571,502,-1
1788563006.1060,2522630,V,579,509,-1
1788563006.1548,2522644,V,572,503,33130
1788563006.1549,2522652,V,588,517,-1
1788563006.1549,2522660,V,585,514,-1
1788563006.1549,2522668,V,613,539,-1
1788563006.1549,2522676,V,613,539,-1
1788563006.1549,2522684,V,640,563,-1
1788563006.2036,2522697,V,658,578,33131
1788563006.2036,2522705,V,674,592,-1
1788563006.2036,2522713,V,721,634,-1
1788563006.2036,2522721,V,773,679,-1
1788563006.2036,2522729,V,1012,889,-1
1788563006.2036,2522737,V,1033,908,-1
1788563006.2527,2522751,V,1072,942,33132
1788563006.2528,2522759,V,1076,946,-1
1788563006.2528,2522767,V,1072,942,-1
1788563006.2528,2522775,V,1034,909,-1
1788563006.2528,2522783,V,1067,938,-1
1788563006.2528,2522791,V,1098,965,-1
1788563006.3011,2522805,V,1086,954,33133
1788563006.3012,2522813,V,1072,942,-1
1788563006.3012,2522821,V,1080,949,-1
1788563006.3012,2522829,V,1090,958,-1
1788563006.3012,2522837,V,1090,958,-1
1788563006.3012,2522845,V,1088,956,-1
1788563006.3509,2522858,V,1088,956,33134
1788563006.3509,2522866,V,1078,947,-1
1788563006.3509,2522874,V,1082,951,-1
1788563006.3509,2522882,V,1081,950,-1
1788563006.3509,2522890,V,1085,954,-1
1788563006.3510,2522898,V,1083,952,-1
1788563006.4474,2522912,V,1080,949,33135
1788563006.4476,2522920,V,1082,951,-1
1788563006.4476,2522928,V,1084,953,-1
1788563006.4476,2522936,V,1082,951,-1
1788563006.4476,2522944,V,1087,955,-1
1788563006.4476,2522952,V,1083,952,-1
1788563006.4963,2522966,V,1082,951,33136
1788563006.4963,2522974,V,1081,950,-1
1788563006.4963,2522982,V,1083,952,-1
1788563006.4963,2522990,V,1084,953,-1
1788563006.4963,2522998,V,1081,950,-1
1788563006.4963,2523006,V,1083,952,-1
1788563006.5467,2523020,V,1084,953,33137
1788563006.5468,2523028,V,1083,952,-1
1788563006.5468,2523036,V,1086,954,-1
1788563006.5468,2523044,V,1086,954,-1
1788563006.5468,2523052,V,1085,954,-1
1788563006.5468,2523060,V,1085,954,-1
1788563006.6444,2523073,V,1084,953,33138
1788563006.6444,2523081,V,1086,954,-1
1788563006.6444,2523089,V,1088,956,-1
1788563006.6444,2523097,V,1087,955,-1
1788563006.6445,2523105,V,1087,955,-1
1788563006.6445,2523113,V,1088,956,-1
1788563006.6450,2523127,V,1082,951,33139
1788563006.6450,2523135,V,1084,953,-1
1788563006.6450,2523143,V,1085,954,-1
1788563006.6450,2523151,V,1085,954,-1
1788563006.6450,2523159,V,1088,956,-1
1788563006.6450,2523167,V,1084,953,-1
1788563006.6924,2523181,V,1081,950,33140
1788563006.6925,2523189,V,1087,955,-1
1788563006.6925,2523197,V,1085,954,-1
1788563006.6926,2523205,V,1085,954,-1
1788563006.6926,2523213,V,1084,953,-1
1788563006.6926,2523221,V,1089,957,-1
1788563006.7399,2523234,V,1087,955,33141
1788563006.7399,2523242,V,1085,954,-1
1788563006.7399,2523250,V,1082,951,-1
1788563006.7399,2523258,V,1085,954,-1
1788563006.7399,2523266,V,1088,956,-1
1788563006.7399,2523274,V,1088,956,-1
1788563006.7885,2523288,V,1089,957,33142
1788563006.7885,2523296,V,1095,962,-1
1788563006.7885,2523304,V,1086,954,-1
1788563006.7886,2523312,V,1088,956,-1
1788563006.7886,2523320,V,1088,956,-1
1788563006.7886,2523328,V,1091,959,-1
1788563006.8378,2523342,V,1090,958,33143
1788563006.8379,2523350,V,1089,957,-1
1788563006.8379,2523358,V,1085,954,-1
1788563006.8379,2523366,V,1090,958,-1
1788563006.8379,2523374,V,1090,958,-1
1788563006.8379,2523382,V,1089,957,-1
1788563006.8857,2523396,V,1093,961,33144
1788563006.8857,2523404,V,1088,956,-1
1788563006.8857,2523412,V,1090,958,-1
1788563006.8857,2523420,V,1087,955,-1
1788563006.8857,2523428,V,1089,957,-1
1788563006.8857,2523436,V,1089,957,-1
1788563006.9850,2523449,V,1088,956,33145
1788563006.9851,2523457,V,1090,958,-1
1788563006.9851,2523465,V,1089,957,-1
1788563006.9851,2523473,V,1088,956,-1
1788563006.9851,2523481,V,1087,955,-1
1788563006.9851,2523489,V,1089,957,-1
1788563007.0319,2523503,V,1084,953,33146
1788563007.0319,2523511,V,1086,954,-1
1788563007.0319,2523519,V,1087,955,-1
1788563007.0319,2523527,V,1090,958,-1
1788563007.0319,2523535,V,1086,954,-1
1788563007.0319,2523543,V,1088,956,-1
1788563007.0805,2523557,V,1084,953,33147
1788563007.0805,2523565,V,1083,952,-1
1788563007.0805,2523573,V,1083,952,-1
1788563007.0805,2523581,V,1084,953,-1
1788563007.0805,2523589,V,1081,950,-1
1788563007.0805,2523597,V,1085,954,-1
1788563007.1299,2523610,V,1080,949,33148
1788563007.1299,2523618,V,1085,954,-1
1788563007.1299,2523626,V,1077,947,-1
1788563007.1299,2523634,V,1080,949,-1
1788563007.1300,2523642,V,1078,947,-1
1788563007.1300,2523650,V,1081,950,-1
1788563007.1786,2523664,V,1078,947,33149
1788563007.1786,2523672,V,1075,945,-1
1788563007.1786,2523680,V,1077,947,-1
1788563007.1786,2523688,V,1075,945,-1
1788563007.1786,2523696,V,1072,942,-1
1788563007.1786,2523704,V,1072,942,-1
1788563007.2289,2523718,V,1068,939,33150
1788563007.2290,2523726,V,1058,930,-1
1788563007.2290,2523734,V,1049,922,-1
1788563007.2290,2523742,V,1035,910,-1
1788563007.2290,2523750,V,1026,902,-1
1788563007.2290,2523758,V,1004,882,-1
1788563007.2769,2523772,V,959,843,33151
1788563007.2769,2523780,V,890,782,-1
1788563007.2769,2523788,V,832,731,-1
1788563007.2769,2523796,V,802,705,-1
1788563007.2769,2523804,V,755,664,-1
1788563007.2769,2523812,V,746,656,-1
1788563007.3249,2523825,V,713,627,33152
1788563007.3249,2523833,V,687,604,-1
1788563007.3249,2523841,V,682,599,-1
1788563007.3249,2523849,V,659,579,-1
1788563007.3249,2523857,V,658,578,-1
1788563007.3249,2523865,V,631,555,-1
1788563007.3732,2523879,V,635,558,33153
1788563007.3732,2523887,V,602,529,-1
1788563007.3732,2523895,V,582,512,-1
1788563007.3732,2523903,V,579,509,-1
1788563007.3733,2523911,V,581,511,-1
1788563007.3733,2523919,V,581,511,-1
1788563007.4216,2523933,V,563,495,33154
1788563007.4217,2523941,V,565,497,-1
1788563007.4217,2523949,V,561,493,-1
1788563007.4217,2523957,V,558,490,-1
1788563007.4217,2523965,V,546,480,-1
1788563007.4217,2523973,V,561,493,-1
1788563007.5207,2523987,V,535,470,33155
1788563007.5207,2523995,V,570,501,-1
1788563007.5207,2524003,V,558,490,-1
1788563007.5207,2524011,V,549,483,-1
1788563007.5207,2524019,V,528,464,-1
1788563007.5207,2524027,V,531,467,-1
1788563007.5699,2524040,V,521,458,33156
1788563007.5699,2524048,V,532,468,-1
1788563007.5699,2524056,V,514,452,-1
1788563007.5699,2524064,V,517,454,-1
1788563007.5699,2524072,V,531,467,-1
1788563007.5700,2524080,V,514,452,-1
1788563007.6659,2524094,V,508,446,33157
1788563007.6659,2524102,V,513,451,-1
1788563007.6659,2524110,V,541,475,-1
1788563007.6659,2524118,V,554,487,-1
1788563007.6659,2524126,V,534,469,-1
1788563007.6659,2524134,V,500,439,-1
1788563007.6679,2524148,V,489,430,33158
1788563007.6679,2524156,V,492,432,-1
1788563007.6679,2524164,V,511,449,-1
1788563007.6679,2524172,V,544,478,-1
1788563007.6679,2524180,V,528,464,-1
1788563007.6679,2524188,V,507,446,-1
1788563007.7146,2524202,V,497,437,33159
1788563007.7146,2524210,V,504,443,-1
1788563007.7146,2524218,V,525,461,-1
1788563007.7146,2524226,V,492,432,-1
1788563007.7146,2524234,V,518,455,-1
1788563007.7146,2524242,V,503,442,-1
1788563007.7632,2524255,V,534,469,33160
1788563007.7633,2524263,V,509,447,-1
1788563007.7633,2524271,V,516,454,-1
1788563007.7633,2524279,V,501,440,-1
1788563007.7633,2524287,V,543,477,-1
1788563007.7633,2524295,V,550,483,-1
1788563007.8136,2524309,V,486,427,33161
1788563007.8136,2524317,V,495,435,-1
1788563007.8136,2524325,V,484,425,-1
1788563007.8136,2524333,V,522,459,-1
1788563007.8136,2524341,V,521,458,-1
1788563007.8136,2524349,V,522,459,-1
1788563007.8617,2524363,V,513,451,33162
1788563007.8618,2524371,V,512,450,-1
1788563007.8618,2524379,V,495,435,-1
1788563007.8618,2524387,V,524,461,-1
1788563007.8618,2524395,V,505,444,-1
1788563007.8618,2524403,V,532,468,-1
1788563007.9094,2524416,V,508,446,33163
1788563007.9094,2524424,V,529,465,-1
1788563007.9094,2524432,V,533,468,-1
1788563007.9094,2524440,V,527,463,-1
1788563007.9094,2524448,V,530,466,-1
1788563007.9094,2524456,V,524,461,-1
1788563007.9581,2524470,V,533,468,33164
1788563007.9581,2524478,V,501,440,-1
1788563007.9581,2524486,V,506,445,-1
1788563007.9581,2524494,V,510,448,-1
1788563007.9582,2524502,V,538,473,-1
1788563007.9582,2524510,V,541,475,-1
1788563008.0557,2524524,V,521,458,33165
1788563008.0558,2524532,V,520,457,-1
1788563008.0558,2524540,V,498,438,-1
1788563008.0558,2524548,V,529,465,-1
1788563008.0558,2524556,V,534,469,-1
1788563008.0558,2524564,V,540,475,-1
1788563008.1046,2524578,V,540,475,33166
1788563008.1046,2524586,V,564,496,-1
1788563008.1046,2524594,V,548,482,-1
1788563008.1046,2524602,V,557,490,-1
1788563008.1046,2524610,V,572,503,-1
1788563008.1046,2524618,V,534,469,-1
1788563008.1548,2524631,V,535,470,33167
1788563008.1549,2524639,V,547,481,-1
1788563008.1549,2524647,V,545,479,-1
1788563008.1549,2524655,V,539,474,-1
1788563008.1549,2524663,V,566,497,-1
1788563008.1549,2524671,V,558,490,-1
1788563008.2029,2524685,V,581,511,33168
1788563008.2029,2524693,V,595,523,-1
1788563008.2030,2524701,V,589,518,-1
1788563008.2030,2524709,V,620,545,-1
1788563008.2030,2524717,V,623,548,-1
1788563008.2030,2524725,V,630,554,-1
1788563008.2507,2524739,V,676,594,33169
1788563008.2507,2524747,V,678,596,-1
1788563008.2507,2524755,V,727,639,-1
1788563008.2508,2524763,V,992,872,-1
1788563008.2508,2524771,V,1025,901,-1
1788563008.2508,2524779,V,1066,937,-1
1788563008.3000,2524793,V,1075,945,33170
1788563008.3001,2524801,V,1048,921,-1
1788563008.3001,2524809,V,986,867,-1
1788563008.3001,2524817,V,1053,925,-1
1788563008.3001,2524825,V,1081,950,-1
1788563008.3001,2524833,V,1061,933,-1
1788563008.3482,2524846,V,1037,911,33171
1788563008.3482,2524854,V,1040,914,-1
1788563008.3482,2524862,V,1052,925,-1
1788563008.3482,2524870,V,1060,932,-1
1788563008.3482,2524878,V,1059,931,-1
1788563008.3482,2524886,V,1060,932,-1
1788563008.3967,2524900,V,1054,926,33172
1788563008.3967,2524908,V,1053,925,-1
1788563008.3967,2524916,V,1061,933,-1
1788563008.3968,2524924,V,1061,933,-1
1788563008.3968,2524932,V,1070,940,-1
1788563008.3968,2524940,V,1066,937,-1
1788563008.4470,2524954,V,1066,937,33173
1788563008.4470,2524962,V,1066,937,-1
1788563008.4471,2524970,V,1065,936,-1
1788563008.4471,2524978,V,1061,933,-1
1788563008.4471,2524986,V,1063,934,-1
1788563008.4471,2524994,V,1064,935,-1
1788563008.5449,2525007,V,1065,936,33174
1788563008.5450,2525015,V,1061,933,-1
1788563008.5451,2525023,V,1064,935,-1
1788563008.5451,2525031,V,1067,938,-1
1788563008.5451,2525039,V,1063,934,-1
1788563008.5451,2525047,V,1061,933,-1
1788563008.5922,2525061,V,1067,938,33175
1788563008.5922,2525069,V,1064,935,-1
1788563008.5922,2525077,V,1068,939,-1
1788563008.5922,2525085,V,1066,937,-1
1788563008.5922,2525093,V,1062,933,-1
1788563008.5923,2525101,V,1068,939,-1
1788563008.6416,2525115,V,1069,940,33176
1788563008.6416,2525123,V,1067,938,-1
1788563008.6416,2525131,V,1070,940,-1
1788563008.6416,2525139,V,1067,938,-1
1788563008.6416,2525147,V,1066,937,-1
1788563008.6417,2525155,V,1072,942,-1
1788563008.7403,2525169,V,1068,939,33177
1788563008.7403,2525177,V,1068,939,-1
1788563008.7404,2525185,V,1072,942,-1
1788563008.7404,2525193,V,1069,940,-1
1788563008.7404,2525201,V,1068,939,-1
1788563008.7404,2525209,V,1070,940,-1
1788563008.7406,2525222,V,1069,940,33178
1788563008.7406,2525230,V,1068,939,-1
1788563008.7406,2525238,V,1070,940,-1
1788563008.7406,2525246,V,1070,940,-1
1788563008.7406,2525254,V,1069,940,-1
1788563008.7406,2525262,V,1068,939,-1
1788563008.7910,2525276,V,1065,936,33179
1788563008.7911,2525284,V,1069,940,-1
1788563008.7911,2525292,V,1071,941,-1
1788563008.7911,2525300,V,1070,940,-1
1788563008.7911,2525308,V,1074,944,-1
1788563008.7911,2525316,V,1072,942,-1
1788563008.8361,2525330,V,1074,944,33180
1788563008.8361,2525338,V,1074,944,-1
1788563008.8361,2525346,V,1073,943,-1
1788563008.8361,2525354,V,1069,940,-1
1788563008.8361,2525362,V,1074,944,-1
1788563008.8361,2525370,V,1073,943,-1
1788563008.8848,2525384,V,1076,946,33181
1788563008.8848,2525392,V,1074,944,-1
1788563008.8849,2525400,V,1074,944,-1
1788563008.8849,2525408,V,1075,945,-1
1788563008.8849,2525416,V,1073,943,-1
1788563008.8849,2525424,V,1072,942,-1
1788563008.9332,2525437,V,1074,944,33182
1788563008.9332,2525445,V,1071,941,-1
1788563008.9332,2525453,V,1071,941,-1
1788563008.9332,2525461,V,1077,947,-1
1788563008.9332,2525469,V,1075,945,-1
1788563008.9332,2525477,V,1076,946,-1
1788563008.9821,2525491,V,1076,946,33183
1788563008.9821,2525499,V,1075,945,-1
1788563008.9822,2525507,V,1074,944,-1
1788563008.9822,2525515,V,1072,942,-1
1788563008.9822,2525523,V,1072,942,-1
1788563008.9822,2525531,V,1069,940,-1
1788563009.0819,2525545,V,1073,943,33184
1788563009.0822,2525553,V,1071,941,-1
1788563009.0822,2525561,V,1072,942,-1
1788563009.0823,2525569,V,1073,943,-1
1788563009.0823,2525577,V,1072,942,-1
1788563009.0823,2525585,V,1068,939,-1
1788563009.1287,2525598,V,1070,940,33185
1788563009.1287,2525606,V,1068,939,-1
1788563009.1289,2525614,V,1066,937,-1
1788563009.1289,2525622,V,1064,935,-1
1788563009.1289,2525630,V,1066,937,-1
1788563009.1289,2525638,V,1064,935,-1
1788563009.1771,2525652,V,1061,933,33186
1788563009.1771,2525660,V,1059,931,-1
1788563009.1771,2525668,V,1061,933,-1
1788563009.1771,2525676,V,1055,927,-1
1788563009.1771,2525684,V,1051,924,-1
1788563009.1772,2525692,V,1038,912,-1
1788563009.2260,2525706,V,1007,885,33187
1788563009.2260,2525714,V,973,855,-1
1788563009.2260,2525722,V,928,816,-1
1788563009.2261,2525730,V,875,769,-1
1788563009.2261,2525738,V,795,699,-1
1788563009.2261,2525746,V,770,677,-1
1788563009.2746,2525760,V,731,642,33188
1788563009.2746,2525768,V,721,634,-1
1788563009.2746,2525776,V,687,604,-1
1788563009.2746,2525784,V,665,584,-1
1788563009.2746,2525792,V,650,571,-1
1788563009.2746,2525800,V,629,553,-1
1788563009.3270,2525813,V,642,564,33189
1788563009.3284,2525821,V,619,544,-1
1788563009.3284,2525829,V,606,533,-1
1788563009.3284,2525837,V,617,542,-1
1788563009.3284,2525845,V,593,521,-1
1788563009.3284,2525853,V,610,536,-1
1788563009.3745,2525867,V,579,509,33190
1788563009.3746,2525875,V,570,501,-1
1788563009.3746,2525883,V,577,507,-1
1788563009.3746,2525891,V,555,488,-1
1788563009.3746,2525899,V,548,482,-1
1788563009.3746,2525907,V,548,482,-1
1788563009.4219,2525921,V,568,499,33191
1788563009.4219,2525929,V,597,525,-1
1788563009.4220,2525937,V,559,491,-1
1788563009.4220,2525945,V,545,479,-1
1788563009.4220,2525953,V,538,473,-1
1788563009.4220,2525961,V,524,461,-1
1788563009.4706,2525975,V,521,458,33192
1788563009.4706,2525983,V,556,489,-1
1788563009.4707,2525991,V,505,444,-1
1788563009.4707,2525999,V,530,466,-1
1788563009.4707,2526007,V,533,468,-1
1788563009.4707,2526015,V,539,474,-1
1788563009.5186,2526028,V,525,461,33193
1788563009.5187,2526036,V,512,450,-1
1788563009.5187,2526044,V,539,474,-1
1788563009.5187,2526052,V,526,462,-1
1788563009.5187,2526060,V,501,440,-1
1788563009.5187,2526068,V,517,454,-1
1788563009.6178,2526082,V,509,447,33194
1788563009.6180,2526090,V,554,487,-1
1788563009.6180,2526098,V,505,444,-1
1788563009.6180,2526106,V,526,462,-1
1788563009.6180,2526114,V,527,463,-1
1788563009.6180,2526122,V,529,465,-1
1788563009.6663,2526136,V,508,446,33195
1788563009.6663,2526144,V,525,461,-1
1788563009.6663,2526152,V,539,474,-1
1788563009.6664,2526160,V,508,446,-1
1788563009.6664,2526168,V,497,437,-1
1788563009.6664,2526176,V,522,459,-1
1788563009.7134,2526190,V,499,439,33196
1788563009.7135,2526198,V,497,437,-1
1788563009.7135,2526206,V,523,460,-1
1788563009.7135,2526214,V,492,432,-1
1788563009.7135,2526222,V,501,440,-1
1788563009.7135,2526230,V,491,432,-1
1788563009.7622,2526243,V,518,455,33197
1788563009.7622,2526251,V,493,433,-1
1788563009.7622,2526259,V,499,439,-1
1788563009.7622,2526267,V,513,451,-1
1788563009.7622,2526275,V,523,460,-1
1788563009.7622,2526283,V,510,448,-1
1788563009.8119,2526297,V,494,434,33198
1788563009.8119,2526305,V,489,430,-1
1788563009.8119,2526313,V,502,441,-1
1788563009.8119,2526321,V,495,435,-1
1788563009.8119,2526329,V,490,431,-1
1788563009.8119,2526337,V,525,461,-1
1788563009.8596,2526351,V,496,436,33199
1788563009.8597,2526359,V,531,467,-1
1788563009.8597,2526367,V,556,489,-1
1788563009.8597,2526375,V,502,441,-1
1788563009.8597,2526383,V,530,466,-1
1788563009.8597,2526391,V,530,466,-1
1788563009.9094,2526404,V,524,461,33200
1788563009.9094,2526412,V,531,467,-1
1788563009.9094,2526420,V,528,464,-1
1788563009.9094,2526428,V,538,473,-1
1788563009.9094,2526436,V,509,447,-1
1788563009.9094,2526444,V,526,462,-1
1788563009.9580,2526458,V,546,480,33201
1788563009.9580,2526466,V,511,449,-1
1788563009.9580,2526474,V,516,454,-1
1788563009.9580,2526482,V,521,458,-1
1788563009.9580,2526490,V,536,471,-1
1788563009.9581,2526498,V,508,446,-1
1788563010.0075,2526512,V,534,469,33202
1788563010.0075,2526520,V,547,481,-1
1788563010.0075,2526528,V,522,459,-1
1788563010.0075,2526536,V,546,480,-1
1788563010.0076,2526544,V,526,462,-1
1788563010.0076,2526552,V,553,486,-1
1788563010.0546,2526566,V,556,489,33203
1788563010.0547,2526574,V,548,482,-1
1788563010.0547,2526582,V,523,460,-1
1788563010.0547,2526590,V,522,459,-1
1788563010.0547,2526598,V,542,476,-1
1788563010.0547,2526606,V,561,493,-1
1788563010.2012,2526619,V,548,482,33204
1788563010.2014,2526627,V,558,490,-1
1788563010.2014,2526635,V,581,511,-1
1788563010.2014,2526643,V,574,504,-1
1788563010.2014,2526651,V,599,526,-1
1788563010.2014,2526659,V,574,504,-1
1788563010.2030,2526673,V,608,534,33205
1788563010.2030,2526681,V,625,549,-1
1788563010.2030,2526689,V,640,563,-1
1788563010.2030,2526697,V,665,584,-1
1788563010.2030,2526705,V,691,607,-1
1788563010.2030,2526713,V,734,645,-1
1788563010.2513,2526727,V,996,875,33206
1788563010.2513,2526735,V,1022,898,-1
1788563010.2513,2526743,V,1039,913,-1
1788563010.2513,2526751,V,1076,946,-1
1788563010.2514,2526759,V,1072,942,-1
1788563010.2514,2526767,V,1035,910,-1
1788563010.3004,2526780,V,1052,925,33207
1788563010.3004,2526788,V,1092,960,-1
1788563010.3004,2526796,V,1093,961,-1
1788563010.3004,2526804,V,1081,950,-1
1788563010.3004,2526812,V,1065,936,-1
1788563010.3004,2526820,V,1072,942,-1
1788563010.3473,2526834,V,1079,948,33208
1788563010.3473,2526842,V,1081,950,-1
1788563010.3473,2526850,V,1080,949,-1
1788563010.3473,2526858,V,1080,949,-1
1788563010.3474,2526866,V,1080,949,-1
1788563010.3474,2526874,V,1080,949,-1
1788563010.3961,2526888,V,1085,954,33209
1788563010.3962,2526896,V,1085,954,-1
1788563010.3962,2526904,V,1085,954,-1
1788563010.3962,2526912,V,1087,955,-1
1788563010.3962,2526920,V,1088,956,-1
1788563010.3962,2526928,V,1086,954,-1
1788563010.4446,2526942,V,1087,955,33210
1788563010.4448,2526950,V,1084,953,-1
1788563010.4448,2526958,V,1083,952,-1
1788563010.4448,2526966,V,1085,954,-1
1788563010.4448,2526974,V,1085,954,-1
1788563010.4448,2526982,V,1084,953,-1
1788563010.4937,2526995,V,1082,951,33211
1788563010.4938,2527003,V,1085,954,-1
1788563010.4938,2527011,V,1083,952,-1
1788563010.4938,2527019,V,1084,953,-1
1788563010.4938,2527027,V,1086,954,-1
1788563010.4938,2527035,V,1086,954,-1
1788563010.5447,2527049,V,1083,952,33212
1788563010.5448,2527057,V,1087,955,-1
1788563010.5448,2527065,V,1088,956,-1
1788563010.5448,2527073,V,1089,957,-1
1788563010.5448,2527081,V,1087,955,-1
1788563010.5448,2527089,V,1086,954,-1
1788563010.5929,2527103,V,1087,955,33213
1788563010.5929,2527111,V,1087,955,-1
1788563010.5930,2527119,V,1089,957,-1
1788563010.5930,2527127,V,1090,958,-1
1788563010.5930,2527135,V,1084,953,-1
1788563010.5930,2527143,V,1090,958,-1
1788563010.6882,2527157,V,1087,955,33214
1788563010.6883,2527165,V,1088,956,-1
1788563010.6883,2527173,V,1089,957,-1
1788563010.6884,2527181,V,1085,954,-1
1788563010.6884,2527189,V,1089,957,-1
1788563010.6884,2527197,V,1092,960,-1
1788563010.7369,2527210,V,1087,955,33215
1788563010.7370,2527218,V,1090,958,-1
1788563010.7370,2527226,V,1090,958,-1
1788563010.7370,2527234,V,1087,955,-1
1788563010.7370,2527242,V,1089,957,-1
1788563010.7370,2527250,V,1089,957,-1
1788563010.8359,2527264,V,1090,958,33216
1788563010.8359,2527272,V,1087,955,-1
1788563010.8359,2527280,V,1086,954,-1
1788563010.8359,2527288,V,1090,958,-1
1788563010.8359,2527296,V,1090,958,-1
1788563010.8359,2527304,V,1092,960,-1
1788563010.8362,2527318,V,1091,959,33217
1788563010.8362,2527326,V,1088,956,-1
1788563010.8362,2527334,V,1093,961,-1
1788563010.8362,2527342,V,1089,957,-1
1788563010.8362,2527350,V,1086,954,-1
1788563010.8362,2527358,V,1088,956,-1
1788563010.8853,2527371,V,1089,957,33218
1788563010.8853,2527379,V,1091,959,-1
1788563010.8853,2527387,V,1087,955,-1
1788563010.8853,2527395,V,1087,955,-1
1788563010.8854,2527403,V,1086,954,-1
1788563010.8854,2527411,V,1089,957,-1
1788563010.9319,2527425,V,1092,960,33219
1788563010.9320,2527433,V,1092,960,-1
1788563010.9320,2527441,V,1087,955,-1
1788563010.9320,2527449,V,1088,956,-1
1788563010.9320,2527457,V,1087,955,-1
1788563010.9320,2527465,V,1089,957,-1
1788563010.9808,2527479,V,1087,955,33220
1788563010.9808,2527487,V,1084,953,-1
1788563010.9808,2527495,V,1089,957,-1
1788563010.9809,2527503,V,1089,957,-1
1788563010.9809,2527511,V,1085,954,-1
1788563010.9809,2527519,V,1087,955,-1
1788563011.0293,2527533,V,1084,953,33221
1788563011.0293,2527541,V,1089,957,-1
1788563011.0293,2527549,V,1086,954,-1
1788563011.0293,2527557,V,1082,951,-1
1788563011.0293,2527565,V,1089,957,-1
1788563011.0293,2527573,V,1089,957,-1
1788563011.0782,2527586,V,1086,954,33222
1788563011.0782,2527594,V,1086,954,-1
1788563011.0782,2527602,V,1087,955,-1
1788563011.0783,2527610,V,1085,954,-1
1788563011.0783,2527618,V,1091,959,-1
1788563011.0783,2527626,V,1080,949,-1
1788563011.1765,2527640,V,1083,952,33223
1788563011.1766,2527648,V,1085,954,-1
1788563011.1766,2527656,V,1083,952,-1
1788563011.1766,2527664,V,1082,951,-1
1788563011.1766,2527672,V,1079,948,-1
1788563011.1766,2527680,V,1081,950,-1
1788563011.2245,2527694,V,1073,943,33224
1788563011.2245,2527702,V,1074,944,-1
1788563011.2245,2527710,V,1077,947,-1
1788563011.2245,2527718,V,1074,944,-1
1788563011.2245,2527726,V,1067,938,-1
1788563011.2245,2527734,V,1056,928,-1
1788563011.2732,2527748,V,1039,913,33225
1788563011.2732,2527756,V,1023,899,-1
1788563011.2732,2527764,V,1004,882,-1
1788563011.2732,2527772,V,974,856,-1
1788563011.2732,2527780,V,898,789,-1
1788563011.2732,2527788,V,813,715,-1
1788563011.3706,2527801,V,782,687,33226
1788563011.3706,2527809,V,736,647,-1
1788563011.3706,2527817,V,709,623,-1
1788563011.3706,2527825,V,687,604,-1
1788563011.3706,2527833,V,695,611,-1
1788563011.3706,2527841,V,648,570,-1
1788563011.3720,2527855,V,628,552,33227
1788563011.3720,2527863,V,613,539,-1
1788563011.3720,2527871,V,611,537,-1
1788563011.3720,2527879,V,610,536,-1
1788563011.3720,2527887,V,601,528,-1
1788563011.3720,2527895,V,567,498,-1
1788563011.4211,2527909,V,575,505,33228
1788563011.4212,2527917,V,561,493,-1
1788563011.4213,2527925,V,572,503,-1
1788563011.4213,2527933,V,553,486,-1
1788563011.4213,2527941,V,556,489,-1
1788563011.4213,2527949,V,547,481,-1
1788563011.4693,2527962,V,546,480,33229
1788563011.4694,2527970,V,545,479,-1
1788563011.4694,2527978,V,542,476,-1
1788563011.4694,2527986,V,528,464,-1
1788563011.4694,2527994,V,530,466,-1
1788563011.4694,2528002,V,529,465,-1
1788563011.5167,2528016,V,531,467,33230
1788563011.5168,2528024,V,525,461,-1
1788563011.5168,2528032,V,489,430,-1
1788563011.5168,2528040,V,530,466,-1
1788563011.5168,2528048,V,533,468,-1
1788563011.5168,2528056,V,507,446,-1
1788563011.5675,2528070,V,536,471,33231
1788563011.5675,2528078,V,529,465,-1
1788563011.5675,2528086,V,515,453,-1
1788563011.5675,2528094,V,516,454,-1
1788563011.5675,2528102,V,501,440,-1
1788563011.5675,2528110,V,537,472,-1
1788563011.6143,2528124,V,559,491,33232
1788563011.6144,2528132,V,497,437,-1
1788563011.6144,2528140,V,518,455,-1
1788563011.6144,2528148,V,500,439,-1
1788563011.6144,2528156,V,505,444,-1
1788563011.6144,2528164,V,515,453,-1
1788563011.7139,2528177,V,515,453,33233
1788563011.7140,2528185,V,531,467,-1
1788563011.7140,2528193,V,500,439,-1
1788563011.7140,2528201,V,520,457,-1
1788563011.7140,2528209,V,504,443,-1
1788563011.7140,2528217,V,519,456,-1
1788563011.7621,2528231,V,507,446,33234
1788563011.7621,2528239,V,517,454,-1
1788563011.7621,2528247,V,519,456,-1
1788563011.7621,2528255,V,483,425,-1
1788563011.7621,2528263,V,523,460,-1
1788563011.7622,2528271,V,521,458,-1
1788563011.8105,2528285,V,523,460,33235
1788563011.8105,2528293,V,518,455,-1
1788563011.8105,2528301,V,523,460,-1
1788563011.8105,2528309,V,484,425,-1
1788563011.8105,2528317,V,524,461,-1
1788563011.8105,2528325,V,492,432,-1
1788563011.8581,2528339,V,489,430,33236
1788563011.8581,2528347,V,519,456,-1
1788563011.8581,2528355,V,506,445,-1
1788563011.8581,2528363,V,513,451,-1
1788563011.8581,2528371,V,483,425,-1
1788563011.8581,2528379,V,491,432,-1
1788563011.9068,2528392,V,500,439,33237
1788563011.9068,2528400,V,513,451,-1
1788563011.9068,2528408,V,483,425,-1
1788563011.9068,2528416,V,512,450,-1
1788563011.9068,2528424,V,516,454,-1
1788563011.9068,2528432,V,511,449,-1
1788563011.9555,2528446,V,526,462,33238
1788563011.9555,2528454,V,546,480,-1
1788563011.9555,2528462,V,521,458,-1
1788563011.9555,2528470,V,524,461,-1
1788563011.9555,2528478,V,522,459,-1
1788563011.9555,2528486,V,511,449,-1
1788563012.0547,2528500,V,503,442,33239
1788563012.0547,2528508,V,506,445,-1
1788563012.0547,2528516,V,504,443,-1
1788563012.0547,2528524,V,496,436,-1
1788563012.0547,2528532,V,513,451,-1
1788563012.0547,2528540,V,493,433,-1
1788563012.0548,2528553,V,538,473,33240
1788563012.0548,2528561,V,547,481,-1
1788563012.0548,2528569,V,527,463,-1
1788563012.0548,2528577,V,504,443,-1
1788563012.0548,2528585,V,516,454,-1
1788563012.0548,2528593,V,517,454,-1
1788563012.1022,2528607,V,540,475,33241
1788563012.1022,2528615,V,525,461,-1
1788563012.1022,2528623,V,517,454,-1
1788563012.1022,2528631,V,538,473,-1
1788563012.1022,2528639,V,550,483,-1
1788563012.1022,2528647,V,505,444,-1
1788563012.1510,2528661,V,551,484,33242
1788563012.1511,2528669,V,516,454,-1
1788563012.1511,2528677,V,530,466,-1
1788563012.1511,2528685,V,533,468,-1
1788563012.1511,2528693,V,554,487,-1
1788563012.1511,2528701,V,561,493,-1
1788563012.2489,2528715,V,565,497,33243
1788563012.2491,2528723,V,561,493,-1
1788563012.2491,2528731,V,582,512,-1
1788563012.2491,2528739,V,608,534,-1
1788563012.2491,2528747,V,616,541,-1
1788563012.2491,2528755,V,632,555,-1
1788563012.2972,2528768,V,660,580,33244
1788563012.2973,2528776,V,696,612,-1
1788563012.2973,2528784,V,781,686,-1
1788563012.2973,2528792,V,1018,895,-1
1788563012.2973,2528800,V,1045,918,-1
1788563012.2973,2528808,V,1074,944,-1
1788563012.3463,2528822,V,1062,933,33245
1788563012.3463,2528830,V,1058,930,-1
1788563012.3464,2528838,V,1059,931,-1
1788563012.3464,2528846,V,1087,955,-1
1788563012.3464,2528854,V,1075,945,-1
1788563012.3464,2528862,V,1057,929,-1
1788563012.3958,2528876,V,1059,931,33246
1788563012.3959,2528884,V,1063,934,-1
1788563012.3959,2528892,V,1070,940,-1
1788563012.3959,2528900,V,1073,943,-1
1788563012.3959,2528908,V,1072,942,-1
1788563012.3959,2528916,V,1074,944,-1
1788563012.4488,2528929,V,1076,946,33247
1788563012.4489,2528937,V,1076,946,-1
1788563012.4489,2528945,V,1078,947,-1
1788563012.4489,2528953,V,1080,949,-1
1788563012.4489,2528961,V,1077,947,-1
1788563012.4489,2528969,V,1077,947,-1
1788563012.4924,2528983,V,1082,951,33248
1788563012.4925,2528991,V,1081,950,-1
1788563012.4925,2528999,V,1086,954,-1
1788563012.4925,2529007,V,1080,949,-1
1788563012.4925,2529015,V,1083,952,-1
1788563012.4925,2529023,V,1082,951,-1
1788563012.5412,2529037,V,1081,950,33249
1788563012.5412,2529045,V,1079,948,-1
1788563012.5412,2529053,V,1083,952,-1
1788563012.5412,2529061,V,1079,948,-1
1788563012.5412,2529069,V,1081,950,-1
1788563012.5412,2529077,V,1086,954,-1
1788563012.5915,2529091,V,1079,948,33250
1788563012.5915,2529099,V,1079,948,-1
1788563012.5915,2529107,V,1079,948,-1
1788563012.5915,2529115,V,1084,953,-1
1788563012.5915,2529123,V,1082,951,-1
1788563012.5916,2529131,V,1082,951,-1
1788563012.6397,2529144,V,1080,949,33251
1788563012.6397,2529152,V,1080,949,-1
1788563012.6397,2529160,V,1081,950,-1
1788563012.6397,2529168,V,1081,950,-1
1788563012.6397,2529176,V,1079,948,-1
1788563012.6397,2529184,V,1085,954,-1
1788563012.6883,2529198,V,1081,950,33252
1788563012.6884,2529206,V,1081,950,-1
1788563012.6884,2529214,V,1084,953,-1
1788563012.6884,2529222,V,1080,949,-1
1788563012.6884,2529230,V,1080,949,-1
1788563012.6884,2529238,V,1082,951,-1
1788563012.8345,2529252,V,1081,950,33253
1788563012.8346,2529260,V,1083,952,-1
1788563012.8346,2529268,V,1082,951,-1
1788563012.8346,2529276,V,1081,950,-1
1788563012.8346,2529284,V,1083,952,-1
1788563012.8346,2529292,V,1084,953,-1
1788563012.8365,2529306,V,1081,950,33254
1788563012.8365,2529314,V,1082,951,-1
1788563012.8365,2529322,V,1075,945,-1
1788563012.8365,2529330,V,1082,951,-1
1788563012.8365,2529338,V,1085,954,-1
1788563012.8365,2529346,V,1083,952,-1
1788563012.9333,2529359,V,1082,951,33255
1788563012.9333,2529367,V,1080,949,-1
1788563012.9333,2529375,V,1080,949,-1
1788563012.9333,2529383,V,1082,951,-1
1788563012.9333,2529391,V,1083,952,-1
1788563012.9333,2529399,V,1083,952,-1
1788563012.9337,2529413,V,1080,949,33256
1788563012.9337,2529421,V,1084,953,-1
1788563012.9337,2529429,V,1081,950,-1
1788563012.9338,2529437,V,1080,949,-1
1788563012.9338,2529445,V,1082,951,-1
1788563012.9338,2529453,V,1075,945,-1
1788563012.9830,2529467,V,1078,947,33257
1788563012.9830,2529475,V,1079,948,-1
1788563012.9831,2529483,V,1081,950,-1
1788563012.9831,2529491,V,1078,947,-1
1788563012.9831,2529499,V,1076,946,-1
1788563012.9831,2529507,V,1073,943,-1
1788563013.0283,2529520,V,1075,945,33258
1788563013.0283,2529528,V,1079,948,-1
1788563013.0283,2529536,V,1075,945,-1
1788563013.0283,2529544,V,1076,946,-1
1788563013.0283,2529552,V,1073,943,-1
1788563013.0283,2529560,V,1073,943,-1
1788563013.1266,2529574,V,1071,941,33259
1788563013.1267,2529582,V,1072,942,-1
1788563013.1267,2529590,V,1069,940,-1
1788563013.1267,2529598,V,1070,940,-1
1788563013.1267,2529606,V,1068,939,-1
1788563013.1267,2529614,V,1068,939,-1
1788563013.1289,2529628,V,1062,933,33260
1788563013.1289,2529636,V,1063,934,-1
1788563013.1290,2529644,V,1060,932,-1
1788563013.1290,2529652,V,1053,925,-1
1788563013.1290,2529660,V,1049,922,-1
1788563013.1290,2529668,V,1044,918,-1
1788563013.1755,2529682,V,1034,909,33261
1788563013.1755,2529690,V,1022,898,-1
1788563013.1755,2529698,V,1002,881,-1
1788563013.1755,2529706,V,974,856,-1
1788563013.1755,2529714,V,904,795,-1
1788563013.1755,2529722,V,809,711,-1
1788563013.2728,2529735,V,758,666,33262
1788563013.2729,2529743,V,742,652,-1
1788563013.2729,2529751,V,712,626,-1
1788563013.2729,2529759,V,695,611,-1
1788563013.2729,2529767,V,677,595,-1
1788563013.2729,2529775,V,657,577,-1
1788563013.3208,2529789,V,645,567,33263
1788563013.3208,2529797,V,630,554,-1
1788563013.3208,2529805,V,618,543,-1
1788563013.3209,2529813,V,612,538,-1
1788563013.3209,2529821,V,596,524,-1
1788563013.3209,2529829,V,573,504,-1
1788563013.3694,2529843,V,564,496,33264
1788563013.3695,2529851,V,564,496,-1
1788563013.3696,2529859,V,550,483,-1
1788563013.3696,2529867,V,554,487,-1
1788563013.3696,2529875,V,603,530,-1
1788563013.3696,2529883,V,559,491,-1
1788563013.4673,2529897,V,535,470,33265
1788563013.4673,2529905,V,539,474,-1
1788563013.4673,2529913,V,532,468,-1
1788563013.4673,2529921,V,531,467,-1
1788563013.4673,2529929,V,551,484,-1
1788563013.4673,2529937,V,534,469,-1
1788563013.4684,2529950,V,546,480,33266
1788563013.4684,2529958,V,514,452,-1
1788563013.4684,2529966,V,498,438,-1
1788563013.4684,2529974,V,510,448,-1
1788563013.4684,2529982,V,537,472,-1
1788563013.4684,2529990,V,530,466,-1
1788563013.6132,2530004,V,534,469,33267
1788563013.6134,2530012,V,513,451,-1
1788563013.6134,2530020,V,510,448,-1
1788563013.6134,2530028,V,522,459,-1
1788563013.6134,2530036,V,513,451,-1
1788563013.6134,2530044,V,562,494,-1
1788563013.6145,2530058,V,504,443,33268
1788563013.6145,2530066,V,517,454,-1
1788563013.6145,2530074,V,503,442,-1
1788563013.6145,2530082,V,534,469,-1
1788563013.6145,2530090,V,506,445,-1
1788563013.6145,2530098,V,516,454,-1
1788563013.6148,2530111,V,513,451,33269
1788563013.6148,2530119,V,537,472,-1
1788563013.6148,2530127,V,521,458,-1
1788563013.6148,2530135,V,509,447,-1
1788563013.6148,2530143,V,518,455,-1
1788563013.6148,2530151,V,507,446,-1
1788563013.6620,2530165,V,493,433,33270
1788563013.6620,2530173,V,513,451,-1
1788563013.6620,2530181,V,529,465,-1
1788563013.6620,2530189,V,500,439,-1
1788563013.6620,2530197,V,539,474,-1
1788563013.6620,2530205,V,507,446,-1
1788563013.7106,2530219,V,497,437,33271
1788563013.7106,2530227,V,498,438,-1
1788563013.7107,2530235,V,521,458,-1
1788563013.7107,2530243,V,496,436,-1
1788563013.7107,2530251,V,536,471,-1
1788563013.7107,2530259,V,494,434,-1
1788563013.8103,2530273,V,518,455,33272
1788563013.8104,2530281,V,501,440,-1
1788563013.8104,2530289,V,526,462,-1
1788563013.8104,2530297,V,499,439,-1
1788563013.8104,2530305,V,499,439,-1
1788563013.8104,2530313,V,565,497,-1
1788563013.8579,2530326,V,520,457,33273
1788563013.8581,2530334,V,491,432,-1
1788563013.8581,2530342,V,534,469,-1
1788563013.8581,2530350,V,502,441,-1
1788563013.8581,2530358,V,511,449,-1
1788563013.8581,2530366,V,530,466,-1
1788563013.9057,2530380,V,510,448,33274
1788563013.9057,2530388,V,526,462,-1
1788563013.9058,2530396,V,514,452,-1
1788563013.9058,2530404,V,537,472,-1
1788563013.9058,2530412,V,493,433,-1
1788563013.9058,2530420,V,504,443,-1
1788563013.9545,2530434,V,505,444,33275
1788563013.9545,2530442,V,509,447,-1
1788563013.9545,2530450,V,521,458,-1
1788563013.9545,2530458,V,509,447,-1
1788563013.9545,2530466,V,528,464,-1
1788563013.9545,2530474,V,513,451,-1
1788563014.0033,2530487,V,481,423,33276
1788563014.0033,2530495,V,485,426,-1
1788563014.0033,2530503,V,521,458,-1
1788563014.0033,2530511,V,496,436,-1
1788563014.0033,2530519,V,523,460,-1
1788563014.0034,2530527,V,506,445,-1
1788563014.0519,2530541,V,507,446,33277
1788563014.0520,2530549,V,497,437,-1
1788563014.0520,2530557,V,525,461,-1
1788563014.0520,2530565,V,543,477,-1
1788563014.0520,2530573,V,514,452,-1
1788563014.0520,2530581,V,523,460,-1
1788563014.1008,2530595,V,545,479,33278
1788563014.1009,2530603,V,529,465,-1
1788563014.1009,2530611,V,549,483,-1
1788563014.1009,2530619,V,536,471,-1
1788563014.1009,2530627,V,553,486,-1
1788563014.1010,2530635,V,544,478,-1
1788563014.1509,2530649,V,547,481,33279
1788563014.1509,2530657,V,547,481,-1
1788563014.1509,2530665,V,538,473,-1
1788563014.1509,2530673,V,570,501,-1
1788563014.1509,2530681,V,560,492,-1
1788563014.1509,2530689,V,590,519,-1
1788563014.2000,2530702,V,585,514,33280
1788563014.2000,2530710,V,614,540,-1
1788563014.2001,2530718,V,626,550,-1
1788563014.2001,2530726,V,631,555,-1
1788563014.2001,2530734,V,633,556,-1
1788563014.2001,2530742,V,668,587,-1
1788563014.2958,2530756,V,709,623,33281
1788563014.2958,2530764,V,721,634,-1
1788563014.2958,2530772,V,787,692,-1
1788563014.2958,2530780,V,980,861,-1
1788563014.2958,2530788,V,1007,885,-1
1788563014.2958,2530796,V,1031,906,-1
1788563014.3443,2530810,V,1058,930,33282
1788563014.3444,2530818,V,1069,940,-1
1788563014.3444,2530826,V,1069,940,-1
1788563014.3444,2530834,V,1080,949,-1
1788563014.3444,2530842,V,1081,950,-1
1788563014.3444,2530850,V,1076,946,-1
1788563014.3930,2530864,V,1083,952,33283
1788563014.3930,2530872,V,1088,956,-1
1788563014.3930,2530880,V,1086,954,-1
1788563014.3930,2530888,V,1083,952,-1
1788563014.3930,2530896,V,1089,957,-1
1788563014.3930,2530904,V,1093,961,-1
1788563014.4437,2530917,V,1087,955,33284
1788563014.4438,2530925,V,1090,958,-1
1788563014.4438,2530933,V,1086,954,-1
1788563014.4438,2530941,V,1088,956,-1
1788563014.4438,2530949,V,1090,958,-1
1788563014.4438,2530957,V,1089,957,-1
1788563014.4927,2530971,V,1087,955,33285
1788563014.4927,2530979,V,1092,960,-1
1788563014.4928,2530987,V,1089,957,-1
1788563014.4928,2530995,V,1087,955,-1
1788563014.4928,2531003,V,1091,959,-1
1788563014.4928,2531011,V,1089,957,-1
1788563014.5394,2531025,V,1091,959,33286
1788563014.5395,2531033,V,1091,959,-1
1788563014.5395,2531041,V,1090,958,-1
1788563014.5395,2531049,V,1090,958,-1
1788563014.5395,2531057,V,1094,962,-1
1788563014.5395,2531065,V,1088,956,-1
1788563014.5896,2531078,V,1089,957,33287
1788563014.5897,2531086,V,1093,961,-1
1788563014.5897,2531094,V,1092,960,-1
1788563014.5897,2531102,V,1089,957,-1
1788563014.5898,2531110,V,1091,959,-1
1788563014.5898,2531118,V,1094,962,-1
1788563014.6370,2531132,V,1093,961,33288
1788563014.6370,2531140,V,1093,961,-1
1788563014.6370,2531148,V,1091,959,-1
1788563014.6370,2531156,V,1095,962,-1
1788563014.6370,2531164,V,1087,955,-1
1788563014.6370,2531172,V,1097,964,-1
1788563014.6856,2531186,V,1089,957,33289
1788563014.6856,2531194,V,1095,962,-1
1788563014.6856,2531202,V,1092,960,-1
1788563014.6857,2531210,V,1096,963,-1
1788563014.6857,2531218,V,1095,962,-1
1788563014.6857,2531226,V,1093,961,-1
1788563014.7360,2531240,V,1095,962,33290
1788563014.7360,2531248,V,1097,964,-1
1788563014.7360,2531256,V,1095,962,-1
1788563014.7360,2531264,V,1097,964,-1
1788563014.7361,2531272,V,1097,964,-1
1788563014.7361,2531280,V,1095,962,-1
1788563014.7852,2531293,V,1092,960,33291
1788563014.7852,2531301,V,1098,965,-1
1788563014.7852,2531309,V,1099,966,-1
1788563014.7853,2531317,V,1098,965,-1
1788563014.7853,2531325,V,1099,966,-1
1788563014.7853,2531333,V,1096,963,-1
1788563014.8808,2531347,V,1097,964,33292
1788563014.8809,2531355,V,1096,963,-1
1788563014.8809,2531363,V,1098,965,-1
1788563014.8809,2531371,V,1096,963,-1
1788563014.8809,2531379,V,1098,965,-1
1788563014.8809,2531387,V,1097,964,-1
1788563014.9295,2531401,V,1096,963,33293
1788563014.9295,2531409,V,1098,965,-1
1788563014.9295,2531417,V,1097,964,-1
1788563014.9295,2531425,V,1096,963,-1
1788563014.9295,2531433,V,1093,961,-1
1788563014.9296,2531441,V,1097,964,-1
1788563015.0294,2531454,V,1096,963,33294
1788563015.0295,2531462,V,1094,962,-1
1788563015.0295,2531470,V,1096,963,-1
1788563015.0295,2531478,V,1088,956,-1
1788563015.0295,2531486,V,1088,956,-1
1788563015.0295,2531494,V,1089,957,-1
1788563015.0767,2531508,V,1087,955,33295
1788563015.0767,2531516,V,1082,951,-1
1788563015.0767,2531524,V,1077,947,-1
1788563015.0767,2531532,V,1074,944,-1
1788563015.0767,2531540,V,1060,932,-1
1788563015.0767,2531548,V,1057,929,-1
1788563015.0769,2531562,V,1040,914,33296
1788563015.0770,2531570,V,1028,904,-1
1788563015.0770,2531578,V,999,878,-1
1788563015.0770,2531586,V,887,780,-1
1788563015.0770,2531594,V,826,726,-1
1788563015.0770,2531602,V,774,680,-1
1788563015.1245,2531616,V,741,651,33297
1788563015.1246,2531624,V,716,629,-1
1788563015.1246,2531632,V,689,606,-1
1788563015.1246,2531640,V,680,598,-1
1788563015.1246,2531648,V,658,578,-1
1788563015.1246,2531656,V,653,574,-1
1788563015.1733,2531669,V,618,543,33298
1788563015.1734,2531677,V,613,539,-1
1788563015.1734,2531685,V,615,541,-1
1788563015.1734,2531693,V,593,521,-1
1788563015.1734,2531701,V,572,503,-1
1788563015.1734,2531709,V,569,500,-1
1788563015.2219,2531723,V,551,484,33299
1788563015.2219,2531731,V,555,488,-1
1788563015.2219,2531739,V,558,490,-1
1788563015.2219,2531747,V,559,491,-1
1788563015.2219,2531755,V,524,461,-1
1788563015.2219,2531763,V,555,488,-1
1788563015.3212,2531777,V,517,454,33300
1788563015.3212,2531785,V,529,465,-1
1788563015.3212,2531793,V,526,462,-1
1788563015.3212,2531801,V,532,468,-1
1788563015.3212,2531809,V,553,486,-1
1788563015.3213,2531817,V,528,464,-1
1788563015.3215,2531830,V,535,470,33301
1788563015.3215,2531838,V,511,449,-1
1788563015.3216,2531846,V,504,443,-1
1788563015.3216,2531854,V,518,455,-1
1788563015.3216,2531862,V,486,427,-1
1788563015.3216,2531870,V,504,443,-1
1788563015.4173,2531884,V,494,434,33302
1788563015.4174,2531892,V,526,462,-1
1788563015.4174,2531900,V,519,456,-1
1788563015.4174,2531908,V,517,454,-1
1788563015.4174,2531916,V,531,467,-1
1788563015.4174,2531924,V,486,427,-1
1788563015.4656,2531938,V,516,454,33303
1788563015.4656,2531946,V,498,438,-1
1788563015.4656,2531954,V,519,456,-1
1788563015.4656,2531962,V,487,428,-1
1788563015.4656,2531970,V,528,464,-1
1788563015.4656,2531978,V,525,461,-1
1788563015.5632,2531992,V,477,419,33304
1788563015.5633,2532000,V,521,458,-1
1788563015.5633,2532008,V,493,433,-1
1788563015.5633,2532016,V,509,447,-1
1788563015.5633,2532024,V,492,432,-1
1788563015.5633,2532032,V,514,452,-1
1788563015.5647,2532045,V,521,458,33305
1788563015.5647,2532053,V,533,468,-1
1788563015.5647,2532061,V,527,463,-1
1788563015.5647,2532069,V,536,471,-1
1788563015.5647,2532077,V,501,440,-1
1788563015.5647,2532085,V,513,451,-1
1788563015.6140,2532099,V,502,441,33306
1788563015.6140,2532107,V,524,461,-1
1788563015.6140,2532115,V,522,459,-1
1788563015.6140,2532123,V,495,435,-1
1788563015.6140,2532131,V,506,445,-1
1788563015.6140,2532139,V,489,430,-1
1788563015.6613,2532153,V,487,428,33307
1788563015.6614,2532161,V,520,457,-1
1788563015.6614,2532169,V,520,457,-1
1788563015.6614,2532177,V,503,442,-1
1788563015.6614,2532185,V,523,460,-1
1788563015.6614,2532193,V,503,442,-1
1788563015.7095,2532206,V,490,431,33308
1788563015.7095,2532214,V,526,462,-1
1788563015.7095,2532222,V,515,453,-1
1788563015.7095,2532230,V,537,472,-1
1788563015.7095,2532238,V,518,455,-1
1788563015.7095,2532246,V,520,457,-1
1788563015.7581,2532260,V,507,446,33309
1788563015.7581,2532268,V,497,437,-1
1788563015.7582,2532276,V,493,433,-1
1788563015.7582,2532284,V,503,442,-1
1788563015.7582,2532292,V,514,452,-1
1788563015.7582,2532300,V,500,439,-1
1788563015.8077,2532314,V,524,461,33310
1788563015.8077,2532322,V,513,451,-1
1788563015.8077,2532330,V,529,465,-1
1788563015.8077,2532338,V,528,464,-1
1788563015.8077,2532346,V,482,424,-1
1788563015.8077,2532354,V,498,438,-1
1788563015.8557,2532368,V,507,446,33311
1788563015.8558,2532376,V,503,442,-1
1788563015.8558,2532384,V,519,456,-1
1788563015.8558,2532392,V,495,435,-1
1788563015.8558,2532400,V,512,450,-1
1788563015.8558,2532408,V,526,462,-1
1788563015.9551,2532421,V,526,462,33312
1788563015.9553,2532429,V,535,470,-1
1788563015.9553,2532437,V,486,427,-1
1788563015.9553,2532445,V,493,433,-1
1788563015.9553,2532453,V,495,435,-1
1788563015.9553,2532461,V,531,467,-1
1788563016.0023,2532475,V,506,445,33313
1788563016.0024,2532483,V,504,443,-1
1788563016.0024,2532491,V,500,439,-1
1788563016.0024,2532499,V,508,446,-1
1788563016.0024,2532507,V,528,464,-1
1788563016.0024,2532515,V,520,457,-1
1788563016.0509,2532529,V,511,449,33314
1788563016.0509,2532537,V,519,456,-1
1788563016.0509,2532545,V,525,461,-1
1788563016.0509,2532553,V,507,446,-1
1788563016.0509,2532561,V,514,452,-1
1788563016.0509,2532569,V,485,426,-1
1788563016.1006,2532582,V,507,446,33315
1788563016.1006,2532590,V,533,468,-1
1788563016.1006,2532598,V,526,462,-1
1788563016.1007,2532606,V,519,456,-1
1788563016.1007,2532614,V,514,452,-1
1788563016.1007,2532622,V,524,461,-1
1788563016.1484,2532636,V,520,457,33316
1788563016.1484,2532644,V,519,456,-1
1788563016.1485,2532652,V,537,472,-1
1788563016.1485,2532660,V,530,466,-1
1788563016.1485,2532668,V,520,457,-1
1788563016.1485,2532676,V,530,466,-1
1788563016.2481,2532690,V,532,468,33317
1788563016.2484,2532698,V,561,493,-1
1788563016.2484,2532706,V,549,483,-1
1788563016.2484,2532714,V,540,475,-1
1788563016.2484,2532722,V,598,526,-1
1788563016.2484,2532730,V,557,490,-1
1788563016.2487,2532744,V,600,527,33318
1788563016.2487,2532752,V,628,552,-1
1788563016.2487,2532760,V,613,539,-1
1788563016.2487,2532768,V,643,565,-1
1788563016.2488,2532776,V,677,595,-1
1788563016.2489,2532784,V,703,618,-1
1788563016.2970,2532797,V,737,648,33319
1788563016.2970,2532805,V,987,867,-1
1788563016.2971,2532813,V,1024,900,-1
1788563016.2971,2532821,V,1054,926,-1
1788563016.2971,2532829,V,1083,952,-1
1788563016.2971,2532837,V,1094,962,-1
1788563016.3440,2532851,V,1085,954,33320
1788563016.3440,2532859,V,1055,927,-1
1788563016.3440,2532867,V,1091,959,-1
1788563016.3440,2532875,V,1103,969,-1
1788563016.3440,2532883,V,1092,960,-1
1788563016.3440,2532891,V,1082,951,-1
1788563016.4421,2532905,V,1086,954,33321
1788563016.4421,2532913,V,1091,959,-1
1788563016.4421,2532921,V,1093,961,-1
1788563016.4421,2532929,V,1092,960,-1
1788563016.4421,2532937,V,1093,961,-1
1788563016.4421,2532945,V,1086,954,-1
1788563016.4903,2532959,V,1092,960,33322
1788563016.4905,2532967,V,1091,959,-1
1788563016.4906,2532975,V,1093,961,-1
1788563016.4906,2532983,V,1096,963,-1
1788563016.4906,2532991,V,1094,962,-1
1788563016.4910,2532999,V,1095,962,-1
1788563016.5404,2533012,V,1094,962,33323
1788563016.5404,2533020,V,1094,962,-1
1788563016.5404,2533028,V,1096,963,-1
1788563016.5405,2533036,V,1093,961,-1
1788563016.5405,2533044,V,1093,961,-1
1788563016.5405,2533052,V,1093,961,-1
1788563016.5893,2533066,V,1091,959,33324
1788563016.5893,2533074,V,1095,962,-1
1788563016.5894,2533082,V,1095,962,-1
1788563016.5894,2533090,V,1095,962,-1
1788563016.5894,2533098,V,1091,959,-1
1788563016.5894,2533106,V,1094,962,-1
1788563016.6359,2533120,V,1093,961,33325
1788563016.6360,2533128,V,1094,962,-1
1788563016.6360,2533136,V,1097,964,-1
1788563016.6360,2533144,V,1094,962,-1
1788563016.6360,2533152,V,1095,962,-1
1788563016.6360,2533160,V,1096,963,-1
1788563016.6846,2533173,V,1092,960,33326
1788563016.6846,2533181,V,1093,961,-1
1788563016.6846,2533189,V,1096,963,-1
1788563016.6847,2533197,V,1096,963,-1
1788563016.6847,2533205,V,1102,969,-1
1788563016.6847,2533213,V,1096,963,-1
1788563016.7335,2533227,V,1094,962,33327
1788563016.7337,2533235,V,1097,964,-1
1788563016.7337,2533243,V,1098,965,-1
1788563016.7337,2533251,V,1094,962,-1
1788563016.7337,2533259,V,1100,967,-1
1788563016.7337,2533267,V,1096,963,-1
1788563016.7824,2533281,V,1096,963,33328
1788563016.7824,2533289,V,1098,965,-1
1788563016.7825,2533297,V,1095,962,-1
1788563016.7825,2533305,V,1101,968,-1
1788563016.7825,2533313,V,1096,963,-1
1788563016.7825,2533321,V,1100,967,-1
1788563016.8326,2533335,V,1099,966,33329
1788563016.8327,2533343,V,1099,966,-1
1788563016.8327,2533351,V,1091,959,-1
1788563016.8327,2533359,V,1095,962,-1
1788563016.8327,2533367,V,1101,968,-1
1788563016.8327,2533375,V,1097,964,-1
1788563016.8815,2533388,V,1098,965,33330
1788563016.8815,2533396,V,1096,963,-1
1788563016.8815,2533404,V,1093,961,-1
1788563016.8815,2533412,V,1098,965,-1
1788563016.8816,2533420,V,1095,962,-1
1788563016.8816,2533428,V,1096,963,-1
1788563016.9774,2533442,V,1098,965,33331
1788563016.9775,2533450,V,1098,965,-1
1788563016.9775,2533458,V,1097,964,-1
1788563016.9775,2533466,V,1096,963,-1
1788563016.9775,2533474,V,1092,960,-1
1788563016.9775,2533482,V,1095,962,-1
1788563017.0257,2533496,V,1096,963,33332
1788563017.0257,2533504,V,1098,965,-1
1788563017.0257,2533512,V,1096,963,-1
1788563017.0257,2533520,V,1093,961,-1
1788563017.0257,2533528,V,1097,964,-1
1788563017.0257,2533536,V,1101,968,-1
1788563017.1252,2533549,V,1095,962,33333
1788563017.1253,2533557,V,1096,963,-1
1788563017.1253,2533565,V,1095,962,-1
1788563017.1253,2533573,V,1100,967,-1
1788563017.1253,2533581,V,1092,960,-1
1788563017.1253,2533589,V,1098,965,-1
1788563017.1257,2533603,V,1100,967,33334
1788563017.1257,2533611,V,1098,965,-1
1788563017.1257,2533619,V,1097,964,-1
1788563017.1257,2533627,V,1096,963,-1
1788563017.1257,2533635,V,1095,962,-1
1788563017.1257,2533643,V,1099,966,-1
1788563017.1742,2533657,V,1096,963,33335
1788563017.1742,2533665,V,1095,962,-1
1788563017.1742,2533673,V,1099,966,-1
1788563017.1742,2533681,V,1095,962,-1
1788563017.1742,2533689,V,1094,962,-1
1788563017.1742,2533697,V,1096,963,-1
1788563017.2212,2533711,V,1094,962,33336
1788563017.2213,2533719,V,1090,958,-1
1788563017.2213,2533727,V,1089,957,-1
1788563017.2213,2533735,V,1077,947,-1
1788563017.2214,2533743,V,1067,938,-1
1788563017.2214,2533751,V,1056,928,-1
1788563017.2700,2533764,V,1045,918,33337
1788563017.2701,2533772,V,1032,907,-1
1788563017.2701,2533780,V,1002,881,-1
1788563017.2701,2533788,V,935,822,-1
1788563017.2701,2533796,V,850,747,-1
1788563017.2701,2533804,V,805,708,-1
1788563017.3185,2533818,V,759,667,33338
1788563017.3186,2533826,V,739,650,-1
1788563017.3186,2533834,V,708,622,-1
1788563017.3186,2533842,V,671,590,-1
1788563017.3186,2533850,V,657,577,-1
1788563017.3186,2533858,V,653,574,-1
1788563017.3673,2533872,V,636,559,33339
1788563017.3673,2533880,V,629,553,-1
1788563017.3673,2533888,V,613,539,-1
1788563017.3673,2533896,V,588,517,-1
1788563017.3673,2533904,V,573,504,-1
1788563017.3673,2533912,V,550,483,-1
1788563017.4177,2533926,V,549,483,33340
1788563017.4178,2533934,V,550,483,-1
1788563017.4178,2533942,V,540,475,-1
1788563017.4178,2533950,V,539,474,-1
1788563017.4178,2533958,V,529,465,-1
1788563017.4178,2533966,V,547,481,-1
1788563017.5130,2533979,V,559,491,33341
1788563017.5131,2533987,V,521,458,-1
1788563017.5131,2533995,V,528,464,-1
1788563017.5131,2534003,V,529,465,-1
1788563017.5131,2534011,V,508,446,-1
1788563017.5131,2534019,V,503,442,-1
1788563017.5620,2534033,V,515,453,33342
1788563017.5621,2534041,V,534,469,-1
1788563017.5621,2534049,V,511,449,-1
1788563017.5621,2534057,V,512,450,-1
1788563017.5621,2534065,V,494,434,-1
1788563017.5621,2534073,V,525,461,-1
1788563017.6597,2534087,V,510,448,33343
1788563017.6597,2534095,V,527,463,-1
1788563017.6597,2534103,V,489,430,-1
1788563017.6597,2534111,V,505,444,-1
1788563017.6597,2534119,V,485,426,-1
1788563017.6597,2534127,V,507,446,-1
1788563017.6616,2534140,V,524,461,33344
1788563017.6617,2534148,V,523,460,-1
1788563017.6617,2534156,V,516,454,-1
1788563017.6617,2534164,V,523,460,-1
1788563017.6617,2534172,V,511,449,-1
1788563017.6617,2534180,V,483,425,-1
1788563017.7099,2534194,V,506,445,33345
1788563017.7099,2534202,V,531,467,-1
1788563017.7099,2534210,V,529,465,-1
1788563017.7099,2534218,V,528,464,-1
1788563017.7099,2534226,V,500,439,-1
1788563017.7099,2534234,V,475,417,-1
1788563017.7579,2534248,V,508,446,33346
1788563017.7580,2534256,V,500,439,-1
1788563017.7580,2534264,V,549,483,-1
1788563017.7580,2534272,V,482,424,-1
1788563017.7580,2534280,V,512,450,-1
1788563017.7580,2534288,V,513,451,-1
1788563017.8078,2534302,V,511,449,33347
1788563017.8078,2534310,V,507,446,-1
1788563017.8078,2534318,V,508,446,-1
1788563017.8078,2534326,V,536,471,-1
1788563017.8078,2534334,V,485,426,-1
1788563017.8078,2534342,V,506,445,-1
1788563017.8544,2534355,V,523,460,33348
1788563017.8545,2534363,V,506,445,-1
1788563017.8545,2534371,V,494,434,-1
1788563017.8545,2534379,V,529,465,-1
1788563017.8545,2534387,V,491,432,-1
1788563017.8545,2534395,V,487,428,-1
1788563017.9031,2534409,V,507,446,33349
1788563017.9032,2534417,V,510,448,-1
1788563017.9032,2534425,V,502,441,-1
1788563017.9032,2534433,V,466,410,-1
1788563017.9032,2534441,V,507,446,-1
1788563017.9032,2534449,V,516,454,-1
1788563017.9535,2534463,V,507,446,33350
1788563017.9535,2534471,V,486,427,-1
1788563017.9535,2534479,V,495,435,-1
1788563017.9535,2534487,V,498,438,-1
1788563017.9535,2534495,V,499,439,-1
1788563017.9535,2534503,V,514,452,-1
1788563018.0508,2534516,V,483,425,33351
1788563018.0510,2534524,V,516,454,-1
1788563018.0510,2534532,V,523,460,-1
1788563018.0510,2534540,V,505,444,-1
1788563018.0510,2534548,V,521,458,-1
1788563018.0510,2534556,V,503,442,-1
1788563018.0999,2534570,V,500,439,33352
1788563018.1000,2534578,V,522,459,-1
1788563018.1000,2534586,V,529,465,-1
1788563018.1000,2534594,V,528,464,-1
1788563018.1000,2534602,V,556,489,-1
1788563018.1000,2534610,V,530,466,-1
1788563018.1470,2534624,V,518,455,33353
1788563018.1471,2534632,V,499,439,-1
1788563018.1471,2534640,V,535,470,-1
1788563018.1471,2534648,V,533,468,-1
1788563018.1471,2534656,V,518,455,-1
1788563018.1471,2534664,V,519,456,-1
1788563018.1957,2534678,V,553,486,33354
1788563018.1957,2534686,V,561,493,-1
1788563018.1957,2534694,V,564,496,-1
1788563018.1957,2534702,V,603,530,-1
1788563018.1957,2534710,V,574,504,-1
1788563018.1957,2534718,V,570,501,-1
1788563018.2445,2534731,V,593,521,33355
1788563018.2445,2534739,V,618,543,-1
1788563018.2445,2534747,V,638,561,-1
1788563018.2445,2534755,V,650,571,-1
1788563018.2445,2534763,V,661,581,-1
1788563018.2445,2534771,V,712,626,-1
1788563018.2932,2534785,V,898,789,33356
1788563018.2933,2534793,V,1030,905,-1
1788563018.2933,2534801,V,1061,933,-1
1788563018.2933,2534809,V,1094,962,-1
1788563018.2933,2534817,V,1056,928,-1
1788563018.2933,2534825,V,977,859,-1
1788563018.3437,2534839,V,1053,925,33357
1788563018.3440,2534847,V,1088,956,-1
1788563018.3440,2534855,V,1063,934,-1
1788563018.3440,2534863,V,1039,913,-1
1788563018.3440,2534871,V,1052,925,-1
1788563018.3440,2534879,V,1071,941,-1
1788563018.3930,2534893,V,1075,945,33358
1788563018.3930,2534901,V,1073,943,-1
1788563018.3930,2534909,V,1071,941,-1
1788563018.3930,2534917,V,1064,935,-1
1788563018.3930,2534925,V,1063,934,-1
1788563018.3930,2534933,V,1065,936,-1
1788563018.4395,2534946,V,1074,944,33359
1788563018.4395,2534954,V,1073,943,-1
1788563018.4395,2534962,V,1071,941,-1
1788563018.4395,2534970,V,1078,947,-1
1788563018.4395,2534978,V,1078,947,-1
1788563018.4395,2534986,V,1077,947,-1
1788563018.4881,2535000,V,1075,945,33360
1788563018.4881,2535008,V,1077,947,-1
1788563018.4881,2535016,V,1079,948,-1
1788563018.4881,2535024,V,1078,947,-1
1788563018.4881,2535032,V,1078,947,-1
1788563018.4881,2535040,V,1083,952,-1
1788563018.5857,2535054,V,1080,949,33361
1788563018.5858,2535062,V,1076,946,-1
1788563018.5859,2535070,V,1079,948,-1
1788563018.5859,2535078,V,1081,950,-1
1788563018.5859,2535086,V,1080,949,-1
1788563018.5859,2535094,V,1085,954,-1
1788563018.6362,2535108,V,1084,953,33362
1788563018.6363,2535116,V,1081,950,-1
1788563018.6363,2535124,V,1082,951,-1
1788563018.6363,2535132,V,1080,949,-1
1788563018.6363,2535140,V,1086,954,-1
1788563018.6363,2535148,V,1083,952,-1
1788563018.6851,2535161,V,1084,953,33363
1788563018.6851,2535169,V,1086,954,-1
1788563018.6851,2535177,V,1084,953,-1
1788563018.6851,2535185,V,1083,952,-1
1788563018.6851,2535193,V,1080,949,-1
1788563018.6852,2535201,V,1087,955,-1
1788563018.7332,2535215,V,1087,955,33364
1788563018.7333,2535223,V,1084,953,-1
1788563018.7333,2535231,V,1087,955,-1
1788563018.7333,2535239,V,1085,954,-1
1788563018.7333,2535247,V,1088,956,-1
1788563018.7333,2535255,V,1082,951,-1
1788563018.7809,2535269,V,1085,954,33365
1788563018.7810,2535277,V,1088,956,-1
1788563018.7810,2535285,V,1084,953,-1
1788563018.7810,2535293,V,1087,955,-1
1788563018.7810,2535301,V,1084,953,-1
1788563018.7810,2535309,V,1086,954,-1
1788563018.8298,2535322,V,1084,953,33366
1788563018.8299,2535330,V,1090,958,-1
1788563018.8299,2535338,V,1088,956,-1
1788563018.8299,2535346,V,1086,954,-1
1788563018.8299,2535354,V,1087,955,-1
1788563018.8299,2535362,V,1084,953,-1
1788563018.8786,2535376,V,1085,954,33367
1788563018.8787,2535384,V,1089,957,-1
1788563018.8787,2535392,V,1090,958,-1
1788563018.8787,2535400,V,1087,955,-1
1788563018.8787,2535408,V,1091,959,-1
1788563018.8787,2535416,V,1091,959,-1
1788563018.9287,2535430,V,1093,961,33368
1788563018.9288,2535438,V,1090,958,-1
1788563018.9288,2535446,V,1091,959,-1
1788563018.9288,2535454,V,1090,958,-1
1788563018.9288,2535462,V,1089,957,-1
1788563018.9288,2535470,V,1089,957,-1
1788563018.9761,2535484,V,1087,955,33369
1788563018.9761,2535492,V,1087,955,-1
1788563018.9761,2535500,V,1092,960,-1
1788563018.9761,2535508,V,1088,956,-1
1788563018.9761,2535516,V,1089,957,-1
1788563018.9761,2535524,V,1088,956,-1
1788563019.0737,2535537,V,1092,960,33370
1788563019.0739,2535545,V,1091,959,-1
1788563019.0739,2535553,V,1088,956,-1
1788563019.0739,2535561,V,1089,957,-1
1788563019.0739,2535569,V,1087,955,-1
1788563019.0740,2535577,V,1089,957,-1
1788563019.1227,2535591,V,1091,959,33371
1788563019.1227,2535599,V,1088,956,-1
1788563019.1227,2535607,V,1084,953,-1
1788563019.1227,2535615,V,1090,958,-1
1788563019.1228,2535623,V,1088,956,-1
1788563019.1228,2535631,V,1090,958,-1
1788563019.2213,2535645,V,1092,960,33372
1788563019.2213,2535653,V,1087,955,-1
1788563019.2213,2535661,V,1090,958,-1
1788563019.2214,2535669,V,1090,958,-1
1788563019.2214,2535677,V,1090,958,-1
1788563019.2214,2535685,V,1086,954,-1
1788563019.2217,2535699,V,1089,957,33373
1788563019.2218,2535707,V,1089,957,-1
1788563019.2218,2535715,V,1083,952,-1
1788563019.2218,2535723,V,1080,949,-1
1788563019.2218,2535731,V,1069,940,-1
1788563019.2218,2535739,V,1058,930,-1
1788563019.2713,2535752,V,1044,918,33374
1788563019.2714,2535760,V,1032,907,-1
1788563019.2714,2535768,V,1021,897,-1
1788563019.2714,2535776,V,991,871,-1
1788563019.2714,2535784,V,915,804,-1
1788563019.2714,2535792,V,828,728,-1
1788563019.3173,2535806,V,783,688,33375
1788563019.3175,2535814,V,753,662,-1
1788563019.3175,2535822,V,727,639,-1
1788563019.3175,2535830,V,688,605,-1
1788563019.3175,2535838,V,672,591,-1
1788563019.3175,2535846,V,664,584,-1
1788563019.3662,2535860,V,652,573,33376
1788563019.3662,2535868,V,614,540,-1
1788563019.3662,2535876,V,621,546,-1
1788563019.3662,2535884,V,590,519,-1
1788563019.3662,2535892,V,583,512,-1
1788563019.3662,2535900,V,596,524,-1
1788563019.4643,2535913,V,572,503,33377
1788563019.4643,2535921,V,557,490,-1
1788563019.4643,2535929,V,543,477,-1
1788563019.4643,2535937,V,564,496,-1
1788563019.4644,2535945,V,555,488,-1
1788563019.4644,2535953,V,561,493,-1
1788563019.4655,2535967,V,531,467,33378
1788563019.4655,2535975,V,549,483,-1
1788563019.4655,2535983,V,523,460,-1
1788563019.4655,2535991,V,538,473,-1
1788563019.4655,2535999,V,531,467,-1
1788563019.4655,2536007,V,520,457,-1
1788563019.5159,2536021,V,576,506,33379
1788563019.5159,2536029,V,543,477,-1
1788563019.5159,2536037,V,534,469,-1
1788563019.5159,2536045,V,519,456,-1
1788563019.5159,2536053,V,541,475,-1
1788563019.5159,2536061,V,511,449,-1
1788563019.6124,2536075,V,530,466,33380
1788563019.6127,2536083,V,506,445,-1
1788563019.6127,2536091,V,513,451,-1
1788563019.6127,2536099,V,513,451,-1
1788563019.6127,2536107,V,544,478,-1
1788563019.6127,2536115,V,515,453,-1
1788563019.6595,2536128,V,507,446,33381
1788563019.6595,2536136,V,505,444,-1
1788563019.6595,2536144,V,530,466,-1
1788563019.6595,2536152,V,526,462,-1
1788563019.6595,2536160,V,526,462,-1
1788563019.6595,2536168,V,526,462,-1
1788563019.7563,2536182,V,509,447,33382
1788563019.7564,2536190,V,500,439,-1
1788563019.7564,2536198,V,506,445,-1
1788563019.7564,2536206,V,504,443,-1
1788563019.7564,2536214,V,513,451,-1
1788563019.7564,2536222,V,526,462,-1
1788563019.7573,2536236,V,498,438,33383
1788563019.7573,2536244,V,506,445,-1
1788563019.7573,2536252,V,519,456,-1
1788563019.7573,2536260,V,505,444,-1
1788563019.7573,2536268,V,502,441,-1
1788563019.7573,2536276,V,496,436,-1
1788563019.8066,2536290,V,497,437,33384
1788563019.8067,2536298,V,524,461,-1
1788563019.8067,2536306,V,504,443,-1
1788563019.8067,2536314,V,502,441,-1
1788563019.8067,2536322,V,535,470,-1
1788563019.8067,2536330,V,502,441,-1
1788563019.9024,2536343,V,507,446,33385
1788563019.9026,2536351,V,478,420,-1
1788563019.9027,2536359,V,517,454,-1
1788563019.9028,2536367,V,509,447,-1
1788563019.9028,2536375,V,504,443,-1
1788563019.9028,2536383,V,535,470,-1
1788563019.9041,2536397,V,518,455,33386
1788563019.9041,2536405,V,519,456,-1
1788563019.9041,2536413,V,537,472,-1
1788563019.9041,2536421,V,516,454,-1
1788563019.9041,2536429,V,521,458,-1
1788563019.9041,2536437,V,482,424,-1
1788563019.9513,2536451,V,497,437,33387
1788563019.9513,2536459,V,587,516,-1
1788563019.9513,2536467,V,494,434,-1
1788563019.9513,2536475,V,497,437,-1
1788563019.9513,2536483,V,481,423,-1
1788563019.9513,2536491,V,529,465,-1
1788563019.9997,2536504,V,498,438,33388
1788563019.9997,2536512,V,534,469,-1
1788563019.9997,2536520,V,491,432,-1
1788563019.9998,2536528,V,503,442,-1
1788563019.9998,2536536,V,524,461,-1
1788563019.9998,2536544,V,538,473,-1
1788563020.0494,2536558,V,482,424,33389
1788563020.0494,2536566,V,497,437,-1
1788563020.0494,2536574,V,508,446,-1
1788563020.0494,2536582,V,515,453,-1
1788563020.0494,2536590,V,511,449,-1
1788563020.0494,2536598,V,497,437,-1
1788563020.1458,2536612,V,517,454,33390
1788563020.1460,2536620,V,496,436,-1
1788563020.1460,2536628,V,530,466,-1
1788563020.1460,2536636,V,514,452,-1
1788563020.1460,2536644,V,496,436,-1
1788563020.1460,2536652,V,512,450,-1
1788563020.1969,2536666,V,510,448,33391
1788563020.1970,2536674,V,532,468,-1
1788563020.1970,2536682,V,509,447,-1
1788563020.1970,2536690,V,526,462,-1
1788563020.1970,2536698,V,549,483,-1
1788563020.1970,2536706,V,556,489,-1
1788563020.2434,2536719,V,532,468,33392
1788563020.2434,2536727,V,534,469,-1
1788563020.2434,2536735,V,567,498,-1
1788563020.2434,2536743,V,555,488,-1
1788563020.2434,2536751,V,559,491,-1
1788563020.2434,2536759,V,593,521,-1
1788563020.2922,2536773,V,573,504,33393
1788563020.2923,2536781,V,586,515,-1
1788563020.2923,2536789,V,601,528,-1
1788563020.2923,2536797,V,625,549,-1
1788563020.2923,2536805,V,650,571,-1
1788563020.2923,2536813,V,696,612,-1
1788563020.3424,2536827,V,726,638,33394
1788563020.3424,2536835,V,960,844,-1
1788563020.3424,2536843,V,1033,908,-1
1788563020.3424,2536851,V,1062,933,-1
1788563020.3424,2536859,V,1090,958,-1
1788563020.3424,2536867,V,1079,948,-1
1788563020.3900,2536880,V,1026,902,33395
1788563020.3902,2536888,V,1070,940,-1
1788563020.3902,2536896,V,1110,976,-1
1788563020.3902,2536904,V,1088,956,-1
1788563020.3902,2536912,V,1058,930,-1
1788563020.3902,2536920,V,1059,931,-1
1788563020.4402,2536934,V,1073,943,33396
1788563020.4403,2536942,V,1080,949,-1
1788563020.4403,2536950,V,1085,954,-1
1788563020.4403,2536958,V,1085,954,-1
1788563020.4403,2536966,V,1083,952,-1
1788563020.4403,2536974,V,1085,954,-1
1788563020.4892,2536988,V,1086,954,33397
1788563020.4892,2536996,V,1089,957,-1
1788563020.4892,2537004,V,1091,959,-1
1788563020.4892,2537012,V,1092,960,-1
1788563020.4892,2537020,V,1092,960,-1
1788563020.4892,2537028,V,1091,959,-1
1788563020.5362,2537042,V,1088,956,33398
1788563020.5363,2537050,V,1087,955,-1
1788563020.5363,2537058,V,1089,957,-1
1788563020.5363,2537066,V,1088,956,-1
1788563020.5363,2537074,V,1089,957,-1
1788563020.5363,2537082,V,1091,959,-1
1788563020.5843,2537095,V,1086,954,33399
1788563020.5843,2537103,V,1092,960,-1
1788563020.5843,2537111,V,1090,958,-1
1788563020.5843,2537119,V,1091,959,-1
1788563020.5843,2537127,V,1090,958,-1
1788563020.5843,2537135,V,1087,955,-1
1788563020.6821,2537149,V,1088,956,33400
1788563020.6822,2537157,V,1086,954,-1
1788563020.6822,2537165,V,1088,956,-1
1788563020.6822,2537173,V,1092,960,-1
1788563020.6822,2537181,V,1086,954,-1
1788563020.6822,2537189,V,1089,957,-1
1788563020.7323,2537203,V,1090,958,33401
1788563020.7323,2537211,V,1090,958,-1
1788563020.7323,2537219,V,1090,958,-1
1788563020.7323,2537227,V,1087,955,-1
1788563020.7324,2537235,V,1089,957,-1
1788563020.7324,2537243,V,1087,955,-1
1788563020.7812,2537256,V,1088,956,33402
1788563020.7812,2537264,V,1090,958,-1
1788563020.7812,2537272,V,1084,953,-1
1788563020.7812,2537280,V,1089,957,-1
1788563020.7813,2537288,V,1092,960,-1
1788563020.7813,2537296,V,1089,957,-1
1788563020.8282,2537310,V,1089,957,33403
1788563020.8282,2537318,V,1087,955,-1
1788563020.8283,2537326,V,1087,955,-1
1788563020.8283,2537334,V,1090,958,-1
1788563020.8283,2537342,V,1091,959,-1
1788563020.8283,2537350,V,1091,959,-1
1788563020.8767,2537364,V,1091,959,33404
1788563020.8768,2537372,V,1090,958,-1
1788563020.8768,2537380,V,1091,959,-1
1788563020.8768,2537388,V,1091,959,-1
1788563020.8768,2537396,V,1092,960,-1
1788563020.8768,2537404,V,1088,956,-1
1788563020.9258,2537418,V,1085,954,33405
1788563020.9259,2537426,V,1087,955,-1
1788563020.9259,2537434,V,1082,951,-1
1788563020.9259,2537442,V,1088,956,-1
1788563020.9259,2537450,V,1088,956,-1
1788563020.9259,2537458,V,1094,962,-1
1788563020.9745,2537471,V,1088,956,33406
1788563020.9745,2537479,V,1092,960,-1
1788563020.9746,2537487,V,1090,958,-1
1788563020.9746,2537495,V,1090,958,-1
1788563020.9746,2537503,V,1091,959,-1
1788563020.9746,2537511,V,1091,959,-1
1788563021.0249,2537525,V,1090,958,33407
1788563021.0249,2537533,V,1093,961,-1
1788563021.0249,2537541,V,1090,958,-1
1788563021.0249,2537549,V,1089,957,-1
1788563021.0249,2537557,V,1089,957,-1
1788563021.0249,2537565,V,1087,955,-1
1788563021.0728,2537579,V,1090,958,33408
1788563021.0728,2537587,V,1085,954,-1
1788563021.0728,2537595,V,1084,953,-1
1788563021.0728,2537603,V,1086,954,-1
1788563021.0728,2537611,V,1087,955,-1
1788563021.0728,2537619,V,1084,953,-1
1788563021.1207,2537632,V,1080,949,33409
1788563021.1207,2537640,V,1081,950,-1
1788563021.1207,2537648,V,1078,947,-1
1788563021.1207,2537656,V,1073,943,-1
1788563021.1208,2537664,V,1071,941,-1
1788563021.1208,2537672,V,1072,942,-1
1788563021.2192,2537686,V,1055,927,33410
1788563021.2193,2537694,V,1040,914,-1
1788563021.2193,2537702,V,1023,899,-1
1788563021.2193,2537710,V,973,855,-1
1788563021.2194,2537718,V,930,817,-1
1788563021.2194,2537726,V,857,753,-1
1788563021.2669,2537740,V,797,700,33411
1788563021.2669,2537748,V,774,680,-1
1788563021.2669,2537756,V,735,646,-1
1788563021.2669,2537764,V,717,630,-1
1788563021.2669,2537772,V,706,621,-1
1788563021.2669,2537780,V,689,606,-1
1788563021.3183,2537794,V,658,578,33412
1788563021.3183,2537802,V,657,577,-1
1788563021.3184,2537810,V,631,555,-1
1788563021.3184,2537818,V,618,543,-1
1788563021.3184,2537826,V,592,520,-1
1788563021.3184,2537834,V,580,510,-1
1788563021.3661,2537848,V,596,524,33413
1788563021.3661,2537856,V,579,509,-1
1788563021.3661,2537864,V,552,485,-1
1788563021.3661,2537872,V,540,475,-1
1788563021.3661,2537880,V,528,464,-1
1788563021.3661,2537888,V,558,490,-1
1788563021.4133,2537901,V,565,497,33414
1788563021.4133,2537909,V,531,467,-1
1788563021.4133,2537917,V,577,507,-1
1788563021.4134,2537925,V,524,461,-1
1788563021.4134,2537933,V,519,456,-1
1788563021.4134,2537941,V,515,453,-1
1788563021.4620,2537955,V,538,473,33415
1788563021.4621,2537963,V,505,444,-1
1788563021.4621,2537971,V,510,448,-1
1788563021.4621,2537979,V,540,475,-1
1788563021.4621,2537987,V,512,450,-1
1788563021.4623,2537995,V,506,445,-1
1788563021.5106,2538009,V,531,467,33416
1788563021.5107,2538017,V,527,463,-1
1788563021.5107,2538025,V,536,471,-1
1788563021.5107,2538033,V,526,462,-1
1788563021.5107,2538041,V,535,470,-1
1788563021.5107,2538049,V,506,445,-1
1788563021.5596,2538062,V,509,447,33417
1788563021.5596,2538070,V,520,457,-1
1788563021.5596,2538078,V,541,475,-1
1788563021.5596,2538086,V,491,432,-1
1788563021.5596,2538094,V,518,455,-1
1788563021.5596,2538102,V,508,446,-1
1788563021.6583,2538116,V,521,458,33418
1788563021.6584,2538124,V,491,432,-1
1788563021.6584,2538132,V,543,477,-1
1788563021.6584,2538140,V,494,434,-1
1788563021.6585,2538148,V,527,463,-1
1788563021.6585,2538156,V,514,452,-1
1788563021.7070,2538170,V,518,455,33419
1788563021.7071,2538178,V,497,437,-1
1788563021.7072,2538186,V,510,448,-1
1788563021.7072,2538194,V,521,458,-1
1788563021.7072,2538202,V,492,432,-1
1788563021.7072,2538210,V,545,479,-1
1788563021.7545,2538224,V,512,450,33420
1788563021.7546,2538232,V,494,434,-1
1788563021.7546,2538240,V,534,469,-1
1788563021.7546,2538248,V,509,447,-1
1788563021.7546,2538256,V,526,462,-1
1788563021.7546,2538264,V,518,455,-1
1788563021.8521,2538277,V,497,437,33421
1788563021.8521,2538285,V,531,467,-1
1788563021.8521,2538293,V,511,449,-1
1788563021.8521,2538301,V,492,432,-1
1788563021.8521,2538309,V,520,457,-1
1788563021.8521,2538317,V,484,425,-1
1788563021.8533,2538331,V,515,453,33422
1788563021.8533,2538339,V,495,435,-1
1788563021.8533,2538347,V,525,461,-1
1788563021.8533,2538355,V,498,438,-1
1788563021.8533,2538363,V,471,414,-1
1788563021.8533,2538371,V,524,461,-1
1788563021.9014,2538385,V,527,463,33423
1788563021.9015,2538393,V,494,434,-1
1788563021.9015,2538401,V,523,460,-1
1788563021.9015,2538409,V,505,444,-1
1788563021.9015,2538417,V,495,435,-1
1788563021.9015,2538425,V,502,441,-1
1788563021.9504,2538438,V,565,497,33424
1788563021.9505,2538446,V,491,432,-1
1788563021.9505,2538454,V,535,470,-1
1788563021.9505,2538462,V,510,448,-1
1788563021.9505,2538470,V,516,454,-1
1788563021.9505,2538478,V,520,457,-1
1788563021.9996,2538492,V,524,461,33425
1788563021.9996,2538500,V,488,429,-1
1788563021.9997,2538508,V,527,463,-1
1788563021.9997,2538516,V,511,449,-1
1788563021.9997,2538524,V,548,482,-1
1788563021.9997,2538532,V,530,466,-1
1788563022.0468,2538546,V,500,439,33426
1788563022.0468,2538554,V,535,470,-1
1788563022.0468,2538562,V,534,469,-1
1788563022.0468,2538570,V,481,423,-1
1788563022.0468,2538578,V,496,436,-1
1788563022.0468,2538586,V,521,458,-1
1788563022.0960,2538600,V,494,434,33427
1788563022.0960,2538608,V,499,439,-1
1788563022.0960,2538616,V,516,454,-1
1788563022.0960,2538624,V,519,456,-1
1788563022.0961,2538632,V,515,453,-1
1788563022.0961,2538640,V,534,469,-1
1788563022.1456,2538653,V,487,428,33428
1788563022.1456,2538661,V,533,468,-1
1788563022.1456,2538669,V,528,464,-1
1788563022.1456,2538677,V,503,442,-1
1788563022.1456,2538685,V,504,443,-1
1788563022.1456,2538693,V,546,480,-1
1788563022.2457,2538707,V,510,448,33429
1788563022.2458,2538715,V,527,463,-1
1788563022.2459,2538723,V,535,470,-1
1788563022.2459,2538731,V,526,462,-1
1788563022.2459,2538739,V,552,485,-1
1788563022.2459,2538747,V,532,468,-1
1788563022.2944,2538761,V,550,483,33430
1788563022.2944,2538769,V,546,480,-1
1788563022.2944,2538777,V,520,457,-1
1788563022.2944,2538785,V,567,498,-1
1788563022.2944,2538793,V,573,504,-1
1788563022.2944,2538801,V,550,483,-1
1788563022.3398,2538815,V,563,495,33431
1788563022.3398,2538823,V,591,519,-1
1788563022.3399,2538831,V,588,517,-1
1788563022.3399,2538839,V,621,546,-1
1788563022.3399,2538847,V,607,533,-1
1788563022.3399,2538855,V,642,564,-1
1788563022.3888,2538868,V,683,600,33432
1788563022.3890,2538876,V,749,658,-1
1788563022.3890,2538884,V,991,871,-1
1788563022.3890,2538892,V,1046,919,-1
1788563022.3890,2538900,V,1079,948,-1
1788563022.3890,2538908,V,1087,955,-1
1788563022.4393,2538922,V,1038,912,33433
1788563022.4393,2538930,V,1017,894,-1
1788563022.4393,2538938,V,1083,952,-1
1788563022.4393,2538946,V,1084,953,-1
1788563022.4394,2538954,V,1053,925,-1
1788563022.4394,2538962,V,1048,921,-1
1788563022.4860,2538976,V,1071,941,33434
1788563022.4862,2538984,V,1086,954,-1
1788563022.4862,2538992,V,1088,956,-1
1788563022.4862,2539000,V,1087,955,-1
1788563022.4862,2539008,V,1077,947,-1
1788563022.4862,2539016,V,1080,949,-1
1788563022.5500,2539029,V,1082,951,33435
1788563022.5500,2539037,V,1087,955,-1
1788563022.5500,2539045,V,1084,953,-1
1788563022.5500,2539053,V,1086,954,-1
1788563022.5500,2539061,V,1087,955,-1
1788563022.5501,2539069,V,1084,953,-1
1788563022.5855,2539083,V,1090,958,33436
1788563022.5855,2539091,V,1089,957,-1
1788563022.5855,2539099,V,1088,956,-1
1788563022.5855,2539107,V,1086,954,-1
1788563022.5855,2539115,V,1090,958,-1
1788563022.5855,2539123,V,1089,957,-1
1788563022.6334,2539137,V,1092,960,33437
1788563022.6335,2539145,V,1088,956,-1
1788563022.6335,2539153,V,1091,959,-1
1788563022.6335,2539161,V,1089,957,-1
1788563022.6335,2539169,V,1093,961,-1
1788563022.6335,2539177,V,1091,959,-1
1788563022.6810,2539191,V,1091,959,33438
1788563022.6810,2539199,V,1092,960,-1
1788563022.6810,2539207,V,1085,954,-1
1788563022.6810,2539215,V,1090,958,-1
1788563022.6810,2539223,V,1089,957,-1
1788563022.6811,2539231,V,1090,958,-1
1788563022.7788,2539244,V,1087,955,33439
1788563022.7789,2539252,V,1092,960,-1
1788563022.7790,2539260,V,1091,959,-1
1788563022.7790,2539268,V,1090,958,-1
1788563022.7790,2539276,V,1090,958,-1
1788563022.7790,2539284,V,1084,953,-1
1788563022.8276,2539298,V,1092,960,33440
1788563022.8277,2539306,V,1091,959,-1
1788563022.8277,2539314,V,1090,958,-1
1788563022.8277,2539322,V,1088,956,-1
1788563022.8277,2539330,V,1088,956,-1
1788563022.8277,2539338,V,1092,960,-1
1788563022.8776,2539352,V,1090,958,33441
1788563022.8776,2539360,V,1091,959,-1
1788563022.8776,2539368,V,1088,956,-1
1788563022.8776,2539376,V,1092,960,-1
1788563022.8776,2539384,V,1089,957,-1
1788563022.8776,2539392,V,1093,961,-1
1788563022.9258,2539406,V,1092,960,33442
1788563022.9258,2539414,V,1088,956,-1
1788563022.9258,2539422,V,1094,962,-1
1788563022.9258,2539430,V,1094,962,-1
1788563022.9259,2539438,V,1090,958,-1
1788563022.9259,2539446,V,1091,959,-1
1788563022.9736,2539459,V,1091,959,33443
1788563022.9736,2539467,V,1092,960,-1
1788563022.9736,2539475,V,1094,962,-1
1788563022.9736,2539483,V,1088,956,-1
1788563022.9736,2539491,V,1089,957,-1
1788563022.9736,2539499,V,1090,958,-1
1788563023.0223,2539513,V,1092,960,33444
1788563023.0224,2539521,V,1091,959,-1
1788563023.0224,2539529,V,1088,956,-1
1788563023.0224,2539537,V,1091,959,-1
1788563023.0224,2539545,V,1088,956,-1
1788563023.0224,2539553,V,1087,955,-1
1788563023.0709,2539567,V,1089,957,33445
1788563023.0710,2539575,V,1093,961,-1
1788563023.0710,2539583,V,1090,958,-1
1788563023.0710,2539591,V,1090,958,-1
1788563023.0710,2539599,V,1091,959,-1
1788563023.0710,2539607,V,1090,958,-1
1788563023.1200,2539621,V,1089,957,33446
1788563023.1200,2539629,V,1091,959,-1
1788563023.1200,2539637,V,1089,957,-1
1788563023.1200,2539645,V,1085,954,-1
1788563023.1200,2539653,V,1087,955,-1
1788563023.1200,2539661,V,1092,960,-1
1788563023.1711,2539674,V,1091,959,33447
1788563023.1711,2539682,V,1087,955,-1
1788563023.1711,2539690,V,1087,955,-1
1788563023.1711,2539698,V,1089,957,-1
1788563023.1711,2539706,V,1090,958,-1
1788563023.1711,2539714,V,1088,956,-1
1788563023.2191,2539728,V,1084,953,33448
1788563023.2192,2539736,V,1084,953,-1
1788563023.2192,2539744,V,1081,950,-1
1788563023.2192,2539752,V,1082,951,-1
1788563023.2192,2539760,V,1084,953,-1
1788563023.2192,2539768,V,1081,950,-1
1788563023.3148,2539782,V,1083,952,33449
1788563023.3149,2539790,V,1076,946,-1
1788563023.3149,2539798,V,1078,947,-1
1788563023.3149,2539806,V,1072,942,-1
1788563023.3150,2539814,V,1073,943,-1
1788563023.3150,2539822,V,1065,936,-1
1788563023.3636,2539835,V,1054,926,33450
1788563023.3636,2539843,V,1043,917,-1
1788563023.3636,2539851,V,1038,912,-1
1788563023.3636,2539859,V,1009,887,-1
1788563023.3636,2539867,V,981,862,-1
1788563023.3636,2539875,V,908,798,-1
1788563023.4132,2539889,V,816,717,33451
1788563023.4134,2539897,V,770,677,-1
1788563023.4135,2539905,V,731,642,-1
1788563023.4135,2539913,V,713,627,-1
1788563023.4135,2539921,V,680,598,-1
1788563023.4135,2539929,V,668,587,-1
1788563023.4629,2539943,V,641,563,33452
1788563023.4629,2539951,V,633,556,-1
1788563023.4629,2539959,V,627,551,-1
1788563023.4629,2539967,V,594,522,-1
1788563023.4629,2539975,V,598,526,-1
1788563023.4630,2539983,V,598,526,-1
1788563023.5118,2539997,V,577,507,33453
1788563023.5118,2540005,V,557,490,-1
1788563023.5118,2540013,V,555,488,-1
1788563023.5118,2540021,V,552,485,-1
1788563023.5118,2540029,V,559,491,-1
1788563023.5118,2540037,V,535,470,-1
1788563023.6078,2540050,V,524,461,33454
1788563023.6080,2540058,V,544,478,-1
1788563023.6080,2540066,V,534,469,-1
1788563023.6081,2540074,V,501,440,-1
1788563023.6081,2540082,V,518,455,-1
1788563023.6081,2540090,V,527,463,-1
1788563023.6087,2540104,V,536,471,33455
1788563023.6087,2540112,V,527,463,-1
1788563023.6087,2540120,V,535,470,-1
1788563023.6087,2540128,V,503,442,-1
1788563023.6087,2540136,V,518,455,-1
1788563023.6087,2540144,V,567,498,-1
1788563023.6578,2540158,V,518,455,33456
1788563023.6578,2540166,V,494,434,-1
1788563023.6578,2540174,V,509,447,-1
1788563023.6578,2540182,V,515,453,-1
1788563023.6578,2540190,V,498,438,-1
1788563023.6578,2540198,V,520,457,-1
1788563023.7049,2540212,V,531,467,33457
1788563023.7049,2540220,V,522,459,-1
1788563023.7049,2540228,V,549,483,-1
1788563023.7049,2540236,V,480,422,-1
1788563023.7049,2540244,V,554,487,-1
1788563023.7049,2540252,V,504,443,-1
1788563023.8077,2540265,V,545,479,33458
1788563023.8078,2540273,V,525,461,-1
1788563023.8078,2540281,V,520,457,-1
1788563023.8081,2540289,V,498,438,-1
1788563023.8081,2540297,V,498,438,-1
1788563023.8081,2540305,V,528,464,-1
1788563023.8522,2540319,V,522,459,33459
1788563023.8523,2540327,V,541,475,-1
1788563023.8523,2540335,V,513,451,-1
1788563023.8523,2540343,V,507,446,-1
1788563023.8523,2540351,V,489,430,-1
1788563023.8523,2540359,V,528,464,-1
1788563023.9487,2540373,V,510,448,33460
1788563023.9487,2540381,V,554,487,-1
1788563023.9487,2540389,V,489,430,-1
1788563023.9487,2540397,V,518,455,-1
1788563023.9487,2540405,V,505,444,-1
1788563023.9487,2540413,V,515,453,-1
1788563023.9498,2540427,V,491,432,33461
1788563023.9499,2540435,V,513,451,-1
1788563023.9499,2540443,V,523,460,-1
1788563023.9499,2540451,V,497,437,-1
1788563023.9499,2540459,V,521,458,-1
1788563023.9499,2540467,V,509,447,-1
1788563023.9981,2540480,V,491,432,33462
1788563023.9981,2540488,V,487,428,-1
1788563023.9981,2540496,V,500,439,-1
1788563023.9981,2540504,V,541,475,-1
1788563023.9981,2540512,V,512,450,-1
1788563023.9981,2540520,V,506,445,-1
1788563024.0488,2540534,V,492,432,33463
1788563024.0491,2540542,V,525,461,-1
1788563024.0491,2540550,V,545,479,-1
1788563024.0491,2540558,V,509,447,-1
1788563024.0491,2540566,V,561,493,-1
1788563024.0491,2540574,V,522,459,-1
1788563024.0972,2540588,V,514,452,33464
1788563024.0972,2540596,V,509,447,-1
1788563024.0972,2540604,V,531,467,-1
1788563024.0972,2540612,V,514,452,-1
1788563024.0972,2540620,V,516,454,-1
1788563024.0972,2540628,V,544,478,-1
1788563024.1435,2540642,V,535,470,33465
1788563024.1435,2540650,V,539,474,-1
1788563024.1435,2540658,V,538,473,-1
1788563024.1435,2540666,V,557,490,-1
1788563024.1435,2540674,V,526,462,-1
1788563024.1435,2540682,V,552,485,-1
1788563024.1927,2540695,V,514,452,33466
1788563024.1927,2540703,V,529,465,-1
1788563024.1928,2540711,V,564,496,-1
1788563024.1928,2540719,V,557,490,-1
1788563024.1928,2540727,V,539,474,-1
1788563024.1928,2540735,V,552,485,-1
1788563024.2412,2540749,V,609,535,33467
1788563024.2412,2540757,V,567,498,-1
1788563024.2413,2540765,V,574,504,-1
1788563024.2413,2540773,V,591,519,-1
1788563024.2413,2540781,V,586,515,-1
1788563024.2413,2540789,V,610,536,-1
1788563024.3393,2540803,V,642,564,33468
1788563024.3394,2540811,V,644,566,-1
1788563024.3394,2540819,V,644,566,-1
1788563024.3394,2540827,V,689,606,-1
1788563024.3394,2540835,V,745,655,-1
1788563024.3394,2540843,V,1004,882,-1
1788563024.3887,2540857,V,1051,924,33469
1788563024.3887,2540865,V,1062,933,-1
1788563024.3887,2540873,V,995,875,-1
1788563024.3887,2540881,V,1065,936,-1
1788563024.3887,2540889,V,1078,947,-1
1788563024.3887,2540897,V,1062,933,-1
1788563024.4372,2540910,V,1051,924,33470
1788563024.4372,2540918,V,1061,933,-1
1788563024.4373,2540926,V,1063,934,-1
1788563024.4373,2540934,V,1059,931,-1
1788563024.4373,2540942,V,1057,929,-1
1788563024.4373,2540950,V,1061,933,-1
1788563024.4845,2540964,V,1057,929,33471
1788563024.4845,2540972,V,1058,930,-1
1788563024.4845,2540980,V,1065,936,-1
1788563024.4846,2540988,V,1068,939,-1
1788563024.4846,2540996,V,1066,937,-1
1788563024.4846,2541004,V,1073,943,-1
1788563024.5333,2541018,V,1072,942,33472
1788563024.5333,2541026,V,1068,939,-1
1788563024.5333,2541034,V,1067,938,-1
1788563024.5333,2541042,V,1071,941,-1
1788563024.5333,2541050,V,1072,942,-1
1788563024.5333,2541058,V,1072,942,-1
1788563024.6312,2541071,V,1069,940,33473
1788563024.6313,2541079,V,1068,939,-1
1788563024.6313,2541087,V,1067,938,-1
1788563024.6314,2541095,V,1069,940,-1
1788563024.6314,2541103,V,1075,945,-1
1788563024.6314,2541111,V,1077,947,-1
1788563024.6331,2541125,V,1070,940,33474
1788563024.6332,2541133,V,1073,943,-1
1788563024.6332,2541141,V,1075,945,-1
1788563024.6332,2541149,V,1073,943,-1
1788563024.6332,2541157,V,1073,943,-1
1788563024.6332,2541165,V,1079,948,-1
1788563024.6809,2541179,V,1074,944,33475
1788563024.6809,2541187,V,1073,943,-1
1788563024.6809,2541195,V,1073,943,-1
1788563024.6809,2541203,V,1076,946,-1
1788563024.6809,2541211,V,1073,943,-1
1788563024.6809,2541219,V,1074,944,-1
1788563024.7293,2541233,V,1076,946,33476
1788563024.7294,2541241,V,1076,946,-1
1788563024.7294,2541249,V,1074,944,-1
1788563024.7294,2541257,V,1075,945,-1
1788563024.7294,2541265,V,1077,947,-1
1788563024.7294,2541273,V,1077,947,-1
1788563024.7770,2541287,V,1076,946,33477
1788563024.7770,2541295,V,1076,946,-1
1788563024.7770,2541303,V,1076,946,-1
1788563024.7770,2541311,V,1072,942,-1
1788563024.7770,2541319,V,1075,945,-1
1788563024.7770,2541327,V,1072,942,-1
1788563024.8746,2541340,V,1074,944,33478
1788563024.8747,2541348,V,1074,944,-1
1788563024.8747,2541356,V,1079,948,-1
1788563024.8747,2541364,V,1075,945,-1
1788563024.8747,2541372,V,1077,947,-1
1788563024.8747,2541380,V,1077,947,-1
1788563024.9233,2541394,V,1077,947,33479
1788563024.9233,2541402,V,1077,947,-1
1788563024.9233,2541410,V,1080,949,-1
1788563024.9233,2541418,V,1076,946,-1
1788563024.9233,2541426,V,1074,944,-1
1788563024.9233,2541434,V,1075,945,-1
1788563024.9730,2541448,V,1078,947,33480
1788563024.9730,2541456,V,1074,944,-1
1788563024.9730,2541464,V,1074,944,-1
1788563024.9730,2541472,V,1073,943,-1
1788563024.9730,2541480,V,1073,943,-1
1788563024.9730,2541488,V,1073,943,-1
1788563025.0227,2541501,V,1074,944,33481
1788563025.0228,2541509,V,1075,945,-1
1788563025.0228,2541517,V,1071,941,-1
1788563025.0228,2541525,V,1070,940,-1
1788563025.0228,2541533,V,1078,947,-1
1788563025.0228,2541541,V,1077,947,-1
1788563025.0694,2541555,V,1075,945,33482
1788563025.0694,2541563,V,1073,943,-1
1788563025.0694,2541571,V,1070,940,-1
1788563025.0694,2541579,V,1071,941,-1
1788563025.0695,2541587,V,1071,941,-1
1788563025.0695,2541595,V,1074,944,-1
1788563025.1183,2541609,V,1073,943,33483
1788563025.1184,2541617,V,1073,943,-1
1788563025.1184,2541625,V,1078,947,-1
1788563025.1184,2541633,V,1073,943,-1
1788563025.1184,2541641,V,1073,943,-1
1788563025.1184,2541649,V,1071,941,-1
1788563025.1670,2541663,V,1071,941,33484
1788563025.1671,2541671,V,1069,940,-1
1788563025.1671,2541679,V,1072,942,-1
1788563025.1671,2541687,V,1073,943,-1
1788563025.1671,2541695,V,1066,937,-1
1788563025.1671,2541703,V,1065,936,-1
1788563025.2158,2541716,V,1065,936,33485
1788563025.2158,2541724,V,1057,929,-1
1788563025.2159,2541732,V,1061,933,-1
1788563025.2159,2541740,V,1056,928,-1
1788563025.2160,2541748,V,1046,919,-1
1788563025.2160,2541756,V,1048,921,-1
1788563025.2661,2541770,V,1042,916,33486
1788563025.2661,2541778,V,1023,899,-1
1788563025.2661,2541786,V,981,862,-1
1788563025.2661,2541794,V,934,821,-1
1788563025.2661,2541802,V,809,711,-1
1788563025.2661,2541810,V,757,665,-1
1788563025.3152,2541824,V,722,635,33487
1788563025.3152,2541832,V,706,621,-1
1788563025.3152,2541840,V,680,598,-1
1788563025.3152,2541848,V,660,580,-1
1788563025.3152,2541856,V,629,553,-1
1788563025.3152,2541864,V,616,541,-1
1788563025.4108,2541877,V,594,522,33488
1788563025.4109,2541885,V,605,532,-1
1788563025.4109,2541893,V,592,520,-1
1788563025.4109,2541901,V,566,497,-1
1788563025.4109,2541909,V,569,500,-1
1788563025.4109,2541917,V,545,479,-1
1788563025.4594,2541931,V,545,479,33489
1788563025.4594,2541939,V,549,483,-1
1788563025.4594,2541947,V,560,492,-1
1788563025.4594,2541955,V,538,473,-1
1788563025.4594,2541963,V,539,474,-1
1788563025.4594,2541971,V,531,467,-1
1788563025.5592,2541985,V,552,485,33490
1788563025.5592,2541993,V,538,473,-1
1788563025.5592,2542001,V,552,485,-1
1788563025.5592,2542009,V,537,472,-1
1788563025.5593,2542017,V,527,463,-1
1788563025.5593,2542025,V,532,468,-1
1788563025.5596,2542039,V,510,448,33491
1788563025.5596,2542047,V,532,468,-1
1788563025.5596,2542055,V,495,435,-1
1788563025.5596,2542063,V,544,478,-1
1788563025.5596,2542071,V,532,468,-1
1788563025.5596,2542079,V,521,458,-1
1788563025.6073,2542092,V,514,452,33492
1788563025.6074,2542100,V,494,434,-1
1788563025.6074,2542108,V,522,459,-1
1788563025.6074,2542116,V,509,447,-1
1788563025.6074,2542124,V,494,434,-1
1788563025.6074,2542132,V,525,461,-1
1788563025.6564,2542146,V,503,442,33493
1788563025.6565,2542154,V,532,468,-1
1788563025.6566,2542162,V,516,454,-1
1788563025.6566,2542170,V,529,465,-1
1788563025.6566,2542178,V,483,425,-1
1788563025.6566,2542186,V,516,454,-1
1788563025.7037,2542200,V,519,456,33494
1788563025.7038,2542208,V,505,444,-1
1788563025.7038,2542216,V,525,461,-1
1788563025.7038,2542224,V,509,447,-1
1788563025.7038,2542232,V,490,431,-1
1788563025.7038,2542240,V,496,436,-1
1788563025.7524,2542254,V,508,446,33495
1788563025.7525,2542262,V,506,445,-1
1788563025.7525,2542270,V,518,455,-1
1788563025.7525,2542278,V,516,454,-1
1788563025.7525,2542286,V,524,461,-1
1788563025.7525,2542294,V,509,447,-1
1788563025.8009,2542307,V,516,454,33496
1788563025.8009,2542315,V,521,458,-1
1788563025.8009,2542323,V,517,454,-1
1788563025.8009,2542331,V,501,440,-1
1788563025.8009,2542339,V,490,431,-1
1788563025.8009,2542347,V,509,447,-1
1788563025.8532,2542361,V,520,457,33497
1788563025.8532,2542369,V,479,421,-1
1788563025.8532,2542377,V,536,471,-1
1788563025.8532,2542385,V,529,465,-1
1788563025.8533,2542393,V,517,454,-1
1788563025.8533,2542401,V,527,463,-1
1788563025.9475,2542415,V,510,448,33498
1788563025.9477,2542423,V,514,452,-1
1788563025.9478,2542431,V,528,464,-1
1788563025.9479,2542439,V,495,435,-1
1788563025.9479,2542447,V,485,426,-1
1788563025.9479,2542455,V,479,421,-1
1788563026.0451,2542469,V,512,450,33499
1788563026.0451,2542477,V,518,455,-1
1788563026.0451,2542485,V,515,453,-1
1788563026.0451,2542493,V,488,429,-1
1788563026.0452,2542501,V,519,456,-1
1788563026.0452,2542509,V,503,442,-1
1788563026.0461,2542522,V,501,440,33500
1788563026.0461,2542530,V,506,445,-1
1788563026.0461,2542538,V,509,447,-1
1788563026.0461,2542546,V,522,459,-1
1788563026.0461,2542554,V,498,438,-1
1788563026.0461,2542562,V,516,454,-1
1788563026.0943,2542576,V,523,460,33501
1788563026.0943,2542584,V,504,443,-1
1788563026.0943,2542592,V,513,451,-1
1788563026.0943,2542600,V,520,457,-1
1788563026.0943,2542608,V,517,454,-1
1788563026.0943,2542616,V,511,449,-1
1788563026.1433,2542630,V,533,468,33502
1788563026.1433,2542638,V,523,460,-1
1788563026.1433,2542646,V,528,464,-1
1788563026.1433,2542654,V,527,463,-1
1788563026.1433,2542662,V,531,467,-1
1788563026.1433,2542670,V,534,469,-1
1788563026.1933,2542683,V,527,463,33503
1788563026.1934,2542691,V,520,457,-1
1788563026.1934,2542699,V,515,453,-1
1788563026.1934,2542707,V,500,439,-1
1788563026.1934,2542715,V,540,475,-1
1788563026.1935,2542723,V,537,472,-1
1788563026.2409,2542737,V,535,470,33504
1788563026.2409,2542745,V,549,483,-1
1788563026.2410,2542753,V,519,456,-1
1788563026.2410,2542761,V,534,469,-1
1788563026.2410,2542769,V,525,461,-1
1788563026.2410,2542777,V,547,481,-1
1788563026.2894,2542791,V,532,468,33505
1788563026.2894,2542799,V,574,504,-1
1788563026.2895,2542807,V,541,475,-1
1788563026.2895,2542815,V,530,466,-1
1788563026.2895,2542823,V,541,475,-1
1788563026.2895,2542831,V,554,487,-1
1788563026.3383,2542845,V,607,533,33506
1788563026.3384,2542853,V,580,510,-1
1788563026.3384,2542861,V,595,523,-1
1788563026.3384,2542869,V,619,544,-1
1788563026.3384,2542877,V,641,563,-1
1788563026.3384,2542885,V,668,587,-1
1788563026.4351,2542898,V,695,611,33507
1788563026.4352,2542906,V,735,646,-1
1788563026.4352,2542914,V,994,874,-1
1788563026.4352,2542922,V,1051,924,-1
1788563026.4353,2542930,V,1080,949,-1
1788563026.4353,2542938,V,1094,962,-1
1788563026.4848,2542952,V,1059,931,33508
1788563026.4848,2542960,V,1037,911,-1
1788563026.4848,2542968,V,1095,962,-1
1788563026.4848,2542976,V,1114,979,-1
1788563026.4848,2542984,V,1087,955,-1
1788563026.4848,2542992,V,1062,933,-1
1788563026.5321,2543006,V,1068,939,33509
1788563026.5322,2543014,V,1088,956,-1
1788563026.5322,2543022,V,1087,955,-1
1788563026.5322,2543030,V,1085,954,-1
1788563026.5322,2543038,V,1085,954,-1
1788563026.5322,2543046,V,1082,951,-1
1788563026.5812,2543059,V,1085,954,33510
1788563026.5813,2543067,V,1091,959,-1
1788563026.5813,2543075,V,1092,960,-1
1788563026.5813,2543083,V,1092,960,-1
1788563026.5813,2543091,V,1092,960,-1
1788563026.5813,2543099,V,1094,962,-1
1788563026.6297,2543113,V,1092,960,33511
1788563026.6297,2543121,V,1091,959,-1
1788563026.6297,2543129,V,1095,962,-1
1788563026.6298,2543137,V,1092,960,-1
1788563026.6298,2543145,V,1093,961,-1
1788563026.6298,2543153,V,1092,960,-1
1788563026.6800,2543167,V,1093,961,33512
1788563026.6802,2543175,V,1095,962,-1
1788563026.6802,2543183,V,1094,962,-1
1788563026.6802,2543191,V,1095,962,-1
1788563026.6802,2543199,V,1096,963,-1
1788563026.6802,2543207,V,1094,962,-1
1788563026.7277,2543221,V,1090,958,33513
1788563026.7277,2543229,V,1099,966,-1
1788563026.7277,2543237,V,1094,962,-1
1788563026.7277,2543245,V,1094,962,-1
1788563026.7277,2543253,V,1092,960,-1
1788563026.7278,2543261,V,1096,963,-1
1788563026.7768,2543274,V,1095,962,33514
1788563026.7768,2543282,V,1090,958,-1
1788563026.7768,2543290,V,1094,962,-1
1788563026.7768,2543298,V,1091,959,-1
1788563026.7768,2543306,V,1097,964,-1
1788563026.7768,2543314,V,1093,961,-1
1788563026.8267,2543328,V,1093,961,33515
1788563026.8268,2543336,V,1093,961,-1
1788563026.8268,2543344,V,1093,961,-1
1788563026.8268,2543352,V,1093,961,-1
1788563026.8268,2543360,V,1086,954,-1
1788563026.8268,2543368,V,1093,961,-1
1788563026.8734,2543382,V,1093,961,33516
1788563026.8734,2543390,V,1090,958,-1
1788563026.8734,2543398,V,1092,960,-1
1788563026.8734,2543406,V,1094,962,-1
1788563026.8734,2543414,V,1092,960,-1
1788563026.8734,2543422,V,1093,961,-1
1788563026.9707,2543436,V,1094,962,33517
1788563026.9708,2543444,V,1092,960,-1
1788563026.9708,2543452,V,1099,966,-1
1788563026.9708,2543460,V,1095,962,-1
1788563026.9708,2543468,V,1097,964,-1
1788563026.9708,2543476,V,1095,962,-1
1788563027.0196,2543489,V,1093,961,33518
1788563027.0196,2543497,V,1095,962,-1
1788563027.0196,2543505,V,1097,964,-1
1788563027.0196,2543513,V,1095,962,-1
1788563027.0196,2543521,V,1094,962,-1
1788563027.0196,2543529,V,1094,962,-1
1788563027.0701,2543543,V,1095,962,33519
1788563027.0701,2543551,V,1092,960,-1
1788563027.0701,2543559,V,1093,961,-1
1788563027.0701,2543567,V,1093,961,-1
1788563027.0701,2543575,V,1095,962,-1
1788563027.0701,2543583,V,1092,960,-1
1788563027.1202,2543597,V,1095,962,33520
1788563027.1202,2543605,V,1095,962,-1
1788563027.1202,2543613,V,1100,967,-1
1788563027.1202,2543621,V,1095,962,-1
1788563027.1202,2543629,V,1095,962,-1
1788563027.1202,2543637,V,1098,965,-1
1788563027.1661,2543651,V,1093,961,33521
1788563027.1661,2543659,V,1093,961,-1
1788563027.1661,2543667,V,1096,963,-1
1788563027.1661,2543675,V,1093,961,-1
1788563027.1661,2543683,V,1093,961,-1
1788563027.1661,2543691,V,1090,958,-1
1788563027.2147,2543704,V,1090,958,33522
1788563027.2149,2543712,V,1090,958,-1
1788563027.2149,2543720,V,1089,957,-1
1788563027.2149,2543728,V,1088,956,-1
1788563027.2149,2543736,V,1087,955,-1
1788563027.2149,2543744,V,1087,955,-1
1788563027.2636,2543758,V,1091,959,33523
1788563027.2636,2543766,V,1084,953,-1
1788563027.2636,2543774,V,1083,952,-1
1788563027.2636,2543782,V,1077,947,-1
1788563027.2636,2543790,V,1062,933,-1
1788563027.2636,2543798,V,1046,919,-1
1788563027.3123,2543812,V,1029,904,33524
1788563027.3123,2543820,V,1010,888,-1
1788563027.3123,2543828,V,948,833,-1
1788563027.3123,2543836,V,836,735,-1
1788563027.3123,2543844,V,791,695,-1
1788563027.3123,2543852,V,757,665,-1
1788563027.3631,2543866,V,725,637,33525
1788563027.3632,2543874,V,693,609,-1
1788563027.3632,2543882,V,676,594,-1
1788563027.3632,2543890,V,663,583,-1
1788563027.3632,2543898,V,637,560,-1
1788563027.3632,2543906,V,636,559,-1
1788563027.4118,2543919,V,608,534,33526
1788563027.4118,2543927,V,597,525,-1
1788563027.4118,2543935,V,586,515,-1
1788563027.4118,2543943,V,585,514,-1
1788563027.4118,2543951,V,565,497,-1
1788563027.4118,2543959,V,566,497,-1
1788563027.5073,2543973,V,543,477,33527
1788563027.5074,2543981,V,529,465,-1
1788563027.5074,2543989,V,540,475,-1
1788563027.5074,2543997,V,532,468,-1
1788563027.5074,2544005,V,542,476,-1
1788563027.5074,2544013,V,511,449,-1
1788563027.5567,2544027,V,535,470,33528
1788563027.5567,2544035,V,539,474,-1
1788563027.5567,2544043,V,512,450,-1
1788563027.5567,2544051,V,524,461,-1
1788563027.5567,2544059,V,517,454,-1
1788563027.5567,2544067,V,521,458,-1
1788563027.6048,2544081,V,532,468,33529
1788563027.6049,2544089,V,523,460,-1
1788563027.6049,2544097,V,528,464,-1
1788563027.6049,2544105,V,504,443,-1
1788563027.6049,2544113,V,514,452,-1
1788563027.6049,2544121,V,498,438,-1
1788563027.6548,2544134,V,473,416,33530
1788563027.6548,2544142,V,526,462,-1
1788563027.6548,2544150,V,509,447,-1
1788563027.6548,2544158,V,551,484,-1
1788563027.6548,2544166,V,488,429,-1
1788563027.6549,2544174,V,499,439,-1
1788563027.7026,2544188,V,536,471,33531
1788563027.7026,2544196,V,518,455,-1
1788563027.7027,2544204,V,474,417,-1
1788563027.7027,2544212,V,522,459,-1
1788563027.7027,2544220,V,475,417,-1
1788563027.7027,2544228,V,506,445,-1
1788563027.7507,2544242,V,511,449,33532
1788563027.7508,2544250,V,514,452,-1
1788563027.7508,2544258,V,501,440,-1
1788563027.7508,2544266,V,507,446,-1
1788563027.7508,2544274,V,513,451,-1
1788563027.7508,2544282,V,514,452,-1
1788563027.8484,2544296,V,502,441,33533
1788563027.8484,2544304,V,523,460,-1
1788563027.8484,2544312,V,523,460,-1
1788563027.8484,2544320,V,507,446,-1
1788563027.8484,2544328,V,484,425,-1
1788563027.8484,2544336,V,533,468,-1
1788563027.8496,2544349,V,522,459,33534
1788563027.8496,2544357,V,499,439,-1
1788563027.8496,2544365,V,500,439,-1
1788563027.8496,2544373,V,521,458,-1
1788563027.8496,2544381,V,517,454,-1
1788563027.8496,2544389,V,507,446,-1
1788563027.8970,2544403,V,478,420,33535
1788563027.8970,2544411,V,483,425,-1
1788563027.8970,2544419,V,544,478,-1
1788563027.8970,2544427,V,520,457,-1
1788563027.8970,2544435,V,505,444,-1
1788563027.8970,2544443,V,503,442,-1
1788563027.9477,2544457,V,539,474,33536
1788563027.9477,2544465,V,486,427,-1
1788563027.9477,2544473,V,511,449,-1
1788563027.9477,2544481,V,497,437,-1
1788563027.9477,2544489,V,535,470,-1
1788563027.9477,2544497,V,514,452,-1
1788563028.0433,2544511,V,508,446,33537
1788563028.0434,2544519,V,505,444,-1
1788563028.0434,2544527,V,498,438,-1
1788563028.0434,2544535,V,505,444,-1
1788563028.0434,2544543,V,479,421,-1
1788563028.0434,2544551,V,517,454,-1
1788563028.1410,2544564,V,546,480,33538
1788563028.1410,2544572,V,518,455,-1
1788563028.1410,2544580,V,494,434,-1
1788563028.1410,2544588,V,505,444,-1
1788563028.1410,2544596,V,552,485,-1
1788563028.1410,2544604,V,509,447,-1
1788563028.1424,2544618,V,500,439,33539
1788563028.1424,2544626,V,524,461,-1
1788563028.1424,2544634,V,517,454,-1
1788563028.1424,2544642,V,520,457,-1
1788563028.1424,2544650,V,515,453,-1
1788563028.1424,2544658,V,515,453,-1
1788563028.2402,2544672,V,517,454,33540
1788563028.2403,2544680,V,527,463,-1
1788563028.2403,2544688,V,503,442,-1
1788563028.2403,2544696,V,520,457,-1
1788563028.2403,2544704,V,517,454,-1
1788563028.2403,2544712,V,508,446,-1
1788563028.2406,2544726,V,526,462,33541
1788563028.2406,2544734,V,521,458,-1
1788563028.2406,2544742,V,509,447,-1
1788563028.2406,2544750,V,516,454,-1
1788563028.2406,2544758,V,544,478,-1
1788563028.2406,2544766,V,555,488,-1
1788563028.2884,2544779,V,544,478,33542
1788563028.2886,2544787,V,534,469,-1
1788563028.2886,2544795,V,559,491,-1
1788563028.2886,2544803,V,567,498,-1
1788563028.2886,2544811,V,583,512,-1
1788563028.2886,2544819,V,573,504,-1
1788563028.3358,2544833,V,574,504,33543
1788563028.3358,2544841,V,590,519,-1
1788563028.3358,2544849,V,595,523,-1
1788563028.3358,2544857,V,618,543,-1
1788563028.3358,2544865,V,619,544,-1
1788563028.3360,2544873,V,648,570,-1
1788563028.3845,2544887,V,675,593,33544
1788563028.3845,2544895,V,709,623,-1
1788563028.3845,2544903,V,781,686,-1
1788563028.3845,2544911,V,1036,911,-1
1788563028.3845,2544919,V,1066,937,-1
1788563028.3846,2544927,V,1104,970,-1
1788563028.4334,2544941,V,1097,964,33545
1788563028.4334,2544949,V,1043,917,-1
1788563028.4334,2544957,V,1055,927,-1
1788563028.4335,2544965,V,1120,984,-1
1788563028.4335,2544973,V,1104,970,-1
1788563028.4335,2544981,V,1076,946,-1
1788563028.5311,2544994,V,1071,941,33546
1788563028.5312,2545002,V,1090,958,-1
1788563028.5312,2545010,V,1100,967,-1
1788563028.5312,2545018,V,1102,969,-1
1788563028.5312,2545026,V,1098,965,-1
1788563028.5312,2545034,V,1093,961,-1
1788563028.5817,2545048,V,1091,959,33547
1788563028.5817,2545056,V,1093,961,-1
1788563028.5817,2545064,V,1095,962,-1
1788563028.5818,2545072,V,1098,965,-1
1788563028.5818,2545080,V,1098,965,-1
1788563028.5818,2545088,V,1099,966,-1
1788563028.6303,2545102,V,1097,964,33548
1788563028.6303,2545110,V,1101,968,-1
1788563028.6303,2545118,V,1102,969,-1
1788563028.6303,2545126,V,1101,968,-1
1788563028.6303,2545134,V,1101,968,-1
1788563028.6303,2545142,V,1103,969,-1
1788563028.6785,2545156,V,1100,967,33549
1788563028.6785,2545164,V,1101,968,-1
1788563028.6785,2545172,V,1102,969,-1
1788563028.6785,2545180,V,1101,968,-1
1788563028.6786,2545188,V,1102,969,-1
1788563028.6786,2545196,V,1103,969,-1
1788563028.7258,2545209,V,1104,970,33550
1788563028.7258,2545217,V,1101,968,-1
1788563028.7258,2545225,V,1099,966,-1
1788563028.7258,2545233,V,1101,968,-1
1788563028.7258,2545241,V,1103,969,-1
1788563028.7258,2545249,V,1099,966,-1
1788563028.7744,2545263,V,1099,966,33551
1788563028.7745,2545271,V,1101,968,-1
1788563028.7745,2545279,V,1098,965,-1
1788563028.7746,2545287,V,1100,967,-1
1788563028.7746,2545295,V,1103,969,-1
1788563028.7746,2545303,V,1102,969,-1
1788563028.8737,2545317,V,1105,971,33552
1788563028.8737,2545325,V,1103,969,-1
1788563028.8737,2545333,V,1102,969,-1
1788563028.8738,2545341,V,1101,968,-1
1788563028.8738,2545349,V,1100,967,-1
1788563028.8738,2545357,V,1104,970,-1
1788563028.8741,2545370,V,1103,969,33553
1788563028.8741,2545378,V,1103,969,-1
1788563028.8741,2545386,V,1100,967,-1
1788563028.8741,2545394,V,1102,969,-1
1788563028.8742,2545402,V,1103,969,-1
1788563028.8742,2545410,V,1102,969,-1
1788563028.9223,2545424,V,1104,970,33554
1788563028.9223,2545432,V,1105,971,-1
1788563028.9223,2545440,V,1103,969,-1
1788563028.9223,2545448,V,1102,969,-1
1788563028.9223,2545456,V,1103,969,-1
1788563028.9223,2545464,V,1105,971,-1
1788563028.9696,2545478,V,1104,970,33555
1788563028.9696,2545486,V,1104,970,-1
1788563028.9696,2545494,V,1108,974,-1
1788563028.9696,2545502,V,1107,973,-1
1788563028.9696,2545510,V,1104,970,-1
1788563028.9696,2545518,V,1106,972,-1
1788563029.0675,2545531,V,1103,969,33556
1788563029.0676,2545539,V,1104,970,-1
1788563029.0676,2545547,V,1107,973,-1
1788563029.0676,2545555,V,1106,972,-1
1788563029.0677,2545563,V,1105,971,-1
1788563029.0677,2545571,V,1105,971,-1
1788563029.1162,2545585,V,1106,972,33557
1788563029.1162,2545593,V,1103,969,-1
1788563029.1162,2545601,V,1104,970,-1
1788563029.1162,2545609,V,1100,967,-1
1788563029.1162,2545617,V,1103,969,-1
1788563029.1162,2545625,V,1101,968,-1
1788563029.1664,2545639,V,1100,967,33558
1788563029.1664,2545647,V,1099,966,-1
1788563029.1665,2545655,V,1098,965,-1
1788563029.1665,2545663,V,1100,967,-1
1788563029.1665,2545671,V,1097,964,-1
1788563029.1665,2545679,V,1100,967,-1
1788563029.2155,2545693,V,1096,963,33559
1788563029.2155,2545701,V,1097,964,-1
1788563029.2155,2545709,V,1095,962,-1
1788563029.2155,2545717,V,1093,961,-1
1788563029.2155,2545725,V,1095,962,-1
1788563029.2155,2545733,V,1092,960,-1
1788563029.2622,2545746,V,1087,955,33560
1788563029.2623,2545754,V,1081,950,-1
1788563029.2623,2545762,V,1079,948,-1
1788563029.2623,2545770,V,1067,938,-1
1788563029.2623,2545778,V,1050,923,-1
1788563029.2623,2545786,V,1027,903,-1
1788563029.3110,2545800,V,1005,883,33561
1788563029.3111,2545808,V,962,846,-1
1788563029.3111,2545816,V,840,738,-1
1788563029.3111,2545824,V,770,677,-1
1788563029.3111,2545832,V,732,643,-1
1788563029.3111,2545840,V,697,613,-1
1788563029.3610,2545854,V,670,589,33562
1788563029.3610,2545862,V,671,590,-1
1788563029.3610,2545870,V,641,563,-1
1788563029.3610,2545878,V,614,540,-1
1788563029.3610,2545886,V,586,515,-1
1788563029.3610,2545894,V,601,528,-1
1788563029.4096,2545907,V,587,516,33563
1788563029.4096,2545915,V,613,539,-1
1788563029.4096,2545923,V,572,503,-1
1788563029.4096,2545931,V,555,488,-1
1788563029.4097,2545939,V,540,475,-1
1788563029.4097,2545947,V,538,473,-1
1788563029.4601,2545961,V,522,459,33564
1788563029.4601,2545969,V,531,467,-1
1788563029.4601,2545977,V,523,460,-1
1788563029.4601,2545985,V,521,458,-1
1788563029.4601,2545993,V,525,461,-1
1788563029.4601,2546001,V,518,455,-1
1788563029.5081,2546015,V,496,436,33565
1788563029.5081,2546023,V,546,480,-1
1788563029.5081,2546031,V,509,447,-1
1788563029.5081,2546039,V,532,468,-1
1788563029.5081,2546047,V,521,458,-1
1788563029.5081,2546055,V,502,441,-1
1788563029.6037,2546069,V,486,427,33566
1788563029.6039,2546077,V,529,465,-1
1788563029.6039,2546085,V,520,457,-1
1788563029.6039,2546093,V,497,437,-1
1788563029.6039,2546101,V,493,433,-1
1788563029.6039,2546109,V,520,457,-1
1788563029.6528,2546122,V,506,445,33567
1788563029.6528,2546130,V,511,449,-1
1788563029.6528,2546138,V,529,465,-1
1788563029.6529,2546146,V,508,446,-1
1788563029.6529,2546154,V,533,468,-1
1788563029.6529,2546162,V,524,461,-1
1788563029.7028,2546176,V,516,454,33568
1788563029.7029,2546184,V,508,446,-1
1788563029.7029,2546192,V,517,454,-1
1788563029.7029,2546200,V,502,441,-1
1788563029.7029,2546208,V,497,437,-1
1788563029.7029,2546216,V,511,449,-1
1788563029.7525,2546230,V,513,451,33569
1788563029.7525,2546238,V,526,462,-1
1788563029.7525,2546246,V,504,443,-1
1788563029.7525,2546254,V,513,451,-1
1788563029.7525,2546262,V,494,434,-1
1788563029.7525,2546270,V,493,433,-1
1788563029.7996,2546284,V,510,448,33570
1788563029.7997,2546292,V,491,432,-1
1788563029.7997,2546300,V,494,434,-1
1788563029.7997,2546308,V,535,470,-1
1788563029.7997,2546316,V,518,455,-1
1788563029.7997,2546324,V,505,444,-1
1788563029.8961,2546337,V,515,453,33571
1788563029.8962,2546345,V,513,451,-1
1788563029.8962,2546353,V,553,486,-1
1788563029.8962,2546361,V,542,476,-1
1788563029.8962,2546369,V,545,479,-1
1788563029.8962,2546377,V,503,442,-1
1788563029.8972,2546391,V,529,465,33572
1788563029.8972,2546399,V,487,428,-1
1788563029.8972,2546407,V,520,457,-1
1788563029.8972,2546415,V,498,438,-1
1788563029.8972,2546423,V,507,446,-1
1788563029.8972,2546431,V,508,446,-1
1788563029.9451,2546445,V,497,437,33573
1788563029.9451,2546453,V,518,455,-1
1788563029.9451,2546461,V,510,448,-1
1788563029.9451,2546469,V,496,436,-1
1788563029.9451,2546477,V,522,459,-1
1788563029.9452,2546485,V,505,444,-1
1788563029.9938,2546499,V,505,444,33574
1788563029.9939,2546507,V,502,441,-1
1788563029.9939,2546515,V,506,445,-1
1788563029.9939,2546523,V,534,469,-1
1788563029.9939,2546531,V,498,438,-1
1788563029.9939,2546539,V,492,432,-1
1788563030.0924,2546552,V,500,439,33575
1788563030.0925,2546560,V,495,435,-1
1788563030.0925,2546568,V,520,457,-1
1788563030.0925,2546576,V,495,435,-1
1788563030.0925,2546584,V,525,461,-1
1788563030.0925,2546592,V,485,426,-1
1788563030.1399,2546606,V,517,454,33576
1788563030.1400,2546614,V,526,462,-1
1788563030.1401,2546622,V,514,452,-1
1788563030.1401,2546630,V,523,460,-1
1788563030.1401,2546638,V,494,434,-1
1788563030.1401,2546646,V,522,459,-1
1788563030.2374,2546660,V,515,453,33577
1788563030.2375,2546668,V,530,466,-1
1788563030.2375,2546676,V,517,454,-1
1788563030.2375,2546684,V,517,454,-1
1788563030.2375,2546692,V,505,444,-1
1788563030.2375,2546700,V,512,450,-1
1788563030.2386,2546714,V,516,454,33578
1788563030.2386,2546722,V,528,464,-1
1788563030.2386,2546730,V,524,461,-1
1788563030.2386,2546738,V,512,450,-1
1788563030.2386,2546746,V,521,458,-1
1788563030.2386,2546754,V,534,469,-1
1788563030.2858,2546767,V,534,469,33579
1788563030.2859,2546775,V,534,469,-1
1788563030.2859,2546783,V,542,476,-1
1788563030.2859,2546791,V,598,526,-1
1788563030.2859,2546799,V,598,526,-1
1788563030.2859,2546807,V,593,521,-1
1788563030.3359,2546821,V,607,533,33580
1788563030.3359,2546829,V,624,548,-1
1788563030.3359,2546837,V,670,589,-1
1788563030.3359,2546845,V,735,646,-1
1788563030.3359,2546853,V,982,863,-1
1788563030.3359,2546861,V,1029,904,-1
1788563030.3845,2546875,V,1064,935,33581
1788563030.3846,2546883,V,1064,935,-1
1788563030.3846,2546891,V,1030,905,-1
1788563030.3846,2546899,V,980,861,-1
1788563030.3846,2546907,V,1014,891,-1
1788563030.3846,2546915,V,1070,940,-1
1788563030.4346,2546929,V,1066,937,33582
1788563030.4347,2546937,V,1017,894,-1
1788563030.4347,2546945,V,1014,891,-1
1788563030.4347,2546953,V,1025,901,-1
1788563030.4347,2546961,V,1051,924,-1
1788563030.4347,2546969,V,1057,929,-1
1788563030.4813,2546982,V,1057,929,33583
1788563030.4813,2546990,V,1046,919,-1
1788563030.4813,2546998,V,1050,923,-1
1788563030.4813,2547006,V,1052,925,-1
1788563030.4813,2547014,V,1060,932,-1
1788563030.4814,2547022,V,1062,933,-1
1788563030.5300,2547036,V,1060,932,33584
1788563030.5300,2547044,V,1060,932,-1
1788563030.5300,2547052,V,1064,935,-1
1788563030.5300,2547060,V,1064,935,-1
1788563030.5301,2547068,V,1061,933,-1
1788563030.5301,2547076,V,1063,934,-1
1788563030.5787,2547090,V,1062,933,33585
1788563030.5787,2547098,V,1057,929,-1
1788563030.5789,2547106,V,1058,930,-1
1788563030.5789,2547114,V,1065,936,-1
1788563030.5789,2547122,V,1063,934,-1
1788563030.5789,2547130,V,1067,938,-1
1788563030.6781,2547144,V,1063,934,33586
1788563030.6782,2547152,V,1074,944,-1
1788563030.6782,2547160,V,1065,936,-1
1788563030.6782,2547168,V,1065,936,-1
1788563030.6782,2547176,V,1066,937,-1
1788563030.6782,2547184,V,1068,939,-1
1788563030.7267,2547197,V,1068,939,33587
1788563030.7267,2547205,V,1066,937,-1
1788563030.7267,2547213,V,1069,940,-1
1788563030.7267,2547221,V,1071,941,-1
1788563030.7267,2547229,V,1072,942,-1
1788563030.7267,2547237,V,1073,943,-1
1788563030.7735,2547251,V,1071,941,33588
1788563030.7735,2547259,V,1071,941,-1
1788563030.7735,2547267,V,1067,938,-1
1788563030.7735,2547275,V,1066,937,-1
1788563030.7735,2547283,V,1068,939,-1
1788563030.7735,2547291,V,1071,941,-1
1788563030.8225,2547305,V,1071,941,33589
1788563030.8225,2547313,V,1071,941,-1
1788563030.8225,2547321,V,1069,940,-1
1788563030.8225,2547329,V,1075,945,-1
1788563030.8225,2547337,V,1073,943,-1
1788563030.8225,2547345,V,1069,940,-1
1788563030.8711,2547359,V,1071,941,33590
1788563030.8711,2547367,V,1072,942,-1
1788563030.8711,2547375,V,1073,943,-1
1788563030.8711,2547383,V,1075,945,-1
1788563030.8711,2547391,V,1075,945,-1
1788563030.8711,2547399,V,1075,945,-1
1788563030.9197,2547412,V,1076,946,33591
1788563030.9198,2547420,V,1073,943,-1
1788563030.9198,2547428,V,1079,948,-1
1788563030.9198,2547436,V,1076,946,-1
1788563030.9198,2547444,V,1076,946,-1
1788563030.9198,2547452,V,1078,947,-1
1788563030.9707,2547466,V,1075,945,33592
1788563030.9707,2547474,V,1078,947,-1
1788563030.9707,2547482,V,1077,947,-1
1788563030.9707,2547490,V,1077,947,-1
1788563030.9708,2547498,V,1076,946,-1
1788563030.9708,2547506,V,1077,947,-1
1788563031.0195,2547520,V,1081,950,33593
1788563031.0196,2547528,V,1078,947,-1
1788563031.0196,2547536,V,1079,948,-1
1788563031.0196,2547544,V,1080,949,-1
1788563031.0196,2547552,V,1082,951,-1
1788563031.0196,2547560,V,1075,945,-1
1788563031.0660,2547573,V,1078,947,33594
1788563031.0660,2547581,V,1077,947,-1
1788563031.0660,2547589,V,1080,949,-1
1788563031.0660,2547597,V,1078,947,-1
1788563031.0660,2547605,V,1081,950,-1
1788563031.0660,2547613,V,1080,949,-1
1788563031.1635,2547627,V,1079,948,33595
1788563031.1637,2547635,V,1077,947,-1
1788563031.1637,2547643,V,1079,948,-1
1788563031.1637,2547651,V,1077,947,-1
1788563031.1637,2547659,V,1077,947,-1
1788563031.1637,2547667,V,1074,944,-1
1788563031.2122,2547681,V,1077,947,33596
1788563031.2122,2547689,V,1078,947,-1
1788563031.2122,2547697,V,1077,947,-1
1788563031.2122,2547705,V,1076,946,-1
1788563031.2122,2547713,V,1077,947,-1
1788563031.2122,2547721,V,1075,945,-1
1788563031.2624,2547735,V,1072,942,33597
1788563031.2624,2547743,V,1072,942,-1
1788563031.2624,2547751,V,1075,945,-1
1788563031.2625,2547759,V,1071,941,-1
1788563031.2625,2547767,V,1074,944,-1
1788563031.2625,2547775,V,1068,939,-1
1788563031.3114,2547789,V,1070,940,33598
1788563031.3114,2547797,V,1067,938,-1
1788563031.3115,2547805,V,1065,936,-1
1788563031.3115,2547813,V,1056,928,-1
1788563031.3115,2547821,V,1041,915,-1
1788563031.3115,2547829,V,1030,905,-1
1788563031.3591,2547842,V,1021,897,33599
1788563031.3591,2547850,V,1001,880,-1
1788563031.3591,2547858,V,957,841,-1
1788563031.3591,2547866,V,830,729,-1
1788563031.3591,2547874,V,759,667,-1
1788563031.3591,2547882,V,717,630,-1
1788563031.4071,2547896,V,680,598,33600
1788563031.4073,2547904,V,672,591,-1
1788563031.4073,2547912,V,648,570,-1
1788563031.4073,2547920,V,624,548,-1
1788563031.4074,2547928,V,600,527,-1
1788563031.4074,2547936,V,573,504,-1
1788563031.4559,2547950,V,584,513,33601
1788563031.4559,2547958,V,566,497,-1
1788563031.4559,2547966,V,539,474,-1
1788563031.4559,2547974,V,551,484,-1
1788563031.4559,2547982,V,525,461,-1
1788563031.4559,2547990,V,536,471,-1
1788563031.5046,2548003,V,528,464,33602
1788563031.5046,2548011,V,591,519,-1
1788563031.5047,2548019,V,544,478,-1
1788563031.5047,2548027,V,526,462,-1
1788563031.5047,2548035,V,519,456,-1
1788563031.5047,2548043,V,513,451,-1
1788563031.5548,2548057,V,516,454,33603
1788563031.5548,2548065,V,506,445,-1
1788563031.5548,2548073,V,505,444,-1
1788563031.5548,2548081,V,492,432,-1
1788563031.5551,2548089,V,529,465,-1
1788563031.5551,2548097,V,505,444,-1
1788563031.6028,2548111,V,513,451,33604
1788563031.6029,2548119,V,517,454,-1
1788563031.6029,2548127,V,488,429,-1
1788563031.6029,2548135,V,503,442,-1
1788563031.6029,2548143,V,494,434,-1
1788563031.6029,2548151,V,511,449,-1
1788563031.6995,2548165,V,490,431,33605
1788563031.6996,2548173,V,497,437,-1
1788563031.6996,2548181,V,515,453,-1
1788563031.6996,2548189,V,523,460,-1
1788563031.6996,2548197,V,506,445,-1
1788563031.6996,2548205,V,500,439,-1
1788563031.7484,2548218,V,516,454,33606
1788563031.7484,2548226,V,510,448,-1
1788563031.7484,2548234,V,519,456,-1
1788563031.7484,2548242,V,515,453,-1
1788563031.7484,2548250,V,498,438,-1
1788563031.7484,2548258,V,514,452,-1
1788563031.8470,2548272,V,492,432,33607
1788563031.8470,2548280,V,517,454,-1
1788563031.8470,2548288,V,505,444,-1
1788563031.8470,2548296,V,520,457,-1
1788563031.8470,2548304,V,503,442,-1
1788563031.8470,2548312,V,487,428,-1
1788563031.8474,2548326,V,544,478,33608
1788563031.8474,2548334,V,505,444,-1
1788563031.8474,2548342,V,520,457,-1
1788563031.8474,2548350,V,526,462,-1
1788563031.8474,2548358,V,500,439,-1
1788563031.8474,2548366,V,520,457,-1
1788563031.8960,2548380,V,536,471,33609
1788563031.8960,2548388,V,504,443,-1
1788563031.8960,2548396,V,506,445,-1
1788563031.8960,2548404,V,507,446,-1
1788563031.8960,2548412,V,494,434,-1
1788563031.8960,2548420,V,500,439,-1
1788563031.9431,2548433,V,535,470,33610
1788563031.9431,2548441,V,502,441,-1
1788563031.9431,2548449,V,551,484,-1
1788563031.9431,2548457,V,490,431,-1
1788563031.9431,2548465,V,495,435,-1
1788563031.9431,2548473,V,501,440,-1
1788563031.9918,2548487,V,514,452,33611
1788563031.9918,2548495,V,526,462,-1
1788563031.9918,2548503,V,513,451,-1
1788563031.9918,2548511,V,529,465,-1
1788563031.9918,2548519,V,503,442,-1
1788563031.9918,2548527,V,509,447,-1
1788563032.0405,2548541,V,511,449,33612
1788563032.0405,2548549,V,508,446,-1
1788563032.0405,2548557,V,509,447,-1
1788563032.0405,2548565,V,532,468,-1
1788563032.0405,2548573,V,538,473,-1
1788563032.0405,2548581,V,545,479,-1
1788563032.0895,2548595,V,515,453,33613
1788563032.0895,2548603,V,497,437,-1
1788563032.0895,2548611,V,517,454,-1
1788563032.0895,2548619,V,499,439,-1
1788563032.0895,2548627,V,520,457,-1
1788563032.0896,2548635,V,516,454,-1
1788563032.1410,2548648,V,485,426,33614
1788563032.1411,2548656,V,538,473,-1
1788563032.1411,2548664,V,537,472,-1
1788563032.1411,2548672,V,525,461,-1
1788563032.1411,2548680,V,520,457,-1
1788563032.1411,2548688,V,504,443,-1
1788563032.2368,2548702,V,537,472,33615
1788563032.2369,2548710,V,538,473,-1
1788563032.2369,2548718,V,554,487,-1
1788563032.2369,2548726,V,555,488,-1
1788563032.2369,2548734,V,543,477,-1
1788563032.2369,2548742,V,555,488,-1
1788563032.3337,2548756,V,575,505,33616
1788563032.3338,2548764,V,572,503,-1
1788563032.3338,2548772,V,541,475,-1
1788563032.3338,2548780,V,580,510,-1
1788563032.3338,2548788,V,589,518,-1
1788563032.3338,2548796,V,594,522,-1
1788563032.3356,2548809,V,628,552,33617
1788563032.3356,2548817,V,669,588,-1
1788563032.3356,2548825,V,698,613,-1
1788563032.3356,2548833,V,929,817,-1
1788563032.3356,2548841,V,1030,905,-1
1788563032.3356,2548849,V,1042,916,-1
1788563032.3831,2548863,V,1079,948,33618
1788563032.3832,2548871,V,1065,936,-1
1788563032.3832,2548879,V,999,878,-1
1788563032.3832,2548887,V,1028,904,-1
1788563032.3833,2548895,V,1085,954,-1
1788563032.3833,2548903,V,1088,956,-1
1788563032.4309,2548917,V,1060,932,33619
1788563032.4310,2548925,V,1041,915,-1
1788563032.4310,2548933,V,1053,925,-1
1788563032.4310,2548941,V,1069,940,-1
1788563032.4310,2548949,V,1080,949,-1
1788563032.4310,2548957,V,1075,945,-1
1788563032.4809,2548971,V,1069,940,33620
1788563032.4810,2548979,V,1067,938,-1
1788563032.4810,2548987,V,1066,937,-1
1788563032.4810,2548995,V,1075,945,-1
1788563032.4810,2549003,V,1076,946,-1
1788563032.4810,2549011,V,1083,952,-1
1788563032.6271,2549024,V,1087,955,33621
1788563032.6271,2549032,V,1084,953,-1
1788563032.6271,2549040,V,1085,954,-1
1788563032.6271,2549048,V,1084,953,-1
1788563032.6271,2549056,V,1085,954,-1
1788563032.6271,2549064,V,1082,951,-1
1788563032.6291,2549078,V,1077,947,33622
1788563032.6291,2549086,V,1079,948,-1
1788563032.6292,2549094,V,1078,947,-1
1788563032.6292,2549102,V,1085,954,-1
1788563032.6292,2549110,V,1078,947,-1
1788563032.6292,2549118,V,1080,949,-1
1788563032.6294,2549132,V,1087,955,33623
1788563032.6294,2549140,V,1080,949,-1
1788563032.6295,2549148,V,1082,951,-1
1788563032.6295,2549156,V,1085,954,-1
1788563032.6295,2549164,V,1079,948,-1
1788563032.6295,2549172,V,1082,951,-1
1788563032.6754,2549185,V,1087,955,33624
1788563032.6754,2549193,V,1087,955,-1
1788563032.6754,2549201,V,1084,953,-1
1788563032.6754,2549209,V,1081,950,-1
1788563032.6754,2549217,V,1087,955,-1
1788563032.6754,2549225,V,1088,956,-1
1788563032.7750,2549239,V,1088,956,33625
1788563032.7752,2549247,V,1084,953,-1
1788563032.7752,2549255,V,1086,954,-1
1788563032.7752,2549263,V,1087,955,-1
1788563032.7752,2549271,V,1087,955,-1
1788563032.7752,2549279,V,1084,953,-1
1788563032.8225,2549293,V,1090,958,33626
1788563032.8225,2549301,V,1089,957,-1
1788563032.8225,2549309,V,1090,958,-1
1788563032.8225,2549317,V,1087,955,-1
1788563032.8225,2549325,V,1082,951,-1
1788563032.8225,2549333,V,1091,959,-1
1788563032.8699,2549347,V,1089,957,33627
1788563032.8700,2549355,V,1091,959,-1
1788563032.8700,2549363,V,1090,958,-1
1788563032.8700,2549371,V,1087,955,-1
1788563032.8700,2549379,V,1087,955,-1
1788563032.8700,2549387,V,1085,954,-1
1788563032.9184,2549400,V,1089,957,33628
1788563032.9185,2549408,V,1089,957,-1
1788563032.9185,2549416,V,1088,956,-1
1788563032.9185,2549424,V,1092,960,-1
1788563032.9185,2549432,V,1087,955,-1
1788563032.9185,2549440,V,1090,958,-1
1788563032.9674,2549454,V,1091,959,33629
1788563032.9675,2549462,V,1093,961,-1
1788563032.9675,2549470,V,1091,959,-1
1788563032.9675,2549478,V,1085,954,-1
1788563032.9675,2549486,V,1086,954,-1
1788563032.9675,2549494,V,1084,953,-1
1788563033.0161,2549508,V,1090,958,33630
1788563033.0162,2549516,V,1085,954,-1
1788563033.0162,2549524,V,1085,954,-1
1788563033.0162,2549532,V,1084,953,-1
1788563033.0162,2549540,V,1081,950,-1
1788563033.0162,2549548,V,1080,949,-1
1788563033.0666,2549562,V,1083,952,33631
1788563033.0667,2549570,V,1082,951,-1
1788563033.0667,2549578,V,1082,951,-1
1788563033.0667,2549586,V,1080,949,-1
1788563033.0667,2549594,V,1078,947,-1
1788563033.0667,2549602,V,1079,948,-1
1788563033.1625,2549615,V,1075,945,33632
1788563033.1625,2549623,V,1075,945,-1
1788563033.1626,2549631,V,1069,940,-1
1788563033.1626,2549639,V,1063,934,-1
1788563033.1626,2549647,V,1056,928,-1
1788563033.1626,2549655,V,1050,923,-1
1788563033.1635,2549669,V,1042,916,33633
1788563033.1635,2549677,V,1035,910,-1
1788563033.1635,2549685,V,1025,901,-1
1788563033.1635,2549693,V,1005,883,-1
1788563033.1635,2549701,V,941,827,-1
1788563033.1635,2549709,V,830,729,-1
1788563033.2600,2549723,V,783,688,33634
1788563033.2602,2549731,V,742,652,-1
1788563033.2602,2549739,V,713,627,-1
1788563033.2603,2549747,V,699,614,-1
1788563033.2603,2549755,V,676,594,-1
1788563033.2603,2549763,V,675,593,-1
1788563033.3594,2549777,V,664,584,33635
1788563033.3594,2549785,V,612,538,-1
1788563033.3594,2549793,V,601,528,-1
1788563033.3594,2549801,V,605,532,-1
1788563033.3594,2549809,V,593,521,-1
1788563033.3594,2549817,V,576,506,-1
1788563033.3597,2549830,V,580,510,33636
1788563033.3597,2549838,V,561,493,-1
1788563033.3597,2549846,V,558,490,-1
1788563033.3597,2549854,V,562,494,-1
1788563033.3597,2549862,V,536,471,-1
1788563033.3597,2549870,V,509,447,-1
1788563033.4083,2549884,V,555,488,33637
1788563033.4083,2549892,V,540,475,-1
1788563033.4083,2549900,V,521,458,-1
1788563033.4083,2549908,V,511,449,-1
1788563033.4083,2549916,V,522,459,-1
1788563033.4084,2549924,V,525,461,-1
1788563033.4550,2549938,V,505,444,33638
1788563033.4550,2549946,V,493,433,-1
1788563033.4550,2549954,V,519,456,-1
1788563033.4550,2549962,V,517,454,-1
1788563033.4550,2549970,V,512,450,-1
1788563033.4550,2549978,V,521,458,-1
1788563033.5040,2549991,V,531,467,33639
1788563033.5042,2549999,V,540,475,-1
1788563033.5043,2550007,V,524,461,-1
1788563033.5043,2550015,V,542,476,-1
1788563033.5043,2550023,V,523,460,-1
1788563033.5043,2550031,V,514,452,-1
1788563033.5525,2550045,V,534,469,33640
1788563033.5526,2550053,V,537,472,-1
1788563033.5526,2550061,V,499,439,-1
1788563033.5526,2550069,V,523,460,-1
1788563033.5526,2550077,V,508,446,-1
1788563033.5526,2550085,V,484,425,-1
1788563033.6013,2550099,V,478,420,33641
1788563033.6013,2550107,V,521,458,-1
1788563033.6013,2550115,V,494,434,-1
1788563033.6013,2550123,V,500,439,-1
1788563033.6013,2550131,V,545,479,-1
1788563033.6013,2550139,V,495,435,-1
1788563033.6515,2550153,V,496,436,33642
1788563033.6515,2550161,V,491,432,-1
1788563033.6515,2550169,V,519,456,-1
1788563033.6515,2550177,V,487,428,-1
1788563033.6515,2550185,V,524,461,-1
1788563033.6515,2550193,V,514,452,-1
1788563033.6994,2550206,V,550,483,33643
1788563033.6995,2550214,V,522,459,-1
1788563033.6995,2550222,V,499,439,-1
1788563033.6995,2550230,V,511,449,-1
1788563033.6995,2550238,V,518,455,-1
1788563033.6995,2550246,V,508,446,-1
1788563033.7961,2550260,V,485,426,33644
1788563033.7963,2550268,V,523,460,-1
1788563033.7963,2550276,V,520,457,-1
1788563033.7963,2550284,V,509,447,-1
1788563033.7963,2550292,V,499,439,-1
1788563033.7963,2550300,V,521,458,-1
1788563033.8451,2550314,V,481,423,33645
1788563033.8452,2550322,V,535,470,-1
1788563033.8452,2550330,V,532,468,-1
1788563033.8452,2550338,V,505,444,-1
1788563033.8452,2550346,V,520,457,-1
1788563033.8452,2550354,V,519,456,-1
1788563033.8937,2550368,V,498,438,33646
1788563033.8937,2550376,V,521,458,-1
1788563033.8937,2550384,V,510,448,-1
1788563033.8937,2550392,V,522,459,-1
1788563033.8937,2550400,V,501,440,-1
1788563033.8937,2550408,V,478,420,-1
1788563033.9433,2550421,V,519,456,33647
1788563033.9433,2550429,V,510,448,-1
1788563033.9433,2550437,V,511,449,-1
1788563033.9433,2550445,V,528,464,-1
1788563033.9433,2550453,V,521,458,-1
1788563033.9433,2550461,V,515,453,-1
1788563033.9925,2550475,V,508,446,33648
1788563033.9926,2550483,V,517,454,-1
1788563033.9926,2550491,V,506,445,-1
1788563033.9926,2550499,V,502,441,-1
1788563033.9926,2550507,V,505,444,-1
1788563033.9926,2550515,V,512,450,-1
1788563034.0888,2550529,V,518,455,33649
1788563034.0889,2550537,V,537,472,-1
1788563034.0890,2550545,V,546,480,-1
1788563034.0890,2550553,V,526,462,-1
1788563034.0890,2550561,V,489,430,-1
1788563034.0890,2550569,V,498,438,-1
1788563034.0898,2550583,V,522,459,33650
1788563034.0898,2550591,V,528,464,-1
1788563034.0899,2550599,V,514,452,-1
1788563034.0899,2550607,V,516,454,-1
1788563034.0899,2550615,V,524,461,-1
1788563034.0899,2550623,V,526,462,-1
1788563034.1376,2550636,V,522,459,33651
1788563034.1376,2550644,V,585,514,-1
1788563034.1376,2550652,V,534,469,-1
1788563034.1376,2550660,V,549,483,-1
1788563034.1376,2550668,V,528,464,-1
1788563034.1376,2550676,V,553,486,-1
1788563034.1861,2550690,V,530,466,33652
1788563034.1861,2550698,V,548,482,-1
1788563034.1861,2550706,V,549,483,-1
1788563034.1861,2550714,V,586,515,-1
1788563034.1861,2550722,V,565,497,-1
1788563034.1861,2550730,V,628,552,-1
1788563034.2382,2550744,V,628,552,33653
1788563034.2382,2550752,V,663,583,-1
1788563034.2382,2550760,V,687,604,-1
1788563034.2383,2550768,V,828,728,-1
1788563034.2383,2550776,V,1044,918,-1
1788563034.2383,2550784,V,1070,940,-1
1788563034.3348,2550798,V,1094,962,33654
1788563034.3350,2550806,V,987,867,-1
1788563034.3350,2550814,V,849,746,-1
1788563034.3350,2550822,V,1039,913,-1
1788563034.3350,2550830,V,1080,949,-1
1788563034.3350,2550838,V,1040,914,-1
1788563034.4301,2550851,V,1006,884,33655
1788563034.4301,2550859,V,1044,918,-1
1788563034.4301,2550867,V,1074,944,-1
1788563034.4301,2550875,V,1081,950,-1
1788563034.4301,2550883,V,1079,948,-1
1788563034.4301,2550891,V,1068,939,-1
1788563034.4310,2550905,V,1055,927,33656
1788563034.4310,2550913,V,1057,929,-1
1788563034.4310,2550921,V,1064,935,-1
1788563034.4310,2550929,V,1066,937,-1
1788563034.4310,2550937,V,1074,944,-1
1788563034.4310,2550945,V,1070,940,-1
1788563034.4796,2550959,V,1073,943,33657
1788563034.4796,2550967,V,1072,942,-1
1788563034.4796,2550975,V,1071,941,-1
1788563034.4796,2550983,V,1065,936,-1
1788563034.4796,2550991,V,1068,939,-1
1788563034.4796,2550999,V,1069,940,-1
1788563034.5281,2551012,V,1063,934,33658
1788563034.5281,2551020,V,1069,940,-1
1788563034.5281,2551028,V,1062,933,-1
1788563034.5281,2551036,V,1066,937,-1
1788563034.5281,2551044,V,1064,935,-1
1788563034.5281,2551052,V,1068,939,-1
1788563034.5778,2551066,V,1065,936,33659
1788563034.5780,2551074,V,1067,938,-1
1788563034.5780,2551082,V,1067,938,-1
1788563034.5780,2551090,V,1066,937,-1
1788563034.5780,2551098,V,1066,937,-1
1788563034.5781,2551106,V,1069,940,-1
1788563034.6290,2551120,V,1070,940,33660
1788563034.6290,2551128,V,1070,940,-1
1788563034.6290,2551136,V,1071,941,-1
1788563034.6290,2551144,V,1070,940,-1
1788563034.6290,2551152,V,1069,940,-1
1788563034.6290,2551160,V,1069,940,-1
1788563034.6745,2551174,V,1070,940,33661
1788563034.6745,2551182,V,1075,945,-1
1788563034.6745,2551190,V,1067,938,-1
1788563034.6745,2551198,V,1072,942,-1
1788563034.6745,2551206,V,1074,944,-1
1788563034.6745,2551214,V,1077,947,-1
1788563034.7259,2551227,V,1074,944,33662
1788563034.7259,2551235,V,1071,941,-1
1788563034.7259,2551243,V,1078,947,-1
1788563034.7259,2551251,V,1074,944,-1
1788563034.7259,2551259,V,1077,947,-1
1788563034.7259,2551267,V,1075,945,-1
1788563034.7719,2551281,V,1072,942,33663
1788563034.7719,2551289,V,1075,945,-1
1788563034.7719,2551297,V,1071,941,-1
1788563034.7719,2551305,V,1078,947,-1
1788563034.7719,2551313,V,1079,948,-1
1788563034.7719,2551321,V,1081,950,-1
1788563034.8696,2551335,V,1079,948,33664
1788563034.8698,2551343,V,1079,948,-1
1788563034.8698,2551351,V,1075,945,-1
1788563034.8698,2551359,V,1079,948,-1
1788563034.8698,2551367,V,1080,949,-1
1788563034.8698,2551375,V,1075,945,-1
1788563034.9188,2551389,V,1081,950,33665
1788563034.9188,2551397,V,1077,947,-1
1788563034.9188,2551405,V,1084,953,-1
1788563034.9189,2551413,V,1082,951,-1
1788563034.9189,2551421,V,1082,951,-1
1788563034.9189,2551429,V,1082,951,-1
1788563034.9660,2551442,V,1079,948,33666
1788563034.9660,2551450,V,1081,950,-1
1788563034.9661,2551458,V,1084,953,-1
1788563034.9661,2551466,V,1085,954,-1
1788563034.9661,2551474,V,1083,952,-1
1788563034.9661,2551482,V,1088,956,-1
1788563035.0146,2551496,V,1083,952,33667
1788563035.0146,2551504,V,1085,954,-1
1788563035.0146,2551512,V,1086,954,-1
1788563035.0146,2551520,V,1085,954,-1
1788563035.0146,2551528,V,1084,953,-1
1788563035.0147,2551536,V,1082,951,-1
1788563035.0634,2551550,V,1089,957,33668
1788563035.0634,2551558,V,1083,952,-1
1788563035.0634,2551566,V,1088,956,-1
1788563035.0634,2551574,V,1088,956,-1
1788563035.0634,2551582,V,1081,950,-1
1788563035.0634,2551590,V,1086,954,-1
1788563035.1121,2551604,V,1087,955,33669
1788563035.1122,2551612,V,1085,954,-1
1788563035.1122,2551620,V,1087,955,-1
1788563035.1122,2551628,V,1086,954,-1
1788563035.1123,2551636,V,1085,954,-1
1788563035.1123,2551644,V,1089,957,-1
1788563035.1623,2551657,V,1086,954,33670
1788563035.1623,2551665,V,1084,953,-1
1788563035.1623,2551673,V,1084,953,-1
1788563035.1623,2551681,V,1085,954,-1
1788563035.1624,2551689,V,1085,954,-1
1788563035.1624,2551697,V,1085,954,-1
1788563035.2115,2551711,V,1089,957,33671
1788563035.2115,2551719,V,1085,954,-1
1788563035.2115,2551727,V,1083,952,-1
1788563035.2115,2551735,V,1086,954,-1
1788563035.2115,2551743,V,1085,954,-1
1788563035.2115,2551751,V,1087,955,-1
1788563035.2584,2551765,V,1087,955,33672
1788563035.2585,2551773,V,1087,955,-1
1788563035.2585,2551781,V,1086,954,-1
1788563035.2585,2551789,V,1086,954,-1
1788563035.2585,2551797,V,1088,956,-1
1788563035.2585,2551805,V,1092,960,-1
1788563035.3561,2551818,V,1089,957,33673
1788563035.3562,2551826,V,1085,954,-1
1788563035.3562,2551834,V,1086,954,-1
1788563035.3562,2551842,V,1080,949,-1
1788563035.3562,2551850,V,1065,936,-1
1788563035.3562,2551858,V,1046,919,-1
1788563035.4046,2551872,V,1025,901,33674
1788563035.4047,2551880,V,1014,891,-1
1788563035.4047,2551888,V,997,876,-1
1788563035.4047,2551896,V,963,846,-1
1788563035.4047,2551904,V,890,782,-1
1788563035.4047,2551912,V,799,702,-1
1788563035.4562,2551926,V,753,662,33675
1788563035.4562,2551934,V,727,639,-1
1788563035.4562,2551942,V,691,607,-1
1788563035.4562,2551950,V,672,591,-1
1788563035.4562,2551958,V,654,575,-1
1788563035.4562,2551966,V,639,562,-1
1788563035.5030,2551980,V,620,545,33676
1788563035.5030,2551988,V,616,541,-1
1788563035.5030,2551996,V,592,520,-1
1788563035.5031,2552004,V,586,515,-1
1788563035.5031,2552012,V,586,515,-1
1788563035.5031,2552020,V,570,501,-1
1788563035.5509,2552034,V,574,504,33677
1788563035.5509,2552042,V,554,487,-1
1788563035.5509,2552050,V,567,498,-1
1788563035.5509,2552058,V,541,475,-1
1788563035.5509,2552066,V,541,475,-1
1788563035.5509,2552074,V,535,470,-1
1788563035.5996,2552087,V,530,466,33678
1788563035.5997,2552095,V,503,442,-1
1788563035.5998,2552103,V,519,456,-1
1788563035.5998,2552111,V,511,449,-1
1788563035.5998,2552119,V,518,455,-1
1788563035.5998,2552127,V,518,455,-1
1788563035.6494,2552141,V,522,459,33679
1788563035.6494,2552149,V,512,450,-1
1788563035.6494,2552157,V,529,465,-1
1788563035.6494,2552165,V,506,445,-1
1788563035.6494,2552173,V,522,459,-1
1788563035.6494,2552181,V,499,439,-1
1788563035.6972,2552195,V,528,464,33680
1788563035.6972,2552203,V,500,439,-1
1788563035.6972,2552211,V,511,449,-1
1788563035.6972,2552219,V,494,434,-1
1788563035.6972,2552227,V,490,431,-1
1788563035.6972,2552235,V,490,431,-1
1788563035.7483,2552248,V,524,461,33681
1788563035.7483,2552256,V,514,452,-1
1788563035.7483,2552264,V,494,434,-1
1788563035.7483,2552272,V,513,451,-1
1788563035.7483,2552280,V,494,434,-1
1788563035.7483,2552288,V,527,463,-1
1788563035.7970,2552302,V,532,468,33682
1788563035.7970,2552310,V,508,446,-1
1788563035.7970,2552318,V,485,426,-1
1788563035.7970,2552326,V,499,439,-1
1788563035.7970,2552334,V,512,450,-1
1788563035.7971,2552342,V,498,438,-1
1788563035.8922,2552356,V,515,453,33683
1788563035.8923,2552364,V,522,459,-1
1788563035.8923,2552372,V,517,454,-1
1788563035.8923,2552380,V,515,453,-1
1788563035.8923,2552388,V,531,467,-1
1788563035.8923,2552396,V,517,454,-1
1788563035.9418,2552410,V,516,454,33684
1788563035.9418,2552418,V,524,461,-1
1788563035.9418,2552426,V,517,454,-1
1788563035.9419,2552434,V,535,470,-1
1788563035.9419,2552442,V,502,441,-1
1788563035.9419,2552450,V,517,454,-1
1788563035.9896,2552463,V,513,451,33685
1788563035.9897,2552471,V,485,426,-1
1788563035.9897,2552479,V,489,430,-1
1788563035.9898,2552487,V,522,459,-1
1788563035.9898,2552495,V,510,448,-1
1788563035.9898,2552503,V,497,437,-1
1788563036.0402,2552517,V,505,444,33686
1788563036.0402,2552525,V,531,467,-1
1788563036.0402,2552533,V,499,439,-1
1788563036.0403,2552541,V,513,451,-1
1788563036.0403,2552549,V,526,462,-1
1788563036.0403,2552557,V,512,450,-1
1788563036.0878,2552571,V,519,456,33687
1788563036.0878,2552579,V,532,468,-1
1788563036.0878,2552587,V,510,448,-1
1788563036.0878,2552595,V,526,462,-1
1788563036.0878,2552603,V,542,476,-1
1788563036.0878,2552611,V,552,485,-1
1788563036.1358,2552625,V,529,465,33688
1788563036.1360,2552633,V,537,472,-1
1788563036.1360,2552641,V,555,488,-1
1788563036.1360,2552649,V,547,481,-1
1788563036.1360,2552657,V,549,483,-1
1788563036.1360,2552665,V,538,473,-1
1788563036.1847,2552678,V,556,489,33689
1788563036.1847,2552686,V,579,509,-1
1788563036.1847,2552694,V,588,517,-1
1788563036.1847,2552702,V,602,529,-1
1788563036.1847,2552710,V,637,560,-1
1788563036.1847,2552718,V,666,585,-1
1788563036.2333,2552732,V,693,609,33690
1788563036.2333,2552740,V,871,766,-1
1788563036.2333,2552748,V,1029,904,-1
1788563036.2333,2552756,V,1060,932,-1
1788563036.2333,2552764,V,1098,965,-1
1788563036.2333,2552772,V,1093,961,-1
1788563036.2822,2552786,V,1009,887,33691
1788563036.2822,2552794,V,1088,956,-1
1788563036.2822,2552802,V,1121,985,-1
1788563036.2822,2552810,V,1107,973,-1
1788563036.2822,2552818,V,1074,944,-1
1788563036.2822,2552826,V,1054,926,-1
1788563036.3321,2552840,V,1066,937,33692
1788563036.3321,2552848,V,1085,954,-1
1788563036.3321,2552856,V,1086,954,-1
1788563036.3321,2552864,V,1086,954,-1
1788563036.3321,2552872,V,1087,955,-1
1788563036.3321,2552880,V,1088,956,-1
1788563036.4305,2552893,V,1093,961,33693
1788563036.4307,2552901,V,1092,960,-1
1788563036.4307,2552909,V,1101,968,-1
1788563036.4307,2552917,V,1106,972,-1
1788563036.4307,2552925,V,1103,969,-1
1788563036.4307,2552933,V,1108,974,-1
1788563036.5262,2552947,V,1105,971,33694
1788563036.5262,2552955,V,1103,969,-1
1788563036.5262,2552963,V,1103,969,-1
1788563036.5262,2552971,V,1100,967,-1
1788563036.5262,2552979,V,1100,967,-1
1788563036.5262,2552987,V,1096,963,-1
1788563036.5272,2553001,V,1101,968,33695
1788563036.5272,2553009,V,1102,969,-1
1788563036.5272,2553017,V,1101,968,-1
1788563036.5272,2553025,V,1103,969,-1
1788563036.5272,2553033,V,1106,972,-1
1788563036.5272,2553041,V,1104,970,-1
1788563036.5750,2553054,V,1107,973,33696
1788563036.5750,2553062,V,1107,973,-1
1788563036.5751,2553070,V,1106,972,-1
1788563036.5751,2553078,V,1108,974,-1
1788563036.5751,2553086,V,1104,970,-1
1788563036.5751,2553094,V,1106,972,-1
1788563036.6234,2553108,V,1105,971,33697
1788563036.6234,2553116,V,1107,973,-1
1788563036.6234,2553124,V,1106,972,-1
1788563036.6234,2553132,V,1108,974,-1
1788563036.6234,2553140,V,1110,976,-1
1788563036.6234,2553148,V,1107,973,-1
1788563036.6745,2553162,V,1107,973,33698
1788563036.6746,2553170,V,1109,975,-1
1788563036.6746,2553178,V,1108,974,-1
1788563036.6746,2553186,V,1107,973,-1
1788563036.6747,2553194,V,1105,971,-1
1788563036.6747,2553202,V,1104,970,-1
1788563036.7233,2553216,V,1109,975,33699
1788563036.7233,2553224,V,1111,976,-1
1788563036.7234,2553232,V,1107,973,-1
1788563036.7234,2553240,V,1109,975,-1
1788563036.7234,2553248,V,1110,976,-1
1788563036.7234,2553256,V,1108,974,-1
1788563036.7711,2553269,V,1108,974,33700
1788563036.7711,2553277,V,1108,974,-1
1788563036.7712,2553285,V,1108,974,-1
1788563036.7712,2553293,V,1109,975,-1
1788563036.7712,2553301,V,1110,976,-1
1788563036.7712,2553309,V,1107,973,-1
1788563036.8197,2553323,V,1112,977,33701
1788563036.8197,2553331,V,1112,977,-1
1788563036.8197,2553339,V,1112,977,-1
1788563036.8197,2553347,V,1113,978,-1
1788563036.8197,2553355,V,1113,978,-1
1788563036.8197,2553363,V,1113,978,-1
1788563036.8682,2553377,V,1110,976,33702
1788563036.8682,2553385,V,1112,977,-1
1788563036.8682,2553393,V,1109,975,-1
1788563036.8682,2553401,V,1114,979,-1
1788563036.8682,2553409,V,1110,976,-1
1788563036.8682,2553417,V,1110,976,-1
1788563036.9673,2553430,V,1113,978,33703
1788563036.9674,2553438,V,1115,980,-1
1788563036.9674,2553446,V,1113,978,-1
1788563036.9674,2553454,V,1114,979,-1
1788563036.9674,2553462,V,1113,978,-1
1788563036.9674,2553470,V,1112,977,-1
1788563037.0154,2553484,V,1113,978,33704
1788563037.0154,2553492,V,1110,976,-1
1788563037.0154,2553500,V,1110,976,-1
1788563037.0154,2553508,V,1115,980,-1
1788563037.0154,2553516,V,1110,976,-1
1788563037.0154,2553524,V,1106,972,-1
1788563037.0619,2553538,V,1108,974,33705
1788563037.0620,2553546,V,1108,974,-1
1788563037.0620,2553554,V,1105,971,-1
1788563037.0620,2553562,V,1106,972,-1
1788563037.0620,2553570,V,1104,970,-1
1788563037.0620,2553578,V,1105,971,-1
1788563037.1113,2553592,V,1101,968,33706
1788563037.1113,2553600,V,1103,969,-1
1788563037.1113,2553608,V,1100,967,-1
1788563037.1113,2553616,V,1102,969,-1
1788563037.1113,2553624,V,1101,968,-1
1788563037.1113,2553632,V,1097,964,-1
1788563037.1598,2553645,V,1094,962,33707
1788563037.1598,2553653,V,1092,960,-1
1788563037.1598,2553661,V,1093,961,-1
1788563037.1599,2553669,V,1090,958,-1
1788563037.1599,2553677,V,1092,960,-1
1788563037.1599,2553685,V,1091,959,-1
1788563037.2094,2553699,V,1085,954,33708
1788563037.2095,2553707,V,1084,953,-1
1788563037.2095,2553715,V,1077,947,-1
1788563037.2095,2553723,V,1070,940,-1
1788563037.2095,2553731,V,1067,938,-1
1788563037.2095,2553739,V,1056,928,-1
1788563037.2615,2553753,V,1040,914,33709
1788563037.2615,2553761,V,1034,909,-1
1788563037.2616,2553769,V,1022,898,-1
1788563037.2616,2553777,V,1015,892,-1
1788563037.2616,2553785,V,989,869,-1
1788563037.2616,2553793,V,971,853,-1
1788563037.3078,2553807,V,938,824,33710
1788563037.3079,2553815,V,836,735,-1
1788563037.3079,2553823,V,784,689,-1
1788563037.3079,2553831,V,747,657,-1
1788563037.3079,2553839,V,723,635,-1
1788563037.3079,2553847,V,697,613,-1
1788563037.3561,2553860,V,697,613,33711
1788563037.3561,2553868,V,665,584,-1
1788563037.3561,2553876,V,659,579,-1
1788563037.3561,2553884,V,633,556,-1
1788563037.3561,2553892,V,620,545,-1
1788563037.3561,2553900,V,614,540,-1
1788563037.4048,2553914,V,605,532,33712
1788563037.4049,2553922,V,600,527,-1
1788563037.4049,2553930,V,579,509,-1
1788563037.4049,2553938,V,585,514,-1
1788563037.4049,2553946,V,573,504,-1
1788563037.4049,2553954,V,583,512,-1
1788563037.5023,2553968,V,575,505,33713
1788563037.5025,2553976,V,550,483,-1
1788563037.5025,2553984,V,548,482,-1
1788563037.5026,2553992,V,519,456,-1
1788563037.5026,2554000,V,551,484,-1
1788563037.5026,2554008,V,536,471,-1
1788563037.5519,2554022,V,552,485,33714
1788563037.5519,2554030,V,536,471,-1
1788563037.5519,2554038,V,513,451,-1
1788563037.5519,2554046,V,524,461,-1
1788563037.5519,2554054,V,556,489,-1
1788563037.5519,2554062,V,527,463,-1
1788563037.5995,2554075,V,512,450,33715
1788563037.5995,2554083,V,542,476,-1
1788563037.5995,2554091,V,504,443,-1
1788563037.5995,2554099,V,518,455,-1
1788563037.5995,2554107,V,514,452,-1
1788563037.5995,2554115,V,526,462,-1
1788563037.6474,2554129,V,506,445,33716
1788563037.6475,2554137,V,513,451,-1
1788563037.6475,2554145,V,503,442,-1
1788563037.6475,2554153,V,507,446,-1
1788563037.6475,2554161,V,519,456,-1
1788563037.6475,2554169,V,515,453,-1
1788563037.6962,2554183,V,513,451,33717
1788563037.6963,2554191,V,500,439,-1
1788563037.6963,2554199,V,501,440,-1
1788563037.6963,2554207,V,501,440,-1
1788563037.6963,2554215,V,509,447,-1
1788563037.6963,2554223,V,510,448,-1
1788563037.7450,2554237,V,519,456,33718
1788563037.7452,2554245,V,527,463,-1
1788563037.7452,2554253,V,524,461,-1
1788563037.7452,2554261,V,536,471,-1
1788563037.7453,2554269,V,500,439,-1
1788563037.7453,2554277,V,515,453,-1
1788563037.7957,2554290,V,484,425,33719
1788563037.7957,2554298,V,528,464,-1
1788563037.7957,2554306,V,498,438,-1
1788563037.7958,2554314,V,529,465,-1
1788563037.7958,2554322,V,512,450,-1
1788563037.7958,2554330,V,493,433,-1
1788563037.8447,2554344,V,498,438,33720
1788563037.8447,2554352,V,499,439,-1
1788563037.8447,2554360,V,492,432,-1
1788563037.8447,2554368,V,481,423,-1
1788563037.8447,2554376,V,511,449,-1
1788563037.8447,2554384,V,503,442,-1
1788563037.8924,2554398,V,517,454,33721
1788563037.8925,2554406,V,521,458,-1
1788563037.8925,2554414,V,487,428,-1
1788563037.8925,2554422,V,487,428,-1
1788563037.8925,2554430,V,497,437,-1
1788563037.8925,2554438,V,510,448,-1
1788563037.9894,2554451,V,493,433,33722
1788563037.9896,2554459,V,497,437,-1
1788563037.9896,2554467,V,512,450,-1
1788563037.9896,2554475,V,498,438,-1
1788563037.9896,2554483,V,521,458,-1
1788563037.9896,2554491,V,505,444,-1
1788563038.0379,2554505,V,504,443,33723
1788563038.0379,2554513,V,514,452,-1
1788563038.0380,2554521,V,539,474,-1
1788563038.0380,2554529,V,514,452,-1
1788563038.0380,2554537,V,503,442,-1
1788563038.0380,2554545,V,520,457,-1
1788563038.0862,2554559,V,507,446,33724
1788563038.0862,2554567,V,479,421,-1
1788563038.0862,2554575,V,521,458,-1
1788563038.0862,2554583,V,525,461,-1
1788563038.0862,2554591,V,511,449,-1
1788563038.0862,2554599,V,508,446,-1
1788563038.1351,2554613,V,537,472,33725
1788563038.1352,2554621,V,539,474,-1
1788563038.1352,2554629,V,522,459,-1
1788563038.1352,2554637,V,566,497,-1
1788563038.1352,2554645,V,540,475,-1
1788563038.1352,2554653,V,526,462,-1
1788563038.1846,2554666,V,523,460,33726
1788563038.1847,2554674,V,544,478,-1
1788563038.1847,2554682,V,528,464,-1
1788563038.1847,2554690,V,533,468,-1
1788563038.1847,2554698,V,557,490,-1
1788563038.1847,2554706,V,583,512,-1
1788563038.2326,2554720,V,559,491,33727
1788563038.2328,2554728,V,577,507,-1
1788563038.2328,2554736,V,609,535,-1
1788563038.2328,2554744,V,600,527,-1
1788563038.2328,2554752,V,621,546,-1
1788563038.2328,2554760,V,638,561,-1
1788563038.2810,2554774,V,676,594,33728
1788563038.2810,2554782,V,733,644,-1
1788563038.2810,2554790,V,1012,889,-1
1788563038.2810,2554798,V,1031,906,-1
1788563038.2810,2554806,V,1055,927,-1
1788563038.2810,2554814,V,1082,951,-1
1788563038.3299,2554827,V,1093,961,33729
1788563038.3299,2554835,V,1096,963,-1
1788563038.3299,2554843,V,1082,951,-1
1788563038.3299,2554851,V,1079,948,-1
1788563038.3299,2554859,V,1101,968,-1
1788563038.3299,2554867,V,1110,976,-1
1788563038.3788,2554881,V,1097,964,33730
1788563038.3789,2554889,V,1089,957,-1
1788563038.3789,2554897,V,1097,964,-1
1788563038.3789,2554905,V,1101,968,-1
1788563038.3789,2554913,V,1101,968,-1
1788563038.3789,2554921,V,1103,969,-1
1788563038.4273,2554935,V,1103,969,33731
1788563038.4273,2554943,V,1101,968,-1
1788563038.4273,2554951,V,1106,972,-1
1788563038.4273,2554959,V,1101,968,-1
1788563038.4273,2554967,V,1104,970,-1
1788563038.4273,2554975,V,1108,974,-1
1788563038.5267,2554989,V,1109,975,33732
1788563038.5268,2554997,V,1109,975,-1
1788563038.5268,2555005,V,1104,970,-1
1788563038.5268,2555013,V,1109,975,-1
1788563038.5268,2555021,V,1106,972,-1
1788563038.5269,2555029,V,1110,976,-1
1788563038.6221,2555042,V,1108,974,33733
1788563038.6222,2555050,V,1107,973,-1
1788563038.6222,2555058,V,1108,974,-1
1788563038.6222,2555066,V,1108,974,-1
1788563038.6222,2555074,V,1111,976,-1
1788563038.6222,2555082,V,1108,974,-1
1788563038.6235,2555096,V,1110,976,33734
1788563038.6235,2555104,V,1107,973,-1
1788563038.6235,2555112,V,1110,976,-1
1788563038.6235,2555120,V,1112,977,-1
1788563038.6235,2555128,V,1109,975,-1
1788563038.6235,2555136,V,1108,974,-1
1788563038.6709,2555150,V,1111,976,33735
1788563038.6709,2555158,V,1111,976,-1
1788563038.6709,2555166,V,1109,975,-1
1788563038.6709,2555174,V,1114,979,-1
1788563038.6709,2555182,V,1110,976,-1
1788563038.6710,2555190,V,1112,977,-1
1788563038.7197,2555203,V,1113,978,33736
1788563038.7197,2555211,V,1113,978,-1
1788563038.7197,2555219,V,1111,976,-1
1788563038.7197,2555227,V,1114,979,-1
1788563038.7197,2555235,V,1113,978,-1
1788563038.7197,2555243,V,1111,976,-1
1788563038.7695,2555257,V,1112,977,33737
1788563038.7696,2555265,V,1111,976,-1
1788563038.7697,2555273,V,1109,975,-1
1788563038.7697,2555281,V,1114,979,-1
1788563038.7697,2555289,V,1113,978,-1
1788563038.7697,2555297,V,1115,980,-1
1788563038.8192,2555311,V,1111,976,33738
1788563038.8192,2555319,V,1117,982,-1
1788563038.8192,2555327,V,1112,977,-1
1788563038.8193,2555335,V,1115,980,-1
1788563038.8193,2555343,V,1114,979,-1
1788563038.8193,2555351,V,1113,978,-1
1788563038.8660,2555365,V,1115,980,33739
1788563038.8660,2555373,V,1116,981,-1
1788563038.8660,2555381,V,1112,977,-1
1788563038.8660,2555389,V,1115,980,-1
1788563038.8660,2555397,V,1114,979,-1
1788563038.8660,2555405,V,1117,982,-1
1788563038.9145,2555418,V,1114,979,33740
1788563038.9145,2555426,V,1118,983,-1
1788563038.9145,2555434,V,1117,982,-1
1788563038.9145,2555442,V,1115,980,-1
1788563038.9145,2555450,V,1120,984,-1
1788563038.9145,2555458,V,1117,982,-1
1788563038.9633,2555472,V,1120,984,33741
1788563038.9633,2555480,V,1115,980,-1
1788563038.9633,2555488,V,1116,981,-1
1788563038.9633,2555496,V,1117,982,-1
1788563038.9633,2555504,V,1117,982,-1
1788563038.9633,2555512,V,1116,981,-1
1788563039.0624,2555526,V,1117,982,33742
1788563039.0625,2555534,V,1118,983,-1
1788563039.0625,2555542,V,1118,983,-1
1788563039.0625,2555550,V,1118,983,-1
1788563039.0625,2555558,V,1118,983,-1
1788563039.0625,2555566,V,1118,983,-1
1788563039.1588,2555580,V,1119,983,33743
1788563039.1588,2555588,V,1118,983,-1
1788563039.1588,2555596,V,1119,983,-1
1788563039.1588,2555604,V,1118,983,-1
1788563039.1588,2555612,V,1120,984,-1
1788563039.1588,2555620,V,1117,982,-1
1788563039.1608,2555633,V,1119,983,33744
1788563039.1608,2555641,V,1119,983,-1
1788563039.1608,2555649,V,1121,985,-1
1788563039.1608,2555657,V,1119,983,-1
1788563039.1608,2555665,V,1120,984,-1
1788563039.1608,2555673,V,1118,983,-1
1788563039.2071,2555687,V,1120,984,33745
1788563039.2071,2555695,V,1120,984,-1
1788563039.2071,2555703,V,1120,984,-1
1788563039.2071,2555711,V,1125,989,-1
1788563039.2071,2555719,V,1120,984,-1
1788563039.2071,2555727,V,1118,983,-1
1788563039.2559,2555741,V,1120,984,33746
1788563039.2560,2555749,V,1122,986,-1
1788563039.2560,2555757,V,1121,985,-1
1788563039.2560,2555765,V,1121,985,-1
1788563039.2560,2555773,V,1118,983,-1
1788563039.2560,2555781,V,1119,983,-1
1788563039.3047,2555794,V,1115,980,33747
1788563039.3048,2555802,V,1113,978,-1
1788563039.3048,2555810,V,1114,979,-1
1788563039.3049,2555818,V,1111,976,-1
1788563039.3049,2555826,V,1114,979,-1
1788563039.3049,2555834,V,1111,976,-1
1788563039.3551,2555848,V,1108,974,33748
1788563039.3551,2555856,V,1103,969,-1
1788563039.3551,2555864,V,1097,964,-1
1788563039.3551,2555872,V,1088,956,-1
1788563039.3551,2555880,V,1080,949,-1
1788563039.3551,2555888,V,1067,938,-1
1788563039.4035,2555902,V,1049,922,33749
1788563039.4036,2555910,V,1027,903,-1
1788563039.4036,2555918,V,984,865,-1
1788563039.4036,2555926,V,871,766,-1
1788563039.4036,2555934,V,815,716,-1
1788563039.4036,2555942,V,783,688,-1
1788563039.4510,2555956,V,732,643,33750
1788563039.4510,2555964,V,697,613,-1
1788563039.4511,2555972,V,688,605,-1
1788563039.4511,2555980,V,670,589,-1
1788563039.4511,2555988,V,653,574,-1
1788563039.4511,2555996,V,650,571,-1
1788563039.5004,2556009,V,616,541,33751
1788563039.5004,2556017,V,615,541,-1
1788563039.5004,2556025,V,596,524,-1
1788563039.5004,2556033,V,578,508,-1
1788563039.5004,2556041,V,587,516,-1
1788563039.5004,2556049,V,569,500,-1
1788563039.5973,2556063,V,555,488,33752
1788563039.5974,2556071,V,563,495,-1
1788563039.5974,2556079,V,572,503,-1
1788563039.5974,2556087,V,524,461,-1
1788563039.5974,2556095,V,542,476,-1
1788563039.5974,2556103,V,518,455,-1
1788563039.6461,2556117,V,533,468,33753
1788563039.6462,2556125,V,563,495,-1
1788563039.6462,2556133,V,553,486,-1
1788563039.6462,2556141,V,521,458,-1
1788563039.6462,2556149,V,524,461,-1
1788563039.6462,2556157,V,532,468,-1
1788563039.6964,2556171,V,518,455,33754
1788563039.6965,2556179,V,501,440,-1
1788563039.6965,2556187,V,508,446,-1
1788563039.6965,2556195,V,515,453,-1
1788563039.6965,2556203,V,534,469,-1
1788563039.6965,2556211,V,512,450,-1
1788563039.7939,2556224,V,505,444,33755
1788563039.7939,2556232,V,503,442,-1
1788563039.7940,2556240,V,536,471,-1
1788563039.7940,2556248,V,558,490,-1
1788563039.7940,2556256,V,535,470,-1
1788563039.7940,2556264,V,531,467,-1
1788563039.7943,2556278,V,504,443,33756
1788563039.7943,2556286,V,536,471,-1
1788563039.7943,2556294,V,512,450,-1
1788563039.7943,2556302,V,509,447,-1
1788563039.7943,2556310,V,513,451,-1
1788563039.7943,2556318,V,500,439,-1
1788563039.8421,2556332,V,531,467,33757
1788563039.8423,2556340,V,512,450,-1
1788563039.8423,2556348,V,504,443,-1
1788563039.8423,2556356,V,530,466,-1
1788563039.8423,2556364,V,516,454,-1
1788563039.8423,2556372,V,515,453,-1
1788563039.8913,2556386,V,514,452,33758
1788563039.8913,2556394,V,490,431,-1
1788563039.8913,2556402,V,505,444,-1
1788563039.8913,2556410,V,500,439,-1
1788563039.8913,2556418,V,535,470,-1
1788563039.8913,2556426,V,516,454,-1
1788563039.9387,2556439,V,479,421,33759
1788563039.9387,2556447,V,496,436,-1
1788563039.9387,2556455,V,510,448,-1
1788563039.9387,2556463,V,523,460,-1
1788563039.9387,2556471,V,525,461,-1
1788563039.9387,2556479,V,495,435,-1
1788563039.9886,2556493,V,517,454,33760
1788563039.9887,2556501,V,514,452,-1
1788563039.9887,2556509,V,533,468,-1
1788563039.9887,2556517,V,511,449,-1
1788563039.9887,2556525,V,519,456,-1
1788563039.9887,2556533,V,511,449,-1
1788563040.1341,2556547,V,509,447,33761
1788563040.1342,2556555,V,527,463,-1
1788563040.1343,2556563,V,491,432,-1
1788563040.1343,2556571,V,526,462,-1
1788563040.1343,2556579,V,522,459,-1
1788563040.1343,2556587,V,493,433,-1
1788563040.1350,2556600,V,538,473,33762
1788563040.1351,2556608,V,539,474,-1
1788563040.1351,2556616,V,530,466,-1
1788563040.1351,2556624,V,522,459,-1
1788563040.1351,2556632,V,511,449,-1
1788563040.1351,2556640,V,527,463,-1
1788563040.2319,2556654,V,504,443,33763
1788563040.2319,2556662,V,501,440,-1
1788563040.2319,2556670,V,540,475,-1
1788563040.2319,2556678,V,523,460,-1
1788563040.2319,2556686,V,593,521,-1
1788563040.2320,2556694,V,545,479,-1
1788563040.2326,2556708,V,543,477,33764
1788563040.2326,2556716,V,560,492,-1
1788563040.2326,2556724,V,576,506,-1
1788563040.2326,2556732,V,590,519,-1
1788563040.2326,2556740,V,621,546,-1
1788563040.2326,2556748,V,615,541,-1
1788563040.2816,2556762,V,618,543,33765
1788563040.2817,2556770,V,679,597,-1
1788563040.2817,2556778,V,707,621,-1
1788563040.2817,2556786,V,727,639,-1
1788563040.2817,2556794,V,909,799,-1
1788563040.2817,2556802,V,1027,903,-1
1788563040.3308,2556815,V,1052,925,33766
1788563040.3308,2556823,V,1076,946,-1
1788563040.3308,2556831,V,1101,968,-1
1788563040.3308,2556839,V,1109,975,-1
1788563040.3308,2556847,V,1091,959,-1
1788563040.3308,2556855,V,1075,945,-1
1788563040.3776,2556869,V,1095,962,33767
1788563040.3777,2556877,V,1117,982,-1
1788563040.3778,2556885,V,1102,969,-1
1788563040.3778,2556893,V,1092,960,-1
1788563040.3778,2556901,V,1091,959,-1
1788563040.3779,2556909,V,1098,965,-1
1788563040.4263,2556923,V,1104,970,33768
1788563040.4263,2556931,V,1109,975,-1
1788563040.4263,2556939,V,1104,970,-1
1788563040.4263,2556947,V,1103,969,-1
1788563040.4263,2556955,V,1107,973,-1
1788563040.4263,2556963,V,1106,972,-1
1788563040.4763,2556977,V,1106,972,33769
1788563040.4763,2556985,V,1111,976,-1
1788563040.4763,2556993,V,1109,975,-1
1788563040.4763,2557001,V,1112,977,-1
1788563040.4763,2557009,V,1110,976,-1
1788563040.4763,2557017,V,1110,976,-1
1788563040.5240,2557030,V,1112,977,33770
1788563040.5240,2557038,V,1111,976,-1
1788563040.5241,2557046,V,1106,972,-1
1788563040.5241,2557054,V,1111,976,-1
1788563040.5241,2557062,V,1109,975,-1
1788563040.5241,2557070,V,1109,975,-1
1788563040.6253,2557084,V,1110,976,33771
1788563040.6254,2557092,V,1110,976,-1
1788563040.6254,2557100,V,1111,976,-1
1788563040.6254,2557108,V,1110,976,-1
1788563040.6254,2557116,V,1109,975,-1
1788563040.6255,2557124,V,1113,978,-1
1788563040.7192,2557138,V,1111,976,33772
1788563040.7192,2557146,V,1109,975,-1
1788563040.7192,2557154,V,1107,973,-1
1788563040.7192,2557162,V,1112,977,-1
1788563040.7193,2557170,V,1108,974,-1
1788563040.7193,2557178,V,1110,976,-1
1788563040.7198,2557191,V,1111,976,33773
1788563040.7198,2557199,V,1110,976,-1
1788563040.7198,2557207,V,1110,976,-1
1788563040.7198,2557215,V,1109,975,-1
1788563040.7198,2557223,V,1113,978,-1
1788563040.7198,2557231,V,1108,974,-1
1788563040.8188,2557245,V,1114,979,33774
1788563040.8189,2557253,V,1111,976,-1
1788563040.8189,2557261,V,1112,977,-1
1788563040.8189,2557269,V,1112,977,-1
1788563040.8189,2557277,V,1111,976,-1
1788563040.8189,2557285,V,1112,977,-1
1788563040.8193,2557299,V,1114,979,33775
1788563040.8193,2557307,V,1112,977,-1
1788563040.8193,2557315,V,1110,976,-1
1788563040.8193,2557323,V,1115,980,-1
1788563040.8193,2557331,V,1114,979,-1
1788563040.8193,2557339,V,1113,978,-1
1788563040.8665,2557353,V,1115,980,33776
1788563040.8667,2557361,V,1119,983,-1
1788563040.8667,2557369,V,1119,983,-1
1788563040.8667,2557377,V,1116,981,-1
1788563040.8667,2557385,V,1115,980,-1
1788563040.8668,2557393,V,1119,983,-1
1788563040.9159,2557406,V,1118,983,33777
1788563040.9160,2557414,V,1115,980,-1
1788563040.9160,2557422,V,1119,983,-1
1788563040.9160,2557430,V,1116,981,-1
1788563040.9160,2557438,V,1116,981,-1
1788563040.9160,2557446,V,1115,980,-1
1788563040.9626,2557460,V,1118,983,33778
1788563040.9626,2557468,V,1117,982,-1
1788563040.9626,2557476,V,1116,981,-1
1788563040.9626,2557484,V,1116,981,-1
1788563040.9626,2557492,V,1116,981,-1
1788563040.9626,2557500,V,1115,980,-1
1788563041.0112,2557514,V,1115,980,33779
1788563041.0113,2557522,V,1115,980,-1
1788563041.0113,2557530,V,1115,980,-1
1788563041.0113,2557538,V,1114,979,-1
1788563041.0113,2557546,V,1116,981,-1
1788563041.0113,2557554,V,1115,980,-1
1788563041.0601,2557567,V,1116,981,33780
1788563041.0601,2557575,V,1114,979,-1
1788563041.0602,2557583,V,1113,978,-1
1788563041.0602,2557591,V,1111,976,-1
1788563041.0602,2557599,V,1112,977,-1
1788563041.0602,2557607,V,1110,976,-1
1788563041.1587,2557621,V,1110,976,33781
1788563041.1589,2557629,V,1107,973,-1
1788563041.1589,2557637,V,1110,976,-1
1788563041.1589,2557645,V,1108,974,-1
1788563041.1589,2557653,V,1107,973,-1
1788563041.1589,2557661,V,1108,974,-1
1788563041.2552,2557675,V,1105,971,33782
1788563041.2552,2557683,V,1104,970,-1
1788563041.2553,2557691,V,1102,969,-1
1788563041.2553,2557699,V,1102,969,-1
1788563041.2553,2557707,V,1095,962,-1
1788563041.2553,2557715,V,1088,956,-1
1788563041.2562,2557729,V,1086,954,33783
1788563041.2562,2557737,V,1072,942,-1
1788563041.2562,2557745,V,1063,934,-1
1788563041.2562,2557753,V,1048,921,-1
1788563041.2562,2557761,V,1031,906,-1
1788563041.2562,2557769,V,985,866,-1
1788563041.3039,2557782,V,880,773,33784
1788563041.3039,2557790,V,815,716,-1
1788563041.3039,2557798,V,768,675,-1
1788563041.3039,2557806,V,731,642,-1
1788563041.3040,2557814,V,712,626,-1
1788563041.3040,2557822,V,671,590,-1
1788563041.3527,2557836,V,666,585,33785
1788563041.3527,2557844,V,652,573,-1
1788563041.3529,2557852,V,638,561,-1
1788563041.3529,2557860,V,636,559,-1
1788563041.3529,2557868,V,607,533,-1
1788563041.3529,2557876,V,589,518,-1
1788563041.4008,2557890,V,597,525,33786
1788563041.4009,2557898,V,573,504,-1
1788563041.4009,2557906,V,566,497,-1
1788563041.4009,2557914,V,570,501,-1
1788563041.4009,2557922,V,562,494,-1
1788563041.4009,2557930,V,532,468,-1
1788563041.4513,2557944,V,536,471,33787
1788563041.4513,2557952,V,540,475,-1
1788563041.4513,2557960,V,532,468,-1
1788563041.4513,2557968,V,545,479,-1
1788563041.4513,2557976,V,540,475,-1
1788563041.4513,2557984,V,536,471,-1
1788563041.4996,2557997,V,521,458,33788
1788563041.4996,2558005,V,564,496,-1
1788563041.4996,2558013,V,535,470,-1
1788563041.4996,2558021,V,510,448,-1
1788563041.4996,2558029,V,538,473,-1
1788563041.4996,2558037,V,481,423,-1
1788563041.5472,2558051,V,520,457,33789
1788563041.5473,2558059,V,499,439,-1
1788563041.5473,2558067,V,508,446,-1
1788563041.5473,2558075,V,501,440,-1
1788563041.5473,2558083,V,511,449,-1
1788563041.5473,2558091,V,509,447,-1
1788563041.5960,2558105,V,507,446,33790
1788563041.5960,2558113,V,504,443,-1
1788563041.5960,2558121,V,502,441,-1
1788563041.5960,2558129,V,496,436,-1
1788563041.5960,2558137,V,530,466,-1
1788563041.5960,2558145,V,519,456,-1
1788563041.6935,2558159,V,516,454,33791
1788563041.6936,2558167,V,506,445,-1
1788563041.6936,2558175,V,508,446,-1
1788563041.6936,2558183,V,522,459,-1
1788563041.6936,2558191,V,502,441,-1
1788563041.6936,2558199,V,506,445,-1
1788563041.7445,2558212,V,518,455,33792
1788563041.7445,2558220,V,487,428,-1
1788563041.7445,2558228,V,494,434,-1
1788563041.7445,2558236,V,503,442,-1
1788563041.7445,2558244,V,505,444,-1
1788563041.7445,2558252,V,495,435,-1
1788563041.7924,2558266,V,505,444,33793
1788563041.7925,2558274,V,518,455,-1
1788563041.7925,2558282,V,502,441,-1
1788563041.7925,2558290,V,502,441,-1
1788563041.7925,2558298,V,503,442,-1
1788563041.7925,2558306,V,514,452,-1
1788563041.8415,2558320,V,500,439,33794
1788563041.8416,2558328,V,511,449,-1
1788563041.8416,2558336,V,503,442,-1
1788563041.8416,2558344,V,471,414,-1
1788563041.8416,2558352,V,523,460,-1
1788563041.8416,2558360,V,504,443,-1
1788563041.8883,2558374,V,511,449,33795
1788563041.8883,2558382,V,498,438,-1
1788563041.8883,2558390,V,520,457,-1
1788563041.8883,2558398,V,498,438,-1
1788563041.8883,2558406,V,507,446,-1
1788563041.8883,2558414,V,525,461,-1
1788563041.9371,2558427,V,507,446,33796
1788563041.9371,2558435,V,511,449,-1
1788563041.9371,2558443,V,541,475,-1
1788563041.9371,2558451,V,490,431,-1
1788563041.9371,2558459,V,516,454,-1
1788563041.9371,2558467,V,489,430,-1
1788563041.9858,2558481,V,520,457,33797
1788563041.9858,2558489,V,533,468,-1
1788563041.9858,2558497,V,528,464,-1
1788563041.9858,2558505,V,511,449,-1
1788563041.9858,2558513,V,510,448,-1
1788563041.9858,2558521,V,494,434,-1
1788563042.0351,2558535,V,510,448,33798
1788563042.0351,2558543,V,543,477,-1
1788563042.0351,2558551,V,506,445,-1
1788563042.0351,2558559,V,501,440,-1
1788563042.0351,2558567,V,495,435,-1
1788563042.0351,2558575,V,515,453,-1
1788563042.0849,2558588,V,519,456,33799
1788563042.0849,2558596,V,512,450,-1
1788563042.0849,2558604,V,515,453,-1
1788563042.0849,2558612,V,538,473,-1
1788563042.0849,2558620,V,521,458,-1
1788563042.0849,2558628,V,542,476,-1
1788563042.1340,2558642,V,540,475,33800
1788563042.1341,2558650,V,521,458,-1
1788563042.1341,2558658,V,495,435,-1
1788563042.1341,2558666,V,511,449,-1
1788563042.1341,2558674,V,525,461,-1
1788563042.1341,2558682,V,537,472,-1
1788563042.2307,2558696,V,504,443,33801
1788563042.2308,2558704,V,506,445,-1
1788563042.2309,2558712,V,534,469,-1
1788563042.2309,2558720,V,519,456,-1
1788563042.2309,2558728,V,536,471,-1
1788563042.2309,2558736,V,549,483,-1
1788563042.2785,2558750,V,544,478,33802
1788563042.2785,2558758,V,557,490,-1
1788563042.2786,2558766,V,572,503,-1
1788563042.2786,2558774,V,561,493,-1
1788563042.2786,2558782,V,563,495,-1
1788563042.2786,2558790,V,566,497,-1
1788563042.3280,2558803,V,588,517,33803
1788563042.3280,2558811,V,581,511,-1
1788563042.3280,2558819,V,573,504,-1
1788563042.3280,2558827,V,605,532,-1
1788563042.3280,2558835,V,603,530,-1
1788563042.3280,2558843,V,640,563,-1
1788563042.3777,2558857,V,643,565,33804
1788563042.3777,2558865,V,668,587,-1
1788563042.3777,2558873,V,679,597,-1
1788563042.3777,2558881,V,711,625,-1
1788563042.3777,2558889,V,732,643,-1
1788563042.3777,2558897,V,766,673,-1
1788563042.4267,2558911,V,1016,893,33805
1788563042.4267,2558919,V,1014,891,-1
1788563042.4267,2558927,V,1043,917,-1
1788563042.4267,2558935,V,1060,932,-1
1788563042.4267,2558943,V,1074,944,-1
1788563042.4267,2558951,V,1094,962,-1
1788563042.4734,2558965,V,1096,963,33806
1788563042.4735,2558973,V,1097,964,-1
1788563042.4736,2558981,V,1102,969,-1
1788563042.4736,2558989,V,1107,973,-1
1788563042.4736,2558997,V,1110,976,-1
1788563042.4736,2559005,V,1106,972,-1
1788563042.5223,2559018,V,1113,978,33807
1788563042.5224,2559026,V,1113,978,-1
1788563042.5224,2559034,V,1106,972,-1
1788563042.5224,2559042,V,1108,974,-1
1788563042.5224,2559050,V,1109,975,-1
1788563042.5224,2559058,V,1108,974,-1
1788563042.5711,2559072,V,1111,976,33808
1788563042.5711,2559080,V,1114,979,-1
1788563042.5711,2559088,V,1115,980,-1
1788563042.5711,2559096,V,1113,978,-1
1788563042.5711,2559104,V,1117,982,-1
1788563042.5712,2559112,V,1116,981,-1
1788563042.6197,2559126,V,1117,982,33809
1788563042.6197,2559134,V,1115,980,-1
1788563042.6197,2559142,V,1116,981,-1
1788563042.6197,2559150,V,1117,982,-1
1788563042.6197,2559158,V,1116,981,-1
1788563042.6197,2559166,V,1119,983,-1
1788563042.6701,2559179,V,1118,983,33810
1788563042.6701,2559187,V,1117,982,-1
1788563042.6702,2559195,V,1122,986,-1
1788563042.6702,2559203,V,1119,983,-1
1788563042.6703,2559211,V,1116,981,-1
1788563042.6703,2559219,V,1119,983,-1
1788563042.8152,2559233,V,1119,983,33811
1788563042.8153,2559241,V,1122,986,-1
1788563042.8153,2559249,V,1125,989,-1
1788563042.8153,2559257,V,1123,987,-1
1788563042.8153,2559265,V,1124,988,-1
1788563042.8153,2559273,V,1121,985,-1
1788563042.8163,2559287,V,1123,987,33812
1788563042.8163,2559295,V,1120,984,-1
1788563042.8163,2559303,V,1123,987,-1
1788563042.8163,2559311,V,1121,985,-1
1788563042.8163,2559319,V,1123,987,-1
1788563042.8163,2559327,V,1120,984,-1
1788563042.8677,2559341,V,1123,987,33813
1788563042.8677,2559349,V,1123,987,-1
1788563042.8677,2559357,V,1120,984,-1
1788563042.8677,2559365,V,1122,986,-1
1788563042.8677,2559373,V,1123,987,-1
1788563042.8677,2559381,V,1122,986,-1
1788563042.9125,2559394,V,1122,986,33814
1788563042.9125,2559402,V,1127,991,-1
1788563042.9125,2559410,V,1122,986,-1
1788563042.9125,2559418,V,1124,988,-1
1788563042.9125,2559426,V,1122,986,-1
1788563042.9125,2559434,V,1120,984,-1
1788563042.9622,2559448,V,1123,987,33815
1788563042.9622,2559456,V,1124,988,-1
1788563042.9622,2559464,V,1126,990,-1
1788563042.9622,2559472,V,1124,988,-1
1788563042.9622,2559480,V,1124,988,-1
1788563042.9623,2559488,V,1126,990,-1
1788563043.0111,2559502,V,1122,986,33816
1788563043.0112,2559510,V,1126,990,-1
1788563043.0112,2559518,V,1125,989,-1
1788563043.0112,2559526,V,1124,988,-1
1788563043.0112,2559534,V,1124,988,-1
1788563043.0112,2559542,V,1124,988,-1
1788563043.0585,2559555,V,1122,986,33817
1788563043.0587,2559563,V,1123,987,-1
1788563043.0588,2559571,V,1124,988,-1
1788563043.0588,2559579,V,1122,986,-1
1788563043.0588,2559587,V,1126,990,-1
1788563043.0588,2559595,V,1124,988,-1
1788563043.1079,2559609,V,1122,986,33818
1788563043.1079,2559617,V,1125,989,-1
1788563043.1079,2559625,V,1125,989,-1
1788563043.1079,2559633,V,1123,987,-1
1788563043.1081,2559641,V,1122,986,-1
1788563043.1081,2559649,V,1125,989,-1
1788563043.1564,2559663,V,1124,988,33819
1788563043.1564,2559671,V,1125,989,-1
1788563043.1564,2559679,V,1126,990,-1
1788563043.1564,2559687,V,1124,988,-1
1788563043.1565,2559695,V,1125,989,-1
1788563043.1565,2559703,V,1126,990,-1
1788563043.2577,2559717,V,1125,989,33820
1788563043.2578,2559725,V,1127,991,-1
1788563043.2578,2559733,V,1125,989,-1
1788563043.2578,2559741,V,1122,986,-1
1788563043.2578,2559749,V,1125,989,-1
1788563043.2578,2559757,V,1128,991,-1
1788563043.3516,2559770,V,1122,986,33821
1788563043.3518,2559778,V,1124,988,-1
1788563043.3518,2559786,V,1123,987,-1
1788563043.3518,2559794,V,1121,985,-1
1788563043.3518,2559802,V,1123,987,-1
1788563043.3518,2559810,V,1122,986,-1
1788563043.3524,2559824,V,1118,983,33822
1788563043.3525,2559832,V,1120,984,-1
1788563043.3525,2559840,V,1117,982,-1
1788563043.3525,2559848,V,1118,983,-1
1788563043.3525,2559856,V,1114,979,-1
1788563043.3525,2559864,V,1109,975,-1
1788563043.3999,2559878,V,1104,970,33823
1788563043.3999,2559886,V,1100,967,-1
1788563043.3999,2559894,V,1089,957,-1
1788563043.3999,2559902,V,1079,948,-1
1788563043.3999,2559910,V,1064,935,-1
1788563043.3999,2559918,V,1049,922,-1
1788563043.4498,2559931,V,1033,908,33824
1788563043.4498,2559939,V,1006,884,-1
1788563043.4499,2559947,V,964,847,-1
1788563043.4499,2559955,V,859,755,-1
1788563043.4499,2559963,V,789,693,-1
1788563043.4499,2559971,V,747,657,-1
1788563043.4978,2559985,V,723,635,33825
1788563043.4978,2559993,V,695,611,-1
1788563043.4979,2560001,V,667,586,-1
1788563043.4980,2560009,V,651,572,-1
1788563043.4980,2560017,V,643,565,-1
1788563043.4980,2560025,V,634,557,-1
1788563043.5499,2560039,V,618,543,33826
1788563043.5499,2560047,V,621,546,-1
1788563043.5500,2560055,V,580,510,-1
1788563043.5500,2560063,V,581,511,-1
1788563043.5500,2560071,V,564,496,-1
1788563043.5500,2560079,V,557,490,-1
1788563043.5961,2560093,V,573,504,33827
1788563043.5962,2560101,V,548,482,-1
1788563043.5962,2560109,V,544,478,-1
1788563043.5962,2560117,V,569,500,-1
1788563043.5963,2560125,V,533,468,-1
1788563043.5963,2560133,V,519,456,-1
1788563043.6459,2560146,V,520,457,33828
1788563043.6460,2560154,V,526,462,-1
1788563043.6460,2560162,V,502,441,-1
1788563043.6460,2560170,V,521,458,-1
1788563043.6460,2560178,V,514,452,-1
1788563043.6460,2560186,V,539,474,-1
1788563043.6925,2560200,V,580,510,33829
1788563043.6925,2560208,V,508,446,-1
1788563043.6925,2560216,V,527,463,-1
1788563043.6925,2560224,V,524,461,-1
1788563043.6925,2560232,V,521,458,-1
1788563043.6925,2560240,V,500,439,-1
1788563043.7906,2560254,V,518,455,33830
1788563043.7906,2560262,V,522,459,-1
1788563043.7906,2560270,V,478,420,-1
1788563043.7906,2560278,V,520,457,-1
1788563043.7906,2560286,V,492,432,-1
1788563043.7906,2560294,V,507,446,-1
1788563043.8409,2560308,V,543,477,33831
1788563043.8411,2560316,V,487,428,-1
1788563043.8411,2560324,V,501,440,-1
1788563043.8411,2560332,V,514,452,-1
1788563043.8411,2560340,V,516,454,-1
1788563043.8411,2560348,V,513,451,-1
1788563043.8892,2560361,V,532,468,33832
1788563043.8893,2560369,V,509,447,-1
1788563043.8893,2560377,V,512,450,-1
1788563043.8893,2560385,V,513,451,-1
1788563043.8893,2560393,V,518,455,-1
1788563043.8893,2560401,V,516,454,-1
1788563043.9379,2560415,V,504,443,33833
1788563043.9379,2560423,V,492,432,-1
1788563043.9379,2560431,V,519,456,-1
1788563043.9379,2560439,V,517,454,-1
1788563043.9379,2560447,V,517,454,-1
1788563043.9379,2560455,V,520,457,-1
1788563043.9850,2560469,V,496,436,33834
1788563043.9851,2560477,V,499,439,-1
1788563043.9851,2560485,V,514,452,-1
1788563043.9851,2560493,V,507,446,-1
1788563043.9851,2560501,V,492,432,-1
1788563043.9851,2560509,V,523,460,-1
1788563044.0828,2560523,V,510,448,33835
1788563044.0830,2560531,V,518,455,-1
1788563044.0830,2560539,V,526,462,-1
1788563044.0830,2560547,V,498,438,-1
1788563044.0830,2560555,V,503,442,-1
1788563044.0830,2560563,V,522,459,-1
1788563044.0838,2560576,V,497,437,33836
1788563044.0839,2560584,V,513,451,-1
1788563044.0839,2560592,V,486,427,-1
1788563044.0839,2560600,V,515,453,-1
1788563044.0839,2560608,V,514,452,-1
1788563044.0839,2560616,V,495,435,-1
1788563044.1317,2560630,V,522,459,33837
1788563044.1318,2560638,V,584,513,-1
1788563044.1318,2560646,V,511,449,-1
1788563044.1318,2560654,V,515,453,-1
1788563044.1318,2560662,V,519,456,-1
1788563044.1318,2560670,V,514,452,-1
1788563044.1825,2560684,V,524,461,33838
1788563044.1826,2560692,V,545,479,-1
1788563044.1826,2560700,V,510,448,-1
1788563044.1826,2560708,V,528,464,-1
1788563044.1826,2560716,V,542,476,-1
1788563044.1826,2560724,V,543,477,-1
1788563044.2318,2560738,V,544,478,33839
1788563044.2318,2560746,V,553,486,-1
1788563044.2318,2560754,V,542,476,-1
1788563044.2318,2560762,V,541,475,-1
1788563044.2318,2560770,V,567,498,-1
1788563044.2318,2560778,V,553,486,-1
1788563044.3276,2560791,V,548,482,33840
1788563044.3278,2560799,V,570,501,-1
1788563044.3278,2560807,V,574,504,-1
1788563044.3279,2560815,V,599,526,-1
1788563044.3279,2560823,V,598,526,-1
1788563044.3279,2560831,V,604,531,-1
1788563044.3760,2560845,V,629,553,33841
1788563044.3760,2560853,V,653,574,-1
1788563044.3760,2560861,V,682,599,-1
1788563044.3760,2560869,V,721,634,-1
1788563044.3760,2560877,V,781,686,-1
1788563044.3760,2560885,V,1036,911,-1
1788563044.4250,2560899,V,1072,942,33842
1788563044.4251,2560907,V,1089,957,-1
1788563044.4251,2560915,V,1094,962,-1
1788563044.4251,2560923,V,1111,976,-1
1788563044.4251,2560931,V,1122,986,-1
1788563044.4251,2560939,V,1122,986,-1
1788563044.4745,2560953,V,1112,977,33843
1788563044.4747,2560961,V,1121,985,-1
1788563044.4747,2560969,V,1129,992,-1
1788563044.4747,2560977,V,1133,996,-1
1788563044.4747,2560985,V,1125,989,-1
1788563044.4747,2560993,V,1126,990,-1
1788563044.5234,2561006,V,1128,991,33844
1788563044.5234,2561014,V,1128,991,-1
1788563044.5234,2561022,V,1125,989,-1
1788563044.5234,2561030,V,1126,990,-1
1788563044.5234,2561038,V,1125,989,-1
1788563044.5234,2561046,V,1127,991,-1
1788563044.5711,2561060,V,1128,991,33845
1788563044.5713,2561068,V,1129,992,-1
1788563044.5713,2561076,V,1128,991,-1
1788563044.5713,2561084,V,1130,993,-1
1788563044.5713,2561092,V,1131,994,-1
1788563044.5713,2561100,V,1132,995,-1
1788563044.6192,2561114,V,1129,992,33846
1788563044.6193,2561122,V,1130,993,-1
1788563044.6193,2561130,V,1128,991,-1
1788563044.6193,2561138,V,1127,991,-1
1788563044.6193,2561146,V,1127,991,-1
1788563044.6193,2561154,V,1130,993,-1
1788563044.6674,2561168,V,1125,989,33847
1788563044.6674,2561176,V,1127,991,-1
1788563044.6674,2561184,V,1129,992,-1
1788563044.6674,2561192,V,1128,991,-1
1788563044.6674,2561200,V,1128,991,-1
1788563044.6674,2561208,V,1125,989,-1
1788563044.7161,2561221,V,1127,991,33848
1788563044.7161,2561229,V,1129,992,-1
1788563044.7161,2561237,V,1127,991,-1
1788563044.7161,2561245,V,1125,989,-1
1788563044.7161,2561253,V,1128,991,-1
1788563044.7161,2561261,V,1125,989,-1
1788563044.7666,2561275,V,1128,991,33849
1788563044.7666,2561283,V,1125,989,-1
1788563044.7666,2561291,V,1127,991,-1
1788563044.7666,2561299,V,1131,994,-1
1788563044.7666,2561307,V,1127,991,-1
1788563044.7666,2561315,V,1129,992,-1
1788563044.9110,2561329,V,1128,991,33850
1788563044.9111,2561337,V,1131,994,-1
1788563044.9111,2561345,V,1128,991,-1
1788563044.9111,2561353,V,1128,991,-1
1788563044.9111,2561361,V,1128,991,-1
1788563044.9111,2561369,V,1129,992,-1
1788563044.9125,2561383,V,1128,991,33851
1788563044.9125,2561391,V,1130,993,-1
1788563044.9125,2561399,V,1130,993,-1
1788563044.9125,2561407,V,1128,991,-1
1788563044.9125,2561415,V,1134,997,-1
1788563044.9125,2561423,V,1130,993,-1
1788563044.9617,2561436,V,1130,993,33852
1788563044.9617,2561444,V,1132,995,-1
1788563044.9617,2561452,V,1132,995,-1
1788563044.9617,2561460,V,1131,994,-1
1788563044.9617,2561468,V,1129,992,-1
1788563044.9617,2561476,V,1132,995,-1
1788563045.0085,2561490,V,1127,991,33853
1788563045.0086,2561498,V,1132,995,-1
1788563045.0086,2561506,V,1130,993,-1
1788563045.0086,2561514,V,1131,994,-1
1788563045.0086,2561522,V,1129,992,-1
1788563045.0086,2561530,V,1133,996,-1
1788563045.0595,2561544,V,1132,995,33854
1788563045.0595,2561552,V,1129,992,-1
1788563045.0595,2561560,V,1133,996,-1
1788563045.0595,2561568,V,1132,995,-1
1788563045.0595,2561576,V,1130,993,-1
1788563045.0596,2561584,V,1130,993,-1
1788563045.1070,2561598,V,1131,994,33855
1788563045.1070,2561606,V,1133,996,-1
1788563045.1070,2561614,V,1132,995,-1
1788563045.1070,2561622,V,1130,993,-1
1788563045.1070,2561630,V,1134,997,-1
1788563045.1070,2561638,V,1132,995,-1
1788563045.1546,2561651,V,1132,995,33856
1788563045.1547,2561659,V,1128,991,-1
1788563045.1547,2561667,V,1126,990,-1
1788563045.1547,2561675,V,1130,993,-1
1788563045.1547,2561683,V,1126,990,-1
1788563045.1547,2561691,V,1126,990,-1
1788563045.2037,2561705,V,1123,987,33857
1788563045.2037,2561713,V,1123,987,-1
1788563045.2037,2561721,V,1122,986,-1
1788563045.2037,2561729,V,1118,983,-1
1788563045.2037,2561737,V,1115,980,-1
1788563045.2037,2561745,V,1115,980,-1
1788563045.2524,2561759,V,1109,975,33858
1788563045.2524,2561767,V,1109,975,-1
1788563045.2524,2561775,V,1101,968,-1
1788563045.2524,2561783,V,1100,967,-1
1788563045.2524,2561791,V,1097,964,-1
1788563045.2524,2561799,V,1089,957,-1
1788563045.3518,2561812,V,1080,949,33859
1788563045.3519,2561820,V,1069,940,-1
1788563045.3519,2561828,V,1063,934,-1
1788563045.3519,2561836,V,1053,925,-1
1788563045.3519,2561844,V,1034,909,-1
1788563045.3519,2561852,V,990,870,-1
1788563045.4007,2561867,V,907,797,33860
1788563045.4008,2561875,V,836,735,-1
1788563045.4008,2561883,V,783,688,-1
1788563045.4008,2561891,V,746,656,-1
1788563045.4008,2561899,V,718,631,-1
1788563045.4008,2561907,V,674,592,-1
1788563045.4475,2561920,V,660,580,33861
1788563045.4475,2561928,V,640,563,-1
1788563045.4475,2561936,V,621,546,-1
1788563045.4475,2561944,V,622,547,-1
1788563045.4475,2561952,V,615,541,-1
1788563045.4475,2561960,V,583,512,-1
1788563045.4962,2561974,V,592,520,33862
1788563045.4962,2561982,V,568,499,-1
1788563045.4962,2561990,V,551,484,-1
1788563045.4962,2561998,V,553,486,-1
1788563045.4962,2562006,V,533,468,-1
1788563045.4963,2562014,V,556,489,-1
1788563045.5449,2562028,V,547,481,33863
1788563045.5449,2562036,V,544,478,-1
1788563045.5449,2562044,V,529,465,-1
1788563045.5449,2562052,V,524,461,-1
1788563045.5449,2562060,V,533,468,-1
1788563045.5449,2562068,V,535,470,-1
1788563045.5934,2562081,V,510,448,33864
1788563045.5934,2562089,V,513,451,-1
1788563045.5934,2562097,V,520,457,-1
1788563045.5934,2562105,V,522,459,-1
1788563045.5934,2562113,V,509,447,-1
1788563045.5934,2562121,V,517,454,-1
1788563045.6435,2562135,V,520,457,33865
1788563045.6435,2562143,V,501,440,-1
1788563045.6435,2562151,V,501,440,-1
1788563045.6435,2562159,V,508,446,-1
1788563045.6435,2562167,V,518,455,-1
1788563045.6435,2562175,V,526,462,-1
1788563045.6923,2562189,V,501,440,33866
1788563045.6923,2562197,V,514,452,-1
1788563045.6923,2562205,V,552,485,-1
1788563045.6923,2562213,V,516,454,-1
1788563045.6923,2562221,V,520,457,-1
1788563045.6923,2562229,V,506,445,-1
1788563045.7397,2562243,V,504,443,33867
1788563045.7397,2562251,V,514,452,-1
1788563045.7397,2562259,V,512,450,-1
1788563045.7397,2562267,V,521,458,-1
1788563045.7397,2562275,V,520,457,-1
1788563045.7397,2562283,V,478,420,-1
1788563045.7884,2562296,V,568,499,33868
1788563045.7884,2562304,V,490,431,-1
1788563045.7884,2562312,V,488,429,-1
1788563045.7884,2562320,V,510,448,-1
1788563045.7884,2562328,V,515,453,-1
1788563045.7884,2562336,V,529,465,-1
1788563045.8859,2562350,V,529,465,33869
1788563045.8860,2562358,V,531,467,-1
1788563045.8860,2562366,V,508,446,-1
1788563045.8860,2562374,V,524,461,-1
1788563045.8860,2562382,V,507,446,-1
1788563045.8860,2562390,V,507,446,-1
1788563045.9348,2562404,V,501,440,33870
1788563045.9348,2562412,V,517,454,-1
1788563045.9348,2562420,V,509,447,-1
1788563045.9348,2562428,V,489,430,-1
1788563045.9348,2562436,V,507,446,-1
1788563045.9348,2562444,V,515,453,-1
1788563046.0336,2562458,V,486,427,33871
1788563046.0336,2562466,V,490,431,-1
1788563046.0336,2562474,V,488,429,-1
1788563046.0336,2562482,V,491,432,-1
1788563046.0336,2562490,V,536,471,-1
1788563046.0336,2562498,V,518,455,-1
1788563046.0337,2562511,V,503,442,33872
1788563046.0337,2562519,V,524,461,-1
1788563046.0337,2562527,V,507,446,-1
1788563046.0337,2562535,V,507,446,-1
1788563046.0337,2562543,V,509,447,-1
1788563046.0337,2562551,V,494,434,-1
1788563046.0810,2562565,V,534,469,33873
1788563046.0810,2562573,V,505,444,-1
1788563046.0810,2562581,V,524,461,-1
1788563046.0810,2562589,V,524,461,-1
1788563046.0810,2562597,V,511,449,-1
1788563046.0810,2562605,V,524,461,-1
1788563046.1296,2562619,V,509,447,33874
1788563046.1297,2562627,V,503,442,-1
1788563046.1297,2562635,V,515,453,-1
1788563046.1297,2562643,V,539,474,-1
1788563046.1297,2562651,V,554,487,-1
1788563046.1297,2562659,V,521,458,-1
1788563046.1785,2562672,V,522,459,33875
1788563046.1785,2562680,V,545,479,-1
1788563046.1785,2562688,V,544,478,-1
1788563046.1785,2562696,V,546,480,-1
1788563046.1785,2562704,V,535,470,-1
1788563046.1785,2562712,V,533,468,-1
1788563046.2279,2562726,V,545,479,33876
1788563046.2279,2562734,V,606,533,-1
1788563046.2279,2562742,V,572,503,-1
1788563046.2279,2562750,V,584,513,-1
1788563046.2279,2562758,V,587,516,-1
1788563046.2279,2562766,V,578,508,-1
1788563046.2781,2562780,V,606,533,33877
1788563046.2781,2562788,V,615,541,-1
1788563046.2781,2562796,V,616,541,-1
1788563046.2782,2562804,V,652,573,-1
1788563046.2782,2562812,V,672,591,-1
1788563046.2782,2562820,V,689,606,-1
1788563046.3269,2562834,V,736,647,33878
1788563046.3269,2562842,V,841,739,-1
1788563046.3269,2562850,V,1034,909,-1
1788563046.3269,2562858,V,1058,930,-1
1788563046.3269,2562866,V,1075,945,-1
1788563046.3269,2562874,V,1091,959,-1
1788563046.4224,2562887,V,1098,965,33879
1788563046.4225,2562895,V,1106,972,-1
1788563046.4225,2562903,V,1095,962,-1
1788563046.4225,2562911,V,1094,962,-1
1788563046.4225,2562919,V,1113,978,-1
1788563046.4225,2562927,V,1116,981,-1
1788563046.4713,2562941,V,1104,970,33880
1788563046.4713,2562949,V,1106,972,-1
1788563046.4713,2562957,V,1113,978,-1
1788563046.4713,2562965,V,1112,977,-1
1788563046.4713,2562973,V,1113,978,-1
1788563046.4714,2562981,V,1113,978,-1
1788563046.5199,2562995,V,1110,976,33881
1788563046.5199,2563003,V,1112,977,-1
1788563046.5199,2563011,V,1113,978,-1
1788563046.5199,2563019,V,1114,979,-1
1788563046.5199,2563027,V,1113,978,-1
1788563046.5199,2563035,V,1115,980,-1
1788563046.5703,2563049,V,1118,983,33882
1788563046.5703,2563057,V,1121,985,-1
1788563046.5703,2563065,V,1119,983,-1
1788563046.5703,2563073,V,1117,982,-1
1788563046.5703,2563081,V,1120,984,-1
1788563046.5703,2563089,V,1118,983,-1
1788563046.6194,2563102,V,1119,983,33883
1788563046.6194,2563110,V,1118,983,-1
1788563046.6194,2563118,V,1117,982,-1
1788563046.6194,2563126,V,1122,986,-1
1788563046.6195,2563134,V,1115,980,-1
1788563046.6195,2563142,V,1122,986,-1
1788563046.6662,2563156,V,1117,982,33884
1788563046.6663,2563164,V,1119,983,-1
1788563046.6663,2563172,V,1119,983,-1
1788563046.6663,2563180,V,1117,982,-1
1788563046.6663,2563188,V,1119,983,-1
1788563046.6663,2563196,V,1118,983,-1
1788563046.7149,2563210,V,1118,983,33885
1788563046.7149,2563218,V,1117,982,-1
1788563046.7150,2563226,V,1116,981,-1
1788563046.7150,2563234,V,1117,982,-1
1788563046.7151,2563242,V,1119,983,-1
1788563046.7151,2563250,V,1120,984,-1
1788563046.7636,2563263,V,1123,987,33886
1788563046.7636,2563271,V,1122,986,-1
1788563046.7636,2563279,V,1119,983,-1
1788563046.7636,2563287,V,1122,986,-1
1788563046.7636,2563295,V,1118,983,-1
1788563046.7636,2563303,V,1121,985,-1
1788563046.8133,2563317,V,1124,988,33887
1788563046.8133,2563325,V,1120,984,-1
1788563046.8133,2563333,V,1120,984,-1
1788563046.8133,2563341,V,1122,986,-1
1788563046.8134,2563349,V,1118,983,-1
1788563046.8134,2563357,V,1121,985,-1
1788563046.8641,2563371,V,1121,985,33888
1788563046.8641,2563379,V,1119,983,-1
1788563046.8641,2563387,V,1121,985,-1
1788563046.8641,2563395,V,1121,985,-1
1788563046.8641,2563403,V,1118,983,-1
1788563046.8641,2563411,V,1122,986,-1
1788563047.0072,2563425,V,1123,987,33889
1788563047.0072,2563433,V,1123,987,-1
1788563047.0072,2563441,V,1123,987,-1
1788563047.0072,2563449,V,1122,986,-1
1788563047.0072,2563457,V,1116,981,-1
1788563047.0072,2563465,V,1122,986,-1
1788563047.0084,2563478,V,1122,986,33890
1788563047.0084,2563486,V,1120,984,-1
1788563047.0084,2563494,V,1120,984,-1
1788563047.0084,2563502,V,1120,984,-1
1788563047.0084,2563510,V,1122,986,-1
1788563047.0084,2563518,V,1122,986,-1
1788563047.0559,2563532,V,1119,983,33891
1788563047.0559,2563540,V,1116,981,-1
1788563047.0559,2563548,V,1117,982,-1
1788563047.0559,2563556,V,1121,985,-1
1788563047.0559,2563564,V,1121,985,-1
1788563047.0559,2563572,V,1121,985,-1
1788563047.1047,2563586,V,1124,988,33892
1788563047.1047,2563594,V,1120,984,-1
1788563047.1047,2563602,V,1122,986,-1
1788563047.1047,2563610,V,1118,983,-1
1788563047.1047,2563618,V,1120,984,-1
1788563047.1047,2563626,V,1123,987,-1
1788563047.1557,2563640,V,1124,988,33893
1788563047.1557,2563648,V,1119,983,-1
1788563047.1557,2563656,V,1122,986,-1
1788563047.1557,2563664,V,1122,986,-1
1788563047.1557,2563672,V,1120,984,-1
1788563047.1557,2563680,V,1122,986,-1
1788563047.2028,2563693,V,1120,984,33894
1788563047.2028,2563701,V,1119,983,-1
1788563047.2028,2563709,V,1121,985,-1
1788563047.2028,2563717,V,1118,983,-1
1788563047.2028,2563725,V,1120,984,-1
1788563047.2028,2563733,V,1119,983,-1
1788563047.2512,2563747,V,1119,983,33895
1788563047.2513,2563755,V,1118,983,-1
1788563047.2513,2563763,V,1113,978,-1
1788563047.2513,2563771,V,1115,980,-1
1788563047.2513,2563779,V,1114,979,-1
1788563047.2513,2563787,V,1112,977,-1
1788563047.3001,2563801,V,1109,975,33896
1788563047.3001,2563809,V,1105,971,-1
1788563047.3001,2563817,V,1100,967,-1
1788563047.3001,2563825,V,1097,964,-1
1788563047.3001,2563833,V,1083,952,-1
1788563047.3001,2563841,V,1071,941,-1
1788563047.3487,2563854,V,1063,934,33897
1788563047.3487,2563862,V,1053,925,-1
1788563047.3487,2563870,V,1028,904,-1
1788563047.3487,2563878,V,950,835,-1
1788563047.3487,2563886,V,874,768,-1
1788563047.3487,2563894,V,818,719,-1
1788563047.3975,2563908,V,760,668,33898
1788563047.3975,2563916,V,738,649,-1
1788563047.3976,2563924,V,711,625,-1
1788563047.3976,2563932,V,687,604,-1
1788563047.3976,2563940,V,671,590,-1
1788563047.3976,2563948,V,648,570,-1
1788563047.5440,2563962,V,638,561,33899
1788563047.5440,2563970,V,626,550,-1
1788563047.5440,2563978,V,575,505,-1
1788563047.5440,2563986,V,575,505,-1
1788563047.5440,2563994,V,574,504,-1
1788563047.5441,2564002,V,571,502,-1
1788563047.5447,2564016,V,559,491,33900
1788563047.5448,2564024,V,548,482,-1
1788563047.5448,2564032,V,554,487,-1
1788563047.5448,2564040,V,557,490,-1
1788563047.5448,2564048,V,560,492,-1
1788563047.5448,2564056,V,545,479,-1
1788563047.5927,2564069,V,532,468,33901
1788563047.5927,2564077,V,529,465,-1
1788563047.5928,2564085,V,527,463,-1
1788563047.5928,2564093,V,544,478,-1
1788563047.5928,2564101,V,537,472,-1
1788563047.5928,2564109,V,527,463,-1
1788563047.6413,2564123,V,532,468,33902
1788563047.6414,2564131,V,519,456,-1
1788563047.6414,2564139,V,522,459,-1
1788563047.6414,2564147,V,495,435,-1
1788563047.6414,2564155,V,527,463,-1
1788563047.6414,2564163,V,520,457,-1
1788563047.6903,2564177,V,510,448,33903
1788563047.6903,2564185,V,526,462,-1
1788563047.6903,2564193,V,482,424,-1
1788563047.6903,2564201,V,523,460,-1
1788563047.6903,2564209,V,551,484,-1
1788563047.6903,2564217,V,516,454,-1
1788563047.7410,2564230,V,514,452,33904
1788563047.7410,2564238,V,521,458,-1
1788563047.7410,2564246,V,519,456,-1
1788563047.7410,2564254,V,538,473,-1
1788563047.7410,2564262,V,511,449,-1
1788563047.7410,2564270,V,511,449,-1
1788563047.7892,2564284,V,531,467,33905
1788563047.7893,2564292,V,532,468,-1
1788563047.7893,2564300,V,513,451,-1
1788563047.7893,2564308,V,539,474,-1
1788563047.7893,2564316,V,481,423,-1
1788563047.7894,2564324,V,498,438,-1
1788563047.8381,2564338,V,527,463,33906
1788563047.8382,2564346,V,506,445,-1
1788563047.8382,2564354,V,508,446,-1
1788563047.8382,2564362,V,480,422,-1
1788563047.8382,2564370,V,517,454,-1
1788563047.8382,2564378,V,532,468,-1
1788563047.8871,2564392,V,489,430,33907
1788563047.8871,2564400,V,518,455,-1
1788563047.8871,2564408,V,492,432,-1
1788563047.8871,2564416,V,521,458,-1
1788563047.8871,2564424,V,516,454,-1
1788563047.8872,2564432,V,517,454,-1
1788563047.9827,2564445,V,497,437,33908
1788563047.9827,2564453,V,520,457,-1
1788563047.9827,2564461,V,526,462,-1
1788563047.9827,2564469,V,508,446,-1
1788563047.9827,2564477,V,507,446,-1
1788563047.9827,2564485,V,536,471,-1
1788563048.0327,2564499,V,497,437,33909
1788563048.0329,2564507,V,526,462,-1
1788563048.0329,2564515,V,556,489,-1
1788563048.0329,2564523,V,506,445,-1
1788563048.0329,2564531,V,532,468,-1
1788563048.0329,2564539,V,536,471,-1
1788563048.1290,2564553,V,509,447,33910
1788563048.1290,2564561,V,503,442,-1
1788563048.1290,2564569,V,498,438,-1
1788563048.1290,2564577,V,512,450,-1
1788563048.1290,2564585,V,496,436,-1
1788563048.1290,2564593,V,504,443,-1
1788563048.1299,2564607,V,526,462,33911
1788563048.1299,2564615,V,539,474,-1
1788563048.1299,2564623,V,513,451,-1
1788563048.1299,2564631,V,540,475,-1
1788563048.1299,2564639,V,528,464,-1
1788563048.1300,2564647,V,531,467,-1
1788563048.1774,2564660,V,540,475,33912
1788563048.1774,2564668,V,533,468,-1
1788563048.1774,2564676,V,525,461,-1
1788563048.1774,2564684,V,536,471,-1
1788563048.1774,2564692,V,555,488,-1
1788563048.1774,2564700,V,562,494,-1
1788563048.2261,2564714,V,574,504,33913
1788563048.2262,2564722,V,544,478,-1
1788563048.2262,2564730,V,589,518,-1
1788563048.2262,2564738,V,610,536,-1
1788563048.2262,2564746,V,585,514,-1
1788563048.2262,2564754,V,630,554,-1
1788563048.2769,2564768,V,656,577,33914
1788563048.2771,2564776,V,664,584,-1
1788563048.2771,2564784,V,701,616,-1
1788563048.2771,2564792,V,740,650,-1
1788563048.2771,2564800,V,944,830,-1
1788563048.2771,2564808,V,1056,928,-1
1788563048.3257,2564821,V,1076,946,33915
1788563048.3257,2564829,V,1100,967,-1
1788563048.3257,2564837,V,1098,965,-1
1788563048.3257,2564845,V,1063,934,-1
1788563048.3257,2564853,V,1091,959,-1
1788563048.3257,2564861,V,1108,974,-1
1788563048.3729,2564875,V,1105,971,33916
1788563048.3729,2564883,V,1087,955,-1
1788563048.3729,2564891,V,1084,953,-1
1788563048.3729,2564899,V,1093,961,-1
1788563048.3729,2564907,V,1097,964,-1
1788563048.3729,2564915,V,1097,964,-1
1788563048.4227,2564929,V,1095,962,33917
1788563048.4227,2564937,V,1097,964,-1
1788563048.4227,2564945,V,1098,965,-1
1788563048.4227,2564953,V,1098,965,-1
1788563048.4227,2564961,V,1098,965,-1
1788563048.4227,2564969,V,1102,969,-1
1788563048.5209,2564983,V,1101,968,33918
1788563048.5210,2564991,V,1104,970,-1
1788563048.5213,2564999,V,1104,970,-1
1788563048.5213,2565007,V,1106,972,-1
1788563048.5214,2565015,V,1106,972,-1
1788563048.5214,2565023,V,1103,969,-1
1788563048.5696,2565036,V,1105,971,33919
1788563048.5696,2565044,V,1105,971,-1
1788563048.5696,2565052,V,1108,974,-1
1788563048.5696,2565060,V,1104,970,-1
1788563048.5696,2565068,V,1107,973,-1
1788563048.5697,2565076,V,1106,972,-1
1788563048.6175,2565090,V,1106,972,33920
1788563048.6175,2565098,V,1106,972,-1
1788563048.6175,2565106,V,1104,970,-1
1788563048.6175,2565114,V,1106,972,-1
1788563048.6175,2565122,V,1107,973,-1
1788563048.6175,2565130,V,1107,973,-1
1788563048.6649,2565144,V,1109,975,33921
1788563048.6650,2565152,V,1110,976,-1
1788563048.6650,2565160,V,1108,974,-1
1788563048.6650,2565168,V,1113,978,-1
1788563048.6650,2565176,V,1116,981,-1
1788563048.6650,2565184,V,1114,979,-1
1788563048.7156,2565198,V,1117,982,33922
1788563048.7156,2565206,V,1115,980,-1
1788563048.7156,2565214,V,1119,983,-1
1788563048.7156,2565222,V,1118,983,-1
1788563048.7156,2565230,V,1117,982,-1
1788563048.7156,2565238,V,1117,982,-1
1788563048.7634,2565251,V,1119,983,33923
1788563048.7634,2565259,V,1121,985,-1
1788563048.7635,2565267,V,1120,984,-1
1788563048.7635,2565275,V,1122,986,-1
1788563048.7635,2565283,V,1121,985,-1
1788563048.7635,2565291,V,1120,984,-1
1788563048.8128,2565305,V,1122,986,33924
1788563048.8128,2565313,V,1123,987,-1
1788563048.8128,2565321,V,1124,988,-1
1788563048.8128,2565329,V,1124,988,-1
1788563048.8128,2565337,V,1124,988,-1
1788563048.8128,2565345,V,1124,988,-1
1788563048.8614,2565359,V,1123,987,33925
1788563048.8615,2565367,V,1127,991,-1
1788563048.8615,2565375,V,1122,986,-1
1788563048.8615,2565383,V,1124,988,-1
1788563048.8615,2565391,V,1124,988,-1
1788563048.8615,2565399,V,1123,987,-1
1788563048.9109,2565412,V,1128,991,33926
1788563048.9110,2565420,V,1123,987,-1
1788563048.9110,2565428,V,1124,988,-1
1788563048.9110,2565436,V,1124,988,-1
1788563048.9110,2565444,V,1125,989,-1
1788563048.9110,2565452,V,1124,988,-1
1788563048.9588,2565466,V,1124,988,33927
1788563048.9588,2565474,V,1125,989,-1
1788563048.9588,2565482,V,1129,992,-1
1788563048.9588,2565490,V,1127,991,-1
1788563048.9588,2565498,V,1126,990,-1
1788563048.9588,2565506,V,1125,989,-1
1788563049.1056,2565520,V,1126,990,33928
1788563049.1057,2565528,V,1128,991,-1
1788563049.1057,2565536,V,1125,989,-1
1788563049.1057,2565544,V,1126,990,-1
1788563049.1058,2565552,V,1126,990,-1
1788563049.1058,2565560,V,1126,990,-1
1788563049.1058,2565574,V,1125,989,33929
1788563049.1058,2565582,V,1124,988,-1
1788563049.1058,2565590,V,1122,986,-1
1788563049.1059,2565598,V,1124,988,-1
1788563049.1059,2565606,V,1123,987,-1
1788563049.1059,2565614,V,1125,989,-1
1788563049.1546,2565627,V,1125,989,33930
1788563049.1546,2565635,V,1123,987,-1
1788563049.1546,2565643,V,1119,983,-1
1788563049.1546,2565651,V,1120,984,-1
1788563049.1547,2565659,V,1118,983,-1
1788563049.1547,2565667,V,1121,985,-1
1788563049.2025,2565681,V,1119,983,33931
1788563049.2025,2565689,V,1120,984,-1
1788563049.2025,2565697,V,1121,985,-1
1788563049.2025,2565705,V,1117,982,-1
1788563049.2025,2565713,V,1117,982,-1
1788563049.2025,2565721,V,1118,983,-1
1788563049.2517,2565735,V,1114,979,33932
1788563049.2517,2565743,V,1115,980,-1
1788563049.2517,2565751,V,1114,979,-1
1788563049.2517,2565759,V,1116,981,-1
1788563049.2517,2565767,V,1113,978,-1
1788563049.2517,2565775,V,1112,977,-1
1788563049.3007,2565788,V,1111,976,33933
1788563049.3008,2565796,V,1113,978,-1
1788563049.3008,2565804,V,1107,973,-1
1788563049.3008,2565812,V,1102,969,-1
1788563049.3008,2565820,V,1099,966,-1
1788563049.3008,2565828,V,1085,954,-1
1788563049.3500,2565842,V,1074,944,33934
1788563049.3501,2565850,V,1063,934,-1
1788563049.3501,2565858,V,1047,920,-1
1788563049.3501,2565866,V,1024,900,-1
1788563049.3501,2565874,V,981,862,-1
1788563049.3501,2565882,V,864,759,-1
1788563049.3973,2565896,V,810,712,33935
1788563049.3973,2565904,V,759,667,-1
1788563049.3973,2565912,V,715,628,-1
1788563049.3973,2565920,V,674,592,-1
1788563049.3973,2565928,V,667,586,-1
1788563049.3973,2565936,V,664,584,-1
1788563049.4454,2565950,V,630,554,33936
1788563049.4454,2565958,V,609,535,-1
1788563049.4454,2565966,V,601,528,-1
1788563049.4454,2565974,V,579,509,-1
1788563049.4455,2565982,V,596,524,-1
1788563049.4455,2565990,V,572,503,-1
1788563049.4957,2566003,V,551,484,33937
1788563049.4957,2566011,V,547,481,-1
1788563049.4957,2566019,V,551,484,-1
1788563049.4957,2566027,V,534,469,-1
1788563049.4957,2566035,V,552,485,-1
1788563049.4957,2566043,V,539,474,-1
1788563049.6421,2566057,V,505,444,33938
1788563049.6423,2566065,V,523,460,-1
1788563049.6424,2566073,V,519,456,-1
1788563049.6424,2566081,V,504,443,-1
1788563049.6424,2566089,V,512,450,-1
1788563049.6424,2566097,V,515,453,-1
1788563049.6425,2566111,V,539,474,33939
1788563049.6425,2566119,V,498,438,-1
1788563049.6425,2566127,V,523,460,-1
1788563049.6425,2566135,V,508,446,-1
1788563049.6425,2566143,V,496,436,-1
1788563049.6425,2566151,V,495,435,-1
1788563049.6891,2566165,V,502,441,33940
1788563049.6891,2566173,V,513,451,-1
1788563049.6891,2566181,V,534,469,-1
1788563049.6891,2566189,V,514,452,-1
1788563049.6891,2566197,V,503,442,-1
1788563049.6891,2566205,V,534,469,-1
